Variable,FCC Mean,FCC SD,Non-FCC Mean,Non-FCC SD,Difference,Std. Diff.,T-stat,P-value,Sig.
Log(Total Assets),7.605403708702807,,10.840222218506312,2.197285166012242,-3.234818509803506,0,-1.2749528597629232,0.3304085715957767,
Leverage (Debt/Assets),0.919914495191144,,0.388389564277126,0.1809472055483632,0.531524930914018,0,2.543913798067893,0.12597813026890933,
Return on Assets,-0.0096882295115785,,0.0148494244725882,0.02428980172004507,-0.0245376539841667,0,-0.8748622958920299,0.473907665023061,
