Threshold,Threshold_Days,N,N_Immediate,Pct_Immediate,Immediate_coef,Immediate_se,Immediate_t,Immediate_p,R_squared,Adj_R_squared,Sig
≤3 days,3,653,143,21.898928024502297,0.5826990779231276,0.880525686809486,0.6617627249859012,0.5081232983968614,0.014761682880981453,0.004069174013023202,
≤5 days,5,653,145,22.2052067381317,0.48968439751567167,0.8742880562562985,0.5600950327658601,0.5754146183737987,0.014569854469161037,0.0038752637424698255,
≤7 days,7,653,148,22.6646248085758,0.3809333669941214,0.8626720821245523,0.4415737739605237,0.6587976654501442,0.014387350990103465,0.0036907796055000164,
≤14 days,14,653,165,25.267993874425727,0.4245869150971864,0.8093623207378161,0.5245943679588793,0.5998652027746737,0.014485164224694369,0.0037896543790709725,
≤30 days,30,653,245,37.519142419601835,0.5033641899555552,0.7263138730056444,0.6930394815020192,0.48828477482995014,0.014762201920286766,0.00406969868531315,
≤60 days,60,653,341,52.220520673813176,0.7599155142829683,0.7566267860077651,1.004346566016458,0.3152115958570407,0.015760328660734513,0.005078657808990639,
≤90 days,90,653,408,62.480857580398165,-0.4448712073736792,0.7262181248574401,-0.6125862081189579,0.5401499799184705,0.014652657823853055,0.003958965738220521,
