permno,date,ret,vol,ticker
14040,2013-07-12,,258056600.0,S
14040,2013-07-15,0.041861,43099200.0,S
14040,2013-07-16,-0.035714,40200900.0,S
14040,2013-07-17,-0.035494,64461600.0,S
14040,2013-07-18,-0.032,42171800.0,S
14040,2013-07-19,0.003306,23542100.0,S
14040,2013-07-22,-0.024712,27979600.0,S
14040,2013-07-23,-0.011824,45276500.0,S
14040,2013-07-24,-0.013675,23981400.0,S
14040,2013-07-25,0.008666,16039700.0,S
14040,2013-07-26,-0.013746,18117800.0,S
14040,2013-07-29,0.0,19699900.0,S
14040,2013-07-30,0.073171,66848100.0,S
14040,2013-07-31,-0.032468,32353200.0,S
14040,2013-08-01,0.07047,53852600.0,S
14040,2013-08-02,0.045455,42127900.0,S
14040,2013-08-05,0.031484,31059300.0,S
14040,2013-08-06,0.013081,43649000.0,S
14040,2013-08-07,-0.007174,19845400.0,S
14040,2013-08-08,0.00289,12816200.0,S
14040,2013-08-09,0.044669,27081600.0,S
14040,2013-08-12,-0.01931,13182900.0,S
14040,2013-08-13,-0.014065,16163200.0,S
14040,2013-08-14,-0.001427,11917500.0,S
14040,2013-08-15,-0.005714,16392900.0,S
14040,2013-08-16,-0.005747,16101200.0,S
14040,2013-08-19,-0.001445,17144900.0,S
14040,2013-08-20,0.008683,9806000.0,S
14040,2013-08-21,-0.001435,11753000.0,S
14040,2013-08-22,-0.005747,6950500.0,S
14040,2013-08-23,0.00578,6139000.0,S
14040,2013-08-26,-0.007184,8599000.0,S
14040,2013-08-27,-0.023155,22131200.0,S
14040,2013-08-28,-0.013333,13290300.0,S
14040,2013-08-29,0.015015,19075200.0,S
14040,2013-08-30,-0.007396,15728700.0,S
14040,2013-09-03,-0.004471,9264800.0,S
14040,2013-09-04,-0.004491,9554600.0,S
14040,2013-09-05,-0.025564,12673100.0,S
14040,2013-09-06,-0.001543,14234800.0,S
14040,2013-09-09,-0.015456,15189800.0,S
14040,2013-09-10,-0.006279,28677000.0,S
14040,2013-09-11,0.026856,19575900.0,S
14040,2013-09-12,0.029231,24030500.0,S
14040,2013-09-13,0.004484,17340200.0,S
14040,2013-09-16,-0.011905,15856000.0,S
14040,2013-09-17,-0.037651,29795800.0,S
14040,2013-09-18,0.007825,24871700.0,S
14040,2013-09-19,0.007764,13187400.0,S
14040,2013-09-20,-0.035439,28707300.0,S
14040,2013-09-23,-0.017572,30044000.0,S
14040,2013-09-24,0.006504,12635400.0,S
14040,2013-09-25,0.0,20000500.0,S
14040,2013-09-26,0.017771,11255300.0,S
14040,2013-09-27,-0.022222,7344800.0,S
14040,2013-09-30,0.009578,19919400.0,S
14040,2013-10-01,0.011417,14919300.0,S
14040,2013-10-02,0.009539,9581400.0,S
14040,2013-10-03,-0.009449,20219500.0,S
14040,2013-10-04,0.023847,10849100.0,S
14040,2013-10-07,-0.009317,6766800.0,S
14040,2013-10-08,-0.039185,19674700.0,S
14040,2013-10-09,-0.021207,15925900.0,S
14040,2013-10-10,-0.005,23754400.0,S
14040,2013-10-11,0.005025,17832400.0,S
14040,2013-10-14,0.005,8172900.0,S
14040,2013-10-15,0.0,18542700.0,S
14040,2013-10-16,0.044776,23866000.0,S
14040,2013-10-17,0.019048,13364200.0,S
14040,2013-10-18,-0.003115,15582400.0,S
14040,2013-10-21,-0.007813,5445200.0,S
14040,2013-10-22,0.006299,10195300.0,S
14040,2013-10-23,0.00626,9675200.0,S
14040,2013-10-24,0.013997,13993400.0,S
14040,2013-10-25,-0.010736,12522500.0,S
14040,2013-10-28,0.024806,21255800.0,S
14040,2013-10-29,0.01059,22956200.0,S
14040,2013-10-30,0.037425,52955100.0,S
14040,2013-10-31,-0.02886,22003000.0,S
14040,2013-11-01,0.020802,13936700.0,S
14040,2013-11-04,0.02329,19486100.0,S
14040,2013-11-05,0.02276,49424900.0,S
14040,2013-11-06,-0.01669,16777500.0,S
14040,2013-11-07,-0.011316,18459600.0,S
14040,2013-11-08,0.011445,19944300.0,S
14040,2013-11-11,-0.01273,7418500.0,S
14040,2013-11-12,0.001433,8642900.0,S
14040,2013-11-13,0.010014,6461200.0,S
14040,2013-11-14,0.007082,8674900.0,S
14040,2013-11-15,0.043601,22396300.0,S
14040,2013-11-18,0.02965,31640000.0,S
14040,2013-11-19,-0.019634,11617700.0,S
14040,2013-11-20,-0.018692,23069900.0,S
14040,2013-11-21,0.081633,43896000.0,S
14040,2013-11-22,-0.015094,22487200.0,S
14040,2013-11-25,-0.001277,9041600.0,S
14040,2013-11-26,0.042199,29812500.0,S
14040,2013-11-27,0.025767,13808100.0,S
14040,2013-11-29,0.003589,14733500.0,S
14040,2013-12-02,-0.022646,16171000.0,S
14040,2013-12-03,-0.019512,23800000.0,S
14040,2013-12-04,-0.011194,18941600.0,S
14040,2013-12-05,0.006289,18860100.0,S
14040,2013-12-06,-0.01375,18082700.0,S
14040,2013-12-09,0.012674,14513900.0,S
14040,2013-12-10,-0.001252,17852900.0,S
14040,2013-12-11,0.016291,15250200.0,S
14040,2013-12-12,0.004932,16536600.0,S
14040,2013-12-13,0.034356,19442700.0,S
14040,2013-12-16,-0.014235,36584200.0,S
14040,2013-12-17,0.054152,28918200.0,S
14040,2013-12-18,0.021689,22811200.0,S
14040,2013-12-19,0.032402,26805500.0,S
14040,2013-12-20,0.0671,42108900.0,S
14040,2013-12-23,-0.018256,21856700.0,S
14040,2013-12-24,-0.002066,9959200.0,S
14040,2013-12-26,0.031056,18333000.0,S
14040,2013-12-27,0.083333,50749800.0,S
14040,2013-12-30,-0.019463,22537400.0,S
14040,2013-12-31,0.016068,12113800.0,S
14040,2014-01-02,-0.032558,21216500.0,S
14040,2014-01-03,-0.044231,25584600.0,S
14040,2014-01-06,-0.017103,25486100.0,S
14040,2014-01-07,0.010235,17244600.0,S
14040,2014-01-08,0.011145,16265900.0,S
14040,2014-01-09,-0.056112,34368000.0,S
14040,2014-01-10,0.004246,13906800.0,S
14040,2014-01-13,-0.039112,14690500.0,S
14040,2014-01-14,0.008801,22457200.0,S
14040,2014-01-15,-0.009815,12599300.0,S
14040,2014-01-16,-0.005507,19275500.0,S
14040,2014-01-17,-0.006644,24659800.0,S
14040,2014-01-21,0.007804,13313000.0,S
14040,2014-01-22,0.003319,12653100.0,S
14040,2014-01-23,-0.016538,10188700.0,S
14040,2014-01-24,-0.058296,21543400.0,S
14040,2014-01-27,0.055952,27745300.0,S
14040,2014-01-28,-0.001127,13286200.0,S
14040,2014-01-29,-0.023702,23989600.0,S
14040,2014-01-30,-0.030058,13004900.0,S
14040,2014-01-31,-0.014303,17304600.0,S
14040,2014-02-03,-0.050786,25355700.0,S
14040,2014-02-04,-0.001274,23047500.0,S
14040,2014-02-05,0.084184,58892800.0,S
14040,2014-02-06,-0.072941,26007700.0,S
14040,2014-02-07,0.017767,15464400.0,S
14040,2014-02-10,-0.041147,31537400.0,S
14040,2014-02-11,0.027308,44216300.0,S
14040,2014-02-12,0.021519,14982400.0,S
14040,2014-02-13,0.042131,32545400.0,S
14040,2014-02-14,-0.001189,9474700.0,S
14040,2014-02-18,-0.02381,15854100.0,S
14040,2014-02-19,-0.004878,6943900.0,S
14040,2014-02-20,0.013481,8576200.0,S
14040,2014-02-21,0.002418,19062200.0,S
14040,2014-02-24,0.013269,14764800.0,S
14040,2014-02-25,-0.015476,13310800.0,S
14040,2014-02-26,0.01451,12732300.0,S
14040,2014-02-27,0.030989,13715400.0,S
14040,2014-02-28,0.010405,14033000.0,S
14040,2014-03-03,0.010298,17610506.0,S
14040,2014-03-04,0.04077,22936343.0,S
14040,2014-03-05,-0.007617,23407872.0,S
14040,2014-03-06,-0.026316,19956811.0,S
14040,2014-03-07,-0.028153,13819623.0,S
14040,2014-03-10,0.00927,18938850.0,S
14040,2014-03-11,0.008037,19421431.0,S
14040,2014-03-12,0.0,12091281.0,S
14040,2014-03-13,-0.018223,14774069.0,S
14040,2014-03-14,0.018562,16788417.0,S
14040,2014-03-17,-0.001139,11364741.0,S
14040,2014-03-18,-0.010262,11832425.0,S
14040,2014-03-19,0.004608,8735639.0,S
14040,2014-03-20,0.043578,17676451.0,S
14040,2014-03-21,-0.005495,31584905.0,S
14040,2014-03-24,0.00663,11659111.0,S
14040,2014-03-25,-0.005488,13797243.0,S
14040,2014-03-26,-0.009934,12299362.0,S
14040,2014-03-27,0.033445,17872614.0,S
14040,2014-03-28,0.002157,12032760.0,S
14040,2014-03-31,-0.010764,10347696.0,S
14040,2014-04-01,0.041349,14618317.0,S
14040,2014-04-02,-0.018809,15210005.0,S
14040,2014-04-03,0.001065,13581092.0,S
14040,2014-04-04,-0.014894,8241271.0,S
14040,2014-04-07,-0.045356,22564877.0,S
14040,2014-04-08,-0.013575,17322839.0,S
14040,2014-04-09,0.009174,14345678.0,S
14040,2014-04-10,0.0,9938397.0,S
14040,2014-04-11,-0.0625,20444995.0,S
14040,2014-04-14,-0.004848,11691826.0,S
14040,2014-04-15,-0.014616,19231240.0,S
14040,2014-04-16,0.034611,10983343.0,S
14040,2014-04-17,0.017921,9836826.0,S
14040,2014-04-21,0.003521,6633935.0,S
14040,2014-04-22,0.004678,9868233.0,S
14040,2014-04-23,-0.025611,9849799.0,S
14040,2014-04-24,-0.037037,17863408.0,S
14040,2014-04-25,-0.029777,20720205.0,S
14040,2014-04-28,-0.049872,33221487.0,S
14040,2014-04-29,0.113055,45585145.0,S
14040,2014-04-30,0.027811,26881433.0,S
14040,2014-05-01,0.027059,34210895.0,S
14040,2014-05-02,-0.003436,14923996.0,S
14040,2014-05-05,0.006897,8326634.0,S
14040,2014-05-06,-0.009132,8105445.0,S
14040,2014-05-07,0.00576,10323832.0,S
14040,2014-05-08,0.004582,12326199.0,S
14040,2014-05-09,0.004561,6847778.0,S
14040,2014-05-12,0.018161,12262720.0,S
14040,2014-05-13,0.006689,11185851.0,S
14040,2014-05-14,-0.00443,11564241.0,S
14040,2014-05-15,0.060067,39373535.0,S
14040,2014-05-16,-0.054565,23066658.0,S
14040,2014-05-19,0.012209,7366569.0,S
14040,2014-05-20,-0.014254,11626077.0,S
14040,2014-05-21,0.012236,6937735.0,S
14040,2014-05-22,-0.004396,12857501.0,S
14040,2014-05-23,0.019868,13108449.0,S
14040,2014-05-27,-0.001082,10703789.0,S
14040,2014-05-28,-0.00325,8606545.0,S
14040,2014-05-29,0.026087,19394180.0,S
14040,2014-05-30,0.011653,16890801.0,S
14040,2014-06-02,0.016754,12000011.0,S
14040,2014-06-03,-0.021627,11892206.0,S
14040,2014-06-04,-0.010526,12162742.0,S
14040,2014-06-05,-0.040425,39793488.0,S
14040,2014-06-06,-0.026608,28907273.0,S
14040,2014-06-09,-0.001139,12482473.0,S
14040,2014-06-10,0.007982,12922411.0,S
14040,2014-06-11,-0.010181,8715333.0,S
14040,2014-06-12,-0.018286,10622774.0,S
14040,2014-06-13,0.016298,12059273.0,S
14040,2014-06-16,-0.013746,8003870.0,S
14040,2014-06-17,0.003484,9356359.0,S
14040,2014-06-18,-0.013889,9871307.0,S
14040,2014-06-19,-0.007042,10142787.0,S
14040,2014-06-20,-0.00591,17439696.0,S
14040,2014-06-23,-0.005945,8211974.0,S
14040,2014-06-24,-0.014354,11530014.0,S
14040,2014-06-25,0.036408,15816141.0,S
14040,2014-06-26,-0.015223,6641183.0,S
14040,2014-06-27,0.011891,11881976.0,S
14040,2014-06-30,0.00235,8176203.0,S
14040,2014-07-01,0.0,9648337.0,S
14040,2014-07-02,-0.005862,8696886.0,S
14040,2014-07-03,0.014151,3697274.0,S
14040,2014-07-07,-0.011628,4892744.0,S
14040,2014-07-08,-0.021177,6010890.0,S
14040,2014-07-09,0.010817,5026402.0,S
14040,2014-07-10,-0.019025,7454544.0,S
14040,2014-07-11,0.036364,23843926.0,S
14040,2014-07-14,-0.012866,9469907.0,S
14040,2014-07-15,-0.0391,22007326.0,S
14040,2014-07-16,0.003699,10047163.0,S
14040,2014-07-17,-0.017199,9369389.0,S
14040,2014-07-18,-0.0125,24160139.0,S
14040,2014-07-21,-0.029114,12643619.0,S
14040,2014-07-22,-0.003911,8653240.0,S
14040,2014-07-23,0.005236,6626631.0,S
14040,2014-07-24,0.011719,6830888.0,S
14040,2014-07-25,-0.006435,4935205.0,S
14040,2014-07-28,-0.010363,5809805.0,S
14040,2014-07-29,0.04712,29043596.0,S
14040,2014-07-30,-0.03,25066726.0,S
14040,2014-07-31,-0.052835,76639063.0,S
14040,2014-08-01,0.013605,19883453.0,S
14040,2014-08-04,-0.010738,14773008.0,S
14040,2014-08-05,-0.012212,17147958.0,S
14040,2014-08-06,-0.18956,159400454.0,S
14040,2014-08-07,-0.00339,44891547.0,S
14040,2014-08-08,-0.035714,56022422.0,S
14040,2014-08-11,0.012346,24546424.0,S
14040,2014-08-12,0.020906,19976976.0,S
14040,2014-08-13,-0.006826,16586294.0,S
14040,2014-08-14,-0.0189,28152536.0,S
14040,2014-08-15,-0.003503,25732622.0,S
14040,2014-08-18,-0.012302,32819317.0,S
14040,2014-08-19,-0.040925,44402252.0,S
14040,2014-08-20,0.020408,27300357.0,S
14040,2014-08-21,0.010909,25156082.0,S
14040,2014-08-22,-0.003597,16139211.0,S
14040,2014-08-25,0.00722,16345560.0,S
14040,2014-08-26,0.03405,23669943.0,S
14040,2014-08-27,-0.013865,21250727.0,S
14040,2014-08-28,-0.005272,12950520.0,S
14040,2014-08-29,-0.008834,10933247.0,S
14040,2014-09-02,-0.012478,18319273.0,S
14040,2014-09-03,0.018051,19891911.0,S
14040,2014-09-04,0.02305,19920909.0,S
14040,2014-09-05,0.020797,39989496.0,S
14040,2014-09-08,-0.018676,9504243.0,S
14040,2014-09-09,-0.00173,17701936.0,S
14040,2014-09-10,0.065858,55028770.0,S
14040,2014-09-11,0.068293,79424013.0,S
14040,2014-09-12,0.065449,99785111.0,S
14040,2014-09-15,-0.008571,31784309.0,S
14040,2014-09-16,-0.024496,35811673.0,S
14040,2014-09-17,-0.011817,21509877.0,S
14040,2014-09-18,0.023916,20245563.0,S
14040,2014-09-19,0.00438,25873119.0,S
14040,2014-09-22,-0.011628,16726230.0,S
14040,2014-09-23,-0.019118,16191967.0,S
14040,2014-09-24,-0.004498,12497834.0,S
14040,2014-09-25,-0.037651,22828011.0,S
14040,2014-09-26,0.004695,22994509.0,S
14040,2014-09-29,-0.010904,11169279.0,S
14040,2014-09-30,-0.001575,14601286.0,S
14040,2014-10-01,-0.014196,19948095.0,S
14040,2014-10-02,0.0,19933608.0,S
14040,2014-10-03,0.0,20725428.0,S
14040,2014-10-06,-0.04,28118159.0,S
14040,2014-10-07,0.006667,15247893.0,S
14040,2014-10-08,0.004967,25385396.0,S
14040,2014-10-09,-0.014827,19244185.0,S
14040,2014-10-10,-0.0301,20462047.0,S
14040,2014-10-13,0.017241,23798459.0,S
14040,2014-10-14,0.023729,23116867.0,S
14040,2014-10-15,0.011589,20419667.0,S
14040,2014-10-16,-0.027823,26995467.0,S
14040,2014-10-17,0.015152,19864681.0,S
14040,2014-10-20,0.011609,10771817.0,S
14040,2014-10-21,0.022951,17437295.0,S
14040,2014-10-22,-0.028846,19743952.0,S
14040,2014-10-23,0.004951,14044072.0,S
14040,2014-10-24,-0.001642,10993093.0,S
14040,2014-10-27,-0.006579,9306274.0,S
14040,2014-10-28,0.0,33266012.0,S
14040,2014-10-29,-0.006623,17351212.0,S
14040,2014-10-30,0.0,31508902.0,S
14040,2014-10-31,-0.011667,30141827.0,S
14040,2014-11-03,0.045531,36274564.0,S
14040,2014-11-04,-0.164516,160674010.0,S
14040,2014-11-05,-0.050193,42666194.0,S
14040,2014-11-06,-0.046748,45511869.0,S
14040,2014-11-07,0.006397,27541665.0,S
14040,2014-11-10,0.033898,24858728.0,S
14040,2014-11-11,0.002049,24433464.0,S
14040,2014-11-12,0.022495,39086367.0,S
14040,2014-11-13,0.0,19349253.0,S
14040,2014-11-14,0.01,17308729.0,S
14040,2014-11-17,-0.027723,12927630.0,S
14040,2014-11-18,-0.03055,18401362.0,S
14040,2014-11-19,-0.010504,13316255.0,S
14040,2014-11-20,0.025478,16682454.0,S
14040,2014-11-21,0.026915,15188593.0,S
14040,2014-11-24,-0.014113,18815746.0,S
14040,2014-11-25,0.0409,24804723.0,S
14040,2014-11-26,-0.003929,8457591.0,S
14040,2014-11-28,0.009862,5499067.0,S
14040,2014-12-01,-0.048828,17489087.0,S
14040,2014-12-02,-0.030801,19960546.0,S
14040,2014-12-03,-0.006356,22007786.0,S
14040,2014-12-04,0.036247,23379237.0,S
14040,2014-12-05,-0.002058,7812651.0,S
14040,2014-12-08,-0.020619,14878705.0,S
14040,2014-12-09,-0.037895,20678790.0,S
14040,2014-12-10,-0.045952,45011609.0,S
14040,2014-12-11,0.009174,22763465.0,S
14040,2014-12-12,-0.072727,30613983.0,S
14040,2014-12-15,-0.007353,25005262.0,S
14040,2014-12-16,-0.059259,32316452.0,S
14040,2014-12-17,0.041995,31239336.0,S
14040,2014-12-18,0.027708,21307066.0,S
14040,2014-12-19,0.019608,38906116.0,S
14040,2014-12-22,0.012019,32116711.0,S
14040,2014-12-23,0.007126,25045172.0,S
14040,2014-12-24,-0.011792,18107942.0,S
14040,2014-12-26,0.0358,7850029.0,S
14040,2014-12-29,-0.02765,9571528.0,S
14040,2014-12-30,-0.023697,13880702.0,S
14040,2014-12-31,0.007282,14459076.0,S
14040,2015-01-02,0.021687,12839984.0,S
14040,2015-01-05,-0.007075,17374166.0,S
14040,2015-01-06,-0.004751,34281139.0,S
14040,2015-01-07,0.00716,9979378.0,S
14040,2015-01-08,-0.014218,24722049.0,S
14040,2015-01-09,-0.007211,20447435.0,S
14040,2015-01-12,0.0,15521990.0,S
14040,2015-01-13,0.004843,12247898.0,S
14040,2015-01-14,-0.004819,9636002.0,S
14040,2015-01-15,-0.009685,11259520.0,S
14040,2015-01-16,-0.002445,7767593.0,S
14040,2015-01-20,0.019608,14808074.0,S
14040,2015-01-21,0.055289,23174946.0,S
14040,2015-01-22,-0.022779,16807523.0,S
14040,2015-01-23,-0.006993,8858242.0,S
14040,2015-01-26,0.025822,11738513.0,S
14040,2015-01-27,0.002288,5561586.0,S
14040,2015-01-28,-0.004566,11945008.0,S
14040,2015-01-29,-0.025229,16507506.0,S
14040,2015-01-30,0.011765,19985708.0,S
14040,2015-02-02,-0.006977,16748167.0,S
14040,2015-02-03,0.051522,18907168.0,S
14040,2015-02-04,0.020045,24683485.0,S
14040,2015-02-05,0.052402,37897914.0,S
14040,2015-02-06,0.020747,28321700.0,S
14040,2015-02-09,-0.010163,17824530.0,S
14040,2015-02-10,0.010267,13181669.0,S
14040,2015-02-11,0.022358,14411246.0,S
14040,2015-02-12,0.023857,13904976.0,S
14040,2015-02-13,0.015534,10384509.0,S
14040,2015-02-17,-0.00956,21079293.0,S
14040,2015-02-18,-0.03861,22181405.0,S
14040,2015-02-19,-0.02008,21010728.0,S
14040,2015-02-20,-0.010246,14217592.0,S
14040,2015-02-23,-0.033126,18313059.0,S
14040,2015-02-24,-0.008565,18113777.0,S
14040,2015-02-25,0.071274,32525036.0,S
14040,2015-02-26,-0.038307,13984402.0,S
14040,2015-02-27,0.073375,36986926.0,S
14040,2015-03-02,-0.005859,16689163.0,S
14040,2015-03-03,0.02947,14895113.0,S
14040,2015-03-04,-0.005725,12088904.0,S
14040,2015-03-05,0.03263,17228548.0,S
14040,2015-03-06,-0.027881,12288476.0,S
14040,2015-03-09,0.021033,11605300.0,S
14040,2015-03-10,-0.05618,19808723.0,S
14040,2015-03-11,0.001984,13442555.0,S
14040,2015-03-12,0.009901,8418217.0,S
14040,2015-03-13,0.003922,13547856.0,S
14040,2015-03-16,0.005859,10899877.0,S
14040,2015-03-17,-0.011651,6820567.0,S
14040,2015-03-18,-0.001965,10023121.0,S
14040,2015-03-19,-0.017717,10928439.0,S
14040,2015-03-20,-0.008016,15839225.0,S
14040,2015-03-23,0.026263,11209242.0,S
14040,2015-03-24,-0.021654,11811301.0,S
14040,2015-03-25,-0.042253,15188127.0,S
14040,2015-03-26,0.006302,12227793.0,S
14040,2015-03-27,-0.014614,9546070.0,S
14040,2015-03-30,0.006356,8845291.0,S
14040,2015-03-31,-0.002105,13094328.0,S
14040,2015-04-01,-0.00211,18877266.0,S
14040,2015-04-02,0.02537,17193373.0,S
14040,2015-04-06,0.024742,23280459.0,S
14040,2015-04-07,0.004024,8045840.0,S
14040,2015-04-08,-0.016032,11331596.0,S
14040,2015-04-09,0.004073,14737336.0,S
14040,2015-04-10,0.008114,8723902.0,S
14040,2015-04-13,0.002012,7508391.0,S
14040,2015-04-14,0.002008,9307833.0,S
14040,2015-04-15,0.01002,8621369.0,S
14040,2015-04-16,0.011905,14239206.0,S
14040,2015-04-17,0.001961,6661257.0,S
14040,2015-04-20,-0.023483,8643429.0,S
14040,2015-04-21,-0.002004,8403358.0,S
14040,2015-04-22,0.02008,7081672.0,S
14040,2015-04-23,0.031496,16034904.0,S
14040,2015-04-24,0.005725,12333497.0,S
14040,2015-04-27,-0.001897,7916703.0,S
14040,2015-04-28,0.005703,8752999.0,S
14040,2015-04-29,0.00189,7086371.0,S
14040,2015-04-30,-0.032076,15291766.0,S
14040,2015-05-01,0.017544,11052407.0,S
14040,2015-05-04,-0.01341,27331422.0,S
14040,2015-05-05,-0.031068,43927096.0,S
14040,2015-05-06,-0.03006,37986380.0,S
14040,2015-05-07,-0.022727,19107538.0,S
14040,2015-05-08,0.008457,7600435.0,S
14040,2015-05-11,-0.014675,12474611.0,S
14040,2015-05-12,-0.008511,12197094.0,S
14040,2015-05-13,0.002146,9974261.0,S
14040,2015-05-14,0.014989,8767636.0,S
14040,2015-05-15,0.016878,32965086.0,S
14040,2015-05-18,-0.002075,9034471.0,S
14040,2015-05-19,-0.016632,13358249.0,S
14040,2015-05-20,-0.006343,8699304.0,S
14040,2015-05-21,0.004255,12137260.0,S
14040,2015-05-22,-0.006356,12863237.0,S
14040,2015-05-26,0.008529,20494886.0,S
14040,2015-05-27,-0.002114,17318764.0,S
14040,2015-05-28,-0.019068,21313285.0,S
14040,2015-05-29,0.00432,13280876.0,S
14040,2015-06-01,-0.002151,10734379.0,S
14040,2015-06-02,0.010776,7201965.0,S
14040,2015-06-03,0.012793,12479330.0,S
14040,2015-06-04,-0.061053,31654016.0,S
14040,2015-06-05,-0.008969,12789376.0,S
14040,2015-06-08,0.0181,10850135.0,S
14040,2015-06-09,0.006667,11939377.0,S
14040,2015-06-10,0.002207,10814519.0,S
14040,2015-06-11,0.028634,16399641.0,S
14040,2015-06-12,-0.008565,12273610.0,S
14040,2015-06-15,-0.00216,7160190.0,S
14040,2015-06-16,0.004329,8263833.0,S
14040,2015-06-17,0.010776,10774103.0,S
14040,2015-06-18,0.010661,13213322.0,S
14040,2015-06-19,-0.012658,10132676.0,S
14040,2015-06-22,0.002137,9182964.0,S
14040,2015-06-23,-0.023454,18370454.0,S
14040,2015-06-24,0.008734,6517200.0,S
14040,2015-06-25,0.0,19013330.0,S
14040,2015-06-26,-0.012987,15461375.0,S
14040,2015-06-29,-0.008772,9923298.0,S
14040,2015-06-30,0.00885,11804411.0,S
14040,2015-07-01,-0.008772,6967602.0,S
14040,2015-07-02,-0.00885,8036884.0,S
14040,2015-07-06,-0.024554,19467612.0,S
14040,2015-07-07,-0.016018,33019381.0,S
14040,2015-07-08,-0.081395,32731057.0,S
14040,2015-07-09,-0.012658,29254298.0,S
14040,2015-07-10,-0.030769,39876896.0,S
14040,2015-07-13,-0.018519,25798423.0,S
14040,2015-07-14,0.078167,42028388.0,S
14040,2015-07-15,-0.04,35633288.0,S
14040,2015-07-16,0.036458,36044187.0,S
14040,2015-07-17,-0.035176,27463846.0,S
14040,2015-07-20,-0.007812,14810118.0,S
14040,2015-07-21,-0.010499,10514966.0,S
14040,2015-07-22,0.01061,21042896.0,S
14040,2015-07-23,-0.036745,15213807.0,S
14040,2015-07-24,-0.06267,42373647.0,S
14040,2015-07-27,-0.098837,49495356.0,S
14040,2015-07-28,0.067742,32684889.0,S
14040,2015-07-29,0.05136,26823665.0,S
14040,2015-07-30,-0.014368,23994421.0,S
14040,2015-07-31,-0.017493,24043527.0,S
14040,2015-08-03,-0.008902,48531257.0,S
14040,2015-08-04,0.04491,80408979.0,S
14040,2015-08-05,-0.097421,38030156.0,S
14040,2015-08-06,0.044444,25278112.0,S
14040,2015-08-07,0.024316,19271279.0,S
14040,2015-08-10,0.139466,53138739.0,S
14040,2015-08-11,0.002604,53162500.0,S
14040,2015-08-12,0.007792,41940753.0,S
14040,2015-08-13,0.0,43826679.0,S
14040,2015-08-14,0.07732,41666451.0,S
14040,2015-08-17,0.100478,69142304.0,S
14040,2015-08-18,0.056522,57568529.0,S
14040,2015-08-19,0.012346,42662677.0,S
14040,2015-08-20,-0.046748,34060904.0,S
14040,2015-08-21,0.004264,36056084.0,S
14040,2015-08-24,-0.021231,36764354.0,S
14040,2015-08-25,-0.002169,30757759.0,S
14040,2015-08-26,0.041304,33213548.0,S
14040,2015-08-27,0.058455,33889773.0,S
14040,2015-08-28,0.023669,34809185.0,S
14040,2015-08-31,-0.025048,34163540.0,S
14040,2015-09-01,-0.007905,36151399.0,S
14040,2015-09-02,-0.003984,24356241.0,S
14040,2015-09-03,0.01,20798343.0,S
14040,2015-09-04,-0.019802,9775080.0,S
14040,2015-09-08,0.010101,14385837.0,S
14040,2015-09-09,-0.016,18183698.0,S
14040,2015-09-10,-0.020325,17637392.0,S
14040,2015-09-11,0.012448,10481177.0,S
14040,2015-09-14,-0.020492,22354765.0,S
14040,2015-09-15,0.035565,25029929.0,S
14040,2015-09-16,-0.052525,41262712.0,S
14040,2015-09-17,0.0,21866190.0,S
14040,2015-09-18,-0.044776,53944994.0,S
14040,2015-09-21,-0.022321,27975322.0,S
14040,2015-09-22,0.004566,35251783.0,S
14040,2015-09-23,-0.013636,22706720.0,S
14040,2015-09-24,0.011521,22586230.0,S
14040,2015-09-25,-0.020501,14703454.0,S
14040,2015-09-28,-0.074419,32060945.0,S
14040,2015-09-29,-0.060302,47014213.0,S
14040,2015-09-30,0.026738,36427630.0,S
14040,2015-10-01,0.054688,34834446.0,S
14040,2015-10-02,0.049383,51566663.0,S
14040,2015-10-05,0.04,30211093.0,S
14040,2015-10-06,0.002262,18411985.0,S
14040,2015-10-07,0.036118,19644915.0,S
14040,2015-10-08,-0.008715,14038754.0,S
14040,2015-10-09,-0.017583,14504548.0,S
14040,2015-10-12,0.006711,8560167.0,S
14040,2015-10-13,-0.024445,9449761.0,S
14040,2015-10-14,-0.027335,19872518.0,S
14040,2015-10-15,0.0,14204747.0,S
14040,2015-10-16,0.004684,17767962.0,S
14040,2015-10-19,0.027972,9195426.0,S
14040,2015-10-20,-0.011338,11069223.0,S
14040,2015-10-21,-0.004587,9398480.0,S
14040,2015-10-22,0.02765,11822720.0,S
14040,2015-10-23,0.056054,16888490.0,S
14040,2015-10-26,0.014862,14012835.0,S
14040,2015-10-27,0.020921,26317945.0,S
14040,2015-10-28,0.026639,28131304.0,S
14040,2015-10-29,-0.041916,18818962.0,S
14040,2015-10-30,-0.014583,14505661.0,S
14040,2015-11-02,0.02537,13239489.0,S
14040,2015-11-03,-0.070103,40180032.0,S
14040,2015-11-04,-0.006652,16322481.0,S
14040,2015-11-05,0.044643,25483478.0,S
14040,2015-11-06,-0.032051,24836086.0,S
14040,2015-11-09,-0.055188,19618304.0,S
14040,2015-11-10,-0.046729,26883971.0,S
14040,2015-11-11,-0.019608,18916605.0,S
14040,2015-11-12,0.035,29475142.0,S
14040,2015-11-13,0.009662,11849563.0,S
14040,2015-11-16,0.007177,11023367.0,S
14040,2015-11-17,0.045131,17479844.0,S
14040,2015-11-18,-0.093182,38059745.0,S
14040,2015-11-19,0.015038,14836351.0,S
14040,2015-11-20,-0.054321,47987024.0,S
14040,2015-11-23,-0.010444,17622199.0,S
14040,2015-11-24,0.010554,12753469.0,S
14040,2015-11-25,-0.018277,9091846.0,S
14040,2015-11-27,-0.007979,3419233.0,S
14040,2015-11-30,-0.021448,24566950.0,S
14040,2015-12-01,-0.005479,18958970.0,S
14040,2015-12-02,-0.022039,14286327.0,S
14040,2015-12-03,-0.005634,11397447.0,S
14040,2015-12-04,0.0,12995898.0,S
14040,2015-12-07,0.028329,22236938.0,S
14040,2015-12-08,0.038568,20348733.0,S
14040,2015-12-09,-0.007958,20315039.0,S
14040,2015-12-10,0.05615,28672362.0,S
14040,2015-12-11,-0.075949,20764501.0,S
14040,2015-12-14,-0.035617,24395336.0,S
14040,2015-12-15,0.002841,13180882.0,S
14040,2015-12-16,0.045326,10760052.0,S
14040,2015-12-17,-0.02439,8641515.0,S
14040,2015-12-18,0.016667,26869320.0,S
14040,2015-12-21,-0.008197,8249545.0,S
14040,2015-12-22,0.030303,7520764.0,S
14040,2015-12-23,0.048128,11899216.0,S
14040,2015-12-24,-0.028061,4905865.0,S
14040,2015-12-28,0.0,5771337.0,S
14040,2015-12-29,0.010499,6146309.0,S
14040,2015-12-30,-0.057143,11487348.0,S
14040,2015-12-31,-0.002755,14792116.0,S
14040,2016-01-04,-0.027624,15179361.0,S
14040,2016-01-05,0.017045,9223128.0,S
14040,2016-01-06,0.002793,14768235.0,S
14040,2016-01-07,-0.066852,17442379.0,S
14040,2016-01-08,0.014925,9985454.0,S
14040,2016-01-11,-0.011765,14447282.0,S
14040,2016-01-12,0.002976,12438151.0,S
14040,2016-01-13,-0.080119,25213717.0,S
14040,2016-01-14,0.029032,25981879.0,S
14040,2016-01-15,-0.100314,29570753.0,S
14040,2016-01-19,-0.080139,20032506.0,S
14040,2016-01-20,-0.07197,47997550.0,S
14040,2016-01-21,0.020408,23220850.0,S
14040,2016-01-22,0.148,43346988.0,S
14040,2016-01-25,-0.121951,41151172.0,S
14040,2016-01-26,0.186508,62530637.0,S
14040,2016-01-27,-0.023411,40526461.0,S
14040,2016-01-28,0.044521,26140201.0,S
14040,2016-01-29,-0.009836,30963861.0,S
14040,2016-02-01,0.016556,19089034.0,S
14040,2016-02-02,-0.09772,25878278.0,S
14040,2016-02-03,0.025271,19103504.0,S
14040,2016-02-04,-0.003521,25274354.0,S
14040,2016-02-05,0.007067,21721918.0,S
14040,2016-02-08,-0.105263,26572497.0,S
14040,2016-02-09,0.039216,23632026.0,S
14040,2016-02-10,0.026415,14530833.0,S
14040,2016-02-11,-0.0625,16291702.0,S
14040,2016-02-12,0.043137,20188379.0,S
14040,2016-02-16,0.048872,16462904.0,S
14040,2016-02-17,0.071685,23242179.0,S
14040,2016-02-18,0.026756,19195777.0,S
14040,2016-02-19,-0.045603,19241216.0,S
14040,2016-02-22,0.030717,11780417.0,S
14040,2016-02-23,-0.023179,9172299.0,S
14040,2016-02-24,0.033898,8760399.0,S
14040,2016-02-25,0.006557,21471097.0,S
14040,2016-02-26,0.084691,20777827.0,S
14040,2016-02-29,0.033033,20032513.0,S
14040,2016-03-01,0.008721,13745449.0,S
14040,2016-03-02,0.080692,27000818.0,S
14040,2016-03-03,0.066667,40398490.0,S
14040,2016-03-04,-0.045,32947143.0,S
14040,2016-03-07,0.039267,26808070.0,S
14040,2016-03-08,0.002519,25145982.0,S
14040,2016-03-09,-0.005025,16519743.0,S
14040,2016-03-10,-0.058081,27417054.0,S
14040,2016-03-11,-0.005362,12674922.0,S
14040,2016-03-14,0.002695,9105886.0,S
14040,2016-03-15,-0.045699,15384745.0,S
14040,2016-03-16,0.005634,18070868.0,S
14040,2016-03-17,-0.047619,27217166.0,S
14040,2016-03-18,-0.041177,24770602.0,S
14040,2016-03-21,-0.015337,13973150.0,S
14040,2016-03-22,0.049844,23846540.0,S
14040,2016-03-23,-0.065282,24102470.0,S
14040,2016-03-24,0.034921,11299017.0,S
14040,2016-03-28,0.0,7856813.0,S
14040,2016-03-29,0.04908,23768692.0,S
14040,2016-03-30,0.008772,17553935.0,S
14040,2016-03-31,0.008696,13475503.0,S
14040,2016-04-01,0.043104,29398502.0,S
14040,2016-04-04,-0.052342,22164519.0,S
14040,2016-04-05,0.017442,52936328.0,S
14040,2016-04-06,0.025714,15159379.0,S
14040,2016-04-07,-0.022284,23963077.0,S
14040,2016-04-08,-0.002849,9132628.0,S
14040,2016-04-11,-0.02,9421368.0,S
14040,2016-04-12,0.017493,11206397.0,S
14040,2016-04-13,-0.020057,30528137.0,S
14040,2016-04-14,0.023392,15340113.0,S
14040,2016-04-15,0.025714,22118308.0,S
14040,2016-04-18,-0.008357,9345114.0,S
14040,2016-04-19,0.033708,13041722.0,S
14040,2016-04-20,0.032609,22288197.0,S
14040,2016-04-21,-0.031579,14782842.0,S
14040,2016-04-22,0.016304,8886447.0,S
14040,2016-04-25,0.016043,13896572.0,S
14040,2016-04-26,-0.031579,12666878.0,S
14040,2016-04-27,0.0,8884079.0,S
14040,2016-04-28,-0.027174,7541667.0,S
14040,2016-04-29,-0.041899,23557482.0,S
14040,2016-05-02,0.017493,23656859.0,S
14040,2016-05-03,0.051576,36529506.0,S
14040,2016-05-04,-0.054496,19154579.0,S
14040,2016-05-05,-0.008646,10752488.0,S
14040,2016-05-06,0.02907,11350719.0,S
14040,2016-05-09,-0.039548,9813391.0,S
14040,2016-05-10,0.029412,15084904.0,S
14040,2016-05-11,-0.002857,7861568.0,S
14040,2016-05-12,0.0,17243615.0,S
14040,2016-05-13,-0.014327,6971851.0,S
14040,2016-05-16,-0.002907,11277897.0,S
14040,2016-05-17,0.026239,14586702.0,S
14040,2016-05-18,0.017045,17245907.0,S
14040,2016-05-19,0.022346,16165825.0,S
14040,2016-05-20,-0.019126,6597788.0,S
14040,2016-05-23,-0.005571,7099049.0,S
14040,2016-05-24,-0.016807,9303062.0,S
14040,2016-05-25,0.005698,11663312.0,S
14040,2016-05-26,0.022663,8305002.0,S
14040,2016-05-27,0.019391,9571794.0,S
14040,2016-05-31,0.032609,19411471.0,S
14040,2016-06-01,-0.013158,12043555.0,S
14040,2016-06-02,0.005333,11748291.0,S
14040,2016-06-03,0.002653,7379659.0,S
14040,2016-06-06,0.015873,11969867.0,S
14040,2016-06-07,0.018229,16117961.0,S
14040,2016-06-08,-0.023018,12060834.0,S
14040,2016-06-09,-0.002618,5158973.0,S
14040,2016-06-10,-0.026247,12837860.0,S
14040,2016-06-13,-0.024259,8424723.0,S
14040,2016-06-14,0.016575,8376107.0,S
14040,2016-06-15,0.029891,6940043.0,S
14040,2016-06-16,-0.021108,11415437.0,S
14040,2016-06-17,0.0,12261605.0,S
14040,2016-06-20,0.040431,17432613.0,S
14040,2016-06-21,0.07772,46706523.0,S
14040,2016-06-22,0.052885,35677476.0,S
14040,2016-06-23,0.002283,19121413.0,S
14040,2016-06-24,-0.061503,27225379.0,S
14040,2016-06-27,0.01699,20899284.0,S
14040,2016-06-28,0.033413,14161825.0,S
14040,2016-06-29,0.034642,15721551.0,S
14040,2016-06-30,0.011161,12453006.0,S
14040,2016-07-01,0.0,9913546.0,S
14040,2016-07-05,-0.00883,11576103.0,S
14040,2016-07-06,-0.008909,16530421.0,S
14040,2016-07-07,0.020225,14816152.0,S
14040,2016-07-08,0.030837,12985862.0,S
14040,2016-07-11,0.040598,16030359.0,S
14040,2016-07-12,-0.010267,15029712.0,S
14040,2016-07-13,0.014523,15503533.0,S
14040,2016-07-14,0.02454,13871543.0,S
14040,2016-07-15,-0.001996,12298468.0,S
14040,2016-07-18,-0.05,57616858.0,S
14040,2016-07-19,-0.048421,21882228.0,S
14040,2016-07-20,0.0,15384067.0,S
14040,2016-07-21,0.017699,11721347.0,S
14040,2016-07-22,0.004348,22999376.0,S
14040,2016-07-25,0.277056,126900190.0,S
14040,2016-07-26,0.059322,86876818.0,S
14040,2016-07-27,-0.0736,54772604.0,S
14040,2016-07-28,0.036269,20046393.0,S
14040,2016-07-29,0.023333,23930765.0,S
14040,2016-08-01,-0.003257,25560813.0,S
14040,2016-08-02,-0.026144,24505184.0,S
14040,2016-08-03,0.021812,15263906.0,S
14040,2016-08-04,0.021346,16893386.0,S
14040,2016-08-05,-0.008039,20615274.0,S
14040,2016-08-08,0.008104,17803867.0,S
14040,2016-08-09,-0.006431,10297471.0,S
14040,2016-08-10,-0.003236,13055402.0,S
14040,2016-08-11,-0.00974,15829043.0,S
14040,2016-08-12,-0.001639,10582994.0,S
14040,2016-08-15,0.009852,14834214.0,S
14040,2016-08-16,-0.01626,12837216.0,S
14040,2016-08-17,-0.006612,15740080.0,S
14040,2016-08-18,0.001664,10135376.0,S
14040,2016-08-19,-0.01495,14132235.0,S
14040,2016-08-22,0.01855,12862693.0,S
14040,2016-08-23,0.013245,16628222.0,S
14040,2016-08-24,-0.004902,13410323.0,S
14040,2016-08-25,0.014778,13527064.0,S
14040,2016-08-26,-0.006472,20692355.0,S
14040,2016-08-29,0.014658,11144066.0,S
14040,2016-08-30,-0.014446,8671688.0,S
14040,2016-08-31,0.006515,14909822.0,S
14040,2016-09-01,0.003236,13396932.0,S
14040,2016-09-02,0.035484,18110547.0,S
14040,2016-09-06,-0.012461,11823499.0,S
14040,2016-09-07,0.045741,28281174.0,S
14040,2016-09-08,0.025641,46500790.0,S
14040,2016-09-09,-0.022059,26606346.0,S
14040,2016-09-12,0.040602,32335844.0,S
14040,2016-09-13,-0.052023,27275802.0,S
14040,2016-09-14,-0.007622,19321274.0,S
14040,2016-09-15,0.043011,25799540.0,S
14040,2016-09-16,-0.020619,30181178.0,S
14040,2016-09-19,0.0,15671372.0,S
14040,2016-09-20,-0.066165,53370429.0,S
14040,2016-09-21,0.024155,21451363.0,S
14040,2016-09-22,0.040881,18137872.0,S
14040,2016-09-23,0.003021,8699931.0,S
14040,2016-09-26,0.001506,13903550.0,S
14040,2016-09-27,0.01203,9741591.0,S
14040,2016-09-28,0.007429,9346956.0,S
14040,2016-09-29,-0.017699,11222097.0,S
14040,2016-09-30,-0.004504,14655332.0,S
14040,2016-10-03,-0.00905,12396024.0,S
14040,2016-10-04,0.019787,19638235.0,S
14040,2016-10-05,-0.00597,13969033.0,S
14040,2016-10-06,-0.01952,10369651.0,S
14040,2016-10-07,-0.007657,12176605.0,S
14040,2016-10-10,0.03858,14511538.0,S
14040,2016-10-11,0.007429,19902824.0,S
14040,2016-10-12,0.0,22382758.0,S
14040,2016-10-13,-0.001475,16974806.0,S
14040,2016-10-14,0.038405,31921728.0,S
14040,2016-10-17,-0.015647,12105661.0,S
14040,2016-10-18,-0.008671,46109986.0,S
14040,2016-10-19,0.002915,11279358.0,S
14040,2016-10-20,-0.023256,13927972.0,S
14040,2016-10-21,-0.025298,23888251.0,S
14040,2016-10-24,0.056489,27106751.0,S
14040,2016-10-25,-0.060694,47810336.0,S
14040,2016-10-26,-0.021538,15675981.0,S
14040,2016-10-27,-0.011006,19862034.0,S
14040,2016-10-28,0.00318,14778263.0,S
14040,2016-10-31,-0.023772,9654692.0,S
14040,2016-11-01,0.001623,12925065.0,S
14040,2016-11-02,-0.035656,21770502.0,S
14040,2016-11-03,0.020168,24795543.0,S
14040,2016-11-04,0.009885,13696530.0,S
14040,2016-11-07,0.008157,16630329.0,S
14040,2016-11-08,0.014563,14830509.0,S
14040,2016-11-09,0.133971,78916700.0,S
14040,2016-11-10,-0.004219,34257463.0,S
14040,2016-11-11,0.001412,17662824.0,S
14040,2016-11-14,0.057828,26705768.0,S
14040,2016-11-15,0.032,20439089.0,S
14040,2016-11-16,-0.007752,22539847.0,S
14040,2016-11-17,-0.02474,13949222.0,S
14040,2016-11-18,-0.018692,16789651.0,S
14040,2016-11-21,0.013605,14379385.0,S
14040,2016-11-22,0.026846,15499228.0,S
14040,2016-11-23,0.005229,10554123.0,S
14040,2016-11-25,0.026008,9176467.0,S
14040,2016-11-28,-0.003802,10973972.0,S
14040,2016-11-29,0.017812,18199512.0,S
14040,2016-11-30,-0.02,17325992.0,S
14040,2016-12-01,0.012755,11291674.0,S
14040,2016-12-02,0.005038,8775180.0,S
14040,2016-12-05,0.008772,17368232.0,S
14040,2016-12-06,0.014907,53277681.0,S
14040,2016-12-07,0.089351,61598914.0,S
14040,2016-12-08,-0.017978,30510575.0,S
14040,2016-12-09,-0.029748,19560796.0,S
14040,2016-12-12,-0.033019,19892051.0,S
14040,2016-12-13,0.009756,19036496.0,S
14040,2016-12-14,0.006039,16774065.0,S
14040,2016-12-15,0.014406,11481186.0,S
14040,2016-12-16,-0.024852,12130379.0,S
14040,2016-12-19,0.024272,8891056.0,S
14040,2016-12-20,-0.001185,10992294.0,S
14040,2016-12-21,-0.002373,8851924.0,S
14040,2016-12-22,0.010702,10575081.0,S
14040,2016-12-23,0.0,7773135.0,S
14040,2016-12-27,0.022353,9577356.0,S
14040,2016-12-28,0.003452,10943068.0,S
14040,2016-12-29,0.010321,13925606.0,S
14040,2016-12-30,-0.044268,23840394.0,S
14040,2017-01-03,0.016627,27391851.0,S
14040,2017-01-04,0.026869,30527490.0,S
14040,2017-01-05,-0.002275,26919071.0,S
14040,2017-01-06,-0.009122,12732160.0,S
14040,2017-01-09,0.001151,11231134.0,S
14040,2017-01-10,0.006897,13194786.0,S
14040,2017-01-11,-0.01484,10337613.0,S
14040,2017-01-12,-0.019699,13502815.0,S
14040,2017-01-13,0.017731,11828108.0,S
14040,2017-01-17,0.004646,31132176.0,S
14040,2017-01-18,0.009249,11496361.0,S
14040,2017-01-19,0.027492,23800039.0,S
14040,2017-01-20,-0.004459,26215807.0,S
14040,2017-01-23,0.027996,27490977.0,S
14040,2017-01-24,0.001089,17439359.0,S
14040,2017-01-25,0.0,14416801.0,S
14040,2017-01-26,0.026115,15313528.0,S
14040,2017-01-27,-0.022269,14100330.0,S
14040,2017-01-30,-0.011931,19487635.0,S
14040,2017-01-31,0.013172,36497602.0,S
14040,2017-02-01,-0.023835,32791209.0,S
14040,2017-02-02,-0.053274,34377213.0,S
14040,2017-02-03,-0.011723,17581360.0,S
14040,2017-02-06,-0.008304,10435959.0,S
14040,2017-02-07,-0.002392,15089117.0,S
14040,2017-02-08,0.038369,20857696.0,S
14040,2017-02-09,0.012702,11535584.0,S
14040,2017-02-10,0.021665,11079298.0,S
14040,2017-02-13,-0.013393,18658076.0,S
14040,2017-02-14,0.026018,23565983.0,S
14040,2017-02-15,0.005513,13338334.0,S
14040,2017-02-16,-0.013158,10588528.0,S
14040,2017-02-17,0.033333,43255377.0,S
14040,2017-02-21,-0.003226,12082370.0,S
14040,2017-02-22,0.002157,8646459.0,S
14040,2017-02-23,-0.035522,15918128.0,S
14040,2017-02-24,-0.002232,9891523.0,S
14040,2017-02-27,-0.003356,7686794.0,S
14040,2017-02-28,-0.011223,10957993.0,S
14040,2017-03-01,0.003405,10031933.0,S
14040,2017-03-02,-0.012444,7350064.0,S
14040,2017-03-03,0.019473,12307152.0,S
14040,2017-03-06,-0.013483,12733102.0,S
14040,2017-03-07,-0.05467,19573677.0,S
14040,2017-03-08,0.013253,14606710.0,S
14040,2017-03-09,-0.011891,12829917.0,S
14040,2017-03-10,-0.00361,14354058.0,S
14040,2017-03-13,0.024155,7994002.0,S
14040,2017-03-14,-0.012972,10545748.0,S
14040,2017-03-15,0.034648,10310824.0,S
14040,2017-03-16,-0.005774,11585879.0,S
14040,2017-03-17,-0.004646,15440505.0,S
14040,2017-03-20,-0.008168,12479803.0,S
14040,2017-03-21,-0.025882,10884334.0,S
14040,2017-03-22,-0.001208,22257242.0,S
14040,2017-03-23,0.022975,12366861.0,S
14040,2017-03-24,0.004728,9354770.0,S
14040,2017-03-27,-0.024706,13895264.0,S
14040,2017-03-28,0.004825,9820357.0,S
14040,2017-03-29,0.018007,13434905.0,S
14040,2017-03-30,0.004717,6130211.0,S
14040,2017-03-31,0.018779,14784692.0,S
14040,2017-04-03,-0.001152,14806015.0,S
14040,2017-04-04,0.001153,6913769.0,S
14040,2017-04-05,-0.031106,9901027.0,S
14040,2017-04-06,-0.002378,8700407.0,S
14040,2017-04-07,-0.002384,8641800.0,S
14040,2017-04-10,-0.001195,13189416.0,S
14040,2017-04-11,-0.004785,10673517.0,S
14040,2017-04-12,0.002404,5513711.0,S
14040,2017-04-13,-0.007194,5168189.0,S
14040,2017-04-17,0.014493,6700465.0,S
14040,2017-04-18,0.011905,9248755.0,S
14040,2017-04-19,0.008235,7965447.0,S
14040,2017-04-20,0.001167,7999217.0,S
14040,2017-04-21,-0.009324,7930161.0,S
14040,2017-04-24,0.024706,15264196.0,S
14040,2017-04-25,0.027555,20981331.0,S
14040,2017-04-26,-0.004469,10103545.0,S
14040,2017-04-27,0.013468,11693525.0,S
14040,2017-04-28,0.0,11256495.0,S
14040,2017-05-01,0.008859,12805948.0,S
14040,2017-05-02,-0.004391,16468871.0,S
14040,2017-05-03,-0.14333,54312340.0,S
14040,2017-05-04,0.021879,29849664.0,S
14040,2017-05-05,0.012594,18763931.0,S
14040,2017-05-08,-0.034826,21820558.0,S
14040,2017-05-09,0.018041,18550090.0,S
14040,2017-05-10,-0.002532,15156660.0,S
14040,2017-05-11,-0.001269,17382580.0,S
14040,2017-05-12,0.010165,25178935.0,S
14040,2017-05-15,-0.008805,23399005.0,S
14040,2017-05-16,0.007614,15065162.0,S
14040,2017-05-17,-0.075567,27289617.0,S
14040,2017-05-18,0.074932,33105703.0,S
14040,2017-05-19,0.022814,24020359.0,S
14040,2017-05-22,0.012392,18531324.0,S
14040,2017-05-23,0.001224,19271771.0,S
14040,2017-05-24,-0.001223,9825889.0,S
14040,2017-05-25,0.019584,16867031.0,S
14040,2017-05-26,0.008403,6651970.0,S
14040,2017-05-30,0.004762,8558457.0,S
14040,2017-05-31,0.005924,12556415.0,S
14040,2017-06-01,0.007067,11937891.0,S
14040,2017-06-02,0.037427,19050969.0,S
14040,2017-06-05,0.010147,15514694.0,S
14040,2017-06-06,-0.020089,12176550.0,S
14040,2017-06-07,-0.015945,16128621.0,S
14040,2017-06-08,-0.00463,12676400.0,S
14040,2017-06-09,-0.055814,16933560.0,S
14040,2017-06-12,0.011084,18713637.0,S
14040,2017-06-13,0.00609,12389565.0,S
14040,2017-06-14,-0.014528,9692585.0,S
14040,2017-06-15,-0.009828,10872552.0,S
14040,2017-06-16,-0.032258,20694837.0,S
14040,2017-06-19,0.016667,8567409.0,S
14040,2017-06-20,0.026482,33865935.0,S
14040,2017-06-21,0.008599,16029382.0,S
14040,2017-06-22,-0.017052,11942040.0,S
14040,2017-06-23,-0.002478,19851757.0,S
14040,2017-06-26,-0.004969,8501708.0,S
14040,2017-06-27,0.021224,43087436.0,S
14040,2017-06-28,0.012225,14355250.0,S
14040,2017-06-29,-0.015701,12150428.0,S
14040,2017-06-30,0.007362,9677927.0,S
14040,2017-07-03,-0.007308,5018250.0,S
14040,2017-07-05,0.009816,10366703.0,S
14040,2017-07-06,-0.023086,10106300.0,S
14040,2017-07-07,0.011194,6004258.0,S
14040,2017-07-10,0.0123,7732598.0,S
14040,2017-07-11,-0.010936,10571637.0,S
14040,2017-07-12,0.011056,9088381.0,S
14040,2017-07-13,-0.003645,7370870.0,S
14040,2017-07-14,0.042683,42012884.0,S
14040,2017-07-17,-0.018713,15753073.0,S
14040,2017-07-18,0.007151,8679952.0,S
14040,2017-07-19,-0.004734,6134699.0,S
14040,2017-07-20,-0.003567,6728627.0,S
14040,2017-07-21,0.0179,9334200.0,S
14040,2017-07-24,0.001172,8147984.0,S
14040,2017-07-25,0.018735,10797131.0,S
14040,2017-07-26,-0.017241,10018847.0,S
14040,2017-07-27,-0.040936,19286825.0,S
14040,2017-07-28,0.002439,9030645.0,S
14040,2017-07-31,-0.029197,22979332.0,S
14040,2017-08-01,0.111529,44826159.0,S
14040,2017-08-02,-0.009019,15682357.0,S
14040,2017-08-03,-0.028441,10429660.0,S
14040,2017-08-04,0.018735,9778026.0,S
14040,2017-08-07,-0.009195,11034107.0,S
14040,2017-08-08,-0.025522,9715815.0,S
14040,2017-08-09,-0.021429,11479245.0,S
14040,2017-08-10,-0.023114,11182391.0,S
14040,2017-08-11,0.034869,12658570.0,S
14040,2017-08-14,0.012034,8008796.0,S
14040,2017-08-15,-0.01308,9493681.0,S
14040,2017-08-16,0.0,4279107.0,S
14040,2017-08-17,-0.025301,7471795.0,S
14040,2017-08-18,-0.002472,4690810.0,S
14040,2017-08-21,0.001239,5029406.0,S
14040,2017-08-22,0.017327,7236046.0,S
14040,2017-08-23,0.008516,7398052.0,S
14040,2017-08-24,0.015682,7677963.0,S
14040,2017-08-25,0.001188,7034176.0,S
14040,2017-08-28,-0.016607,5295750.0,S
14040,2017-08-29,-0.002412,6015060.0,S
14040,2017-08-30,-0.002418,4711255.0,S
14040,2017-08-31,0.0,5339064.0,S
14040,2017-09-01,0.002424,5946667.0,S
14040,2017-09-05,-0.010883,6961090.0,S
14040,2017-09-06,-0.006112,7720344.0,S
14040,2017-09-07,-0.01968,12283788.0,S
14040,2017-09-08,-0.028858,14911246.0,S
14040,2017-09-11,-0.016796,16031289.0,S
14040,2017-09-12,0.038108,10628973.0,S
14040,2017-09-13,-0.006329,6135383.0,S
14040,2017-09-14,-0.012739,10252054.0,S
14040,2017-09-15,-0.007742,11422373.0,S
14040,2017-09-18,-0.0013,9193501.0,S
14040,2017-09-19,0.067708,46810207.0,S
14040,2017-09-20,-0.020732,16686149.0,S
14040,2017-09-21,0.0,7181656.0,S
14040,2017-09-22,0.061021,26203014.0,S
14040,2017-09-25,-0.08216,38970068.0,S
14040,2017-09-26,0.008951,13363018.0,S
14040,2017-09-27,-0.00507,10135074.0,S
14040,2017-09-28,-0.012739,13255243.0,S
14040,2017-09-29,0.003871,13763863.0,S
14040,2017-10-02,-0.011568,12829895.0,S
14040,2017-10-03,0.027308,15125372.0,S
14040,2017-10-04,-0.040506,26883889.0,S
14040,2017-10-05,-0.010554,15890991.0,S
14040,2017-10-06,-0.018667,16644949.0,S
14040,2017-10-09,-0.005435,10015695.0,S
14040,2017-10-10,-0.02459,31319959.0,S
14040,2017-10-11,0.007003,20602687.0,S
14040,2017-10-12,-0.006954,9664725.0,S
14040,2017-10-13,-0.002801,17128997.0,S
14040,2017-10-16,0.004214,11589820.0,S
14040,2017-10-17,-0.008392,10231036.0,S
14040,2017-10-18,-0.005642,6856814.0,S
14040,2017-10-19,0.002837,12033183.0,S
14040,2017-10-20,-0.019802,15423862.0,S
14040,2017-10-23,-0.010101,13117601.0,S
14040,2017-10-24,0.020408,15029828.0,S
14040,2017-10-25,0.014286,22652970.0,S
14040,2017-10-26,-0.014085,11927022.0,S
14040,2017-10-27,-0.001429,9697079.0,S
14040,2017-10-30,-0.09299,59686416.0,S
14040,2017-10-31,0.031546,22092785.0,S
14040,2017-11-01,-0.012232,13793828.0,S
14040,2017-11-02,-0.004644,17656040.0,S
14040,2017-11-03,0.037325,15318842.0,S
14040,2017-11-06,-0.115442,61994102.0,S
14040,2017-11-07,-0.025424,27499778.0,S
14040,2017-11-08,0.041739,26829652.0,S
14040,2017-11-09,0.03005,24943788.0,S
14040,2017-11-10,0.003241,14072847.0,S
14040,2017-11-13,-0.025848,16538780.0,S
14040,2017-11-14,-0.016584,16327531.0,S
14040,2017-11-15,0.038786,16321429.0,S
14040,2017-11-16,0.01461,11403749.0,S
14040,2017-11-17,-0.0032,8537971.0,S
14040,2017-11-20,-0.00321,6334740.0,S
14040,2017-11-21,-0.020934,11939094.0,S
14040,2017-11-22,0.011513,11253396.0,S
14040,2017-11-24,0.0,4037819.0,S
14040,2017-11-27,0.0,8417457.0,S
14040,2017-11-28,-0.013008,9126564.0,S
14040,2017-11-29,0.0,15576567.0,S
14040,2017-11-30,-0.01318,16805611.0,S
14040,2017-12-01,-0.003339,9731264.0,S
14040,2017-12-04,-0.00335,10753063.0,S
14040,2017-12-05,-0.035294,15245345.0,S
14040,2017-12-06,-0.008711,13794796.0,S
14040,2017-12-07,-0.040422,23576020.0,S
14040,2017-12-08,-0.003663,19843660.0,S
14040,2017-12-11,0.0,10230778.0,S
14040,2017-12-12,0.044118,27332512.0,S
14040,2017-12-13,0.001761,19069163.0,S
14040,2017-12-14,-0.010545,14090061.0,S
14040,2017-12-15,-0.024867,31195246.0,S
14040,2017-12-18,0.020037,27968583.0,S
14040,2017-12-19,-0.003571,30132507.0,S
14040,2017-12-20,0.0,14464528.0,S
14040,2017-12-21,0.007168,12440246.0,S
14040,2017-12-22,0.003559,12814025.0,S
14040,2017-12-26,0.026596,11706905.0,S
14040,2017-12-27,0.008636,11319873.0,S
14040,2017-12-28,0.011986,10618625.0,S
14040,2017-12-29,-0.003384,10293997.0,S
14040,2018-01-02,0.006791,12796443.0,S
14040,2018-01-03,-0.005059,13298228.0,S
14040,2018-01-04,-0.045763,35177020.0,S
14040,2018-01-05,0.030195,15941882.0,S
14040,2018-01-08,0.0,16267989.0,S
14040,2018-01-09,-0.018966,25999343.0,S
14040,2018-01-10,-0.012302,14294201.0,S
14040,2018-01-11,0.012456,17627306.0,S
14040,2018-01-12,0.0,18428145.0,S
14040,2018-01-16,-0.015817,15117008.0,S
14040,2018-01-17,-0.019643,17858114.0,S
14040,2018-01-18,-0.027322,27041915.0,S
14040,2018-01-19,0.024345,23097386.0,S
14040,2018-01-22,-0.027422,19616267.0,S
14040,2018-01-23,-0.003759,23209470.0,S
14040,2018-01-24,-0.007547,11924118.0,S
14040,2018-01-25,0.015209,12465244.0,S
14040,2018-01-26,0.005618,10685526.0,S
14040,2018-01-29,-0.018622,9450238.0,S
14040,2018-01-30,0.003795,10128504.0,S
14040,2018-01-31,0.007561,12501469.0,S
14040,2018-02-01,-0.043152,42406083.0,S
14040,2018-02-02,0.05098,36195205.0,S
14040,2018-02-05,-0.04291,20358126.0,S
14040,2018-02-06,-0.005848,17242118.0,S
14040,2018-02-07,0.080392,35559433.0,S
14040,2018-02-08,-0.025408,26664882.0,S
14040,2018-02-09,-0.013035,18697079.0,S
14040,2018-02-12,-0.00566,7369259.0,S
14040,2018-02-13,-0.001897,9609568.0,S
14040,2018-02-14,0.009506,9404884.0,S
14040,2018-02-15,0.033898,10395945.0,S
14040,2018-02-16,-0.018215,12454225.0,S
14040,2018-02-20,0.011132,12713063.0,S
14040,2018-02-21,-0.018349,11694114.0,S
14040,2018-02-22,-0.02243,12633306.0,S
14040,2018-02-23,0.013384,9001793.0,S
14040,2018-02-26,0.009434,8645253.0,S
14040,2018-02-27,-0.018692,11012428.0,S
14040,2018-02-28,-0.011429,15507189.0,S
14040,2018-03-01,0.011561,11058128.0,S
14040,2018-03-02,0.007619,7643809.0,S
14040,2018-03-05,0.017013,8280468.0,S
14040,2018-03-06,-0.005576,7258325.0,S
14040,2018-03-07,-0.007477,7781900.0,S
14040,2018-03-08,0.0,9488230.0,S
14040,2018-03-09,-0.001883,6919081.0,S
14040,2018-03-12,0.003774,8572248.0,S
14040,2018-03-13,-0.005639,10462682.0,S
14040,2018-03-14,-0.003781,9718026.0,S
14040,2018-03-15,-0.001897,11020432.0,S
14040,2018-03-16,0.019011,17391798.0,S
14040,2018-03-19,-0.020522,12286304.0,S
14040,2018-03-20,-0.011429,14429022.0,S
14040,2018-03-21,-0.00578,15150330.0,S
14040,2018-03-22,-0.025194,13358289.0,S
14040,2018-03-23,-0.021869,10828760.0,S
14040,2018-03-26,0.018293,7687212.0,S
14040,2018-03-27,-0.023952,9450787.0,S
14040,2018-03-28,-0.006135,11823576.0,S
14040,2018-03-29,0.004115,11720887.0,S
14040,2018-04-02,-0.006148,11147626.0,S
14040,2018-04-03,0.02268,11245983.0,S
14040,2018-04-04,0.020161,12616241.0,S
14040,2018-04-05,0.021739,9652661.0,S
14040,2018-04-06,-0.003868,8814790.0,S
14040,2018-04-09,-0.001942,7161365.0,S
14040,2018-04-10,0.171206,73319446.0,S
14040,2018-04-11,-0.003322,38594624.0,S
14040,2018-04-12,-0.02,12984557.0,S
14040,2018-04-13,-0.017007,13639457.0,S
14040,2018-04-16,0.012111,6573397.0,S
14040,2018-04-17,0.017094,14118785.0,S
14040,2018-04-18,0.008403,6667759.0,S
14040,2018-04-19,-0.006667,10215947.0,S
14040,2018-04-20,0.006711,7741560.0,S
14040,2018-04-23,-0.02,6798450.0,S
14040,2018-04-24,0.005102,7370397.0,S
14040,2018-04-25,0.018613,11419843.0,S
14040,2018-04-26,-0.003322,7998867.0,S
14040,2018-04-27,0.083333,58327237.0,S
14040,2018-04-30,-0.136923,106777697.0,S
14040,2018-05-01,-0.033868,44033664.0,S
14040,2018-05-02,-0.046126,51285097.0,S
14040,2018-05-03,0.007737,27485944.0,S
14040,2018-05-04,0.013436,20653007.0,S
14040,2018-05-07,-0.007576,25690084.0,S
14040,2018-05-08,-0.017176,18872673.0,S
14040,2018-05-09,0.005825,16987964.0,S
14040,2018-05-10,0.0,17663885.0,S
14040,2018-05-11,-0.003861,8357922.0,S
14040,2018-05-14,-0.003876,13476408.0,S
14040,2018-05-15,-0.001945,14245368.0,S
14040,2018-05-16,-0.011696,11269425.0,S
14040,2018-05-17,0.003945,8155898.0,S
14040,2018-05-18,0.003929,13960347.0,S
14040,2018-05-21,0.009785,10517314.0,S
14040,2018-05-22,0.003876,11234136.0,S
14040,2018-05-23,-0.007722,9465080.0,S
14040,2018-05-24,0.003891,6821474.0,S
14040,2018-05-25,-0.001938,6444627.0,S
14040,2018-05-29,-0.003883,9958799.0,S
14040,2018-05-30,0.017544,20029401.0,S
14040,2018-05-31,-0.015326,17476775.0,S
14040,2018-06-01,0.011673,12901445.0,S
14040,2018-06-04,0.005769,9800933.0,S
14040,2018-06-05,-0.001912,4978002.0,S
14040,2018-06-06,0.001916,11475462.0,S
14040,2018-06-07,-0.001912,12808967.0,S
14040,2018-06-08,-0.009578,7565806.0,S
14040,2018-06-11,0.017408,7744973.0,S
14040,2018-06-12,0.009506,9747233.0,S
14040,2018-06-13,0.013183,24037826.0,S
14040,2018-06-14,0.01487,8839162.0,S
14040,2018-06-15,0.005494,12451323.0,S
14040,2018-06-18,0.010929,9201436.0,S
14040,2018-06-19,-0.003604,8850741.0,S
14040,2018-06-20,-0.01085,13351606.0,S
14040,2018-06-21,-0.021938,12508174.0,S
14040,2018-06-22,0.028037,19428061.0,S
14040,2018-06-25,-0.032727,11600638.0,S
14040,2018-06-26,0.015038,6840919.0,S
14040,2018-06-27,0.001852,8515741.0,S
14040,2018-06-28,0.011091,11813194.0,S
14040,2018-06-29,-0.005484,6216325.0,S
14040,2018-07-02,-0.001838,7168695.0,S
14040,2018-07-03,-0.003683,6795569.0,S
14040,2018-07-05,0.012939,8114643.0,S
14040,2018-07-06,0.027372,10913598.0,S
14040,2018-07-09,-0.003552,7116343.0,S
14040,2018-07-10,0.003565,8448400.0,S
14040,2018-07-11,-0.023091,6616455.0,S
14040,2018-07-12,0.029091,9708089.0,S
14040,2018-07-13,0.0,6746171.0,S
14040,2018-07-16,-0.001767,4003182.0,S
14040,2018-07-17,-0.01062,7241533.0,S
14040,2018-07-18,-0.005367,4857554.0,S
14040,2018-07-19,-0.016187,14969816.0,S
14040,2018-07-20,-0.001828,6274434.0,S
14040,2018-07-23,-0.009158,5177739.0,S
14040,2018-07-24,-0.001848,6084205.0,S
14040,2018-07-25,0.003704,7802040.0,S
14040,2018-07-26,0.01107,4988909.0,S
14040,2018-07-27,0.001825,4732488.0,S
14040,2018-07-30,0.0,5350531.0,S
14040,2018-07-31,-0.010929,8421892.0,S
14040,2018-08-01,-0.009208,9899381.0,S
14040,2018-08-02,0.052045,16668280.0,S
14040,2018-08-03,-0.007067,9532787.0,S
14040,2018-08-06,0.099644,55047884.0,S
14040,2018-08-07,-0.008091,13298847.0,S
14040,2018-08-08,-0.008157,14936320.0,S
14040,2018-08-09,0.0,5516747.0,S
14040,2018-08-10,-0.008224,6201289.0,S
14040,2018-08-13,0.006633,9414390.0,S
14040,2018-08-14,0.00659,11407037.0,S
14040,2018-08-15,-0.016367,9447305.0,S
14040,2018-08-16,0.018303,6005011.0,S
14040,2018-08-17,0.001634,8168073.0,S
14040,2018-08-20,0.006525,5969775.0,S
14040,2018-08-21,0.001621,5779066.0,S
14040,2018-08-22,-0.006472,5903580.0,S
14040,2018-08-23,-0.004886,5006888.0,S
14040,2018-08-24,-0.00491,11206220.0,S
14040,2018-08-27,0.003289,4023426.0,S
14040,2018-08-28,0.0,8882054.0,S
14040,2018-08-29,0.004918,7435425.0,S
14040,2018-08-30,0.0,14951417.0,S
14040,2018-08-31,-0.003263,14239595.0,S
14040,2018-09-04,-0.001637,10681023.0,S
14040,2018-09-05,-0.003279,7367973.0,S
14040,2018-09-06,0.001645,5839769.0,S
14040,2018-09-07,-0.022989,12236417.0,S
14040,2018-09-10,0.016807,9551100.0,S
14040,2018-09-11,0.004959,4820326.0,S
14040,2018-09-12,0.037829,15180201.0,S
14040,2018-09-13,0.007924,8659357.0,S
14040,2018-09-14,-0.001572,11505038.0,S
14040,2018-09-17,-0.00315,6305682.0,S
14040,2018-09-18,0.014218,14783126.0,S
14040,2018-09-19,-0.009346,6504668.0,S
14040,2018-09-20,0.012579,6426043.0,S
14040,2018-09-21,-0.007764,12029077.0,S
14040,2018-09-24,-0.001565,8849725.0,S
14040,2018-09-25,0.003135,8445034.0,S
14040,2018-09-26,0.004687,9393147.0,S
14040,2018-09-27,0.017107,10928699.0,S
14040,2018-09-28,0.0,16096798.0,S
14040,2018-10-01,0.001529,6723465.0,S
14040,2018-10-02,-0.001527,12635536.0,S
14040,2018-10-03,-0.006116,14021115.0,S
14040,2018-10-04,0.004615,10831028.0,S
14040,2018-10-05,-0.013783,8974357.0,S
14040,2018-10-08,0.012422,14466975.0,S
14040,2018-10-09,-0.01227,9662182.0,S
14040,2018-10-10,-0.032609,9048332.0,S
14040,2018-10-11,-0.00321,12604638.0,S
14040,2018-10-12,0.032206,8603628.0,S
14040,2018-10-15,-0.020281,11455804.0,S
14040,2018-10-16,0.019108,7321573.0,S
14040,2018-10-17,0.001562,14415092.0,S
14040,2018-10-18,-0.00624,6274158.0,S
14040,2018-10-19,0.014129,9259071.0,S
14040,2018-10-22,-0.003096,4788919.0,S
14040,2018-10-23,-0.007764,9451061.0,S
14040,2018-10-24,-0.070423,24373325.0,S
14040,2018-10-25,0.023569,17222689.0,S
14040,2018-10-26,-0.039474,15515146.0,S
14040,2018-10-29,-0.015411,9113662.0,S
14040,2018-10-30,-0.012174,19839732.0,S
14040,2018-10-31,0.077465,33076756.0,S
14040,2018-11-01,0.026144,16472948.0,S
14040,2018-11-02,-0.001592,18945867.0,S
14040,2018-11-05,0.0,14827497.0,S
14040,2018-11-06,-0.011164,13353049.0,S
14040,2018-11-07,0.029032,14491184.0,S
14040,2018-11-08,-0.018809,8217356.0,S
14040,2018-11-09,-0.011182,8971772.0,S
14040,2018-11-12,-0.016155,11564281.0,S
14040,2018-11-13,0.019704,24689643.0,S
14040,2018-11-14,-0.009662,29965120.0,S
14040,2018-11-15,-0.004878,22880970.0,S
14040,2018-11-16,0.031046,23944475.0,S
14040,2018-11-19,-0.019017,13344164.0,S
14040,2018-11-20,-0.017771,12148101.0,S
14040,2018-11-21,0.009868,8089511.0,S
14040,2018-11-23,-0.003257,4963118.0,S
14040,2018-11-26,0.011438,6423739.0,S
14040,2018-11-27,-0.001616,12795905.0,S
14040,2018-11-28,0.027508,16085894.0,S
14040,2018-11-29,-0.004724,6507344.0,S
14040,2018-11-30,-0.006329,14963846.0,S
14040,2018-12-03,-0.001592,17436568.0,S
14040,2018-12-04,-0.017544,17495465.0,S
14040,2018-12-06,-0.00487,17533853.0,S
14040,2018-12-07,-0.019576,13121102.0,S
14040,2018-12-10,-0.013311,16076252.0,S
14040,2018-12-11,0.001686,7749337.0,S
14040,2018-12-12,0.016835,15516826.0,S
14040,2018-12-13,0.004967,10778925.0,S
14040,2018-12-14,-0.016475,11548261.0,S
14040,2018-12-17,-0.025126,16523405.0,S
14040,2018-12-18,0.015464,15709327.0,S
14040,2018-12-19,0.011844,14266740.0,S
14040,2018-12-20,0.0,27626807.0,S
14040,2018-12-21,-0.031773,18610649.0,S
14040,2018-12-24,-0.031088,13928650.0,S
14040,2018-12-26,0.051693,15731953.0,S
14040,2018-12-27,-0.008475,7817311.0,S
14040,2018-12-28,-0.001709,7717932.0,S
14040,2018-12-31,-0.003425,8886766.0,S
14040,2019-01-02,0.034364,14944085.0,S
14040,2019-01-03,-0.001661,8521513.0,S
14040,2019-01-04,0.033278,12364852.0,S
14040,2019-01-07,0.017713,8823778.0,S
14040,2019-01-08,-0.004747,6943410.0,S
14040,2019-01-09,-0.004769,9698913.0,S
14040,2019-01-10,0.003195,12026991.0,S
14040,2019-01-11,0.014331,13963332.0,S
14040,2019-01-14,-0.021978,14392685.0,S
14040,2019-01-15,-0.019262,9759435.0,S
14040,2019-01-16,-0.00982,9510995.0,S
14040,2019-01-17,-0.006612,13623638.0,S
14040,2019-01-18,0.009983,8620239.0,S
14040,2019-01-22,-0.004942,17559021.0,S
14040,2019-01-23,0.021523,10361385.0,S
14040,2019-01-24,0.012966,15685135.0,S
14040,2019-01-25,-0.0112,9731756.0,S
14040,2019-01-28,-0.022654,12559968.0,S
14040,2019-01-29,-0.001656,11492986.0,S
14040,2019-01-30,0.001658,6581098.0,S
14040,2019-01-31,0.033113,20190140.0,S
14040,2019-02-01,-0.003205,9742905.0,S
14040,2019-02-04,0.003215,8190208.0,S
14040,2019-02-05,-0.059295,24559021.0,S
14040,2019-02-06,-0.005111,15559688.0,S
14040,2019-02-07,0.010274,26282794.0,S
14040,2019-02-08,0.0,16713620.0,S
14040,2019-02-11,0.008475,13142423.0,S
14040,2019-02-12,0.031933,16417784.0,S
14040,2019-02-13,-0.001629,11850864.0,S
14040,2019-02-14,0.008157,12578233.0,S
14040,2019-02-15,0.019418,10302610.0,S
14040,2019-02-19,0.004762,15202342.0,S
14040,2019-02-20,-0.00316,22288356.0,S
14040,2019-02-21,0.026941,15466771.0,S
14040,2019-02-22,-0.006173,13318703.0,S
14040,2019-02-25,0.0,20620232.0,S
14040,2019-02-26,-0.015528,17361429.0,S
14040,2019-02-27,0.001577,13103790.0,S
14040,2019-02-28,0.0,11780380.0,S
14040,2019-03-01,0.007874,9734893.0,S
14040,2019-03-04,0.003125,10585078.0,S
14040,2019-03-05,-0.004673,19704373.0,S
14040,2019-03-06,-0.023474,26542903.0,S
14040,2019-03-07,0.009615,12735173.0,S
14040,2019-03-08,-0.031746,13497214.0,S
14040,2019-03-11,0.006557,11704346.0,S
14040,2019-03-12,0.013029,15669976.0,S
14040,2019-03-13,0.012862,16367331.0,S
14040,2019-03-14,-0.006349,8167862.0,S
14040,2019-03-15,0.020767,10686453.0,S
14040,2019-03-18,0.01252,11367221.0,S
14040,2019-03-19,-0.017002,13170944.0,S
14040,2019-03-20,-0.012579,6265684.0,S
14040,2019-03-21,0.001592,7163532.0,S
14040,2019-03-22,-0.006359,6830591.0,S
14040,2019-03-25,0.0064,10192449.0,S
14040,2019-03-26,0.017488,14504509.0,S
14040,2019-03-27,-0.057813,31523118.0,S
14040,2019-03-28,-0.06136,28590945.0,S
14040,2019-03-29,-0.001767,20661452.0,S
14040,2019-04-01,-0.00531,14515027.0,S
14040,2019-04-02,0.0,16201473.0,S
14040,2019-04-03,-0.005338,12890918.0,S
14040,2019-04-04,0.007156,11568364.0,S
14040,2019-04-05,0.0,12330172.0,S
14040,2019-04-08,0.024867,13084134.0,S
14040,2019-04-09,0.010399,11712829.0,S
14040,2019-04-10,0.018868,10382015.0,S
14040,2019-04-11,0.006734,14949860.0,S
14040,2019-04-12,0.020067,16390724.0,S
14040,2019-04-15,-0.036066,16403673.0,S
14040,2019-04-16,0.022109,17105604.0,S
14040,2019-04-17,-0.061564,46764451.0,S
14040,2019-04-18,0.02305,12245036.0,S
14040,2019-04-22,0.019064,14095865.0,S
14040,2019-04-23,-0.028912,23697042.0,S
14040,2019-04-24,-0.015762,21797102.0,S
14040,2019-04-25,-0.001779,14801155.0,S
14040,2019-04-26,-0.012478,15540989.0,S
14040,2019-04-29,0.0,17089425.0,S
14040,2019-04-30,0.00722,10245942.0,S
14040,2019-05-01,-0.003584,13622213.0,S
14040,2019-05-02,-0.014389,20036761.0,S
14040,2019-05-03,0.058394,26888732.0,S
14040,2019-05-06,-0.010345,12324762.0,S
14040,2019-05-07,0.008711,26294595.0,S
14040,2019-05-08,-0.029361,18029091.0,S
14040,2019-05-09,0.064057,22318393.0,S
14040,2019-05-10,0.035117,20970392.0,S
14040,2019-05-13,-0.027464,23873053.0,S
14040,2019-05-14,-0.004983,16113018.0,S
14040,2019-05-15,0.013356,13366000.0,S
14040,2019-05-16,0.001647,24185119.0,S
14040,2019-05-17,0.016447,28874786.0,S
14040,2019-05-20,0.187702,166194673.0,S
14040,2019-05-21,-0.016349,51751462.0,S
14040,2019-05-22,-0.076177,52395968.0,S
14040,2019-05-23,0.041979,37122169.0,S
14040,2019-05-24,0.030216,21663675.0,S
14040,2019-05-28,-0.034916,27473377.0,S
14040,2019-05-29,-0.015919,17142670.0,S
14040,2019-05-30,0.052941,38941770.0,S
14040,2019-05-31,-0.040503,28905024.0,S
14040,2019-06-03,-0.0131,19760433.0,S
14040,2019-06-04,0.029499,20298045.0,S
14040,2019-06-05,0.012894,20166005.0,S
14040,2019-06-06,-0.01273,17039101.0,S
14040,2019-06-07,0.017192,13350185.0,S
14040,2019-06-10,-0.015493,11478428.0,S
14040,2019-06-11,-0.058655,36177015.0,S
14040,2019-06-12,0.007599,34782638.0,S
14040,2019-06-13,0.027149,25365956.0,S
14040,2019-06-14,0.029369,33156909.0,S
14040,2019-06-17,0.012839,21127255.0,S
14040,2019-06-18,0.01831,33587636.0,S
14040,2019-06-19,0.030429,24037364.0,S
14040,2019-06-20,-0.006711,21186911.0,S
14040,2019-06-21,-0.071622,30240639.0,S
14040,2019-06-24,-0.004367,14101417.0,S
14040,2019-06-25,-0.001462,12443940.0,S
14040,2019-06-26,-0.039532,23214542.0,S
14040,2019-06-27,0.004573,11648201.0,S
14040,2019-06-28,-0.003035,16655682.0,S
14040,2019-07-01,0.001522,14667917.0,S
14040,2019-07-02,0.045593,23024770.0,S
14040,2019-07-03,0.014535,17158716.0,S
14040,2019-07-05,0.008596,10614199.0,S
14040,2019-07-08,-0.024148,12416026.0,S
14040,2019-07-09,-0.004367,8710936.0,S
14040,2019-07-10,0.046784,27699621.0,S
14040,2019-07-11,-0.034916,28538926.0,S
14040,2019-07-12,0.027496,19480068.0,S
14040,2019-07-15,0.001408,14444559.0,S
14040,2019-07-16,0.015471,22831118.0,S
14040,2019-07-17,-0.018006,11576180.0,S
14040,2019-07-18,-0.023977,23185403.0,S
14040,2019-07-19,0.004335,27574969.0,S
14040,2019-07-22,0.007194,45783983.0,S
14040,2019-07-23,0.012857,22037845.0,S
14040,2019-07-24,0.080395,55840535.0,S
14040,2019-07-25,-0.028721,48227102.0,S
14040,2019-07-26,0.073925,70984378.0,S
14040,2019-07-29,-0.026283,20599814.0,S
14040,2019-07-30,-0.033419,25942487.0,S
14040,2019-07-31,-0.025266,27485591.0,S
14040,2019-08-01,-0.020464,25057578.0,S
14040,2019-08-02,-0.058496,35396506.0,S
14040,2019-08-05,-0.014793,22056432.0,S
14040,2019-08-06,0.007508,20932056.0,S
14040,2019-08-07,0.002981,11488420.0,S
14040,2019-08-08,0.017831,10888033.0,S
14040,2019-08-09,-0.005839,8241274.0,S
14040,2019-08-12,-0.008811,7608935.0,S
14040,2019-08-13,0.007407,13602817.0,S
14040,2019-08-14,-0.001471,19186165.0,S
14040,2019-08-15,0.010309,13564241.0,S
14040,2019-08-16,0.007289,8733532.0,S
14040,2019-08-19,0.007236,6158821.0,S
14040,2019-08-20,-0.022989,9971092.0,S
14040,2019-08-21,0.002941,5345577.0,S
14040,2019-08-22,0.007331,6276849.0,S
14040,2019-08-23,-0.018923,7355710.0,S
14040,2019-08-26,0.016321,4404234.0,S
14040,2019-08-27,-0.021898,7975443.0,S
14040,2019-08-28,0.017911,7779795.0,S
14040,2019-08-29,0.0,6803370.0,S
14040,2019-08-30,-0.004399,5453315.0,S
14040,2019-09-03,-0.013255,10094729.0,S
14040,2019-09-04,0.008955,8391564.0,S
14040,2019-09-05,0.0,8283379.0,S
14040,2019-09-06,0.008876,11249038.0,S
14040,2019-09-09,0.013196,7864276.0,S
14040,2019-09-10,-0.005789,4759905.0,S
14040,2019-09-11,0.008734,7050081.0,S
14040,2019-09-12,-0.002886,7217638.0,S
14040,2019-09-13,-0.011577,5276147.0,S
14040,2019-09-16,0.001464,3956342.0,S
14040,2019-09-17,-0.008772,9665012.0,S
14040,2019-09-18,-0.007375,12096574.0,S
14040,2019-09-19,0.001486,4795759.0,S
14040,2019-09-20,-0.023739,12567431.0,S
14040,2019-09-23,0.00152,9182137.0,S
14040,2019-09-24,-0.033384,22420479.0,S
14040,2019-09-25,-0.00471,21443317.0,S
14040,2019-09-26,-0.023659,13088731.0,S
14040,2019-09-27,-0.022617,19479055.0,S
14040,2019-09-30,0.019835,16435778.0,S
14040,2019-10-01,-0.001621,14513189.0,S
14040,2019-10-02,-0.029221,12547496.0,S
14040,2019-10-03,-0.003344,19584233.0,S
14040,2019-10-04,0.018456,19326361.0,S
14040,2019-10-07,0.008237,19454737.0,S
14040,2019-10-08,0.001634,13518963.0,S
14040,2019-10-09,0.001631,11041989.0,S
14040,2019-10-10,0.021173,16682139.0,S
14040,2019-10-11,0.023924,15379350.0,S
14040,2019-10-14,-0.010904,5682160.0,S
14040,2019-10-15,0.020473,9817559.0,S
14040,2019-10-16,-0.006173,10553543.0,S
14040,2019-10-17,0.0,36480366.0,S
14040,2019-10-18,-0.003106,18189898.0,S
14040,2019-10-21,0.0,14423447.0,S
14040,2019-10-22,-0.010904,10782654.0,S
14040,2019-10-23,0.006299,9766801.0,S
14040,2019-10-24,-0.017214,9843959.0,S
14040,2019-10-25,0.015924,9536150.0,S
14040,2019-10-28,-0.009404,17862908.0,S
14040,2019-10-29,-0.02057,41813500.0,S
14040,2019-10-30,0.011309,17227665.0,S
14040,2019-10-31,-0.007987,10221049.0,S
14040,2019-11-01,0.014493,12162335.0,S
14040,2019-11-04,-0.02381,13425139.0,S
14040,2019-11-05,-0.001626,13007702.0,S
14040,2019-11-06,0.001629,17081244.0,S
14040,2019-11-07,0.006504,27456410.0,S
14040,2019-11-08,-0.012924,10131832.0,S
14040,2019-11-11,-0.032733,19915050.0,S
14040,2019-11-12,-0.006768,15201223.0,S
14040,2019-11-13,0.032368,16653309.0,S
14040,2019-11-14,-0.031353,10669853.0,S
14040,2019-11-15,-0.006814,18639924.0,S
14040,2019-11-18,0.005146,17799990.0,S
14040,2019-11-19,-0.020478,8259997.0,S
14040,2019-11-20,-0.019164,10511157.0,S
14040,2019-11-21,0.0,10077952.0,S
14040,2019-11-22,0.019538,11383726.0,S
14040,2019-11-25,0.034843,29826028.0,S
14040,2019-11-26,0.003367,13917020.0,S
14040,2019-11-27,-0.008389,9305602.0,S
14040,2019-11-29,0.001692,4664484.0,S
14040,2019-12-02,-0.030406,22900091.0,S
14040,2019-12-03,-0.008711,19219007.0,S
14040,2019-12-04,-0.00703,9546313.0,S
14040,2019-12-05,-0.042478,16237251.0,S
14040,2019-12-06,0.022181,27573493.0,S
14040,2019-12-09,-0.023508,25221780.0,S
14040,2019-12-10,-0.011111,9150329.0,S
14040,2019-12-11,-0.016854,9109213.0,S
14040,2019-12-12,-0.011429,12271472.0,S
14040,2019-12-13,0.003854,14356792.0,S
14040,2019-12-16,-0.003839,11984852.0,S
14040,2019-12-17,0.001927,7242578.0,S
14040,2019-12-18,0.009615,17558597.0,S
14040,2019-12-19,0.007619,14875200.0,S
14040,2019-12-20,0.018904,19249542.0,S
14040,2019-12-23,-0.029685,12110949.0,S
14040,2019-12-24,0.005736,5520932.0,S
14040,2019-12-26,-0.013308,6445031.0,S
14040,2019-12-27,0.001927,4732873.0,S
14040,2019-12-30,0.003846,6233411.0,S
14040,2019-12-31,-0.001916,8978115.0,S
14040,2020-01-02,0.001919,8499557.0,S
14040,2020-01-03,-0.007663,9408941.0,S
14040,2020-01-06,0.009653,10543723.0,S
14040,2020-01-07,-0.017208,16367062.0,S
14040,2020-01-08,0.001946,12550664.0,S
14040,2020-01-09,-0.029126,22599668.0,S
14040,2020-01-10,-0.024,17729026.0,S
14040,2020-01-13,0.002049,15182770.0,S
14040,2020-01-14,-0.006135,12800650.0,S
14040,2020-01-15,0.0,14274544.0,S
14040,2020-01-16,0.012346,13504636.0,S
14040,2020-01-17,-0.020325,27158446.0,S
14040,2020-01-21,0.03527,36864733.0,S
14040,2020-01-22,0.006012,12563016.0,S
14040,2020-01-23,0.003984,9754771.0,S
14040,2020-01-24,-0.041667,18846661.0,S
14040,2020-01-27,-0.041408,16601296.0,S
14040,2020-01-28,0.00432,15451885.0,S
14040,2020-01-29,-0.019355,15999927.0,S
14040,2020-01-30,-0.02193,9318642.0,S
14040,2020-01-31,-0.020179,11579672.0,S
14040,2020-02-03,-0.020595,10323931.0,S
14040,2020-02-04,0.060748,14855624.0,S
14040,2020-02-05,0.017621,13996536.0,S
14040,2020-02-06,0.019481,10764307.0,S
14040,2020-02-07,0.046709,16805710.0,S
14040,2020-02-10,-0.026369,23102597.0,S
14040,2020-02-11,0.775,227290487.0,S
14040,2020-02-12,0.00939,73055079.0,S
14040,2020-02-13,0.00814,46004914.0,S
14040,2020-02-14,0.002307,25435797.0,S
14040,2020-02-18,0.055236,48307902.0,S
14040,2020-02-19,0.034896,39929432.0,S
14040,2020-02-20,-0.001054,64830473.0,S
14040,2020-02-21,0.060127,111246435.0,S
14040,2020-02-24,-0.022886,30147209.0,S
14040,2020-02-25,-0.01833,28886536.0,S
14040,2020-02-26,-0.009336,24139940.0,S
14040,2020-02-27,-0.026178,35647073.0,S
14040,2020-02-28,-0.011828,43602362.0,S
14040,2020-03-02,0.035909,25690311.0,S
14040,2020-03-03,-0.044118,22675312.0,S
14040,2020-03-04,0.051648,22301787.0,S
14040,2020-03-05,-0.044932,22889776.0,S
14040,2020-03-06,-0.021882,22151045.0,S
14040,2020-03-09,-0.098434,39472879.0,S
14040,2020-03-10,0.065757,26156676.0,S
14040,2020-03-11,0.030268,41294896.0,S
14040,2020-03-12,-0.126554,46993181.0,S
14040,2020-03-13,0.126779,21074135.0,S
14040,2020-03-16,-0.112514,16160999.0,S
14040,2020-03-17,0.023286,31637102.0,S
14040,2020-03-18,-0.050569,32556278.0,S
14040,2020-03-19,0.066578,47558769.0,S
14040,2020-03-20,-0.06367,38540033.0,S
14040,2020-03-23,0.017333,37014853.0,S
14040,2020-03-24,0.051114,24500602.0,S
14040,2020-03-25,-0.003741,30863456.0,S
14040,2020-03-26,0.077597,22238925.0,S
14040,2020-03-27,-0.037166,21187454.0,S
14040,2020-03-30,0.018094,26624657.0,S
14040,2020-03-31,0.021327,27087840.0,S
39087,2008-01-02,-0.009139,18586900.0,S
39087,2008-01-03,-0.003075,26008100.0,S
39087,2008-01-04,-0.010794,28526000.0,S
39087,2008-01-07,0.009353,31359800.0,S
39087,2008-01-08,-0.030888,23116500.0,S
39087,2008-01-09,-0.016733,25205800.0,S
39087,2008-01-10,0.038898,20712000.0,S
39087,2008-01-11,-0.044462,18115400.0,S
39087,2008-01-14,0.00898,27136400.0,S
39087,2008-01-15,-0.002427,18609100.0,S
39087,2008-01-16,-0.040552,38891600.0,S
39087,2008-01-17,-0.021978,23087000.0,S
39087,2008-01-18,-0.248055,229979000.0,S
39087,2008-01-22,0.011494,62395800.0,S
39087,2008-01-23,-0.009091,72056700.0,S
39087,2008-01-24,0.042431,41990700.0,S
39087,2008-01-25,0.031903,31004500.0,S
39087,2008-01-28,0.0629,38211700.0,S
39087,2008-01-29,0.08325,42507600.0,S
39087,2008-01-30,-0.040741,34657000.0,S
39087,2008-01-31,0.016409,22192600.0,S
39087,2008-02-01,-0.008547,20713700.0,S
39087,2008-02-04,0.028736,19584300.0,S
39087,2008-02-05,-0.081006,28517000.0,S
39087,2008-02-06,-0.025329,20042700.0,S
39087,2008-02-07,-0.006237,22426200.0,S
39087,2008-02-08,-0.012552,21703300.0,S
39087,2008-02-11,0.03072,17113000.0,S
39087,2008-02-12,0.026722,25677500.0,S
39087,2008-02-13,0.014014,13801400.0,S
39087,2008-02-14,-0.043435,19397300.0,S
39087,2008-02-15,-0.012384,26962000.0,S
39087,2008-02-19,-0.035528,41031200.0,S
39087,2008-02-20,-0.056338,76860200.0,S
39087,2008-02-21,-0.022962,49704000.0,S
39087,2008-02-22,0.047004,38532100.0,S
39087,2008-02-25,0.004489,20761900.0,S
39087,2008-02-26,0.037989,24668900.0,S
39087,2008-02-27,-0.036599,31357400.0,S
39087,2008-02-28,-0.096089,126008800.0,S
39087,2008-02-29,-0.121137,90838800.0,S
39087,2008-03-03,-0.018284,72005700.0,S
39087,2008-03-04,-0.014327,49980500.0,S
39087,2008-03-05,0.017442,79533200.0,S
39087,2008-03-06,-0.028571,49746500.0,S
39087,2008-03-07,0.030882,54175800.0,S
39087,2008-03-10,-0.04137,39971500.0,S
39087,2008-03-11,-0.081845,106890500.0,S
39087,2008-03-12,0.008104,58796900.0,S
39087,2008-03-13,-0.036978,37084200.0,S
39087,2008-03-14,0.005008,37295200.0,S
39087,2008-03-17,-0.059801,34427800.0,S
39087,2008-03-18,0.045936,49277800.0,S
39087,2008-03-19,-0.048987,32623800.0,S
39087,2008-03-20,0.131439,57613400.0,S
39087,2008-03-24,0.032967,28863000.0,S
39087,2008-03-25,-0.024316,37713400.0,S
39087,2008-03-26,0.015576,48558700.0,S
39087,2008-03-27,-0.004601,39857400.0,S
39087,2008-03-28,-0.012327,41953600.0,S
39087,2008-03-31,0.043682,41115400.0,S
39087,2008-04-01,-0.001495,48199100.0,S
39087,2008-04-02,-0.011976,33649200.0,S
39087,2008-04-03,0.006061,20675000.0,S
39087,2008-04-04,-0.018072,18224100.0,S
39087,2008-04-07,0.044479,31063100.0,S
39087,2008-04-08,-0.024963,26585800.0,S
39087,2008-04-09,-0.016566,27486100.0,S
39087,2008-04-10,0.007657,33128500.0,S
39087,2008-04-11,-0.016717,33149900.0,S
39087,2008-04-14,-0.007728,23943100.0,S
39087,2008-04-15,-0.017134,29215500.0,S
39087,2008-04-16,0.019017,28324800.0,S
39087,2008-04-17,-0.006221,19073300.0,S
39087,2008-04-18,0.043819,24361700.0,S
39087,2008-04-21,0.004498,20275100.0,S
39087,2008-04-22,0.052239,38615400.0,S
39087,2008-04-23,0.087943,57050100.0,S
39087,2008-04-24,0.023468,29746900.0,S
39087,2008-04-25,0.007643,26318500.0,S
39087,2008-04-28,-0.016435,17644800.0,S
39087,2008-04-29,0.03856,22058400.0,S
39087,2008-04-30,-0.011139,29053500.0,S
39087,2008-05-01,0.003755,33707300.0,S
39087,2008-05-02,-0.01621,38921900.0,S
39087,2008-05-05,0.105197,92228900.0,S
39087,2008-05-06,0.053899,59280100.0,S
39087,2008-05-07,-0.003264,71285100.0,S
39087,2008-05-08,-0.019651,44516800.0,S
39087,2008-05-09,0.044544,80437700.0,S
39087,2008-05-12,-0.014925,71111900.0,S
39087,2008-05-13,-0.019481,23925400.0,S
39087,2008-05-14,0.024283,32962100.0,S
39087,2008-05-15,0.012931,26443100.0,S
39087,2008-05-16,-0.024468,37239300.0,S
39087,2008-05-19,0.010905,36929000.0,S
39087,2008-05-20,0.0,25192100.0,S
39087,2008-05-21,-0.033441,30216400.0,S
39087,2008-05-22,-0.006696,17836300.0,S
39087,2008-05-23,-0.024719,25128300.0,S
39087,2008-05-27,-0.02765,28405500.0,S
39087,2008-05-28,0.043839,33515800.0,S
39087,2008-05-29,0.051078,27053100.0,S
39087,2008-05-30,0.010799,18689600.0,S
39087,2008-06-02,0.00641,15356500.0,S
39087,2008-06-03,-0.004246,31654200.0,S
39087,2008-06-04,-0.013859,39772100.0,S
39087,2008-06-05,-0.005405,37661500.0,S
39087,2008-06-06,-0.017391,45025400.0,S
39087,2008-06-09,-0.024336,16130100.0,S
39087,2008-06-10,-0.026077,19822500.0,S
39087,2008-06-11,-0.016298,25445300.0,S
39087,2008-06-12,-0.043787,41822000.0,S
39087,2008-06-13,0.013614,31135200.0,S
39087,2008-06-16,0.001221,31399000.0,S
39087,2008-06-17,0.017073,24137600.0,S
39087,2008-06-18,-0.014389,43645700.0,S
39087,2008-06-19,0.007299,17751600.0,S
39087,2008-06-20,-0.044686,29247400.0,S
39087,2008-06-23,-0.02402,25820400.0,S
39087,2008-06-24,0.050518,33110200.0,S
39087,2008-06-25,0.054254,52087700.0,S
39087,2008-06-26,0.033918,64799700.0,S
39087,2008-06-27,0.007919,59307600.0,S
39087,2008-06-30,0.066218,60373800.0,S
39087,2008-07-01,-0.070526,41858800.0,S
39087,2008-07-02,-0.010193,29287300.0,S
39087,2008-07-03,-0.026316,22469200.0,S
39087,2008-07-07,0.014101,33127600.0,S
39087,2008-07-08,0.038239,24464300.0,S
39087,2008-07-09,-0.040179,25964900.0,S
39087,2008-07-10,-0.002326,18798800.0,S
39087,2008-07-11,-0.017483,19613700.0,S
39087,2008-07-14,-0.020166,14930900.0,S
39087,2008-07-15,0.094431,84035000.0,S
39087,2008-07-16,-0.038717,40526600.0,S
39087,2008-07-17,-0.043728,29258400.0,S
39087,2008-07-18,0.026474,22809100.0,S
39087,2008-07-21,0.005862,15093700.0,S
39087,2008-07-22,-0.018648,20229300.0,S
39087,2008-07-23,0.010689,20336100.0,S
39087,2008-07-24,-0.001175,23643200.0,S
39087,2008-07-25,0.028235,20322700.0,S
39087,2008-07-28,-0.032037,17645300.0,S
39087,2008-07-29,0.003546,20774900.0,S
39087,2008-07-30,-0.017668,29275400.0,S
39087,2008-07-31,-0.023981,36221100.0,S
39087,2008-08-01,-0.006143,15173500.0,S
39087,2008-08-04,0.004944,12719800.0,S
39087,2008-08-05,0.051661,39945300.0,S
39087,2008-08-06,-0.14152,119173900.0,S
39087,2008-08-07,0.061308,298388800.0,S
39087,2008-08-08,0.119384,66833000.0,S
39087,2008-08-11,0.009174,47422600.0,S
39087,2008-08-12,-0.013636,26690700.0,S
39087,2008-08-13,-0.003456,23071800.0,S
39087,2008-08-14,0.018497,24578600.0,S
39087,2008-08-15,0.059024,45248200.0,S
39087,2008-08-18,-0.022508,31324400.0,S
39087,2008-08-19,-0.009868,39585800.0,S
39087,2008-08-20,0.008859,20342100.0,S
39087,2008-08-21,-0.01427,33011400.0,S
39087,2008-08-22,0.028953,22471400.0,S
39087,2008-08-25,-0.03355,15674400.0,S
39087,2008-08-26,-0.017917,13294900.0,S
39087,2008-08-27,0.021665,14473500.0,S
39087,2008-08-28,-0.006696,15243700.0,S
39087,2008-08-29,-0.020225,14339900.0,S
39087,2008-09-02,0.012615,17607900.0,S
39087,2008-09-03,-0.029445,23489300.0,S
39087,2008-09-04,-0.061844,28139000.0,S
39087,2008-09-05,-0.006219,25664000.0,S
39087,2008-09-08,-0.006258,33750800.0,S
39087,2008-09-09,-0.018892,31657600.0,S
39087,2008-09-10,-0.066752,46623400.0,S
39087,2008-09-11,-0.017882,43999400.0,S
39087,2008-09-12,0.007003,31575000.0,S
39087,2008-09-15,-0.057024,44863500.0,S
39087,2008-09-16,-0.030974,45757700.0,S
39087,2008-09-17,-0.118721,65249700.0,S
39087,2008-09-18,0.084629,59940200.0,S
39087,2008-09-19,0.138535,56523300.0,S
39087,2008-09-22,-0.090909,36255000.0,S
39087,2008-09-23,0.041539,41429200.0,S
39087,2008-09-24,-0.019202,28386500.0,S
39087,2008-09-25,0.045181,33404400.0,S
39087,2008-09-26,-0.001441,20609000.0,S
39087,2008-09-29,-0.119769,34036700.0,S
39087,2008-09-30,0.0,42795200.0,S
39087,2008-10-01,0.072131,48105900.0,S
39087,2008-10-02,-0.077982,32552700.0,S
39087,2008-10-03,-0.054726,48995500.0,S
39087,2008-10-06,-0.073684,54051500.0,S
39087,2008-10-07,-0.079546,48802000.0,S
39087,2008-10-08,-0.08642,36356200.0,S
39087,2008-10-09,-0.153153,38491200.0,S
39087,2008-10-10,-0.050532,53151400.0,S
39087,2008-10-13,0.179272,28812200.0,S
39087,2008-10-14,-0.04038,39105700.0,S
39087,2008-10-15,-0.175743,43459700.0,S
39087,2008-10-16,0.0,50570200.0,S
39087,2008-10-17,-0.081081,49302200.0,S
39087,2008-10-20,0.160131,40850700.0,S
39087,2008-10-21,0.076056,40084700.0,S
39087,2008-10-22,-0.091623,30711300.0,S
39087,2008-10-23,0.002882,34560000.0,S
39087,2008-10-24,-0.091954,43625100.0,S
39087,2008-10-27,-0.075949,23123900.0,S
39087,2008-10-28,0.143836,37381000.0,S
39087,2008-10-29,-0.047904,31465600.0,S
39087,2008-10-30,0.097484,26204500.0,S
39087,2008-10-31,-0.103152,46043000.0,S
39087,2008-11-03,0.277955,33463700.0,S
39087,2008-11-04,0.0375,31086400.0,S
39087,2008-11-05,-0.106024,28287900.0,S
39087,2008-11-06,-0.008086,39249600.0,S
39087,2008-11-07,-0.084239,48282100.0,S
39087,2008-11-10,-0.041543,47728000.0,S
39087,2008-11-11,-0.216718,42226700.0,S
39087,2008-11-12,-0.229249,99964100.0,S
39087,2008-11-13,0.148718,93758600.0,S
39087,2008-11-14,0.026786,59879600.0,S
39087,2008-11-17,-0.052174,38053300.0,S
39087,2008-11-18,-0.013762,40041200.0,S
39087,2008-11-19,-0.125581,49283800.0,S
39087,2008-11-20,-0.271277,67358900.0,S
39087,2008-11-21,0.248175,64589700.0,S
39087,2008-11-24,0.28655,54878600.0,S
39087,2008-11-25,0.059091,35588000.0,S
39087,2008-11-26,0.072961,21404800.0,S
39087,2008-11-28,0.116,11393800.0,S
39087,2008-12-01,-0.243728,31054400.0,S
39087,2008-12-02,0.260664,38738300.0,S
39087,2008-12-03,-0.033835,34710800.0,S
39087,2008-12-04,-0.027237,22456100.0,S
39087,2008-12-05,0.04,17511200.0,S
39087,2008-12-08,0.05,30953300.0,S
39087,2008-12-09,-0.069597,27415600.0,S
39087,2008-12-10,-0.047244,26733200.0,S
39087,2008-12-11,-0.140496,31178700.0,S
39087,2008-12-12,-0.057692,32293200.0,S
39087,2008-12-15,-0.071429,43781500.0,S
39087,2008-12-16,0.087912,43453400.0,S
39087,2008-12-17,-0.065657,27887600.0,S
39087,2008-12-18,-0.027027,46748300.0,S
39087,2008-12-19,0.077778,43062100.0,S
39087,2008-12-22,-0.149485,63005700.0,S
39087,2008-12-23,0.0,38362600.0,S
39087,2008-12-24,-0.042424,12817000.0,S
39087,2008-12-26,0.06962,10494500.0,S
39087,2008-12-29,0.035503,24098200.0,S
39087,2008-12-30,0.091429,30353200.0,S
39087,2008-12-31,-0.041885,30365100.0,S
39087,2009-01-02,0.065574,51304600.0,S
39087,2009-01-05,0.087179,52683200.0,S
39087,2009-01-06,0.09434,55339800.0,S
39087,2009-01-07,0.025862,37302900.0,S
39087,2009-01-08,0.084034,47689200.0,S
39087,2009-01-09,0.003876,59549700.0,S
39087,2009-01-12,-0.054054,31950200.0,S
39087,2009-01-13,0.012245,45330200.0,S
39087,2009-01-14,-0.084677,46020700.0,S
39087,2009-01-15,0.008811,51533500.0,S
39087,2009-01-16,-0.034935,41099200.0,S
39087,2009-01-20,-0.067873,34509000.0,S
39087,2009-01-21,0.087379,40945600.0,S
39087,2009-01-22,0.0625,46095300.0,S
39087,2009-01-23,0.033613,50031500.0,S
39087,2009-01-26,0.012195,42048400.0,S
39087,2009-01-27,-0.02008,41145000.0,S
39087,2009-01-28,0.098361,60978700.0,S
39087,2009-01-29,-0.041045,29107700.0,S
39087,2009-01-30,-0.054475,31959800.0,S
39087,2009-02-02,-0.00823,20018500.0,S
39087,2009-02-03,0.049793,28898300.0,S
39087,2009-02-04,-0.051383,29395600.0,S
39087,2009-02-05,-0.033333,33612700.0,S
39087,2009-02-06,0.064655,29687000.0,S
39087,2009-02-09,-0.008097,30840200.0,S
39087,2009-02-10,-0.110204,50977400.0,S
39087,2009-02-11,0.077982,42324300.0,S
39087,2009-02-12,0.06383,51449800.0,S
39087,2009-02-13,0.128,48850400.0,S
39087,2009-02-17,-0.021277,57429500.0,S
39087,2009-02-18,-0.018116,57723000.0,S
39087,2009-02-19,0.199262,156470900.0,S
39087,2009-02-20,-0.009231,77502200.0,S
39087,2009-02-23,0.02795,64911200.0,S
39087,2009-02-24,0.081571,74971900.0,S
39087,2009-02-25,0.002793,59342500.0,S
39087,2009-02-26,-0.030641,49179000.0,S
39087,2009-02-27,-0.054598,80636100.0,S
39087,2009-03-02,-0.045593,34225200.0,S
39087,2009-03-03,0.044586,81767500.0,S
39087,2009-03-04,0.012195,70555800.0,S
39087,2009-03-05,-0.075301,34456300.0,S
39087,2009-03-06,-0.009772,32204700.0,S
39087,2009-03-09,0.026316,41199000.0,S
39087,2009-03-10,0.134615,47162500.0,S
39087,2009-03-11,-0.002825,29594100.0,S
39087,2009-03-12,0.084986,61391400.0,S
39087,2009-03-13,0.08094,50276000.0,S
39087,2009-03-16,-0.137681,61425100.0,S
39087,2009-03-17,0.014006,45279000.0,S
39087,2009-03-18,0.035912,39005500.0,S
39087,2009-03-19,0.010667,37545100.0,S
39087,2009-03-20,-0.08971,43145600.0,S
39087,2009-03-23,0.072464,51504200.0,S
39087,2009-03-24,-0.002703,29541400.0,S
39087,2009-03-25,0.00271,37091100.0,S
39087,2009-03-26,0.056757,30242000.0,S
39087,2009-03-27,0.012788,26830700.0,S
39087,2009-03-30,-0.098485,41262200.0,S
39087,2009-03-31,0.0,26991600.0,S
39087,2009-04-01,0.112045,38705400.0,S
39087,2009-04-02,0.078086,68020100.0,S
39087,2009-04-03,-0.021028,39805600.0,S
39087,2009-04-06,0.052506,31287200.0,S
39087,2009-04-07,-0.013605,36776800.0,S
39087,2009-04-08,-0.036782,29393000.0,S
39087,2009-04-09,0.023866,29441800.0,S
39087,2009-04-13,-0.02331,18163600.0,S
39087,2009-04-14,-0.038186,21342900.0,S
39087,2009-04-15,0.049628,27601200.0,S
39087,2009-04-16,-0.023641,23477900.0,S
39087,2009-04-17,-0.004843,22585400.0,S
39087,2009-04-20,-0.058394,26900300.0,S
39087,2009-04-21,0.098191,38781500.0,S
39087,2009-04-22,-0.023529,24636400.0,S
39087,2009-04-23,0.009639,28169300.0,S
39087,2009-04-24,-0.002387,18478800.0,S
39087,2009-04-27,-0.021531,17427500.0,S
39087,2009-04-28,0.017115,26498900.0,S
39087,2009-04-29,0.019231,30160700.0,S
39087,2009-04-30,0.028302,38692100.0,S
39087,2009-05-01,0.071101,48735800.0,S
39087,2009-05-04,0.070664,96997800.0,S
39087,2009-05-05,0.07,47473200.0,S
39087,2009-05-06,0.001869,39882200.0,S
39087,2009-05-07,-0.02612,45131500.0,S
39087,2009-05-08,0.003831,27323900.0,S
39087,2009-05-11,0.032443,26387800.0,S
39087,2009-05-12,-0.014787,31480800.0,S
39087,2009-05-13,-0.067542,26816000.0,S
39087,2009-05-14,0.050302,23184800.0,S
39087,2009-05-15,-0.032567,27771900.0,S
39087,2009-05-18,0.053465,27255300.0,S
39087,2009-05-19,0.033835,33169200.0,S
39087,2009-05-20,0.014545,34557500.0,S
39087,2009-05-21,-0.055556,26270100.0,S
39087,2009-05-22,-0.020873,18481200.0,S
39087,2009-05-26,0.007752,31257600.0,S
39087,2009-05-27,-0.025,40795700.0,S
39087,2009-05-28,0.013807,55046600.0,S
39087,2009-05-29,0.001946,24408400.0,S
39087,2009-06-01,-0.029126,35039400.0,S
39087,2009-06-02,0.012,50503400.0,S
39087,2009-06-03,-0.041502,49045300.0,S
39087,2009-06-04,0.037114,35921700.0,S
39087,2009-06-05,0.015905,45088300.0,S
39087,2009-06-08,-0.029354,49193300.0,S
39087,2009-06-09,-0.002016,40663100.0,S
39087,2009-06-10,-0.022222,53958600.0,S
39087,2009-06-11,0.049587,77227100.0,S
39087,2009-06-12,0.041339,63681500.0,S
39087,2009-06-15,0.009452,60566200.0,S
39087,2009-06-16,0.018727,57231400.0,S
39087,2009-06-17,-0.060662,52938600.0,S
39087,2009-06-18,0.013699,33637900.0,S
39087,2009-06-19,-0.042471,34598500.0,S
39087,2009-06-22,-0.02621,31580400.0,S
39087,2009-06-23,-0.022774,28556600.0,S
39087,2009-06-24,-0.033898,48957700.0,S
39087,2009-06-25,0.026316,32992800.0,S
39087,2009-06-26,0.066239,46229300.0,S
39087,2009-06-29,-0.014028,25455300.0,S
39087,2009-06-30,-0.022358,23135100.0,S
39087,2009-07-01,-0.04158,41517800.0,S
39087,2009-07-02,-0.062907,36443600.0,S
39087,2009-07-06,0.034722,36725300.0,S
39087,2009-07-07,-0.01566,20889500.0,S
39087,2009-07-08,-0.025,31289800.0,S
39087,2009-07-09,0.039627,40654300.0,S
39087,2009-07-10,-0.022422,28905500.0,S
39087,2009-07-13,-0.013762,31789500.0,S
39087,2009-07-14,0.018605,22266300.0,S
39087,2009-07-15,0.057078,29493000.0,S
39087,2009-07-16,0.006479,18264100.0,S
39087,2009-07-17,-0.015021,21302600.0,S
39087,2009-07-20,0.034858,23145900.0,S
39087,2009-07-21,-0.006316,23636600.0,S
39087,2009-07-22,0.012712,25478300.0,S
39087,2009-07-23,-0.025105,33764200.0,S
39087,2009-07-24,-0.030043,31892600.0,S
39087,2009-07-27,0.006637,29531000.0,S
39087,2009-07-28,0.008791,69334700.0,S
39087,2009-07-29,-0.117647,135891200.0,S
39087,2009-07-30,-0.007407,106212200.0,S
39087,2009-07-31,-0.004975,50044200.0,S
39087,2009-08-03,0.0075,50000800.0,S
39087,2009-08-04,0.004963,35750700.0,S
39087,2009-08-05,-0.022222,59576600.0,S
39087,2009-08-06,-0.020202,45295900.0,S
39087,2009-08-07,-0.023196,47847400.0,S
39087,2009-08-10,-0.021108,63592900.0,S
39087,2009-08-11,-0.043127,63994300.0,S
39087,2009-08-12,0.039437,53520700.0,S
39087,2009-08-13,0.070461,71775600.0,S
39087,2009-08-14,-0.025317,39231200.0,S
39087,2009-08-17,-0.01039,40465000.0,S
39087,2009-08-18,0.010499,35081900.0,S
39087,2009-08-19,-0.023377,36712800.0,S
39087,2009-08-20,0.018617,29952500.0,S
39087,2009-08-21,0.018277,28768600.0,S
39087,2009-08-24,-0.017949,39734900.0,S
39087,2009-08-25,-0.046997,65956700.0,S
39087,2009-08-26,0.038356,48526700.0,S
39087,2009-08-27,0.0,43965000.0,S
39087,2009-08-28,-0.005277,33425000.0,S
39087,2009-08-31,-0.029178,23103100.0,S
39087,2009-09-01,-0.035519,29715000.0,S
39087,2009-09-02,-0.002833,21071300.0,S
39087,2009-09-03,0.017045,29342900.0,S
39087,2009-09-04,0.064246,69205200.0,S
39087,2009-09-08,-0.028871,59640100.0,S
39087,2009-09-09,-0.005405,37040100.0,S
39087,2009-09-10,0.027174,50552200.0,S
39087,2009-09-11,-0.002646,36527200.0,S
39087,2009-09-14,0.100796,244431200.0,S
39087,2009-09-15,-0.021687,86184500.0,S
39087,2009-09-16,-0.019704,61871700.0,S
39087,2009-09-17,-0.020101,50562200.0,S
39087,2009-09-18,0.097436,86339900.0,S
39087,2009-09-21,-0.007009,60047400.0,S
39087,2009-09-22,0.009412,63599400.0,S
39087,2009-09-23,-0.034965,45264000.0,S
39087,2009-09-24,-0.031401,57239800.0,S
39087,2009-09-25,-0.014963,34891600.0,S
39087,2009-09-28,-0.007595,51315200.0,S
39087,2009-09-29,0.030612,61823600.0,S
39087,2009-09-30,-0.022277,36042400.0,S
39087,2009-10-01,-0.053165,46564400.0,S
39087,2009-10-02,0.045455,68622100.0,S
39087,2009-10-05,-0.025576,34767600.0,S
39087,2009-10-06,-0.005249,38223700.0,S
39087,2009-10-07,-0.015831,41081000.0,S
39087,2009-10-08,-0.013405,38062800.0,S
39087,2009-10-09,-0.027174,89374100.0,S
39087,2009-10-12,0.0,31764800.0,S
39087,2009-10-13,-0.047486,89334500.0,S
39087,2009-10-14,0.046921,69672400.0,S
39087,2009-10-15,-0.014006,38859900.0,S
39087,2009-10-16,-0.014205,52080700.0,S
39087,2009-10-19,-0.008646,27656600.0,S
39087,2009-10-20,-0.043605,52642200.0,S
39087,2009-10-21,0.0,49736400.0,S
39087,2009-10-22,0.027356,64235400.0,S
39087,2009-10-23,-0.038462,57841000.0,S
39087,2009-10-26,-0.015385,55107400.0,S
39087,2009-10-27,-0.009375,66004200.0,S
39087,2009-10-28,0.022082,71345400.0,S
39087,2009-10-29,-0.046296,141014200.0,S
39087,2009-10-30,-0.042071,80844700.0,S
39087,2009-11-02,-0.030406,76482200.0,S
39087,2009-11-03,0.02439,42242800.0,S
39087,2009-11-04,-0.010204,31909200.0,S
39087,2009-11-05,-0.027492,59266800.0,S
39087,2009-11-06,0.007067,36598100.0,S
39087,2009-11-09,0.203509,121465800.0,S
39087,2009-11-10,-0.055394,77270400.0,S
39087,2009-11-11,-0.015432,41346900.0,S
39087,2009-11-12,-0.043887,35538600.0,S
39087,2009-11-13,0.016393,26555900.0,S
39087,2009-11-16,0.129032,139580300.0,S
39087,2009-11-17,0.057143,95780200.0,S
39087,2009-11-18,0.067568,121608900.0,S
39087,2009-11-19,-0.025317,81000700.0,S
39087,2009-11-20,-0.023377,60998300.0,S
39087,2009-11-23,0.037234,57412700.0,S
39087,2009-11-24,-0.038462,114341500.0,S
39087,2009-11-25,0.024,34662700.0,S
39087,2009-11-27,-0.023438,19977500.0,S
39087,2009-11-30,-0.010667,41033800.0,S
39087,2009-12-01,0.018868,28617800.0,S
39087,2009-12-02,-0.007937,29843400.0,S
39087,2009-12-03,-0.021333,32371400.0,S
39087,2009-12-04,0.00545,53657300.0,S
39087,2009-12-07,0.132791,147372700.0,S
39087,2009-12-08,-0.064593,83578200.0,S
39087,2009-12-09,0.056266,145576400.0,S
39087,2009-12-10,-0.024213,77282700.0,S
39087,2009-12-11,0.009926,46171100.0,S
39087,2009-12-14,-0.017199,35453300.0,S
39087,2009-12-15,-0.025,24964700.0,S
39087,2009-12-16,0.007692,32638100.0,S
39087,2009-12-17,-0.040713,58087900.0,S
39087,2009-12-18,-0.013263,52319200.0,S
39087,2009-12-21,0.013441,28875200.0,S
39087,2009-12-22,0.015915,24548100.0,S
39087,2009-12-23,-0.033943,24146000.0,S
39087,2009-12-24,0.008108,7912900.0,S
39087,2009-12-28,-0.021448,19264400.0,S
39087,2009-12-29,0.043836,32097100.0,S
39087,2009-12-30,-0.007874,23187600.0,S
39087,2009-12-31,-0.031746,31079900.0,S
39087,2010-01-04,0.065574,59308100.0,S
39087,2010-01-05,0.058974,95568800.0,S
39087,2010-01-06,-0.009685,38719200.0,S
39087,2010-01-07,-0.02934,58800000.0,S
39087,2010-01-08,-0.005038,20297100.0,S
39087,2010-01-11,0.025317,32278000.0,S
39087,2010-01-12,-0.037037,34515700.0,S
39087,2010-01-13,0.025641,26123700.0,S
39087,2010-01-14,-0.0775,149246200.0,S
39087,2010-01-15,0.03523,106369400.0,S
39087,2010-01-19,-0.036649,81093700.0,S
39087,2010-01-20,-0.035326,81128000.0,S
39087,2010-01-21,-0.025352,68017400.0,S
39087,2010-01-22,-0.026012,55730700.0,S
39087,2010-01-25,0.020772,37144000.0,S
39087,2010-01-26,-0.008721,35828500.0,S
39087,2010-01-27,0.02346,36279100.0,S
39087,2010-01-28,-0.031519,33562000.0,S
39087,2010-01-29,-0.029586,41428600.0,S
39087,2010-02-01,0.018293,33341300.0,S
39087,2010-02-02,0.098802,86766000.0,S
39087,2010-02-03,-0.019074,42517200.0,S
39087,2010-02-04,-0.052778,47749700.0,S
39087,2010-02-05,0.005865,30724400.0,S
39087,2010-02-08,0.023324,37096100.0,S
39087,2010-02-09,0.039886,57119200.0,S
39087,2010-02-10,-0.079452,251127400.0,S
39087,2010-02-11,-0.029762,77493600.0,S
39087,2010-02-12,-0.030675,65071100.0,S
39087,2010-02-16,-0.003165,45436500.0,S
39087,2010-02-17,0.028571,34742000.0,S
39087,2010-02-18,0.021605,33376600.0,S
39087,2010-02-19,0.054381,136541300.0,S
39087,2010-02-22,-0.002865,34240400.0,S
39087,2010-02-23,-0.04023,48896500.0,S
39087,2010-02-24,-0.017964,37168500.0,S
39087,2010-02-25,0.003049,38650000.0,S
39087,2010-02-26,0.012158,33312800.0,S
39087,2010-03-01,0.018018,34259500.0,S
39087,2010-03-02,-0.017699,19919000.0,S
39087,2010-03-03,-0.012012,27887900.0,S
39087,2010-03-04,-0.009119,35649100.0,S
39087,2010-03-05,0.006135,31067300.0,S
39087,2010-03-08,0.036585,74914100.0,S
39087,2010-03-09,0.064706,96383600.0,S
39087,2010-03-10,0.008287,130960400.0,S
39087,2010-03-11,0.013699,51450200.0,S
39087,2010-03-12,-0.027027,41674100.0,S
39087,2010-03-15,-0.002778,40736900.0,S
39087,2010-03-16,-0.038997,59600100.0,S
39087,2010-03-17,0.046377,58315000.0,S
39087,2010-03-18,0.052632,63244600.0,S
39087,2010-03-19,-0.010526,59181600.0,S
39087,2010-03-22,-0.014628,33626800.0,S
39087,2010-03-23,0.033738,77911400.0,S
39087,2010-03-24,0.028721,147170200.0,S
39087,2010-03-25,-0.043147,77178900.0,S
39087,2010-03-26,0.007958,40132400.0,S
39087,2010-03-29,-0.002632,27318000.0,S
39087,2010-03-30,0.007916,43685400.0,S
39087,2010-03-31,-0.005236,62007400.0,S
39087,2010-04-01,0.026316,46764800.0,S
39087,2010-04-05,0.002564,29225100.0,S
39087,2010-04-06,-0.007673,23503700.0,S
39087,2010-04-07,0.0,42989200.0,S
39087,2010-04-08,0.030928,63458400.0,S
39087,2010-04-09,0.01,55347200.0,S
39087,2010-04-12,0.027228,75469100.0,S
39087,2010-04-13,0.0,80607600.0,S
39087,2010-04-14,0.0,45860800.0,S
39087,2010-04-15,0.012048,45355800.0,S
39087,2010-04-16,-0.028571,49335100.0,S
39087,2010-04-19,0.026961,58572500.0,S
39087,2010-04-20,-0.004773,60990900.0,S
39087,2010-04-21,-0.016787,56500900.0,S
39087,2010-04-22,0.021951,107958900.0,S
39087,2010-04-23,0.031026,83429700.0,S
39087,2010-04-26,-0.020833,55551900.0,S
39087,2010-04-27,-0.033097,75763900.0,S
39087,2010-04-28,0.041565,124266100.0,S
39087,2010-04-29,0.030516,86926800.0,S
39087,2010-04-30,-0.03246,59286200.0,S
39087,2010-05-03,0.014715,40152900.0,S
39087,2010-05-04,-0.048724,51007200.0,S
39087,2010-05-05,0.019512,46945000.0,S
39087,2010-05-06,-0.004785,87316400.0,S
39087,2010-05-07,-0.076923,100087400.0,S
39087,2010-05-10,0.050781,62610500.0,S
39087,2010-05-11,0.023544,54123300.0,S
39087,2010-05-12,0.004843,66287500.0,S
39087,2010-05-13,0.074699,103445800.0,S
39087,2010-05-14,-0.022422,60589000.0,S
39087,2010-05-17,0.029816,76143100.0,S
39087,2010-05-18,0.045657,114886400.0,S
39087,2010-05-19,-0.024494,103391200.0,S
39087,2010-05-20,-0.056769,64680300.0,S
39087,2010-05-21,0.020833,75639700.0,S
39087,2010-05-24,0.086168,123683200.0,S
39087,2010-05-25,0.104384,171172700.0,S
39087,2010-05-26,-0.071834,161089900.0,S
39087,2010-05-27,0.057027,76632100.0,S
39087,2010-05-28,-0.011561,57658300.0,S
39087,2010-06-01,-0.072125,70826100.0,S
39087,2010-06-02,0.048319,70227700.0,S
39087,2010-06-03,-0.008016,67499800.0,S
39087,2010-06-04,-0.034343,59388400.0,S
39087,2010-06-07,-0.025105,84231700.0,S
39087,2010-06-08,-0.015021,73490700.0,S
39087,2010-06-09,0.004357,73041600.0,S
39087,2010-06-10,0.02603,46130700.0,S
39087,2010-06-11,0.029598,53033300.0,S
39087,2010-06-14,-0.016427,40380500.0,S
39087,2010-06-15,0.022965,54906900.0,S
39087,2010-06-16,-0.022449,35427600.0,S
39087,2010-06-17,-0.031315,50196400.0,S
39087,2010-06-18,-0.010776,36857600.0,S
39087,2010-06-21,-0.019608,52213200.0,S
39087,2010-06-22,-0.04,63350200.0,S
39087,2010-06-23,0.046296,69525600.0,S
39087,2010-06-24,-0.030973,41487000.0,S
39087,2010-06-25,-0.041096,54247300.0,S
39087,2010-06-28,0.061905,69819000.0,S
39087,2010-06-29,-0.040359,68183900.0,S
39087,2010-06-30,-0.009346,42296800.0,S
39087,2010-07-01,-0.014151,54368100.0,S
39087,2010-07-02,-0.004785,24216200.0,S
39087,2010-07-06,-0.004808,42990900.0,S
39087,2010-07-07,0.028986,62816700.0,S
39087,2010-07-08,0.035211,61037700.0,S
39087,2010-07-09,-0.029478,42342600.0,S
39087,2010-07-12,0.051402,58403100.0,S
39087,2010-07-13,0.017778,79700600.0,S
39087,2010-07-14,0.00655,29996400.0,S
39087,2010-07-15,0.019523,52515600.0,S
39087,2010-07-16,-0.029787,53518600.0,S
39087,2010-07-19,0.013158,73407700.0,S
39087,2010-07-20,0.019481,59815700.0,S
39087,2010-07-21,-0.025478,46298500.0,S
39087,2010-07-22,0.017429,42620400.0,S
39087,2010-07-23,0.004283,39244300.0,S
39087,2010-07-26,0.076759,84460000.0,S
39087,2010-07-27,-0.043564,94173000.0,S
39087,2010-07-28,0.00207,211965200.0,S
39087,2010-07-29,-0.016529,73652500.0,S
39087,2010-07-30,-0.039916,78088200.0,S
39087,2010-08-02,0.02407,62085600.0,S
39087,2010-08-03,-0.029915,67352300.0,S
39087,2010-08-04,0.011013,50311100.0,S
39087,2010-08-05,-0.015251,51918900.0,S
39087,2010-08-06,-0.015487,48744600.0,S
39087,2010-08-09,0.029214,31528000.0,S
39087,2010-08-10,-0.003275,29312700.0,S
39087,2010-08-11,-0.016429,39394400.0,S
39087,2010-08-12,-0.002227,34356600.0,S
39087,2010-08-13,0.0,22204700.0,S
39087,2010-08-16,-0.040179,41171600.0,S
39087,2010-08-17,0.044186,51671800.0,S
39087,2010-08-18,-0.004454,32347900.0,S
39087,2010-08-19,-0.049217,61775100.0,S
39087,2010-08-20,-0.014118,53492100.0,S
39087,2010-08-23,-0.023866,50675400.0,S
39087,2010-08-24,-0.03423,45968200.0,S
39087,2010-08-25,0.002532,55611400.0,S
39087,2010-08-26,0.027778,47458500.0,S
39087,2010-08-27,-0.017076,36479600.0,S
39087,2010-08-30,-0.025122,36397100.0,S
39087,2010-08-31,0.041026,41078200.0,S
39087,2010-09-01,0.019704,40607800.0,S
39087,2010-09-02,0.048309,51142700.0,S
39087,2010-09-03,0.0,38486000.0,S
39087,2010-09-07,0.013825,28303300.0,S
39087,2010-09-08,-0.002273,23324100.0,S
39087,2010-09-09,0.002278,15849300.0,S
39087,2010-09-10,0.011364,19598400.0,S
39087,2010-09-13,0.017978,24998900.0,S
39087,2010-09-14,0.006622,36673600.0,S
39087,2010-09-15,0.004386,32881500.0,S
39087,2010-09-16,-0.024018,38291000.0,S
39087,2010-09-17,-0.006152,36361900.0,S
39087,2010-09-20,0.042206,55054100.0,S
39087,2010-09-21,-0.010799,45890500.0,S
39087,2010-09-22,-0.045852,40451100.0,S
39087,2010-09-23,-0.002288,37676300.0,S
39087,2010-09-24,0.018349,31068500.0,S
39087,2010-09-27,0.033784,44232900.0,S
39087,2010-09-28,0.001634,28797400.0,S
39087,2010-09-29,0.000544,40413400.0,S
39087,2010-09-30,0.006522,39976200.0,S
39087,2010-10-01,0.019438,49862700.0,S
39087,2010-10-04,-0.025424,33205300.0,S
39087,2010-10-05,0.013044,36633600.0,S
39087,2010-10-06,-0.002146,32364100.0,S
39087,2010-10-07,-0.023656,34649500.0,S
39087,2010-10-08,-0.013216,36058500.0,S
39087,2010-10-11,-0.004464,35560300.0,S
39087,2010-10-12,0.029148,40165500.0,S
39087,2010-10-13,0.008715,39209300.0,S
39087,2010-10-14,-0.015119,27806800.0,S
39087,2010-10-15,0.006579,20447900.0,S
39087,2010-10-18,-0.004357,24743100.0,S
39087,2010-10-19,0.0,37136900.0,S
39087,2010-10-20,0.008753,47815700.0,S
39087,2010-10-21,0.032538,61769900.0,S
39087,2010-10-22,0.018908,59968700.0,S
39087,2010-10-25,-0.020619,39564500.0,S
39087,2010-10-26,0.004211,58124300.0,S
39087,2010-10-27,-0.098533,182374800.0,S
39087,2010-10-28,-0.025581,82856200.0,S
39087,2010-10-29,-0.015513,51183400.0,S
39087,2010-11-01,0.003636,39988000.0,S
39087,2010-11-02,-0.009662,76941400.0,S
39087,2010-11-03,-0.007317,122221300.0,S
39087,2010-11-04,0.004914,52984500.0,S
39087,2010-11-05,-0.02445,53287100.0,S
39087,2010-11-08,0.002506,43574800.0,S
39087,2010-11-09,0.0075,43345400.0,S
39087,2010-11-10,-0.022333,49649500.0,S
39087,2010-11-11,0.015228,65328900.0,S
39087,2010-11-12,0.0075,37162100.0,S
39087,2010-11-15,-0.049628,69430100.0,S
39087,2010-11-16,-0.023499,50957900.0,S
39087,2010-11-17,-0.005348,33330800.0,S
39087,2010-11-18,0.037634,43991200.0,S
39087,2010-11-19,0.03886,62004800.0,S
39087,2010-11-22,-0.022444,34723000.0,S
39087,2010-11-23,-0.017857,31742900.0,S
39087,2010-11-24,0.031169,30310400.0,S
39087,2010-11-26,-0.010076,18170300.0,S
39087,2010-11-29,-0.002545,27053700.0,S
39087,2010-11-30,-0.035714,56939000.0,S
39087,2010-12-01,-0.002646,48159400.0,S
39087,2010-12-02,0.023873,132058200.0,S
39087,2010-12-03,0.015544,28936600.0,S
39087,2010-12-06,0.063776,125598200.0,S
39087,2010-12-07,0.009592,48955400.0,S
39087,2010-12-08,-0.021378,59404200.0,S
39087,2010-12-09,0.007282,32368900.0,S
39087,2010-12-10,0.016867,27476200.0,S
39087,2010-12-13,0.035545,78877900.0,S
39087,2010-12-14,0.002288,55398600.0,S
39087,2010-12-15,-0.034247,44183100.0,S
39087,2010-12-16,-0.014184,38346900.0,S
39087,2010-12-17,-0.002398,68324100.0,S
39087,2010-12-20,0.026442,34884400.0,S
39087,2010-12-21,0.009368,35022900.0,S
39087,2010-12-22,-0.023202,28855400.0,S
39087,2010-12-23,-0.004751,39615300.0,S
39087,2010-12-27,0.019093,12448400.0,S
39087,2010-12-28,-0.016394,22467000.0,S
39087,2010-12-29,-0.007143,18726200.0,S
39087,2010-12-30,-0.002398,18731800.0,S
39087,2010-12-31,0.016827,24604800.0,S
39087,2011-01-03,0.066194,89779900.0,S
39087,2011-01-04,-0.013304,118162100.0,S
39087,2011-01-05,0.038202,82372600.0,S
39087,2011-01-06,0.006494,57155100.0,S
39087,2011-01-07,0.006452,52699100.0,S
39087,2011-01-10,-0.021368,63601100.0,S
39087,2011-01-11,-0.039301,68692400.0,S
39087,2011-01-12,0.002273,59029600.0,S
39087,2011-01-13,0.015873,58169800.0,S
39087,2011-01-14,-0.006696,46846400.0,S
39087,2011-01-18,-0.020225,60548500.0,S
39087,2011-01-19,-0.018349,59073800.0,S
39087,2011-01-20,-0.002337,49114400.0,S
39087,2011-01-21,0.009368,34402000.0,S
39087,2011-01-24,0.013921,23935800.0,S
39087,2011-01-25,-0.002288,23608300.0,S
39087,2011-01-26,0.03211,54292300.0,S
39087,2011-01-27,0.02,35835100.0,S
39087,2011-01-28,-0.030501,42980200.0,S
39087,2011-01-31,0.01573,32019900.0,S
39087,2011-02-01,-0.028761,56035500.0,S
39087,2011-02-02,-0.009112,43708000.0,S
39087,2011-02-03,0.0,43173300.0,S
39087,2011-02-04,0.011494,103891800.0,S
39087,2011-02-07,0.0,53818100.0,S
39087,2011-02-08,-0.020455,52314400.0,S
39087,2011-02-09,0.009281,53625200.0,S
39087,2011-02-10,0.057471,138431200.0,S
39087,2011-02-11,0.0,58145200.0,S
39087,2011-02-14,-0.01087,49871800.0,S
39087,2011-02-15,-0.01978,52068700.0,S
39087,2011-02-16,0.002242,64281400.0,S
39087,2011-02-17,-0.008949,41033600.0,S
39087,2011-02-18,0.015801,66274900.0,S
39087,2011-02-22,-0.04,49075000.0,S
39087,2011-02-23,-0.027778,71335400.0,S
39087,2011-02-24,0.014286,69304800.0,S
39087,2011-02-25,0.011737,35092300.0,S
39087,2011-02-28,0.013921,27732800.0,S
39087,2011-03-01,-0.036613,40068700.0,S
39087,2011-03-02,0.009501,54065700.0,S
39087,2011-03-03,0.018824,46672200.0,S
39087,2011-03-04,0.00231,25524700.0,S
39087,2011-03-07,0.032258,65577100.0,S
39087,2011-03-08,0.049107,170369100.0,S
39087,2011-03-09,0.0,50297100.0,S
39087,2011-03-10,0.042553,110492900.0,S
39087,2011-03-11,0.020408,102954900.0,S
39087,2011-03-14,0.004,85306700.0,S
39087,2011-03-15,-0.013944,68671300.0,S
39087,2011-03-16,-0.018182,46530000.0,S
39087,2011-03-17,0.041152,47863300.0,S
39087,2011-03-18,-0.001976,60582100.0,S
39087,2011-03-21,-0.136139,303228900.0,S
39087,2011-03-22,0.024642,124750500.0,S
39087,2011-03-23,0.004474,70456900.0,S
39087,2011-03-24,0.01559,61670500.0,S
39087,2011-03-25,0.026316,48597500.0,S
39087,2011-03-28,0.021368,66551100.0,S
39087,2011-03-29,-0.033473,93943200.0,S
39087,2011-03-30,-0.012987,53287300.0,S
39087,2011-03-31,0.017544,48671300.0,S
39087,2011-04-01,-0.017241,30359100.0,S
39087,2011-04-04,0.013158,23130500.0,S
39087,2011-04-05,-0.015151,25527900.0,S
39087,2011-04-06,0.01978,43529000.0,S
39087,2011-04-07,-0.00431,32389700.0,S
39087,2011-04-08,0.02381,57289700.0,S
39087,2011-04-11,-0.004228,41194800.0,S
39087,2011-04-12,0.019108,43943700.0,S
39087,2011-04-13,0.002083,52677900.0,S
39087,2011-04-14,0.031185,71253100.0,S
39087,2011-04-15,-0.030242,63818700.0,S
39087,2011-04-18,-0.022869,49771900.0,S
39087,2011-04-19,0.008511,48719700.0,S
39087,2011-04-20,0.012658,47928700.0,S
39087,2011-04-21,0.002083,29522600.0,S
39087,2011-04-25,-0.002079,23062000.0,S
39087,2011-04-26,0.002083,30387400.0,S
39087,2011-04-27,-0.004158,43778000.0,S
39087,2011-04-28,0.066806,130816200.0,S
39087,2011-04-29,0.013699,99943400.0,S
39087,2011-05-02,0.001931,48415600.0,S
39087,2011-05-03,-0.013488,40112200.0,S
39087,2011-05-04,0.029297,56249900.0,S
39087,2011-05-05,-0.01518,36378700.0,S
39087,2011-05-06,0.001927,29461100.0,S
39087,2011-05-09,0.017308,27810100.0,S
39087,2011-05-10,0.00189,64170200.0,S
39087,2011-05-11,-0.022642,37387900.0,S
39087,2011-05-12,-0.00193,34456900.0,S
39087,2011-05-13,-0.01354,43023400.0,S
39087,2011-05-16,0.001961,34530000.0,S
39087,2011-05-17,0.0,37837800.0,S
39087,2011-05-18,0.023483,33379300.0,S
39087,2011-05-19,0.01912,100237900.0,S
39087,2011-05-20,0.026266,95947600.0,S
39087,2011-05-23,0.018282,56731800.0,S
39087,2011-05-24,0.048474,145480200.0,S
39087,2011-05-25,0.005137,84842000.0,S
39087,2011-05-26,0.006814,68220000.0,S
39087,2011-05-27,-0.010152,52398100.0,S
39087,2011-05-31,0.0,48439500.0,S
39087,2011-06-01,-0.003419,71151500.0,S
39087,2011-06-02,0.017153,80893900.0,S
39087,2011-06-03,-0.043845,68096300.0,S
39087,2011-06-06,-0.012346,36579300.0,S
39087,2011-06-07,-0.019643,88718100.0,S
39087,2011-06-08,-0.027322,47413900.0,S
39087,2011-06-09,0.013109,43793900.0,S
39087,2011-06-10,-0.03512,42912700.0,S
39087,2011-06-13,0.007663,70552300.0,S
39087,2011-06-14,0.013308,45297000.0,S
39087,2011-06-15,-0.003752,64722200.0,S
39087,2011-06-16,-0.018832,34373500.0,S
39087,2011-06-17,-0.003839,74176500.0,S
39087,2011-06-20,0.003854,26780600.0,S
39087,2011-06-21,0.005758,60571900.0,S
39087,2011-06-22,-0.022901,53934400.0,S
39087,2011-06-23,-0.011719,37591600.0,S
39087,2011-06-24,-0.011858,42239200.0,S
39087,2011-06-27,0.03,46158600.0,S
39087,2011-06-28,0.013592,35625100.0,S
39087,2011-06-29,-0.001916,42872900.0,S
39087,2011-06-30,0.034549,59345500.0,S
39087,2011-07-01,0.007421,27388500.0,S
39087,2011-07-05,-0.007366,32072900.0,S
39087,2011-07-06,0.022264,59303800.0,S
39087,2011-07-07,0.025408,60928600.0,S
39087,2011-07-08,-0.028319,28642700.0,S
39087,2011-07-11,-0.01275,35461200.0,S
39087,2011-07-12,0.001845,24162800.0,S
39087,2011-07-13,-0.003683,19447100.0,S
39087,2011-07-14,-0.022181,49275900.0,S
39087,2011-07-15,0.011342,29809400.0,S
39087,2011-07-18,-0.029907,36277700.0,S
39087,2011-07-19,0.013488,56705400.0,S
39087,2011-07-20,-0.013308,36315400.0,S
39087,2011-07-21,-0.003854,33503100.0,S
39087,2011-07-22,-0.001934,31033600.0,S
39087,2011-07-25,-0.001938,21974200.0,S
39087,2011-07-26,0.005825,78240600.0,S
39087,2011-07-27,-0.003861,45153200.0,S
39087,2011-07-28,-0.158915,207107200.0,S
39087,2011-07-29,-0.025346,73595700.0,S
39087,2011-08-01,0.014184,71356200.0,S
39087,2011-08-02,-0.067599,136277100.0,S
39087,2011-08-03,0.0375,78900900.0,S
39087,2011-08-04,-0.098795,102923100.0,S
39087,2011-08-05,-0.005348,65597600.0,S
39087,2011-08-08,-0.158602,96263900.0,S
39087,2011-08-09,0.047923,115338600.0,S
39087,2011-08-10,-0.036585,127806400.0,S
39087,2011-08-11,-0.012658,134535100.0,S
39087,2011-08-12,0.025641,60909000.0,S
39087,2011-08-15,0.0875,92266000.0,S
39087,2011-08-16,0.031609,65277500.0,S
39087,2011-08-17,0.036212,65021500.0,S
39087,2011-08-18,-0.061828,69958100.0,S
39087,2011-08-19,-0.020057,49714200.0,S
39087,2011-08-22,-0.046784,63787800.0,S
39087,2011-08-23,0.101227,65465500.0,S
39087,2011-08-24,-0.038997,56690200.0,S
39087,2011-08-25,-0.063768,67609900.0,S
39087,2011-08-26,0.006192,65574400.0,S
39087,2011-08-29,0.064615,39583900.0,S
39087,2011-08-30,0.026012,72665200.0,S
39087,2011-08-31,0.059155,196623800.0,S
39087,2011-09-01,-0.005319,88422200.0,S
39087,2011-09-02,-0.05615,55937500.0,S
39087,2011-09-06,-0.045326,36792100.0,S
39087,2011-09-07,0.029674,37159900.0,S
39087,2011-09-08,-0.005764,30146000.0,S
39087,2011-09-09,0.0,82665100.0,S
39087,2011-09-12,-0.014493,37825100.0,S
39087,2011-09-13,0.05,48025600.0,S
39087,2011-09-14,-0.011205,61532200.0,S
39087,2011-09-15,-0.025496,57679400.0,S
39087,2011-09-16,-0.023256,76307600.0,S
39087,2011-09-19,-0.002976,39098200.0,S
39087,2011-09-20,-0.00597,24952200.0,S
39087,2011-09-21,-0.024024,34961600.0,S
39087,2011-09-22,-0.073846,98873800.0,S
39087,2011-09-23,0.056478,60323700.0,S
39087,2011-09-26,-0.028302,58122300.0,S
39087,2011-09-27,0.012945,49217300.0,S
39087,2011-09-28,-0.015975,32020400.0,S
39087,2011-09-29,0.016234,42528400.0,S
39087,2011-09-30,-0.028754,36236900.0,S
39087,2011-10-03,-0.101974,97298200.0,S
39087,2011-10-04,0.047619,163794100.0,S
39087,2011-10-05,0.0,43091900.0,S
39087,2011-10-06,0.052448,46323700.0,S
39087,2011-10-07,-0.199336,256718700.0,S
39087,2011-10-10,-0.078838,306545400.0,S
39087,2011-10-11,0.072072,145541600.0,S
39087,2011-10-12,0.079832,123428800.0,S
39087,2011-10-13,0.081712,98451000.0,S
39087,2011-10-14,0.003597,123310600.0,S
39087,2011-10-17,0.007168,75336800.0,S
39087,2011-10-18,0.024911,41992700.0,S
39087,2011-10-19,-0.027778,41033000.0,S
39087,2011-10-20,-0.032143,35951900.0,S
39087,2011-10-21,0.02214,43137900.0,S
39087,2011-10-24,-0.028881,72747500.0,S
39087,2011-10-25,0.003717,61226000.0,S
39087,2011-10-26,-0.07037,118127900.0,S
39087,2011-10-27,0.047809,58914400.0,S
39087,2011-10-28,0.034221,66494600.0,S
39087,2011-10-31,-0.055147,42825800.0,S
39087,2011-11-01,-0.031128,41175900.0,S
39087,2011-11-02,0.09237,51670000.0,S
39087,2011-11-03,0.033088,68053100.0,S
39087,2011-11-04,0.021352,55654500.0,S
39087,2011-11-07,0.013937,40629000.0,S
39087,2011-11-08,-0.006873,35873200.0,S
39087,2011-11-09,-0.051903,41209300.0,S
39087,2011-11-10,0.036496,25278500.0,S
39087,2011-11-11,0.024648,28322500.0,S
39087,2011-11-14,-0.017182,25923700.0,S
39087,2011-11-15,0.020979,23689500.0,S
39087,2011-11-16,-0.023973,28194400.0,S
39087,2011-11-17,-0.052632,33025300.0,S
39087,2011-11-18,-0.02963,54774700.0,S
39087,2011-11-21,-0.007634,23959400.0,S
39087,2011-11-22,0.007692,33760200.0,S
39087,2011-11-23,-0.057252,34418100.0,S
39087,2011-11-25,-0.036437,22576300.0,S
39087,2011-11-28,0.029412,55046100.0,S
39087,2011-11-29,0.020408,35260700.0,S
39087,2011-11-30,0.08,52498900.0,S
39087,2011-12-01,0.0,67041500.0,S
39087,2011-12-02,-0.037037,35635800.0,S
39087,2011-12-05,0.019231,37075200.0,S
39087,2011-12-06,-0.015094,35124900.0,S
39087,2011-12-07,-0.019157,25304800.0,S
39087,2011-12-08,-0.046875,29152100.0,S
39087,2011-12-09,0.012295,23241300.0,S
39087,2011-12-12,-0.040486,26247600.0,S
39087,2011-12-13,0.008439,42657600.0,S
39087,2011-12-14,-0.050209,32258700.0,S
39087,2011-12-15,0.004405,36914600.0,S
39087,2011-12-16,-0.013158,38211400.0,S
39087,2011-12-19,-0.04,28773300.0,S
39087,2011-12-20,0.092593,73240500.0,S
39087,2011-12-21,-0.012712,25703500.0,S
39087,2011-12-22,0.008584,34894000.0,S
39087,2011-12-23,-0.017021,14158500.0,S
39087,2011-12-27,0.004329,11736300.0,S
39087,2011-12-28,-0.017241,20204900.0,S
39087,2011-12-29,0.013158,18757300.0,S
39087,2011-12-30,0.012987,21876300.0,S
39087,2012-01-03,0.0,31400900.0,S
39087,2012-01-04,-0.012821,21194400.0,S
39087,2012-01-05,-0.030303,33984000.0,S
39087,2012-01-06,-0.022321,50697000.0,S
39087,2012-01-09,0.004566,39810900.0,S
39087,2012-01-10,0.013636,30014000.0,S
39087,2012-01-11,0.03139,32317700.0,S
39087,2012-01-12,0.008696,47319100.0,S
39087,2012-01-13,-0.00431,18287100.0,S
39087,2012-01-17,-0.04329,39881200.0,S
39087,2012-01-18,0.054299,24709500.0,S
39087,2012-01-19,0.004292,21013800.0,S
39087,2012-01-20,-0.029915,35924200.0,S
39087,2012-01-23,-0.008811,27457100.0,S
39087,2012-01-24,-0.035556,54264800.0,S
39087,2012-01-25,0.013825,50388800.0,S
39087,2012-01-26,-0.013636,53000100.0,S
39087,2012-01-27,0.0,25655300.0,S
39087,2012-01-30,-0.004608,34985600.0,S
39087,2012-01-31,-0.018519,61846200.0,S
39087,2012-02-01,0.051887,68237200.0,S
39087,2012-02-02,-0.008969,32434200.0,S
39087,2012-02-03,0.049774,54522000.0,S
39087,2012-02-06,0.060345,66247600.0,S
39087,2012-02-07,-0.004065,73699200.0,S
39087,2012-02-08,-0.016327,125487200.0,S
39087,2012-02-09,-0.008299,45924400.0,S
39087,2012-02-10,-0.041841,38179400.0,S
39087,2012-02-13,0.008734,48813700.0,S
39087,2012-02-14,0.0,24836200.0,S
39087,2012-02-15,-0.021645,35141700.0,S
39087,2012-02-16,0.0,63587700.0,S
39087,2012-02-17,0.017699,20416100.0,S
39087,2012-02-21,-0.013044,18768100.0,S
39087,2012-02-22,-0.017621,34102500.0,S
39087,2012-02-23,0.130045,100600100.0,S
39087,2012-02-24,-0.019841,66981600.0,S
39087,2012-02-27,0.032389,63569300.0,S
39087,2012-02-28,0.0,36313800.0,S
39087,2012-02-29,-0.031373,33832600.0,S
39087,2012-03-01,0.012146,20898600.0,S
39087,2012-03-02,0.0,15962700.0,S
39087,2012-03-05,-0.028,32565800.0,S
39087,2012-03-06,-0.016461,33625700.0,S
39087,2012-03-07,0.016736,39626100.0,S
39087,2012-03-08,0.069959,71303000.0,S
39087,2012-03-09,0.069231,138753900.0,S
39087,2012-03-12,-0.021583,52022000.0,S
39087,2012-03-13,0.025735,66395600.0,S
39087,2012-03-14,-0.007168,55080000.0,S
39087,2012-03-15,0.01083,47037000.0,S
39087,2012-03-16,0.032143,61099300.0,S
39087,2012-03-19,-0.044983,103448200.0,S
39087,2012-03-20,-0.003623,38066900.0,S
39087,2012-03-21,0.010909,38952600.0,S
39087,2012-03-22,-0.014389,37121500.0,S
39087,2012-03-23,0.0,27065100.0,S
39087,2012-03-26,0.043796,46187000.0,S
39087,2012-03-27,-0.01049,36367600.0,S
39087,2012-03-28,0.0,27912100.0,S
39087,2012-03-29,0.053004,90876400.0,S
39087,2012-03-30,-0.043624,43085300.0,S
39087,2012-04-02,0.003509,31061900.0,S
39087,2012-04-03,0.006993,37350000.0,S
39087,2012-04-04,-0.045139,33295600.0,S
39087,2012-04-05,0.003636,33087300.0,S
39087,2012-04-09,-0.003623,36443300.0,S
39087,2012-04-10,-0.032727,39573600.0,S
39087,2012-04-11,0.033835,35379200.0,S
39087,2012-04-12,0.0,18875800.0,S
39087,2012-04-13,-0.025455,20397100.0,S
39087,2012-04-16,-0.063433,56170400.0,S
39087,2012-04-17,0.039841,52231900.0,S
39087,2012-04-18,-0.034483,66925900.0,S
39087,2012-04-19,-0.047619,108713900.0,S
39087,2012-04-20,-0.0125,54299900.0,S
39087,2012-04-23,-0.012658,49111400.0,S
39087,2012-04-24,0.055556,92848100.0,S
39087,2012-04-25,-0.016194,145813400.0,S
39087,2012-04-26,-0.024691,77494100.0,S
39087,2012-04-27,-0.004219,65364800.0,S
39087,2012-04-30,0.050848,54116000.0,S
39087,2012-05-01,0.028226,52294300.0,S
39087,2012-05-02,0.007843,43175200.0,S
39087,2012-05-03,-0.035019,30899800.0,S
39087,2012-05-04,-0.048387,51172500.0,S
39087,2012-05-07,0.021187,36894300.0,S
39087,2012-05-08,-0.024896,41249700.0,S
39087,2012-05-09,0.021277,69204400.0,S
39087,2012-05-10,0.020833,32658400.0,S
39087,2012-05-11,0.016327,40299300.0,S
39087,2012-05-14,0.004016,30954400.0,S
39087,2012-05-15,-0.012,40606800.0,S
39087,2012-05-16,-0.02834,43285000.0,S
39087,2012-05-17,-0.016667,41228100.0,S
39087,2012-05-18,-0.008475,39235700.0,S
39087,2012-05-21,0.012821,22741600.0,S
39087,2012-05-22,0.016878,37368900.0,S
39087,2012-05-23,0.020747,49763000.0,S
39087,2012-05-24,0.028455,41635400.0,S
39087,2012-05-25,0.035573,62607400.0,S
39087,2012-05-29,0.019084,70533100.0,S
39087,2012-05-30,-0.033708,35513400.0,S
39087,2012-05-31,-0.003876,31225500.0,S
39087,2012-06-01,-0.023346,48387100.0,S
39087,2012-06-04,0.011952,62072300.0,S
39087,2012-06-05,-0.003937,39506300.0,S
39087,2012-06-06,0.075099,64132000.0,S
39087,2012-06-07,0.007353,50888900.0,S
39087,2012-06-08,0.087591,84121400.0,S
39087,2012-06-11,-0.050336,61121600.0,S
39087,2012-06-12,0.031802,53231000.0,S
39087,2012-06-13,0.006849,31194100.0,S
39087,2012-06-14,0.054422,59422000.0,S
39087,2012-06-15,-0.003226,71602700.0,S
39087,2012-06-18,-0.003236,52937400.0,S
39087,2012-06-19,0.022727,31883900.0,S
39087,2012-06-20,-0.006349,42269800.0,S
39087,2012-06-21,0.015974,51331300.0,S
39087,2012-06-22,0.034591,79227900.0,S
39087,2012-06-25,-0.06079,78869600.0,S
39087,2012-06-26,0.012945,47301800.0,S
39087,2012-06-27,0.0,52588000.0,S
39087,2012-06-28,0.041534,44880400.0,S
39087,2012-06-29,0.0,59979900.0,S
39087,2012-07-02,0.042945,78121200.0,S
39087,2012-07-03,0.020588,27022000.0,S
39087,2012-07-05,-0.04611,41950100.0,S
39087,2012-07-06,-0.006042,28605100.0,S
39087,2012-07-09,-0.024316,29132500.0,S
39087,2012-07-10,-0.006231,38439400.0,S
39087,2012-07-11,0.012539,31071500.0,S
39087,2012-07-12,-0.009288,23285400.0,S
39087,2012-07-13,0.040625,27483000.0,S
39087,2012-07-16,0.039039,60706400.0,S
39087,2012-07-17,0.054913,99099700.0,S
39087,2012-07-18,0.00274,50309500.0,S
39087,2012-07-19,0.013661,44492400.0,S
39087,2012-07-20,-0.013477,34075700.0,S
39087,2012-07-23,-0.02459,50646500.0,S
39087,2012-07-24,-0.033613,43769900.0,S
39087,2012-07-25,-0.023189,58805200.0,S
39087,2012-07-26,0.201781,304924600.0,S
39087,2012-07-27,0.064198,169930000.0,S
39087,2012-07-30,0.046404,126773500.0,S
39087,2012-07-31,-0.033259,124958700.0,S
39087,2012-08-01,-0.009174,59719700.0,S
39087,2012-08-02,-0.006944,63582200.0,S
39087,2012-08-03,-0.004662,37619800.0,S
39087,2012-08-06,0.016394,32303800.0,S
39087,2012-08-07,-0.006912,21685700.0,S
39087,2012-08-08,0.069606,72807800.0,S
39087,2012-08-09,0.041215,153781400.0,S
39087,2012-08-10,0.025,71051200.0,S
39087,2012-08-13,0.026423,77893100.0,S
39087,2012-08-14,-0.011881,62845600.0,S
39087,2012-08-15,0.08016,138158100.0,S
39087,2012-08-16,-0.044527,107964700.0,S
39087,2012-08-17,0.007767,43931800.0,S
39087,2012-08-20,-0.015414,57482700.0,S
39087,2012-08-21,-0.005871,53921800.0,S
39087,2012-08-22,-0.03937,81395900.0,S
39087,2012-08-23,-0.020492,60544100.0,S
39087,2012-08-24,0.023013,43888400.0,S
39087,2012-08-27,-0.014315,38542700.0,S
39087,2012-08-28,0.006224,31523000.0,S
39087,2012-08-29,0.002062,20652200.0,S
39087,2012-08-30,-0.006173,39010700.0,S
39087,2012-08-31,0.004141,26828400.0,S
39087,2012-09-04,-0.010309,29110700.0,S
39087,2012-09-05,0.03125,80833200.0,S
39087,2012-09-06,0.00202,64169200.0,S
39087,2012-09-07,0.014113,62176200.0,S
39087,2012-09-10,0.023857,78926900.0,S
39087,2012-09-11,-0.029126,87979700.0,S
39087,2012-09-12,0.02,51881400.0,S
39087,2012-09-13,0.019608,50180500.0,S
39087,2012-09-14,0.011539,55590300.0,S
39087,2012-09-17,0.001901,34909300.0,S
39087,2012-09-18,-0.01518,37703100.0,S
39087,2012-09-19,0.071291,111667700.0,S
39087,2012-09-20,-0.021583,71883500.0,S
39087,2012-09-21,0.038603,89443700.0,S
39087,2012-09-24,0.00885,48444300.0,S
39087,2012-09-25,-0.029825,58790100.0,S
39087,2012-09-26,-0.012658,45332900.0,S
39087,2012-09-27,0.025641,41760000.0,S
39087,2012-09-28,-0.014286,56880900.0,S
39087,2012-10-01,-0.061594,66040900.0,S
39087,2012-10-02,-0.054054,184069300.0,S
39087,2012-10-03,0.061224,116773500.0,S
39087,2012-10-04,-0.021154,117833200.0,S
39087,2012-10-05,0.021611,72172000.0,S
39087,2012-10-08,-0.021154,38434700.0,S
39087,2012-10-09,-0.027505,41268900.0,S
39087,2012-10-10,0.018182,52638400.0,S
39087,2012-10-11,0.142857,516977100.0,S
39087,2012-10-12,-0.005208,133525000.0,S
39087,2012-10-15,-0.006981,348785100.0,S
39087,2012-10-16,0.0,182174300.0,S
39087,2012-10-17,0.00703,94914000.0,S
39087,2012-10-18,0.008726,139130500.0,S
39087,2012-10-19,-0.022491,80800700.0,S
39087,2012-10-22,0.00531,38052900.0,S
39087,2012-10-23,-0.005282,36431600.0,S
39087,2012-10-24,-0.00531,57072000.0,S
39087,2012-10-25,-0.017794,106805400.0,S
39087,2012-10-26,-0.005435,58861200.0,S
39087,2012-10-31,0.010929,23867500.0,S
39087,2012-11-01,0.010811,35027000.0,S
39087,2012-11-02,0.016043,41499700.0,S
39087,2012-11-05,0.008772,35996100.0,S
39087,2012-11-06,-0.003478,41955600.0,S
39087,2012-11-07,-0.019197,36891100.0,S
39087,2012-11-08,-0.001779,35926800.0,S
39087,2012-11-09,-0.010695,43820300.0,S
39087,2012-11-12,0.010811,33139300.0,S
39087,2012-11-13,-0.005348,20954300.0,S
39087,2012-11-14,-0.016129,39220800.0,S
39087,2012-11-15,0.009108,30532300.0,S
39087,2012-11-16,-0.01083,32833300.0,S
39087,2012-11-19,0.012774,20999600.0,S
39087,2012-11-20,-0.007207,27573300.0,S
39087,2012-11-21,0.012704,27735800.0,S
39087,2012-11-23,0.010753,11212700.0,S
39087,2012-11-26,-0.003546,23536100.0,S
39087,2012-11-27,0.001779,32672800.0,S
39087,2012-11-28,0.012433,24535900.0,S
39087,2012-11-29,0.003509,22528500.0,S
39087,2012-11-30,0.001748,33475100.0,S
39087,2012-12-03,-0.001745,23609700.0,S
39087,2012-12-04,-0.006993,28084200.0,S
39087,2012-12-05,0.007042,22940900.0,S
39087,2012-12-06,0.001748,27269200.0,S
39087,2012-12-07,-0.006981,31591600.0,S
39087,2012-12-10,-0.005272,13206400.0,S
39087,2012-12-11,-0.015901,50322800.0,S
39087,2012-12-12,0.016158,48372600.0,S
39087,2012-12-13,-0.003534,55940700.0,S
39087,2012-12-14,-0.015957,23399100.0,S
39087,2012-12-17,0.001802,39045500.0,S
39087,2012-12-18,-0.005396,37684600.0,S
39087,2012-12-19,-0.012658,47335700.0,S
39087,2012-12-20,0.003663,46040900.0,S
39087,2012-12-21,-0.00365,41993200.0,S
39087,2012-12-24,0.007326,8655400.0,S
39087,2012-12-26,0.010909,14725900.0,S
39087,2012-12-27,0.010791,28157300.0,S
39087,2012-12-28,-0.003559,23838900.0,S
39087,2012-12-31,0.0125,30443900.0,S
39087,2013-01-02,0.021164,45202600.0,S
39087,2013-01-03,0.005181,36332000.0,S
39087,2013-01-04,0.017182,48310100.0,S
39087,2013-01-07,0.006757,20366000.0,S
39087,2013-01-08,0.001678,65518800.0,S
39087,2013-01-09,-0.015075,66413900.0,S
39087,2013-01-10,0.010204,43965600.0,S
39087,2013-01-11,-0.003367,67415900.0,S
39087,2013-01-14,-0.038851,75136900.0,S
39087,2013-01-15,-0.012302,53569400.0,S
39087,2013-01-16,-0.016014,55854900.0,S
39087,2013-01-17,0.018083,40997200.0,S
39087,2013-01-18,0.003552,22578200.0,S
39087,2013-01-22,0.00177,16926700.0,S
39087,2013-01-23,0.001767,21019800.0,S
39087,2013-01-24,0.0,21397700.0,S
39087,2013-01-25,-0.005291,22947700.0,S
39087,2013-01-28,-0.014184,49955300.0,S
39087,2013-01-29,0.014389,111682800.0,S
39087,2013-01-30,0.001773,67208700.0,S
39087,2013-01-31,-0.00354,40023600.0,S
39087,2013-02-01,0.010657,59195000.0,S
39087,2013-02-04,0.008787,61979200.0,S
39087,2013-02-05,-0.005226,23097400.0,S
39087,2013-02-06,0.010508,33432600.0,S
39087,2013-02-07,-0.005199,85951400.0,S
39087,2013-02-08,0.005227,44894200.0,S
39087,2013-02-11,0.003466,17891200.0,S
39087,2013-02-12,0.020725,66026000.0,S
39087,2013-02-13,-0.00846,23136600.0,S
39087,2013-02-14,0.001706,28939700.0,S
39087,2013-02-15,0.006814,34790400.0,S
39087,2013-02-19,-0.001692,19292000.0,S
39087,2013-02-20,-0.018644,24162200.0,S
39087,2013-02-21,0.0,26505600.0,S
39087,2013-02-22,0.005181,20423100.0,S
39087,2013-02-25,-0.015464,18642200.0,S
39087,2013-02-26,0.008726,21306800.0,S
39087,2013-02-27,0.013841,21007200.0,S
39087,2013-02-28,-0.010239,16932700.0,S
39087,2013-03-01,0.0,13976600.0,S
39087,2013-03-04,0.005172,15930500.0,S
39087,2013-03-05,0.006861,12474100.0,S
39087,2013-03-06,0.0,22613400.0,S
39087,2013-03-07,-0.003407,13157300.0,S
39087,2013-03-08,0.005128,15217700.0,S
39087,2013-03-11,-0.003401,15575800.0,S
39087,2013-03-12,0.010239,23746900.0,S
39087,2013-03-13,-0.006757,17002000.0,S
39087,2013-03-14,-0.003401,20382500.0,S
39087,2013-03-15,-0.008532,48820400.0,S
39087,2013-03-18,0.010327,28278800.0,S
39087,2013-03-19,0.027257,95334800.0,S
39087,2013-03-20,0.0,40267300.0,S
39087,2013-03-21,0.004975,26739200.0,S
39087,2013-03-22,0.013201,57339100.0,S
39087,2013-03-25,-0.017915,48358000.0,S
39087,2013-03-26,0.003317,46174100.0,S
39087,2013-03-27,-0.001653,40179700.0,S
39087,2013-03-28,0.028146,53861800.0,S
39087,2013-04-01,0.006441,26952200.0,S
39087,2013-04-02,-0.0032,23276300.0,S
39087,2013-04-03,-0.011236,27394400.0,S
39087,2013-04-04,0.008117,22224500.0,S
39087,2013-04-05,0.003221,18091600.0,S
39087,2013-04-08,0.011236,26203200.0,S
39087,2013-04-09,-0.003175,22467000.0,S
39087,2013-04-10,-0.004777,34744200.0,S
39087,2013-04-11,0.0016,30008100.0,S
39087,2013-04-12,-0.00639,46111900.0,S
39087,2013-04-15,0.135048,440739300.0,S
39087,2013-04-16,0.01983,126050900.0,S
39087,2013-04-17,-0.015278,118825600.0,S
39087,2013-04-18,0.014104,87311700.0,S
39087,2013-04-19,-0.002782,100017600.0,S
39087,2013-04-22,0.0,44044900.0,S
39087,2013-04-23,-0.009763,49242700.0,S
39087,2013-04-24,-0.001408,118341100.0,S
39087,2013-04-25,0.007052,84298400.0,S
39087,2013-04-26,-0.002801,78692700.0,S
39087,2013-04-29,0.0,30245900.0,S
39087,2013-04-30,-0.009831,89156700.0,S
39087,2013-05-01,0.001418,43019500.0,S
39087,2013-05-02,0.005666,50401800.0,S
39087,2013-05-03,0.007042,45428200.0,S
39087,2013-05-06,0.006993,22711600.0,S
39087,2013-05-07,0.002778,41990600.0,S
39087,2013-05-08,0.013851,27135200.0,S
39087,2013-05-09,0.004098,72035700.0,S
39087,2013-05-10,0.001361,45756300.0,S
39087,2013-05-13,-0.024457,77029400.0,S
39087,2013-05-14,0.011142,53200600.0,S
39087,2013-05-15,-0.001377,43160000.0,S
39087,2013-05-16,0.004138,60026300.0,S
39087,2013-05-17,0.005495,40020900.0,S
39087,2013-05-20,-0.004098,36575000.0,S
39087,2013-05-21,0.013717,33968100.0,S
39087,2013-05-22,-0.012179,25088400.0,S
39087,2013-05-23,0.00137,18629400.0,S
39087,2013-05-24,0.002736,19595500.0,S
39087,2013-05-28,-0.008186,30584700.0,S
39087,2013-05-29,0.001376,20682900.0,S
39087,2013-05-30,0.008242,61036300.0,S
39087,2013-05-31,-0.00545,87047600.0,S
39087,2013-06-03,-0.010959,38104700.0,S
39087,2013-06-04,0.00554,43956000.0,S
39087,2013-06-05,-0.008265,42791400.0,S
39087,2013-06-06,0.019445,26865300.0,S
39087,2013-06-07,-0.013624,55164600.0,S
39087,2013-06-10,-0.008287,38020100.0,S
39087,2013-06-11,0.023677,234233800.0,S
39087,2013-06-12,0.0,44834800.0,S
39087,2013-06-13,-0.004082,75518700.0,S
39087,2013-06-14,0.0,16676300.0,S
39087,2013-06-17,-0.013661,48714700.0,S
39087,2013-06-18,0.013851,74095000.0,S
39087,2013-06-19,-0.043716,171579100.0,S
39087,2013-06-20,0.01,104445400.0,S
39087,2013-06-21,-0.014144,143782600.0,S
39087,2013-06-24,-0.015782,112984100.0,S
39087,2013-06-25,0.002915,120424600.0,S
39087,2013-06-26,0.013081,120920600.0,S
39087,2013-06-27,0.001435,36924900.0,S
39087,2013-06-28,0.005731,117354600.0,S
39087,2013-07-01,0.007123,42904600.0,S
39087,2013-07-02,0.011315,49759400.0,S
39087,2013-07-03,0.005594,31773700.0,S
39087,2013-07-05,-0.004172,36936600.0,S
39087,2013-07-08,-0.01257,590609800.0,S
39087,2013-07-09,-0.001414,108331400.0,S
39087,2013-07-10,0.016997,57003500.0,S
60599,2008-01-02,-0.016643,982900.0,CTL
60599,2008-01-03,0.003679,1091400.0,CTL
60599,2008-01-04,-0.01784,1292000.0,CTL
60599,2008-01-07,0.034586,1419000.0,CTL
60599,2008-01-08,-0.054353,1841200.0,CTL
60599,2008-01-09,-0.074008,4721100.0,CTL
60599,2008-01-10,0.005218,2606700.0,CTL
60599,2008-01-11,-0.017486,1052800.0,CTL
60599,2008-01-14,0.002503,1215100.0,CTL
60599,2008-01-15,-0.023578,1150400.0,CTL
60599,2008-01-16,-0.005966,1851800.0,CTL
60599,2008-01-17,-0.003715,1530600.0,CTL
60599,2008-01-18,-0.01463,2034700.0,CTL
60599,2008-01-22,-0.012227,2038800.0,CTL
60599,2008-01-23,-0.013263,2621400.0,CTL
60599,2008-01-24,-0.001493,1132800.0,CTL
60599,2008-01-25,0.031708,1328100.0,CTL
60599,2008-01-28,0.006669,1519400.0,CTL
60599,2008-01-29,0.014689,1134900.0,CTL
60599,2008-01-30,0.015044,1699700.0,CTL
60599,2008-01-31,0.029642,1693900.0,CTL
60599,2008-02-01,0.005975,1243300.0,CTL
60599,2008-02-04,-0.00432,796400.0,CTL
60599,2008-02-05,-0.026844,1162100.0,CTL
60599,2008-02-06,0.001393,1398500.0,CTL
60599,2008-02-07,-0.01113,1179700.0,CTL
60599,2008-02-08,0.007316,869000.0,CTL
60599,2008-02-11,-0.001955,609200.0,CTL
60599,2008-02-12,0.016233,1471600.0,CTL
60599,2008-02-13,0.017901,1098700.0,CTL
60599,2008-02-14,0.043561,3045100.0,CTL
60599,2008-02-15,0.025927,1925200.0,CTL
60599,2008-02-19,-0.052565,2074600.0,CTL
60599,2008-02-20,-0.004001,1632400.0,CTL
60599,2008-02-21,-0.022228,1281400.0,CTL
60599,2008-02-22,0.00493,1051700.0,CTL
60599,2008-02-25,0.017171,1269600.0,CTL
60599,2008-02-26,0.025723,1880200.0,CTL
60599,2008-02-27,-0.03396,1269900.0,CTL
60599,2008-02-28,0.01271,1069600.0,CTL
60599,2008-02-29,-0.033645,1154800.0,CTL
60599,2008-03-03,-0.010224,1249500.0,CTL
60599,2008-03-04,-0.013679,1330500.0,CTL
60599,2008-03-05,0.00283,983000.0,CTL
60599,2008-03-06,-0.025755,883600.0,CTL
60599,2008-03-07,-0.006967,1107500.0,CTL
60599,2008-03-10,-0.019877,992000.0,CTL
60599,2008-03-11,0.020579,983400.0,CTL
60599,2008-03-12,-0.014904,1072100.0,CTL
60599,2008-03-13,0.00356,995400.0,CTL
60599,2008-03-14,-0.01478,1308200.0,CTL
60599,2008-03-17,0.017402,1635000.0,CTL
60599,2008-03-18,0.004129,1466800.0,CTL
60599,2008-03-19,-0.020852,1192400.0,CTL
60599,2008-03-20,0.013197,1920900.0,CTL
60599,2008-03-24,0.033156,993400.0,CTL
60599,2008-03-25,-0.001146,1121600.0,CTL
60599,2008-03-26,-0.018359,932300.0,CTL
60599,2008-03-27,-0.020164,732900.0,CTL
60599,2008-03-28,-0.014316,943600.0,CTL
60599,2008-03-31,0.005749,776600.0,CTL
60599,2008-04-01,0.015343,904100.0,CTL
60599,2008-04-02,-0.018074,1030300.0,CTL
60599,2008-04-03,0.009958,948300.0,CTL
60599,2008-04-04,-0.018823,946900.0,CTL
60599,2008-04-07,0.011571,620900.0,CTL
60599,2008-04-08,-0.025888,1089400.0,CTL
60599,2008-04-09,-0.019469,1119400.0,CTL
60599,2008-04-10,-0.013237,821200.0,CTL
60599,2008-04-11,-0.002236,915800.0,CTL
60599,2008-04-14,-0.010563,805000.0,CTL
60599,2008-04-15,-0.000971,1193500.0,CTL
60599,2008-04-16,0.019754,964900.0,CTL
60599,2008-04-17,-0.015561,747800.0,CTL
60599,2008-04-18,0.048387,2600700.0,CTL
60599,2008-04-21,-0.001846,771300.0,CTL
60599,2008-04-22,-0.025894,1121600.0,CTL
60599,2008-04-23,0.003481,969700.0,CTL
60599,2008-04-24,-0.002208,986400.0,CTL
60599,2008-04-25,0.004109,966700.0,CTL
60599,2008-04-28,0.021404,1184800.0,CTL
60599,2008-04-29,0.00339,990700.0,CTL
60599,2008-04-30,-0.003378,1215900.0,CTL
60599,2008-05-01,0.107242,3858500.0,CTL
60599,2008-05-02,-0.008071,1256700.0,CTL
60599,2008-05-05,-0.007576,1043500.0,CTL
60599,2008-05-06,0.009613,842200.0,CTL
60599,2008-05-07,-0.010921,1064300.0,CTL
60599,2008-05-08,-0.010193,1175800.0,CTL
60599,2008-05-09,0.01516,812100.0,CTL
60599,2008-05-12,0.002254,713400.0,CTL
60599,2008-05-13,0.000281,903600.0,CTL
60599,2008-05-14,0.011523,1063800.0,CTL
60599,2008-05-15,0.0,805500.0,CTL
60599,2008-05-16,-0.008058,770900.0,CTL
60599,2008-05-19,-0.004482,733600.0,CTL
60599,2008-05-20,-0.01632,751400.0,CTL
60599,2008-05-21,0.004291,1229400.0,CTL
60599,2008-05-22,0.0,940700.0,CTL
60599,2008-05-23,-0.009399,648500.0,CTL
60599,2008-05-27,0.007188,1032700.0,CTL
60599,2008-05-28,0.006851,756400.0,CTL
60599,2008-05-29,0.019563,897600.0,CTL
60599,2008-05-30,-0.015295,712200.0,CTL
60599,2008-06-02,-0.000282,1006800.0,CTL
60599,2008-06-03,0.005932,1170900.0,CTL
60599,2008-06-04,0.01011,937300.0,CTL
60599,2008-06-05,0.022241,1122100.0,CTL
60599,2008-06-06,-0.023117,1044600.0,CTL
60599,2008-06-09,-0.000626,825900.0,CTL
60599,2008-06-10,-0.005024,1496200.0,CTL
60599,2008-06-11,-0.030575,1551600.0,CTL
60599,2008-06-12,-0.065394,3231500.0,CTL
60599,2008-06-13,0.006502,1830400.0,CTL
60599,2008-06-16,0.009228,1189900.0,CTL
60599,2008-06-17,-0.011582,873500.0,CTL
60599,2008-06-18,-0.014184,1188400.0,CTL
60599,2008-06-19,0.001251,813600.0,CTL
60599,2008-06-20,-0.030303,1400600.0,CTL
60599,2008-06-23,0.006765,799600.0,CTL
60599,2008-06-24,0.17696,6870300.0,CTL
60599,2008-06-25,-0.013322,2916500.0,CTL
60599,2008-06-26,-0.004133,2286900.0,CTL
60599,2008-06-27,-0.017986,2187900.0,CTL
60599,2008-06-30,0.002818,2063100.0,CTL
60599,2008-07-01,0.009553,2555900.0,CTL
60599,2008-07-02,-0.023309,2530800.0,CTL
60599,2008-07-03,0.00029,1108300.0,CTL
60599,2008-07-07,0.004061,1832700.0,CTL
60599,2008-07-08,0.013002,2092600.0,CTL
60599,2008-07-09,-0.013406,1797500.0,CTL
60599,2008-07-10,0.01301,1323100.0,CTL
60599,2008-07-11,-0.013984,1891500.0,CTL
60599,2008-07-14,0.006078,1247400.0,CTL
60599,2008-07-15,0.020426,1949000.0,CTL
60599,2008-07-16,0.010713,1295900.0,CTL
60599,2008-07-17,0.003905,1803400.0,CTL
60599,2008-07-18,0.01167,1303700.0,CTL
60599,2008-07-21,0.006317,1373300.0,CTL
60599,2008-07-22,0.013646,1159200.0,CTL
60599,2008-07-23,0.004577,1713400.0,CTL
60599,2008-07-24,-0.022514,1802600.0,CTL
60599,2008-07-25,-0.011242,1298100.0,CTL
60599,2008-07-28,-0.009706,1621500.0,CTL
60599,2008-07-29,0.015402,1540500.0,CTL
60599,2008-07-30,0.015996,1173100.0,CTL
60599,2008-07-31,0.009501,1976600.0,CTL
60599,2008-08-01,-0.026082,1365800.0,CTL
60599,2008-08-04,-0.004417,1528900.0,CTL
60599,2008-08-05,0.020521,1630900.0,CTL
60599,2008-08-06,0.032337,1649800.0,CTL
60599,2008-08-07,-0.015267,1236900.0,CTL
60599,2008-08-08,0.003475,1221600.0,CTL
60599,2008-08-11,0.025306,1205400.0,CTL
60599,2008-08-12,-0.011172,1462300.0,CTL
60599,2008-08-13,-0.016027,1558300.0,CTL
60599,2008-08-14,0.008011,1038600.0,CTL
60599,2008-08-15,0.015629,698500.0,CTL
60599,2008-08-18,-0.015128,1068200.0,CTL
60599,2008-08-19,-0.016155,1761600.0,CTL
60599,2008-08-20,0.005922,880200.0,CTL
60599,2008-08-21,0.001338,610100.0,CTL
60599,2008-08-22,0.013629,529300.0,CTL
60599,2008-08-25,-0.013182,786000.0,CTL
60599,2008-08-26,-0.001069,825600.0,CTL
60599,2008-08-27,0.018454,856500.0,CTL
60599,2008-08-28,0.014969,937000.0,CTL
60599,2008-08-29,-0.000517,885500.0,CTL
60599,2008-09-02,0.010355,1253500.0,CTL
60599,2008-09-03,0.01486,1684300.0,CTL
60599,2008-09-04,-0.001767,2039100.0,CTL
60599,2008-09-05,-0.011381,1611100.0,CTL
60599,2008-09-08,0.045845,1970000.0,CTL
60599,2008-09-09,-0.013948,1880600.0,CTL
60599,2008-09-10,0.001263,1272400.0,CTL
60599,2008-09-11,0.001261,1702300.0,CTL
60599,2008-09-12,0.006803,1187500.0,CTL
60599,2008-09-15,-0.027027,909800.0,CTL
60599,2008-09-16,-0.00823,1627700.0,CTL
60599,2008-09-17,-0.045384,1542000.0,CTL
60599,2008-09-18,0.033143,1828000.0,CTL
60599,2008-09-19,0.007626,1457000.0,CTL
60599,2008-09-22,-0.031576,769600.0,CTL
60599,2008-09-23,-0.00485,998500.0,CTL
60599,2008-09-24,0.005957,762000.0,CTL
60599,2008-09-25,0.034993,843900.0,CTL
60599,2008-09-26,0.007542,607700.0,CTL
60599,2008-09-29,-0.041559,1567200.0,CTL
60599,2008-09-30,-0.012928,1382100.0,CTL
60599,2008-10-01,0.027831,1219900.0,CTL
60599,2008-10-02,-0.009291,1498000.0,CTL
60599,2008-10-03,0.006431,2068200.0,CTL
60599,2008-10-06,-0.034345,2672100.0,CTL
60599,2008-10-07,-0.02123,2416000.0,CTL
60599,2008-10-08,-0.01324,2689300.0,CTL
60599,2008-10-09,-0.083643,3132500.0,CTL
60599,2008-10-10,-0.056698,2749000.0,CTL
60599,2008-10-13,0.102378,1635000.0,CTL
60599,2008-10-14,0.05003,2113400.0,CTL
60599,2008-10-15,-0.079601,1223000.0,CTL
60599,2008-10-16,0.00372,1631500.0,CTL
60599,2008-10-17,0.003088,1640800.0,CTL
60599,2008-10-20,0.046182,838500.0,CTL
60599,2008-10-21,-0.017657,1969100.0,CTL
60599,2008-10-22,-0.047633,2125200.0,CTL
60599,2008-10-23,-0.022334,1613200.0,CTL
60599,2008-10-24,-0.050837,2796800.0,CTL
60599,2008-10-27,-0.131525,3970000.0,CTL
60599,2008-10-28,0.08548,4508700.0,CTL
60599,2008-10-29,-0.089536,3044900.0,CTL
60599,2008-10-30,-0.053713,5764000.0,CTL
60599,2008-10-31,0.047997,4372500.0,CTL
60599,2008-11-03,0.092792,2919500.0,CTL
60599,2008-11-04,0.008382,3768100.0,CTL
60599,2008-11-05,-0.031442,1577600.0,CTL
60599,2008-11-06,-0.060448,2268000.0,CTL
60599,2008-11-07,0.049245,1720800.0,CTL
60599,2008-11-10,-0.027631,1429300.0,CTL
60599,2008-11-11,-0.032308,1597100.0,CTL
60599,2008-11-12,-0.002816,2534600.0,CTL
60599,2008-11-13,0.059298,2987600.0,CTL
60599,2008-11-14,-0.038462,2332900.0,CTL
60599,2008-11-17,0.019802,2143100.0,CTL
60599,2008-11-18,0.005437,2767900.0,CTL
60599,2008-11-19,-0.078409,2205100.0,CTL
60599,2008-11-20,-0.085918,3206900.0,CTL
60599,2008-11-21,0.00917,4138600.0,CTL
60599,2008-11-24,0.11313,3169500.0,CTL
60599,2008-11-25,0.073469,5072500.0,CTL
60599,2008-11-26,0.039164,2046100.0,CTL
60599,2008-11-28,-0.002561,1450100.0,CTL
60599,2008-12-01,-0.080196,2644200.0,CTL
60599,2008-12-02,0.065084,2981200.0,CTL
60599,2008-12-03,0.024212,1971600.0,CTL
60599,2008-12-04,-0.050657,1566700.0,CTL
60599,2008-12-05,0.031621,1787300.0,CTL
60599,2008-12-08,0.004598,1942400.0,CTL
60599,2008-12-09,-0.00267,2083900.0,CTL
60599,2008-12-10,0.009943,1697200.0,CTL
60599,2008-12-11,-0.037864,1474100.0,CTL
60599,2008-12-12,-0.018497,1991500.0,CTL
60599,2008-12-15,-0.043304,2723100.0,CTL
60599,2008-12-16,0.070411,1933400.0,CTL
60599,2008-12-17,-0.003132,1934000.0,CTL
60599,2008-12-18,0.008248,1913000.0,CTL
60599,2008-12-19,0.009349,1949300.0,CTL
60599,2008-12-22,0.00193,1614700.0,CTL
60599,2008-12-23,0.008475,1579900.0,CTL
60599,2008-12-24,0.014133,898800.0,CTL
60599,2008-12-26,0.004896,948400.0,CTL
60599,2008-12-29,0.00075,1400500.0,CTL
60599,2008-12-30,0.005993,1672800.0,CTL
60599,2008-12-31,0.017498,1311600.0,CTL
60599,2009-01-02,0.039883,1316100.0,CTL
60599,2009-01-05,-0.0095,2449800.0,CTL
60599,2009-01-06,0.003908,2537700.0,CTL
60599,2009-01-07,-0.016985,2559000.0,CTL
60599,2009-01-08,0.032757,1868500.0,CTL
60599,2009-01-09,-0.03137,1798000.0,CTL
60599,2009-01-12,-0.037424,1999100.0,CTL
60599,2009-01-13,0.014206,2075400.0,CTL
60599,2009-01-14,-0.02359,4143000.0,CTL
60599,2009-01-15,0.00151,3392400.0,CTL
60599,2009-01-16,0.023747,2304100.0,CTL
60599,2009-01-20,-0.022828,2803500.0,CTL
60599,2009-01-21,0.047475,2723900.0,CTL
60599,2009-01-22,-0.005036,2465500.0,CTL
60599,2009-01-23,0.021692,2560100.0,CTL
60599,2009-01-26,0.019816,2013700.0,CTL
60599,2009-01-27,-0.002429,1704300.0,CTL
60599,2009-01-28,-0.015304,3595100.0,CTL
60599,2009-01-29,-0.035323,2206400.0,CTL
60599,2009-01-30,-0.006225,2836900.0,CTL
60599,2009-02-02,0.013633,2153400.0,CTL
60599,2009-02-03,0.005453,1694600.0,CTL
60599,2009-02-04,-0.014823,1540200.0,CTL
60599,2009-02-05,-0.009174,3141700.0,CTL
60599,2009-02-06,0.027778,1951100.0,CTL
60599,2009-02-09,-0.001802,1574200.0,CTL
60599,2009-02-10,-0.033213,2113500.0,CTL
60599,2009-02-11,0.000747,2015500.0,CTL
60599,2009-02-12,-0.002239,2146700.0,CTL
60599,2009-02-13,0.006732,2384500.0,CTL
60599,2009-02-17,-0.066493,3216900.0,CTL
60599,2009-02-18,0.005571,2650200.0,CTL
60599,2009-02-19,-0.005936,3377700.0,CTL
60599,2009-02-20,0.041799,4846900.0,CTL
60599,2009-02-23,-0.019106,3297100.0,CTL
60599,2009-02-24,0.039735,3429400.0,CTL
60599,2009-02-25,0.007493,2854400.0,CTL
60599,2009-02-26,-0.030867,5106100.0,CTL
60599,2009-02-27,0.010361,3691900.0,CTL
60599,2009-03-02,-0.041778,2990700.0,CTL
60599,2009-03-03,-0.05549,4318200.0,CTL
60599,2009-03-04,0.067982,3200100.0,CTL
60599,2009-03-05,-0.011788,3724500.0,CTL
60599,2009-03-06,-0.042147,3085700.0,CTL
60599,2009-03-09,-0.022001,2308500.0,CTL
60599,2009-03-10,0.074703,3595400.0,CTL
60599,2009-03-11,-0.003949,2298300.0,CTL
60599,2009-03-12,0.036083,2124200.0,CTL
60599,2009-03-13,-0.014925,2607900.0,CTL
60599,2009-03-16,0.003594,1416900.0,CTL
60599,2009-03-17,0.049344,2116000.0,CTL
60599,2009-03-18,0.015548,2538200.0,CTL
60599,2009-03-19,-0.011949,1447400.0,CTL
60599,2009-03-20,0.001512,1652100.0,CTL
60599,2009-03-23,0.029811,2604400.0,CTL
60599,2009-03-24,0.003298,2496200.0,CTL
60599,2009-03-25,0.018262,2394900.0,CTL
60599,2009-03-26,0.013989,1936700.0,CTL
60599,2009-03-27,0.000707,1236000.0,CTL
60599,2009-03-30,-0.034641,1691700.0,CTL
60599,2009-03-31,0.02966,2208700.0,CTL
60599,2009-04-01,0.009246,2159700.0,CTL
60599,2009-04-02,-0.01938,2744300.0,CTL
60599,2009-04-03,-0.000359,2256000.0,CTL
60599,2009-04-06,0.016535,1742600.0,CTL
60599,2009-04-07,-0.013084,1652000.0,CTL
60599,2009-04-08,-0.03583,3460800.0,CTL
60599,2009-04-09,0.028242,1283800.0,CTL
60599,2009-04-13,-0.022768,1718800.0,CTL
60599,2009-04-14,-0.026627,1690100.0,CTL
60599,2009-04-15,0.006079,1007100.0,CTL
60599,2009-04-16,0.015861,1295000.0,CTL
60599,2009-04-17,-0.00855,1634900.0,CTL
60599,2009-04-20,-0.038245,1920900.0,CTL
60599,2009-04-21,0.007407,1027100.0,CTL
60599,2009-04-22,-0.001935,1119500.0,CTL
60599,2009-04-23,-0.001163,1459000.0,CTL
60599,2009-04-24,0.026786,1885300.0,CTL
60599,2009-04-27,-0.002647,1728800.0,CTL
60599,2009-04-28,0.010235,1031600.0,CTL
60599,2009-04-29,0.011257,1769800.0,CTL
60599,2009-04-30,0.007421,2444700.0,CTL
60599,2009-05-01,0.035359,1881800.0,CTL
60599,2009-05-04,0.01423,1278300.0,CTL
60599,2009-05-05,0.00947,2218400.0,CTL
60599,2009-05-06,0.012856,2324000.0,CTL
60599,2009-05-07,0.036021,2538300.0,CTL
60599,2009-05-08,0.010596,2931800.0,CTL
60599,2009-05-11,0.015072,2466100.0,CTL
60599,2009-05-12,-0.008715,2511500.0,CTL
60599,2009-05-13,0.00521,1983200.0,CTL
60599,2009-05-14,-0.002592,1530600.0,CTL
60599,2009-05-15,-0.019487,1609000.0,CTL
60599,2009-05-18,0.025836,1530900.0,CTL
60599,2009-05-19,-0.010978,1685300.0,CTL
60599,2009-05-20,-0.001306,1445900.0,CTL
60599,2009-05-21,-0.030402,2239900.0,CTL
60599,2009-05-22,-0.008766,1313800.0,CTL
60599,2009-05-26,0.036054,2276200.0,CTL
60599,2009-05-27,-0.016087,2128400.0,CTL
60599,2009-05-28,0.022022,1714700.0,CTL
60599,2009-05-29,0.007183,3212500.0,CTL
60599,2009-06-01,0.014263,3211800.0,CTL
60599,2009-06-02,0.018536,3582300.0,CTL
60599,2009-06-03,-0.022592,3249700.0,CTL
60599,2009-06-04,0.028892,3328800.0,CTL
60599,2009-06-05,-0.011232,3070900.0,CTL
60599,2009-06-08,0.006311,2313500.0,CTL
60599,2009-06-09,0.006585,2155200.0,CTL
60599,2009-06-10,0.020561,2978700.0,CTL
60599,2009-06-11,0.013736,2648000.0,CTL
60599,2009-06-12,-0.01355,2082000.0,CTL
60599,2009-06-15,0.002807,2318000.0,CTL
60599,2009-06-16,-0.018041,2984200.0,CTL
60599,2009-06-17,-0.001584,2876300.0,CTL
60599,2009-06-18,0.011104,2469000.0,CTL
60599,2009-06-19,-0.026357,3327000.0,CTL
60599,2009-06-22,0.006445,2436000.0,CTL
60599,2009-06-23,0.008325,2368700.0,CTL
60599,2009-06-24,0.000635,2134800.0,CTL
60599,2009-06-25,0.020628,3144700.0,CTL
60599,2009-06-26,-0.023943,3343300.0,CTL
60599,2009-06-29,0.012106,1914800.0,CTL
60599,2009-06-30,-0.03368,5833100.0,CTL
60599,2009-07-01,0.007818,3672900.0,CTL
60599,2009-07-02,-0.041694,3910400.0,CTL
60599,2009-07-06,0.013828,4358000.0,CTL
60599,2009-07-07,0.005655,5592900.0,CTL
60599,2009-07-08,-0.019186,5087700.0,CTL
60599,2009-07-09,0.003373,2997000.0,CTL
60599,2009-07-10,-0.018487,4323600.0,CTL
60599,2009-07-13,0.004795,3534800.0,CTL
60599,2009-07-14,-0.003067,3831000.0,CTL
60599,2009-07-15,0.015043,2600800.0,CTL
60599,2009-07-16,0.004715,3565500.0,CTL
60599,2009-07-17,-0.001006,3122800.0,CTL
60599,2009-07-20,-0.006711,3824900.0,CTL
60599,2009-07-21,0.0125,2954000.0,CTL
60599,2009-07-22,-0.008342,3239500.0,CTL
60599,2009-07-23,0.025909,2851000.0,CTL
60599,2009-07-24,0.002952,2128300.0,CTL
60599,2009-07-27,0.017005,2806400.0,CTL
60599,2009-07-28,0.004502,2615800.0,CTL
60599,2009-07-29,0.008963,2302000.0,CTL
60599,2009-07-30,0.009835,2421300.0,CTL
60599,2009-07-31,-0.013824,2828300.0,CTL
60599,2009-08-03,0.002549,3244200.0,CTL
60599,2009-08-04,0.001271,2898000.0,CTL
60599,2009-08-05,0.002856,2915100.0,CTL
60599,2009-08-06,0.018987,6009500.0,CTL
60599,2009-08-07,-0.008696,2832800.0,CTL
60599,2009-08-10,0.002506,2904800.0,CTL
60599,2009-08-11,-0.010938,2614000.0,CTL
60599,2009-08-12,0.005055,2516800.0,CTL
60599,2009-08-13,-0.000314,2582300.0,CTL
60599,2009-08-14,-0.008491,1749600.0,CTL
60599,2009-08-17,-0.022518,7586600.0,CTL
60599,2009-08-18,0.007463,3403100.0,CTL
60599,2009-08-19,-0.001288,3188200.0,CTL
60599,2009-08-20,0.005482,1998900.0,CTL
60599,2009-08-21,0.01764,1883600.0,CTL
60599,2009-08-24,0.002206,2555400.0,CTL
60599,2009-08-25,0.012579,3239300.0,CTL
60599,2009-08-26,0.008696,3030800.0,CTL
60599,2009-08-27,-0.003079,2035300.0,CTL
60599,2009-08-28,0.000618,2416700.0,CTL
60599,2009-08-31,-0.005247,4060600.0,CTL
60599,2009-09-01,-0.013962,3692800.0,CTL
60599,2009-09-02,0.002832,2747800.0,CTL
60599,2009-09-03,-0.00502,2870500.0,CTL
60599,2009-09-04,0.005482,2433500.0,CTL
60599,2009-09-08,0.011546,2352300.0,CTL
60599,2009-09-09,-0.00539,1972200.0,CTL
60599,2009-09-10,0.0051,2126800.0,CTL
60599,2009-09-11,-0.000634,1633500.0,CTL
60599,2009-09-14,-0.000952,2021600.0,CTL
60599,2009-09-15,0.006353,1876000.0,CTL
60599,2009-09-16,0.020202,2421400.0,CTL
60599,2009-09-17,-0.017636,2687100.0,CTL
60599,2009-09-18,-0.004409,3856300.0,CTL
60599,2009-09-21,-0.004745,2859700.0,CTL
60599,2009-09-22,-0.005404,3198400.0,CTL
60599,2009-09-23,0.040908,5132400.0,CTL
60599,2009-09-24,0.003684,2847700.0,CTL
60599,2009-09-25,0.007954,3517300.0,CTL
60599,2009-09-28,0.019727,2665700.0,CTL
60599,2009-09-29,0.005357,3823500.0,CTL
60599,2009-09-30,-0.005329,4715100.0,CTL
60599,2009-10-01,-0.003571,3082800.0,CTL
60599,2009-10-02,-0.025687,3024400.0,CTL
60599,2009-10-05,0.023912,4153100.0,CTL
60599,2009-10-06,0.005389,2877900.0,CTL
60599,2009-10-07,-0.018464,1996700.0,CTL
60599,2009-10-08,-0.003034,2221500.0,CTL
60599,2009-10-09,-0.008521,1540800.0,CTL
60599,2009-10-12,0.006753,1756600.0,CTL
60599,2009-10-13,0.016463,2461800.0,CTL
60599,2009-10-14,0.002999,2492400.0,CTL
60599,2009-10-15,0.016148,2579400.0,CTL
60599,2009-10-16,-0.010595,3745400.0,CTL
60599,2009-10-19,0.021416,2453100.0,CTL
60599,2009-10-20,-0.011939,2529100.0,CTL
60599,2009-10-21,-0.010905,2148100.0,CTL
60599,2009-10-22,0.005661,2351100.0,CTL
60599,2009-10-23,-0.018667,2284300.0,CTL
60599,2009-10-26,-0.012681,2398200.0,CTL
60599,2009-10-27,-0.002447,1798400.0,CTL
60599,2009-10-28,-0.010116,2055500.0,CTL
60599,2009-10-29,0.021369,2197800.0,CTL
60599,2009-10-30,-0.015767,2521900.0,CTL
60599,2009-11-02,0.008626,1610100.0,CTL
60599,2009-11-03,0.000916,1827400.0,CTL
60599,2009-11-04,0.012511,2258000.0,CTL
60599,2009-11-05,0.032851,3360900.0,CTL
60599,2009-11-06,0.007879,1921800.0,CTL
60599,2009-11-09,0.013028,2336400.0,CTL
60599,2009-11-10,-0.007145,6346600.0,CTL
60599,2009-11-11,-0.004318,2730000.0,CTL
60599,2009-11-12,-0.010986,2775900.0,CTL
60599,2009-11-13,0.012862,1988100.0,CTL
60599,2009-11-16,0.003752,2369600.0,CTL
60599,2009-11-17,0.0,1552600.0,CTL
60599,2009-11-18,-0.003738,1981300.0,CTL
60599,2009-11-19,0.00404,3062500.0,CTL
60599,2009-11-20,0.02357,4544000.0,CTL
60599,2009-11-23,-0.001966,3808600.0,CTL
60599,2009-11-24,0.003658,3392200.0,CTL
60599,2009-11-25,0.015419,3508100.0,CTL
60599,2009-11-27,0.002485,1786800.0,CTL
60599,2009-11-30,-0.000551,4702100.0,CTL
60599,2009-12-01,0.010115,3016500.0,CTL
60599,2009-12-02,0.01669,3005400.0,CTL
60599,2009-12-03,-0.009029,3225300.0,CTL
60599,2009-12-04,0.003313,2767000.0,CTL
60599,2009-12-07,0.009906,2876200.0,CTL
60599,2009-12-08,-0.004632,2187700.0,CTL
60599,2009-12-09,-0.018067,3103800.0,CTL
60599,2009-12-10,0.010315,2382300.0,CTL
60599,2009-12-11,0.016004,10822000.0,CTL
60599,2009-12-14,-0.010592,1915100.0,CTL
60599,2009-12-15,-0.012902,2974800.0,CTL
60599,2009-12-16,-0.00584,3041300.0,CTL
60599,2009-12-17,-0.016783,5470200.0,CTL
60599,2009-12-18,-0.001707,3267100.0,CTL
60599,2009-12-21,0.012539,1608300.0,CTL
60599,2009-12-22,0.010695,1752500.0,CTL
60599,2009-12-23,0.00557,1744900.0,CTL
60599,2009-12-24,0.000554,530400.0,CTL
60599,2009-12-28,0.009964,1197900.0,CTL
60599,2009-12-29,0.0,1108000.0,CTL
60599,2009-12-30,0.00137,1414400.0,CTL
60599,2009-12-31,-0.009031,1409100.0,CTL
60599,2010-01-04,0.012428,2068000.0,CTL
60599,2010-01-05,0.001637,3450100.0,CTL
60599,2010-01-06,-0.039216,5332900.0,CTL
60599,2010-01-07,-0.009637,3993900.0,CTL
60599,2010-01-08,-0.002862,2287000.0,CTL
60599,2010-01-11,0.010333,1976700.0,CTL
60599,2010-01-12,-0.002557,2251500.0,CTL
60599,2010-01-13,0.00826,1780000.0,CTL
60599,2010-01-14,0.000847,1730100.0,CTL
60599,2010-01-15,-0.010161,2596000.0,CTL
60599,2010-01-19,0.01055,2699700.0,CTL
60599,2010-01-20,-0.005361,3936000.0,CTL
60599,2010-01-21,-0.023262,3156700.0,CTL
60599,2010-01-22,-0.01278,2841800.0,CTL
60599,2010-01-25,0.022948,2935900.0,CTL
60599,2010-01-26,0.0,2813500.0,CTL
60599,2010-01-27,-0.007765,3770700.0,CTL
60599,2010-01-28,-0.011304,2295300.0,CTL
60599,2010-01-29,-0.002932,2008400.0,CTL
60599,2010-02-01,0.007645,1978800.0,CTL
60599,2010-02-02,-0.00321,2975800.0,CTL
60599,2010-02-03,0.009075,4931400.0,CTL
60599,2010-02-04,-0.024369,2236900.0,CTL
60599,2010-02-05,0.005352,3541600.0,CTL
60599,2010-02-08,0.015972,3081200.0,CTL
60599,2010-02-09,0.011354,2589300.0,CTL
60599,2010-02-10,0.007772,1954400.0,CTL
60599,2010-02-11,0.007141,2277300.0,CTL
60599,2010-02-12,-0.019569,3915600.0,CTL
60599,2010-02-16,0.016488,2161300.0,CTL
60599,2010-02-17,-0.001138,2971900.0,CTL
60599,2010-02-18,0.020228,2033500.0,CTL
60599,2010-02-19,-0.019827,3357500.0,CTL
60599,2010-02-22,0.00057,2128600.0,CTL
60599,2010-02-23,-0.001424,2325300.0,CTL
60599,2010-02-24,0.005988,2139500.0,CTL
60599,2010-02-25,-0.017857,4296300.0,CTL
60599,2010-02-26,-0.010967,4155700.0,CTL
60599,2010-03-01,0.011964,2969700.0,CTL
60599,2010-03-02,0.002595,3059800.0,CTL
60599,2010-03-03,-0.005464,4042500.0,CTL
60599,2010-03-04,-0.012435,4699000.0,CTL
60599,2010-03-05,-0.001318,5217700.0,CTL
60599,2010-03-08,0.005692,3756700.0,CTL
60599,2010-03-09,0.013405,3297000.0,CTL
60599,2010-03-10,0.004703,3680000.0,CTL
60599,2010-03-11,0.016091,3774100.0,CTL
60599,2010-03-12,-0.003167,2407400.0,CTL
60599,2010-03-15,0.004911,2721200.0,CTL
60599,2010-03-16,0.001725,2891100.0,CTL
60599,2010-03-17,0.006313,2781100.0,CTL
60599,2010-03-18,-0.001141,2733600.0,CTL
60599,2010-03-19,-0.004853,2699100.0,CTL
60599,2010-03-22,0.00918,2022200.0,CTL
60599,2010-03-23,0.004548,1658600.0,CTL
60599,2010-03-24,-0.006225,2228700.0,CTL
60599,2010-03-25,-0.005979,2457900.0,CTL
60599,2010-03-26,0.014036,6541100.0,CTL
60599,2010-03-29,0.00339,2854300.0,CTL
60599,2010-03-30,-0.003097,2598400.0,CTL
60599,2010-03-31,0.001412,2405700.0,CTL
60599,2010-04-01,0.011844,2284000.0,CTL
60599,2010-04-05,0.008919,2233700.0,CTL
60599,2010-04-06,-0.00663,2439700.0,CTL
60599,2010-04-07,-0.003615,2821300.0,CTL
60599,2010-04-08,-0.002233,2377500.0,CTL
60599,2010-04-09,0.007552,2362300.0,CTL
60599,2010-04-12,0.002499,1490400.0,CTL
60599,2010-04-13,-0.000277,1829700.0,CTL
60599,2010-04-14,0.003047,1831300.0,CTL
60599,2010-04-15,0.00359,1907900.0,CTL
60599,2010-04-16,-0.007705,2647900.0,CTL
60599,2010-04-19,0.003882,1550800.0,CTL
60599,2010-04-20,0.008563,2382500.0,CTL
60599,2010-04-21,-0.008491,2308500.0,CTL
60599,2010-04-22,-0.032873,22061800.0,CTL
60599,2010-04-23,-0.019423,14539900.0,CTL
60599,2010-04-26,-0.010778,6669100.0,CTL
60599,2010-04-27,-0.008539,5854900.0,CTL
60599,2010-04-28,0.002673,5479900.0,CTL
60599,2010-04-29,0.010071,4883400.0,CTL
60599,2010-04-30,0.000293,5949000.0,CTL
60599,2010-05-03,0.011434,4992800.0,CTL
60599,2010-05-04,-0.012464,5109200.0,CTL
60599,2010-05-05,0.017611,5458200.0,CTL
60599,2010-05-06,-0.03317,6807500.0,CTL
60599,2010-05-07,-0.014618,7412800.0,CTL
60599,2010-05-10,0.019074,5768000.0,CTL
60599,2010-05-11,0.001188,4904900.0,CTL
60599,2010-05-12,0.016914,3085300.0,CTL
60599,2010-05-13,-0.000584,3153800.0,CTL
60599,2010-05-14,-0.003504,4161200.0,CTL
60599,2010-05-17,0.001172,3396000.0,CTL
60599,2010-05-18,-0.004097,3178000.0,CTL
60599,2010-05-19,-0.005289,3234000.0,CTL
60599,2010-05-20,-0.027179,4427800.0,CTL
60599,2010-05-21,0.009718,3938400.0,CTL
60599,2010-05-24,0.012331,5382600.0,CTL
60599,2010-05-25,-0.002377,5578500.0,CTL
60599,2010-05-26,0.004765,3934900.0,CTL
60599,2010-05-27,0.022525,2497100.0,CTL
60599,2010-05-28,-0.004927,3289600.0,CTL
60599,2010-06-01,-0.004952,2989300.0,CTL
60599,2010-06-02,0.023712,4591900.0,CTL
60599,2010-06-03,-0.001144,5506800.0,CTL
60599,2010-06-04,-0.01274,4665900.0,CTL
60599,2010-06-07,-0.010071,3260700.0,CTL
60599,2010-06-08,0.010174,2782400.0,CTL
60599,2010-06-09,0.002962,3533800.0,CTL
60599,2010-06-10,0.012699,2711100.0,CTL
60599,2010-06-11,0.0035,2215000.0,CTL
60599,2010-06-14,-0.00494,2637600.0,CTL
60599,2010-06-15,0.013727,2658100.0,CTL
60599,2010-06-16,0.003169,2417700.0,CTL
60599,2010-06-17,0.005744,2362100.0,CTL
60599,2010-06-18,-0.001428,2884800.0,CTL
60599,2010-06-21,-0.000572,2044600.0,CTL
60599,2010-06-22,-0.010014,2176200.0,CTL
60599,2010-06-23,-0.003757,2389300.0,CTL
60599,2010-06-24,-0.005222,3276100.0,CTL
60599,2010-06-25,-0.010207,5738900.0,CTL
60599,2010-06-28,0.006187,3103600.0,CTL
60599,2010-06-29,-0.012299,3642200.0,CTL
60599,2010-06-30,-0.012452,3675700.0,CTL
60599,2010-07-01,-0.001801,5249000.0,CTL
60599,2010-07-02,-0.003007,2655100.0,CTL
60599,2010-07-06,0.007541,3567000.0,CTL
60599,2010-07-07,0.024551,5985500.0,CTL
60599,2010-07-08,0.003507,3813300.0,CTL
60599,2010-07-09,0.003203,3007000.0,CTL
60599,2010-07-12,-0.000581,2635400.0,CTL
60599,2010-07-13,0.012489,4027000.0,CTL
60599,2010-07-14,0.00459,2694900.0,CTL
60599,2010-07-15,-0.005425,2578400.0,CTL
60599,2010-07-16,-0.007178,4321600.0,CTL
60599,2010-07-19,0.0107,2437300.0,CTL
60599,2010-07-20,0.002861,3161700.0,CTL
60599,2010-07-21,0.003709,3500100.0,CTL
60599,2010-07-22,0.010233,2865700.0,CTL
60599,2010-07-23,0.000563,3537900.0,CTL
60599,2010-07-26,0.008718,2996700.0,CTL
60599,2010-07-27,-0.003903,3247000.0,CTL
60599,2010-07-28,-0.003638,2391000.0,CTL
60599,2010-07-29,-0.005618,3125900.0,CTL
60599,2010-07-30,0.006215,2290400.0,CTL
60599,2010-08-02,0.010107,4400500.0,CTL
60599,2010-08-03,-0.003057,1901900.0,CTL
60599,2010-08-04,0.012824,3640600.0,CTL
60599,2010-08-05,-0.001927,3735100.0,CTL
60599,2010-08-06,0.003585,3333800.0,CTL
60599,2010-08-09,-0.001099,2781100.0,CTL
60599,2010-08-10,0.003852,4055700.0,CTL
60599,2010-08-11,-0.006851,4476700.0,CTL
60599,2010-08-12,-0.00883,3829700.0,CTL
60599,2010-08-13,0.003619,2714000.0,CTL
60599,2010-08-16,0.005825,2876900.0,CTL
60599,2010-08-17,-0.00193,3988100.0,CTL
60599,2010-08-18,0.001105,3654500.0,CTL
60599,2010-08-19,-0.004968,3273900.0,CTL
60599,2010-08-20,-0.001664,2465200.0,CTL
60599,2010-08-23,-0.002223,2718000.0,CTL
60599,2010-08-24,0.002785,3464900.0,CTL
60599,2010-08-25,-0.001111,6458400.0,CTL
60599,2010-08-26,0.000834,3451200.0,CTL
60599,2010-08-27,0.003333,4245900.0,CTL
60599,2010-08-30,-0.003876,2713800.0,CTL
60599,2010-08-31,0.005003,4127900.0,CTL
60599,2010-09-01,0.015763,4805200.0,CTL
60599,2010-09-02,0.004492,3555100.0,CTL
60599,2010-09-03,0.001106,3050300.0,CTL
60599,2010-09-07,-0.005799,2610500.0,CTL
60599,2010-09-08,0.008333,3231800.0,CTL
60599,2010-09-09,0.004683,2007700.0,CTL
60599,2010-09-10,0.00521,2032500.0,CTL
60599,2010-09-13,0.007092,3053000.0,CTL
60599,2010-09-14,0.016793,4828400.0,CTL
60599,2010-09-15,0.010389,3438500.0,CTL
60599,2010-09-16,0.003955,3305300.0,CTL
60599,2010-09-17,0.018645,6204000.0,CTL
60599,2010-09-20,0.012632,4770300.0,CTL
60599,2010-09-21,0.001273,3156900.0,CTL
60599,2010-09-22,0.002288,3186800.0,CTL
60599,2010-09-23,-0.016996,5179800.0,CTL
60599,2010-09-24,0.012903,4309500.0,CTL
60599,2010-09-27,0.001274,3149400.0,CTL
60599,2010-09-28,0.015267,3812300.0,CTL
60599,2010-09-29,-0.007018,2310300.0,CTL
60599,2010-09-30,-0.004038,3562000.0,CTL
60599,2010-10-01,0.007856,2350100.0,CTL
60599,2010-10-04,-0.006286,2692400.0,CTL
60599,2010-10-05,0.014423,3998300.0,CTL
60599,2010-10-06,0.00424,2785600.0,CTL
60599,2010-10-07,-0.004968,3650700.0,CTL
60599,2010-10-08,-0.007489,3265700.0,CTL
60599,2010-10-11,0.0,1690600.0,CTL
60599,2010-10-12,0.000755,3515000.0,CTL
60599,2010-10-13,0.002513,3033700.0,CTL
60599,2010-10-14,0.003259,2473800.0,CTL
60599,2010-10-15,-0.003498,6181100.0,CTL
60599,2010-10-18,0.000752,2591200.0,CTL
60599,2010-10-19,-0.009772,5853200.0,CTL
60599,2010-10-20,0.01746,3754700.0,CTL
60599,2010-10-21,0.006466,2864400.0,CTL
60599,2010-10-22,0.002965,1708900.0,CTL
60599,2010-10-25,0.00813,3095000.0,CTL
60599,2010-10-26,0.002933,2180000.0,CTL
60599,2010-10-27,-0.003899,3325000.0,CTL
60599,2010-10-28,0.007828,2902700.0,CTL
60599,2010-10-29,0.004369,4984200.0,CTL
60599,2010-11-01,0.00145,4333200.0,CTL
60599,2010-11-02,0.009411,3296300.0,CTL
60599,2010-11-03,0.009802,5147500.0,CTL
60599,2010-11-04,0.019176,5366900.0,CTL
60599,2010-11-05,-0.01115,3048100.0,CTL
60599,2010-11-08,-0.003289,1936900.0,CTL
60599,2010-11-09,-0.003535,2985200.0,CTL
60599,2010-11-10,0.015374,2723400.0,CTL
60599,2010-11-11,-0.013045,2410700.0,CTL
60599,2010-11-12,-0.006844,1849000.0,CTL
60599,2010-11-15,0.005941,2290000.0,CTL
60599,2010-11-16,-0.015119,3137400.0,CTL
60599,2010-11-17,0.005037,2322100.0,CTL
60599,2010-11-18,0.01599,2787100.0,CTL
60599,2010-11-19,0.009396,2167700.0,CTL
60599,2010-11-22,-0.01024,2899200.0,CTL
60599,2010-11-23,-0.010581,3440600.0,CTL
60599,2010-11-24,0.013783,3182300.0,CTL
60599,2010-11-26,0.008908,2220200.0,CTL
60599,2010-11-29,-0.003253,3468900.0,CTL
60599,2010-11-30,0.002098,9805600.0,CTL
60599,2010-12-01,0.0214,10394200.0,CTL
60599,2010-12-02,0.001594,4130700.0,CTL
60599,2010-12-03,0.003979,5370300.0,CTL
60599,2010-12-06,0.00875,4472900.0,CTL
60599,2010-12-07,-0.001598,3808900.0,CTL
60599,2010-12-08,-0.006402,4017700.0,CTL
60599,2010-12-09,0.015877,3117300.0,CTL
60599,2010-12-10,0.010872,3452200.0,CTL
60599,2010-12-13,0.01322,4345700.0,CTL
60599,2010-12-14,0.01548,4446800.0,CTL
60599,2010-12-15,-0.002831,5510000.0,CTL
60599,2010-12-16,-0.007644,3954400.0,CTL
60599,2010-12-17,-0.006822,6322900.0,CTL
60599,2010-12-20,0.018391,4127400.0,CTL
60599,2010-12-21,0.018277,4680000.0,CTL
60599,2010-12-22,-0.007265,3680900.0,CTL
60599,2010-12-23,-0.003874,4024500.0,CTL
60599,2010-12-27,0.002593,3262300.0,CTL
60599,2010-12-28,-0.006681,2853400.0,CTL
60599,2010-12-29,0.003471,1856000.0,CTL
60599,2010-12-30,0.002378,1616700.0,CTL
60599,2010-12-31,-0.004098,1103000.0,CTL
60599,2011-01-03,0.00888,3266200.0,CTL
60599,2011-01-04,0.00322,3727200.0,CTL
60599,2011-01-05,-0.007276,4091700.0,CTL
60599,2011-01-06,-0.020479,5316200.0,CTL
60599,2011-01-07,-0.013864,3973000.0,CTL
60599,2011-01-10,0.003347,3106600.0,CTL
60599,2011-01-11,-0.012233,3520200.0,CTL
60599,2011-01-12,0.004954,3286500.0,CTL
60599,2011-01-13,0.005153,2860400.0,CTL
60599,2011-01-14,-0.013152,4362400.0,CTL
60599,2011-01-18,-0.007454,5070800.0,CTL
60599,2011-01-19,-0.013427,4979300.0,CTL
60599,2011-01-20,-0.020992,4859800.0,CTL
60599,2011-01-21,-0.006598,4662200.0,CTL
60599,2011-01-24,-0.004032,3693100.0,CTL
60599,2011-01-25,0.005001,3593200.0,CTL
60599,2011-01-26,0.038626,6736500.0,CTL
60599,2011-01-27,-0.006616,3997200.0,CTL
60599,2011-01-28,-0.011943,5735200.0,CTL
60599,2011-01-31,0.005114,3347400.0,CTL
60599,2011-02-01,0.004625,2761500.0,CTL
60599,2011-02-02,0.003223,2633400.0,CTL
60599,2011-02-03,0.005966,4852900.0,CTL
60599,2011-02-04,-0.004562,6030700.0,CTL
60599,2011-02-07,0.012145,6635100.0,CTL
60599,2011-02-08,0.007471,2323300.0,CTL
60599,2011-02-09,0.0,2051900.0,CTL
60599,2011-02-10,0.004494,2327100.0,CTL
60599,2011-02-11,0.008948,1911600.0,CTL
60599,2011-02-14,0.000887,3471700.0,CTL
60599,2011-02-15,-0.029021,7070300.0,CTL
60599,2011-02-16,-0.010153,8633500.0,CTL
60599,2011-02-17,-0.011486,4630300.0,CTL
60599,2011-02-18,-0.022291,7692300.0,CTL
60599,2011-02-22,-0.012855,6231600.0,CTL
60599,2011-02-23,-0.015971,4327200.0,CTL
60599,2011-02-24,0.000499,3948100.0,CTL
60599,2011-02-25,0.009234,3019100.0,CTL
60599,2011-02-28,0.018299,4557700.0,CTL
60599,2011-03-01,-0.016513,4952200.0,CTL
60599,2011-03-02,0.010617,3717300.0,CTL
60599,2011-03-03,-0.002932,4226500.0,CTL
60599,2011-03-04,-0.010047,3517900.0,CTL
60599,2011-03-07,-0.007673,4636300.0,CTL
60599,2011-03-08,0.010726,4294700.0,CTL
60599,2011-03-09,0.003949,3478900.0,CTL
60599,2011-03-10,-0.008112,3761100.0,CTL
60599,2011-03-11,0.002478,2855400.0,CTL
60599,2011-03-14,-0.000494,4179100.0,CTL
60599,2011-03-15,-0.008904,4702400.0,CTL
60599,2011-03-16,-0.009983,7754400.0,CTL
60599,2011-03-17,0.028737,4983400.0,CTL
60599,2011-03-18,0.024994,5941700.0,CTL
60599,2011-03-21,-0.032274,6105400.0,CTL
60599,2011-03-22,0.010129,3911100.0,CTL
60599,2011-03-23,0.000245,2715100.0,CTL
60599,2011-03-24,-0.005135,3335500.0,CTL
60599,2011-03-25,0.006881,4333600.0,CTL
60599,2011-03-28,-0.000488,3201500.0,CTL
60599,2011-03-29,0.01221,3615600.0,CTL
60599,2011-03-30,0.006755,6162300.0,CTL
60599,2011-03-31,-0.004313,13718200.0,CTL
60599,2011-04-01,-0.012515,5956400.0,CTL
60599,2011-04-04,-0.019498,9423000.0,CTL
60599,2011-04-05,-0.002237,7275600.0,CTL
60599,2011-04-06,0.012456,7316700.0,CTL
60599,2011-04-07,-0.000984,4387500.0,CTL
60599,2011-04-08,-0.003448,4171500.0,CTL
60599,2011-04-11,-0.004449,5008100.0,CTL
60599,2011-04-12,-0.011172,5186200.0,CTL
60599,2011-04-13,0.009792,4007400.0,CTL
60599,2011-04-14,-0.00547,3873900.0,CTL
60599,2011-04-15,0.00075,4257100.0,CTL
60599,2011-04-18,-0.01299,4593100.0,CTL
60599,2011-04-19,-0.004556,4268800.0,CTL
60599,2011-04-20,0.005594,3980700.0,CTL
60599,2011-04-21,-0.001011,4231000.0,CTL
60599,2011-04-25,-0.003037,5602900.0,CTL
60599,2011-04-26,0.02361,4545500.0,CTL
60599,2011-04-27,-0.004464,6912300.0,CTL
60599,2011-04-28,0.006976,3910600.0,CTL
60599,2011-04-29,0.008907,5646200.0,CTL
60599,2011-05-02,-0.002452,5324900.0,CTL
60599,2011-05-03,-0.002212,4872700.0,CTL
60599,2011-05-04,-0.00542,8882700.0,CTL
60599,2011-05-05,0.002725,8084700.0,CTL
60599,2011-05-06,0.012352,6570300.0,CTL
60599,2011-05-09,-0.003904,4155700.0,CTL
60599,2011-05-10,0.013229,5137500.0,CTL
60599,2011-05-11,0.001209,4581300.0,CTL
60599,2011-05-12,0.014006,4796100.0,CTL
60599,2011-05-13,0.01024,6089800.0,CTL
60599,2011-05-16,-0.003536,5468200.0,CTL
60599,2011-05-17,0.010173,5248600.0,CTL
60599,2011-05-18,0.007026,7238600.0,CTL
60599,2011-05-19,0.008372,4784100.0,CTL
60599,2011-05-20,-0.00369,3464300.0,CTL
60599,2011-05-23,-0.003472,3421500.0,CTL
60599,2011-05-24,-0.001626,4292100.0,CTL
60599,2011-05-25,-0.009539,4540200.0,CTL
60599,2011-05-26,0.008927,3912400.0,CTL
60599,2011-05-27,0.001863,2452700.0,CTL
60599,2011-05-31,0.003718,5432900.0,CTL
60599,2011-06-01,-0.011808,5154400.0,CTL
60599,2011-06-02,-0.00574,4448300.0,CTL
60599,2011-06-03,-0.010789,3977100.0,CTL
60599,2011-06-06,-0.012603,3267600.0,CTL
60599,2011-06-07,-0.009818,4268200.0,CTL
60599,2011-06-08,0.005949,3933500.0,CTL
60599,2011-06-09,0.007639,4583100.0,CTL
60599,2011-06-10,-0.019565,3830900.0,CTL
60599,2011-06-13,-0.005987,3915300.0,CTL
60599,2011-06-14,0.006525,3032200.0,CTL
60599,2011-06-15,-0.019447,6495600.0,CTL
60599,2011-06-16,0.004831,4204500.0,CTL
60599,2011-06-17,-0.001771,6520000.0,CTL
60599,2011-06-20,0.003802,9304900.0,CTL
60599,2011-06-21,0.011616,3893600.0,CTL
60599,2011-06-22,-0.001747,3543200.0,CTL
60599,2011-06-23,-0.007002,3608600.0,CTL
60599,2011-06-24,-0.01385,7271200.0,CTL
60599,2011-06-27,0.012002,3426100.0,CTL
60599,2011-06-28,0.00429,3840400.0,CTL
60599,2011-06-29,0.011558,3229900.0,CTL
60599,2011-06-30,0.004223,2807600.0,CTL
60599,2011-07-01,0.01484,2671100.0,CTL
60599,2011-07-05,-0.000731,2938600.0,CTL
60599,2011-07-06,-0.002195,3733000.0,CTL
60599,2011-07-07,-0.004889,4142200.0,CTL
60599,2011-07-08,-0.009826,6133500.0,CTL
60599,2011-07-11,-0.021087,4874100.0,CTL
60599,2011-07-12,-0.003801,3500200.0,CTL
60599,2011-07-13,-0.013483,10394600.0,CTL
60599,2011-07-14,-0.006189,10396100.0,CTL
60599,2011-07-15,-0.003114,5309300.0,CTL
60599,2011-07-18,-0.015357,7505700.0,CTL
60599,2011-07-19,0.002908,8192500.0,CTL
60599,2011-07-20,-0.004744,6031800.0,CTL
60599,2011-07-21,0.013506,4643200.0,CTL
60599,2011-07-22,0.010191,10951500.0,CTL
60599,2011-07-25,-0.018365,4982700.0,CTL
60599,2011-07-26,0.008432,4384900.0,CTL
60599,2011-07-27,-0.016985,4534200.0,CTL
60599,2011-07-28,-0.010101,4156900.0,CTL
60599,2011-07-29,-0.003491,5884500.0,CTL
60599,2011-08-01,-0.002964,5488700.0,CTL
60599,2011-08-02,-0.001892,9876900.0,CTL
60599,2011-08-03,-0.061468,24924800.0,CTL
60599,2011-08-04,-0.040681,11632800.0,CTL
60599,2011-08-05,0.014135,14171200.0,CTL
60599,2011-08-08,-0.056346,12700500.0,CTL
60599,2011-08-09,0.064739,21426400.0,CTL
60599,2011-08-10,-0.014758,13656100.0,CTL
60599,2011-08-11,0.032355,10581100.0,CTL
60599,2011-08-12,0.004353,7302300.0,CTL
60599,2011-08-15,0.010691,6751600.0,CTL
60599,2011-08-16,-0.017153,7426100.0,CTL
60599,2011-08-17,0.027051,5930900.0,CTL
60599,2011-08-18,-0.035118,8148900.0,CTL
60599,2011-08-19,-0.01086,5553100.0,CTL
60599,2011-08-22,0.008605,5540500.0,CTL
60599,2011-08-23,0.014122,5307900.0,CTL
60599,2011-08-24,0.011604,5726900.0,CTL
60599,2011-08-25,-0.012618,5429900.0,CTL
60599,2011-08-26,0.00029,5225100.0,CTL
60599,2011-08-29,0.028455,4695200.0,CTL
60599,2011-08-30,-0.001694,6432700.0,CTL
60599,2011-08-31,0.022342,9306100.0,CTL
60599,2011-09-01,-0.030844,7451200.0,CTL
60599,2011-09-02,-0.004663,5000300.0,CTL
60599,2011-09-06,-0.02694,6110200.0,CTL
60599,2011-09-07,0.018658,4810900.0,CTL
60599,2011-09-08,-0.005022,5658300.0,CTL
60599,2011-09-09,-0.018112,12910600.0,CTL
60599,2011-09-12,0.008467,5318900.0,CTL
60599,2011-09-13,0.038681,8688300.0,CTL
60599,2011-09-14,0.000577,7037700.0,CTL
60599,2011-09-15,-0.011829,5700500.0,CTL
60599,2011-09-16,0.021022,6424400.0,CTL
60599,2011-09-19,-0.009437,3620300.0,CTL
60599,2011-09-20,0.0,4702100.0,CTL
60599,2011-09-21,-0.034353,6148800.0,CTL
60599,2011-09-22,-0.016741,7247900.0,CTL
60599,2011-09-23,0.014594,4377600.0,CTL
60599,2011-09-26,0.01858,10063200.0,CTL
60599,2011-09-27,0.001471,5299000.0,CTL
60599,2011-09-28,-0.01322,5593900.0,CTL
60599,2011-09-29,0.00387,5421300.0,CTL
60599,2011-09-30,-0.017794,4580600.0,CTL
60599,2011-10-03,-0.030495,6816300.0,CTL
60599,2011-10-04,0.001869,6069100.0,CTL
60599,2011-10-05,0.002176,5861600.0,CTL
60599,2011-10-06,0.001241,9117800.0,CTL
60599,2011-10-07,0.015799,5590700.0,CTL
60599,2011-10-10,0.022873,4673800.0,CTL
60599,2011-10-11,-0.000596,5895700.0,CTL
60599,2011-10-12,0.025656,6026400.0,CTL
60599,2011-10-13,-0.002036,3834200.0,CTL
60599,2011-10-14,0.008452,3532800.0,CTL
60599,2011-10-17,-0.007803,2947100.0,CTL
60599,2011-10-18,0.010778,3648800.0,CTL
60599,2011-10-19,-0.001729,4522600.0,CTL
60599,2011-10-20,0.003753,7126100.0,CTL
60599,2011-10-21,0.012079,6539900.0,CTL
60599,2011-10-24,-0.008809,4911900.0,CTL
60599,2011-10-25,-0.021789,5725200.0,CTL
60599,2011-10-26,0.013775,5214200.0,CTL
60599,2011-10-27,0.034403,6450200.0,CTL
60599,2011-10-28,0.005031,5133800.0,CTL
60599,2011-10-31,-0.019466,5000800.0,CTL
60599,2011-11-01,-0.02042,5869800.0,CTL
60599,2011-11-02,0.000289,7058900.0,CTL
60599,2011-11-03,0.059334,12371500.0,CTL
60599,2011-11-04,-0.010109,5455100.0,CTL
60599,2011-11-07,0.008832,6055800.0,CTL
60599,2011-11-08,0.027086,6852200.0,CTL
60599,2011-11-09,-0.020778,8130500.0,CTL
60599,2011-11-10,0.019043,6538200.0,CTL
60599,2011-11-11,0.009877,4901800.0,CTL
60599,2011-11-14,-0.006873,3460600.0,CTL
60599,2011-11-15,0.000266,3054500.0,CTL
60599,2011-11-16,-0.008781,5822600.0,CTL
60599,2011-11-17,-0.008054,15446500.0,CTL
60599,2011-11-18,0.008119,20053400.0,CTL
60599,2011-11-21,-0.009396,22581500.0,CTL
60599,2011-11-22,-0.012466,7197900.0,CTL
60599,2011-11-23,-0.025796,6452100.0,CTL
60599,2011-11-25,0.005634,1861300.0,CTL
60599,2011-11-28,0.017647,6542900.0,CTL
60599,2011-11-29,0.00055,4692700.0,CTL
60599,2011-11-30,0.032187,7131800.0,CTL
60599,2011-12-01,-0.015725,7368500.0,CTL
60599,2011-12-02,-0.019632,10413500.0,CTL
60599,2011-12-05,0.01522,8276700.0,CTL
60599,2011-12-06,0.004997,5856500.0,CTL
60599,2011-12-07,-0.001658,14978700.0,CTL
60599,2011-12-08,-0.012728,5252700.0,CTL
60599,2011-12-09,0.001121,4150800.0,CTL
60599,2011-12-12,-0.00084,4792100.0,CTL
60599,2011-12-13,-0.006444,5601600.0,CTL
60599,2011-12-14,-0.003102,5237400.0,CTL
60599,2011-12-15,-0.001414,6271800.0,CTL
60599,2011-12-16,-0.001133,9790100.0,CTL
60599,2011-12-19,-0.009359,4489300.0,CTL
60599,2011-12-20,0.028056,4842700.0,CTL
60599,2011-12-21,0.017544,4511500.0,CTL
60599,2011-12-22,0.009579,4765400.0,CTL
60599,2011-12-23,0.005693,2145000.0,CTL
60599,2011-12-27,0.001617,1811100.0,CTL
60599,2011-12-28,-0.013186,2864700.0,CTL
60599,2011-12-29,0.014181,2536400.0,CTL
60599,2011-12-30,0.000269,2344800.0,CTL
60599,2012-01-03,0.003495,4341400.0,CTL
60599,2012-01-04,-0.006429,4231400.0,CTL
60599,2012-01-05,-0.007549,6672600.0,CTL
60599,2012-01-06,0.005705,4654000.0,CTL
60599,2012-01-09,-0.005132,5525200.0,CTL
60599,2012-01-10,0.004073,5887000.0,CTL
60599,2012-01-11,-0.010005,5989100.0,CTL
60599,2012-01-12,0.000819,4369900.0,CTL
60599,2012-01-13,-0.001365,3360900.0,CTL
60599,2012-01-17,0.010112,3915000.0,CTL
60599,2012-01-18,0.013528,5368900.0,CTL
60599,2012-01-19,0.000267,4916500.0,CTL
60599,2012-01-20,0.01281,5565000.0,CTL
60599,2012-01-23,-0.00975,4040400.0,CTL
60599,2012-01-24,-0.01703,4682000.0,CTL
60599,2012-01-25,0.015972,4678000.0,CTL
60599,2012-01-26,-0.010125,6465700.0,CTL
60599,2012-01-27,0.002961,6717900.0,CTL
60599,2012-01-30,-0.007783,9986400.0,CTL
60599,2012-01-31,0.001623,5246700.0,CTL
60599,2012-02-01,0.012963,4565100.0,CTL
60599,2012-02-02,-0.010664,7312900.0,CTL
60599,2012-02-03,0.007815,5077200.0,CTL
60599,2012-02-06,-0.007754,4334800.0,CTL
60599,2012-02-07,0.01024,3923000.0,CTL
60599,2012-02-08,0.01067,5680500.0,CTL
60599,2012-02-09,0.002903,4744200.0,CTL
60599,2012-02-10,0.000526,5491900.0,CTL
60599,2012-02-13,0.001578,4748400.0,CTL
60599,2012-02-14,-0.006828,5336500.0,CTL
60599,2012-02-15,0.000264,6646100.0,CTL
60599,2012-02-16,0.015332,7977600.0,CTL
60599,2012-02-17,0.02213,9424400.0,CTL
60599,2012-02-21,0.00433,10507100.0,CTL
60599,2012-02-22,-0.003551,5200800.0,CTL
60599,2012-02-23,0.003054,18191500.0,CTL
60599,2012-02-24,0.012941,14489500.0,CTL
60599,2012-02-27,0.002004,21043700.0,CTL
60599,2012-02-28,0.01,6437400.0,CTL
60599,2012-02-29,-0.003713,5049200.0,CTL
60599,2012-03-01,-0.008696,8861100.0,CTL
60599,2012-03-02,-0.003634,4889900.0,CTL
60599,2012-03-05,-0.009224,5503100.0,CTL
60599,2012-03-06,-0.001552,4874900.0,CTL
60599,2012-03-07,0.002072,3989500.0,CTL
60599,2012-03-08,0.000775,2984600.0,CTL
60599,2012-03-09,0.007748,3698300.0,CTL
60599,2012-03-12,-0.001025,2411400.0,CTL
60599,2012-03-13,0.009749,3160400.0,CTL
60599,2012-03-14,-0.004065,2630000.0,CTL
60599,2012-03-15,0.000255,2915900.0,CTL
60599,2012-03-16,-0.003315,10926700.0,CTL
60599,2012-03-19,0.007421,2784100.0,CTL
60599,2012-03-20,-0.005588,2525300.0,CTL
60599,2012-03-21,0.009451,3595200.0,CTL
60599,2012-03-22,-0.010628,5456500.0,CTL
60599,2012-03-23,-0.003581,3213300.0,CTL
60599,2012-03-26,0.005133,3420200.0,CTL
60599,2012-03-27,-0.001021,3088600.0,CTL
60599,2012-03-28,-0.012014,5211100.0,CTL
60599,2012-03-29,-0.000259,5056600.0,CTL
60599,2012-03-30,0.000259,3300400.0,CTL
60599,2012-04-02,0.00207,4401600.0,CTL
60599,2012-04-03,-0.001033,4431800.0,CTL
60599,2012-04-04,-0.002843,3938200.0,CTL
60599,2012-04-05,-0.001555,2990200.0,CTL
60599,2012-04-09,-0.004413,3384000.0,CTL
60599,2012-04-10,-0.010952,4213300.0,CTL
60599,2012-04-11,0.005009,3951400.0,CTL
60599,2012-04-12,0.009182,3664000.0,CTL
60599,2012-04-13,-0.009878,8654000.0,CTL
60599,2012-04-16,0.000525,8921100.0,CTL
60599,2012-04-17,0.011283,2697600.0,CTL
60599,2012-04-18,-0.003633,2930500.0,CTL
60599,2012-04-19,-0.008594,3128500.0,CTL
60599,2012-04-20,0.001313,3461300.0,CTL
60599,2012-04-23,-0.008919,3022300.0,CTL
60599,2012-04-24,0.004235,3059000.0,CTL
60599,2012-04-25,0.002372,3232400.0,CTL
60599,2012-04-26,0.011044,2654200.0,CTL
60599,2012-04-27,0.003901,2350100.0,CTL
60599,2012-04-30,-0.001036,2248200.0,CTL
60599,2012-05-01,0.011152,3075300.0,CTL
60599,2012-05-02,-0.003847,3229800.0,CTL
60599,2012-05-03,-0.002317,2808600.0,CTL
60599,2012-05-04,-0.007226,2576700.0,CTL
60599,2012-05-07,0.00182,2820100.0,CTL
60599,2012-05-08,-0.0096,4595200.0,CTL
60599,2012-05-09,-0.00131,5079000.0,CTL
60599,2012-05-10,0.036989,9297300.0,CTL
60599,2012-05-11,-0.000253,4019400.0,CTL
60599,2012-05-14,-0.009362,6813800.0,CTL
60599,2012-05-15,-0.013282,3483700.0,CTL
60599,2012-05-16,-0.000259,6831000.0,CTL
60599,2012-05-17,-0.006214,3951900.0,CTL
60599,2012-05-18,0.005472,5261600.0,CTL
60599,2012-05-21,0.00311,3531900.0,CTL
60599,2012-05-22,-0.004908,3746000.0,CTL
60599,2012-05-23,0.00675,4111700.0,CTL
60599,2012-05-24,-0.002063,12166800.0,CTL
60599,2012-05-25,0.006201,12253700.0,CTL
60599,2012-05-29,0.010272,12906300.0,CTL
60599,2012-05-30,-0.002288,3962900.0,CTL
60599,2012-05-31,-0.000764,6092800.0,CTL
60599,2012-06-01,-0.036844,8289800.0,CTL
60599,2012-06-04,0.009986,5256500.0,CTL
60599,2012-06-05,0.004276,4313700.0,CTL
60599,2012-06-06,-0.006652,14203800.0,CTL
60599,2012-06-07,-0.005358,7713300.0,CTL
60599,2012-06-08,0.00808,4435200.0,CTL
60599,2012-06-11,0.004008,5837400.0,CTL
60599,2012-06-12,-0.005322,6297300.0,CTL
60599,2012-06-13,-0.001605,5782800.0,CTL
60599,2012-06-14,0.01045,3173900.0,CTL
60599,2012-06-15,0.017767,8450500.0,CTL
60599,2012-06-18,0.007295,3472000.0,CTL
60599,2012-06-19,0.010088,4239100.0,CTL
60599,2012-06-20,-0.004866,3305100.0,CTL
60599,2012-06-21,-0.009521,4136800.0,CTL
60599,2012-06-22,0.003897,3698500.0,CTL
60599,2012-06-25,-0.012681,3165800.0,CTL
60599,2012-06-26,0.003932,3032300.0,CTL
60599,2012-06-27,0.007572,2815800.0,CTL
60599,2012-06-28,0.005442,3189200.0,CTL
60599,2012-06-29,0.017784,5521000.0,CTL
60599,2012-07-02,0.004305,5049000.0,CTL
60599,2012-07-03,0.000756,2309900.0,CTL
60599,2012-07-05,-0.00781,8512800.0,CTL
60599,2012-07-06,-0.000508,3488700.0,CTL
60599,2012-07-09,0.004065,2581300.0,CTL
60599,2012-07-10,-0.003796,3728800.0,CTL
60599,2012-07-11,0.01397,8249700.0,CTL
60599,2012-07-12,0.004259,4981700.0,CTL
60599,2012-07-13,0.015964,4785400.0,CTL
60599,2012-07-16,0.007857,4369200.0,CTL
60599,2012-07-17,0.017783,5326000.0,CTL
60599,2012-07-18,-0.024174,7186500.0,CTL
60599,2012-07-19,0.020113,6076700.0,CTL
60599,2012-07-20,-0.002645,4693200.0,CTL
60599,2012-07-23,-0.01109,6114800.0,CTL
60599,2012-07-24,-0.009751,7987000.0,CTL
60599,2012-07-25,-0.006893,3905800.0,CTL
60599,2012-07-26,0.012643,4394300.0,CTL
60599,2012-07-27,0.01175,5966100.0,CTL
60599,2012-07-30,0.000968,3162400.0,CTL
60599,2012-07-31,0.004109,3868500.0,CTL
60599,2012-08-01,0.013962,11465600.0,CTL
60599,2012-08-02,-0.010684,4484300.0,CTL
60599,2012-08-03,0.00168,4709300.0,CTL
60599,2012-08-06,0.000479,3630300.0,CTL
60599,2012-08-07,0.002155,5281700.0,CTL
60599,2012-08-08,0.004062,7314000.0,CTL
60599,2012-08-09,0.012375,7788700.0,CTL
60599,2012-08-10,0.005642,3432400.0,CTL
60599,2012-08-13,0.001636,3099900.0,CTL
60599,2012-08-14,-0.002567,3544000.0,CTL
60599,2012-08-15,-0.010529,5212700.0,CTL
60599,2012-08-16,-0.007094,4758900.0,CTL
60599,2012-08-17,0.001667,5221900.0,CTL
60599,2012-08-20,-0.008797,4118900.0,CTL
60599,2012-08-21,-0.005517,4722000.0,CTL
60599,2012-08-22,0.001206,4388000.0,CTL
60599,2012-08-23,0.003854,5963500.0,CTL
60599,2012-08-24,0.014159,3628700.0,CTL
60599,2012-08-27,-0.007099,3535500.0,CTL
60599,2012-08-28,0.000238,2880900.0,CTL
60599,2012-08-29,0.009769,6558500.0,CTL
60599,2012-08-30,-0.007079,12073400.0,CTL
60599,2012-08-31,0.004277,20408400.0,CTL
60599,2012-09-04,0.011122,14715900.0,CTL
60599,2012-09-05,-0.000702,5479100.0,CTL
60599,2012-09-06,0.005855,4874900.0,CTL
60599,2012-09-07,-0.006868,6422400.0,CTL
60599,2012-09-10,-0.001192,4810400.0,CTL
60599,2012-09-11,0.011461,4157800.0,CTL
60599,2012-09-12,0.005666,3043900.0,CTL
60599,2012-09-13,0.007277,6956100.0,CTL
60599,2012-09-14,-0.012585,5301500.0,CTL
60599,2012-09-17,-0.006844,9036200.0,CTL
60599,2012-09-18,0.008793,3730300.0,CTL
60599,2012-09-19,-0.00636,4057100.0,CTL
60599,2012-09-20,0.001897,3908600.0,CTL
60599,2012-09-21,-0.008755,7097200.0,CTL
60599,2012-09-24,0.005013,4111500.0,CTL
60599,2012-09-25,-0.0038,3437000.0,CTL
60599,2012-09-26,-0.016929,4373600.0,CTL
60599,2012-09-27,-0.009944,4775500.0,CTL
60599,2012-09-28,-0.010289,6139300.0,CTL
60599,2012-10-01,-0.029208,9616100.0,CTL
60599,2012-10-02,0.006374,6119200.0,CTL
60599,2012-10-03,0.010388,5191900.0,CTL
60599,2012-10-04,-0.005767,4422800.0,CTL
60599,2012-10-05,0.004287,3657800.0,CTL
60599,2012-10-08,-0.003265,2981700.0,CTL
60599,2012-10-09,-0.005039,5167900.0,CTL
60599,2012-10-10,0.002279,4571100.0,CTL
60599,2012-10-11,-0.010106,5154100.0,CTL
60599,2012-10-12,-0.003063,3040100.0,CTL
60599,2012-10-15,-0.006912,4375100.0,CTL
60599,2012-10-16,0.003867,6757200.0,CTL
60599,2012-10-17,0.010016,3653000.0,CTL
60599,2012-10-18,0.000508,2872300.0,CTL
60599,2012-10-19,-0.009911,3824400.0,CTL
60599,2012-10-22,-0.010267,5400900.0,CTL
60599,2012-10-23,-0.00778,4780700.0,CTL
60599,2012-10-24,0.010455,5497700.0,CTL
60599,2012-10-25,0.000517,3776100.0,CTL
60599,2012-10-26,-0.003102,2974500.0,CTL
60599,2012-10-31,-0.004668,4461500.0,CTL
60599,2012-11-01,0.003127,4205300.0,CTL
60599,2012-11-02,-0.004416,8833500.0,CTL
60599,2012-11-05,0.002609,3213600.0,CTL
60599,2012-11-06,0.001561,3299400.0,CTL
60599,2012-11-07,-0.015848,5509600.0,CTL
60599,2012-11-08,0.035903,12771900.0,CTL
60599,2012-11-09,-0.010958,6006500.0,CTL
60599,2012-11-12,0.002834,2723100.0,CTL
60599,2012-11-13,-0.003597,3689000.0,CTL
60599,2012-11-14,-0.016245,4288800.0,CTL
60599,2012-11-15,-0.011534,5175600.0,CTL
60599,2012-11-16,-0.004773,8441800.0,CTL
60599,2012-11-19,0.010125,3793800.0,CTL
60599,2012-11-20,0.004221,2940100.0,CTL
60599,2012-11-21,-0.006304,3660100.0,CTL
60599,2012-11-23,0.01824,1422000.0,CTL
60599,2012-11-26,-0.003115,3753800.0,CTL
60599,2012-11-27,0.003125,3277800.0,CTL
60599,2012-11-28,0.000779,5862900.0,CTL
60599,2012-11-29,0.003891,5031600.0,CTL
60599,2012-11-30,0.003618,4322600.0,CTL
60599,2012-12-03,0.008754,4487900.0,CTL
60599,2012-12-04,0.002552,3813300.0,CTL
60599,2012-12-05,-0.010183,7972600.0,CTL
60599,2012-12-06,-0.001286,6059500.0,CTL
60599,2012-12-07,-0.004249,5627900.0,CTL
60599,2012-12-10,0.002372,4411300.0,CTL
60599,2012-12-11,0.014199,4480500.0,CTL
60599,2012-12-12,0.012963,5771100.0,CTL
60599,2012-12-13,-0.003839,5853500.0,CTL
60599,2012-12-14,0.003597,4587200.0,CTL
60599,2012-12-17,0.010497,5378300.0,CTL
60599,2012-12-18,0.017228,12558200.0,CTL
60599,2012-12-19,-0.009963,4780000.0,CTL
60599,2012-12-20,0.0,3353600.0,CTL
60599,2012-12-21,-0.011572,6936700.0,CTL
60599,2012-12-24,-0.000255,1996800.0,CTL
60599,2012-12-26,-0.003819,2714600.0,CTL
60599,2012-12-27,-0.004345,4152500.0,CTL
60599,2012-12-28,-0.010267,2945700.0,CTL
60599,2012-12-31,0.014523,4791700.0,CTL
60599,2013-01-02,0.027096,5667200.0,CTL
60599,2013-01-03,-0.010453,4554100.0,CTL
60599,2013-01-04,0.003773,4347800.0,CTL
60599,2013-01-07,0.005512,3063100.0,CTL
60599,2013-01-08,-0.009968,6850800.0,CTL
60599,2013-01-09,0.002517,3102400.0,CTL
60599,2013-01-10,0.008787,3301400.0,CTL
60599,2013-01-11,0.003484,2645700.0,CTL
60599,2013-01-14,-0.0062,3677000.0,CTL
60599,2013-01-15,-0.006988,4079000.0,CTL
60599,2013-01-16,-0.005278,3341800.0,CTL
60599,2013-01-17,0.003032,2902100.0,CTL
60599,2013-01-18,0.00806,4261900.0,CTL
60599,2013-01-22,0.008996,5118100.0,CTL
60599,2013-01-23,-0.000743,3855900.0,CTL
60599,2013-01-24,-0.006196,3992800.0,CTL
60599,2013-01-25,0.000748,4361500.0,CTL
60599,2013-01-28,0.003239,3456700.0,CTL
60599,2013-01-29,0.011674,3822900.0,CTL
60599,2013-01-30,-0.008102,4348600.0,CTL
60599,2013-01-31,0.001238,12348400.0,CTL
60599,2013-02-01,0.017305,4377300.0,CTL
60599,2013-02-04,-0.005832,3340500.0,CTL
60599,2013-02-05,-0.008311,4699500.0,CTL
60599,2013-02-06,0.005669,3502500.0,CTL
60599,2013-02-07,0.009069,4415800.0,CTL
60599,2013-02-08,0.004615,4276200.0,CTL
60599,2013-02-11,0.003627,3009700.0,CTL
60599,2013-02-12,0.006023,6403600.0,CTL
60599,2013-02-13,-0.001676,8181300.0,CTL
60599,2013-02-14,-0.225953,70787200.0,CTL
60599,2013-02-15,0.023241,39374200.0,CTL
60599,2013-02-19,0.033919,30219300.0,CTL
60599,2013-02-20,-0.006151,10168700.0,CTL
60599,2013-02-21,0.010021,10955100.0,CTL
60599,2013-02-22,0.010797,8237800.0,CTL
60599,2013-02-25,-0.015878,9308600.0,CTL
60599,2013-02-26,0.001173,9930900.0,CTL
60599,2013-02-27,0.011134,8644200.0,CTL
60599,2013-02-28,0.004636,8638300.0,CTL
60599,2013-03-01,0.006346,6545800.0,CTL
60599,2013-03-04,0.006306,5474500.0,CTL
60599,2013-03-05,0.003418,5383100.0,CTL
60599,2013-03-06,0.010502,6010600.0,CTL
60599,2013-03-07,-0.014888,7543700.0,CTL
60599,2013-03-08,-0.004054,6309500.0,CTL
60599,2013-03-11,0.001163,7969000.0,CTL
60599,2013-03-12,0.004066,5299400.0,CTL
60599,2013-03-13,0.004339,3320200.0,CTL
60599,2013-03-14,0.000864,4360600.0,CTL
60599,2013-03-15,-0.010935,8856900.0,CTL
60599,2013-03-18,-0.004946,5225800.0,CTL
60599,2013-03-19,0.001462,4380500.0,CTL
60599,2013-03-20,0.009635,10043400.0,CTL
60599,2013-03-21,-0.002603,5477400.0,CTL
60599,2013-03-22,0.015657,6278800.0,CTL
60599,2013-03-25,-0.001142,4910900.0,CTL
60599,2013-03-26,0.006002,4088200.0,CTL
60599,2013-03-27,-0.002273,3570500.0,CTL
60599,2013-03-28,0.000285,4865200.0,CTL
60599,2013-04-01,-0.007686,4201700.0,CTL
60599,2013-04-02,0.00918,5338600.0,CTL
60599,2013-04-03,-0.003411,6475900.0,CTL
60599,2013-04-04,0.027382,6688800.0,CTL
60599,2013-04-05,0.002499,4075100.0,CTL
60599,2013-04-08,0.001385,3033800.0,CTL
60599,2013-04-09,0.005254,3452700.0,CTL
60599,2013-04-10,0.016506,5814100.0,CTL
60599,2013-04-11,0.00839,4436200.0,CTL
60599,2013-04-12,-0.001073,4297900.0,CTL
60599,2013-04-15,-0.01424,5090300.0,CTL
60599,2013-04-16,0.01281,7114100.0,CTL
60599,2013-04-17,-0.010764,3996100.0,CTL
60599,2013-04-18,0.002448,3669700.0,CTL
60599,2013-04-19,0.008684,4072300.0,CTL
60599,2013-04-22,0.004843,3975600.0,CTL
60599,2013-04-23,0.014458,4056600.0,CTL
60599,2013-04-24,-0.02085,14627300.0,CTL
60599,2013-04-25,0.01159,5142800.0,CTL
60599,2013-04-26,-0.010125,3907300.0,CTL
60599,2013-04-29,0.008075,3681300.0,CTL
60599,2013-04-30,0.003204,3936700.0,CTL
60599,2013-05-01,-0.010115,3768200.0,CTL
60599,2013-05-02,-0.004033,4073000.0,CTL
60599,2013-05-03,0.0027,4638900.0,CTL
60599,2013-05-06,-0.002423,3274600.0,CTL
60599,2013-05-07,0.00027,4654500.0,CTL
60599,2013-05-08,0.006476,7440500.0,CTL
60599,2013-05-09,-0.001609,8874200.0,CTL
60599,2013-05-10,0.010204,4113700.0,CTL
60599,2013-05-13,0.001595,3094700.0,CTL
60599,2013-05-14,0.001592,3954900.0,CTL
60599,2013-05-15,0.002915,4935700.0,CTL
60599,2013-05-16,-0.010568,5488300.0,CTL
60599,2013-05-17,0.005874,5211800.0,CTL
60599,2013-05-20,-0.001062,3629900.0,CTL
60599,2013-05-21,-0.01063,5313600.0,CTL
60599,2013-05-22,-0.005641,5604800.0,CTL
60599,2013-05-23,0.011075,13496700.0,CTL
60599,2013-05-24,-0.004275,11070800.0,CTL
60599,2013-05-28,-0.005366,13091900.0,CTL
60599,2013-05-29,-0.024278,8728800.0,CTL
60599,2013-05-30,-0.011059,6585600.0,CTL
60599,2013-05-31,-0.030656,12840000.0,CTL
60599,2013-06-03,0.00937,6059100.0,CTL
60599,2013-06-04,0.008413,6115400.0,CTL
60599,2013-06-05,0.004891,7853300.0,CTL
60599,2013-06-06,0.016318,5079900.0,CTL
60599,2013-06-07,-0.001972,5187100.0,CTL
60599,2013-06-10,0.005363,3194500.0,CTL
60599,2013-06-11,-0.00365,9925200.0,CTL
60599,2013-06-12,-0.002818,4738200.0,CTL
60599,2013-06-13,0.015259,3302200.0,CTL
60599,2013-06-14,0.003062,4272900.0,CTL
60599,2013-06-17,-0.001387,3642000.0,CTL
60599,2013-06-18,0.006946,2884400.0,CTL
60599,2013-06-19,-0.02511,4798400.0,CTL
60599,2013-06-20,-0.033966,6233200.0,CTL
60599,2013-06-21,0.001465,8513600.0,CTL
60599,2013-06-24,-0.005559,5296600.0,CTL
60599,2013-06-25,0.028538,5657300.0,CTL
60599,2013-06-26,-0.003146,3820800.0,CTL
60599,2013-06-27,0.012052,3755600.0,CTL
60599,2013-06-28,0.002268,4649500.0,CTL
60599,2013-07-01,-0.005658,2583300.0,CTL
60599,2013-07-02,0.00256,4076100.0,CTL
60599,2013-07-03,0.000851,1778300.0,CTL
60599,2013-07-05,0.00482,1952500.0,CTL
60599,2013-07-08,-0.00254,2876800.0,CTL
60599,2013-07-09,0.001132,2869200.0,CTL
60599,2013-07-10,0.001978,3012300.0,CTL
60599,2013-07-11,0.01551,2819300.0,CTL
60599,2013-07-12,0.006387,3255600.0,CTL
60599,2013-07-15,0.0,3642800.0,CTL
60599,2013-07-16,0.000828,3790900.0,CTL
60599,2013-07-17,-0.004411,3505100.0,CTL
60599,2013-07-18,-0.008308,4903600.0,CTL
60599,2013-07-19,0.004747,3645000.0,CTL
60599,2013-07-22,-0.001668,3532200.0,CTL
60599,2013-07-23,0.000557,13298300.0,CTL
60599,2013-07-24,-0.001948,2944300.0,CTL
60599,2013-07-25,-0.001115,3214100.0,CTL
60599,2013-07-26,0.005582,2757900.0,CTL
60599,2013-07-29,0.003331,2519800.0,CTL
60599,2013-07-30,-0.011895,4545100.0,CTL
60599,2013-07-31,0.003639,4625300.0,CTL
60599,2013-08-01,0.01311,3251800.0,CTL
60599,2013-08-02,-0.005782,3140500.0,CTL
60599,2013-08-05,-0.000554,3583600.0,CTL
60599,2013-08-06,0.002494,3198000.0,CTL
60599,2013-08-07,0.005804,4624000.0,CTL
60599,2013-08-08,-0.055785,16527800.0,CTL
60599,2013-08-09,-0.013679,8025500.0,CTL
60599,2013-08-12,0.005606,4551000.0,CTL
60599,2013-08-13,-0.005869,4346000.0,CTL
60599,2013-08-14,-0.004427,4280600.0,CTL
60599,2013-08-15,-0.007708,4304900.0,CTL
60599,2013-08-16,-0.016433,5853800.0,CTL
60599,2013-08-19,-0.010936,4647500.0,CTL
60599,2013-08-20,0.000614,3407700.0,CTL
60599,2013-08-21,-0.00798,4057200.0,CTL
60599,2013-08-22,0.008045,22122000.0,CTL
60599,2013-08-23,0.022099,15350900.0,CTL
60599,2013-08-26,-0.004805,3356400.0,CTL
60599,2013-08-27,-0.006035,3796400.0,CTL
60599,2013-08-28,-0.006982,2789100.0,CTL
60599,2013-08-29,0.011923,4556300.0,CTL
60599,2013-08-30,0.000604,5665700.0,CTL
60599,2013-09-03,-0.006341,7474300.0,CTL
60599,2013-09-04,0.00395,7055700.0,CTL
60599,2013-09-05,-0.011385,3960600.0,CTL
60599,2013-09-06,-0.007158,6892400.0,CTL
60599,2013-09-09,0.003762,5716000.0,CTL
60599,2013-09-10,0.018738,14418700.0,CTL
60599,2013-09-11,-0.00092,3411100.0,CTL
60599,2013-09-12,-0.006444,3685600.0,CTL
60599,2013-09-13,-0.001235,2966800.0,CTL
60599,2013-09-16,-0.002164,3519200.0,CTL
60599,2013-09-17,0.004958,2456700.0,CTL
60599,2013-09-18,0.0037,5094900.0,CTL
60599,2013-09-19,0.004916,3666100.0,CTL
60599,2013-09-20,-0.013146,5997900.0,CTL
60599,2013-09-23,-0.001239,3655500.0,CTL
60599,2013-09-24,-0.002171,3905500.0,CTL
60599,2013-09-25,-0.005284,3563500.0,CTL
60599,2013-09-26,0.003438,2496800.0,CTL
60599,2013-09-27,-0.010277,3471500.0,CTL
60599,2013-09-30,-0.012587,5620000.0,CTL
60599,2013-10-01,0.01211,5556600.0,CTL
60599,2013-10-02,-0.004723,4283400.0,CTL
60599,2013-10-03,-0.013287,4214100.0,CTL
60599,2013-10-04,0.000321,3263300.0,CTL
60599,2013-10-07,0.006731,3576200.0,CTL
60599,2013-10-08,-0.004139,4449700.0,CTL
60599,2013-10-09,0.029092,7853100.0,CTL
60599,2013-10-10,0.035725,8815800.0,CTL
60599,2013-10-11,-0.003599,4051600.0,CTL
60599,2013-10-14,-0.016255,4474800.0,CTL
60599,2013-10-15,-0.00459,3875700.0,CTL
60599,2013-10-16,0.011989,3559700.0,CTL
60599,2013-10-17,0.010024,3572600.0,CTL
60599,2013-10-18,-0.007218,3695000.0,CTL
60599,2013-10-21,-0.000606,3656300.0,CTL
60599,2013-10-22,0.013034,3628500.0,CTL
60599,2013-10-23,-0.000898,3397100.0,CTL
60599,2013-10-24,-0.005091,3284500.0,CTL
60599,2013-10-25,0.001505,3589200.0,CTL
60599,2013-10-28,0.007514,3844800.0,CTL
60599,2013-10-29,0.008652,4926100.0,CTL
60599,2013-10-30,-0.008282,2943800.0,CTL
60599,2013-10-31,0.009842,4128800.0,CTL
60599,2013-11-01,-0.008269,3978400.0,CTL
60599,2013-11-04,0.00536,3476100.0,CTL
60599,2013-11-05,-0.011256,5697200.0,CTL
60599,2013-11-06,0.015279,4634900.0,CTL
60599,2013-11-07,-0.061375,13537300.0,CTL
60599,2013-11-08,-0.01509,10077800.0,CTL
60599,2013-11-11,0.005745,3244000.0,CTL
60599,2013-11-12,-0.002539,5193600.0,CTL
60599,2013-11-13,0.001591,4161600.0,CTL
60599,2013-11-14,0.011436,4252100.0,CTL
60599,2013-11-15,0.008166,3779800.0,CTL
60599,2013-11-18,0.002804,4607300.0,CTL
60599,2013-11-19,-0.005592,4567600.0,CTL
60599,2013-11-20,-0.00656,5437600.0,CTL
60599,2013-11-21,-0.00566,5369800.0,CTL
60599,2013-11-22,-0.013192,4877600.0,CTL
60599,2013-11-25,0.000978,5267700.0,CTL
60599,2013-11-26,-0.000651,6665600.0,CTL
60599,2013-11-27,0.001304,4176500.0,CTL
60599,2013-11-29,-0.000651,2340600.0,CTL
60599,2013-12-02,-0.013029,5119500.0,CTL
60599,2013-12-03,0.00231,5753200.0,CTL
60599,2013-12-04,0.015476,6800400.0,CTL
60599,2013-12-05,-0.006161,5890700.0,CTL
60599,2013-12-06,0.013703,5759000.0,CTL
60599,2013-12-09,0.014483,5799500.0,CTL
60599,2013-12-10,-0.000317,6332900.0,CTL
60599,2013-12-11,-0.025389,7108700.0,CTL
60599,2013-12-12,0.001628,5381300.0,CTL
60599,2013-12-13,-0.000975,6050400.0,CTL
60599,2013-12-16,0.007159,5267500.0,CTL
60599,2013-12-17,0.015832,6368700.0,CTL
60599,2013-12-18,0.012723,7107300.0,CTL
60599,2013-12-19,-0.015075,13236800.0,CTL
60599,2013-12-20,-0.010204,9155800.0,CTL
60599,2013-12-23,0.010309,5691100.0,CTL
60599,2013-12-24,0.010523,2965900.0,CTL
60599,2013-12-26,0.005049,3547200.0,CTL
60599,2013-12-27,0.005023,3690900.0,CTL
60599,2013-12-30,-0.001562,4185700.0,CTL
60599,2013-12-31,-0.003442,5122800.0,CTL
60599,2014-01-02,-0.006279,4446300.0,CTL
60599,2014-01-03,-0.00158,2137300.0,CTL
60599,2014-01-06,0.002215,2925100.0,CTL
60599,2014-01-07,-0.00821,5040800.0,CTL
60599,2014-01-08,-0.005412,4356800.0,CTL
60599,2014-01-09,-0.014405,4052200.0,CTL
60599,2014-01-10,0.00747,3666200.0,CTL
60599,2014-01-13,-0.004836,4951800.0,CTL
60599,2014-01-14,-0.005831,5584900.0,CTL
60599,2014-01-15,-0.005213,11731400.0,CTL
60599,2014-01-16,-0.006551,4404400.0,CTL
60599,2014-01-17,-0.01088,6213700.0,CTL
60599,2014-01-21,-0.005,6060800.0,CTL
60599,2014-01-22,-0.011725,4476100.0,CTL
60599,2014-01-23,-0.001695,6167000.0,CTL
60599,2014-01-24,-0.010187,6080400.0,CTL
60599,2014-01-27,-0.002401,7468200.0,CTL
60599,2014-01-28,-0.00447,6378800.0,CTL
60599,2014-01-29,-0.012435,7570500.0,CTL
60599,2014-01-30,0.019937,7070500.0,CTL
60599,2014-01-31,-0.010288,6519100.0,CTL
60599,2014-02-03,-0.025295,6613000.0,CTL
60599,2014-02-04,-0.001422,5374900.0,CTL
60599,2014-02-05,0.006408,4115600.0,CTL
60599,2014-02-06,0.001061,8104700.0,CTL
60599,2014-02-07,0.017315,4059300.0,CTL
60599,2014-02-10,0.004863,4284300.0,CTL
60599,2014-02-11,0.027653,8416900.0,CTL
60599,2014-02-12,0.015473,8307200.0,CTL
60599,2014-02-13,0.019212,12193100.0,CTL
60599,2014-02-14,-0.0039,6944600.0,CTL
60599,2014-02-18,0.009788,5995100.0,CTL
60599,2014-02-19,-0.001616,4886500.0,CTL
60599,2014-02-20,0.00712,3587900.0,CTL
60599,2014-02-21,-0.000964,6094500.0,CTL
60599,2014-02-24,0.003216,4717200.0,CTL
60599,2014-02-25,-0.001603,5218200.0,CTL
60599,2014-02-26,-0.010918,5624600.0,CTL
60599,2014-02-27,0.009091,6072900.0,CTL
60599,2014-02-28,0.005792,5197800.0,CTL
60599,2014-03-03,-0.004798,5041610.0,CTL
60599,2014-03-04,0.013501,4637747.0,CTL
60599,2014-03-05,0.010466,10214777.0,CTL
60599,2014-03-06,-0.00408,6461975.0,CTL
60599,2014-03-07,0.004168,4463090.0,CTL
60599,2014-03-10,-0.015645,4681172.0,CTL
60599,2014-03-11,-0.004541,4331872.0,CTL
60599,2014-03-12,-0.000326,3206400.0,CTL
60599,2014-03-13,-0.006193,3516550.0,CTL
60599,2014-03-14,0.004264,4715718.0,CTL
60599,2014-03-17,0.007185,3353245.0,CTL
60599,2014-03-18,0.018158,4314222.0,CTL
60599,2014-03-19,-0.004777,5326396.0,CTL
60599,2014-03-20,0.00384,5199373.0,CTL
60599,2014-03-21,-0.000956,10315935.0,CTL
60599,2014-03-24,0.006382,5063542.0,CTL
60599,2014-03-25,0.011731,4344756.0,CTL
60599,2014-03-26,0.011909,7412896.0,CTL
60599,2014-03-27,0.009291,5043274.0,CTL
60599,2014-03-28,0.002762,4094012.0,CTL
60599,2014-03-31,0.004896,5962182.0,CTL
60599,2014-04-01,0.007308,6720547.0,CTL
60599,2014-04-02,0.003023,4334427.0,CTL
60599,2014-04-03,0.009343,5926083.0,CTL
60599,2014-04-04,0.005972,5022768.0,CTL
60599,2014-04-07,-0.004452,4694698.0,CTL
60599,2014-04-08,0.011926,4382875.0,CTL
60599,2014-04-09,-0.004125,7824025.0,CTL
60599,2014-04-10,-0.010947,5103068.0,CTL
60599,2014-04-11,-0.002393,4443069.0,CTL
60599,2014-04-14,0.015892,5027993.0,CTL
60599,2014-04-15,0.005018,5488825.0,CTL
60599,2014-04-16,0.020264,4915918.0,CTL
60599,2014-04-17,-0.008923,4831992.0,CTL
60599,2014-04-21,0.001743,2181744.0,CTL
60599,2014-04-22,-0.00116,3171599.0,CTL
60599,2014-04-23,0.004644,5545716.0,CTL
60599,2014-04-24,0.000578,4216363.0,CTL
60599,2014-04-25,0.003754,3758085.0,CTL
60599,2014-04-28,-0.003452,4895210.0,CTL
60599,2014-04-29,0.004619,3407922.0,CTL
60599,2014-04-30,0.003161,3440614.0,CTL
60599,2014-05-01,0.001432,2702517.0,CTL
60599,2014-05-02,-0.003718,3654508.0,CTL
60599,2014-05-05,0.000287,3302088.0,CTL
60599,2014-05-06,-0.010907,4692085.0,CTL
60599,2014-05-07,0.005514,6623396.0,CTL
60599,2014-05-08,0.063781,21617627.0,CTL
60599,2014-05-09,-0.008139,7794610.0,CTL
60599,2014-05-12,0.004923,5464724.0,CTL
60599,2014-05-13,0.00626,6557744.0,CTL
60599,2014-05-14,0.018664,7681031.0,CTL
60599,2014-05-15,0.004514,8250336.0,CTL
60599,2014-05-16,0.009252,4521544.0,CTL
60599,2014-05-19,-0.0055,7759823.0,CTL
60599,2014-05-20,-0.010271,5862582.0,CTL
60599,2014-05-21,-0.01091,5438413.0,CTL
60599,2014-05-22,-0.000538,5594294.0,CTL
60599,2014-05-23,0.003499,3384959.0,CTL
60599,2014-05-27,0.001073,3685572.0,CTL
60599,2014-05-28,0.012862,4083051.0,CTL
60599,2014-05-29,-0.003175,4049970.0,CTL
60599,2014-05-30,-0.000265,3946026.0,CTL
60599,2014-06-02,-0.001327,2658269.0,CTL
60599,2014-06-03,0.010899,4630207.0,CTL
60599,2014-06-04,0.0,3978489.0,CTL
60599,2014-06-05,-0.008151,5007248.0,CTL
60599,2014-06-06,-0.007262,3785554.0,CTL
60599,2014-06-09,-0.001084,3488328.0,CTL
60599,2014-06-10,0.001627,3444107.0,CTL
60599,2014-06-11,-0.013539,3854123.0,CTL
60599,2014-06-12,-0.001098,2960166.0,CTL
60599,2014-06-13,0.015389,3458077.0,CTL
60599,2014-06-16,0.002977,2710018.0,CTL
60599,2014-06-17,-0.011873,3192739.0,CTL
60599,2014-06-18,0.008465,2257863.0,CTL
60599,2014-06-19,0.009748,2700975.0,CTL
60599,2014-06-20,-0.015822,5038562.0,CTL
60599,2014-06-23,0.000817,2348210.0,CTL
60599,2014-06-24,-0.010074,2644880.0,CTL
60599,2014-06-25,-0.005776,3883852.0,CTL
60599,2014-06-26,0.000277,2913857.0,CTL
60599,2014-06-27,-0.010509,4245253.0,CTL
60599,2014-06-30,0.011739,2820478.0,CTL
60599,2014-07-01,0.003315,2351079.0,CTL
60599,2014-07-02,-0.010463,4105462.0,CTL
60599,2014-07-03,0.003895,2071595.0,CTL
60599,2014-07-07,0.001109,2077144.0,CTL
60599,2014-07-08,0.010521,3767060.0,CTL
60599,2014-07-09,0.002466,4921591.0,CTL
60599,2014-07-10,0.005193,3474103.0,CTL
60599,2014-07-11,-0.000272,1672723.0,CTL
60599,2014-07-14,0.003264,2284000.0,CTL
60599,2014-07-15,0.002711,4163555.0,CTL
60599,2014-07-16,0.003514,4220308.0,CTL
60599,2014-07-17,-0.010776,1906272.0,CTL
60599,2014-07-18,0.006264,2058629.0,CTL
60599,2014-07-21,0.001894,3000413.0,CTL
60599,2014-07-22,0.007834,2846177.0,CTL
60599,2014-07-23,0.006969,3176761.0,CTL
60599,2014-07-24,0.002928,2263214.0,CTL
60599,2014-07-25,-0.002654,2122589.0,CTL
60599,2014-07-28,0.003459,3858663.0,CTL
60599,2014-07-29,0.058075,51803366.0,CTL
60599,2014-07-30,-0.003258,8045896.0,CTL
60599,2014-07-31,-0.013327,8057352.0,CTL
60599,2014-08-01,-0.004587,4679242.0,CTL
60599,2014-08-04,0.010241,3985921.0,CTL
60599,2014-08-05,-0.004308,3797639.0,CTL
60599,2014-08-06,-0.013235,3467618.0,CTL
60599,2014-08-07,0.004643,4882082.0,CTL
60599,2014-08-08,0.023363,5045437.0,CTL
60599,2014-08-11,0.010286,5237163.0,CTL
60599,2014-08-12,0.012416,5161187.0,CTL
60599,2014-08-13,-0.007358,5806201.0,CTL
60599,2014-08-14,0.000988,3504532.0,CTL
60599,2014-08-15,-0.002715,3481143.0,CTL
60599,2014-08-18,0.000495,2704021.0,CTL
60599,2014-08-19,0.005938,2027596.0,CTL
60599,2014-08-20,0.003197,3056329.0,CTL
60599,2014-08-21,0.002942,3367515.0,CTL
60599,2014-08-22,-0.002689,1860889.0,CTL
60599,2014-08-25,0.01152,3472700.0,CTL
60599,2014-08-26,-0.00315,2574155.0,CTL
60599,2014-08-27,0.003889,2306702.0,CTL
60599,2014-08-28,0.002453,2738159.0,CTL
60599,2014-08-29,0.003182,2500622.0,CTL
60599,2014-09-02,-0.003172,3422613.0,CTL
60599,2014-09-03,0.003916,2855259.0,CTL
60599,2014-09-04,0.000975,3624736.0,CTL
60599,2014-09-05,0.009985,3061319.0,CTL
60599,2014-09-08,-0.021461,7919078.0,CTL
60599,2014-09-09,-0.014539,6052736.0,CTL
60599,2014-09-10,-0.007502,3905173.0,CTL
60599,2014-09-11,0.017385,5115581.0,CTL
60599,2014-09-12,-0.020802,5540258.0,CTL
60599,2014-09-15,0.002529,3200475.0,CTL
60599,2014-09-16,-0.001009,4007351.0,CTL
60599,2014-09-17,0.018939,4773923.0,CTL
60599,2014-09-18,0.004213,2372517.0,CTL
60599,2014-09-19,0.005676,3482965.0,CTL
60599,2014-09-22,0.000982,2778036.0,CTL
60599,2014-09-23,-0.00809,2646435.0,CTL
60599,2014-09-24,-0.000494,3452837.0,CTL
60599,2014-09-25,-0.013106,2857294.0,CTL
60599,2014-09-26,0.010023,2785176.0,CTL
60599,2014-09-29,0.002233,3763075.0,CTL
60599,2014-09-30,0.012129,3303817.0,CTL
60599,2014-10-01,-0.011494,2943935.0,CTL
60599,2014-10-02,0.008412,2542464.0,CTL
60599,2014-10-03,0.005888,2497727.0,CTL
60599,2014-10-06,-0.007805,3092155.0,CTL
60599,2014-10-07,-0.014749,2993803.0,CTL
60599,2014-10-08,0.018463,3066336.0,CTL
60599,2014-10-09,-0.026703,3002769.0,CTL
60599,2014-10-10,-0.015102,3339596.0,CTL
60599,2014-10-13,-0.0184,4048675.0,CTL
60599,2014-10-14,0.010935,3825142.0,CTL
60599,2014-10-15,-0.005666,4023846.0,CTL
60599,2014-10-16,-0.008029,4020397.0,CTL
60599,2014-10-17,0.014621,3894947.0,CTL
60599,2014-10-20,0.010808,2033907.0,CTL
60599,2014-10-21,0.010693,2490502.0,CTL
60599,2014-10-22,0.009824,2118129.0,CTL
60599,2014-10-23,-0.003742,2035652.0,CTL
60599,2014-10-24,-0.00025,2660126.0,CTL
60599,2014-10-27,0.011771,2150164.0,CTL
60599,2014-10-28,0.015594,1930936.0,CTL
60599,2014-10-29,-0.000975,1918300.0,CTL
60599,2014-10-30,0.012198,1933926.0,CTL
60599,2014-10-31,-0.000241,3770735.0,CTL
60599,2014-11-03,0.007956,2222062.0,CTL
60599,2014-11-04,-0.004305,1894544.0,CTL
60599,2014-11-05,0.00048,2699032.0,CTL
60599,2014-11-06,-0.063626,8155493.0,CTL
60599,2014-11-07,0.011026,6073176.0,CTL
60599,2014-11-10,0.010398,3590710.0,CTL
60599,2014-11-11,0.003263,2487437.0,CTL
60599,2014-11-12,0.01326,3113603.0,CTL
60599,2014-11-13,0.01037,2607747.0,CTL
60599,2014-11-14,-0.003177,2203142.0,CTL
60599,2014-11-17,0.003923,2548045.0,CTL
60599,2014-11-18,0.003419,2211575.0,CTL
60599,2014-11-19,0.00073,2649839.0,CTL
60599,2014-11-20,-0.001946,2756297.0,CTL
60599,2014-11-21,-0.000741,3902001.0,CTL
60599,2014-11-24,-0.004695,2767932.0,CTL
60599,2014-11-25,-0.014648,4870020.0,CTL
60599,2014-11-26,0.022172,2565847.0,CTL
60599,2014-11-28,0.00493,1337844.0,CTL
60599,2014-12-01,0.008094,3648241.0,CTL
60599,2014-12-02,-0.009246,4086908.0,CTL
60599,2014-12-03,-0.016208,4758746.0,CTL
60599,2014-12-04,-0.00025,3527638.0,CTL
60599,2014-12-05,-0.009238,3106620.0,CTL
60599,2014-12-08,0.002268,2721614.0,CTL
60599,2014-12-09,-0.016847,3224288.0,CTL
60599,2014-12-10,-0.017903,2901101.0,CTL
60599,2014-12-11,0.010417,2042830.0,CTL
60599,2014-12-12,-0.031443,3533777.0,CTL
60599,2014-12-15,0.005322,3685440.0,CTL
60599,2014-12-16,0.002912,3856590.0,CTL
60599,2014-12-17,0.021114,2894587.0,CTL
60599,2014-12-18,0.020419,3127366.0,CTL
60599,2014-12-19,0.005572,4133051.0,CTL
60599,2014-12-22,0.012343,2419168.0,CTL
60599,2014-12-23,0.000995,1615878.0,CTL
60599,2014-12-24,-0.001243,887602.0,CTL
60599,2014-12-26,0.007466,1377826.0,CTL
60599,2014-12-29,0.001235,2047890.0,CTL
60599,2014-12-30,-0.010856,1870680.0,CTL
60599,2014-12-31,-0.012721,1695636.0,CTL
60599,2015-01-02,0.000253,2203929.0,CTL
60599,2015-01-05,-0.021218,3036874.0,CTL
60599,2015-01-06,-0.012387,4186158.0,CTL
60599,2015-01-07,0.005226,3642759.0,CTL
60599,2015-01-08,0.010138,2882255.0,CTL
60599,2015-01-09,-0.011837,2180248.0,CTL
60599,2015-01-12,0.00651,2586849.0,CTL
60599,2015-01-13,-0.001294,3282626.0,CTL
60599,2015-01-14,-0.007513,2607390.0,CTL
60599,2015-01-15,-0.000261,3149255.0,CTL
60599,2015-01-16,0.002611,4558435.0,CTL
60599,2015-01-20,0.008854,2498302.0,CTL
60599,2015-01-21,-0.002839,3483161.0,CTL
60599,2015-01-22,0.019156,3538262.0,CTL
60599,2015-01-23,-0.003302,2984939.0,CTL
60599,2015-01-26,-0.006116,2556616.0,CTL
60599,2015-01-27,-0.005385,3018176.0,CTL
60599,2015-01-28,-0.011343,2758673.0,CTL
60599,2015-01-29,-0.022164,5231057.0,CTL
60599,2015-01-30,-0.0088,7269765.0,CTL
60599,2015-02-02,0.028249,4684915.0,CTL
60599,2015-02-03,0.035845,5637870.0,CTL
60599,2015-02-04,-0.004547,3856682.0,CTL
60599,2015-02-05,-0.024867,5445432.0,CTL
60599,2015-02-06,0.003383,3626682.0,CTL
60599,2015-02-09,0.028786,11608076.0,CTL
60599,2015-02-10,0.012856,5651826.0,CTL
60599,2015-02-11,0.008462,5111313.0,CTL
60599,2015-02-12,-0.030355,12709861.0,CTL
60599,2015-02-13,0.004327,4680862.0,CTL
60599,2015-02-17,-0.005829,4018714.0,CTL
60599,2015-02-18,-0.043844,10148625.0,CTL
60599,2015-02-19,0.002133,4837612.0,CTL
60599,2015-02-20,-0.015164,6748371.0,CTL
60599,2015-02-23,-0.010535,4678707.0,CTL
60599,2015-02-24,0.011739,3960731.0,CTL
60599,2015-02-25,0.006476,3045561.0,CTL
60599,2015-02-26,0.002681,4527963.0,CTL
60599,2015-02-27,0.012299,4971031.0,CTL
60599,2015-03-02,-0.006075,4453160.0,CTL
60599,2015-03-03,0.001329,3602311.0,CTL
60599,2015-03-04,-0.02362,6490233.0,CTL
60599,2015-03-05,-0.00331,4595649.0,CTL
60599,2015-03-06,-0.019651,3920300.0,CTL
60599,2015-03-09,-0.005364,3639731.0,CTL
60599,2015-03-10,-0.002838,3482898.0,CTL
60599,2015-03-11,0.004555,3019831.0,CTL
60599,2015-03-12,-0.002267,4003351.0,CTL
60599,2015-03-13,-0.022437,7162632.0,CTL
60599,2015-03-16,0.002324,5760632.0,CTL
60599,2015-03-17,0.018261,6148021.0,CTL
60599,2015-03-18,-0.000285,7454842.0,CTL
60599,2015-03-19,-0.007403,3239140.0,CTL
60599,2015-03-20,0.012622,9318013.0,CTL
60599,2015-03-23,0.000567,5637183.0,CTL
60599,2015-03-24,-0.003681,3342190.0,CTL
60599,2015-03-25,-0.015629,2830852.0,CTL
60599,2015-03-26,-0.002309,4242063.0,CTL
60599,2015-03-27,-0.01331,3463433.0,CTL
60599,2015-03-30,-0.001173,4788006.0,CTL
60599,2015-03-31,0.014386,6882939.0,CTL
60599,2015-04-01,0.027496,8262141.0,CTL
60599,2015-04-02,-0.001972,3660458.0,CTL
60599,2015-04-06,-0.001411,3339699.0,CTL
60599,2015-04-07,0.000848,2367259.0,CTL
60599,2015-04-08,0.002542,3214111.0,CTL
60599,2015-04-09,0.010423,2593883.0,CTL
60599,2015-04-10,-0.001394,2779706.0,CTL
60599,2015-04-13,-0.0067,1819545.0,CTL
60599,2015-04-14,0.002811,2081951.0,CTL
60599,2015-04-15,0.014294,4197279.0,CTL
60599,2015-04-16,-0.025145,4617211.0,CTL
60599,2015-04-17,-0.017007,3851620.0,CTL
60599,2015-04-20,0.015571,2640006.0,CTL
60599,2015-04-21,0.030664,5934759.0,CTL
60599,2015-04-22,-0.000826,3602493.0,CTL
60599,2015-04-23,0.010753,3093413.0,CTL
60599,2015-04-24,-0.006819,2542099.0,CTL
60599,2015-04-27,-0.003296,3908251.0,CTL
60599,2015-04-28,0.013502,3517736.0,CTL
60599,2015-04-29,-0.012779,2965257.0,CTL
60599,2015-04-30,-0.009639,4176729.0,CTL
60599,2015-05-01,0.005006,2471710.0,CTL
60599,2015-05-04,-0.00332,2613384.0,CTL
60599,2015-05-05,-0.014159,3976129.0,CTL
60599,2015-05-06,-0.027598,9386969.0,CTL
60599,2015-05-07,0.003475,3863268.0,CTL
60599,2015-05-08,0.008658,3481238.0,CTL
60599,2015-05-11,-0.015737,4344684.0,CTL
60599,2015-05-12,0.017442,4783766.0,CTL
60599,2015-05-13,-0.018572,5368066.0,CTL
60599,2015-05-14,-0.000291,2715694.0,CTL
60599,2015-05-15,0.004659,2711912.0,CTL
60599,2015-05-18,-0.002899,2817213.0,CTL
60599,2015-05-19,-0.012791,5358563.0,CTL
60599,2015-05-20,0.011779,4611412.0,CTL
60599,2015-05-21,-0.003201,4288353.0,CTL
60599,2015-05-22,-0.008759,4925861.0,CTL
60599,2015-05-26,-0.010309,4141901.0,CTL
60599,2015-05-27,0.010119,3260169.0,CTL
60599,2015-05-28,0.003536,3972262.0,CTL
60599,2015-05-29,-0.008221,5441963.0,CTL
60599,2015-06-01,-0.011131,4816788.0,CTL
60599,2015-06-02,0.002738,4601140.0,CTL
60599,2015-06-03,0.00091,4347221.0,CTL
60599,2015-06-04,-0.00485,4776906.0,CTL
60599,2015-06-05,-0.019799,3876891.0,CTL
60599,2015-06-08,0.001243,3782990.0,CTL
60599,2015-06-09,-0.004656,3086660.0,CTL
60599,2015-06-10,0.005925,3191806.0,CTL
60599,2015-06-11,0.014569,3713250.0,CTL
60599,2015-06-12,-0.005194,3084436.0,CTL
60599,2015-06-15,-0.005835,2984948.0,CTL
60599,2015-06-16,-0.004634,3404984.0,CTL
60599,2015-06-17,-0.00031,3219182.0,CTL
60599,2015-06-18,0.004657,3734092.0,CTL
60599,2015-06-19,0.00309,4133694.0,CTL
60599,2015-06-22,0.005853,3486763.0,CTL
60599,2015-06-23,-0.003063,5070518.0,CTL
60599,2015-06-24,-0.020584,11369663.0,CTL
60599,2015-06-25,-0.061481,16783618.0,CTL
60599,2015-06-26,0.00234,15536278.0,CTL
60599,2015-06-29,-0.015338,6761620.0,CTL
60599,2015-06-30,-0.00508,5479010.0,CTL
60599,2015-07-01,0.006467,4763077.0,CTL
60599,2015-07-02,0.001353,3657952.0,CTL
60599,2015-07-06,-0.005404,4921684.0,CTL
60599,2015-07-07,0.014601,4530105.0,CTL
60599,2015-07-08,-0.013052,6600843.0,CTL
60599,2015-07-09,0.0,4324932.0,CTL
60599,2015-07-10,0.009156,3685707.0,CTL
60599,2015-07-13,0.008065,3926853.0,CTL
60599,2015-07-14,-0.000667,4625674.0,CTL
60599,2015-07-15,-0.01034,5574729.0,CTL
60599,2015-07-16,0.027637,5894343.0,CTL
60599,2015-07-17,0.014759,9012500.0,CTL
60599,2015-07-20,-0.014221,5489999.0,CTL
60599,2015-07-21,-0.025574,4644316.0,CTL
60599,2015-07-22,-0.017833,4721124.0,CTL
60599,2015-07-23,-0.007879,5870222.0,CTL
60599,2015-07-24,-0.032113,6520639.0,CTL
60599,2015-07-27,0.003211,5833184.0,CTL
60599,2015-07-28,0.003556,4480178.0,CTL
60599,2015-07-29,-0.002126,6479041.0,CTL
60599,2015-07-30,0.0,5565390.0,CTL
60599,2015-07-31,0.015625,6924981.0,CTL
60599,2015-08-03,0.01049,6371921.0,CTL
60599,2015-08-04,-0.016263,5086260.0,CTL
60599,2015-08-05,0.004573,5688886.0,CTL
60599,2015-08-06,-0.022059,13508550.0,CTL
60599,2015-08-07,-0.010025,7704879.0,CTL
60599,2015-08-10,0.040145,5873043.0,CTL
60599,2015-08-11,-0.018081,4552756.0,CTL
60599,2015-08-12,0.010269,5320177.0,CTL
60599,2015-08-13,-0.019629,5846258.0,CTL
60599,2015-08-14,0.010726,3816293.0,CTL
60599,2015-08-17,0.005306,3293200.0,CTL
60599,2015-08-18,-0.010556,4753409.0,CTL
60599,2015-08-19,0.00889,3766344.0,CTL
60599,2015-08-20,-0.023264,3760743.0,CTL
60599,2015-08-21,-0.021653,5755065.0,CTL
60599,2015-08-24,-0.046108,10127938.0,CTL
60599,2015-08-25,-0.026682,7079980.0,CTL
60599,2015-08-26,0.047676,8906206.0,CTL
60599,2015-08-27,0.014031,7642378.0,CTL
60599,2015-08-28,0.011219,4785218.0,CTL
60599,2015-08-31,0.0,5508933.0,CTL
60599,2015-09-01,-0.04216,6195489.0,CTL
60599,2015-09-02,0.042471,10175406.0,CTL
60599,2015-09-03,0.011482,5027407.0,CTL
60599,2015-09-04,-0.02204,5944914.0,CTL
60599,2015-09-08,0.029794,9591788.0,CTL
60599,2015-09-09,0.000371,5811184.0,CTL
60599,2015-09-10,-0.007045,7831290.0,CTL
60599,2015-09-11,-0.018671,6059335.0,CTL
60599,2015-09-14,-0.007991,3701220.0,CTL
60599,2015-09-15,0.015343,5446677.0,CTL
60599,2015-09-16,-0.012845,4934663.0,CTL
60599,2015-09-17,-0.003444,5639564.0,CTL
60599,2015-09-18,-0.015745,8333746.0,CTL
60599,2015-09-21,0.009754,4148755.0,CTL
60599,2015-09-22,-0.01932,5241863.0,CTL
60599,2015-09-23,-0.009062,4049395.0,CTL
60599,2015-09-24,-0.005169,6792079.0,CTL
60599,2015-09-25,0.013589,5740636.0,CTL
60599,2015-09-28,-0.029574,6898404.0,CTL
60599,2015-09-29,0.003251,5279938.0,CTL
60599,2015-09-30,0.017416,5522854.0,CTL
60599,2015-10-01,-0.020701,4458221.0,CTL
60599,2015-10-02,0.002032,4971312.0,CTL
60599,2015-10-05,0.040162,4026633.0,CTL
60599,2015-10-06,-0.00078,5358222.0,CTL
60599,2015-10-07,0.017174,3938851.0,CTL
60599,2015-10-08,0.017268,3675315.0,CTL
60599,2015-10-09,-0.0298,5020656.0,CTL
60599,2015-10-12,0.005443,3541776.0,CTL
60599,2015-10-13,-0.003094,3339504.0,CTL
60599,2015-10-14,0.015516,3472320.0,CTL
60599,2015-10-15,0.030558,4160844.0,CTL
60599,2015-10-16,-0.006301,4096342.0,CTL
60599,2015-10-19,0.004103,4432493.0,CTL
60599,2015-10-20,0.012259,2694768.0,CTL
60599,2015-10-21,-0.001835,3069854.0,CTL
60599,2015-10-22,0.026103,4140675.0,CTL
60599,2015-10-23,0.003941,3547696.0,CTL
60599,2015-10-26,0.010707,4220261.0,CTL
60599,2015-10-27,-0.024011,3632853.0,CTL
60599,2015-10-28,0.017366,3089091.0,CTL
60599,2015-10-29,-0.001423,3035016.0,CTL
60599,2015-10-30,0.00463,3720764.0,CTL
60599,2015-11-02,0.00709,4808394.0,CTL
60599,2015-11-03,0.002816,4474698.0,CTL
60599,2015-11-04,-0.016497,6207471.0,CTL
60599,2015-11-05,0.024625,7444523.0,CTL
60599,2015-11-06,-0.004876,5289408.0,CTL
60599,2015-11-09,0.0084,4413995.0,CTL
60599,2015-11-10,-0.007289,3269265.0,CTL
60599,2015-11-11,-0.005944,3853388.0,CTL
60599,2015-11-12,-0.015125,3658788.0,CTL
60599,2015-11-13,-0.010714,4480416.0,CTL
60599,2015-11-16,0.028159,3367070.0,CTL
60599,2015-11-17,-0.012289,4105958.0,CTL
60599,2015-11-18,0.012798,3789396.0,CTL
60599,2015-11-19,-0.000702,3828402.0,CTL
60599,2015-11-20,-0.024587,5796100.0,CTL
60599,2015-11-23,0.002938,4148986.0,CTL
60599,2015-11-24,-0.002929,3570348.0,CTL
60599,2015-11-25,-0.009181,2970836.0,CTL
60599,2015-11-27,0.002965,1631430.0,CTL
60599,2015-11-30,-0.004804,4595274.0,CTL
60599,2015-12-01,0.003713,5543083.0,CTL
60599,2015-12-02,-0.020718,4266607.0,CTL
60599,2015-12-03,-0.000378,6509011.0,CTL
60599,2015-12-04,0.009448,5513408.0,CTL
60599,2015-12-07,0.015725,5394426.0,CTL
60599,2015-12-08,-0.021747,6476982.0,CTL
60599,2015-12-09,-0.006029,5283927.0,CTL
60599,2015-12-10,-0.014784,5108870.0,CTL
60599,2015-12-11,-0.041554,5951692.0,CTL
60599,2015-12-14,-0.021277,6389968.0,CTL
60599,2015-12-15,0.039377,7013139.0,CTL
60599,2015-12-16,0.030781,6804045.0,CTL
60599,2015-12-17,-0.027565,4374411.0,CTL
60599,2015-12-18,-0.011417,8752339.0,CTL
60599,2015-12-21,0.001991,5599663.0,CTL
60599,2015-12-22,0.000795,5261592.0,CTL
60599,2015-12-23,0.03336,4069073.0,CTL
60599,2015-12-24,-0.005765,1582890.0,CTL
60599,2015-12-28,-0.00116,3228909.0,CTL
60599,2015-12-29,0.001548,3457660.0,CTL
60599,2015-12-30,-0.01932,2772415.0,CTL
60599,2015-12-31,-0.008668,3276651.0,CTL
60599,2016-01-04,-0.001987,4938951.0,CTL
60599,2016-01-05,-0.004779,4283455.0,CTL
60599,2016-01-06,-0.010804,4083396.0,CTL
60599,2016-01-07,-0.020227,4902768.0,CTL
60599,2016-01-08,-0.010322,4337629.0,CTL
60599,2016-01-11,0.006258,4971370.0,CTL
60599,2016-01-12,-0.029851,6017563.0,CTL
60599,2016-01-13,-0.016239,6916639.0,CTL
60599,2016-01-14,0.037793,7178695.0,CTL
60599,2016-01-15,-0.025115,6894063.0,CTL
60599,2016-01-19,-0.003006,4501110.0,CTL
60599,2016-01-20,-0.042205,8295865.0,CTL
60599,2016-01-21,0.017086,10569765.0,CTL
60599,2016-01-22,0.052166,6316063.0,CTL
60599,2016-01-25,-0.001681,7626686.0,CTL
60599,2016-01-26,0.03367,5288742.0,CTL
60599,2016-01-27,0.00285,6426987.0,CTL
60599,2016-01-28,0.007714,4887040.0,CTL
60599,2016-01-29,0.024174,4860059.0,CTL
60599,2016-02-01,0.018883,4773288.0,CTL
60599,2016-02-02,-0.026641,4314759.0,CTL
60599,2016-02-03,0.03451,4881086.0,CTL
60599,2016-02-04,0.017638,5722189.0,CTL
60599,2016-02-05,0.002638,8633755.0,CTL
60599,2016-02-08,-0.036828,9290128.0,CTL
60599,2016-02-09,-0.031994,10292095.0,CTL
60599,2016-02-10,-0.008867,7047261.0,CTL
60599,2016-02-11,0.109801,15041048.0,CTL
60599,2016-02-12,0.048369,10674957.0,CTL
60599,2016-02-16,0.010835,5918759.0,CTL
60599,2016-02-17,0.028008,7100608.0,CTL
60599,2016-02-18,0.019845,8243833.0,CTL
60599,2016-02-19,-0.019459,6510894.0,CTL
60599,2016-02-22,0.008745,5476039.0,CTL
60599,2016-02-23,-0.024675,6814060.0,CTL
60599,2016-02-24,0.025983,7120802.0,CTL
60599,2016-02-25,0.013329,4701352.0,CTL
60599,2016-02-26,-0.007892,4829897.0,CTL
60599,2016-02-29,0.013921,6387755.0,CTL
60599,2016-03-01,0.017326,6917669.0,CTL
60599,2016-03-02,0.018316,6450364.0,CTL
60599,2016-03-03,0.007063,5372360.0,CTL
60599,2016-03-04,0.007013,6292744.0,CTL
60599,2016-03-07,0.005698,5096593.0,CTL
60599,2016-03-08,-0.008184,5550512.0,CTL
60599,2016-03-09,0.000635,4207328.0,CTL
60599,2016-03-10,0.005709,6562117.0,CTL
60599,2016-03-11,0.005046,4128254.0,CTL
60599,2016-03-14,0.00251,3527400.0,CTL
60599,2016-03-15,-0.019718,5593898.0,CTL
60599,2016-03-16,0.027139,5314404.0,CTL
60599,2016-03-17,-0.027044,7928385.0,CTL
60599,2016-03-18,0.01278,7913671.0,CTL
60599,2016-03-21,0.0,3569607.0,CTL
60599,2016-03-22,-0.002524,4077925.0,CTL
60599,2016-03-23,-0.018975,5105004.0,CTL
60599,2016-03-24,0.004513,5416762.0,CTL
60599,2016-03-28,-0.002567,3158558.0,CTL
60599,2016-03-29,0.016409,3393052.0,CTL
60599,2016-03-30,0.008864,3660972.0,CTL
60599,2016-03-31,0.002824,6807671.0,CTL
60599,2016-04-01,0.006884,6219552.0,CTL
60599,2016-04-04,0.001554,5186826.0,CTL
60599,2016-04-05,-0.004034,5271152.0,CTL
60599,2016-04-06,0.01215,3832591.0,CTL
60599,2016-04-07,-0.019083,5704504.0,CTL
60599,2016-04-08,0.000314,3873271.0,CTL
60599,2016-04-11,0.006274,2921012.0,CTL
60599,2016-04-12,-0.002494,3529556.0,CTL
60599,2016-04-13,0.005937,3308900.0,CTL
60599,2016-04-14,-0.003107,3383582.0,CTL
60599,2016-04-15,0.005298,2956936.0,CTL
60599,2016-04-18,-0.00124,2990263.0,CTL
60599,2016-04-19,0.015208,3578632.0,CTL
60599,2016-04-20,0.002751,3966598.0,CTL
60599,2016-04-21,-0.042988,4347968.0,CTL
60599,2016-04-22,0.0,4160155.0,CTL
60599,2016-04-25,-0.00669,3717891.0,CTL
60599,2016-04-26,0.007697,3160336.0,CTL
60599,2016-04-27,0.005092,4423518.0,CTL
60599,2016-04-28,-0.006966,3360991.0,CTL
60599,2016-04-29,-0.013074,5360069.0,CTL
60599,2016-05-02,0.017124,7744284.0,CTL
60599,2016-05-03,-0.02859,7598217.0,CTL
60599,2016-05-04,0.012426,6656754.0,CTL
60599,2016-05-05,-0.089147,20521476.0,CTL
60599,2016-05-06,0.012057,9444983.0,CTL
60599,2016-05-09,-0.011563,6057075.0,CTL
60599,2016-05-10,0.018433,5924534.0,CTL
60599,2016-05-11,-0.014619,3903644.0,CTL
60599,2016-05-12,0.005298,3940966.0,CTL
60599,2016-05-13,-0.02038,4112858.0,CTL
60599,2016-05-16,-0.002152,3863441.0,CTL
60599,2016-05-17,-0.0133,5193072.0,CTL
60599,2016-05-18,-0.020765,5896542.0,CTL
60599,2016-05-19,0.001488,6537034.0,CTL
60599,2016-05-20,0.005201,4545375.0,CTL
60599,2016-05-23,-0.005543,3988278.0,CTL
60599,2016-05-24,0.010777,4142932.0,CTL
60599,2016-05-25,-0.000735,3996238.0,CTL
60599,2016-05-26,-0.000368,3891829.0,CTL
60599,2016-05-27,0.006759,3173307.0,CTL
60599,2016-05-31,0.011563,6054661.0,CTL
60599,2016-06-01,-0.008112,4001728.0,CTL
60599,2016-06-02,0.008178,3685978.0,CTL
60599,2016-06-03,0.008481,4518663.0,CTL
60599,2016-06-06,-0.007313,4337203.0,CTL
60599,2016-06-07,0.005157,5174476.0,CTL
60599,2016-06-08,-0.009161,4554999.0,CTL
60599,2016-06-09,-0.001479,3235638.0,CTL
60599,2016-06-10,-0.001482,5564331.0,CTL
60599,2016-06-13,-0.002596,5699862.0,CTL
60599,2016-06-14,-0.00781,5626759.0,CTL
60599,2016-06-15,0.020615,9091734.0,CTL
60599,2016-06-16,0.000367,7071353.0,CTL
60599,2016-06-17,0.008076,10587099.0,CTL
60599,2016-06-20,0.004006,4314380.0,CTL
60599,2016-06-21,0.018498,4730413.0,CTL
60599,2016-06-22,-0.005698,4703300.0,CTL
60599,2016-06-23,0.02149,3478131.0,CTL
60599,2016-06-24,-0.020687,7198691.0,CTL
60599,2016-06-27,-0.039742,7803316.0,CTL
60599,2016-06-28,0.038031,4788040.0,CTL
60599,2016-06-29,0.021911,7539651.0,CTL
60599,2016-06-30,0.019684,5490072.0,CTL
60599,2016-07-01,0.01241,4016696.0,CTL
60599,2016-07-05,-0.014981,3620604.0,CTL
60599,2016-07-06,0.019703,4360032.0,CTL
60599,2016-07-07,-0.004068,3568819.0,CTL
60599,2016-07-08,0.028591,5100813.0,CTL
60599,2016-07-11,0.00364,4846266.0,CTL
60599,2016-07-12,0.013518,5578485.0,CTL
60599,2016-07-13,0.004554,3948821.0,CTL
60599,2016-07-14,0.013601,4369182.0,CTL
60599,2016-07-15,0.000639,4568449.0,CTL
60599,2016-07-18,-0.012771,4912949.0,CTL
60599,2016-07-19,-0.013907,4718214.0,CTL
60599,2016-07-20,0.001968,4001603.0,CTL
60599,2016-07-21,0.002946,3611351.0,CTL
60599,2016-07-22,0.008486,2287295.0,CTL
60599,2016-07-25,-0.000647,3124337.0,CTL
60599,2016-07-26,-0.008096,2496035.0,CTL
60599,2016-07-27,0.002612,5193539.0,CTL
60599,2016-07-28,0.003908,3467834.0,CTL
60599,2016-07-29,0.019786,6218510.0,CTL
60599,2016-08-01,-0.013359,8014692.0,CTL
60599,2016-08-02,-0.013862,6678694.0,CTL
60599,2016-08-03,-0.002615,6568465.0,CTL
60599,2016-08-04,-0.008522,8008621.0,CTL
60599,2016-08-05,-0.012231,4790409.0,CTL
60599,2016-08-08,0.013387,3636745.0,CTL
60599,2016-08-09,-0.004293,2885037.0,CTL
60599,2016-08-10,0.006302,4076030.0,CTL
60599,2016-08-11,0.002637,3928280.0,CTL
60599,2016-08-12,-0.015122,3197912.0,CTL
60599,2016-08-15,0.002003,2279672.0,CTL
60599,2016-08-16,-0.019987,3181116.0,CTL
60599,2016-08-17,-0.005778,3933090.0,CTL
60599,2016-08-18,-0.004103,4395198.0,CTL
60599,2016-08-19,-0.009955,4681371.0,CTL
60599,2016-08-22,0.003121,4620062.0,CTL
60599,2016-08-23,0.005876,2737608.0,CTL
60599,2016-08-24,-0.001718,3230286.0,CTL
60599,2016-08-25,0.003442,3530221.0,CTL
60599,2016-08-26,-0.013379,4247567.0,CTL
60599,2016-08-29,-0.000348,4011342.0,CTL
60599,2016-08-30,-0.006261,4944977.0,CTL
60599,2016-08-31,-0.00805,4472605.0,CTL
60599,2016-09-01,-0.002158,4470163.0,CTL
60599,2016-09-02,0.00721,3048215.0,CTL
60599,2016-09-06,0.008232,2992260.0,CTL
60599,2016-09-07,0.008165,3210762.0,CTL
60599,2016-09-08,-0.001761,3404237.0,CTL
60599,2016-09-09,-0.017284,7008383.0,CTL
60599,2016-09-12,0.006461,4771966.0,CTL
60599,2016-09-13,-0.021398,4497058.0,CTL
60599,2016-09-14,-0.000364,2958109.0,CTL
60599,2016-09-15,-0.016405,7598614.0,CTL
60599,2016-09-16,-0.003336,7114403.0,CTL
60599,2016-09-19,0.005578,4457047.0,CTL
60599,2016-09-20,-0.010725,3345411.0,CTL
60599,2016-09-21,0.006355,4296810.0,CTL
60599,2016-09-22,0.025632,5094979.0,CTL
60599,2016-09-23,-0.006882,3853878.0,CTL
60599,2016-09-26,-0.004012,2357661.0,CTL
60599,2016-09-27,0.001465,2844859.0,CTL
60599,2016-09-28,0.007313,2598215.0,CTL
60599,2016-09-29,-0.001089,2610971.0,CTL
60599,2016-09-30,-0.00327,3363364.0,CTL
60599,2016-10-03,0.003281,3048400.0,CTL
60599,2016-10-04,-0.015988,4342517.0,CTL
60599,2016-10-05,-0.001846,4826467.0,CTL
60599,2016-10-06,-0.00222,3531399.0,CTL
60599,2016-10-07,0.029292,13519671.0,CTL
60599,2016-10-10,0.002882,3118235.0,CTL
60599,2016-10-11,-0.007184,5412856.0,CTL
60599,2016-10-12,-0.002533,2580380.0,CTL
60599,2016-10-13,-0.006529,2750712.0,CTL
60599,2016-10-14,-0.001825,2003263.0,CTL
60599,2016-10-17,0.001097,3118122.0,CTL
60599,2016-10-18,0.019364,3770437.0,CTL
60599,2016-10-19,0.010036,3274349.0,CTL
60599,2016-10-20,-0.007452,4336602.0,CTL
60599,2016-10-21,0.008581,4790620.0,CTL
60599,2016-10-24,0.003899,3193735.0,CTL
60599,2016-10-25,0.00459,3390382.0,CTL
60599,2016-10-26,-0.00703,3289316.0,CTL
60599,2016-10-27,0.097345,36625594.0,CTL
60599,2016-10-28,-0.019677,15382989.0,CTL
60599,2016-10-31,-0.12537,71943608.0,CTL
60599,2016-11-01,-0.060572,36114903.0,CTL
60599,2016-11-02,-0.031638,21126829.0,CTL
60599,2016-11-03,-0.048801,30038531.0,CTL
60599,2016-11-04,0.002174,21633402.0,CTL
60599,2016-11-07,0.011714,21786932.0,CTL
60599,2016-11-08,0.036021,15356221.0,CTL
60599,2016-11-09,0.005381,10430158.0,CTL
60599,2016-11-10,-0.019761,15049897.0,CTL
60599,2016-11-11,-0.00042,9553943.0,CTL
60599,2016-11-14,0.021429,12285568.0,CTL
60599,2016-11-15,0.016866,12754196.0,CTL
60599,2016-11-16,-0.008091,8711404.0,CTL
60599,2016-11-17,-0.010604,8752426.0,CTL
60599,2016-11-18,0.021847,9857792.0,CTL
60599,2016-11-21,0.030254,11041944.0,CTL
60599,2016-11-22,-0.011746,10374077.0,CTL
60599,2016-11-23,-0.011886,8863134.0,CTL
60599,2016-11-25,0.010656,3946661.0,CTL
60599,2016-11-28,-0.000811,7507284.0,CTL
60599,2016-11-29,-0.017451,8364012.0,CTL
60599,2016-11-30,-0.028501,13063881.0,CTL
60599,2016-12-01,0.009354,10562258.0,CTL
60599,2016-12-02,0.007582,5972195.0,CTL
60599,2016-12-05,0.011288,9987060.0,CTL
60599,2016-12-06,-0.007441,6004319.0,CTL
60599,2016-12-07,0.011245,6772046.0,CTL
60599,2016-12-08,-0.006178,7191481.0,CTL
60599,2016-12-09,-0.000414,7962690.0,CTL
60599,2016-12-12,-0.007877,7229393.0,CTL
60599,2016-12-13,0.020894,10799944.0,CTL
60599,2016-12-14,-0.022923,8607560.0,CTL
60599,2016-12-15,0.004189,9779183.0,CTL
60599,2016-12-16,0.008344,11383948.0,CTL
60599,2016-12-19,0.000827,5889633.0,CTL
60599,2016-12-20,-0.00248,6605028.0,CTL
60599,2016-12-21,-0.014919,6241389.0,CTL
60599,2016-12-22,0.004207,6008912.0,CTL
60599,2016-12-23,0.00796,6512200.0,CTL
60599,2016-12-27,0.003325,3957663.0,CTL
60599,2016-12-28,-0.004557,5067166.0,CTL
60599,2016-12-29,0.0,4556755.0,CTL
60599,2016-12-30,-0.010404,6971357.0,CTL
60599,2017-01-03,0.066022,17376398.0,CTL
60599,2017-01-04,0.005128,10443772.0,CTL
60599,2017-01-05,0.000785,7921741.0,CTL
60599,2017-01-06,-0.004706,5736182.0,CTL
60599,2017-01-09,-0.00591,6765279.0,CTL
60599,2017-01-10,-0.001189,8274952.0,CTL
60599,2017-01-11,0.001587,5567042.0,CTL
60599,2017-01-12,-0.002377,7340834.0,CTL
60599,2017-01-13,0.003177,5313070.0,CTL
60599,2017-01-17,0.008314,7753882.0,CTL
60599,2017-01-18,0.0,5841822.0,CTL
60599,2017-01-19,0.001178,4364224.0,CTL
60599,2017-01-20,0.002353,4866482.0,CTL
60599,2017-01-23,0.009781,4439750.0,CTL
60599,2017-01-24,-0.009299,5655133.0,CTL
60599,2017-01-25,0.004693,7489213.0,CTL
60599,2017-01-26,0.014402,7653733.0,CTL
60599,2017-01-27,-0.003837,4935059.0,CTL
60599,2017-01-30,-0.005778,4880701.0,CTL
60599,2017-01-31,0.001937,11316042.0,CTL
60599,2017-02-01,-0.013534,8832817.0,CTL
60599,2017-02-02,-0.0098,6190566.0,CTL
60599,2017-02-03,0.006334,5228391.0,CTL
60599,2017-02-06,-0.014556,6353023.0,CTL
60599,2017-02-07,-0.006786,6022232.0,CTL
60599,2017-02-08,-0.018087,13671506.0,CTL
60599,2017-02-09,-0.000409,10179851.0,CTL
60599,2017-02-10,0.002866,5882601.0,CTL
60599,2017-02-13,0.005308,6555986.0,CTL
60599,2017-02-14,-0.003249,4962947.0,CTL
60599,2017-02-15,-0.005705,5599574.0,CTL
60599,2017-02-16,-0.004918,5162872.0,CTL
60599,2017-02-17,0.0,5122976.0,CTL
60599,2017-02-21,0.016063,6846831.0,CTL
60599,2017-02-22,0.006486,6431600.0,CTL
60599,2017-02-23,-0.004833,6597988.0,CTL
60599,2017-02-24,-0.005261,6056642.0,CTL
60599,2017-02-27,0.001221,6722186.0,CTL
60599,2017-02-28,-0.014222,13031838.0,CTL
60599,2017-03-01,0.013191,14735804.0,CTL
60599,2017-03-02,-0.021215,10003104.0,CTL
60599,2017-03-03,-0.002125,8419064.0,CTL
60599,2017-03-06,-0.016184,8175124.0,CTL
60599,2017-03-07,-0.025974,11620855.0,CTL
60599,2017-03-08,-0.002222,7310167.0,CTL
60599,2017-03-09,0.012472,7984260.0,CTL
60599,2017-03-10,0.018038,6382025.0,CTL
60599,2017-03-13,0.013829,8358911.0,CTL
60599,2017-03-14,-0.005115,5893068.0,CTL
60599,2017-03-15,0.018423,10642838.0,CTL
60599,2017-03-16,-0.016828,10728969.0,CTL
60599,2017-03-17,0.011981,24891583.0,CTL
60599,2017-03-20,-0.000423,8138955.0,CTL
60599,2017-03-21,-0.011844,7234732.0,CTL
60599,2017-03-22,-0.023545,12577325.0,CTL
60599,2017-03-23,-0.007453,6887351.0,CTL
60599,2017-03-24,0.0053,5890158.0,CTL
60599,2017-03-27,-0.00659,9057861.0,CTL
60599,2017-03-28,-0.003981,7325754.0,CTL
60599,2017-03-29,0.025311,8208235.0,CTL
60599,2017-03-30,0.013859,7466212.0,CTL
60599,2017-03-31,0.006835,7533614.0,CTL
60599,2017-04-03,0.001273,6992549.0,CTL
60599,2017-04-04,0.015254,12820344.0,CTL
60599,2017-04-05,0.010434,12561386.0,CTL
60599,2017-04-06,0.010326,7640759.0,CTL
60599,2017-04-07,0.003271,9662269.0,CTL
60599,2017-04-10,0.013447,8136814.0,CTL
60599,2017-04-11,0.001206,8899935.0,CTL
60599,2017-04-12,0.009639,10806222.0,CTL
60599,2017-04-13,-0.000795,9958699.0,CTL
60599,2017-04-17,0.007166,7318113.0,CTL
60599,2017-04-18,-0.009486,7294946.0,CTL
60599,2017-04-19,0.009178,11207568.0,CTL
60599,2017-04-20,0.007908,8716160.0,CTL
60599,2017-04-21,-0.006669,7432209.0,CTL
60599,2017-04-24,0.005134,7725596.0,CTL
60599,2017-04-25,0.018861,11383337.0,CTL
60599,2017-04-26,-0.002314,8972261.0,CTL
60599,2017-04-27,-0.003092,12119332.0,CTL
60599,2017-04-28,-0.004653,11581185.0,CTL
60599,2017-05-01,-0.011297,9827091.0,CTL
60599,2017-05-02,0.022459,9168370.0,CTL
60599,2017-05-03,-0.020424,10400439.0,CTL
60599,2017-05-04,-0.06609,28643399.0,CTL
60599,2017-05-05,-0.005897,12349560.0,CTL
60599,2017-05-08,0.050847,26016453.0,CTL
60599,2017-05-09,0.009274,10142206.0,CTL
60599,2017-05-10,0.003196,7954707.0,CTL
60599,2017-05-11,-0.026683,8698798.0,CTL
60599,2017-05-12,0.007774,8659596.0,CTL
60599,2017-05-15,0.007308,6936757.0,CTL
60599,2017-05-16,-0.001612,8663935.0,CTL
60599,2017-05-17,-0.008882,9125637.0,CTL
60599,2017-05-18,0.001629,7472561.0,CTL
60599,2017-05-19,0.011387,10497668.0,CTL
60599,2017-05-22,0.003217,7275321.0,CTL
60599,2017-05-23,0.009619,7264082.0,CTL
60599,2017-05-24,-0.009131,5120307.0,CTL
60599,2017-05-25,-0.001202,5796190.0,CTL
60599,2017-05-26,-0.005215,4897035.0,CTL
60599,2017-05-30,0.007258,7544912.0,CTL
60599,2017-05-31,-0.001201,11658968.0,CTL
60599,2017-06-01,0.058517,20750437.0,CTL
60599,2017-06-02,0.0,9154104.0,CTL
60599,2017-06-05,-0.000773,7532570.0,CTL
60599,2017-06-06,-0.000387,8653785.0,CTL
60599,2017-06-07,-0.001935,6632403.0,CTL
60599,2017-06-08,0.007367,7032499.0,CTL
60599,2017-06-09,0.005004,10329524.0,CTL
60599,2017-06-12,0.018767,10001215.0,CTL
60599,2017-06-13,0.02406,10276780.0,CTL
60599,2017-06-14,0.00257,10311725.0,CTL
60599,2017-06-15,-0.013182,11894006.0,CTL
60599,2017-06-16,-0.04564,43059324.0,CTL
60599,2017-06-19,-0.013997,18616638.0,CTL
60599,2017-06-20,-0.026025,21075049.0,CTL
60599,2017-06-21,-0.010526,14707254.0,CTL
60599,2017-06-22,-0.003682,10092164.0,CTL
60599,2017-06-23,0.002464,6331618.0,CTL
60599,2017-06-26,0.005735,6548463.0,CTL
60599,2017-06-27,0.000407,7425723.0,CTL
60599,2017-06-28,0.012215,10785646.0,CTL
60599,2017-06-29,-0.027353,8324969.0,CTL
60599,2017-06-30,-0.012407,8531499.0,CTL
60599,2017-07-03,0.003769,5541467.0,CTL
60599,2017-07-05,-0.009595,10607772.0,CTL
60599,2017-07-06,0.00674,8895865.0,CTL
60599,2017-07-07,-0.012552,7861457.0,CTL
60599,2017-07-10,-0.005509,4660831.0,CTL
60599,2017-07-11,-0.009374,6023054.0,CTL
60599,2017-07-12,-0.032258,14884782.0,CTL
60599,2017-07-13,0.012445,9033474.0,CTL
60599,2017-07-14,0.009219,6757823.0,CTL
60599,2017-07-17,-0.004785,4457574.0,CTL
60599,2017-07-18,-0.024038,8724451.0,CTL
60599,2017-07-19,0.015674,8097406.0,CTL
60599,2017-07-20,0.02381,9098691.0,CTL
60599,2017-07-21,0.00646,8060995.0,CTL
60599,2017-07-24,-0.026102,8089070.0,CTL
60599,2017-07-25,0.008787,6960395.0,CTL
60599,2017-07-26,-0.004355,5585254.0,CTL
60599,2017-07-27,0.032371,8949882.0,CTL
60599,2017-07-28,-0.013559,6969815.0,CTL
60599,2017-07-31,-0.00043,4902742.0,CTL
60599,2017-08-01,0.003868,5653146.0,CTL
60599,2017-08-02,0.016267,7106269.0,CTL
60599,2017-08-03,-0.05476,23962906.0,CTL
60599,2017-08-04,0.001337,11062201.0,CTL
60599,2017-08-07,-0.005785,8039971.0,CTL
60599,2017-08-08,-0.021039,11592367.0,CTL
60599,2017-08-09,-0.002286,7893566.0,CTL
60599,2017-08-10,-0.006416,13464072.0,CTL
60599,2017-08-11,-0.000923,6811316.0,CTL
60599,2017-08-14,0.01385,4432422.0,CTL
60599,2017-08-15,-0.064663,15674735.0,CTL
60599,2017-08-16,0.01704,10626556.0,CTL
60599,2017-08-17,-0.072283,23469177.0,CTL
60599,2017-08-18,-0.011352,23703171.0,CTL
60599,2017-08-21,0.002088,9557701.0,CTL
60599,2017-08-22,0.036458,11628754.0,CTL
60599,2017-08-23,0.024121,15849682.0,CTL
60599,2017-08-24,-0.015702,7861927.0,CTL
60599,2017-08-25,0.008475,6529342.0,CTL
60599,2017-08-28,0.02521,8732269.0,CTL
60599,2017-08-29,-0.005304,7801763.0,CTL
60599,2017-08-30,-0.010664,10934913.0,CTL
60599,2017-08-31,-0.007349,7348360.0,CTL
60599,2017-09-01,0.016227,6877751.0,CTL
60599,2017-09-05,-0.025948,7772533.0,CTL
60599,2017-09-06,-0.026639,11540943.0,CTL
60599,2017-09-07,-0.017895,12493088.0,CTL
60599,2017-09-08,-0.006431,16154259.0,CTL
60599,2017-09-11,-0.010788,12430918.0,CTL
60599,2017-09-12,0.041985,11881680.0,CTL
60599,2017-09-13,-0.018838,15857355.0,CTL
60599,2017-09-14,-0.002667,5727863.0,CTL
60599,2017-09-15,0.014973,13886792.0,CTL
60599,2017-09-18,-0.034773,11246073.0,CTL
60599,2017-09-19,0.011463,8224583.0,CTL
60599,2017-09-20,0.007555,7279118.0,CTL
60599,2017-09-21,-0.009641,5885854.0,CTL
60599,2017-09-22,0.002704,7013532.0,CTL
60599,2017-09-25,0.04315,8135973.0,CTL
60599,2017-09-26,0.001034,6263301.0,CTL
60599,2017-09-27,-0.002583,5172169.0,CTL
60599,2017-09-28,-0.005179,5666490.0,CTL
60599,2017-09-29,-0.016137,7310919.0,CTL
60599,2017-10-02,0.022222,8468529.0,CTL
60599,2017-10-03,0.044514,12100085.0,CTL
60599,2017-10-04,-0.00446,9199494.0,CTL
60599,2017-10-05,-0.003484,10218403.0,CTL
60599,2017-10-06,-0.000999,9356432.0,CTL
60599,2017-10-09,0.005,5955112.0,CTL
60599,2017-10-10,0.010945,7630745.0,CTL
60599,2017-10-11,-0.002461,11331174.0,CTL
60599,2017-10-12,0.003947,37121189.0,CTL
60599,2017-10-13,-0.004914,12950021.0,CTL
60599,2017-10-16,-0.024198,8728079.0,CTL
60599,2017-10-17,-0.037449,18804110.0,CTL
60599,2017-10-18,-0.019453,24761689.0,CTL
60599,2017-10-19,-0.008579,15583181.0,CTL
60599,2017-10-20,0.029746,15848796.0,CTL
60599,2017-10-23,-0.012605,12494352.0,CTL
60599,2017-10-24,-0.003191,7015078.0,CTL
60599,2017-10-25,-0.011206,9524527.0,CTL
60599,2017-10-26,-0.001079,13090035.0,CTL
60599,2017-10-27,-0.055646,22824839.0,CTL
60599,2017-10-30,0.052632,27086545.0,CTL
60599,2017-10-31,0.032065,17495149.0,CTL
60599,2017-11-01,-0.060032,20064078.0,CTL
60599,2017-11-02,-0.021849,20923781.0,CTL
60599,2017-11-03,-0.062428,16921372.0,CTL
60599,2017-11-06,0.018326,15566021.0,CTL
60599,2017-11-07,-0.026995,12042532.0,CTL
60599,2017-11-08,0.002466,13936861.0,CTL
60599,2017-11-09,-0.047971,39219714.0,CTL
60599,2017-11-10,0.0,19339326.0,CTL
60599,2017-11-13,-0.00969,16401212.0,CTL
60599,2017-11-14,-0.060665,20764860.0,CTL
60599,2017-11-15,0.026389,17215711.0,CTL
60599,2017-11-16,-0.00203,13027617.0,CTL
60599,2017-11-17,0.00339,12881325.0,CTL
60599,2017-11-20,0.0,12077047.0,CTL
60599,2017-11-21,-0.018243,16833346.0,CTL
60599,2017-11-22,-0.013076,19944052.0,CTL
60599,2017-11-24,0.002789,7332967.0,CTL
60599,2017-11-27,-0.015896,13763783.0,CTL
60599,2017-11-28,0.005139,19888391.0,CTL
60599,2017-11-29,0.062089,17780242.0,CTL
60599,2017-11-30,0.003439,21244767.0,CTL
60599,2017-12-01,-0.019877,15649019.0,CTL
60599,2017-12-04,0.035664,15703293.0,CTL
60599,2017-12-05,-0.028359,13894774.0,CTL
60599,2017-12-06,-0.038221,11822532.0,CTL
60599,2017-12-07,0.018786,46283929.0,CTL
60599,2017-12-08,0.040426,15068619.0,CTL
60599,2017-12-11,0.0818,37220057.0,CTL
60599,2017-12-12,-0.010712,15525361.0,CTL
60599,2017-12-13,0.066879,25127766.0,CTL
60599,2017-12-14,-0.016717,15243002.0,CTL
60599,2017-12-15,0.031573,28773845.0,CTL
60599,2017-12-18,0.044732,26297774.0,CTL
60599,2017-12-19,-0.019718,26780342.0,CTL
60599,2017-12-20,-0.014368,14526637.0,CTL
60599,2017-12-21,0.018659,10164875.0,CTL
60599,2017-12-22,-0.013165,9591824.0,CTL
60599,2017-12-26,0.006961,6009943.0,CTL
60599,2017-12-27,-0.016705,7561128.0,CTL
60599,2017-12-28,0.002929,8100307.0,CTL
60599,2017-12-29,-0.025701,10043254.0,CTL
60599,2018-01-02,0.043765,12444363.0,CTL
60599,2018-01-03,-0.018955,10097516.0,CTL
60599,2018-01-04,-0.00644,14462482.0,CTL
60599,2018-01-05,0.001768,10034102.0,CTL
60599,2018-01-08,0.013529,9754556.0,CTL
60599,2018-01-09,-0.040046,13793399.0,CTL
60599,2018-01-10,0.056832,25504893.0,CTL
60599,2018-01-11,-0.000572,10567962.0,CTL
60599,2018-01-12,-0.006296,11531292.0,CTL
60599,2018-01-16,-0.001152,11858069.0,CTL
60599,2018-01-17,0.00519,10445756.0,CTL
60599,2018-01-18,-0.005164,10271713.0,CTL
60599,2018-01-19,-0.00173,18159645.0,CTL
60599,2018-01-22,0.020797,8877472.0,CTL
60599,2018-01-23,-0.019242,8956417.0,CTL
60599,2018-01-24,0.003462,6835339.0,CTL
60599,2018-01-25,0.022427,8406744.0,CTL
60599,2018-01-26,0.024747,15751273.0,CTL
60599,2018-01-29,-0.010428,11251566.0,CTL
60599,2018-01-30,-0.012202,7989103.0,CTL
60599,2018-01-31,0.0,8633046.0,CTL
60599,2018-02-01,0.007861,7577694.0,CTL
60599,2018-02-02,-0.012256,13646270.0,CTL
60599,2018-02-05,-0.052454,14652824.0,CTL
60599,2018-02-06,0.016072,13200720.0,CTL
60599,2018-02-07,-0.000586,8378711.0,CTL
60599,2018-02-08,-0.05041,11914666.0,CTL
60599,2018-02-09,-0.01358,19399343.0,CTL
60599,2018-02-12,0.048811,12828667.0,CTL
60599,2018-02-13,0.02685,16725078.0,CTL
60599,2018-02-14,0.021499,18736053.0,CTL
60599,2018-02-15,0.088168,25595518.0,CTL
60599,2018-02-16,-0.010455,14837112.0,CTL
60599,2018-02-20,-0.0243,13563861.0,CTL
60599,2018-02-21,-0.030861,11844266.0,CTL
60599,2018-02-22,0.004469,13671395.0,CTL
60599,2018-02-23,0.012792,8898536.0,CTL
60599,2018-02-26,0.010983,12950468.0,CTL
60599,2018-02-27,-0.017925,10007681.0,CTL
60599,2018-02-28,-0.022677,16507945.0,CTL
60599,2018-03-01,-0.01528,14012419.0,CTL
60599,2018-03-02,0.028161,11040422.0,CTL
60599,2018-03-05,0.028242,12830259.0,CTL
60599,2018-03-06,0.012332,12264762.0,CTL
60599,2018-03-07,-0.009967,14986245.0,CTL
60599,2018-03-08,-0.003356,6671534.0,CTL
60599,2018-03-09,0.006734,6861796.0,CTL
60599,2018-03-12,0.004459,9542567.0,CTL
60599,2018-03-13,-0.017758,7852552.0,CTL
60599,2018-03-14,-0.020904,10273402.0,CTL
60599,2018-03-15,-0.020773,9446435.0,CTL
60599,2018-03-16,0.009428,31218017.0,CTL
60599,2018-03-19,-0.02627,12120919.0,CTL
60599,2018-03-20,-0.025779,10740740.0,CTL
60599,2018-03-21,0.006154,10132720.0,CTL
60599,2018-03-22,-0.034251,12141015.0,CTL
60599,2018-03-23,-0.017099,11018657.0,CTL
60599,2018-03-26,0.044459,14766048.0,CTL
60599,2018-03-27,-0.004935,14473049.0,CTL
60599,2018-03-28,0.00496,12146801.0,CTL
60599,2018-03-29,0.013572,11391469.0,CTL
60599,2018-04-02,-0.008521,15165641.0,CTL
60599,2018-04-03,0.013505,12082320.0,CTL
60599,2018-04-04,0.03937,16306089.0,CTL
60599,2018-04-05,0.011655,14962780.0,CTL
60599,2018-04-06,-0.008641,11038592.0,CTL
60599,2018-04-09,0.005811,11391948.0,CTL
60599,2018-04-10,0.021953,8298350.0,CTL
60599,2018-04-11,-0.012437,5475877.0,CTL
60599,2018-04-12,-0.012593,5631721.0,CTL
60599,2018-04-13,-0.011594,5922815.0,CTL
60599,2018-04-16,0.018182,5574895.0,CTL
60599,2018-04-17,0.014977,6234172.0,CTL
60599,2018-04-18,-0.003973,4855773.0,CTL
60599,2018-04-19,-0.013105,5971433.0,CTL
60599,2018-04-20,0.016744,9811259.0,CTL
60599,2018-04-23,0.006814,6061731.0,CTL
60599,2018-04-24,0.01128,9483076.0,CTL
60599,2018-04-25,0.03179,10647758.0,CTL
60599,2018-04-26,0.001081,8815821.0,CTL
60599,2018-04-27,0.020518,7935286.0,CTL
60599,2018-04-30,-0.016931,8401287.0,CTL
60599,2018-05-01,-0.004844,10440918.0,CTL
60599,2018-05-02,0.0,8991542.0,CTL
60599,2018-05-03,-0.022715,9442724.0,CTL
60599,2018-05-04,0.023243,7829179.0,CTL
60599,2018-05-07,-0.000541,12307393.0,CTL
60599,2018-05-08,-0.018939,12365879.0,CTL
60599,2018-05-09,-0.004964,13642061.0,CTL
60599,2018-05-10,0.075388,27891992.0,CTL
60599,2018-05-11,0.010309,16782835.0,CTL
60599,2018-05-14,-0.018367,11607992.0,CTL
60599,2018-05-15,0.006757,8855570.0,CTL
60599,2018-05-16,-0.005679,8620345.0,CTL
60599,2018-05-17,-0.000519,16489762.0,CTL
60599,2018-05-18,0.002078,14691479.0,CTL
60599,2018-05-21,-0.000518,7641706.0,CTL
60599,2018-05-22,0.000519,7139919.0,CTL
60599,2018-05-23,-0.014515,7810368.0,CTL
60599,2018-05-24,-0.025776,16334170.0,CTL
60599,2018-05-25,-0.018359,15565751.0,CTL
60599,2018-05-29,0.0022,11963576.0,CTL
60599,2018-05-30,0.00494,6722211.0,CTL
60599,2018-05-31,-0.004915,13836226.0,CTL
60599,2018-06-01,0.003293,13349007.0,CTL
60599,2018-06-04,-0.005637,8942913.0,CTL
60599,2018-06-05,-0.011905,12455172.0,CTL
60599,2018-06-06,0.00918,11748226.0,CTL
60599,2018-06-07,0.001706,7029602.0,CTL
60599,2018-06-08,0.001703,9326510.0,CTL
60599,2018-06-11,0.011332,11621031.0,CTL
60599,2018-06-12,0.005602,7700141.0,CTL
60599,2018-06-13,-0.022841,7195913.0,CTL
60599,2018-06-14,0.026796,9035814.0,CTL
60599,2018-06-15,0.000555,13092499.0,CTL
60599,2018-06-18,0.006104,8453452.0,CTL
60599,2018-06-19,0.017099,8624330.0,CTL
60599,2018-06-20,0.00705,10032269.0,CTL
60599,2018-06-21,-0.006462,5089165.0,CTL
60599,2018-06-22,0.009214,8422374.0,CTL
60599,2018-06-25,0.008593,8945055.0,CTL
60599,2018-06-26,-0.001597,7399916.0,CTL
60599,2018-06-27,-0.005333,5149037.0,CTL
60599,2018-06-28,0.002681,6459877.0,CTL
60599,2018-06-29,-0.003209,5038966.0,CTL
60599,2018-07-02,-0.005901,4865327.0,CTL
60599,2018-07-03,0.030761,4992732.0,CTL
60599,2018-07-05,0.01466,7062276.0,CTL
60599,2018-07-06,0.014448,5638973.0,CTL
60599,2018-07-09,0.011699,8069399.0,CTL
60599,2018-07-10,0.011061,8522942.0,CTL
60599,2018-07-11,-0.015415,5711385.0,CTL
60599,2018-07-12,0.010101,5998238.0,CTL
60599,2018-07-13,-0.006,5129550.0,CTL
60599,2018-07-16,-0.013581,7521734.0,CTL
60599,2018-07-17,0.00102,4872098.0,CTL
60599,2018-07-18,-0.006113,4639708.0,CTL
60599,2018-07-19,-0.014352,7148684.0,CTL
60599,2018-07-20,-0.024441,6654058.0,CTL
60599,2018-07-23,0.003198,5729851.0,CTL
60599,2018-07-24,-0.005845,5873221.0,CTL
60599,2018-07-25,-0.024051,9603519.0,CTL
60599,2018-07-26,0.007119,8837243.0,CTL
60599,2018-07-27,-0.001087,5326256.0,CTL
60599,2018-07-30,0.014698,7602481.0,CTL
60599,2018-07-31,0.006974,7787875.0,CTL
60599,2018-08-01,-0.010655,6646562.0,CTL
60599,2018-08-02,0.008616,5238581.0,CTL
60599,2018-08-03,0.005339,4480243.0,CTL
60599,2018-08-06,-0.006904,6680080.0,CTL
60599,2018-08-07,-0.003209,10154782.0,CTL
60599,2018-08-08,-0.005365,8305164.0,CTL
60599,2018-08-09,0.131068,32316928.0,CTL
60599,2018-08-10,0.019552,16412732.0,CTL
60599,2018-08-13,0.023386,15206537.0,CTL
60599,2018-08-14,0.021938,12375243.0,CTL
60599,2018-08-15,0.004919,12893041.0,CTL
60599,2018-08-16,0.038273,15473463.0,CTL
60599,2018-08-17,0.006429,10552390.0,CTL
60599,2018-08-20,0.016184,10892734.0,CTL
60599,2018-08-21,0.005029,12579240.0,CTL
60599,2018-08-22,-0.065054,20487960.0,CTL
60599,2018-08-23,0.017395,10916381.0,CTL
60599,2018-08-24,-0.00263,10613032.0,CTL
60599,2018-08-27,0.005275,10007051.0,CTL
60599,2018-08-28,-0.016178,12972823.0,CTL
60599,2018-08-29,-0.007111,17479467.0,CTL
60599,2018-08-30,-0.005372,13840811.0,CTL
60599,2018-08-31,-0.01476,9931738.0,CTL
60599,2018-09-04,0.006554,11681647.0,CTL
60599,2018-09-05,0.006977,8412277.0,CTL
60599,2018-09-06,0.016166,11782603.0,CTL
60599,2018-09-07,-0.002727,6504015.0,CTL
60599,2018-09-10,-0.005925,6630369.0,CTL
60599,2018-09-11,0.032095,11009943.0,CTL
60599,2018-09-12,0.019103,8143777.0,CTL
60599,2018-09-13,-0.012642,6716613.0,CTL
60599,2018-09-14,0.003974,7708006.0,CTL
60599,2018-09-17,0.001759,6583624.0,CTL
60599,2018-09-18,0.016681,7281941.0,CTL
60599,2018-09-19,-0.018135,8144646.0,CTL
60599,2018-09-20,-0.007476,11568272.0,CTL
60599,2018-09-21,0.016394,26348239.0,CTL
60599,2018-09-24,-0.001744,6931056.0,CTL
60599,2018-09-25,-0.080786,29014266.0,CTL
60599,2018-09-26,-0.015202,15553681.0,CTL
60599,2018-09-27,0.007718,9128652.0,CTL
60599,2018-09-28,0.01484,8026199.0,CTL
60599,2018-10-01,0.011793,10053075.0,CTL
60599,2018-10-02,0.017716,9085198.0,CTL
60599,2018-10-03,0.002748,9350825.0,CTL
60599,2018-10-04,-0.000914,9452523.0,CTL
60599,2018-10-05,-0.000457,9260752.0,CTL
60599,2018-10-08,-0.027447,9766867.0,CTL
60599,2018-10-09,-0.010818,9436663.0,CTL
60599,2018-10-10,-0.005231,8112755.0,CTL
60599,2018-10-11,-0.037285,11434789.0,CTL
60599,2018-10-12,0.025819,6076257.0,CTL
60599,2018-10-15,0.00242,8020424.0,CTL
60599,2018-10-16,0.014003,6068758.0,CTL
60599,2018-10-17,0.007143,6479658.0,CTL
60599,2018-10-18,-0.005201,6156003.0,CTL
60599,2018-10-19,0.045152,11822844.0,CTL
60599,2018-10-22,-0.031833,9895444.0,CTL
60599,2018-10-23,0.009864,7619237.0,CTL
60599,2018-10-24,-0.030698,8623856.0,CTL
60599,2018-10-25,0.011036,9480177.0,CTL
60599,2018-10-26,-0.080683,17478315.0,CTL
60599,2018-10-29,0.020134,9886257.0,CTL
60599,2018-10-30,0.035425,9750361.0,CTL
60599,2018-10-31,0.008798,8973081.0,CTL
60599,2018-11-01,-0.002907,5873235.0,CTL
60599,2018-11-02,0.01895,8883414.0,CTL
60599,2018-11-05,0.001431,7544026.0,CTL
60599,2018-11-06,0.007143,7405142.0,CTL
60599,2018-11-07,0.01513,9418527.0,CTL
60599,2018-11-08,-0.018165,12055081.0,CTL
60599,2018-11-09,-0.102941,28675213.0,CTL
60599,2018-11-12,0.016922,10614262.0,CTL
60599,2018-11-13,-0.022881,11873076.0,CTL
60599,2018-11-14,0.014902,13144238.0,CTL
60599,2018-11-15,-0.005768,8878777.0,CTL
60599,2018-11-16,0.011076,10427602.0,CTL
60599,2018-11-19,-0.007303,12056735.0,CTL
60599,2018-11-20,-0.028376,13913715.0,CTL
60599,2018-11-21,-0.008112,15146642.0,CTL
60599,2018-11-23,0.004362,6138936.0,CTL
60599,2018-11-26,0.03132,17527442.0,CTL
60599,2018-11-27,0.00705,8228509.0,CTL
60599,2018-11-28,0.008616,9411970.0,CTL
60599,2018-11-29,-0.005873,6398744.0,CTL
60599,2018-11-30,0.009667,14201646.0,CTL
60599,2018-12-03,-0.000532,11059227.0,CTL
60599,2018-12-04,-0.050027,19280687.0,CTL
60599,2018-12-06,-0.020728,19866478.0,CTL
60599,2018-12-07,-0.000572,12155398.0,CTL
60599,2018-12-10,-0.024041,15764708.0,CTL
60599,2018-12-11,-0.004692,11191941.0,CTL
60599,2018-12-12,0.020625,15054700.0,CTL
60599,2018-12-13,-0.025404,10838819.0,CTL
60599,2018-12-14,0.007109,11319357.0,CTL
60599,2018-12-17,-0.038824,15270285.0,CTL
60599,2018-12-18,-0.000612,12231150.0,CTL
60599,2018-12-19,-0.015309,16545442.0,CTL
60599,2018-12-20,-0.037935,17569954.0,CTL
60599,2018-12-21,-0.036846,22330248.0,CTL
60599,2018-12-24,-0.025503,10915801.0,CTL
60599,2018-12-26,0.053719,16994639.0,CTL
60599,2018-12-27,-0.003268,16166172.0,CTL
60599,2018-12-28,0.001312,12124979.0,CTL
60599,2018-12-31,-0.007859,14358794.0,CTL
60599,2019-01-02,0.019142,10764276.0,CTL
60599,2019-01-03,0.004534,15131353.0,CTL
60599,2019-01-04,0.028369,14930318.0,CTL
60599,2019-01-07,0.021944,21000077.0,CTL
60599,2019-01-08,0.025767,10723422.0,CTL
60599,2019-01-09,-0.032895,17285781.0,CTL
60599,2019-01-10,-0.010513,13777900.0,CTL
60599,2019-01-11,0.016875,12742370.0,CTL
60599,2019-01-14,-0.003073,15267518.0,CTL
60599,2019-01-15,-0.001849,11461167.0,CTL
60599,2019-01-16,-0.012353,19379615.0,CTL
60599,2019-01-17,-0.04065,19253294.0,CTL
60599,2019-01-18,0.031943,16137107.0,CTL
60599,2019-01-22,-0.027795,12759441.0,CTL
60599,2019-01-23,-0.011696,10900226.0,CTL
60599,2019-01-24,-0.032873,20353120.0,CTL
60599,2019-01-25,0.019035,17039045.0,CTL
60599,2019-01-28,0.006671,14333858.0,CTL
60599,2019-01-29,-0.005964,10048552.0,CTL
60599,2019-01-30,-0.001333,11729833.0,CTL
60599,2019-01-31,0.022697,11275698.0,CTL
60599,2019-02-01,-0.004569,16533412.0,CTL
60599,2019-02-04,-0.014426,12370985.0,CTL
60599,2019-02-05,-0.02994,28680501.0,CTL
60599,2019-02-06,-0.015775,14971860.0,CTL
60599,2019-02-07,-0.016028,17017964.0,CTL
60599,2019-02-08,0.006374,11214655.0,CTL
60599,2019-02-11,-0.007037,15233487.0,CTL
60599,2019-02-12,0.031184,12343234.0,CTL
60599,2019-02-13,0.010309,23909616.0,CTL
60599,2019-02-14,-0.130612,86421861.0,CTL
60599,2019-02-15,0.075117,36191484.0,CTL
60599,2019-02-19,0.026201,19618425.0,CTL
60599,2019-02-20,-0.014185,14258903.0,CTL
60599,2019-02-21,-0.041007,17023659.0,CTL
60599,2019-02-22,0.008252,12510248.0,CTL
60599,2019-02-25,-0.020089,16674783.0,CTL
60599,2019-02-26,-0.014427,23853559.0,CTL
60599,2019-02-27,0.009245,11770257.0,CTL
60599,2019-02-28,0.00687,14081338.0,CTL
60599,2019-03-01,-0.016679,15583312.0,CTL
60599,2019-03-04,-0.063223,43411400.0,CTL
60599,2019-03-05,-0.014815,23572032.0,CTL
60599,2019-03-06,-0.034252,18259836.0,CTL
60599,2019-03-07,0.047578,25780582.0,CTL
60599,2019-03-08,0.01569,15539234.0,CTL
60599,2019-03-11,0.023577,16095775.0,CTL
60599,2019-03-12,-0.009724,14372394.0,CTL
60599,2019-03-13,-0.00982,15287381.0,CTL
60599,2019-03-14,-0.014876,12602425.0,CTL
60599,2019-03-15,0.014262,25034924.0,CTL
60599,2019-03-18,-0.001654,8572853.0,CTL
60599,2019-03-19,-0.013256,11126497.0,CTL
60599,2019-03-20,-0.00084,12736169.0,CTL
60599,2019-03-21,0.017647,14863595.0,CTL
60599,2019-03-22,0.004955,14364381.0,CTL
60599,2019-03-25,-0.012325,12217156.0,CTL
60599,2019-03-26,0.023295,10949223.0,CTL
60599,2019-03-27,-0.014634,8022039.0,CTL
60599,2019-03-28,-0.005776,6127238.0,CTL
60599,2019-03-29,-0.004979,9491234.0,CTL
60599,2019-04-01,0.031693,12138252.0,CTL
60599,2019-04-02,-0.019402,13310350.0,CTL
60599,2019-04-03,0.019786,8722748.0,CTL
60599,2019-04-04,0.001617,6916909.0,CTL
60599,2019-04-05,0.012914,16273713.0,CTL
60599,2019-04-08,-0.001594,8558357.0,CTL
60599,2019-04-09,-0.011173,7873249.0,CTL
60599,2019-04-10,0.012914,8055140.0,CTL
60599,2019-04-11,0.003187,7849734.0,CTL
60599,2019-04-12,-0.037331,11889948.0,CTL
60599,2019-04-15,-0.012376,11415169.0,CTL
60599,2019-04-16,0.023392,15016190.0,CTL
60599,2019-04-17,-0.011429,6889135.0,CTL
60599,2019-04-18,0.002477,9396111.0,CTL
60599,2019-04-22,-0.021417,16563109.0,CTL
60599,2019-04-23,-0.000842,13112830.0,CTL
60599,2019-04-24,-0.023589,12004680.0,CTL
60599,2019-04-25,-0.013805,10754381.0,CTL
60599,2019-04-26,0.016623,12893223.0,CTL
60599,2019-04-29,0.003442,8129615.0,CTL
60599,2019-04-30,-0.020583,10898456.0,CTL
60599,2019-05-01,-0.005254,8711414.0,CTL
60599,2019-05-02,0.005282,10071169.0,CTL
60599,2019-05-03,0.022767,7848048.0,CTL
60599,2019-05-06,-0.013699,9629505.0,CTL
60599,2019-05-07,-0.009549,16329270.0,CTL
60599,2019-05-08,0.001753,16355768.0,CTL
60599,2019-05-09,-0.049869,27458850.0,CTL
60599,2019-05-10,0.002762,11189708.0,CTL
60599,2019-05-13,-0.034894,19390551.0,CTL
60599,2019-05-14,0.046622,14838660.0,CTL
60599,2019-05-15,-0.004545,11889773.0,CTL
60599,2019-05-16,-0.027397,14660604.0,CTL
60599,2019-05-17,-0.005634,10552695.0,CTL
60599,2019-05-20,-0.043437,18718740.0,CTL
60599,2019-05-21,0.009872,10598946.0,CTL
60599,2019-05-22,-0.026393,12410493.0,CTL
60599,2019-05-23,-0.030121,13638878.0,CTL
60599,2019-05-24,0.046584,15554032.0,CTL
60599,2019-05-28,0.001978,17096948.0,CTL
60599,2019-05-29,0.025666,19413675.0,CTL
60599,2019-05-30,0.029836,28062558.0,CTL
60599,2019-05-31,0.0,18338643.0,CTL
60599,2019-06-03,-0.010526,16522103.0,CTL
60599,2019-06-04,0.000967,12599604.0,CTL
60599,2019-06-05,-0.017391,10917180.0,CTL
60599,2019-06-06,0.030482,10865584.0,CTL
60599,2019-06-07,0.005725,8047034.0,CTL
60599,2019-06-10,-0.019924,11059223.0,CTL
60599,2019-06-11,0.032914,12742187.0,CTL
60599,2019-06-12,0.009372,12741884.0,CTL
60599,2019-06-13,0.035283,14498463.0,CTL
60599,2019-06-14,-0.004484,9681523.0,CTL
60599,2019-06-17,0.014414,14432607.0,CTL
60599,2019-06-18,0.016874,12370438.0,CTL
60599,2019-06-19,-0.01048,11484012.0,CTL
60599,2019-06-20,0.001765,9432776.0,CTL
60599,2019-06-21,-0.000881,29562240.0,CTL
60599,2019-06-24,-0.0194,15178438.0,CTL
60599,2019-06-25,-0.033273,16681756.0,CTL
60599,2019-06-26,0.014884,8665887.0,CTL
60599,2019-06-27,0.066911,14638448.0,CTL
60599,2019-06-28,0.010309,18675368.0,CTL
60599,2019-07-01,-0.005102,12647219.0,CTL
60599,2019-07-02,-0.005128,9730873.0,CTL
60599,2019-07-03,0.00945,15235934.0,CTL
60599,2019-07-05,0.001702,5795443.0,CTL
60599,2019-07-08,-0.007647,13604296.0,CTL
60599,2019-07-09,0.008562,5848721.0,CTL
60599,2019-07-10,0.012734,8349477.0,CTL
60599,2019-07-11,0.011735,10760864.0,CTL
60599,2019-07-12,0.010771,6750808.0,CTL
60599,2019-07-15,0.004918,6854805.0,CTL
60599,2019-07-16,-0.008157,10891161.0,CTL
60599,2019-07-17,-0.030428,10658219.0,CTL
60599,2019-07-18,-0.033079,15470859.0,CTL
60599,2019-07-19,-0.002632,10688351.0,CTL
60599,2019-07-22,-0.025506,14410767.0,CTL
60599,2019-07-23,0.008123,11711248.0,CTL
60599,2019-07-24,0.026858,9327071.0,CTL
60599,2019-07-25,-0.000872,6878909.0,CTL
60599,2019-07-26,0.025305,6221057.0,CTL
60599,2019-07-29,0.001702,7255121.0,CTL
60599,2019-07-30,0.028887,13173161.0,CTL
60599,2019-07-31,-0.001651,11572446.0,CTL
60599,2019-08-01,-0.002481,11355693.0,CTL
60599,2019-08-02,-0.003317,9076549.0,CTL
60599,2019-08-05,-0.019135,10207701.0,CTL
60599,2019-08-06,0.013571,10833817.0,CTL
60599,2019-08-07,-0.030962,13692021.0,CTL
60599,2019-08-08,-0.075993,37874121.0,CTL
60599,2019-08-09,0.007477,12820642.0,CTL
60599,2019-08-12,0.038961,14970907.0,CTL
60599,2019-08-13,0.025,12657588.0,CTL
60599,2019-08-14,-0.016551,13150207.0,CTL
60599,2019-08-15,-0.064659,15091789.0,CTL
60599,2019-08-16,0.061553,11491997.0,CTL
60599,2019-08-19,0.028546,14485613.0,CTL
60599,2019-08-20,-0.023417,12676050.0,CTL
60599,2019-08-21,0.007993,6829851.0,CTL
60599,2019-08-22,0.019383,8711486.0,CTL
60599,2019-08-23,-0.031115,11602812.0,CTL
60599,2019-08-26,0.03479,6165722.0,CTL
60599,2019-08-27,-0.02069,11290431.0,CTL
60599,2019-08-28,0.017606,12226243.0,CTL
60599,2019-08-29,0.0,8016211.0,CTL
60599,2019-08-30,0.006189,8428188.0,CTL
60599,2019-09-03,0.012302,10689067.0,CTL
60599,2019-09-04,0.012153,9938570.0,CTL
60599,2019-09-05,0.017153,10834798.0,CTL
60599,2019-09-06,-0.005059,7122043.0,CTL
60599,2019-09-09,0.013559,10193367.0,CTL
60599,2019-09-10,0.053512,20445668.0,CTL
60599,2019-09-11,0.056349,22745929.0,CTL
60599,2019-09-12,0.016529,17361002.0,CTL
60599,2019-09-13,-0.046563,16283463.0,CTL
60599,2019-09-16,-0.00155,10268103.0,CTL
60599,2019-09-17,-0.005435,12949091.0,CTL
60599,2019-09-18,-0.000781,11995823.0,CTL
60599,2019-09-19,0.000781,9412190.0,CTL
60599,2019-09-20,-0.022639,18264337.0,CTL
60599,2019-09-23,0.031949,10638408.0,CTL
60599,2019-09-24,-0.014706,10091738.0,CTL
60599,2019-09-25,0.014925,7448961.0,CTL
60599,2019-09-26,-0.029412,8133728.0,CTL
60599,2019-09-27,-0.011962,13683830.0,CTL
60599,2019-09-30,0.007264,11936937.0,CTL
60599,2019-10-01,-0.028045,15135568.0,CTL
60599,2019-10-02,-0.049464,17016379.0,CTL
60599,2019-10-03,-0.002602,8882687.0,CTL
60599,2019-10-04,0.003478,9352069.0,CTL
60599,2019-10-07,-0.004333,13228393.0,CTL
60599,2019-10-08,-0.012185,12844364.0,CTL
60599,2019-10-09,0.006167,4881910.0,CTL
60599,2019-10-10,0.018389,7168881.0,CTL
60599,2019-10-11,0.008598,7310995.0,CTL
60599,2019-10-14,0.00682,7413239.0,CTL
60599,2019-10-15,0.025402,14073392.0,CTL
60599,2019-10-16,0.004955,12313916.0,CTL
60599,2019-10-17,-0.010682,6980570.0,CTL
60599,2019-10-18,0.033223,16497087.0,CTL
60599,2019-10-21,-0.002412,12333976.0,CTL
60599,2019-10-22,0.032232,12320246.0,CTL
60599,2019-10-23,0.021858,14978291.0,CTL
60599,2019-10-24,-0.024446,12557837.0,CTL
60599,2019-10-25,0.009397,6673518.0,CTL
60599,2019-10-28,0.003103,12479110.0,CTL
60599,2019-10-29,-0.006961,6394058.0,CTL
60599,2019-10-30,0.003894,9603905.0,CTL
60599,2019-10-31,0.003879,8728850.0,CTL
60599,2019-11-01,0.029366,11165815.0,CTL
60599,2019-11-04,0.024775,15181333.0,CTL
60599,2019-11-05,0.001465,14252291.0,CTL
60599,2019-11-06,-0.022677,23376699.0,CTL
60599,2019-11-07,0.113772,44688891.0,CTL
60599,2019-11-08,-0.006048,17107034.0,CTL
60599,2019-11-11,0.018256,17048479.0,CTL
60599,2019-11-12,-0.029217,18904346.0,CTL
60599,2019-11-13,0.018468,10782959.0,CTL
60599,2019-11-14,0.0,8293993.0,CTL
60599,2019-11-15,0.005373,9491898.0,CTL
60599,2019-11-18,0.0167,10524955.0,CTL
60599,2019-11-19,-0.009198,6754463.0,CTL
60599,2019-11-20,-0.013926,11132723.0,CTL
60599,2019-11-21,-0.001345,6989384.0,CTL
60599,2019-11-22,0.008081,5648573.0,CTL
60599,2019-11-25,-0.004008,11750368.0,CTL
60599,2019-11-26,-0.041583,21431814.0,CTL
60599,2019-11-27,0.018195,8294875.0,CTL
60599,2019-11-29,0.013058,5159373.0,CTL
60599,2019-12-02,-0.013113,9515855.0,CTL
60599,2019-12-03,-0.007692,10741978.0,CTL
60599,2019-12-04,0.004933,6705451.0,CTL
60599,2019-12-05,-0.008415,19762280.0,CTL
60599,2019-12-06,0.001414,8035088.0,CTL
60599,2019-12-09,0.000706,6862484.0,CTL
60599,2019-12-10,-0.002117,10586389.0,CTL
60599,2019-12-11,-0.009194,9143287.0,CTL
60599,2019-12-12,-0.019272,9825059.0,CTL
60599,2019-12-13,-0.010189,13354435.0,CTL
60599,2019-12-16,-0.001471,9478764.0,CTL
60599,2019-12-17,-0.033137,17537685.0,CTL
60599,2019-12-18,0.008378,10607490.0,CTL
60599,2019-12-19,0.006798,10798683.0,CTL
60599,2019-12-20,-0.008252,17258078.0,CTL
60599,2019-12-23,-0.002269,10928520.0,CTL
60599,2019-12-24,-0.002274,3427160.0,CTL
60599,2019-12-26,-0.003799,8356100.0,CTL
60599,2019-12-27,0.023646,9547585.0,CTL
60599,2019-12-30,-0.023845,7441547.0,CTL
60599,2019-12-31,0.008397,8941756.0,CTL
60599,2020-01-02,-0.021953,12653577.0,CTL
60599,2020-01-03,-0.025542,11252956.0,CTL
60599,2020-01-06,0.020651,17277575.0,CTL
60599,2020-01-07,-0.009339,18048744.0,CTL
60599,2020-01-08,0.019639,20761126.0,CTL
60599,2020-01-09,0.010786,10802617.0,CTL
60599,2020-01-10,-0.009909,8359351.0,CTL
60599,2020-01-13,0.007698,9129184.0,CTL
60599,2020-01-14,0.006875,12508630.0,CTL
60599,2020-01-15,-0.009105,8140049.0,CTL
60599,2020-01-16,0.038285,17802235.0,CTL
60599,2020-01-17,0.036873,15061718.0,CTL
60599,2020-01-21,0.046942,21275907.0,CTL
60599,2020-01-22,0.023777,26902346.0,CTL
60599,2020-01-23,-0.014599,9107588.0,CTL
60599,2020-01-24,-0.009428,10767141.0,CTL
60599,2020-01-27,-0.011557,8533503.0,CTL
60599,2020-01-28,-0.004814,8061054.0,CTL
60599,2020-01-29,-0.04423,9227757.0,CTL
60599,2020-01-30,0.003615,9595072.0,CTL
60599,2020-01-31,-0.01585,9330512.0,CTL
60599,2020-02-03,-0.004392,6356767.0,CTL
60599,2020-02-04,0.026471,7784527.0,CTL
60599,2020-02-05,0.032235,8168895.0,CTL
60599,2020-02-06,0.006246,7691654.0,CTL
60599,2020-02-07,0.002069,6845098.0,CTL
60599,2020-02-10,0.019271,11337688.0,CTL
60599,2020-02-11,0.008103,7141024.0,CTL
60599,2020-02-12,0.015405,17786403.0,CTL
60599,2020-02-13,-0.084433,29903615.0,CTL
60599,2020-02-14,0.001441,8816577.0,CTL
60599,2020-02-18,-0.040288,20971310.0,CTL
60599,2020-02-19,-0.00075,9368620.0,CTL
60599,2020-02-20,0.003001,9598281.0,CTL
60599,2020-02-21,-0.011219,7083220.0,CTL
60599,2020-02-24,-0.012859,7989913.0,CTL
60599,2020-02-25,-0.037548,11568090.0,CTL
60599,2020-02-26,0.015127,10896658.0,CTL
60599,2020-02-27,-0.052549,16264692.0,CTL
60599,2020-02-28,-0.000828,25301307.0,CTL
60599,2020-03-02,0.043082,16969005.0,CTL
60599,2020-03-03,-0.01112,11994077.0,CTL
60599,2020-03-04,0.014458,8847560.0,CTL
60599,2020-03-05,-0.005542,12252654.0,CTL
60599,2020-03-06,-0.02707,11375226.0,CTL
60599,2020-03-09,-0.142857,20273734.0,CTL
60599,2020-03-10,0.088694,13882626.0,CTL
60599,2020-03-11,-0.072516,15019019.0,CTL
60599,2020-03-12,-0.104247,16743773.0,CTL
60599,2020-03-13,0.090517,21022975.0,CTL
60599,2020-03-16,-0.033597,20759561.0,CTL
60599,2020-03-17,0.110429,19567321.0,CTL
60599,2020-03-18,-0.049724,17500024.0,CTL
60599,2020-03-19,-0.021318,13420850.0,CTL
60599,2020-03-20,-0.09901,21130871.0,CTL
60599,2020-03-23,-0.045055,18642221.0,CTL
60599,2020-03-24,0.144994,12836457.0,CTL
60599,2020-03-25,-0.090452,19658651.0,CTL
60599,2020-03-26,0.026519,14729558.0,CTL
60599,2020-03-27,-0.024758,18763703.0,CTL
60599,2020-03-30,0.086093,17308709.0,CTL
60599,2020-03-31,-0.038618,12839816.0,CTL
60599,2020-04-01,-0.070825,11837659.0,CTL
60599,2020-04-02,0.001138,14273759.0,CTL
60599,2020-04-03,0.035227,13572650.0,CTL
60599,2020-04-06,0.035126,15557956.0,CTL
60599,2020-04-07,0.007423,11522359.0,CTL
60599,2020-04-08,0.034737,11226656.0,CTL
60599,2020-04-09,0.083418,15495186.0,CTL
60599,2020-04-13,-0.051643,10747582.0,CTL
60599,2020-04-14,0.015842,11693678.0,CTL
60599,2020-04-15,-0.015595,11442403.0,CTL
60599,2020-04-16,-0.034654,9588435.0,CTL
60599,2020-04-17,0.051282,10458163.0,CTL
60599,2020-04-20,-0.010732,10635493.0,CTL
60599,2020-04-21,-0.042406,11475267.0,CTL
60599,2020-04-22,-0.00103,9982211.0,CTL
60599,2020-04-23,0.024742,12442533.0,CTL
60599,2020-04-24,0.027163,8292607.0,CTL
60599,2020-04-27,0.012733,6501227.0,CTL
60599,2020-04-28,0.026112,7205526.0,CTL
60599,2020-04-29,0.038643,11283715.0,CTL
60599,2020-04-30,-0.036298,8131183.0,CTL
60599,2020-05-01,-0.042373,8508417.0,CTL
60599,2020-05-04,-0.013766,6991377.0,CTL
60599,2020-05-05,-0.001994,10611227.0,CTL
60599,2020-05-06,-0.012987,18600655.0,CTL
60599,2020-05-07,-0.036437,17726203.0,CTL
60599,2020-05-08,0.044118,12027870.0,CTL
60599,2020-05-11,-0.027163,12582467.0,CTL
60599,2020-05-12,0.006205,9064492.0,CTL
60599,2020-05-13,-0.055499,15795466.0,CTL
60599,2020-05-14,0.0,12561591.0,CTL
60599,2020-05-15,0.008705,11185735.0,CTL
60599,2020-05-18,0.045307,8970266.0,CTL
60599,2020-05-19,-0.011352,9411501.0,CTL
60599,2020-05-20,0.033403,14146213.0,CTL
60599,2020-05-21,-0.019192,13711340.0,CTL
60599,2020-05-22,0.011329,6343969.0,CTL
60599,2020-05-26,0.015275,12863762.0,CTL
60599,2020-05-27,0.032096,14913782.0,CTL
60599,2020-05-28,-0.011662,9422566.0,CTL
60599,2020-05-29,-0.00885,23211743.0,CTL
60599,2020-06-01,0.031536,12530010.0,CTL
60599,2020-06-02,0.009862,9906093.0,CTL
60599,2020-06-03,0.036133,12509628.0,CTL
60599,2020-06-04,-0.000942,12411130.0,CTL
60599,2020-06-05,0.019811,14387300.0,CTL
60599,2020-06-08,0.051804,9441542.0,CTL
60599,2020-06-09,-0.031662,10078382.0,CTL
60599,2020-06-10,-0.027248,13514995.0,CTL
60599,2020-06-11,-0.089636,17080107.0,CTL
60599,2020-06-12,0.033846,10861062.0,CTL
60599,2020-06-15,0.006944,16685619.0,CTL
60599,2020-06-16,0.029557,10097779.0,CTL
60599,2020-06-17,-0.02201,7445715.0,CTL
60599,2020-06-18,-0.006849,7783794.0,CTL
60599,2020-06-19,0.0,25693463.0,CTL
60599,2020-06-22,0.0,7943474.0,CTL
60599,2020-06-23,-0.004926,8665882.0,CTL
60599,2020-06-24,-0.035644,11627878.0,CTL
60599,2020-06-25,0.030801,9189782.0,CTL
60599,2020-06-26,-0.052789,16876132.0,CTL
60599,2020-06-29,0.029443,8920287.0,CTL
60599,2020-06-30,0.024515,14155747.0,CTL
60599,2020-07-01,-0.015952,9137140.0,CTL
60599,2020-07-02,-0.008105,9556256.0,CTL
60599,2020-07-06,0.019408,10362955.0,CTL
60599,2020-07-07,-0.008016,7672576.0,CTL
60599,2020-07-08,-0.010101,9288933.0,CTL
60599,2020-07-09,-0.017347,8715760.0,CTL
60599,2020-07-10,0.029076,8884933.0,CTL
60599,2020-07-13,-0.023209,10834252.0,CTL
60599,2020-07-14,0.021694,9871612.0,CTL
60599,2020-07-15,-0.0182,11117995.0,CTL
60599,2020-07-16,0.022657,9554661.0,CTL
60599,2020-07-17,-0.013092,7869846.0,CTL
60599,2020-07-20,-0.016327,7073679.0,CTL
60599,2020-07-21,0.009336,7663952.0,CTL
60599,2020-07-22,0.00925,6597775.0,CTL
60599,2020-07-23,0.017312,10993757.0,CTL
60599,2020-07-24,0.01001,11647782.0,CTL
60599,2020-07-27,-0.038652,16208094.0,CTL
60599,2020-07-28,0.019588,12668540.0,CTL
60599,2020-07-29,-0.005056,7818259.0,CTL
60599,2020-07-30,-0.010163,9164248.0,CTL
60599,2020-07-31,-0.00924,32421006.0,CTL
60599,2020-08-03,0.015544,8852349.0,CTL
60599,2020-08-04,0.008163,9229488.0,CTL
60599,2020-08-05,-0.004049,12628743.0,CTL
60599,2020-08-06,0.073171,29837158.0,CTL
60599,2020-08-07,-0.006629,11322453.0,CTL
60599,2020-08-10,0.035272,13295985.0,CTL
60599,2020-08-11,0.016575,18722660.0,CTL
60599,2020-08-12,-0.022645,14064941.0,CTL
60599,2020-08-13,0.005561,11274300.0,CTL
60599,2020-08-14,0.020276,12123689.0,CTL
60599,2020-08-17,-0.02439,11639850.0,CTL
60599,2020-08-18,0.009259,7282676.0,CTL
60599,2020-08-19,0.03578,17753334.0,CTL
60599,2020-08-20,-0.025686,12799646.0,CTL
60599,2020-08-21,0.000909,10283642.0,CTL
60599,2020-08-24,0.037239,11571820.0,CTL
60599,2020-08-25,-0.018389,8958075.0,CTL
60599,2020-08-26,0.001784,7226532.0,CTL
60599,2020-08-27,0.009795,9019366.0,CTL
60599,2020-08-28,-0.008818,9333155.0,CTL
60599,2020-08-31,-0.021838,14297116.0,CTL
60599,2020-09-01,-0.009302,10542068.0,CTL
60599,2020-09-02,0.025352,9448735.0,CTL
60599,2020-09-03,-0.013736,10803527.0,CTL
60599,2020-09-04,-0.000929,9485963.0,CTL
60599,2020-09-08,-0.010223,8511180.0,CTL
60599,2020-09-09,0.019718,9345580.0,CTL
60599,2020-09-10,-0.028545,13596671.0,CTL
60599,2020-09-11,0.009479,10328747.0,CTL
60599,2020-09-14,0.020657,11982082.0,CTL
60599,2020-09-15,0.01104,9086676.0,CTL
60599,2020-09-16,0.00091,8667385.0,CTL
60599,2020-09-17,0.0,8538831.0,CTL
60599,2020-09-18,-0.020909,9867851.0,CTL
60599,2020-09-21,-0.047354,11473707.0,CTL
60599,2020-09-22,0.0,7852526.0,CTL
60599,2020-09-23,-0.020468,9110690.0,CTL
60599,2020-09-24,0.008955,7261877.0,CTL
60599,2020-09-25,0.006903,4969771.0,CTL
60599,2020-09-28,0.006856,5795726.0,CTL
60599,2020-09-29,-0.005837,4760829.0,CTL
60599,2020-09-30,-0.01272,10412303.0,CTL
60599,2020-10-01,-0.013875,9934924.0,CTL
60599,2020-10-02,0.00804,7683981.0,CTL
60599,2020-10-05,0.002991,8382091.0,CTL
60599,2020-10-06,-0.016899,7018555.0,CTL
60599,2020-10-07,0.019211,9221094.0,CTL
60599,2020-10-08,0.00496,5846749.0,CTL
60599,2020-10-09,-0.001974,4588441.0,CTL
60599,2020-10-12,-0.007913,8161309.0,CTL
60599,2020-10-13,-0.014955,8923007.0,CTL
60599,2020-10-14,-0.008097,7559961.0,CTL
60599,2020-10-15,0.013265,7606940.0,CTL
60599,2020-10-16,-0.007049,5226378.0,CTL
60599,2020-10-19,-0.025355,11360964.0,CTL
60599,2020-10-20,0.001041,8634872.0,CTL
60599,2020-10-21,0.004158,8940118.0,CTL
60599,2020-10-22,0.00207,12042872.0,CTL
60599,2020-10-23,-0.007231,7411721.0,CTL
60599,2020-10-26,-0.037461,13554061.0,CTL
60599,2020-10-27,-0.031351,12182999.0,CTL
60599,2020-10-28,-0.027902,12436673.0,CTL
60599,2020-10-29,-0.004592,12001630.0,CTL
60599,2020-10-30,-0.005767,11144145.0,CTL
60599,2020-11-02,0.030162,13357986.0,CTL
60599,2020-11-03,0.025901,10728324.0,CTL
60599,2020-11-04,-0.034029,17473494.0,CTL
60599,2020-11-05,0.054545,25046550.0,CTL
60599,2020-11-06,-0.020474,12335629.0,CTL
60599,2020-11-09,0.017602,19468645.0,CTL
60599,2020-11-10,0.058378,17308011.0,CTL
60599,2020-11-11,-0.012257,10195084.0,CTL
60599,2020-11-12,-0.005171,8412179.0,CTL
60599,2020-11-13,0.023909,5632454.0,CTL
60599,2020-11-16,0.022335,9663430.0,CTL
60599,2020-11-17,0.006951,9659316.0,CTL
60599,2020-11-18,-0.019724,8031449.0,CTL
60599,2020-11-19,-0.012072,9530193.0,CTL
60599,2020-11-20,0.022403,14069451.0,CTL
60599,2020-11-23,0.042829,12037257.0,CTL
60599,2020-11-24,0.04107,13541761.0,CTL
60599,2020-11-25,-0.011927,9089600.0,CTL
60599,2020-11-27,-0.005571,4241449.0,CTL
60599,2020-11-30,-0.000956,10618829.0,CTL
60599,2020-12-01,0.009569,11116632.0,CTL
60599,2020-12-02,-0.004739,6176653.0,CTL
60599,2020-12-03,0.000952,6968181.0,CTL
60599,2020-12-04,0.004757,8411115.0,CTL
60599,2020-12-07,-0.066288,21218322.0,CTL
60599,2020-12-08,0.043611,16039185.0,CTL
60599,2020-12-09,0.015549,13571650.0,CTL
60599,2020-12-10,-0.040191,14166346.0,CTL
60599,2020-12-11,0.015952,11492502.0,CTL
60599,2020-12-14,0.022571,13700322.0,CTL
60599,2020-12-15,0.007678,10795388.0,CTL
60599,2020-12-16,-0.014286,9330190.0,CTL
60599,2020-12-17,-0.009662,11629963.0,CTL
60599,2020-12-18,-0.008781,22170810.0,CTL
60599,2020-12-21,-0.023622,17636743.0,CTL
60599,2020-12-22,-0.014113,13103268.0,CTL
60599,2020-12-23,0.01227,9480223.0,CTL
60599,2020-12-24,-0.00404,4775267.0,CTL
60599,2020-12-28,-0.002028,9972608.0,CTL
60599,2020-12-29,-0.005081,9508505.0,CTL
60599,2020-12-30,-0.00715,8638276.0,CTL
60599,2020-12-31,0.003086,10278047.0,CTL
60599,2021-01-04,-0.003077,13251016.0,CTL
60599,2021-01-05,0.021605,11260551.0,CTL
60599,2021-01-06,0.060423,16735689.0,CTL
60599,2021-01-07,-0.001899,9987893.0,CTL
60599,2021-01-08,0.001903,9418879.0,CTL
60599,2021-01-11,0.00095,8800269.0,CTL
60599,2021-01-12,0.017078,12304418.0,CTL
60599,2021-01-13,0.00653,8122311.0,CTL
60599,2021-01-14,0.04912,13279547.0,CTL
60599,2021-01-15,0.009717,15472359.0,CTL
60599,2021-01-19,-0.032371,16361629.0,CTL
60599,2021-01-20,0.0,8519093.0,CTL
60599,2021-01-21,0.002712,8858434.0,CTL
60599,2021-01-22,0.007214,7609245.0,CTL
60599,2021-01-25,0.019696,13776696.0,CTL
60599,2021-01-26,0.280948,60245801.0,CTL
60599,2021-01-27,0.052776,76790107.0,CTL
60599,2021-01-28,-0.224609,54114134.0,CTL
60599,2021-01-29,0.039463,19307858.0,CTL
