final_cik,breach_date,treated,outcome_cik,accession,filing_date,win_lo,win_hi
4904,2018-12-09,0,4904,0000004904-19-000042,2019-09-18,2016-12-09,2019-10-23
4904,2018-12-09,0,4904,0000004904-17-000017,2017-02-27,2016-12-09,2019-10-23
4904,2019-02-18,0,4904,0000004904-19-000042,2019-09-18,2017-02-18,2019-10-23
4904,2019-02-18,0,4904,0000004904-17-000017,2017-02-27,2017-02-18,2019-10-23
8670,2013-04-29,0,8670,0000950142-13-001766,2013-08-07,2011-04-30,2013-12-01
8670,2013-04-29,0,8670,0000950142-12-002159,2012-11-13,2011-04-30,2013-12-01
8670,2013-04-29,0,8670,0001171843-12-003874,2012-11-01,2011-04-30,2013-12-01
8670,2013-04-29,0,8670,0000950142-11-002022,2011-12-15,2011-04-30,2013-12-01
8670,2013-04-29,0,8670,0000950142-11-002020,2011-12-14,2011-04-30,2013-12-01
8670,2013-04-29,0,8670,0000950142-11-001898,2011-11-15,2011-04-30,2013-12-01
8670,2013-04-29,0,8670,0000008670-11-000024,2011-11-09,2011-04-30,2013-12-01
8670,2013-04-29,0,8670,0000950142-11-001656,2011-09-23,2011-04-30,2013-12-01
8670,2013-04-29,0,8670,0000950142-11-001591,2011-09-12,2011-04-30,2013-12-01
8670,2013-04-29,0,8670,0000008670-11-000020,2011-08-10,2011-04-30,2013-12-01
8670,2013-04-29,0,8670,0000950142-11-001005,2011-05-19,2011-04-30,2013-12-01
12927,2016-11-21,0,12927,0000012927-17-000040,2017-06-28,2014-11-22,2017-08-08
12927,2016-11-21,0,12927,0000012927-16-000165,2016-11-21,2014-11-22,2017-08-08
12927,2016-11-21,0,12927,0000012927-16-000147,2016-10-14,2014-11-22,2017-08-08
12927,2016-11-21,0,12927,0000012927-16-000105,2016-02-23,2014-11-22,2017-08-08
12927,2016-11-21,0,12927,0000012927-15-000083,2015-12-15,2014-11-22,2017-08-08
12927,2016-11-21,0,12927,0000012927-15-000061,2015-08-13,2014-11-22,2017-08-08
12927,2016-11-21,0,12927,0000012927-15-000035,2015-06-23,2014-11-22,2017-08-08
12927,2016-11-21,0,12927,0000012927-15-000004,2015-02-10,2014-11-22,2017-08-08
12927,2016-11-21,0,12927,0000012927-14-000070,2014-12-19,2014-11-22,2017-08-08
14693,2020-07-28,0,14693,0000014693-21-000051,2021-05-10,2018-07-29,2021-09-28
14693,2020-07-28,0,14693,0000014693-21-000042,2021-05-03,2018-07-29,2021-09-28
14693,2020-07-28,0,14693,0000014693-21-000038,2021-04-15,2018-07-29,2021-09-28
14693,2020-07-28,0,14693,0000014693-21-000010,2021-01-27,2018-07-29,2021-09-28
14693,2020-07-28,0,14693,0000014693-20-000062,2020-06-10,2018-07-29,2021-09-28
14693,2020-07-28,0,14693,0000014693-19-000171,2019-09-12,2018-07-29,2021-09-28
14693,2020-07-28,0,14693,0000014693-19-000016,2019-03-29,2018-07-29,2021-09-28
14693,2020-07-28,0,14693,0000014693-18-000173,2018-11-16,2018-07-29,2021-09-28
18926,2013-12-27,1,18926,0001193125-14-221590,2014-06-02,2011-12-28,2014-11-24
18926,2013-12-27,1,18926,0001193125-13-124519,2013-03-25,2011-12-28,2014-11-24
18926,2013-12-27,1,18926,0001193125-13-012088,2013-01-14,2011-12-28,2014-11-24
18926,2013-12-27,1,18926,0001193125-12-134562,2012-03-27,2011-12-28,2014-11-24
18926,2017-01-30,1,18926,0001193125-17-191355,2017-06-01,2015-01-31,2017-08-19
18926,2017-01-30,1,18926,0001193125-17-053977,2017-02-23,2015-01-31,2017-08-19
18926,2017-01-30,1,18926,0001193125-16-436965,2016-01-25,2015-01-31,2017-08-19
18926,2017-01-30,1,18926,0001193125-15-378521,2015-11-16,2015-01-31,2017-08-19
18926,2017-01-30,1,18926,0001193125-15-210785,2015-06-02,2015-01-31,2017-08-19
18926,2017-01-30,1,18926,0001193125-15-197966,2015-05-22,2015-01-31,2017-08-19
18926,2017-02-28,1,18926,0001193125-17-191355,2017-06-01,2015-03-01,2017-08-27
18926,2017-02-28,1,18926,0001193125-17-053977,2017-02-23,2015-03-01,2017-08-27
18926,2017-02-28,1,18926,0001193125-16-436965,2016-01-25,2015-03-01,2017-08-27
18926,2017-02-28,1,18926,0001193125-15-378521,2015-11-16,2015-03-01,2017-08-27
18926,2017-02-28,1,18926,0001193125-15-210785,2015-06-02,2015-03-01,2017-08-27
18926,2017-02-28,1,18926,0001193125-15-197966,2015-05-22,2015-03-01,2017-08-27
18926,2020-08-20,1,18926,0001193125-21-056971,2021-02-25,2018-08-21,2021-03-24
18926,2020-08-20,1,18926,0001193125-21-011905,2021-01-20,2018-08-21,2021-03-24
18926,2020-08-20,1,18926,0001193125-20-150103,2020-05-22,2018-08-21,2021-03-24
18926,2020-08-20,1,18926,0001193125-19-325996,2019-12-30,2018-08-21,2021-03-24
18926,2020-08-20,1,18926,0001193125-18-319718,2018-11-07,2018-08-21,2021-03-24
18926,2020-08-20,1,18926,0001193125-18-319714,2018-11-07,2018-08-21,2021-03-24
18926,2020-08-20,1,18926,0001193125-18-281219,2018-09-24,2018-08-21,2021-03-24
18926,2022-03-15,1,18926,0001193125-22-243230,2022-09-13,2020-03-15,2022-10-18
18926,2022-03-15,1,18926,0001193125-22-085992,2022-03-28,2020-03-15,2022-10-18
18926,2022-03-15,1,18926,0001193125-21-056971,2021-02-25,2020-03-15,2022-10-18
18926,2022-03-15,1,18926,0001193125-21-011905,2021-01-20,2020-03-15,2022-10-18
18926,2022-03-15,1,18926,0001193125-20-150103,2020-05-22,2020-03-15,2022-10-18
20520,2022-02-24,1,20520,0001140361-22-023997,2022-06-24,2020-02-25,2022-10-31
20520,2022-02-24,1,20520,0000020520-21-000008,2021-07-30,2020-02-25,2022-10-31
20520,2022-02-24,1,20520,0001193125-21-205666,2021-07-01,2020-02-25,2022-10-31
20520,2022-02-24,1,20520,0001193125-21-179930,2021-06-02,2020-02-25,2022-10-31
20520,2022-02-24,1,20520,0001140361-21-015200,2021-04-30,2020-02-25,2022-10-31
20520,2022-02-24,1,20520,0001140361-21-005386,2021-02-18,2020-02-25,2022-10-31
20520,2022-02-24,1,20520,0001140361-20-028400,2020-12-15,2020-02-25,2022-10-31
20520,2022-02-24,1,20520,0001140361-20-020249,2020-09-11,2020-02-25,2022-10-31
20520,2022-02-24,1,20520,0001193125-20-050127,2020-02-26,2020-02-25,2022-10-31
20520,2023-12-18,1,20520,0001140361-24-026861,2024-05-20,2021-12-18,2024-12-09
20520,2023-12-18,1,20520,0000950157-24-000104,2024-02-05,2021-12-18,2024-12-09
20520,2023-12-18,1,20520,0001140361-22-023997,2022-06-24,2021-12-18,2024-12-09
20520,2024-04-13,1,20520,0001140361-24-026861,2024-05-20,2022-04-14,2024-12-03
20520,2024-04-13,1,20520,0000950157-24-000104,2024-02-05,2022-04-14,2024-12-03
20520,2024-04-13,1,20520,0001140361-22-023997,2022-06-24,2022-04-14,2024-12-03
20520,2024-06-10,1,20520,0001140361-24-026861,2024-05-20,2022-06-11,2024-12-07
20520,2024-06-10,1,20520,0000950157-24-000104,2024-02-05,2022-06-11,2024-12-07
20520,2024-06-10,1,20520,0001140361-22-023997,2022-06-24,2022-06-11,2024-12-07
27904,2017-09-01,0,27904,0001683168-18-001046,2018-04-20,2015-09-02,2018-10-10
27904,2017-09-01,0,27904,0001683168-17-002723,2017-10-23,2015-09-02,2018-10-10
27904,2017-09-01,0,27904,0001683168-17-000876,2017-04-11,2015-09-02,2018-10-10
27904,2017-09-01,0,27904,0001683168-17-000167,2017-01-26,2015-09-02,2018-10-10
27904,2017-09-01,0,27904,0001683168-16-000288,2016-10-11,2015-09-02,2018-10-10
27904,2017-09-01,0,27904,0001019687-16-006642,2016-06-10,2015-09-02,2018-10-10
27904,2017-09-01,0,27904,0001019687-16-005064,2016-02-05,2015-09-02,2018-10-10
27904,2017-09-26,0,27904,0001683168-18-001046,2018-04-20,2015-09-27,2018-10-10
27904,2017-09-26,0,27904,0001683168-17-002723,2017-10-23,2015-09-27,2018-10-10
27904,2017-09-26,0,27904,0001683168-17-000876,2017-04-11,2015-09-27,2018-10-10
27904,2017-09-26,0,27904,0001683168-17-000167,2017-01-26,2015-09-27,2018-10-10
27904,2017-09-26,0,27904,0001683168-16-000288,2016-10-11,2015-09-27,2018-10-10
27904,2017-09-26,0,27904,0001019687-16-006642,2016-06-10,2015-09-27,2018-10-10
27904,2017-09-26,0,27904,0001019687-16-005064,2016-02-05,2015-09-27,2018-10-10
27996,2019-08-13,0,27996,0000027996-20-000020,2020-02-20,2017-08-13,2020-03-01
27996,2019-08-13,0,27996,0000027996-19-000085,2019-07-22,2017-08-13,2020-03-01
27996,2019-08-13,0,27996,0000027996-19-000082,2019-06-18,2017-08-13,2020-03-01
27996,2019-08-13,0,27996,0000027996-19-000039,2019-03-12,2017-08-13,2020-03-01
27996,2019-08-13,0,27996,0000027996-19-000012,2019-01-25,2017-08-13,2020-03-01
27996,2019-08-13,0,27996,0001140361-18-042450,2018-11-06,2017-08-13,2020-03-01
27996,2019-08-13,0,27996,0001140361-18-019659,2018-04-26,2017-08-13,2020-03-01
33185,2014-01-31,0,33185,0001144204-14-029598,2014-05-12,2012-02-01,2014-09-01
33185,2014-01-31,0,33185,0001144204-13-055259,2013-10-15,2012-02-01,2014-09-01
33185,2014-01-31,0,33185,0001144204-13-027066,2013-05-08,2012-02-01,2014-09-01
33185,2014-01-31,0,33185,0001144204-12-058285,2012-10-29,2012-02-01,2014-09-01
33185,2014-01-31,0,33185,0001144204-12-009385,2012-02-15,2012-02-01,2014-09-01
33185,2016-01-01,0,33185,0001193125-17-320321,2017-10-26,2014-01-01,2017-11-11
33185,2016-01-01,0,33185,0001193125-17-301130,2017-10-02,2014-01-01,2017-11-11
33185,2016-01-01,0,33185,0001193125-17-293765,2017-09-26,2014-01-01,2017-11-11
33185,2016-01-01,0,33185,0001193125-16-771552,2016-11-18,2014-01-01,2017-11-11
33185,2016-01-01,0,33185,0001193125-16-713479,2016-09-19,2014-01-01,2017-11-11
33185,2016-01-01,0,33185,0001144204-14-029598,2014-05-12,2014-01-01,2017-11-11
33185,2016-04-18,0,33185,0001193125-17-320321,2017-10-26,2014-04-19,2018-01-17
33185,2016-04-18,0,33185,0001193125-17-301130,2017-10-02,2014-04-19,2018-01-17
33185,2016-04-18,0,33185,0001193125-17-293765,2017-09-26,2014-04-19,2018-01-17
33185,2016-04-18,0,33185,0001193125-16-771552,2016-11-18,2014-04-19,2018-01-17
33185,2016-04-18,0,33185,0001193125-16-713479,2016-09-19,2014-04-19,2018-01-17
33185,2016-04-18,0,33185,0001144204-14-029598,2014-05-12,2014-04-19,2018-01-17
33185,2017-03-09,0,33185,0001193125-17-320321,2017-10-26,2015-03-10,2017-11-15
33185,2017-03-09,0,33185,0001193125-17-301130,2017-10-02,2015-03-10,2017-11-15
33185,2017-03-09,0,33185,0001193125-17-293765,2017-09-26,2015-03-10,2017-11-15
33185,2017-03-09,0,33185,0001193125-16-771552,2016-11-18,2015-03-10,2017-11-15
33185,2017-03-09,0,33185,0001193125-16-713479,2016-09-19,2015-03-10,2017-11-15
40704,2022-11-18,0,40704,0001193125-23-137156,2023-05-05,2020-11-18,2023-07-11
40704,2022-11-18,0,40704,0001193125-22-255620,2022-09-30,2020-11-18,2023-07-11
40704,2022-11-18,0,40704,0001193125-22-185819,2022-06-30,2020-11-18,2023-07-11
40704,2022-11-18,0,40704,0001193125-21-350290,2021-12-07,2020-11-18,2023-07-11
40704,2022-11-18,0,40704,0001564590-21-037515,2021-07-22,2020-11-18,2023-07-11
43196,2016-02-16,0,43196,0001437749-17-000933,2017-01-20,2014-02-16,2017-02-27
43196,2016-02-16,0,43196,0001437749-16-038936,2016-09-21,2014-02-16,2017-02-27
43196,2016-02-16,0,43196,0001437749-16-034694,2016-06-30,2014-02-16,2017-02-27
43196,2016-02-16,0,43196,0001437749-16-024501,2016-02-02,2014-02-16,2017-02-27
43196,2016-02-16,0,43196,0001437749-15-014446,2015-07-31,2014-02-16,2017-02-27
43196,2016-08-08,0,43196,0001437749-17-000933,2017-01-20,2014-08-09,2017-02-27
43196,2016-08-08,0,43196,0001437749-16-038936,2016-09-21,2014-08-09,2017-02-27
43196,2016-08-08,0,43196,0001437749-16-034694,2016-06-30,2014-08-09,2017-02-27
43196,2016-08-08,0,43196,0001437749-16-024501,2016-02-02,2014-08-09,2017-02-27
43196,2016-08-08,0,43196,0001437749-15-014446,2015-07-31,2014-08-09,2017-02-27
43196,2021-09-01,0,43196,0001437749-22-011229,2022-05-06,2019-09-02,2022-08-20
43196,2021-09-01,0,43196,0001437749-22-004783,2022-03-01,2019-09-02,2022-08-20
43196,2021-09-01,0,43196,0001193125-21-057034,2021-02-25,2019-09-02,2022-08-20
47111,2023-09-03,0,47111,0000047111-23-000006,2023-02-06,2021-09-03,2024-06-04
47217,2007-07-01,0,47217,0001104659-08-004386,2008-01-24,2005-07-01,2008-02-12
47217,2007-07-01,0,47217,0001104659-07-041277,2007-05-18,2005-07-01,2008-02-12
47217,2007-07-01,0,47217,0001104659-07-003960,2007-01-23,2005-07-01,2008-02-12
47217,2007-07-01,0,47217,0001104659-06-080577,2006-12-11,2005-07-01,2008-02-12
47217,2007-07-01,0,47217,0001104659-06-078068,2006-11-28,2005-07-01,2008-02-12
47217,2007-07-01,0,47217,0001104659-06-075980,2006-11-17,2005-07-01,2008-02-12
47217,2007-07-01,0,47217,0001104659-06-062623,2006-09-22,2005-07-01,2008-02-12
47217,2007-07-01,0,47217,0001104659-06-060568,2006-09-12,2005-07-01,2008-02-12
47217,2007-07-01,0,47217,0001104659-06-036450,2006-05-22,2005-07-01,2008-02-12
47217,2007-07-01,0,47217,0001104659-06-002894,2006-01-19,2005-07-01,2008-02-12
47217,2007-07-01,0,47217,0001104659-05-057353,2005-11-23,2005-07-01,2008-02-12
47217,2007-07-01,0,47217,0000047217-05-000167,2005-09-28,2005-07-01,2008-02-12
47217,2007-08-16,0,47217,0001104659-08-004386,2008-01-24,2005-08-16,2008-02-12
47217,2007-08-16,0,47217,0001104659-07-041277,2007-05-18,2005-08-16,2008-02-12
47217,2007-08-16,0,47217,0001104659-07-003960,2007-01-23,2005-08-16,2008-02-12
47217,2007-08-16,0,47217,0001104659-06-080577,2006-12-11,2005-08-16,2008-02-12
47217,2007-08-16,0,47217,0001104659-06-078068,2006-11-28,2005-08-16,2008-02-12
47217,2007-08-16,0,47217,0001104659-06-075980,2006-11-17,2005-08-16,2008-02-12
47217,2007-08-16,0,47217,0001104659-06-062623,2006-09-22,2005-08-16,2008-02-12
47217,2007-08-16,0,47217,0001104659-06-060568,2006-09-12,2005-08-16,2008-02-12
47217,2007-08-16,0,47217,0001104659-06-036450,2006-05-22,2005-08-16,2008-02-12
47217,2007-08-16,0,47217,0001104659-06-002894,2006-01-19,2005-08-16,2008-02-12
47217,2007-08-16,0,47217,0001104659-05-057353,2005-11-23,2005-08-16,2008-02-12
47217,2007-08-16,0,47217,0000047217-05-000167,2005-09-28,2005-08-16,2008-02-12
47217,2008-12-04,0,47217,0000047217-09-000003,2009-01-20,2006-12-05,2009-06-02
47217,2008-12-04,0,47217,0001104659-08-060212,2008-09-24,2006-12-05,2009-06-02
47217,2008-12-04,0,47217,0001104659-08-055465,2008-08-27,2006-12-05,2009-06-02
47217,2008-12-04,0,47217,0000047217-08-000117,2008-05-20,2006-12-05,2009-06-02
47217,2008-12-04,0,47217,0001104659-08-004386,2008-01-24,2006-12-05,2009-06-02
47217,2008-12-04,0,47217,0001104659-07-041277,2007-05-18,2006-12-05,2009-06-02
47217,2008-12-04,0,47217,0001104659-07-003960,2007-01-23,2006-12-05,2009-06-02
47217,2008-12-04,0,47217,0001104659-06-080577,2006-12-11,2006-12-05,2009-06-02
47217,2008-12-08,0,47217,0000047217-09-000003,2009-01-20,2006-12-09,2009-06-06
47217,2008-12-08,0,47217,0001104659-08-060212,2008-09-24,2006-12-09,2009-06-06
47217,2008-12-08,0,47217,0001104659-08-055465,2008-08-27,2006-12-09,2009-06-06
47217,2008-12-08,0,47217,0000047217-08-000117,2008-05-20,2006-12-09,2009-06-06
47217,2008-12-08,0,47217,0001104659-08-004386,2008-01-24,2006-12-09,2009-06-06
47217,2008-12-08,0,47217,0001104659-07-041277,2007-05-18,2006-12-09,2009-06-06
47217,2008-12-08,0,47217,0001104659-07-003960,2007-01-23,2006-12-09,2009-06-06
47217,2008-12-08,0,47217,0001104659-06-080577,2006-12-11,2006-12-09,2009-06-06
47217,2010-02-09,0,47217,0001047469-10-007177,2010-08-06,2008-02-10,2010-08-08
47217,2010-02-09,0,47217,0001104659-10-015887,2010-03-23,2008-02-10,2010-08-08
47217,2010-02-09,0,47217,0000047217-09-000032,2009-09-17,2008-02-10,2010-08-08
47217,2010-02-09,0,47217,0000047217-09-000003,2009-01-20,2008-02-10,2010-08-08
47217,2010-02-09,0,47217,0001104659-08-060212,2008-09-24,2008-02-10,2010-08-08
47217,2010-02-09,0,47217,0001104659-08-055465,2008-08-27,2008-02-10,2010-08-08
47217,2010-02-09,0,47217,0000047217-08-000117,2008-05-20,2008-02-10,2010-08-08
51143,2007-02-23,0,51143,0001104659-07-057720,2007-08-01,2005-02-23,2007-10-23
51143,2007-02-23,0,51143,0001104659-07-049962,2007-06-26,2005-02-23,2007-10-23
51143,2007-02-23,0,51143,0001104659-07-007260,2007-02-05,2005-02-23,2007-10-23
51143,2007-02-23,0,51143,0001104659-07-005968,2007-01-31,2005-02-23,2007-10-23
51143,2007-02-23,0,51143,0001104659-06-004976,2006-01-31,2005-02-23,2007-10-23
51143,2007-02-23,0,51143,0001104659-05-045904,2005-09-27,2005-02-23,2007-10-23
51143,2007-02-23,0,51143,0001104659-05-014582,2005-04-01,2005-02-23,2007-10-23
51143,2011-04-14,0,51143,0001104659-11-003613,2011-01-28,2009-04-14,2011-10-11
51143,2011-04-14,0,51143,0001104659-10-061274,2010-12-06,2009-04-14,2011-10-11
51143,2011-04-14,0,51143,0001104659-10-003847,2010-01-29,2009-04-14,2011-10-11
920760,2023-07-20,0,920760,0001628280-23-032661,2023-09-20,2021-07-20,2024-04-07
920760,2023-07-20,0,920760,0001628280-23-027264,2023-08-03,2021-07-20,2024-04-07
920760,2023-07-20,0,920760,0001628280-23-024926,2023-07-14,2021-07-20,2024-04-07
920760,2023-07-20,0,920760,0001193125-23-061576,2023-03-06,2021-07-20,2024-04-07
920760,2023-07-20,0,920760,0001193125-22-290031,2022-11-21,2021-07-20,2024-04-07
920760,2023-07-20,0,920760,0001628280-22-009207,2022-04-14,2021-07-20,2024-04-07
920760,2023-07-20,0,920760,0001628280-22-008548,2022-04-06,2021-07-20,2024-04-07
920760,2023-07-20,0,920760,0001193125-22-066148,2022-03-04,2021-07-20,2024-04-07
62709,2013-06-01,0,62709,0000062709-14-000002,2014-01-06,2011-06-02,2014-05-25
62709,2013-06-01,0,62709,0000062709-12-000066,2012-12-14,2011-06-02,2014-05-25
62709,2013-06-01,0,62709,0000062709-12-000059,2012-09-24,2011-06-02,2014-05-25
62709,2013-06-01,0,62709,0000062709-12-000057,2012-09-21,2011-06-02,2014-05-25
62709,2013-06-01,0,62709,0000062709-12-000054,2012-09-04,2011-06-02,2014-05-25
62709,2013-06-01,0,62709,0000062709-12-000018,2012-03-05,2011-06-02,2014-05-25
62709,2013-06-01,0,62709,0000062709-12-000007,2012-01-18,2011-06-02,2014-05-25
62709,2013-06-01,0,62709,0000062709-11-000027,2011-10-07,2011-06-02,2014-05-25
68505,2009-01-01,0,68505,0000950137-09-004049,2009-05-22,2007-01-02,2009-08-05
68505,2009-01-01,0,68505,0000950137-09-002505,2009-04-01,2007-01-02,2009-08-05
68505,2009-01-01,0,68505,0000950137-09-002115,2009-03-23,2007-01-02,2009-08-05
68505,2009-01-01,0,68505,0000950152-09-000904,2009-02-03,2007-01-02,2009-08-05
68505,2009-01-01,0,68505,0000950137-09-000352,2009-01-21,2007-01-02,2009-08-05
68505,2009-01-01,0,68505,0000950123-08-017856,2008-12-18,2007-01-02,2009-08-05
68505,2009-01-01,0,68505,0000950137-08-014456,2008-12-17,2007-01-02,2009-08-05
68505,2009-01-01,0,68505,0000950137-08-011276,2008-08-29,2007-01-02,2009-08-05
68505,2009-01-01,0,68505,0000898822-08-000839,2008-08-04,2007-01-02,2009-08-05
68505,2009-01-01,0,68505,0000950137-08-009960,2008-07-31,2007-01-02,2009-08-05
68505,2009-01-01,0,68505,0000950137-08-006039,2008-04-25,2007-01-02,2009-08-05
68505,2009-01-01,0,68505,0000898822-08-000394,2008-04-08,2007-01-02,2009-08-05
68505,2009-01-01,0,68505,0000950137-08-004996,2008-04-02,2007-01-02,2009-08-05
68505,2009-01-01,0,68505,0000950137-08-003967,2008-03-20,2007-01-02,2009-08-05
68505,2009-01-01,0,68505,0000950137-08-003512,2008-03-11,2007-01-02,2009-08-05
68505,2009-01-01,0,68505,0000950137-08-002814,2008-02-27,2007-01-02,2009-08-05
68505,2009-01-01,0,68505,0000950137-08-001640,2008-02-05,2007-01-02,2009-08-05
68505,2009-01-01,0,68505,0000898822-07-001404,2007-11-30,2007-01-02,2009-08-05
68505,2009-01-01,0,68505,0000950137-07-015106,2007-10-04,2007-01-02,2009-08-05
68505,2009-01-01,0,68505,0000950137-07-014349,2007-09-19,2007-01-02,2009-08-05
68505,2009-01-01,0,68505,0000950137-07-010759,2007-07-30,2007-01-02,2009-08-05
68505,2009-01-01,0,68505,0000950137-07-009817,2007-07-10,2007-01-02,2009-08-05
68505,2009-01-01,0,68505,0000950137-07-008512,2007-06-06,2007-01-02,2009-08-05
68505,2009-01-01,0,68505,0000950137-07-007421,2007-05-14,2007-01-02,2009-08-05
68505,2009-01-01,0,68505,0000950137-07-005362,2007-04-10,2007-01-02,2009-08-05
68505,2009-01-01,0,68505,0000950137-07-004530,2007-03-27,2007-01-02,2009-08-05
68505,2009-01-01,0,68505,0000950137-07-004160,2007-03-21,2007-01-02,2009-08-05
68505,2009-01-01,0,68505,0000950137-07-002962,2007-02-28,2007-01-02,2009-08-05
68505,2009-01-01,0,68505,0000950137-07-002451,2007-02-20,2007-01-02,2009-08-05
68505,2009-01-01,0,68505,0000950137-07-002342,2007-02-15,2007-01-02,2009-08-05
68505,2009-02-17,0,68505,0000950137-09-004049,2009-05-22,2007-02-18,2009-08-16
68505,2009-02-17,0,68505,0000950137-09-002505,2009-04-01,2007-02-18,2009-08-16
68505,2009-02-17,0,68505,0000950137-09-002115,2009-03-23,2007-02-18,2009-08-16
68505,2009-02-17,0,68505,0000950152-09-000904,2009-02-03,2007-02-18,2009-08-16
68505,2009-02-17,0,68505,0000950137-09-000352,2009-01-21,2007-02-18,2009-08-16
68505,2009-02-17,0,68505,0000950123-08-017856,2008-12-18,2007-02-18,2009-08-16
68505,2009-02-17,0,68505,0000950137-08-014456,2008-12-17,2007-02-18,2009-08-16
68505,2009-02-17,0,68505,0000950137-08-011276,2008-08-29,2007-02-18,2009-08-16
68505,2009-02-17,0,68505,0000898822-08-000839,2008-08-04,2007-02-18,2009-08-16
68505,2009-02-17,0,68505,0000950137-08-009960,2008-07-31,2007-02-18,2009-08-16
68505,2009-02-17,0,68505,0000950137-08-006039,2008-04-25,2007-02-18,2009-08-16
68505,2009-02-17,0,68505,0000898822-08-000394,2008-04-08,2007-02-18,2009-08-16
68505,2009-02-17,0,68505,0000950137-08-004996,2008-04-02,2007-02-18,2009-08-16
68505,2009-02-17,0,68505,0000950137-08-003967,2008-03-20,2007-02-18,2009-08-16
68505,2009-02-17,0,68505,0000950137-08-003512,2008-03-11,2007-02-18,2009-08-16
68505,2009-02-17,0,68505,0000950137-08-002814,2008-02-27,2007-02-18,2009-08-16
68505,2009-02-17,0,68505,0000950137-08-001640,2008-02-05,2007-02-18,2009-08-16
68505,2009-02-17,0,68505,0000898822-07-001404,2007-11-30,2007-02-18,2009-08-16
68505,2009-02-17,0,68505,0000950137-07-015106,2007-10-04,2007-02-18,2009-08-16
68505,2009-02-17,0,68505,0000950137-07-014349,2007-09-19,2007-02-18,2009-08-16
68505,2009-02-17,0,68505,0000950137-07-010759,2007-07-30,2007-02-18,2009-08-16
68505,2009-02-17,0,68505,0000950137-07-009817,2007-07-10,2007-02-18,2009-08-16
68505,2009-02-17,0,68505,0000950137-07-008512,2007-06-06,2007-02-18,2009-08-16
68505,2009-02-17,0,68505,0000950137-07-007421,2007-05-14,2007-02-18,2009-08-16
68505,2009-02-17,0,68505,0000950137-07-005362,2007-04-10,2007-02-18,2009-08-16
68505,2009-02-17,0,68505,0000950137-07-004530,2007-03-27,2007-02-18,2009-08-16
68505,2009-02-17,0,68505,0000950137-07-004160,2007-03-21,2007-02-18,2009-08-16
68505,2009-02-17,0,68505,0000950137-07-002962,2007-02-28,2007-02-18,2009-08-16
68505,2009-02-17,0,68505,0000950137-07-002451,2007-02-20,2007-02-18,2009-08-16
1133421,2016-04-18,0,1133421,0001133421-17-000040,2017-09-27,2014-04-19,2017-10-16
1133421,2016-04-18,0,1133421,0001133421-17-000014,2017-02-28,2014-04-19,2017-10-16
1133421,2016-04-18,0,1133421,0001133421-17-000011,2017-02-22,2014-04-19,2017-10-16
1133421,2016-04-18,0,1133421,0001133421-16-000113,2016-12-09,2014-04-19,2017-10-16
1133421,2016-04-18,0,1133421,0001133421-16-000072,2016-03-17,2014-04-19,2017-10-16
1133421,2016-04-18,0,1133421,0001133421-16-000069,2016-02-22,2014-04-19,2017-10-16
1133421,2016-04-18,0,1133421,0001133421-15-000050,2015-10-15,2014-04-19,2017-10-16
1133421,2016-04-18,0,1133421,0001133421-15-000018,2015-03-20,2014-04-19,2017-10-16
1133421,2016-04-18,0,1133421,0001133421-15-000016,2015-02-20,2014-04-19,2017-10-16
1133421,2016-04-18,0,1133421,0001133421-15-000013,2015-02-19,2014-04-19,2017-10-16
1133421,2016-04-18,0,1133421,0001133421-15-000011,2015-02-03,2014-04-19,2017-10-16
1133421,2016-04-18,0,1133421,0001133421-14-000061,2014-12-08,2014-04-19,2017-10-16
1133421,2016-04-18,0,1133421,0001133421-14-000058,2014-11-05,2014-04-19,2017-10-16
73309,2023-05-26,0,73309,0001193125-23-296305,2023-12-15,2021-05-26,2023-12-25
73309,2023-05-26,0,73309,0001193125-23-206313,2023-08-08,2021-05-26,2023-12-25
73309,2023-05-26,0,73309,0001193125-22-215713,2022-08-09,2021-05-26,2023-12-25
73309,2023-05-26,0,73309,0001193125-22-159808,2022-05-25,2021-05-26,2023-12-25
73309,2023-05-26,0,73309,0001193125-22-066230,2022-03-04,2021-05-26,2023-12-25
73309,2023-05-26,0,73309,0001193125-22-050075,2022-02-23,2021-05-26,2023-12-25
73309,2023-05-26,0,73309,0001193125-21-244798,2021-08-12,2021-05-26,2023-12-25
73309,2023-05-26,0,73309,0001193125-21-181330,2021-06-03,2021-05-26,2023-12-25
73756,2024-01-01,0,73756,0000073756-24-000014,2024-02-27,2022-01-01,2024-08-28
73756,2024-01-01,0,73756,0000073756-23-000140,2023-11-17,2022-01-01,2024-08-28
73756,2024-01-01,0,73756,0000073756-23-000095,2023-07-10,2022-01-01,2024-08-28
73756,2024-01-01,0,73756,0000073756-23-000012,2023-02-27,2022-01-01,2024-08-28
73756,2024-01-01,0,73756,0000073756-22-000108,2022-10-21,2022-01-01,2024-08-28
73756,2024-01-01,0,73756,0000073756-22-000106,2022-09-16,2022-01-01,2024-08-28
73756,2024-01-01,0,73756,0000073756-22-000098,2022-08-24,2022-01-01,2024-08-28
73756,2024-01-01,0,73756,0000073756-22-000020,2022-03-01,2022-01-01,2024-08-28
75362,2018-01-22,0,75362,0001193125-18-152947,2018-05-04,2016-01-23,2018-08-13
75362,2018-01-22,0,75362,0001193125-18-048187,2018-02-16,2016-01-23,2018-08-13
75362,2018-01-22,0,75362,0001193125-17-369333,2017-12-14,2016-01-23,2018-08-13
75362,2018-01-22,0,75362,0001193125-17-148456,2017-04-28,2016-01-23,2018-08-13
75362,2018-01-22,0,75362,0001193125-16-789834,2016-12-12,2016-01-23,2018-08-13
75362,2018-01-22,0,75362,0001193125-16-570149,2016-04-29,2016-01-23,2018-08-13
76334,2022-03-11,0,76334,0001193125-22-269129,2022-10-26,2020-03-11,2022-11-08
76334,2022-03-11,0,76334,0001193125-22-227588,2022-08-23,2020-03-11,2022-11-08
76334,2022-03-11,0,76334,0001193125-22-204998,2022-07-28,2020-03-11,2022-11-08
76334,2022-03-11,0,76334,0001193125-21-247770,2021-08-16,2020-03-11,2022-11-08
76334,2022-03-11,0,76334,0001193125-21-247766,2021-08-16,2020-03-11,2022-11-08
76334,2022-03-11,0,76334,0001193125-21-246081,2021-08-13,2020-03-11,2022-11-08
76334,2022-03-11,0,76334,0000076334-21-000048,2021-04-22,2020-03-11,2022-11-08
76334,2022-03-11,0,76334,0000076334-21-000013,2021-01-27,2020-03-11,2022-11-08
76334,2022-03-11,0,76334,0000076334-21-000006,2021-01-11,2020-03-11,2022-11-08
76334,2022-03-11,0,76334,0000076334-20-000124,2020-11-02,2020-03-11,2022-11-08
77476,2021-02-24,0,77476,0000077476-21-000044,2021-08-05,2019-02-25,2023-04-05
77476,2021-02-24,0,77476,0000077476-20-000075,2020-11-02,2019-02-25,2023-04-05
77476,2021-02-24,0,77476,0000077476-20-000054,2020-07-07,2019-02-25,2023-04-05
77476,2021-02-24,0,77476,0000077476-20-000020,2020-03-10,2019-02-25,2023-04-05
77476,2021-02-24,0,77476,0000077476-19-000051,2019-06-11,2019-02-25,2023-04-05
77476,2021-02-24,0,77476,0000077476-19-000022,2019-03-18,2019-02-25,2023-04-05
77476,2021-02-24,0,77476,0000077476-19-000020,2019-03-07,2019-02-25,2023-04-05
78003,2006-12-01,0,78003,0000078003-07-000294,2007-10-30,2004-12-01,2008-02-20
78003,2006-12-01,0,78003,0000078003-07-000251,2007-09-28,2004-12-01,2008-02-20
78003,2006-12-01,0,78003,0000078003-07-000245,2007-09-27,2004-12-01,2008-02-20
78003,2006-12-01,0,78003,0000078003-07-000213,2007-08-22,2004-12-01,2008-02-20
78003,2006-12-01,0,78003,0000078003-07-000122,2007-05-23,2004-12-01,2008-02-20
78003,2006-12-01,0,78003,0000078003-07-000034,2007-02-27,2004-12-01,2008-02-20
78003,2006-12-01,0,78003,0000078003-06-000352,2006-12-21,2004-12-01,2008-02-20
78003,2006-12-01,0,78003,0000078003-06-000275,2006-10-26,2004-12-01,2008-02-20
78003,2006-12-01,0,78003,0000078003-06-000195,2006-08-03,2004-12-01,2008-02-20
78003,2006-12-01,0,78003,0000078003-05-000161,2005-06-24,2004-12-01,2008-02-20
78003,2006-12-01,0,78003,0000078003-05-000041,2005-02-25,2004-12-01,2008-02-20
78003,2006-12-01,0,78003,0000078003-05-000040,2005-02-24,2004-12-01,2008-02-20
91419,2010-04-05,0,91419,0000950123-10-079634,2010-08-20,2008-04-05,2010-10-26
91419,2010-04-05,0,91419,0000950123-09-020588,2009-07-08,2008-04-05,2010-10-26
91419,2010-04-05,0,91419,0000950123-09-015107,2009-06-18,2008-04-05,2010-10-26
91419,2010-04-05,0,91419,0000950152-09-003994,2009-04-22,2008-04-05,2010-10-26
91419,2010-04-05,0,91419,0001299933-09-000511,2009-01-30,2008-04-05,2010-10-26
91419,2010-04-05,0,91419,0001144204-08-036232,2008-06-23,2008-04-05,2010-10-26
91440,2022-03-01,0,91440,0000091440-21-000014,2021-04-30,2020-03-01,2022-10-04
91440,2022-03-01,0,91440,0001193125-21-116417,2021-04-14,2020-03-01,2022-10-04
92380,2017-10-01,0,92380,0001193125-17-220944,2017-07-03,2015-10-02,2018-10-17
92380,2017-10-01,0,92380,0001193125-17-183437,2017-05-25,2015-10-02,2018-10-17
92380,2017-10-01,0,92380,0001193125-17-008419,2017-01-12,2015-10-02,2018-10-17
92380,2017-10-01,0,92380,0001193125-16-447087,2016-02-02,2015-10-02,2018-10-17
92380,2017-10-01,0,92380,0001193125-15-388118,2015-11-25,2015-10-02,2018-10-17
92380,2018-03-01,0,92380,0001193125-17-220944,2017-07-03,2016-03-01,2018-10-17
92380,2018-03-01,0,92380,0001193125-17-183437,2017-05-25,2016-03-01,2018-10-17
92380,2018-03-01,0,92380,0001193125-17-008419,2017-01-12,2016-03-01,2018-10-17
96021,2023-01-14,0,96021,0000096021-23-000190,2023-10-17,2021-01-14,2023-11-12
96021,2023-01-14,0,96021,0000096021-23-000186,2023-10-10,2021-01-14,2023-11-12
96021,2023-01-14,0,96021,0000096021-23-000165,2023-09-22,2021-01-14,2023-11-12
96021,2023-01-14,0,96021,0000096021-23-000144,2023-09-08,2021-01-14,2023-11-12
96021,2023-01-14,0,96021,0000096021-23-000120,2023-08-29,2021-01-14,2023-11-12
96021,2023-01-14,0,96021,0000096021-23-000091,2023-08-04,2021-01-14,2023-11-12
96021,2023-01-14,0,96021,0000096021-23-000042,2023-03-28,2021-01-14,2023-11-12
96021,2023-01-14,0,96021,0001193125-22-305398,2022-12-15,2021-01-14,2023-11-12
96021,2023-01-14,0,96021,0001193125-22-247448,2022-09-20,2021-01-14,2023-11-12
96021,2023-01-14,0,96021,0001193125-22-212634,2022-08-04,2021-01-14,2023-11-12
96021,2023-01-14,0,96021,0001193125-22-139528,2022-05-04,2021-01-14,2023-11-12
96021,2023-01-14,0,96021,0001193125-22-058196,2022-02-28,2021-01-14,2023-11-12
96021,2023-01-14,0,96021,0001193125-21-362516,2021-12-20,2021-01-14,2023-11-12
96021,2023-01-14,0,96021,0001193125-21-338587,2021-11-23,2021-01-14,2023-11-12
96021,2023-01-14,0,96021,0001193125-21-252868,2021-08-20,2021-01-14,2023-11-12
96021,2023-01-14,0,96021,0001193125-21-236388,2021-08-04,2021-01-14,2023-11-12
96021,2023-01-14,0,96021,0001193125-21-203381,2021-06-29,2021-01-14,2023-11-12
101830,2009-02-01,1,101830,0000101830-09-000016,2009-11-06,2007-02-02,2009-12-09
101830,2009-02-01,1,101830,0000101830-09-000014,2009-10-16,2007-02-02,2009-12-09
101830,2009-02-01,1,101830,0000101830-09-000013,2009-08-05,2007-02-02,2009-12-09
101830,2009-02-01,1,101830,0000101830-09-000007,2009-03-27,2007-02-02,2009-12-09
101830,2009-02-01,1,101830,0000101830-09-000005,2009-03-03,2007-02-02,2009-12-09
101830,2009-02-01,1,101830,0000101830-09-000002,2009-01-26,2007-02-02,2009-12-09
101830,2009-02-01,1,101830,0001193125-08-260916,2008-12-29,2007-02-02,2009-12-09
101830,2009-02-01,1,101830,0001193125-08-257043,2008-12-19,2007-02-02,2009-12-09
101830,2009-02-01,1,101830,0000950123-08-016627,2008-11-28,2007-02-02,2009-12-09
101830,2009-02-01,1,101830,0000101830-08-000031,2008-11-12,2007-02-02,2009-12-09
101830,2009-02-01,1,101830,0000101830-08-000030,2008-10-24,2007-02-02,2009-12-09
101830,2009-02-01,1,101830,0000101830-08-000028,2008-10-07,2007-02-02,2009-12-09
101830,2009-02-01,1,101830,0000101830-08-000026,2008-06-09,2007-02-02,2009-12-09
101830,2009-02-01,1,101830,0000101830-08-000024,2008-05-16,2007-02-02,2009-12-09
101830,2009-02-01,1,101830,0001193125-08-098764,2008-05-01,2007-02-02,2009-12-09
101830,2009-02-01,1,101830,0000101830-08-000022,2008-03-25,2007-02-02,2009-12-09
101830,2009-02-01,1,101830,0000101830-08-000020,2008-03-17,2007-02-02,2009-12-09
101830,2009-02-01,1,101830,0000101830-08-000018,2008-03-03,2007-02-02,2009-12-09
101830,2009-02-01,1,101830,0000101830-08-000016,2008-02-28,2007-02-02,2009-12-09
101830,2009-02-01,1,101830,0000101830-08-000013,2008-02-15,2007-02-02,2009-12-09
101830,2009-02-01,1,101830,0000101830-08-000008,2008-02-13,2007-02-02,2009-12-09
101830,2009-02-01,1,101830,0000101830-08-000006,2008-01-24,2007-02-02,2009-12-09
101830,2009-02-01,1,101830,0000101830-08-000002,2008-01-04,2007-02-02,2009-12-09
101830,2009-02-01,1,101830,0000101830-07-000042,2007-12-20,2007-02-02,2009-12-09
101830,2009-02-01,1,101830,0000101830-07-000039,2007-11-05,2007-02-02,2009-12-09
101830,2009-02-01,1,101830,0000101830-07-000036,2007-10-12,2007-02-02,2009-12-09
101830,2009-02-01,1,101830,0000101830-07-000032,2007-08-07,2007-02-02,2009-12-09
101830,2009-02-01,1,101830,0000101830-07-000011,2007-03-06,2007-02-02,2009-12-09
101830,2009-02-01,1,101830,0000101830-07-000008,2007-02-21,2007-02-02,2009-12-09
101830,2009-01-01,1,101830,0000101830-09-000013,2009-08-05,2007-01-02,2009-09-26
101830,2009-01-01,1,101830,0000101830-09-000007,2009-03-27,2007-01-02,2009-09-26
101830,2009-01-01,1,101830,0000101830-09-000005,2009-03-03,2007-01-02,2009-09-26
101830,2009-01-01,1,101830,0000101830-09-000002,2009-01-26,2007-01-02,2009-09-26
101830,2009-01-01,1,101830,0001193125-08-260916,2008-12-29,2007-01-02,2009-09-26
101830,2009-01-01,1,101830,0001193125-08-257043,2008-12-19,2007-01-02,2009-09-26
101830,2009-01-01,1,101830,0000950123-08-016627,2008-11-28,2007-01-02,2009-09-26
101830,2009-01-01,1,101830,0000101830-08-000031,2008-11-12,2007-01-02,2009-09-26
101830,2009-01-01,1,101830,0000101830-08-000030,2008-10-24,2007-01-02,2009-09-26
101830,2009-01-01,1,101830,0000101830-08-000028,2008-10-07,2007-01-02,2009-09-26
101830,2009-01-01,1,101830,0000101830-08-000026,2008-06-09,2007-01-02,2009-09-26
101830,2009-01-01,1,101830,0000101830-08-000024,2008-05-16,2007-01-02,2009-09-26
101830,2009-01-01,1,101830,0001193125-08-098764,2008-05-01,2007-01-02,2009-09-26
101830,2009-01-01,1,101830,0000101830-08-000022,2008-03-25,2007-01-02,2009-09-26
101830,2009-01-01,1,101830,0000101830-08-000020,2008-03-17,2007-01-02,2009-09-26
101830,2009-01-01,1,101830,0000101830-08-000018,2008-03-03,2007-01-02,2009-09-26
101830,2009-01-01,1,101830,0000101830-08-000016,2008-02-28,2007-01-02,2009-09-26
101830,2009-01-01,1,101830,0000101830-08-000013,2008-02-15,2007-01-02,2009-09-26
101830,2009-01-01,1,101830,0000101830-08-000008,2008-02-13,2007-01-02,2009-09-26
101830,2009-01-01,1,101830,0000101830-08-000006,2008-01-24,2007-01-02,2009-09-26
101830,2009-01-01,1,101830,0000101830-08-000002,2008-01-04,2007-01-02,2009-09-26
101830,2009-01-01,1,101830,0000101830-07-000042,2007-12-20,2007-01-02,2009-09-26
101830,2009-01-01,1,101830,0000101830-07-000039,2007-11-05,2007-01-02,2009-09-26
101830,2009-01-01,1,101830,0000101830-07-000036,2007-10-12,2007-01-02,2009-09-26
101830,2009-01-01,1,101830,0000101830-07-000032,2007-08-07,2007-01-02,2009-09-26
101830,2009-01-01,1,101830,0000101830-07-000011,2007-03-06,2007-01-02,2009-09-26
101830,2009-01-01,1,101830,0000101830-07-000008,2007-02-21,2007-01-02,2009-09-26
101830,2015-08-17,1,101830,0001193125-20-093630,2020-04-01,2013-08-17,2020-10-06
101830,2015-08-17,1,101830,0000101830-19-000017,2019-05-22,2013-08-17,2020-10-06
101830,2015-08-17,1,101830,0000101830-18-000057,2018-12-06,2013-08-17,2020-10-06
101830,2015-08-17,1,101830,0000101830-18-000029,2018-07-02,2013-08-17,2020-10-06
101830,2015-08-17,1,101830,0000101830-18-000027,2018-05-30,2013-08-17,2020-10-06
101830,2015-08-17,1,101830,0000101830-18-000021,2018-05-02,2013-08-17,2020-10-06
101830,2015-08-17,1,101830,0000101830-18-000005,2018-01-17,2013-08-17,2020-10-06
101830,2015-08-17,1,101830,0000101830-18-000003,2018-01-04,2013-08-17,2020-10-06
101830,2015-08-17,1,101830,0000101830-17-000003,2017-01-24,2013-08-17,2020-10-06
101830,2015-08-17,1,101830,0000101830-16-000096,2016-12-12,2013-08-17,2020-10-06
101830,2015-08-17,1,101830,0000101830-16-000094,2016-12-01,2013-08-17,2020-10-06
101830,2015-08-17,1,101830,0000101830-16-000092,2016-11-03,2013-08-17,2020-10-06
101830,2015-08-17,1,101830,0000101830-16-000070,2016-06-24,2013-08-17,2020-10-06
101830,2015-08-17,1,101830,0000101830-16-000063,2016-05-06,2013-08-17,2020-10-06
101830,2015-08-17,1,101830,0000101830-16-000056,2016-03-01,2013-08-17,2020-10-06
101830,2015-08-17,1,101830,0000101830-15-000043,2015-11-12,2013-08-17,2020-10-06
101830,2015-08-17,1,101830,0000101830-15-000030,2015-10-15,2013-08-17,2020-10-06
101830,2015-08-17,1,101830,0000101830-15-000025,2015-08-11,2013-08-17,2020-10-06
101830,2015-08-17,1,101830,0000101830-15-000024,2015-08-11,2013-08-17,2020-10-06
101830,2015-08-17,1,101830,0001193125-15-275046,2015-08-03,2013-08-17,2020-10-06
101830,2015-08-17,1,101830,0000101830-14-000081,2014-11-12,2013-08-17,2020-10-06
101830,2015-08-17,1,101830,0000101830-14-000079,2014-11-07,2013-08-17,2020-10-06
101830,2015-08-17,1,101830,0000101830-14-000066,2014-10-09,2013-08-17,2020-10-06
101830,2015-08-17,1,101830,0000101830-14-000064,2014-10-09,2013-08-17,2020-10-06
101830,2015-08-17,1,101830,0001193125-14-297076,2014-08-06,2013-08-17,2020-10-06
101830,2015-08-17,1,101830,0000101830-14-000049,2014-08-04,2013-08-17,2020-10-06
101830,2015-08-17,1,101830,0000101830-14-000021,2014-03-12,2013-08-17,2020-10-06
101830,2015-08-17,1,101830,0000101830-14-000019,2014-02-24,2013-08-17,2020-10-06
101830,2015-08-17,1,101830,0000101830-14-000015,2014-02-24,2013-08-17,2020-10-06
101830,2015-08-17,1,101830,0000101830-14-000002,2014-01-16,2013-08-17,2020-10-06
101830,2015-08-17,1,101830,0000101830-13-000053,2013-12-19,2013-08-17,2020-10-06
101830,2015-08-17,1,101830,0001193125-13-372972,2013-09-20,2013-08-17,2020-10-06
101830,2015-08-17,1,101830,0001193125-13-372950,2013-09-20,2013-08-17,2020-10-06
101830,2015-08-17,1,101830,0001193125-13-364138,2013-09-11,2013-08-17,2020-10-06
101830,2015-08-17,1,101830,0000101830-13-000041,2013-09-06,2013-08-17,2020-10-06
101830,2017-05-01,1,101830,0000101830-18-000005,2018-01-17,2015-05-02,2018-03-19
101830,2017-05-01,1,101830,0000101830-18-000003,2018-01-04,2015-05-02,2018-03-19
101830,2017-05-01,1,101830,0000101830-17-000003,2017-01-24,2015-05-02,2018-03-19
101830,2017-05-01,1,101830,0000101830-16-000096,2016-12-12,2015-05-02,2018-03-19
101830,2017-05-01,1,101830,0000101830-16-000094,2016-12-01,2015-05-02,2018-03-19
101830,2017-05-01,1,101830,0000101830-16-000092,2016-11-03,2015-05-02,2018-03-19
101830,2017-05-01,1,101830,0000101830-16-000070,2016-06-24,2015-05-02,2018-03-19
101830,2017-05-01,1,101830,0000101830-16-000063,2016-05-06,2015-05-02,2018-03-19
101830,2017-05-01,1,101830,0000101830-16-000056,2016-03-01,2015-05-02,2018-03-19
101830,2017-05-01,1,101830,0000101830-15-000043,2015-11-12,2015-05-02,2018-03-19
101830,2017-05-01,1,101830,0000101830-15-000030,2015-10-15,2015-05-02,2018-03-19
101830,2017-05-01,1,101830,0000101830-15-000025,2015-08-11,2015-05-02,2018-03-19
101830,2017-05-01,1,101830,0000101830-15-000024,2015-08-11,2015-05-02,2018-03-19
101830,2017-05-01,1,101830,0001193125-15-275046,2015-08-03,2015-05-02,2018-03-19
101830,2017-05-07,1,101830,0000101830-18-000005,2018-01-17,2015-05-08,2018-03-19
101830,2017-05-07,1,101830,0000101830-18-000003,2018-01-04,2015-05-08,2018-03-19
101830,2017-05-07,1,101830,0000101830-17-000003,2017-01-24,2015-05-08,2018-03-19
101830,2017-05-07,1,101830,0000101830-16-000096,2016-12-12,2015-05-08,2018-03-19
101830,2017-05-07,1,101830,0000101830-16-000094,2016-12-01,2015-05-08,2018-03-19
101830,2017-05-07,1,101830,0000101830-16-000092,2016-11-03,2015-05-08,2018-03-19
101830,2017-05-07,1,101830,0000101830-16-000070,2016-06-24,2015-05-08,2018-03-19
101830,2017-05-07,1,101830,0000101830-16-000063,2016-05-06,2015-05-08,2018-03-19
101830,2017-05-07,1,101830,0000101830-16-000056,2016-03-01,2015-05-08,2018-03-19
101830,2017-05-07,1,101830,0000101830-15-000043,2015-11-12,2015-05-08,2018-03-19
101830,2017-05-07,1,101830,0000101830-15-000030,2015-10-15,2015-05-08,2018-03-19
101830,2017-05-07,1,101830,0000101830-15-000025,2015-08-11,2015-05-08,2018-03-19
101830,2017-05-07,1,101830,0000101830-15-000024,2015-08-11,2015-05-08,2018-03-19
101830,2017-05-07,1,101830,0001193125-15-275046,2015-08-03,2015-05-08,2018-03-19
101830,2018-03-02,1,101830,0000101830-18-000029,2018-07-02,2016-03-02,2018-09-26
101830,2018-03-02,1,101830,0000101830-18-000027,2018-05-30,2016-03-02,2018-09-26
101830,2018-03-02,1,101830,0000101830-18-000021,2018-05-02,2016-03-02,2018-09-26
101830,2018-03-02,1,101830,0000101830-18-000005,2018-01-17,2016-03-02,2018-09-26
101830,2018-03-02,1,101830,0000101830-18-000003,2018-01-04,2016-03-02,2018-09-26
101830,2018-03-02,1,101830,0000101830-17-000003,2017-01-24,2016-03-02,2018-09-26
101830,2018-03-02,1,101830,0000101830-16-000096,2016-12-12,2016-03-02,2018-09-26
101830,2018-03-02,1,101830,0000101830-16-000094,2016-12-01,2016-03-02,2018-09-26
101830,2018-03-02,1,101830,0000101830-16-000092,2016-11-03,2016-03-02,2018-09-26
101830,2018-03-02,1,101830,0000101830-16-000070,2016-06-24,2016-03-02,2018-09-26
101830,2018-03-02,1,101830,0000101830-16-000063,2016-05-06,2016-03-02,2018-09-26
101830,2019-03-14,1,101830,0000101830-19-000017,2019-05-22,2017-03-14,2019-11-05
101830,2019-03-14,1,101830,0000101830-18-000057,2018-12-06,2017-03-14,2019-11-05
101830,2019-03-14,1,101830,0000101830-18-000029,2018-07-02,2017-03-14,2019-11-05
101830,2019-03-14,1,101830,0000101830-18-000027,2018-05-30,2017-03-14,2019-11-05
101830,2019-03-14,1,101830,0000101830-18-000021,2018-05-02,2017-03-14,2019-11-05
101830,2019-03-14,1,101830,0000101830-18-000005,2018-01-17,2017-03-14,2019-11-05
101830,2019-03-14,1,101830,0000101830-18-000003,2018-01-04,2017-03-14,2019-11-05
101830,2019-05-09,1,101830,0000101830-19-000017,2019-05-22,2017-05-09,2019-11-05
101830,2019-05-09,1,101830,0000101830-18-000057,2018-12-06,2017-05-09,2019-11-05
101830,2019-05-09,1,101830,0000101830-18-000029,2018-07-02,2017-05-09,2019-11-05
101830,2019-05-09,1,101830,0000101830-18-000027,2018-05-30,2017-05-09,2019-11-05
101830,2019-05-09,1,101830,0000101830-18-000021,2018-05-02,2017-05-09,2019-11-05
101830,2019-05-09,1,101830,0000101830-18-000005,2018-01-17,2017-05-09,2019-11-05
101830,2019-05-09,1,101830,0000101830-18-000003,2018-01-04,2017-05-09,2019-11-05
101830,2019-06-02,1,101830,0000101830-19-000017,2019-05-22,2017-06-02,2020-01-07
101830,2019-06-02,1,101830,0000101830-18-000057,2018-12-06,2017-06-02,2020-01-07
101830,2019-06-02,1,101830,0000101830-18-000029,2018-07-02,2017-06-02,2020-01-07
101830,2019-06-02,1,101830,0000101830-18-000027,2018-05-30,2017-06-02,2020-01-07
101830,2019-06-02,1,101830,0000101830-18-000021,2018-05-02,2017-06-02,2020-01-07
101830,2019-06-02,1,101830,0000101830-18-000005,2018-01-17,2017-06-02,2020-01-07
101830,2019-06-02,1,101830,0000101830-18-000003,2018-01-04,2017-06-02,2020-01-07
101830,2019-06-08,1,101830,0000101830-19-000017,2019-05-22,2017-06-08,2019-12-05
101830,2019-06-08,1,101830,0000101830-18-000057,2018-12-06,2017-06-08,2019-12-05
101830,2019-06-08,1,101830,0000101830-18-000029,2018-07-02,2017-06-08,2019-12-05
101830,2019-06-08,1,101830,0000101830-18-000027,2018-05-30,2017-06-08,2019-12-05
101830,2019-06-08,1,101830,0000101830-18-000021,2018-05-02,2017-06-08,2019-12-05
101830,2019-06-08,1,101830,0000101830-18-000005,2018-01-17,2017-06-08,2019-12-05
101830,2019-06-08,1,101830,0000101830-18-000003,2018-01-04,2017-06-08,2019-12-05
101830,2019-06-22,1,101830,0000101830-19-000017,2019-05-22,2017-06-22,2020-01-07
101830,2019-06-22,1,101830,0000101830-18-000057,2018-12-06,2017-06-22,2020-01-07
101830,2019-06-22,1,101830,0000101830-18-000029,2018-07-02,2017-06-22,2020-01-07
101830,2019-06-22,1,101830,0000101830-18-000027,2018-05-30,2017-06-22,2020-01-07
101830,2019-06-22,1,101830,0000101830-18-000021,2018-05-02,2017-06-22,2020-01-07
101830,2019-06-22,1,101830,0000101830-18-000005,2018-01-17,2017-06-22,2020-01-07
101830,2019-06-22,1,101830,0000101830-18-000003,2018-01-04,2017-06-22,2020-01-07
101830,2019-08-13,1,101830,0001193125-20-093630,2020-04-01,2017-08-13,2020-09-27
101830,2019-08-13,1,101830,0000101830-19-000017,2019-05-22,2017-08-13,2020-09-27
101830,2019-08-13,1,101830,0000101830-18-000057,2018-12-06,2017-08-13,2020-09-27
101830,2019-08-13,1,101830,0000101830-18-000029,2018-07-02,2017-08-13,2020-09-27
101830,2019-08-13,1,101830,0000101830-18-000027,2018-05-30,2017-08-13,2020-09-27
101830,2019-08-13,1,101830,0000101830-18-000021,2018-05-02,2017-08-13,2020-09-27
101830,2019-08-13,1,101830,0000101830-18-000005,2018-01-17,2017-08-13,2020-09-27
101830,2019-08-13,1,101830,0000101830-18-000003,2018-01-04,2017-08-13,2020-09-27
1770450,2023-12-10,0,1770450,0001193125-24-148178,2024-05-28,2021-12-10,2024-08-18
1770450,2023-12-10,0,1770450,0001193125-24-069299,2024-03-15,2021-12-10,2024-08-18
1770450,2023-12-10,0,1770450,0001193125-24-007505,2024-01-12,2021-12-10,2024-08-18
1770450,2023-12-10,0,1770450,0001193125-24-003451,2024-01-05,2021-12-10,2024-08-18
1770450,2023-12-10,0,1770450,0001193125-23-244902,2023-09-28,2021-12-10,2024-08-18
1770450,2023-12-10,0,1770450,0001193125-23-109413,2023-04-21,2021-12-10,2024-08-18
1770450,2023-12-10,0,1770450,0001193125-23-071477,2023-03-15,2021-12-10,2024-08-18
1770450,2023-12-10,0,1770450,0001214659-22-013995,2022-11-18,2021-12-10,2024-08-18
1770450,2023-12-10,0,1770450,0000899140-22-000629,2022-08-03,2021-12-10,2024-08-18
1770450,2023-12-10,0,1770450,0001193125-22-203586,2022-07-27,2021-12-10,2024-08-18
1770450,2023-12-10,0,1770450,0001193125-22-187967,2022-07-05,2021-12-10,2024-08-18
1770450,2023-12-10,0,1770450,0001193125-22-151952,2022-05-16,2021-12-10,2024-08-18
1770450,2023-12-10,0,1770450,0001193125-22-106872,2022-04-15,2021-12-10,2024-08-18
1770450,2023-12-10,0,1770450,0001193125-22-083286,2022-03-24,2021-12-10,2024-08-18
1770450,2023-12-10,0,1770450,0001193125-22-012572,2022-01-19,2021-12-10,2024-08-18
277135,2017-08-23,0,277135,0000277135-17-000044,2017-12-13,2015-08-24,2018-03-17
277135,2017-08-23,0,277135,0000277135-17-000028,2017-08-02,2015-08-24,2018-03-17
277135,2017-08-23,0,277135,0000277135-17-000023,2017-07-25,2015-08-24,2018-03-17
277135,2017-08-23,0,277135,0000277135-17-000020,2017-07-19,2015-08-24,2018-03-17
277135,2017-08-23,0,277135,0000277135-16-000057,2016-10-03,2015-08-24,2018-03-17
277135,2017-08-23,0,277135,0001104659-16-137921,2016-08-08,2015-08-24,2018-03-17
277135,2017-09-26,0,277135,0001104659-18-021832,2018-04-02,2015-09-27,2018-10-17
277135,2017-09-26,0,277135,0000277135-17-000044,2017-12-13,2015-09-27,2018-10-17
277135,2017-09-26,0,277135,0000277135-17-000028,2017-08-02,2015-09-27,2018-10-17
277135,2017-09-26,0,277135,0000277135-17-000023,2017-07-25,2015-09-27,2018-10-17
277135,2017-09-26,0,277135,0000277135-17-000020,2017-07-19,2015-09-27,2018-10-17
277135,2017-09-26,0,277135,0000277135-16-000057,2016-10-03,2015-09-27,2018-10-17
277135,2017-09-26,0,277135,0001104659-16-137921,2016-08-08,2015-09-27,2018-10-17
315293,2020-12-17,0,315293,0001193125-21-223710,2021-07-26,2018-12-18,2021-11-17
315293,2020-12-17,0,315293,0001193125-21-206409,2021-07-01,2018-12-18,2021-11-17
315293,2020-12-17,0,315293,0001193125-21-022598,2021-01-29,2018-12-18,2021-11-17
315293,2020-12-17,0,315293,0001193125-20-282544,2020-10-30,2018-12-18,2021-11-17
315293,2020-12-17,0,315293,0001193125-20-178023,2020-06-25,2018-12-18,2021-11-17
315293,2020-12-17,0,315293,0001193125-20-120011,2020-04-27,2018-12-18,2021-11-17
315293,2020-12-17,0,315293,0001193125-20-093512,2020-04-01,2018-12-18,2021-11-17
315293,2020-12-17,0,315293,0001193125-20-045455,2020-02-24,2018-12-18,2021-11-17
315293,2020-12-17,0,315293,0001193125-19-181180,2019-06-25,2018-12-18,2021-11-17
315293,2020-12-17,0,315293,0001193125-19-165112,2019-06-04,2018-12-18,2021-11-17
318154,2021-04-21,0,318154,0001193125-21-229599,2021-07-30,2019-04-22,2021-12-19
318154,2021-04-21,0,318154,0001193125-20-197806,2020-07-23,2019-04-22,2021-12-19
318154,2021-04-21,0,318154,0001193125-20-197795,2020-07-23,2019-04-22,2021-12-19
318154,2021-04-21,0,318154,0001193125-19-272011,2019-10-23,2019-04-22,2021-12-19
318154,2023-08-16,0,318154,0001193125-24-153221,2024-06-03,2021-08-16,2025-03-24
318154,2023-08-16,0,318154,0001193125-23-295027,2023-12-14,2021-08-16,2025-03-24
318154,2023-08-16,0,318154,0001193125-23-203033,2023-08-04,2021-08-16,2025-03-24
318154,2023-08-16,0,318154,0001193125-22-211269,2022-08-03,2021-08-16,2025-03-24
319687,2013-01-01,0,319687,0001104659-17-025203,2017-04-21,2011-01-02,2018-01-02
319687,2013-01-01,0,319687,0001193125-16-696990,2016-08-30,2011-01-02,2018-01-02
319687,2013-01-01,0,319687,0001193125-16-685286,2016-08-18,2011-01-02,2018-01-02
319687,2013-01-01,0,319687,0001104659-16-112678,2016-04-20,2011-01-02,2018-01-02
319687,2013-01-01,0,319687,0001104659-16-105862,2016-03-17,2011-01-02,2018-01-02
319687,2013-01-01,0,319687,0001104659-16-088696,2016-01-07,2011-01-02,2018-01-02
319687,2013-01-01,0,319687,0001193125-15-347459,2015-10-20,2011-01-02,2018-01-02
319687,2013-01-01,0,319687,0001104659-15-064079,2015-09-08,2011-01-02,2018-01-02
320193,2010-06-01,0,320193,0001181431-10-056327,2010-11-17,2008-06-01,2010-12-06
320193,2010-06-01,0,320193,0001181431-10-016054,2010-03-12,2008-06-01,2010-12-06
320193,2010-06-01,0,320193,0001193125-10-044765,2010-03-01,2008-06-01,2010-12-06
320193,2010-06-01,0,320193,0001181431-09-037492,2009-08-04,2008-06-01,2010-12-06
320193,2010-06-01,0,320193,0001181431-09-003017,2009-01-16,2008-06-01,2010-12-06
320193,2013-07-18,0,320193,0001181431-13-041847,2013-07-30,2011-07-19,2014-01-17
320193,2013-07-18,0,320193,0001193125-13-267629,2013-06-21,2011-07-19,2014-01-17
320193,2013-07-18,0,320193,0001181431-12-038301,2012-06-28,2011-07-19,2014-01-17
320193,2013-07-18,0,320193,0001181431-12-032458,2012-05-24,2011-07-19,2014-01-17
320193,2013-07-18,0,320193,0001181431-11-056354,2011-11-16,2011-07-19,2014-01-17
320193,2013-07-18,0,320193,0001181431-11-047179,2011-08-26,2011-07-19,2014-01-17
320193,2014-08-31,0,320193,0001193125-14-271698,2014-07-17,2012-08-31,2015-02-27
320193,2014-08-31,0,320193,0001181431-14-021923,2014-05-30,2012-08-31,2015-02-27
320193,2014-08-31,0,320193,0001193125-14-084697,2014-03-05,2012-08-31,2015-02-27
320193,2014-08-31,0,320193,0001181431-13-041847,2013-07-30,2012-08-31,2015-02-27
320193,2014-08-31,0,320193,0001193125-13-267629,2013-06-21,2012-08-31,2015-02-27
320193,2015-07-01,0,320193,0001193125-15-406279,2015-12-17,2013-07-01,2016-02-21
320193,2015-07-01,0,320193,0001193125-15-336615,2015-10-02,2013-07-01,2016-02-21
320193,2015-07-01,0,320193,0001193125-14-271698,2014-07-17,2013-07-01,2016-02-21
320193,2015-07-01,0,320193,0001181431-14-021923,2014-05-30,2013-07-01,2016-02-21
320193,2015-07-01,0,320193,0001193125-14-084697,2014-03-05,2013-07-01,2016-02-21
320193,2015-07-01,0,320193,0001181431-13-041847,2013-07-30,2013-07-01,2016-02-21
320193,2015-09-18,0,320193,0001193125-16-488223,2016-03-01,2013-09-16,2016-03-16
320193,2015-09-18,0,320193,0001193125-15-406279,2015-12-17,2013-09-16,2016-03-16
320193,2015-09-18,0,320193,0001193125-15-336615,2015-10-02,2013-09-16,2016-03-16
320193,2015-09-18,0,320193,0001193125-14-271698,2014-07-17,2013-09-16,2016-03-16
320193,2015-09-18,0,320193,0001181431-14-021923,2014-05-30,2013-09-16,2016-03-16
320193,2015-09-18,0,320193,0001193125-14-084697,2014-03-05,2013-09-16,2016-03-16
320193,2019-02-02,0,320193,0000320193-19-000093,2019-09-13,2017-02-02,2019-11-26
320193,2019-02-02,0,320193,0000320193-19-000026,2019-02-06,2017-02-02,2019-11-26
320193,2019-02-02,0,320193,0001193125-17-308859,2017-10-12,2017-02-02,2019-11-26
320193,2020-11-01,0,320193,0001193125-21-001982,2021-01-05,2018-11-02,2021-04-30
320193,2020-11-01,0,320193,0000320193-19-000093,2019-09-13,2018-11-02,2021-04-30
320193,2020-11-01,0,320193,0000320193-19-000026,2019-02-06,2018-11-02,2021-04-30
1336920,2022-09-30,0,1336920,0001628280-23-036068,2023-11-02,2020-09-30,2023-12-05
1336920,2022-09-30,0,1336920,0001628280-23-010215,2023-03-31,2020-09-30,2023-12-05
1336920,2022-09-30,0,1336920,0001336920-23-000019,2023-02-27,2020-09-30,2023-12-05
1336920,2022-09-30,0,1336920,0001336920-22-000010,2022-02-16,2020-09-30,2023-12-05
1336920,2022-09-30,0,1336920,0001336920-21-000031,2021-07-28,2020-09-30,2023-12-05
1336920,2022-09-30,0,1336920,0001628280-21-008697,2021-05-04,2020-09-30,2023-12-05
1336920,2022-09-30,0,1336920,0001336920-20-000078,2020-10-20,2020-09-30,2023-12-05
354190,2017-06-01,0,354190,0001193125-17-171866,2017-05-16,2015-06-02,2018-05-12
354190,2017-06-01,0,354190,0001193125-16-442035,2016-01-28,2015-06-02,2018-05-12
354190,2017-06-18,0,354190,0001193125-17-171866,2017-05-16,2015-06-19,2018-05-12
354190,2017-06-18,0,354190,0001193125-16-442035,2016-01-28,2015-06-19,2018-05-12
354950,2014-02-10,0,354950,0000354950-14-000030,2014-08-21,2012-02-11,2014-09-10
354950,2014-02-10,0,354950,0000354950-14-000006,2014-02-28,2012-02-11,2014-09-10
354950,2014-02-10,0,354950,0000354950-13-000037,2013-09-20,2012-02-11,2014-09-10
354950,2014-02-10,0,354950,0000354950-13-000017,2013-05-29,2012-02-11,2014-09-10
354950,2014-02-10,0,354950,0000354950-13-000005,2013-03-06,2012-02-11,2014-09-10
354950,2014-02-10,0,354950,0000354950-12-000032,2012-11-16,2012-02-11,2014-09-10
354950,2014-02-10,0,354950,0000354950-12-000027,2012-09-21,2012-02-11,2014-09-10
708818,2023-03-29,0,708818,0000950170-23-044125,2023-08-23,2021-03-29,2023-10-25
708818,2023-03-29,0,708818,0000950170-23-001988,2023-02-07,2021-03-29,2023-10-25
708818,2023-03-29,0,708818,0001193125-21-302080,2021-10-19,2021-03-29,2023-10-25
708818,2023-03-29,0,708818,0001193125-21-277369,2021-09-20,2021-03-29,2023-10-25
708818,2023-03-29,0,708818,0001564590-21-044962,2021-08-18,2021-03-29,2023-10-25
708818,2023-03-29,0,708818,0001564590-21-044938,2021-08-17,2021-03-29,2023-10-25
708818,2023-03-29,0,708818,0001193125-21-195231,2021-06-21,2021-03-29,2023-10-25
723254,2020-09-16,0,723254,0000723254-21-000012,2021-04-26,2018-09-17,2021-08-17
723254,2020-09-16,0,723254,0000723254-19-000019,2019-07-25,2018-09-17,2021-08-17
723254,2020-09-16,0,723254,0000723254-19-000015,2019-07-01,2018-09-17,2021-08-17
731766,2024-02-12,0,731766,0000731766-24-000159,2024-05-15,2022-02-12,2025-01-30
731766,2024-02-12,0,731766,0000731766-24-000148,2024-04-17,2022-02-12,2025-01-30
731766,2024-02-12,0,731766,0000731766-24-000122,2024-03-28,2022-02-12,2025-01-30
731766,2024-02-12,0,731766,0000731766-24-000026,2024-02-07,2022-02-12,2025-01-30
731766,2024-02-12,0,731766,0000731766-23-000061,2023-11-03,2022-02-12,2025-01-30
731766,2024-02-12,0,731766,0000731766-22-000051,2022-12-12,2022-02-12,2025-01-30
731766,2024-02-12,0,731766,0000731766-22-000010,2022-02-17,2022-02-12,2025-01-30
732712,2008-06-27,1,732712,0001193125-08-204660,2008-10-01,2006-06-28,2008-12-24
732712,2008-06-27,1,732712,0001193125-07-261097,2007-12-07,2006-06-28,2008-12-24
732712,2008-06-27,1,732712,0001193125-07-199004,2007-09-11,2006-06-28,2008-12-24
732712,2008-06-27,1,732712,0001193125-07-132583,2007-06-08,2006-06-28,2008-12-24
732712,2008-06-27,1,732712,0001193125-07-020398,2007-02-06,2006-06-28,2008-12-24
732712,2008-06-27,1,732712,0001193125-06-256227,2006-12-19,2006-06-28,2008-12-24
732712,2008-06-27,1,732712,0001193125-06-251425,2006-12-12,2006-06-28,2008-12-24
732712,2008-06-27,1,732712,0001193125-06-248715,2006-12-07,2006-06-28,2008-12-24
732712,2014-01-20,1,732712,0001193125-14-045399,2014-02-11,2012-01-21,2014-08-24
732712,2014-01-20,1,732712,0001193125-13-432495,2013-11-07,2012-01-21,2014-08-24
732712,2014-01-20,1,732712,0001193125-13-357857,2013-09-05,2012-01-21,2014-08-24
732712,2014-01-20,1,732712,0001193125-13-357855,2013-09-05,2012-01-21,2014-08-24
732712,2014-01-20,1,732712,0001193125-13-253564,2013-06-10,2012-01-21,2014-08-24
732712,2014-01-20,1,732712,0001193125-13-043053,2013-02-07,2012-01-21,2014-08-24
732712,2014-01-20,1,732712,0001193125-12-493313,2012-12-06,2012-01-21,2014-08-24
732712,2014-02-26,1,732712,0001193125-14-045399,2014-02-11,2012-02-27,2014-08-25
732712,2014-02-26,1,732712,0001193125-13-432495,2013-11-07,2012-02-27,2014-08-25
732712,2014-02-26,1,732712,0001193125-13-357857,2013-09-05,2012-02-27,2014-08-25
732712,2014-02-26,1,732712,0001193125-13-357855,2013-09-05,2012-02-27,2014-08-25
732712,2014-02-26,1,732712,0001193125-13-253564,2013-06-10,2012-02-27,2014-08-25
732712,2014-02-26,1,732712,0001193125-13-043053,2013-02-07,2012-02-27,2014-08-25
732712,2014-02-26,1,732712,0001193125-12-493313,2012-12-06,2012-02-27,2014-08-25
732712,2016-08-10,1,732712,0001193125-17-303383,2017-10-04,2014-08-11,2018-01-16
732712,2016-08-10,1,732712,0001193125-17-165255,2017-05-10,2014-08-11,2018-01-16
732712,2016-08-10,1,732712,0001193125-17-088316,2017-03-20,2014-08-11,2018-01-16
732712,2016-08-10,1,732712,0001193125-16-798875,2016-12-20,2014-08-11,2018-01-16
732712,2016-08-10,1,732712,0001193125-16-699639,2016-09-01,2014-08-11,2018-01-16
732712,2016-08-10,1,732712,0001193125-16-617604,2016-06-09,2014-08-11,2018-01-16
732712,2016-08-10,1,732712,0001193125-16-610887,2016-06-02,2014-08-11,2018-01-16
732712,2016-08-10,1,732712,0001193125-15-400066,2015-12-10,2014-08-11,2018-01-16
732712,2016-08-10,1,732712,0001193125-15-394003,2015-12-03,2014-08-11,2018-01-16
732712,2016-08-10,1,732712,0001193125-15-367882,2015-11-05,2014-08-11,2018-01-16
732712,2016-08-10,1,732712,0001193125-15-311636,2015-09-03,2014-08-11,2018-01-16
732712,2016-08-10,1,732712,0001193125-15-185255,2015-05-13,2014-08-11,2018-01-16
732712,2016-08-10,1,732712,0001193125-15-051424,2015-02-18,2014-08-11,2018-01-16
732712,2016-08-10,1,732712,0001193125-15-035447,2015-02-05,2014-08-11,2018-01-16
732712,2016-08-10,1,732712,0001193125-15-010064,2015-01-14,2014-08-11,2018-01-16
732712,2016-08-10,1,732712,0001193125-14-436511,2014-12-08,2014-08-11,2018-01-16
732712,2016-08-10,1,732712,0001193125-14-331837,2014-09-04,2014-08-11,2018-01-16
732712,2017-07-20,1,732712,0001193125-17-303383,2017-10-04,2015-07-21,2018-01-16
732712,2017-07-20,1,732712,0001193125-17-165255,2017-05-10,2015-07-21,2018-01-16
732712,2017-07-20,1,732712,0001193125-17-088316,2017-03-20,2015-07-21,2018-01-16
732712,2017-07-20,1,732712,0001193125-16-798875,2016-12-20,2015-07-21,2018-01-16
732712,2017-07-20,1,732712,0001193125-16-699639,2016-09-01,2015-07-21,2018-01-16
732712,2017-07-20,1,732712,0001193125-16-617604,2016-06-09,2015-07-21,2018-01-16
732712,2017-07-20,1,732712,0001193125-16-610887,2016-06-02,2015-07-21,2018-01-16
732712,2017-07-20,1,732712,0001193125-15-400066,2015-12-10,2015-07-21,2018-01-16
732712,2017-07-20,1,732712,0001193125-15-394003,2015-12-03,2015-07-21,2018-01-16
732712,2017-07-20,1,732712,0001193125-15-367882,2015-11-05,2015-07-21,2018-01-16
732712,2017-07-20,1,732712,0001193125-15-311636,2015-09-03,2015-07-21,2018-01-16
732712,2019-03-12,0,732712,0001193125-20-072475,2020-03-13,2017-03-12,2020-04-04
732712,2019-03-12,0,732712,0001193125-20-025340,2020-02-05,2017-03-12,2020-04-04
732712,2019-03-12,0,732712,0001193125-19-307167,2019-12-05,2017-03-12,2020-04-04
732712,2019-03-12,0,732712,0001193125-19-142992,2019-05-09,2017-03-12,2020-04-04
732712,2019-03-12,0,732712,0001193125-19-031481,2019-02-08,2017-03-12,2020-04-04
732712,2019-03-12,0,732712,0001193125-19-031476,2019-02-08,2017-03-12,2020-04-04
732712,2019-03-12,0,732712,0001193125-18-292824,2018-10-04,2017-03-12,2020-04-04
732712,2019-03-12,0,732712,0001193125-18-268028,2018-09-06,2017-03-12,2020-04-04
732712,2019-03-12,0,732712,0001193125-18-187324,2018-06-08,2017-03-12,2020-04-04
732712,2019-03-12,0,732712,0001193125-18-073362,2018-03-07,2017-03-12,2020-04-04
732712,2019-03-12,0,732712,0001193125-17-303383,2017-10-04,2017-03-12,2020-04-04
732712,2019-03-12,0,732712,0001193125-17-165255,2017-05-10,2017-03-12,2020-04-04
732712,2019-03-12,0,732712,0001193125-17-088316,2017-03-20,2017-03-12,2020-04-04
732712,2019-04-24,1,732712,0001193125-19-142992,2019-05-09,2017-04-24,2019-11-27
732712,2019-04-24,1,732712,0001193125-19-031481,2019-02-08,2017-04-24,2019-11-27
732712,2019-04-24,1,732712,0001193125-19-031476,2019-02-08,2017-04-24,2019-11-27
732712,2019-04-24,1,732712,0001193125-18-292824,2018-10-04,2017-04-24,2019-11-27
732712,2019-04-24,1,732712,0001193125-18-268028,2018-09-06,2017-04-24,2019-11-27
732712,2019-04-24,1,732712,0001193125-18-187324,2018-06-08,2017-04-24,2019-11-27
732712,2019-04-24,1,732712,0001193125-18-073362,2018-03-07,2017-04-24,2019-11-27
732712,2019-04-24,1,732712,0001193125-17-303383,2017-10-04,2017-04-24,2019-11-27
732712,2019-04-24,1,732712,0001193125-17-165255,2017-05-10,2017-04-24,2019-11-27
732712,2019-06-03,1,732712,0001193125-19-142992,2019-05-09,2017-06-03,2019-11-30
732712,2019-06-03,1,732712,0001193125-19-031481,2019-02-08,2017-06-03,2019-11-30
732712,2019-06-03,1,732712,0001193125-19-031476,2019-02-08,2017-06-03,2019-11-30
732712,2019-06-03,1,732712,0001193125-18-292824,2018-10-04,2017-06-03,2019-11-30
732712,2019-06-03,1,732712,0001193125-18-268028,2018-09-06,2017-06-03,2019-11-30
732712,2019-06-03,1,732712,0001193125-18-187324,2018-06-08,2017-06-03,2019-11-30
732712,2019-06-03,1,732712,0001193125-18-073362,2018-03-07,2017-06-03,2019-11-30
732712,2019-06-03,1,732712,0001193125-17-303383,2017-10-04,2017-06-03,2019-11-30
732712,2023-05-11,1,732712,0001193125-23-058988,2023-03-03,2021-05-11,2023-11-07
732712,2023-05-11,1,732712,0001193125-22-278771,2022-11-07,2021-05-11,2023-11-07
732712,2023-05-11,1,732712,0001193125-22-230055,2022-08-25,2021-05-11,2023-11-07
732712,2023-05-11,1,732712,0001193125-22-230053,2022-08-25,2021-05-11,2023-11-07
732712,2023-05-11,1,732712,0001193125-22-168378,2022-06-06,2021-05-11,2023-11-07
732712,2023-05-11,1,732712,0001193125-22-151826,2022-05-16,2021-05-11,2023-11-07
732712,2023-05-11,1,732712,0001193125-21-346654,2021-12-02,2021-05-11,2023-11-07
732712,2023-05-11,1,732712,0001193125-21-346650,2021-12-02,2021-05-11,2023-11-07
732712,2023-05-11,1,732712,0001193125-21-323046,2021-11-08,2021-05-11,2023-11-07
732712,2023-05-11,1,732712,0001193125-21-262922,2021-09-01,2021-05-11,2023-11-07
732712,2023-05-11,1,732712,0001193125-21-245801,2021-08-13,2021-05-11,2023-11-07
732712,2023-05-11,1,732712,0001193125-21-199523,2021-06-25,2021-05-11,2023-11-07
732712,2023-05-11,1,732712,0001193125-21-160418,2021-05-13,2021-05-11,2023-11-07
732712,2023-09-21,1,732712,0001193125-24-170544,2024-06-27,2021-09-21,2024-08-03
732712,2023-09-21,1,732712,0001193125-24-146021,2024-05-23,2021-09-21,2024-08-03
732712,2023-09-21,1,732712,0001193125-24-022476,2024-02-02,2021-09-21,2024-08-03
732712,2023-09-21,1,732712,0001193125-24-013874,2024-01-24,2021-09-21,2024-08-03
732712,2023-09-21,1,732712,0001193125-23-058988,2023-03-03,2021-09-21,2024-08-03
732712,2023-09-21,1,732712,0001193125-22-278771,2022-11-07,2021-09-21,2024-08-03
732712,2023-09-21,1,732712,0001193125-22-230055,2022-08-25,2021-09-21,2024-08-03
732712,2023-09-21,1,732712,0001193125-22-230053,2022-08-25,2021-09-21,2024-08-03
732712,2023-09-21,1,732712,0001193125-22-168378,2022-06-06,2021-09-21,2024-08-03
732712,2023-09-21,1,732712,0001193125-22-151826,2022-05-16,2021-09-21,2024-08-03
732712,2023-09-21,1,732712,0001193125-21-346654,2021-12-02,2021-09-21,2024-08-03
732712,2023-09-21,1,732712,0001193125-21-346650,2021-12-02,2021-09-21,2024-08-03
732712,2023-09-21,1,732712,0001193125-21-323046,2021-11-08,2021-09-21,2024-08-03
732712,2024-02-06,1,732712,0001193125-24-170544,2024-06-27,2022-02-06,2024-08-04
732712,2024-02-06,1,732712,0001193125-24-146021,2024-05-23,2022-02-06,2024-08-04
732712,2024-02-06,1,732712,0001193125-24-022476,2024-02-02,2022-02-06,2024-08-04
732712,2024-02-06,1,732712,0001193125-24-013874,2024-01-24,2022-02-06,2024-08-04
732712,2024-02-06,1,732712,0001193125-23-058988,2023-03-03,2022-02-06,2024-08-04
732712,2024-02-06,1,732712,0001193125-22-278771,2022-11-07,2022-02-06,2024-08-04
732712,2024-02-06,1,732712,0001193125-22-230055,2022-08-25,2022-02-06,2024-08-04
732712,2024-02-06,1,732712,0001193125-22-230053,2022-08-25,2022-02-06,2024-08-04
732712,2024-02-06,1,732712,0001193125-22-168378,2022-06-06,2022-02-06,2024-08-04
732712,2024-02-06,1,732712,0001193125-22-151826,2022-05-16,2022-02-06,2024-08-04
732717,2008-05-23,1,732717,0000732717-08-000070,2008-09-29,2006-05-24,2008-11-19
732717,2008-05-23,1,732717,0000732717-07-000089,2007-10-19,2006-05-24,2008-11-19
732717,2008-05-23,1,732717,0000732717-07-000084,2007-10-16,2006-05-24,2008-11-19
732717,2008-05-23,1,732717,0000732717-07-000038,2007-06-01,2006-05-24,2008-11-19
732717,2008-05-23,1,732717,0000732717-07-000028,2007-04-30,2006-05-24,2008-11-19
732717,2008-05-23,1,732717,0000732717-07-000007,2007-01-29,2006-05-24,2008-11-19
732717,2008-05-23,1,732717,0000950123-06-015733,2006-12-29,2006-05-24,2008-11-19
732717,2012-01-01,1,732717,0000732717-12-000063,2012-06-29,2010-01-01,2012-08-11
732717,2012-01-01,1,732717,0000732717-11-000107,2011-12-16,2010-01-01,2012-08-11
732717,2012-01-01,1,732717,0000732717-11-000033,2011-03-29,2010-01-01,2012-08-11
732717,2012-01-01,1,732717,0000732717-11-000016,2011-03-07,2010-01-01,2012-08-11
732717,2012-01-01,1,732717,0000732717-10-000097,2010-12-17,2010-01-01,2012-08-11
732717,2012-01-01,1,732717,0000732717-10-000082,2010-09-30,2010-01-01,2012-08-11
732717,2012-01-01,1,732717,0000732717-10-000051,2010-06-25,2010-01-01,2012-08-11
732717,2012-01-01,1,732717,0000732717-10-000011,2010-02-23,2010-01-01,2012-08-11
732717,2013-01-01,1,732717,0000732717-15-000089,2015-08-20,2011-01-02,2015-10-18
732717,2013-01-01,1,732717,0000732717-15-000073,2015-07-30,2011-01-02,2015-10-18
732717,2013-01-01,1,732717,0000732717-15-000056,2015-06-26,2011-01-02,2015-10-18
732717,2013-01-01,1,732717,0000732717-14-000138,2014-12-19,2011-01-02,2015-10-18
732717,2013-01-01,1,732717,0000732717-14-000126,2014-11-07,2011-01-02,2015-10-18
732717,2013-01-01,1,732717,0000732717-14-000094,2014-06-30,2011-01-02,2015-10-18
732717,2013-01-01,1,732717,0000732717-13-000101,2013-12-12,2011-01-02,2015-10-18
732717,2013-01-01,1,732717,0000732717-13-000090,2013-09-27,2011-01-02,2015-10-18
732717,2013-01-01,1,732717,0000732717-13-000077,2013-07-25,2011-01-02,2015-10-18
732717,2013-01-01,1,732717,0000732717-13-000058,2013-06-28,2011-01-02,2015-10-18
732717,2013-01-01,1,732717,0000732717-13-000012,2013-02-04,2011-01-02,2015-10-18
732717,2013-01-01,1,732717,0000732717-12-000063,2012-06-29,2011-01-02,2015-10-18
732717,2013-01-01,1,732717,0000732717-11-000107,2011-12-16,2011-01-02,2015-10-18
732717,2013-01-01,1,732717,0000732717-11-000033,2011-03-29,2011-01-02,2015-10-18
732717,2013-01-01,1,732717,0000732717-11-000016,2011-03-07,2011-01-02,2015-10-18
732717,2013-11-05,1,732717,0000732717-14-000126,2014-11-07,2011-11-06,2014-12-08
732717,2013-11-05,1,732717,0000732717-14-000094,2014-06-30,2011-11-06,2014-12-08
732717,2013-11-05,1,732717,0000732717-13-000101,2013-12-12,2011-11-06,2014-12-08
732717,2013-11-05,1,732717,0000732717-13-000090,2013-09-27,2011-11-06,2014-12-08
732717,2013-11-05,1,732717,0000732717-13-000077,2013-07-25,2011-11-06,2014-12-08
732717,2013-11-05,1,732717,0000732717-13-000058,2013-06-28,2011-11-06,2014-12-08
732717,2013-11-05,1,732717,0000732717-13-000012,2013-02-04,2011-11-06,2014-12-08
732717,2013-11-05,1,732717,0000732717-12-000063,2012-06-29,2011-11-06,2014-12-08
732717,2013-11-05,1,732717,0000732717-11-000107,2011-12-16,2011-11-06,2014-12-08
732717,2014-02-01,1,732717,0000732717-15-000089,2015-08-20,2012-02-02,2015-10-17
732717,2014-02-01,1,732717,0000732717-15-000073,2015-07-30,2012-02-02,2015-10-17
732717,2014-02-01,1,732717,0000732717-15-000056,2015-06-26,2012-02-02,2015-10-17
732717,2014-02-01,1,732717,0000732717-14-000138,2014-12-19,2012-02-02,2015-10-17
732717,2014-02-01,1,732717,0000732717-14-000126,2014-11-07,2012-02-02,2015-10-17
732717,2014-02-01,1,732717,0000732717-14-000094,2014-06-30,2012-02-02,2015-10-17
732717,2014-02-01,1,732717,0000732717-13-000101,2013-12-12,2012-02-02,2015-10-17
732717,2014-02-01,1,732717,0000732717-13-000090,2013-09-27,2012-02-02,2015-10-17
732717,2014-02-01,1,732717,0000732717-13-000077,2013-07-25,2012-02-02,2015-10-17
732717,2014-02-01,1,732717,0000732717-13-000058,2013-06-28,2012-02-02,2015-10-17
732717,2014-02-01,1,732717,0000732717-13-000012,2013-02-04,2012-02-02,2015-10-17
732717,2014-02-01,1,732717,0000732717-12-000063,2012-06-29,2012-02-02,2015-10-17
732717,2014-04-01,1,732717,0000732717-14-000126,2014-11-07,2012-04-01,2014-12-10
732717,2014-04-01,1,732717,0000732717-14-000094,2014-06-30,2012-04-01,2014-12-10
732717,2014-04-01,1,732717,0000732717-13-000101,2013-12-12,2012-04-01,2014-12-10
732717,2014-04-01,1,732717,0000732717-13-000090,2013-09-27,2012-04-01,2014-12-10
732717,2014-04-01,1,732717,0000732717-13-000077,2013-07-25,2012-04-01,2014-12-10
732717,2014-04-01,1,732717,0000732717-13-000058,2013-06-28,2012-04-01,2014-12-10
732717,2014-04-01,1,732717,0000732717-13-000012,2013-02-04,2012-04-01,2014-12-10
732717,2014-04-01,1,732717,0000732717-12-000063,2012-06-29,2012-04-01,2014-12-10
732717,2014-04-09,1,732717,0000732717-14-000126,2014-11-07,2012-04-09,2014-12-02
732717,2014-04-09,1,732717,0000732717-14-000094,2014-06-30,2012-04-09,2014-12-02
732717,2014-04-09,1,732717,0000732717-13-000101,2013-12-12,2012-04-09,2014-12-02
732717,2014-04-09,1,732717,0000732717-13-000090,2013-09-27,2012-04-09,2014-12-02
732717,2014-04-09,1,732717,0000732717-13-000077,2013-07-25,2012-04-09,2014-12-02
732717,2014-04-09,1,732717,0000732717-13-000058,2013-06-28,2012-04-09,2014-12-02
732717,2014-04-09,1,732717,0000732717-13-000012,2013-02-04,2012-04-09,2014-12-02
732717,2014-04-09,1,732717,0000732717-12-000063,2012-06-29,2012-04-09,2014-12-02
732717,2014-06-05,1,732717,0000732717-15-000089,2015-08-20,2012-06-05,2015-10-17
732717,2014-06-05,1,732717,0000732717-15-000073,2015-07-30,2012-06-05,2015-10-17
732717,2014-06-05,1,732717,0000732717-15-000056,2015-06-26,2012-06-05,2015-10-17
732717,2014-06-05,1,732717,0000732717-14-000138,2014-12-19,2012-06-05,2015-10-17
732717,2014-06-05,1,732717,0000732717-14-000126,2014-11-07,2012-06-05,2015-10-17
732717,2014-06-05,1,732717,0000732717-14-000094,2014-06-30,2012-06-05,2015-10-17
732717,2014-06-05,1,732717,0000732717-13-000101,2013-12-12,2012-06-05,2015-10-17
732717,2014-06-05,1,732717,0000732717-13-000090,2013-09-27,2012-06-05,2015-10-17
732717,2014-06-05,1,732717,0000732717-13-000077,2013-07-25,2012-06-05,2015-10-17
732717,2014-06-05,1,732717,0000732717-13-000058,2013-06-28,2012-06-05,2015-10-17
732717,2014-06-05,1,732717,0000732717-13-000012,2013-02-04,2012-06-05,2015-10-17
732717,2014-06-05,1,732717,0000732717-12-000063,2012-06-29,2012-06-05,2015-10-17
732717,2014-06-11,1,732717,0000732717-15-000089,2015-08-20,2012-06-11,2015-10-17
732717,2014-06-11,1,732717,0000732717-15-000073,2015-07-30,2012-06-11,2015-10-17
732717,2014-06-11,1,732717,0000732717-15-000056,2015-06-26,2012-06-11,2015-10-17
732717,2014-06-11,1,732717,0000732717-14-000138,2014-12-19,2012-06-11,2015-10-17
732717,2014-06-11,1,732717,0000732717-14-000126,2014-11-07,2012-06-11,2015-10-17
732717,2014-06-11,1,732717,0000732717-14-000094,2014-06-30,2012-06-11,2015-10-17
732717,2014-06-11,1,732717,0000732717-13-000101,2013-12-12,2012-06-11,2015-10-17
732717,2014-06-11,1,732717,0000732717-13-000090,2013-09-27,2012-06-11,2015-10-17
732717,2014-06-11,1,732717,0000732717-13-000077,2013-07-25,2012-06-11,2015-10-17
732717,2014-06-11,1,732717,0000732717-13-000058,2013-06-28,2012-06-11,2015-10-17
732717,2014-06-11,1,732717,0000732717-13-000012,2013-02-04,2012-06-11,2015-10-17
732717,2014-06-11,1,732717,0000732717-12-000063,2012-06-29,2012-06-11,2015-10-17
732717,2014-08-05,0,732717,0000732717-14-000138,2014-12-19,2012-08-05,2015-03-31
732717,2014-08-05,0,732717,0000732717-14-000126,2014-11-07,2012-08-05,2015-03-31
732717,2014-08-05,0,732717,0000732717-14-000094,2014-06-30,2012-08-05,2015-03-31
732717,2014-08-05,0,732717,0000732717-13-000101,2013-12-12,2012-08-05,2015-03-31
732717,2014-08-05,0,732717,0000732717-13-000090,2013-09-27,2012-08-05,2015-03-31
732717,2014-08-05,0,732717,0000732717-13-000077,2013-07-25,2012-08-05,2015-03-31
732717,2014-08-05,0,732717,0000732717-13-000058,2013-06-28,2012-08-05,2015-03-31
732717,2014-08-05,0,732717,0000732717-13-000012,2013-02-04,2012-08-05,2015-03-31
732717,2014-08-11,1,732717,0000732717-14-000138,2014-12-19,2012-08-11,2015-03-30
732717,2014-08-11,1,732717,0000732717-14-000126,2014-11-07,2012-08-11,2015-03-30
732717,2014-08-11,1,732717,0000732717-14-000094,2014-06-30,2012-08-11,2015-03-30
732717,2014-08-11,1,732717,0000732717-13-000101,2013-12-12,2012-08-11,2015-03-30
732717,2014-08-11,1,732717,0000732717-13-000090,2013-09-27,2012-08-11,2015-03-30
732717,2014-08-11,1,732717,0000732717-13-000077,2013-07-25,2012-08-11,2015-03-30
732717,2014-08-11,1,732717,0000732717-13-000058,2013-06-28,2012-08-11,2015-03-30
732717,2014-08-11,1,732717,0000732717-13-000012,2013-02-04,2012-08-11,2015-03-30
732717,2014-10-09,1,732717,0000732717-14-000138,2014-12-19,2012-10-09,2015-04-07
732717,2014-10-09,1,732717,0000732717-14-000126,2014-11-07,2012-10-09,2015-04-07
732717,2014-10-09,1,732717,0000732717-14-000094,2014-06-30,2012-10-09,2015-04-07
732717,2014-10-09,1,732717,0000732717-13-000101,2013-12-12,2012-10-09,2015-04-07
732717,2014-10-09,1,732717,0000732717-13-000090,2013-09-27,2012-10-09,2015-04-07
732717,2014-10-09,1,732717,0000732717-13-000077,2013-07-25,2012-10-09,2015-04-07
732717,2014-10-09,1,732717,0000732717-13-000058,2013-06-28,2012-10-09,2015-04-07
732717,2014-10-09,1,732717,0000732717-13-000012,2013-02-04,2012-10-09,2015-04-07
732717,2014-10-16,0,732717,0000732717-14-000138,2014-12-19,2012-10-16,2015-06-17
732717,2014-10-16,0,732717,0000732717-14-000126,2014-11-07,2012-10-16,2015-06-17
732717,2014-10-16,0,732717,0000732717-14-000094,2014-06-30,2012-10-16,2015-06-17
732717,2014-10-16,0,732717,0000732717-13-000101,2013-12-12,2012-10-16,2015-06-17
732717,2014-10-16,0,732717,0000732717-13-000090,2013-09-27,2012-10-16,2015-06-17
732717,2014-10-16,0,732717,0000732717-13-000077,2013-07-25,2012-10-16,2015-06-17
732717,2014-10-16,0,732717,0000732717-13-000058,2013-06-28,2012-10-16,2015-06-17
732717,2014-10-16,0,732717,0000732717-13-000012,2013-02-04,2012-10-16,2015-06-17
732717,2017-01-01,1,732717,0000732717-17-000084,2017-10-04,2015-01-02,2017-11-15
732717,2017-01-01,1,732717,0000732717-16-000257,2016-12-16,2015-01-02,2017-11-15
732717,2017-01-01,1,732717,0000732717-16-000251,2016-12-08,2015-01-02,2017-11-15
732717,2017-01-01,1,732717,0000732717-16-000186,2016-06-24,2015-01-02,2017-11-15
732717,2017-01-01,1,732717,0000732717-15-000089,2015-08-20,2015-01-02,2017-11-15
732717,2017-01-01,1,732717,0000732717-15-000073,2015-07-30,2015-01-02,2017-11-15
732717,2017-01-01,1,732717,0000732717-15-000056,2015-06-26,2015-01-02,2017-11-15
732717,2017-01-25,1,732717,0000732717-17-000084,2017-10-04,2015-01-26,2017-11-15
732717,2017-01-25,1,732717,0000732717-16-000257,2016-12-16,2015-01-26,2017-11-15
732717,2017-01-25,1,732717,0000732717-16-000251,2016-12-08,2015-01-26,2017-11-15
732717,2017-01-25,1,732717,0000732717-16-000186,2016-06-24,2015-01-26,2017-11-15
732717,2017-01-25,1,732717,0000732717-15-000089,2015-08-20,2015-01-26,2017-11-15
732717,2017-01-25,1,732717,0000732717-15-000073,2015-07-30,2015-01-26,2017-11-15
732717,2017-01-25,1,732717,0000732717-15-000056,2015-06-26,2015-01-26,2017-11-15
732717,2017-02-01,1,732717,0000732717-18-000005,2018-02-02,2015-02-02,2018-03-13
732717,2017-02-01,1,732717,0000732717-17-000084,2017-10-04,2015-02-02,2018-03-13
732717,2017-02-01,1,732717,0000732717-16-000257,2016-12-16,2015-02-02,2018-03-13
732717,2017-02-01,1,732717,0000732717-16-000251,2016-12-08,2015-02-02,2018-03-13
732717,2017-02-01,1,732717,0000732717-16-000186,2016-06-24,2015-02-02,2018-03-13
732717,2017-02-01,1,732717,0000732717-15-000089,2015-08-20,2015-02-02,2018-03-13
732717,2017-02-01,1,732717,0000732717-15-000073,2015-07-30,2015-02-02,2018-03-13
732717,2017-02-01,1,732717,0000732717-15-000056,2015-06-26,2015-02-02,2018-03-13
732717,2018-08-17,1,732717,0000732717-18-000050,2018-07-03,2016-08-17,2019-02-13
732717,2018-08-17,1,732717,0000732717-18-000005,2018-02-02,2016-08-17,2019-02-13
732717,2018-08-17,1,732717,0000732717-17-000084,2017-10-04,2016-08-17,2019-02-13
732717,2018-08-17,1,732717,0000732717-16-000257,2016-12-16,2016-08-17,2019-02-13
732717,2018-08-17,1,732717,0000732717-16-000251,2016-12-08,2016-08-17,2019-02-13
732717,2018-08-21,1,732717,0000732717-18-000050,2018-07-03,2016-08-21,2019-02-17
732717,2018-08-21,1,732717,0000732717-18-000005,2018-02-02,2016-08-21,2019-02-17
732717,2018-08-21,1,732717,0000732717-17-000084,2017-10-04,2016-08-21,2019-02-17
732717,2018-08-21,1,732717,0000732717-16-000257,2016-12-16,2016-08-21,2019-02-17
732717,2018-08-21,1,732717,0000732717-16-000251,2016-12-08,2016-08-21,2019-02-17
732717,2019-01-01,1,732717,0000732717-24-000012,2024-03-01,2017-01-01,2024-09-28
732717,2019-01-01,1,732717,0001193125-23-022845,2023-02-02,2017-01-01,2024-09-28
732717,2019-01-01,1,732717,0000732717-22-000091,2022-08-04,2017-01-01,2024-09-28
732717,2019-01-01,1,732717,0000732717-22-000073,2022-07-01,2017-01-01,2024-09-28
732717,2019-01-01,1,732717,0001193125-22-076137,2022-03-15,2017-01-01,2024-09-28
732717,2019-01-01,1,732717,0000732717-21-000088,2021-12-06,2017-01-01,2024-09-28
732717,2019-01-01,1,732717,0001193125-21-199754,2021-06-25,2017-01-01,2024-09-28
732717,2019-01-01,1,732717,0001193125-21-100281,2021-03-30,2017-01-01,2024-09-28
732717,2019-01-01,1,732717,0001193125-21-015737,2021-01-25,2017-01-01,2024-09-28
732717,2019-01-01,1,732717,0001193125-20-296128,2020-11-17,2017-01-01,2024-09-28
732717,2019-01-01,1,732717,0000732717-20-000020,2020-06-26,2017-01-01,2024-09-28
732717,2019-01-01,1,732717,0001193125-20-123202,2020-04-28,2017-01-01,2024-09-28
732717,2019-01-01,1,732717,0001193125-19-316283,2019-12-17,2017-01-01,2024-09-28
732717,2019-01-01,1,732717,0000732717-19-000054,2019-11-01,2017-01-01,2024-09-28
732717,2019-01-01,1,732717,0001193125-19-239966,2019-09-06,2017-01-01,2024-09-28
732717,2019-01-01,1,732717,0001193125-19-236682,2019-09-03,2017-01-01,2024-09-28
732717,2019-01-01,1,732717,0001193125-19-233801,2019-08-29,2017-01-01,2024-09-28
732717,2019-01-01,1,732717,0000732717-19-000034,2019-07-29,2017-01-01,2024-09-28
732717,2019-01-01,1,732717,0000732717-18-000050,2018-07-03,2017-01-01,2024-09-28
732717,2019-01-01,1,732717,0000732717-18-000005,2018-02-02,2017-01-01,2024-09-28
732717,2019-01-01,1,732717,0000732717-17-000084,2017-10-04,2017-01-01,2024-09-28
732717,2022-06-01,1,732717,0000732717-24-000012,2024-03-01,2020-06-01,2024-09-26
732717,2022-06-01,1,732717,0001193125-23-022845,2023-02-02,2020-06-01,2024-09-26
732717,2022-06-01,1,732717,0000732717-22-000091,2022-08-04,2020-06-01,2024-09-26
732717,2022-06-01,1,732717,0000732717-22-000073,2022-07-01,2020-06-01,2024-09-26
732717,2022-06-01,1,732717,0001193125-22-076137,2022-03-15,2020-06-01,2024-09-26
732717,2022-06-01,1,732717,0000732717-21-000088,2021-12-06,2020-06-01,2024-09-26
732717,2022-06-01,1,732717,0001193125-21-199754,2021-06-25,2020-06-01,2024-09-26
732717,2022-06-01,1,732717,0001193125-21-100281,2021-03-30,2020-06-01,2024-09-26
732717,2022-06-01,1,732717,0001193125-21-015737,2021-01-25,2020-06-01,2024-09-26
732717,2022-06-01,1,732717,0001193125-20-296128,2020-11-17,2020-06-01,2024-09-26
732717,2022-06-01,1,732717,0000732717-20-000020,2020-06-26,2020-06-01,2024-09-26
732717,2022-08-30,1,732717,0001193125-23-022845,2023-02-02,2020-08-30,2023-08-23
732717,2022-08-30,1,732717,0000732717-22-000091,2022-08-04,2020-08-30,2023-08-23
732717,2022-08-30,1,732717,0000732717-22-000073,2022-07-01,2020-08-30,2023-08-23
732717,2022-08-30,1,732717,0001193125-22-076137,2022-03-15,2020-08-30,2023-08-23
732717,2022-08-30,1,732717,0000732717-21-000088,2021-12-06,2020-08-30,2023-08-23
732717,2022-08-30,1,732717,0001193125-21-199754,2021-06-25,2020-08-30,2023-08-23
732717,2022-08-30,1,732717,0001193125-21-100281,2021-03-30,2020-08-30,2023-08-23
732717,2022-08-30,1,732717,0001193125-21-015737,2021-01-25,2020-08-30,2023-08-23
732717,2022-08-30,1,732717,0001193125-20-296128,2020-11-17,2020-08-30,2023-08-23
732717,2023-03-01,1,732717,0001193125-23-022845,2023-02-02,2021-03-01,2023-08-28
732717,2023-03-01,1,732717,0000732717-22-000091,2022-08-04,2021-03-01,2023-08-28
732717,2023-03-01,1,732717,0000732717-22-000073,2022-07-01,2021-03-01,2023-08-28
732717,2023-03-01,1,732717,0001193125-22-076137,2022-03-15,2021-03-01,2023-08-28
732717,2023-03-01,1,732717,0000732717-21-000088,2021-12-06,2021-03-01,2023-08-28
732717,2023-03-01,1,732717,0001193125-21-199754,2021-06-25,2021-03-01,2023-08-28
732717,2023-03-01,1,732717,0001193125-21-100281,2021-03-30,2021-03-01,2023-08-28
732717,2024-03-17,1,732717,0000732717-24-000012,2024-03-01,2022-03-18,2024-10-06
732717,2024-03-17,1,732717,0001193125-23-022845,2023-02-02,2022-03-18,2024-10-06
732717,2024-03-17,1,732717,0000732717-22-000091,2022-08-04,2022-03-18,2024-10-06
732717,2024-03-17,1,732717,0000732717-22-000073,2022-07-01,2022-03-18,2024-10-06
732717,2024-03-26,1,732717,0000732717-24-000012,2024-03-01,2022-03-27,2024-10-06
732717,2024-03-26,1,732717,0001193125-23-022845,2023-02-02,2022-03-27,2024-10-06
732717,2024-03-26,1,732717,0000732717-22-000091,2022-08-04,2022-03-27,2024-10-06
732717,2024-03-26,1,732717,0000732717-22-000073,2022-07-01,2022-03-27,2024-10-06
732717,2024-04-09,1,732717,0000732717-24-000012,2024-03-01,2022-04-10,2024-10-06
732717,2024-04-09,1,732717,0001193125-23-022845,2023-02-02,2022-04-10,2024-10-06
732717,2024-04-09,1,732717,0000732717-22-000091,2022-08-04,2022-04-10,2024-10-06
732717,2024-04-09,1,732717,0000732717-22-000073,2022-07-01,2022-04-10,2024-10-06
732717,2024-04-14,1,732717,0000732717-24-000012,2024-03-01,2022-04-11,2024-10-11
732717,2024-04-14,1,732717,0001193125-23-022845,2023-02-02,2022-04-11,2024-10-11
732717,2024-04-14,1,732717,0000732717-22-000091,2022-08-04,2022-04-11,2024-10-11
732717,2024-04-14,1,732717,0000732717-22-000073,2022-07-01,2022-04-11,2024-10-11
764180,2006-12-01,0,764180,0001193125-07-019313,2007-02-02,2004-12-01,2007-07-09
764180,2006-12-01,0,764180,0001193125-05-040688,2005-03-02,2004-12-01,2007-07-09
764180,2006-12-01,0,764180,0001193125-05-040686,2005-03-02,2004-12-01,2007-07-09
764180,2006-12-01,0,764180,0000950117-04-004470,2004-12-17,2004-12-01,2007-07-09
771497,2018-01-08,0,771497,0001144204-19-016646,2019-03-28,2016-01-09,2019-09-08
771497,2018-01-08,0,771497,0001144204-19-016641,2019-03-28,2016-01-09,2019-09-08
771497,2018-01-08,0,771497,0001144204-19-001120,2019-01-08,2016-01-09,2019-09-08
771497,2018-01-08,0,771497,0001144204-18-055152,2018-10-24,2016-01-09,2019-09-08
771497,2018-01-08,0,771497,0001144204-18-048330,2018-09-06,2016-01-09,2019-09-08
771497,2018-01-08,0,771497,0001571049-17-008020,2017-09-27,2016-01-09,2019-09-08
771497,2018-01-08,0,771497,0001571049-17-007803,2017-09-08,2016-01-09,2019-09-08
771497,2018-01-08,0,771497,0001571049-17-005791,2017-06-07,2016-01-09,2019-09-08
771497,2018-01-08,0,771497,0001571049-17-003091,2017-03-31,2016-01-09,2019-09-08
771497,2018-01-08,0,771497,0001571049-17-002191,2017-03-09,2016-01-09,2019-09-08
771497,2018-01-08,0,771497,0001571049-17-000711,2017-01-26,2016-01-09,2019-09-08
771497,2018-01-08,0,771497,0001571049-16-020727,2016-12-20,2016-01-09,2019-09-08
771497,2018-01-08,0,771497,0001571049-16-015903,2016-06-10,2016-01-09,2019-09-08
771497,2018-01-08,0,771497,0001571049-16-011409,2016-02-01,2016-01-09,2019-09-08
773840,2021-02-16,0,773840,0001193125-21-215278,2021-07-14,2019-02-17,2021-10-30
773840,2021-02-16,0,773840,0000773840-20-000031,2020-06-11,2019-02-17,2021-10-30
773840,2021-02-16,0,773840,0000773840-20-000011,2020-02-28,2019-02-17,2021-10-30
773840,2021-02-16,0,773840,0000773840-19-000029,2019-12-06,2019-02-17,2021-10-30
773840,2021-02-16,0,773840,0000930413-19-002693,2019-10-16,2019-02-17,2021-10-30
773840,2021-02-16,0,773840,0000930413-19-002643,2019-10-08,2019-02-17,2021-10-30
773840,2021-02-16,0,773840,0000773840-19-000018,2019-07-26,2019-02-17,2021-10-30
773840,2021-02-16,0,773840,0000930413-19-002021,2019-07-08,2019-02-17,2021-10-30
773840,2023-05-27,0,773840,0000773840-24-000006,2024-02-01,2021-05-27,2024-03-11
773840,2023-05-27,0,773840,0000773840-23-000088,2023-11-28,2021-05-27,2024-03-11
773840,2023-05-27,0,773840,0000773840-23-000076,2023-10-10,2021-05-27,2024-03-11
773840,2023-05-27,0,773840,0000773840-23-000063,2023-06-15,2021-05-27,2024-03-11
773840,2023-05-27,0,773840,0001193125-23-069598,2023-03-14,2021-05-27,2024-03-11
773840,2023-05-27,0,773840,0001193125-22-269566,2022-10-26,2021-05-27,2024-03-11
773840,2023-05-27,0,773840,0000773840-22-000062,2022-09-30,2021-05-27,2024-03-11
773840,2023-05-27,0,773840,0001193125-22-248396,2022-09-21,2021-05-27,2024-03-11
773840,2023-05-27,0,773840,0000773840-22-000058,2022-09-01,2021-05-27,2024-03-11
773840,2023-05-27,0,773840,0001193125-22-204108,2022-07-28,2021-05-27,2024-03-11
773840,2023-05-27,0,773840,0001193125-22-011376,2022-01-18,2021-05-27,2024-03-11
773840,2023-05-27,0,773840,0000773840-22-000003,2022-01-05,2021-05-27,2024-03-11
773840,2023-05-27,0,773840,0001193125-21-215278,2021-07-14,2021-05-27,2024-03-11
773840,2023-06-03,0,773840,0000773840-24-000006,2024-02-01,2021-06-03,2024-03-16
773840,2023-06-03,0,773840,0000773840-23-000088,2023-11-28,2021-06-03,2024-03-16
773840,2023-06-03,0,773840,0000773840-23-000076,2023-10-10,2021-06-03,2024-03-16
773840,2023-06-03,0,773840,0000773840-23-000063,2023-06-15,2021-06-03,2024-03-16
773840,2023-06-03,0,773840,0001193125-23-069598,2023-03-14,2021-06-03,2024-03-16
773840,2023-06-03,0,773840,0001193125-22-269566,2022-10-26,2021-06-03,2024-03-16
773840,2023-06-03,0,773840,0000773840-22-000062,2022-09-30,2021-06-03,2024-03-16
773840,2023-06-03,0,773840,0001193125-22-248396,2022-09-21,2021-06-03,2024-03-16
773840,2023-06-03,0,773840,0000773840-22-000058,2022-09-01,2021-06-03,2024-03-16
773840,2023-06-03,0,773840,0001193125-22-204108,2022-07-28,2021-06-03,2024-03-16
773840,2023-06-03,0,773840,0001193125-22-011376,2022-01-18,2021-06-03,2024-03-16
773840,2023-06-03,0,773840,0000773840-22-000003,2022-01-05,2021-06-03,2024-03-16
773840,2023-06-03,0,773840,0001193125-21-215278,2021-07-14,2021-06-03,2024-03-16
789019,2017-07-05,0,789019,0001193125-17-357415,2017-11-30,2015-07-06,2018-04-15
789019,2017-07-05,0,789019,0001193125-17-288464,2017-09-19,2015-07-06,2018-04-15
789019,2017-07-05,0,789019,0001193125-17-082168,2017-03-14,2015-07-06,2018-04-15
789019,2017-07-05,0,789019,0001193125-16-643151,2016-07-07,2015-07-06,2018-04-15
789019,2017-07-05,0,789019,0001193125-15-318450,2015-09-11,2015-07-06,2018-04-15
789019,2019-12-05,0,789019,0001193125-20-188481,2020-07-07,2017-12-05,2020-07-20
789019,2019-12-05,0,789019,0001193125-20-184744,2020-07-01,2017-12-05,2020-07-20
789019,2019-12-05,0,789019,0001193125-20-073072,2020-03-13,2017-12-05,2020-07-20
789019,2019-12-05,0,789019,0001193125-19-249565,2019-09-19,2017-12-05,2020-07-20
789019,2019-12-05,0,789019,0001193125-18-277602,2018-09-19,2017-12-05,2020-07-20
789019,2022-03-01,0,789019,0001193125-21-167940,2021-05-20,2020-03-01,2022-09-18
789019,2022-03-01,0,789019,0001193125-20-188481,2020-07-07,2020-03-01,2022-09-18
789019,2022-03-01,0,789019,0001193125-20-184744,2020-07-01,2020-03-01,2022-09-18
789019,2022-03-01,0,789019,0001193125-20-073072,2020-03-13,2020-03-01,2022-09-18
789019,2022-09-24,0,789019,0001193125-21-167940,2021-05-20,2020-09-24,2023-04-17
789570,2019-07-07,0,789570,0001193125-20-038441,2020-02-14,2017-07-07,2020-03-02
789570,2019-07-07,0,789570,0001193125-19-048428,2019-02-22,2017-07-07,2020-03-02
789570,2019-07-07,0,789570,0001193125-19-012788,2019-01-18,2017-07-07,2020-03-02
789570,2019-07-07,0,789570,0001193125-18-297663,2018-10-11,2017-07-07,2020-03-02
789570,2019-07-07,0,789570,0001193125-18-255165,2018-08-22,2017-07-07,2020-03-02
789570,2019-07-07,0,789570,0001193125-18-084015,2018-03-15,2017-07-07,2020-03-02
789570,2023-09-08,0,789570,0001193125-23-056496,2023-03-01,2021-09-08,2024-04-02
789570,2023-09-08,0,789570,0001193125-22-226494,2022-08-22,2021-09-08,2024-04-02
789570,2023-09-08,0,789570,0000789570-22-000020,2022-06-24,2021-09-08,2024-04-02
789570,2023-09-08,0,789570,0001193125-22-145101,2022-05-09,2021-09-08,2024-04-02
789570,2023-09-08,0,789570,0001193125-21-370665,2021-12-30,2021-09-08,2024-04-02
790070,2014-01-07,0,790070,0000790070-14-000025,2014-02-07,2012-01-08,2014-08-30
790070,2014-01-07,0,790070,0000790070-13-000067,2013-07-02,2012-01-08,2014-08-30
790070,2014-01-07,0,790070,0000790070-12-000136,2012-09-06,2012-01-08,2014-08-30
790070,2014-01-07,0,790070,0000790070-12-000102,2012-08-07,2012-01-08,2014-08-30
790070,2014-01-07,0,790070,0001193125-12-305335,2012-07-18,2012-01-08,2014-08-30
790070,2014-01-07,0,790070,0001193125-12-021198,2012-01-24,2012-01-08,2014-08-30
796343,2013-09-11,0,796343,0000796343-14-000007,2014-01-29,2011-09-12,2014-04-01
796343,2013-09-11,0,796343,0000796343-13-000036,2013-04-12,2011-09-12,2014-04-01
796343,2013-09-11,0,796343,0000796343-13-000030,2013-03-19,2011-09-12,2014-04-01
796343,2013-09-11,0,796343,0000796343-13-000017,2013-01-28,2011-09-12,2014-04-01
796343,2013-09-11,0,796343,0001104659-12-082162,2012-12-05,2011-09-12,2014-04-01
796343,2013-09-11,0,796343,0001104659-12-047044,2012-06-29,2011-09-12,2014-04-01
796343,2013-09-11,0,796343,0001104659-12-036984,2012-05-14,2011-09-12,2014-04-01
796343,2013-09-11,0,796343,0001104659-12-025271,2012-04-13,2011-09-12,2014-04-01
796343,2013-09-11,0,796343,0001104659-12-004271,2012-01-26,2011-09-12,2014-04-01
796343,2013-09-11,0,796343,0001104659-11-069679,2011-12-15,2011-09-12,2014-04-01
796343,2013-09-17,0,796343,0000796343-14-000007,2014-01-29,2011-09-18,2014-03-31
796343,2013-09-17,0,796343,0000796343-13-000036,2013-04-12,2011-09-18,2014-03-31
796343,2013-09-17,0,796343,0000796343-13-000030,2013-03-19,2011-09-18,2014-03-31
796343,2013-09-17,0,796343,0000796343-13-000017,2013-01-28,2011-09-18,2014-03-31
796343,2013-09-17,0,796343,0001104659-12-082162,2012-12-05,2011-09-18,2014-03-31
796343,2013-09-17,0,796343,0001104659-12-047044,2012-06-29,2011-09-18,2014-03-31
796343,2013-09-17,0,796343,0001104659-12-036984,2012-05-14,2011-09-18,2014-03-31
796343,2013-09-17,0,796343,0001104659-12-025271,2012-04-13,2011-09-18,2014-03-31
796343,2013-09-17,0,796343,0001104659-12-004271,2012-01-26,2011-09-18,2014-03-31
796343,2013-09-17,0,796343,0001104659-11-069679,2011-12-15,2011-09-18,2014-03-31
796343,2019-10-19,0,796343,0000796343-20-000085,2020-04-10,2017-10-19,2020-04-16
796343,2019-10-19,0,796343,0000796343-20-000040,2020-01-30,2017-10-19,2020-04-16
796343,2019-10-19,0,796343,0000796343-19-000091,2019-04-12,2017-10-19,2020-04-16
796343,2019-10-19,0,796343,0000796343-19-000024,2019-01-28,2017-10-19,2020-04-16
796343,2019-10-19,0,796343,0000796343-19-000008,2019-01-24,2017-10-19,2020-04-16
796343,2019-10-19,0,796343,0000796343-18-000179,2018-11-19,2017-10-19,2020-04-16
796343,2019-10-19,0,796343,0000796343-18-000088,2018-04-13,2017-10-19,2020-04-16
796343,2019-10-19,0,796343,0000796343-18-000072,2018-04-05,2017-10-19,2020-04-16
796343,2019-10-19,0,796343,0000796343-18-000039,2018-01-26,2017-10-19,2020-04-16
796343,2019-10-19,0,796343,0000796343-17-000188,2017-12-14,2017-10-19,2020-04-16
798354,2008-12-02,0,798354,0001193125-08-259651,2008-12-23,2006-12-03,2009-06-10
798354,2008-12-02,0,798354,0001193125-08-242170,2008-11-24,2006-12-03,2009-06-10
798354,2008-12-02,0,798354,0001193125-08-046505,2008-03-04,2006-12-03,2009-06-10
798354,2008-12-02,0,798354,0001193125-08-009621,2008-01-22,2006-12-03,2009-06-10
798354,2008-12-02,0,798354,0001193125-07-261412,2007-12-07,2006-12-03,2009-06-10
798354,2008-12-02,0,798354,0001193125-07-254937,2007-11-28,2006-12-03,2009-06-10
798354,2008-12-02,0,798354,0001193125-07-188641,2007-08-24,2006-12-03,2009-06-10
798354,2008-12-02,0,798354,0001193125-07-156539,2007-07-17,2006-12-03,2009-06-10
798354,2008-12-02,0,798354,0001193125-07-121330,2007-05-23,2006-12-03,2009-06-10
798354,2008-12-02,0,798354,0001193125-07-042701,2007-02-28,2006-12-03,2009-06-10
798354,2021-09-25,0,798354,0001193125-22-050253,2022-02-23,2019-09-26,2022-03-24
798354,2021-09-25,0,798354,0001193125-21-329664,2021-11-15,2019-09-26,2022-03-24
798354,2021-09-25,0,798354,0001193125-21-244723,2021-08-12,2019-09-26,2022-03-24
798354,2021-09-25,0,798354,0001193125-21-202190,2021-06-28,2019-09-26,2022-03-24
798354,2021-09-25,0,798354,0001193125-21-190089,2021-06-14,2019-09-26,2022-03-24
798354,2021-09-25,0,798354,0001193125-20-301277,2020-11-23,2019-09-26,2022-03-24
798354,2021-09-25,0,798354,0001193125-20-283929,2020-11-02,2019-09-26,2022-03-24
798354,2021-09-25,0,798354,0001193125-20-103974,2020-04-10,2019-09-26,2022-03-24
798354,2023-12-06,0,798354,0001193125-24-066902,2024-03-13,2021-12-06,2024-06-03
798354,2023-12-06,0,798354,0001193125-24-041537,2024-02-21,2021-12-06,2024-06-03
798354,2023-12-06,0,798354,0001193125-24-041532,2024-02-21,2021-12-06,2024-06-03
798354,2023-12-06,0,798354,0001193125-23-289928,2023-12-06,2021-12-06,2024-06-03
798354,2023-12-06,0,798354,0001193125-23-200634,2023-08-01,2021-12-06,2024-06-03
798354,2023-12-06,0,798354,0001193125-22-310467,2022-12-22,2021-12-06,2024-06-03
798354,2023-12-06,0,798354,0001193125-22-290040,2022-11-21,2021-12-06,2024-06-03
798354,2023-12-06,0,798354,0001193125-22-156174,2022-05-20,2021-12-06,2024-06-03
798354,2023-12-06,0,798354,0001193125-22-050253,2022-02-23,2021-12-06,2024-06-03
2041610,2023-01-01,0,813828,0000813828-23-000036,2023-11-17,2021-01-01,2024-03-09
2041610,2023-01-01,0,813828,0000813828-23-000021,2023-06-30,2021-01-01,2024-03-09
2041610,2023-01-01,0,813828,0000813828-22-000018,2022-04-15,2021-01-01,2024-03-09
2041610,2023-01-01,0,813828,0000813828-22-000013,2022-03-11,2021-01-01,2024-03-09
2041610,2023-01-01,0,813828,0000813828-21-000015,2021-05-28,2021-01-01,2024-03-09
2041610,2023-08-10,0,813828,0000813828-23-000036,2023-11-17,2021-08-10,2024-02-06
2041610,2023-08-10,0,813828,0000813828-23-000021,2023-06-30,2021-08-10,2024-02-06
2041610,2023-08-10,0,813828,0000813828-22-000018,2022-04-15,2021-08-10,2024-02-06
2041610,2023-08-10,0,813828,0000813828-22-000013,2022-03-11,2021-08-10,2024-02-06
815097,2020-12-25,0,815097,0000815097-22-000047,2022-06-24,2018-12-26,2022-07-30
815097,2020-12-25,0,815097,0001104659-22-061290,2022-05-16,2018-12-26,2022-07-30
815097,2020-12-25,0,815097,0001104659-22-051225,2022-04-27,2018-12-26,2022-07-30
815097,2020-12-25,0,815097,0000815097-21-000033,2021-03-03,2018-12-26,2022-07-30
815097,2020-12-25,0,815097,0000815097-20-000111,2020-12-04,2018-12-26,2022-07-30
815097,2020-12-25,0,815097,0000815097-20-000033,2020-04-21,2018-12-26,2022-07-30
815097,2020-12-25,0,815097,0001193125-19-010578,2019-01-16,2018-12-26,2022-07-30
815097,2021-03-19,0,815097,0000815097-21-000033,2021-03-03,2019-03-20,2021-11-21
815097,2021-03-19,0,815097,0000815097-20-000111,2020-12-04,2019-03-20,2021-11-21
815097,2021-03-19,0,815097,0000815097-20-000033,2020-04-21,2019-03-20,2021-11-21
823768,2021-01-21,0,823768,0001104659-21-036763,2021-03-16,2019-01-22,2021-11-24
823768,2021-01-21,0,823768,0001104659-21-029723,2021-03-01,2019-01-22,2021-11-24
823768,2021-01-21,0,823768,0001104659-20-042259,2020-04-02,2019-01-22,2021-11-24
823768,2021-01-21,0,823768,0001104659-20-024590,2020-02-25,2019-01-22,2021-11-24
823768,2021-01-21,0,823768,0001410578-19-000883,2019-08-22,2019-01-22,2021-11-24
823768,2021-01-21,0,823768,0001104659-19-010295,2019-02-25,2019-01-22,2021-11-24
831259,2023-08-08,0,831259,0000831259-24-000005,2024-02-09,2021-08-08,2024-03-06
831259,2023-08-08,0,831259,0000831259-23-000007,2023-02-08,2021-08-08,2024-03-06
831259,2023-08-08,0,831259,0000831259-22-000015,2022-03-09,2021-08-08,2024-03-06
831259,2023-08-08,0,831259,0000831259-22-000006,2022-02-08,2021-08-08,2024-03-06
831259,2023-08-08,0,831259,0000831259-21-000040,2021-12-10,2021-08-08,2024-03-06
831259,2023-08-08,0,831259,0000831259-21-000035,2021-11-04,2021-08-08,2024-03-06
858877,2012-03-26,0,858877,0001193125-12-415386,2012-10-04,2010-03-27,2012-10-06
858877,2012-03-26,0,858877,0001193125-12-396875,2012-09-19,2010-03-27,2012-10-06
858877,2012-03-26,0,858877,0001193125-12-332045,2012-08-02,2010-03-27,2012-10-06
858877,2012-03-26,0,858877,0001193125-11-335127,2011-12-08,2010-03-27,2012-10-06
858877,2012-03-26,0,858877,0001193125-11-252379,2011-09-20,2010-03-27,2012-10-06
858877,2012-03-26,0,858877,0001193125-11-073802,2011-03-22,2010-03-27,2012-10-06
858877,2012-03-26,0,858877,0001193125-11-067985,2011-03-16,2010-03-27,2012-10-06
858877,2012-03-26,0,858877,0001193125-11-043592,2011-02-23,2010-03-27,2012-10-06
858877,2012-04-13,0,858877,0001193125-12-415386,2012-10-04,2010-04-14,2012-10-10
858877,2012-04-13,0,858877,0001193125-12-396875,2012-09-19,2010-04-14,2012-10-10
858877,2012-04-13,0,858877,0001193125-12-332045,2012-08-02,2010-04-14,2012-10-10
858877,2012-04-13,0,858877,0001193125-11-335127,2011-12-08,2010-04-14,2012-10-10
858877,2012-04-13,0,858877,0001193125-11-252379,2011-09-20,2010-04-14,2012-10-10
858877,2012-04-13,0,858877,0001193125-11-073802,2011-03-22,2010-04-14,2012-10-10
858877,2012-04-13,0,858877,0001193125-11-067985,2011-03-16,2010-04-14,2012-10-10
858877,2012-04-13,0,858877,0001193125-11-043592,2011-02-23,2010-04-14,2012-10-10
872589,2010-06-18,0,872589,0001206774-10-002373,2010-11-15,2008-06-18,2011-01-22
872589,2010-06-18,0,872589,0000950123-08-015831,2008-11-20,2008-06-18,2011-01-22
877890,2013-04-26,0,877890,0001193125-13-401148,2013-10-16,2011-04-27,2013-12-15
877890,2013-04-26,0,877890,0001193125-13-239426,2013-05-29,2011-04-27,2013-12-15
877890,2013-04-26,0,877890,0001157523-13-002588,2013-05-10,2011-04-27,2013-12-15
877890,2013-04-26,0,877890,0001193125-12-391734,2012-09-14,2011-04-27,2013-12-15
877890,2013-04-26,0,877890,0001193125-12-253772,2012-05-31,2011-04-27,2013-12-15
877890,2013-04-26,0,877890,0001193125-11-157124,2011-06-02,2011-04-27,2013-12-15
877890,2016-11-15,0,877890,0001193125-17-031807,2017-02-06,2014-11-16,2017-06-04
877890,2016-11-15,0,877890,0001193125-17-013672,2017-01-20,2014-11-16,2017-06-04
877890,2016-11-15,0,877890,0001193125-17-004612,2017-01-06,2014-11-16,2017-06-04
877890,2016-11-15,0,877890,0001157523-16-005150,2016-04-20,2014-11-16,2017-06-04
877890,2016-11-15,0,877890,0001193125-16-527884,2016-04-01,2014-11-16,2017-06-04
877890,2016-11-15,0,877890,0001193125-16-433579,2016-01-20,2014-11-16,2017-06-04
877890,2016-11-15,0,877890,0001157523-15-004123,2015-12-29,2014-11-16,2017-06-04
877890,2016-11-15,0,877890,0001193125-15-360559,2015-10-30,2014-11-16,2017-06-04
877890,2016-11-15,0,877890,0001193125-15-353421,2015-10-26,2014-11-16,2017-06-04
877890,2016-11-15,0,877890,0001157523-15-003366,2015-10-21,2014-11-16,2017-06-04
877890,2016-11-15,0,877890,0001193125-15-345782,2015-10-16,2014-11-16,2017-06-04
877890,2016-11-15,0,877890,0001193125-15-335884,2015-10-02,2014-11-16,2017-06-04
877890,2016-11-15,0,877890,0001193125-15-266066,2015-07-28,2014-11-16,2017-06-04
877890,2016-11-15,0,877890,0001193125-15-065855,2015-02-26,2014-11-16,2017-06-04
877890,2016-11-15,0,877890,0001193125-15-048421,2015-02-13,2014-11-16,2017-06-04
877890,2016-11-15,0,877890,0001193125-15-008524,2015-01-13,2014-11-16,2017-06-04
877890,2016-11-15,0,877890,0001157523-14-004783,2014-12-11,2014-11-16,2017-06-04
877890,2018-10-13,0,877890,0001193125-19-250705,2019-09-20,2016-10-13,2019-10-26
877890,2018-10-13,0,877890,0001193125-19-224094,2019-08-19,2016-10-13,2019-10-26
877890,2018-10-13,0,877890,0001193125-19-201216,2019-07-24,2016-10-13,2019-10-26
877890,2018-10-13,0,877890,0001193125-19-167172,2019-06-06,2016-10-13,2019-10-26
877890,2018-10-13,0,877890,0001157523-19-000883,2019-04-24,2016-10-13,2019-10-26
877890,2018-10-13,0,877890,0001193125-18-346960,2018-12-11,2016-10-13,2019-10-26
877890,2018-10-13,0,877890,0001193125-18-188778,2018-06-11,2016-10-13,2019-10-26
877890,2018-10-13,0,877890,0001193125-18-121052,2018-04-18,2016-10-13,2019-10-26
877890,2018-10-13,0,877890,0001193125-18-032239,2018-02-05,2016-10-13,2019-10-26
877890,2018-10-13,0,877890,0001193125-17-290475,2017-09-21,2016-10-13,2019-10-26
877890,2018-10-13,0,877890,0001193125-17-289405,2017-09-20,2016-10-13,2019-10-26
877890,2018-10-13,0,877890,0001193125-17-225256,2017-07-10,2016-10-13,2019-10-26
877890,2018-10-13,0,877890,0001193125-17-214883,2017-06-27,2016-10-13,2019-10-26
877890,2018-10-13,0,877890,0001193125-17-031807,2017-02-06,2016-10-13,2019-10-26
877890,2018-10-13,0,877890,0001193125-17-013672,2017-01-20,2016-10-13,2019-10-26
877890,2018-10-13,0,877890,0001193125-17-004612,2017-01-06,2016-10-13,2019-10-26
892553,2009-07-23,0,892553,0001193125-09-115885,2009-05-20,2007-07-24,2010-02-06
892553,2009-07-23,0,892553,0000950152-08-001622,2008-03-03,2007-07-24,2010-02-06
892553,2009-07-23,0,892553,0000950152-07-006507,2007-08-07,2007-07-24,2010-02-06
892553,2009-07-23,0,892553,0000950152-07-006436,2007-08-06,2007-07-24,2010-02-06
896878,2008-05-26,0,896878,0000950134-08-022449,2008-12-19,2006-05-27,2009-03-04
896878,2008-05-26,0,896878,0000950134-08-021520,2008-12-02,2006-05-27,2009-03-04
896878,2008-05-26,0,896878,0000950134-08-018583,2008-10-28,2006-05-27,2009-03-04
896878,2008-05-26,0,896878,0000950134-08-013312,2008-07-25,2006-05-27,2009-03-04
896878,2008-05-26,0,896878,0000950134-08-001977,2008-02-08,2006-05-27,2009-03-04
896878,2008-05-26,0,896878,0000950134-07-025545,2007-12-17,2006-05-27,2009-03-04
896878,2008-05-26,0,896878,0000950134-07-023354,2007-11-08,2006-05-27,2009-03-04
896878,2008-05-26,0,896878,0000950134-07-022010,2007-10-26,2006-05-27,2009-03-04
896878,2008-05-26,0,896878,0000950134-07-020924,2007-10-05,2006-05-27,2009-03-04
896878,2008-05-26,0,896878,0000891618-07-000516,2007-08-22,2006-05-27,2009-03-04
896878,2008-05-26,0,896878,0000950134-07-016170,2007-07-30,2006-05-27,2009-03-04
896878,2008-05-26,0,896878,0000950134-07-013435,2007-06-14,2006-05-27,2009-03-04
896878,2008-05-26,0,896878,0000950134-07-013237,2007-06-11,2006-05-27,2009-03-04
896878,2008-05-26,0,896878,0000950134-07-004389,2007-02-28,2006-05-27,2009-03-04
896878,2008-05-26,0,896878,0000950134-06-019813,2006-10-27,2006-05-27,2009-03-04
896878,2008-05-26,0,896878,0000950134-06-016417,2006-08-17,2006-05-27,2009-03-04
896878,2008-09-24,0,896878,0000950134-08-022449,2008-12-19,2006-09-25,2009-03-23
896878,2008-09-24,0,896878,0000950134-08-021520,2008-12-02,2006-09-25,2009-03-23
896878,2008-09-24,0,896878,0000950134-08-018583,2008-10-28,2006-09-25,2009-03-23
896878,2008-09-24,0,896878,0000950134-08-013312,2008-07-25,2006-09-25,2009-03-23
896878,2008-09-24,0,896878,0000950134-08-001977,2008-02-08,2006-09-25,2009-03-23
896878,2008-09-24,0,896878,0000950134-07-025545,2007-12-17,2006-09-25,2009-03-23
896878,2008-09-24,0,896878,0000950134-07-023354,2007-11-08,2006-09-25,2009-03-23
896878,2008-09-24,0,896878,0000950134-07-022010,2007-10-26,2006-09-25,2009-03-23
896878,2008-09-24,0,896878,0000950134-07-020924,2007-10-05,2006-09-25,2009-03-23
896878,2008-09-24,0,896878,0000891618-07-000516,2007-08-22,2006-09-25,2009-03-23
896878,2008-09-24,0,896878,0000950134-07-016170,2007-07-30,2006-09-25,2009-03-23
896878,2008-09-24,0,896878,0000950134-07-013435,2007-06-14,2006-09-25,2009-03-23
896878,2008-09-24,0,896878,0000950134-07-013237,2007-06-11,2006-09-25,2009-03-23
896878,2008-09-24,0,896878,0000950134-07-004389,2007-02-28,2006-09-25,2009-03-23
896878,2008-09-24,0,896878,0000950134-06-019813,2006-10-27,2006-09-25,2009-03-23
896878,2014-02-01,0,896878,0001193125-15-019001,2015-01-23,2012-02-02,2015-10-04
896878,2014-02-01,0,896878,0001193125-14-394221,2014-11-03,2012-02-02,2015-10-04
896878,2014-02-01,0,896878,0001193125-14-284196,2014-07-29,2012-02-02,2015-10-04
896878,2014-02-01,0,896878,0000896878-14-000030,2014-02-11,2012-02-02,2015-10-04
896878,2014-02-01,0,896878,0001193125-14-020495,2014-01-24,2012-02-02,2015-10-04
896878,2014-02-01,0,896878,0001193125-13-302682,2013-07-25,2012-02-02,2015-10-04
896878,2014-02-01,0,896878,0001193125-13-295758,2013-07-19,2012-02-02,2015-10-04
896878,2014-02-01,0,896878,0000896878-13-000062,2013-05-20,2012-02-02,2015-10-04
896878,2014-02-01,0,896878,0001193125-12-319554,2012-07-27,2012-02-02,2015-10-04
896878,2014-02-01,0,896878,0001193125-12-186061,2012-04-26,2012-02-02,2015-10-04
896878,2014-04-01,0,896878,0001193125-15-019001,2015-01-23,2012-04-01,2015-08-14
896878,2014-04-01,0,896878,0001193125-14-394221,2014-11-03,2012-04-01,2015-08-14
896878,2014-04-01,0,896878,0001193125-14-284196,2014-07-29,2012-04-01,2015-08-14
896878,2014-04-01,0,896878,0000896878-14-000030,2014-02-11,2012-04-01,2015-08-14
896878,2014-04-01,0,896878,0001193125-14-020495,2014-01-24,2012-04-01,2015-08-14
896878,2014-04-01,0,896878,0001193125-13-302682,2013-07-25,2012-04-01,2015-08-14
896878,2014-04-01,0,896878,0001193125-13-295758,2013-07-19,2012-04-01,2015-08-14
896878,2014-04-01,0,896878,0000896878-13-000062,2013-05-20,2012-04-01,2015-08-14
896878,2014-04-01,0,896878,0001193125-12-319554,2012-07-27,2012-04-01,2015-08-14
896878,2014-04-01,0,896878,0001193125-12-186061,2012-04-26,2012-04-01,2015-08-14
896878,2014-04-18,0,896878,0001193125-15-019001,2015-01-23,2012-04-18,2015-08-14
896878,2014-04-18,0,896878,0001193125-14-394221,2014-11-03,2012-04-18,2015-08-14
896878,2014-04-18,0,896878,0001193125-14-284196,2014-07-29,2012-04-18,2015-08-14
896878,2014-04-18,0,896878,0000896878-14-000030,2014-02-11,2012-04-18,2015-08-14
896878,2014-04-18,0,896878,0001193125-14-020495,2014-01-24,2012-04-18,2015-08-14
896878,2014-04-18,0,896878,0001193125-13-302682,2013-07-25,2012-04-18,2015-08-14
896878,2014-04-18,0,896878,0001193125-13-295758,2013-07-19,2012-04-18,2015-08-14
896878,2014-04-18,0,896878,0000896878-13-000062,2013-05-20,2012-04-18,2015-08-14
896878,2014-04-18,0,896878,0001193125-12-319554,2012-07-27,2012-04-18,2015-08-14
896878,2014-04-18,0,896878,0001193125-12-186061,2012-04-26,2012-04-18,2015-08-14
896878,2015-04-07,0,896878,0001193125-15-019001,2015-01-23,2013-04-07,2015-10-04
896878,2015-04-07,0,896878,0001193125-14-394221,2014-11-03,2013-04-07,2015-10-04
896878,2015-04-07,0,896878,0001193125-14-284196,2014-07-29,2013-04-07,2015-10-04
896878,2015-04-07,0,896878,0000896878-14-000030,2014-02-11,2013-04-07,2015-10-04
896878,2015-04-07,0,896878,0001193125-14-020495,2014-01-24,2013-04-07,2015-10-04
896878,2015-04-07,0,896878,0001193125-13-302682,2013-07-25,2013-04-07,2015-10-04
896878,2015-04-07,0,896878,0001193125-13-295758,2013-07-19,2013-04-07,2015-10-04
896878,2015-04-07,0,896878,0000896878-13-000062,2013-05-20,2013-04-07,2015-10-04
896878,2015-04-14,0,896878,0001193125-15-019001,2015-01-23,2013-04-14,2015-10-11
896878,2015-04-14,0,896878,0001193125-14-394221,2014-11-03,2013-04-14,2015-10-11
896878,2015-04-14,0,896878,0001193125-14-284196,2014-07-29,2013-04-14,2015-10-11
896878,2015-04-14,0,896878,0000896878-14-000030,2014-02-11,2013-04-14,2015-10-11
896878,2015-04-14,0,896878,0001193125-14-020495,2014-01-24,2013-04-14,2015-10-11
896878,2015-04-14,0,896878,0001193125-13-302682,2013-07-25,2013-04-14,2015-10-11
896878,2015-04-14,0,896878,0001193125-13-295758,2013-07-19,2013-04-14,2015-10-11
896878,2015-04-14,0,896878,0000896878-13-000062,2013-05-20,2013-04-14,2015-10-11
896878,2015-05-20,0,896878,0001193125-15-360231,2015-10-30,2013-05-20,2015-11-16
896878,2015-05-20,0,896878,0001193125-15-019001,2015-01-23,2013-05-20,2015-11-16
896878,2015-05-20,0,896878,0001193125-14-394221,2014-11-03,2013-05-20,2015-11-16
896878,2015-05-20,0,896878,0001193125-14-284196,2014-07-29,2013-05-20,2015-11-16
896878,2015-05-20,0,896878,0000896878-14-000030,2014-02-11,2013-05-20,2015-11-16
896878,2015-05-20,0,896878,0001193125-14-020495,2014-01-24,2013-05-20,2015-11-16
896878,2015-05-20,0,896878,0001193125-13-302682,2013-07-25,2013-05-20,2015-11-16
896878,2015-05-20,0,896878,0001193125-13-295758,2013-07-19,2013-05-20,2015-11-16
896878,2015-05-20,0,896878,0000896878-13-000062,2013-05-20,2013-05-20,2015-11-16
896878,2015-09-18,0,896878,0001193125-15-360231,2015-10-30,2013-09-18,2016-04-24
896878,2015-09-18,0,896878,0001193125-15-019001,2015-01-23,2013-09-18,2016-04-24
896878,2015-09-18,0,896878,0001193125-14-394221,2014-11-03,2013-09-18,2016-04-24
896878,2015-09-18,0,896878,0001193125-14-284196,2014-07-29,2013-09-18,2016-04-24
896878,2015-09-18,0,896878,0000896878-14-000030,2014-02-11,2013-09-18,2016-04-24
896878,2015-09-18,0,896878,0001193125-14-020495,2014-01-24,2013-09-18,2016-04-24
896878,2015-10-12,0,896878,0000896878-16-000219,2016-05-09,2013-10-12,2016-05-15
896878,2015-10-12,0,896878,0001193125-15-360231,2015-10-30,2013-10-12,2016-05-15
896878,2015-10-12,0,896878,0001193125-15-019001,2015-01-23,2013-10-12,2016-05-15
896878,2015-10-12,0,896878,0001193125-14-394221,2014-11-03,2013-10-12,2016-05-15
896878,2015-10-12,0,896878,0001193125-14-284196,2014-07-29,2013-10-12,2016-05-15
896878,2015-10-12,0,896878,0000896878-14-000030,2014-02-11,2013-10-12,2016-05-15
896878,2015-10-12,0,896878,0001193125-14-020495,2014-01-24,2013-10-12,2016-05-15
896878,2015-12-01,0,896878,0000896878-16-000219,2016-05-09,2013-12-01,2016-06-20
896878,2015-12-01,0,896878,0001193125-15-360231,2015-10-30,2013-12-01,2016-06-20
896878,2015-12-01,0,896878,0001193125-15-019001,2015-01-23,2013-12-01,2016-06-20
896878,2015-12-01,0,896878,0001193125-14-394221,2014-11-03,2013-12-01,2016-06-20
896878,2015-12-01,0,896878,0001193125-14-284196,2014-07-29,2013-12-01,2016-06-20
896878,2015-12-01,0,896878,0000896878-14-000030,2014-02-11,2013-12-01,2016-06-20
896878,2015-12-01,0,896878,0001193125-14-020495,2014-01-24,2013-12-01,2016-06-20
896878,2015-12-07,0,896878,0000896878-16-000219,2016-05-09,2013-12-07,2016-06-04
896878,2015-12-07,0,896878,0001193125-15-360231,2015-10-30,2013-12-07,2016-06-04
896878,2015-12-07,0,896878,0001193125-15-019001,2015-01-23,2013-12-07,2016-06-04
896878,2015-12-07,0,896878,0001193125-14-394221,2014-11-03,2013-12-07,2016-06-04
896878,2015-12-07,0,896878,0001193125-14-284196,2014-07-29,2013-12-07,2016-06-04
896878,2015-12-07,0,896878,0000896878-14-000030,2014-02-11,2013-12-07,2016-06-04
896878,2015-12-07,0,896878,0001193125-14-020495,2014-01-24,2013-12-07,2016-06-04
896878,2015-12-31,0,896878,0000896878-16-000219,2016-05-09,2013-12-31,2016-07-13
896878,2015-12-31,0,896878,0001193125-15-360231,2015-10-30,2013-12-31,2016-07-13
896878,2015-12-31,0,896878,0001193125-15-019001,2015-01-23,2013-12-31,2016-07-13
896878,2015-12-31,0,896878,0001193125-14-394221,2014-11-03,2013-12-31,2016-07-13
896878,2015-12-31,0,896878,0001193125-14-284196,2014-07-29,2013-12-31,2016-07-13
896878,2015-12-31,0,896878,0000896878-14-000030,2014-02-11,2013-12-31,2016-07-13
896878,2015-12-31,0,896878,0001193125-14-020495,2014-01-24,2013-12-31,2016-07-13
896878,2016-01-21,0,896878,0000896878-16-000219,2016-05-09,2014-01-21,2016-08-07
896878,2016-01-21,0,896878,0001193125-15-360231,2015-10-30,2014-01-21,2016-08-07
896878,2016-01-21,0,896878,0001193125-15-019001,2015-01-23,2014-01-21,2016-08-07
896878,2016-01-21,0,896878,0001193125-14-394221,2014-11-03,2014-01-21,2016-08-07
896878,2016-01-21,0,896878,0001193125-14-284196,2014-07-29,2014-01-21,2016-08-07
896878,2016-01-21,0,896878,0000896878-14-000030,2014-02-11,2014-01-21,2016-08-07
896878,2016-01-21,0,896878,0001193125-14-020495,2014-01-24,2014-01-21,2016-08-07
896878,2016-02-04,0,896878,0000896878-16-000219,2016-05-09,2014-02-04,2016-08-29
896878,2016-02-04,0,896878,0001193125-15-360231,2015-10-30,2014-02-04,2016-08-29
896878,2016-02-04,0,896878,0001193125-15-019001,2015-01-23,2014-02-04,2016-08-29
896878,2016-02-04,0,896878,0001193125-14-394221,2014-11-03,2014-02-04,2016-08-29
896878,2016-02-04,0,896878,0001193125-14-284196,2014-07-29,2014-02-04,2016-08-29
896878,2016-02-04,0,896878,0000896878-14-000030,2014-02-11,2014-02-04,2016-08-29
896878,2016-02-24,0,896878,0000896878-16-000219,2016-05-09,2014-02-24,2016-09-10
896878,2016-02-24,0,896878,0001193125-15-360231,2015-10-30,2014-02-24,2016-09-10
896878,2016-02-24,0,896878,0001193125-15-019001,2015-01-23,2014-02-24,2016-09-10
896878,2016-02-24,0,896878,0001193125-14-394221,2014-11-03,2014-02-24,2016-09-10
896878,2016-02-24,0,896878,0001193125-14-284196,2014-07-29,2014-02-24,2016-09-10
896878,2016-02-29,0,896878,0000896878-16-000219,2016-05-09,2014-03-01,2016-09-12
896878,2016-02-29,0,896878,0001193125-15-360231,2015-10-30,2014-03-01,2016-09-12
896878,2016-02-29,0,896878,0001193125-15-019001,2015-01-23,2014-03-01,2016-09-12
896878,2016-02-29,0,896878,0001193125-14-394221,2014-11-03,2014-03-01,2016-09-12
896878,2016-02-29,0,896878,0001193125-14-284196,2014-07-29,2014-03-01,2016-09-12
896878,2016-03-07,0,896878,0000896878-16-000219,2016-05-09,2014-03-08,2016-09-28
896878,2016-03-07,0,896878,0001193125-15-360231,2015-10-30,2014-03-08,2016-09-28
896878,2016-03-07,0,896878,0001193125-15-019001,2015-01-23,2014-03-08,2016-09-28
896878,2016-03-07,0,896878,0001193125-14-394221,2014-11-03,2014-03-08,2016-09-28
896878,2016-03-07,0,896878,0001193125-14-284196,2014-07-29,2014-03-08,2016-09-28
896878,2016-03-17,0,896878,0000896878-16-000219,2016-05-09,2014-03-18,2016-09-13
896878,2016-03-17,0,896878,0001193125-15-360231,2015-10-30,2014-03-18,2016-09-13
896878,2016-03-17,0,896878,0001193125-15-019001,2015-01-23,2014-03-18,2016-09-13
896878,2016-03-17,0,896878,0001193125-14-394221,2014-11-03,2014-03-18,2016-09-13
896878,2016-03-17,0,896878,0001193125-14-284196,2014-07-29,2014-03-18,2016-09-13
896878,2016-03-22,0,896878,0000896878-16-000219,2016-05-09,2014-03-23,2016-10-25
896878,2016-03-22,0,896878,0001193125-15-360231,2015-10-30,2014-03-23,2016-10-25
896878,2016-03-22,0,896878,0001193125-15-019001,2015-01-23,2014-03-23,2016-10-25
896878,2016-03-22,0,896878,0001193125-14-394221,2014-11-03,2014-03-23,2016-10-25
896878,2016-03-22,0,896878,0001193125-14-284196,2014-07-29,2014-03-23,2016-10-25
896878,2016-03-29,0,896878,0000896878-16-000219,2016-05-09,2014-03-30,2017-04-15
896878,2016-03-29,0,896878,0001193125-15-360231,2015-10-30,2014-03-30,2017-04-15
896878,2016-03-29,0,896878,0001193125-15-019001,2015-01-23,2014-03-30,2017-04-15
896878,2016-03-29,0,896878,0001193125-14-394221,2014-11-03,2014-03-30,2017-04-15
896878,2016-03-29,0,896878,0001193125-14-284196,2014-07-29,2014-03-30,2017-04-15
896878,2016-04-06,0,896878,0000896878-16-000219,2016-05-09,2014-04-07,2016-11-05
896878,2016-04-06,0,896878,0001193125-15-360231,2015-10-30,2014-04-07,2016-11-05
896878,2016-04-06,0,896878,0001193125-15-019001,2015-01-23,2014-04-07,2016-11-05
896878,2016-04-06,0,896878,0001193125-14-394221,2014-11-03,2014-04-07,2016-11-05
896878,2016-04-06,0,896878,0001193125-14-284196,2014-07-29,2014-04-07,2016-11-05
896878,2016-04-14,0,896878,0000896878-16-000219,2016-05-09,2014-04-15,2016-10-11
896878,2016-04-14,0,896878,0001193125-15-360231,2015-10-30,2014-04-15,2016-10-11
896878,2016-04-14,0,896878,0001193125-15-019001,2015-01-23,2014-04-15,2016-10-11
896878,2016-04-14,0,896878,0001193125-14-394221,2014-11-03,2014-04-15,2016-10-11
896878,2016-04-14,0,896878,0001193125-14-284196,2014-07-29,2014-04-15,2016-10-11
896878,2016-04-29,0,896878,0000896878-16-000219,2016-05-09,2014-04-30,2016-10-26
896878,2016-04-29,0,896878,0001193125-15-360231,2015-10-30,2014-04-30,2016-10-26
896878,2016-04-29,0,896878,0001193125-15-019001,2015-01-23,2014-04-30,2016-10-26
896878,2016-04-29,0,896878,0001193125-14-394221,2014-11-03,2014-04-30,2016-10-26
896878,2016-04-29,0,896878,0001193125-14-284196,2014-07-29,2014-04-30,2016-10-26
896878,2016-05-17,0,896878,0000896878-16-000219,2016-05-09,2014-05-18,2016-12-07
896878,2016-05-17,0,896878,0001193125-15-360231,2015-10-30,2014-05-18,2016-12-07
896878,2016-05-17,0,896878,0001193125-15-019001,2015-01-23,2014-05-18,2016-12-07
896878,2016-05-17,0,896878,0001193125-14-394221,2014-11-03,2014-05-18,2016-12-07
896878,2016-05-17,0,896878,0001193125-14-284196,2014-07-29,2014-05-18,2016-12-07
896878,2016-05-27,0,896878,0000896878-16-000219,2016-05-09,2014-05-28,2016-11-23
896878,2016-05-27,0,896878,0001193125-15-360231,2015-10-30,2014-05-28,2016-11-23
896878,2016-05-27,0,896878,0001193125-15-019001,2015-01-23,2014-05-28,2016-11-23
896878,2016-05-27,0,896878,0001193125-14-394221,2014-11-03,2014-05-28,2016-11-23
896878,2016-05-27,0,896878,0001193125-14-284196,2014-07-29,2014-05-28,2016-11-23
896878,2016-06-01,0,896878,0000896878-16-000219,2016-05-09,2014-06-02,2017-01-07
896878,2016-06-01,0,896878,0001193125-15-360231,2015-10-30,2014-06-02,2017-01-07
896878,2016-06-01,0,896878,0001193125-15-019001,2015-01-23,2014-06-02,2017-01-07
896878,2016-06-01,0,896878,0001193125-14-394221,2014-11-03,2014-06-02,2017-01-07
896878,2016-06-01,0,896878,0001193125-14-284196,2014-07-29,2014-06-02,2017-01-07
896878,2016-06-09,0,896878,0000896878-16-000219,2016-05-09,2014-06-10,2016-12-18
896878,2016-06-09,0,896878,0001193125-15-360231,2015-10-30,2014-06-10,2016-12-18
896878,2016-06-09,0,896878,0001193125-15-019001,2015-01-23,2014-06-10,2016-12-18
896878,2016-06-09,0,896878,0001193125-14-394221,2014-11-03,2014-06-10,2016-12-18
896878,2016-06-09,0,896878,0001193125-14-284196,2014-07-29,2014-06-10,2016-12-18
896878,2016-08-03,0,896878,0000896878-16-000219,2016-05-09,2014-08-04,2017-02-15
896878,2016-08-03,0,896878,0001193125-15-360231,2015-10-30,2014-08-04,2017-02-15
896878,2016-08-03,0,896878,0001193125-15-019001,2015-01-23,2014-08-04,2017-02-15
896878,2016-08-03,0,896878,0001193125-14-394221,2014-11-03,2014-08-04,2017-02-15
896878,2016-08-22,0,896878,0000896878-16-000219,2016-05-09,2014-08-23,2017-03-14
896878,2016-08-22,0,896878,0001193125-15-360231,2015-10-30,2014-08-23,2017-03-14
896878,2016-08-22,0,896878,0001193125-15-019001,2015-01-23,2014-08-23,2017-03-14
896878,2016-08-22,0,896878,0001193125-14-394221,2014-11-03,2014-08-23,2017-03-14
896878,2016-09-12,0,896878,0000896878-16-000219,2016-05-09,2014-09-13,2017-03-22
896878,2016-09-12,0,896878,0001193125-15-360231,2015-10-30,2014-09-13,2017-03-22
896878,2016-09-12,0,896878,0001193125-15-019001,2015-01-23,2014-09-13,2017-03-22
896878,2016-09-12,0,896878,0001193125-14-394221,2014-11-03,2014-09-13,2017-03-22
896878,2016-09-26,0,896878,0000896878-16-000219,2016-05-09,2014-09-27,2017-03-25
896878,2016-09-26,0,896878,0001193125-15-360231,2015-10-30,2014-09-27,2017-03-25
896878,2016-09-26,0,896878,0001193125-15-019001,2015-01-23,2014-09-27,2017-03-25
896878,2016-09-26,0,896878,0001193125-14-394221,2014-11-03,2014-09-27,2017-03-25
896878,2016-10-18,0,896878,0000896878-16-000219,2016-05-09,2014-10-19,2017-04-16
896878,2016-10-18,0,896878,0001193125-15-360231,2015-10-30,2014-10-19,2017-04-16
896878,2016-10-18,0,896878,0001193125-15-019001,2015-01-23,2014-10-19,2017-04-16
896878,2016-10-18,0,896878,0001193125-14-394221,2014-11-03,2014-10-19,2017-04-16
896878,2016-10-23,0,896878,0000896878-16-000219,2016-05-09,2014-10-24,2017-05-17
896878,2016-10-23,0,896878,0001193125-15-360231,2015-10-30,2014-10-24,2017-05-17
896878,2016-10-23,0,896878,0001193125-15-019001,2015-01-23,2014-10-24,2017-05-17
896878,2016-10-23,0,896878,0001193125-14-394221,2014-11-03,2014-10-24,2017-05-17
896878,2016-10-30,0,896878,0000896878-16-000219,2016-05-09,2014-10-31,2017-05-09
896878,2016-10-30,0,896878,0001193125-15-360231,2015-10-30,2014-10-31,2017-05-09
896878,2016-10-30,0,896878,0001193125-15-019001,2015-01-23,2014-10-31,2017-05-09
896878,2016-10-30,0,896878,0001193125-14-394221,2014-11-03,2014-10-31,2017-05-09
896878,2016-11-22,0,896878,0000896878-16-000219,2016-05-09,2014-11-23,2017-06-10
896878,2016-11-22,0,896878,0001193125-15-360231,2015-10-30,2014-11-23,2017-06-10
896878,2016-11-22,0,896878,0001193125-15-019001,2015-01-23,2014-11-23,2017-06-10
896878,2016-12-05,0,896878,0000896878-16-000219,2016-05-09,2014-12-06,2017-06-03
896878,2016-12-05,0,896878,0001193125-15-360231,2015-10-30,2014-12-06,2017-06-03
896878,2016-12-05,0,896878,0001193125-15-019001,2015-01-23,2014-12-06,2017-06-03
896878,2016-12-13,0,896878,0000896878-16-000219,2016-05-09,2014-12-14,2017-06-11
896878,2016-12-13,0,896878,0001193125-15-360231,2015-10-30,2014-12-14,2017-06-11
896878,2016-12-13,0,896878,0001193125-15-019001,2015-01-23,2014-12-14,2017-06-11
896878,2017-01-01,0,896878,0000896878-17-000162,2017-10-19,2015-01-02,2017-12-10
896878,2017-01-01,0,896878,0000896878-17-000117,2017-08-22,2015-01-02,2017-12-10
896878,2017-01-01,0,896878,0000896878-17-000080,2017-07-21,2015-01-02,2017-12-10
896878,2017-01-01,0,896878,0000896878-16-000219,2016-05-09,2015-01-02,2017-12-10
896878,2017-01-01,0,896878,0001193125-15-360231,2015-10-30,2015-01-02,2017-12-10
896878,2017-01-01,0,896878,0001193125-15-019001,2015-01-23,2015-01-02,2017-12-10
896878,2017-01-12,0,896878,0000896878-17-000080,2017-07-21,2015-01-13,2017-07-25
896878,2017-01-12,0,896878,0000896878-16-000219,2016-05-09,2015-01-13,2017-07-25
896878,2017-01-12,0,896878,0001193125-15-360231,2015-10-30,2015-01-13,2017-07-25
896878,2017-01-12,0,896878,0001193125-15-019001,2015-01-23,2015-01-13,2017-07-25
896878,2017-01-27,0,896878,0000896878-17-000080,2017-07-21,2015-01-28,2017-07-26
896878,2017-01-27,0,896878,0000896878-16-000219,2016-05-09,2015-01-28,2017-07-26
896878,2017-01-27,0,896878,0001193125-15-360231,2015-10-30,2015-01-28,2017-07-26
896878,2017-02-13,0,896878,0000896878-17-000080,2017-07-21,2015-02-14,2017-08-20
896878,2017-02-13,0,896878,0000896878-16-000219,2016-05-09,2015-02-14,2017-08-20
896878,2017-02-13,0,896878,0001193125-15-360231,2015-10-30,2015-02-14,2017-08-20
896878,2017-02-20,0,896878,0000896878-17-000117,2017-08-22,2015-02-21,2017-09-06
896878,2017-02-20,0,896878,0000896878-17-000080,2017-07-21,2015-02-21,2017-09-06
896878,2017-02-20,0,896878,0000896878-16-000219,2016-05-09,2015-02-21,2017-09-06
896878,2017-02-20,0,896878,0001193125-15-360231,2015-10-30,2015-02-21,2017-09-06
896878,2017-02-28,0,896878,0000896878-17-000117,2017-08-22,2015-03-01,2017-09-13
896878,2017-02-28,0,896878,0000896878-17-000080,2017-07-21,2015-03-01,2017-09-13
896878,2017-02-28,0,896878,0000896878-16-000219,2016-05-09,2015-03-01,2017-09-13
896878,2017-02-28,0,896878,0001193125-15-360231,2015-10-30,2015-03-01,2017-09-13
896878,2017-03-12,0,896878,0000896878-17-000117,2017-08-22,2015-03-13,2017-09-25
896878,2017-03-12,0,896878,0000896878-17-000080,2017-07-21,2015-03-13,2017-09-25
896878,2017-03-12,0,896878,0000896878-16-000219,2016-05-09,2015-03-13,2017-09-25
896878,2017-03-12,0,896878,0001193125-15-360231,2015-10-30,2015-03-13,2017-09-25
896878,2017-04-02,0,896878,0000896878-17-000117,2017-08-22,2015-04-03,2017-10-14
896878,2017-04-02,0,896878,0000896878-17-000080,2017-07-21,2015-04-03,2017-10-14
896878,2017-04-02,0,896878,0000896878-16-000219,2016-05-09,2015-04-03,2017-10-14
896878,2017-04-02,0,896878,0001193125-15-360231,2015-10-30,2015-04-03,2017-10-14
896878,2017-04-17,0,896878,0000896878-17-000162,2017-10-19,2015-04-18,2017-11-01
896878,2017-04-17,0,896878,0000896878-17-000117,2017-08-22,2015-04-18,2017-11-01
896878,2017-04-17,0,896878,0000896878-17-000080,2017-07-21,2015-04-18,2017-11-01
896878,2017-04-17,0,896878,0000896878-16-000219,2016-05-09,2015-04-18,2017-11-01
896878,2017-04-17,0,896878,0001193125-15-360231,2015-10-30,2015-04-18,2017-11-01
896878,2017-04-30,0,896878,0000896878-17-000162,2017-10-19,2015-05-01,2017-11-13
896878,2017-04-30,0,896878,0000896878-17-000117,2017-08-22,2015-05-01,2017-11-13
896878,2017-04-30,0,896878,0000896878-17-000080,2017-07-21,2015-05-01,2017-11-13
896878,2017-04-30,0,896878,0000896878-16-000219,2016-05-09,2015-05-01,2017-11-13
896878,2017-04-30,0,896878,0001193125-15-360231,2015-10-30,2015-05-01,2017-11-13
896878,2017-06-01,0,896878,0000896878-17-000162,2017-10-19,2015-06-02,2018-01-17
896878,2017-06-01,0,896878,0000896878-17-000117,2017-08-22,2015-06-02,2018-01-17
896878,2017-06-01,0,896878,0000896878-17-000080,2017-07-21,2015-06-02,2018-01-17
896878,2017-06-01,0,896878,0000896878-16-000219,2016-05-09,2015-06-02,2018-01-17
896878,2017-06-01,0,896878,0001193125-15-360231,2015-10-30,2015-06-02,2018-01-17
896878,2017-06-14,0,896878,0000896878-17-000162,2017-10-19,2015-06-15,2017-12-11
896878,2017-06-14,0,896878,0000896878-17-000117,2017-08-22,2015-06-15,2017-12-11
896878,2017-06-14,0,896878,0000896878-17-000080,2017-07-21,2015-06-15,2017-12-11
896878,2017-06-14,0,896878,0000896878-16-000219,2016-05-09,2015-06-15,2017-12-11
896878,2017-06-14,0,896878,0001193125-15-360231,2015-10-30,2015-06-15,2017-12-11
896878,2017-07-30,0,896878,0000896878-18-000025,2018-01-23,2015-07-31,2018-02-11
896878,2017-07-30,0,896878,0000896878-17-000162,2017-10-19,2015-07-31,2018-02-11
896878,2017-07-30,0,896878,0000896878-17-000117,2017-08-22,2015-07-31,2018-02-11
896878,2017-07-30,0,896878,0000896878-17-000080,2017-07-21,2015-07-31,2018-02-11
896878,2017-07-30,0,896878,0000896878-16-000219,2016-05-09,2015-07-31,2018-02-11
896878,2017-07-30,0,896878,0001193125-15-360231,2015-10-30,2015-07-31,2018-02-11
896878,2017-08-08,0,896878,0000896878-18-000025,2018-01-23,2015-08-09,2018-02-04
896878,2017-08-08,0,896878,0000896878-17-000162,2017-10-19,2015-08-09,2018-02-04
896878,2017-08-08,0,896878,0000896878-17-000117,2017-08-22,2015-08-09,2018-02-04
896878,2017-08-08,0,896878,0000896878-17-000080,2017-07-21,2015-08-09,2018-02-04
896878,2017-08-08,0,896878,0000896878-16-000219,2016-05-09,2015-08-09,2018-02-04
896878,2017-08-08,0,896878,0001193125-15-360231,2015-10-30,2015-08-09,2018-02-04
896878,2017-08-16,0,896878,0000896878-18-000025,2018-01-23,2015-08-17,2018-02-12
896878,2017-08-16,0,896878,0000896878-17-000162,2017-10-19,2015-08-17,2018-02-12
896878,2017-08-16,0,896878,0000896878-17-000117,2017-08-22,2015-08-17,2018-02-12
896878,2017-08-16,0,896878,0000896878-17-000080,2017-07-21,2015-08-17,2018-02-12
896878,2017-08-16,0,896878,0000896878-16-000219,2016-05-09,2015-08-17,2018-02-12
896878,2017-08-16,0,896878,0001193125-15-360231,2015-10-30,2015-08-17,2018-02-12
896878,2017-08-25,0,896878,0000896878-18-000025,2018-01-23,2015-08-26,2018-02-21
896878,2017-08-25,0,896878,0000896878-17-000162,2017-10-19,2015-08-26,2018-02-21
896878,2017-08-25,0,896878,0000896878-17-000117,2017-08-22,2015-08-26,2018-02-21
896878,2017-08-25,0,896878,0000896878-17-000080,2017-07-21,2015-08-26,2018-02-21
896878,2017-08-25,0,896878,0000896878-16-000219,2016-05-09,2015-08-26,2018-02-21
896878,2017-08-25,0,896878,0001193125-15-360231,2015-10-30,2015-08-26,2018-02-21
896878,2017-09-01,0,896878,0000896878-18-000025,2018-01-23,2015-09-02,2018-02-28
896878,2017-09-01,0,896878,0000896878-17-000162,2017-10-19,2015-09-02,2018-02-28
896878,2017-09-01,0,896878,0000896878-17-000117,2017-08-22,2015-09-02,2018-02-28
896878,2017-09-01,0,896878,0000896878-17-000080,2017-07-21,2015-09-02,2018-02-28
896878,2017-09-01,0,896878,0000896878-16-000219,2016-05-09,2015-09-02,2018-02-28
896878,2017-09-01,0,896878,0001193125-15-360231,2015-10-30,2015-09-02,2018-02-28
896878,2017-10-17,0,896878,0000896878-18-000025,2018-01-23,2015-10-18,2018-04-15
896878,2017-10-17,0,896878,0000896878-17-000162,2017-10-19,2015-10-18,2018-04-15
896878,2017-10-17,0,896878,0000896878-17-000117,2017-08-22,2015-10-18,2018-04-15
896878,2017-10-17,0,896878,0000896878-17-000080,2017-07-21,2015-10-18,2018-04-15
896878,2017-10-17,0,896878,0000896878-16-000219,2016-05-09,2015-10-18,2018-04-15
896878,2017-10-17,0,896878,0001193125-15-360231,2015-10-30,2015-10-18,2018-04-15
896878,2018-02-06,0,896878,0000896878-18-000162,2018-08-23,2016-02-07,2018-09-01
896878,2018-02-06,0,896878,0000896878-18-000073,2018-05-22,2016-02-07,2018-09-01
896878,2018-02-06,0,896878,0000896878-18-000025,2018-01-23,2016-02-07,2018-09-01
896878,2018-02-06,0,896878,0000896878-17-000162,2017-10-19,2016-02-07,2018-09-01
896878,2018-02-06,0,896878,0000896878-17-000117,2017-08-22,2016-02-07,2018-09-01
896878,2018-02-06,0,896878,0000896878-17-000080,2017-07-21,2016-02-07,2018-09-01
896878,2018-02-06,0,896878,0000896878-16-000219,2016-05-09,2016-02-07,2018-09-01
896878,2018-03-14,0,896878,0000896878-18-000162,2018-08-23,2016-03-14,2018-09-10
896878,2018-03-14,0,896878,0000896878-18-000073,2018-05-22,2016-03-14,2018-09-10
896878,2018-03-14,0,896878,0000896878-18-000025,2018-01-23,2016-03-14,2018-09-10
896878,2018-03-14,0,896878,0000896878-17-000162,2017-10-19,2016-03-14,2018-09-10
896878,2018-03-14,0,896878,0000896878-17-000117,2017-08-22,2016-03-14,2018-09-10
896878,2018-03-14,0,896878,0000896878-17-000080,2017-07-21,2016-03-14,2018-09-10
896878,2018-03-14,0,896878,0000896878-16-000219,2016-05-09,2016-03-14,2018-09-10
896878,2018-04-26,0,896878,0000896878-18-000162,2018-08-23,2016-04-26,2018-10-23
896878,2018-04-26,0,896878,0000896878-18-000073,2018-05-22,2016-04-26,2018-10-23
896878,2018-04-26,0,896878,0000896878-18-000025,2018-01-23,2016-04-26,2018-10-23
896878,2018-04-26,0,896878,0000896878-17-000162,2017-10-19,2016-04-26,2018-10-23
896878,2018-04-26,0,896878,0000896878-17-000117,2017-08-22,2016-04-26,2018-10-23
896878,2018-04-26,0,896878,0000896878-17-000080,2017-07-21,2016-04-26,2018-10-23
896878,2018-04-26,0,896878,0000896878-16-000219,2016-05-09,2016-04-26,2018-10-23
896878,2018-05-16,0,896878,0000896878-18-000207,2018-11-05,2016-05-16,2018-11-12
896878,2018-05-16,0,896878,0000896878-18-000162,2018-08-23,2016-05-16,2018-11-12
896878,2018-05-16,0,896878,0000896878-18-000073,2018-05-22,2016-05-16,2018-11-12
896878,2018-05-16,0,896878,0000896878-18-000025,2018-01-23,2016-05-16,2018-11-12
896878,2018-05-16,0,896878,0000896878-17-000162,2017-10-19,2016-05-16,2018-11-12
896878,2018-05-16,0,896878,0000896878-17-000117,2017-08-22,2016-05-16,2018-11-12
896878,2018-05-16,0,896878,0000896878-17-000080,2017-07-21,2016-05-16,2018-11-12
896878,2018-06-15,0,896878,0000896878-18-000207,2018-11-05,2016-06-15,2018-12-12
896878,2018-06-15,0,896878,0000896878-18-000162,2018-08-23,2016-06-15,2018-12-12
896878,2018-06-15,0,896878,0000896878-18-000073,2018-05-22,2016-06-15,2018-12-12
896878,2018-06-15,0,896878,0000896878-18-000025,2018-01-23,2016-06-15,2018-12-12
896878,2018-06-15,0,896878,0000896878-17-000162,2017-10-19,2016-06-15,2018-12-12
896878,2018-06-15,0,896878,0000896878-17-000117,2017-08-22,2016-06-15,2018-12-12
896878,2018-06-15,0,896878,0000896878-17-000080,2017-07-21,2016-06-15,2018-12-12
896878,2019-01-29,0,896878,0000896878-18-000207,2018-11-05,2017-01-29,2019-08-25
896878,2019-01-29,0,896878,0000896878-18-000162,2018-08-23,2017-01-29,2019-08-25
896878,2019-01-29,0,896878,0000896878-18-000073,2018-05-22,2017-01-29,2019-08-25
896878,2019-01-29,0,896878,0000896878-18-000025,2018-01-23,2017-01-29,2019-08-25
896878,2019-01-29,0,896878,0000896878-17-000162,2017-10-19,2017-01-29,2019-08-25
896878,2019-01-29,0,896878,0000896878-17-000117,2017-08-22,2017-01-29,2019-08-25
896878,2019-01-29,0,896878,0000896878-17-000080,2017-07-21,2017-01-29,2019-08-25
896878,2019-02-21,0,896878,0000896878-18-000207,2018-11-05,2017-02-21,2019-09-08
896878,2019-02-21,0,896878,0000896878-18-000162,2018-08-23,2017-02-21,2019-09-08
896878,2019-02-21,0,896878,0000896878-18-000073,2018-05-22,2017-02-21,2019-09-08
896878,2019-02-21,0,896878,0000896878-18-000025,2018-01-23,2017-02-21,2019-09-08
896878,2019-02-21,0,896878,0000896878-17-000162,2017-10-19,2017-02-21,2019-09-08
896878,2019-02-21,0,896878,0000896878-17-000117,2017-08-22,2017-02-21,2019-09-08
896878,2019-02-21,0,896878,0000896878-17-000080,2017-07-21,2017-02-21,2019-09-08
896878,2019-03-21,0,896878,0000896878-18-000207,2018-11-05,2017-03-21,2020-01-22
896878,2019-03-21,0,896878,0000896878-18-000162,2018-08-23,2017-03-21,2020-01-22
896878,2019-03-21,0,896878,0000896878-18-000073,2018-05-22,2017-03-21,2020-01-22
896878,2019-03-21,0,896878,0000896878-18-000025,2018-01-23,2017-03-21,2020-01-22
896878,2019-03-21,0,896878,0000896878-17-000162,2017-10-19,2017-03-21,2020-01-22
896878,2019-03-21,0,896878,0000896878-17-000117,2017-08-22,2017-03-21,2020-01-22
896878,2019-03-21,0,896878,0000896878-17-000080,2017-07-21,2017-03-21,2020-01-22
896878,2019-03-26,0,896878,0000896878-18-000207,2018-11-05,2017-03-26,2019-09-22
896878,2019-03-26,0,896878,0000896878-18-000162,2018-08-23,2017-03-26,2019-09-22
896878,2019-03-26,0,896878,0000896878-18-000073,2018-05-22,2017-03-26,2019-09-22
896878,2019-03-26,0,896878,0000896878-18-000025,2018-01-23,2017-03-26,2019-09-22
896878,2019-03-26,0,896878,0000896878-17-000162,2017-10-19,2017-03-26,2019-09-22
896878,2019-03-26,0,896878,0000896878-17-000117,2017-08-22,2017-03-26,2019-09-22
896878,2019-03-26,0,896878,0000896878-17-000080,2017-07-21,2017-03-26,2019-09-22
896878,2019-04-07,0,896878,0000896878-18-000207,2018-11-05,2017-04-07,2019-10-13
896878,2019-04-07,0,896878,0000896878-18-000162,2018-08-23,2017-04-07,2019-10-13
896878,2019-04-07,0,896878,0000896878-18-000073,2018-05-22,2017-04-07,2019-10-13
896878,2019-04-07,0,896878,0000896878-18-000025,2018-01-23,2017-04-07,2019-10-13
896878,2019-04-07,0,896878,0000896878-17-000162,2017-10-19,2017-04-07,2019-10-13
896878,2019-04-07,0,896878,0000896878-17-000117,2017-08-22,2017-04-07,2019-10-13
896878,2019-04-07,0,896878,0000896878-17-000080,2017-07-21,2017-04-07,2019-10-13
896878,2019-04-16,0,896878,0000896878-18-000207,2018-11-05,2017-04-16,2019-10-13
896878,2019-04-16,0,896878,0000896878-18-000162,2018-08-23,2017-04-16,2019-10-13
896878,2019-04-16,0,896878,0000896878-18-000073,2018-05-22,2017-04-16,2019-10-13
896878,2019-04-16,0,896878,0000896878-18-000025,2018-01-23,2017-04-16,2019-10-13
896878,2019-04-16,0,896878,0000896878-17-000162,2017-10-19,2017-04-16,2019-10-13
896878,2019-04-16,0,896878,0000896878-17-000117,2017-08-22,2017-04-16,2019-10-13
896878,2019-04-16,0,896878,0000896878-17-000080,2017-07-21,2017-04-16,2019-10-13
896878,2019-09-20,0,896878,0000896878-18-000207,2018-11-05,2017-09-20,2020-08-19
896878,2019-09-20,0,896878,0000896878-18-000162,2018-08-23,2017-09-20,2020-08-19
896878,2019-09-20,0,896878,0000896878-18-000073,2018-05-22,2017-09-20,2020-08-19
896878,2019-09-20,0,896878,0000896878-18-000025,2018-01-23,2017-09-20,2020-08-19
896878,2019-09-20,0,896878,0000896878-17-000162,2017-10-19,2017-09-20,2020-08-19
896878,2020-03-31,0,896878,0000896878-18-000207,2018-11-05,2018-04-01,2020-09-27
896878,2020-03-31,0,896878,0000896878-18-000162,2018-08-23,2018-04-01,2020-09-27
896878,2020-03-31,0,896878,0000896878-18-000073,2018-05-22,2018-04-01,2020-09-27
896878,2020-04-12,0,896878,0000896878-20-000202,2020-10-20,2018-04-13,2020-11-09
896878,2020-04-12,0,896878,0000896878-18-000207,2018-11-05,2018-04-13,2020-11-09
896878,2020-04-12,0,896878,0000896878-18-000162,2018-08-23,2018-04-13,2020-11-09
896878,2020-04-12,0,896878,0000896878-18-000073,2018-05-22,2018-04-13,2020-11-09
896878,2022-02-06,0,896878,0000896878-22-000019,2022-05-24,2020-02-07,2022-10-11
896878,2022-02-06,0,896878,0000896878-22-000003,2022-01-24,2020-02-07,2022-10-11
896878,2022-02-06,0,896878,0000896878-21-000255,2021-11-10,2020-02-07,2022-10-11
896878,2022-02-06,0,896878,0000896878-20-000202,2020-10-20,2020-02-07,2022-10-11
896878,2022-04-15,0,896878,0000896878-22-000019,2022-05-24,2020-04-15,2022-10-12
896878,2022-04-15,0,896878,0000896878-22-000003,2022-01-24,2020-04-15,2022-10-12
896878,2022-04-15,0,896878,0000896878-21-000255,2021-11-10,2020-04-15,2022-10-12
896878,2022-04-15,0,896878,0000896878-20-000202,2020-10-20,2020-04-15,2022-10-12
896878,2023-01-01,0,896878,0000896878-23-000028,2023-08-14,2021-01-01,2024-03-13
896878,2023-01-01,0,896878,0000896878-23-000016,2023-05-04,2021-01-01,2024-03-13
896878,2023-01-01,0,896878,0000896878-23-000009,2023-02-23,2021-01-01,2024-03-13
896878,2023-01-01,0,896878,0000896878-22-000019,2022-05-24,2021-01-01,2024-03-13
896878,2023-01-01,0,896878,0000896878-22-000003,2022-01-24,2021-01-01,2024-03-13
896878,2023-01-01,0,896878,0000896878-21-000255,2021-11-10,2021-01-01,2024-03-13
896878,2023-06-04,0,896878,0000896878-24-000032,2024-07-25,2021-06-04,2024-09-11
896878,2023-06-04,0,896878,0000896878-24-000021,2024-05-02,2021-06-04,2024-09-11
896878,2023-06-04,0,896878,0000896878-23-000028,2023-08-14,2021-06-04,2024-09-11
896878,2023-06-04,0,896878,0000896878-23-000016,2023-05-04,2021-06-04,2024-09-11
896878,2023-06-04,0,896878,0000896878-23-000009,2023-02-23,2021-06-04,2024-09-11
896878,2023-06-04,0,896878,0000896878-22-000019,2022-05-24,2021-06-04,2024-09-11
896878,2023-06-04,0,896878,0000896878-22-000003,2022-01-24,2021-06-04,2024-09-11
896878,2023-06-04,0,896878,0000896878-21-000255,2021-11-10,2021-06-04,2024-09-11
896878,2023-12-01,0,896878,0000896878-24-000032,2024-07-25,2021-12-01,2024-09-11
896878,2023-12-01,0,896878,0000896878-24-000021,2024-05-02,2021-12-01,2024-09-11
896878,2023-12-01,0,896878,0000896878-23-000028,2023-08-14,2021-12-01,2024-09-11
896878,2023-12-01,0,896878,0000896878-23-000016,2023-05-04,2021-12-01,2024-09-11
896878,2023-12-01,0,896878,0000896878-23-000009,2023-02-23,2021-12-01,2024-09-11
896878,2023-12-01,0,896878,0000896878-22-000019,2022-05-24,2021-12-01,2024-09-11
896878,2023-12-01,0,896878,0000896878-22-000003,2022-01-24,2021-12-01,2024-09-11
896878,2024-01-29,0,896878,0000896878-24-000041,2024-11-04,2022-01-29,2025-05-07
896878,2024-01-29,0,896878,0000896878-24-000032,2024-07-25,2022-01-29,2025-05-07
896878,2024-01-29,0,896878,0000896878-24-000021,2024-05-02,2022-01-29,2025-05-07
896878,2024-01-29,0,896878,0000896878-23-000028,2023-08-14,2022-01-29,2025-05-07
896878,2024-01-29,0,896878,0000896878-23-000016,2023-05-04,2022-01-29,2025-05-07
896878,2024-01-29,0,896878,0000896878-23-000009,2023-02-23,2022-01-29,2025-05-07
896878,2024-01-29,0,896878,0000896878-22-000019,2022-05-24,2022-01-29,2025-05-07
896878,2024-03-05,0,896878,0000896878-25-000027,2025-06-16,2022-03-06,2025-06-18
896878,2024-03-05,0,896878,0000896878-24-000041,2024-11-04,2022-03-06,2025-06-18
896878,2024-03-05,0,896878,0000896878-24-000032,2024-07-25,2022-03-06,2025-06-18
896878,2024-03-05,0,896878,0000896878-24-000021,2024-05-02,2022-03-06,2025-06-18
896878,2024-03-05,0,896878,0000896878-23-000028,2023-08-14,2022-03-06,2025-06-18
896878,2024-03-05,0,896878,0000896878-23-000016,2023-05-04,2022-03-06,2025-06-18
896878,2024-03-05,0,896878,0000896878-23-000009,2023-02-23,2022-03-06,2025-06-18
896878,2024-03-05,0,896878,0000896878-22-000019,2022-05-24,2022-03-06,2025-06-18
896878,2024-12-20,0,896878,0000896878-25-000027,2025-06-16,2022-12-21,2025-06-18
896878,2024-12-20,0,896878,0000896878-24-000041,2024-11-04,2022-12-21,2025-06-18
896878,2024-12-20,0,896878,0000896878-24-000032,2024-07-25,2022-12-21,2025-06-18
896878,2024-12-20,0,896878,0000896878-24-000021,2024-05-02,2022-12-21,2025-06-18
896878,2024-12-20,0,896878,0000896878-23-000028,2023-08-14,2022-12-21,2025-06-18
896878,2024-12-20,0,896878,0000896878-23-000016,2023-05-04,2022-12-21,2025-06-18
896878,2024-12-20,0,896878,0000896878-23-000009,2023-02-23,2022-12-21,2025-06-18
908937,2012-03-19,0,908937,0000930413-12-001340,2012-03-05,2010-03-20,2012-10-03
908937,2012-03-19,0,908937,0000930413-11-005668,2011-08-24,2010-03-20,2012-10-03
908937,2012-03-19,0,908937,0000930413-11-004876,2011-07-22,2010-03-20,2012-10-03
908937,2012-03-19,0,908937,0000950123-11-034955,2011-04-12,2010-03-20,2012-10-03
908937,2012-03-19,0,908937,0000930413-11-001085,2011-02-15,2010-03-20,2012-10-03
908937,2012-04-12,0,908937,0000930413-12-001340,2012-03-05,2010-04-13,2012-10-09
908937,2012-04-12,0,908937,0000930413-11-005668,2011-08-24,2010-04-13,2012-10-09
908937,2012-04-12,0,908937,0000930413-11-004876,2011-07-22,2010-04-13,2012-10-09
908937,2012-04-12,0,908937,0000950123-11-034955,2011-04-12,2010-04-13,2012-10-09
908937,2012-04-12,0,908937,0000930413-11-001085,2011-02-15,2010-04-13,2012-10-09
908937,2016-02-01,0,908937,0000930413-16-005595,2016-02-22,2014-02-01,2016-09-13
908937,2016-02-01,0,908937,0000930413-15-003326,2015-08-13,2014-02-01,2016-09-13
908937,2016-02-01,0,908937,0000930413-15-003027,2015-07-08,2014-02-01,2016-09-13
908937,2016-02-01,0,908937,0000930413-15-002950,2015-06-30,2014-02-01,2016-09-13
908937,2016-02-01,0,908937,0000930413-15-002882,2015-06-23,2014-02-01,2016-09-13
908937,2016-02-01,0,908937,0000930413-15-002576,2015-05-21,2014-02-01,2016-09-13
908937,2016-02-01,0,908937,0000930413-14-004831,2014-12-11,2014-02-01,2016-09-13
908937,2016-04-05,0,908937,0000930413-16-005595,2016-02-22,2014-04-06,2016-10-02
908937,2016-04-05,0,908937,0000930413-15-003326,2015-08-13,2014-04-06,2016-10-02
908937,2016-04-05,0,908937,0000930413-15-003027,2015-07-08,2014-04-06,2016-10-02
908937,2016-04-05,0,908937,0000930413-15-002950,2015-06-30,2014-04-06,2016-10-02
908937,2016-04-05,0,908937,0000930413-15-002882,2015-06-23,2014-04-06,2016-10-02
908937,2016-04-05,0,908937,0000930413-15-002576,2015-05-21,2014-04-06,2016-10-02
908937,2016-04-05,0,908937,0000930413-14-004831,2014-12-11,2014-04-06,2016-10-02
908937,2016-08-20,0,908937,0000930413-16-005595,2016-02-22,2014-08-21,2017-03-13
908937,2016-08-20,0,908937,0000930413-15-003326,2015-08-13,2014-08-21,2017-03-13
908937,2016-08-20,0,908937,0000930413-15-003027,2015-07-08,2014-08-21,2017-03-13
908937,2016-08-20,0,908937,0000930413-15-002950,2015-06-30,2014-08-21,2017-03-13
908937,2016-08-20,0,908937,0000930413-15-002882,2015-06-23,2014-08-21,2017-03-13
908937,2016-08-20,0,908937,0000930413-15-002576,2015-05-21,2014-08-21,2017-03-13
908937,2016-08-20,0,908937,0000930413-14-004831,2014-12-11,2014-08-21,2017-03-13
908937,2016-09-26,0,908937,0000930413-16-005595,2016-02-22,2014-09-27,2017-04-01
908937,2016-09-26,0,908937,0000930413-15-003326,2015-08-13,2014-09-27,2017-04-01
908937,2016-09-26,0,908937,0000930413-15-003027,2015-07-08,2014-09-27,2017-04-01
908937,2016-09-26,0,908937,0000930413-15-002950,2015-06-30,2014-09-27,2017-04-01
908937,2016-09-26,0,908937,0000930413-15-002882,2015-06-23,2014-09-27,2017-04-01
908937,2016-09-26,0,908937,0000930413-15-002576,2015-05-21,2014-09-27,2017-04-01
908937,2016-09-26,0,908937,0000930413-14-004831,2014-12-11,2014-09-27,2017-04-01
908937,2016-10-04,0,908937,0000930413-16-005595,2016-02-22,2014-10-05,2017-04-02
908937,2016-10-04,0,908937,0000930413-15-003326,2015-08-13,2014-10-05,2017-04-02
908937,2016-10-04,0,908937,0000930413-15-003027,2015-07-08,2014-10-05,2017-04-02
908937,2016-10-04,0,908937,0000930413-15-002950,2015-06-30,2014-10-05,2017-04-02
908937,2016-10-04,0,908937,0000930413-15-002882,2015-06-23,2014-10-05,2017-04-02
908937,2016-10-04,0,908937,0000930413-15-002576,2015-05-21,2014-10-05,2017-04-02
908937,2016-10-04,0,908937,0000930413-14-004831,2014-12-11,2014-10-05,2017-04-02
908937,2016-10-31,0,908937,0000930413-16-005595,2016-02-22,2014-11-01,2017-05-09
908937,2016-10-31,0,908937,0000930413-15-003326,2015-08-13,2014-11-01,2017-05-09
908937,2016-10-31,0,908937,0000930413-15-003027,2015-07-08,2014-11-01,2017-05-09
908937,2016-10-31,0,908937,0000930413-15-002950,2015-06-30,2014-11-01,2017-05-09
908937,2016-10-31,0,908937,0000930413-15-002882,2015-06-23,2014-11-01,2017-05-09
908937,2016-10-31,0,908937,0000930413-15-002576,2015-05-21,2014-11-01,2017-05-09
908937,2016-10-31,0,908937,0000930413-14-004831,2014-12-11,2014-11-01,2017-05-09
908937,2016-11-15,0,908937,0000930413-16-005595,2016-02-22,2014-11-16,2017-05-14
908937,2016-11-15,0,908937,0000930413-15-003326,2015-08-13,2014-11-16,2017-05-14
908937,2016-11-15,0,908937,0000930413-15-003027,2015-07-08,2014-11-16,2017-05-14
908937,2016-11-15,0,908937,0000930413-15-002950,2015-06-30,2014-11-16,2017-05-14
908937,2016-11-15,0,908937,0000930413-15-002882,2015-06-23,2014-11-16,2017-05-14
908937,2016-11-15,0,908937,0000930413-15-002576,2015-05-21,2014-11-16,2017-05-14
908937,2016-11-15,0,908937,0000930413-14-004831,2014-12-11,2014-11-16,2017-05-14
908937,2016-12-04,0,908937,0000930413-16-005595,2016-02-22,2014-12-05,2017-06-14
908937,2016-12-04,0,908937,0000930413-15-003326,2015-08-13,2014-12-05,2017-06-14
908937,2016-12-04,0,908937,0000930413-15-003027,2015-07-08,2014-12-05,2017-06-14
908937,2016-12-04,0,908937,0000930413-15-002950,2015-06-30,2014-12-05,2017-06-14
908937,2016-12-04,0,908937,0000930413-15-002882,2015-06-23,2014-12-05,2017-06-14
908937,2016-12-04,0,908937,0000930413-15-002576,2015-05-21,2014-12-05,2017-06-14
908937,2016-12-04,0,908937,0000930413-14-004831,2014-12-11,2014-12-05,2017-06-14
908937,2016-12-19,0,908937,0000930413-16-005595,2016-02-22,2014-12-20,2017-06-17
908937,2016-12-19,0,908937,0000930413-15-003326,2015-08-13,2014-12-20,2017-06-17
908937,2016-12-19,0,908937,0000930413-15-003027,2015-07-08,2014-12-20,2017-06-17
908937,2016-12-19,0,908937,0000930413-15-002950,2015-06-30,2014-12-20,2017-06-17
908937,2016-12-19,0,908937,0000930413-15-002882,2015-06-23,2014-12-20,2017-06-17
908937,2016-12-19,0,908937,0000930413-15-002576,2015-05-21,2014-12-20,2017-06-17
908937,2017-01-06,0,908937,0000930413-16-005595,2016-02-22,2015-01-07,2017-07-24
908937,2017-01-06,0,908937,0000930413-15-003326,2015-08-13,2015-01-07,2017-07-24
908937,2017-01-06,0,908937,0000930413-15-003027,2015-07-08,2015-01-07,2017-07-24
908937,2017-01-06,0,908937,0000930413-15-002950,2015-06-30,2015-01-07,2017-07-24
908937,2017-01-06,0,908937,0000930413-15-002882,2015-06-23,2015-01-07,2017-07-24
908937,2017-01-06,0,908937,0000930413-15-002576,2015-05-21,2015-01-07,2017-07-24
908937,2017-01-25,0,908937,0000930413-16-005595,2016-02-22,2015-01-26,2017-07-24
908937,2017-01-25,0,908937,0000930413-15-003326,2015-08-13,2015-01-26,2017-07-24
908937,2017-01-25,0,908937,0000930413-15-003027,2015-07-08,2015-01-26,2017-07-24
908937,2017-01-25,0,908937,0000930413-15-002950,2015-06-30,2015-01-26,2017-07-24
908937,2017-01-25,0,908937,0000930413-15-002882,2015-06-23,2015-01-26,2017-07-24
908937,2017-01-25,0,908937,0000930413-15-002576,2015-05-21,2015-01-26,2017-07-24
908937,2017-08-06,0,908937,0000908937-18-000008,2018-01-23,2015-08-07,2018-02-27
908937,2017-08-06,0,908937,0000908937-18-000005,2018-01-11,2015-08-07,2018-02-27
908937,2017-08-06,0,908937,0000930413-16-005595,2016-02-22,2015-08-07,2018-02-27
908937,2017-08-06,0,908937,0000930413-15-003326,2015-08-13,2015-08-07,2018-02-27
908937,2017-09-18,0,908937,0000908937-18-000008,2018-01-23,2015-09-19,2018-03-17
908937,2017-09-18,0,908937,0000908937-18-000005,2018-01-11,2015-09-19,2018-03-17
908937,2017-09-18,0,908937,0000930413-16-005595,2016-02-22,2015-09-19,2018-03-17
1971213,2020-05-01,0,912752,0000912752-19-000072,2019-11-21,2018-05-02,2021-04-03
1971213,2020-05-01,0,912752,0000912752-19-000004,2019-01-30,2018-05-02,2021-04-03
1971213,2021-06-23,0,912752,0000912752-22-000049,2022-06-09,2019-06-24,2022-09-20
1971213,2021-06-23,0,912752,0000912752-21-000046,2021-05-25,2019-06-24,2022-09-20
1971213,2021-06-23,0,912752,0000912752-21-000028,2021-04-14,2019-06-24,2022-09-20
1971213,2021-06-23,0,912752,0000912752-19-000072,2019-11-21,2019-06-24,2022-09-20
1971213,2021-12-16,0,912752,0000912752-22-000049,2022-06-09,2019-12-17,2022-06-14
1971213,2021-12-16,0,912752,0000912752-21-000046,2021-05-25,2019-12-17,2022-06-14
1971213,2021-12-16,0,912752,0000912752-21-000028,2021-04-14,2019-12-17,2022-06-14
920522,2013-08-13,0,920522,0001140361-15-032543,2015-08-18,2011-08-14,2015-09-28
920522,2013-08-13,0,920522,0000920522-15-000011,2015-05-07,2011-08-14,2015-09-28
920522,2013-08-13,0,920522,0001140361-14-046028,2014-12-22,2011-08-14,2015-09-28
920522,2013-08-13,0,920522,0001140361-14-015094,2014-04-01,2011-08-14,2015-09-28
920522,2013-08-13,0,920522,0001140361-14-003902,2014-01-31,2011-08-14,2015-09-28
920522,2013-08-13,0,920522,0001140361-13-030591,2013-08-06,2011-08-14,2015-09-28
920522,2013-08-13,0,920522,0001140361-13-021459,2013-05-17,2011-08-14,2015-09-28
920522,2013-08-13,0,920522,0001140361-13-012917,2013-03-18,2011-08-14,2015-09-28
920522,2013-08-13,0,920522,0001140361-12-050307,2012-12-10,2011-08-14,2015-09-28
1744489,2008-07-29,0,1001039,0001193125-08-208064,2008-10-08,2006-07-30,2009-01-25
1744489,2008-07-29,0,1001039,0001193125-08-052734,2008-03-11,2006-07-30,2009-01-25
1744489,2008-07-29,0,1001039,0001193125-08-017986,2008-02-01,2006-07-30,2009-01-25
1744489,2008-07-29,0,1001039,0001001039-07-000153,2007-05-02,2006-07-30,2009-01-25
1744489,2008-07-29,0,1001039,0001193125-07-053319,2007-03-13,2006-07-30,2009-01-25
1744489,2008-07-29,0,1001039,0001193125-06-254494,2006-12-15,2006-07-30,2009-01-25
943452,2022-03-15,0,943452,0001140361-22-044669,2022-12-07,2020-03-15,2023-06-28
943452,2022-03-15,0,943452,0001140361-22-024697,2022-07-01,2020-03-15,2023-06-28
943452,2022-03-15,0,943452,0001140361-22-020352,2022-05-24,2020-03-15,2023-06-28
943452,2022-03-15,0,943452,0001140361-22-013268,2022-04-06,2020-03-15,2023-06-28
943452,2022-03-15,0,943452,0001140361-21-031241,2021-09-14,2020-03-15,2023-06-28
943452,2022-03-15,0,943452,0001140361-21-028111,2021-08-12,2020-03-15,2023-06-28
943452,2022-03-15,0,943452,0001140361-21-023780,2021-07-08,2020-03-15,2023-06-28
943452,2022-03-15,0,943452,0001140361-21-018288,2021-05-21,2020-03-15,2023-06-28
943452,2022-03-15,0,943452,0001140361-21-005371,2021-02-18,2020-03-15,2023-06-28
943452,2022-03-15,0,943452,0001140361-20-027975,2020-12-10,2020-03-15,2023-06-28
943452,2022-03-15,0,943452,0001140361-20-017477,2020-08-04,2020-03-15,2023-06-28
943452,2022-03-15,0,943452,0001140361-20-012015,2020-05-20,2020-03-15,2023-06-28
943452,2022-03-15,0,943452,0001140361-20-010932,2020-05-07,2020-03-15,2023-06-28
1000228,2023-09-27,0,1000228,0001193125-24-147029,2024-05-24,2021-09-27,2024-06-03
1000228,2023-09-27,0,1000228,0001193125-23-297629,2023-12-18,2021-09-27,2024-06-03
1000228,2023-09-27,0,1000228,0001193125-23-278944,2023-11-16,2021-09-27,2024-06-03
1000228,2023-09-27,0,1000228,0001193125-23-154352,2023-05-25,2021-09-27,2024-06-03
1000228,2023-09-27,0,1000228,0001193125-22-293869,2022-11-29,2021-09-27,2024-06-03
1000228,2023-09-27,0,1000228,0001193125-22-094333,2022-04-04,2021-09-27,2024-06-03
1000228,2023-09-27,0,1000228,0001193125-22-002148,2022-01-05,2021-09-27,2024-06-03
1000228,2023-09-27,0,1000228,0001193125-21-350793,2021-12-08,2021-09-27,2024-06-03
1001082,2023-02-22,1,1001082,0001104659-23-114464,2023-11-06,2021-02-22,2023-11-11
1001082,2023-02-22,1,1001082,0001104659-23-106153,2023-10-03,2021-02-22,2023-11-11
1001082,2023-02-22,1,1001082,0001104659-23-088620,2023-08-08,2021-02-22,2023-11-11
1001082,2023-02-22,1,1001082,0001001082-23-000031,2023-06-23,2021-02-22,2023-11-11
1001082,2023-02-22,1,1001082,0001001082-23-000008,2023-01-10,2021-02-22,2023-11-11
1001082,2023-02-22,1,1001082,0001001082-22-000013,2022-03-31,2021-02-22,2023-11-11
1001082,2023-02-22,1,1001082,0001001082-22-000006,2022-01-04,2021-02-22,2023-11-11
1001082,2023-05-17,1,1001082,0001104659-23-116755,2023-11-13,2021-05-17,2023-11-13
1001082,2023-05-17,1,1001082,0001104659-23-114464,2023-11-06,2021-05-17,2023-11-13
1001082,2023-05-17,1,1001082,0001104659-23-106153,2023-10-03,2021-05-17,2023-11-13
1001082,2023-05-17,1,1001082,0001104659-23-088620,2023-08-08,2021-05-17,2023-11-13
1001082,2023-05-17,1,1001082,0001001082-23-000031,2023-06-23,2021-05-17,2023-11-13
1001082,2023-05-17,1,1001082,0001001082-23-000008,2023-01-10,2021-05-17,2023-11-13
1001082,2023-05-17,1,1001082,0001001082-22-000013,2022-03-31,2021-05-17,2023-11-13
1001082,2023-05-17,1,1001082,0001001082-22-000006,2022-01-04,2021-05-17,2023-11-13
1001250,2023-05-01,0,1001250,0001001250-23-000119,2023-08-24,2021-05-01,2024-04-16
1001250,2023-05-01,0,1001250,0001001250-22-000114,2022-07-22,2021-05-01,2024-04-16
1001250,2023-05-01,0,1001250,0001001250-22-000105,2022-07-11,2021-05-01,2024-04-16
1001250,2023-05-01,0,1001250,0001001250-22-000048,2022-04-25,2021-05-01,2024-04-16
1001250,2023-05-01,0,1001250,0001001250-22-000023,2022-02-28,2021-05-01,2024-04-16
1001250,2023-05-01,0,1001250,0001001250-22-000020,2022-02-24,2021-05-01,2024-04-16
1001250,2023-05-01,0,1001250,0001001250-21-000168,2021-10-26,2021-05-01,2024-04-16
1001250,2023-05-01,0,1001250,0001001250-21-000111,2021-07-16,2021-05-01,2024-04-16
1001250,2023-05-30,0,1001250,0001001250-23-000119,2023-08-24,2021-05-30,2024-04-15
1001250,2023-05-30,0,1001250,0001001250-22-000114,2022-07-22,2021-05-30,2024-04-15
1001250,2023-05-30,0,1001250,0001001250-22-000105,2022-07-11,2021-05-30,2024-04-15
1001250,2023-05-30,0,1001250,0001001250-22-000048,2022-04-25,2021-05-30,2024-04-15
1001250,2023-05-30,0,1001250,0001001250-22-000023,2022-02-28,2021-05-30,2024-04-15
1001250,2023-05-30,0,1001250,0001001250-22-000020,2022-02-24,2021-05-30,2024-04-15
1001250,2023-05-30,0,1001250,0001001250-21-000168,2021-10-26,2021-05-30,2024-04-15
1001250,2023-05-30,0,1001250,0001001250-21-000111,2021-07-16,2021-05-30,2024-04-15
1001250,2023-07-11,0,1001250,0001001250-23-000119,2023-08-24,2021-07-11,2024-02-27
1001250,2023-07-11,0,1001250,0001001250-22-000114,2022-07-22,2021-07-11,2024-02-27
1001250,2023-07-11,0,1001250,0001001250-22-000105,2022-07-11,2021-07-11,2024-02-27
1001250,2023-07-11,0,1001250,0001001250-22-000048,2022-04-25,2021-07-11,2024-02-27
1001250,2023-07-11,0,1001250,0001001250-22-000023,2022-02-28,2021-07-11,2024-02-27
1001250,2023-07-11,0,1001250,0001001250-22-000020,2022-02-24,2021-07-11,2024-02-27
1001250,2023-07-11,0,1001250,0001001250-21-000168,2021-10-26,2021-07-11,2024-02-27
1001250,2023-07-11,0,1001250,0001001250-21-000111,2021-07-16,2021-07-11,2024-02-27
1002517,2014-12-10,0,1002517,0001193125-15-258580,2015-07-21,2012-12-10,2015-09-16
1002517,2014-12-10,0,1002517,0001193125-15-233526,2015-06-24,2012-12-10,2015-09-16
1002517,2014-12-10,0,1002517,0001193125-15-166554,2015-05-01,2012-12-10,2015-09-16
1002517,2014-12-10,0,1002517,0001002517-15-000004,2015-01-30,2012-12-10,2015-09-16
1002517,2014-12-10,0,1002517,0001002517-14-000051,2014-12-01,2012-12-10,2015-09-16
1002517,2014-12-10,0,1002517,0001002517-14-000040,2014-10-10,2012-12-10,2015-09-16
1002517,2014-12-10,0,1002517,0001193125-14-318861,2014-08-22,2012-12-10,2015-09-16
1002517,2014-12-10,0,1002517,0001002517-14-000020,2014-05-06,2012-12-10,2015-09-16
1002517,2014-12-10,0,1002517,0001002517-14-000016,2014-03-13,2012-12-10,2015-09-16
1002517,2014-12-10,0,1002517,0001002517-14-000003,2014-01-21,2012-12-10,2015-09-16
1002517,2014-12-10,0,1002517,0001002517-13-000062,2013-12-03,2012-12-10,2015-09-16
1002517,2014-12-10,0,1002517,0001002517-13-000053,2013-11-18,2012-12-10,2015-09-16
1002517,2014-12-10,0,1002517,0001193125-13-393693,2013-10-08,2012-12-10,2015-09-16
1002517,2014-12-10,0,1002517,0001193125-13-017607,2013-01-18,2012-12-10,2015-09-16
1002517,2014-12-10,0,1002517,0001193125-12-501951,2012-12-13,2012-12-10,2015-09-16
1041061,2023-01-13,0,1041061,0001041061-23-000043,2023-08-17,2021-01-13,2023-10-04
1041061,2023-01-13,0,1041061,0001041061-23-000035,2023-07-19,2021-01-13,2023-10-04
1041061,2023-01-13,0,1041061,0001041061-23-000033,2023-06-29,2021-01-13,2023-10-04
1041061,2023-01-13,0,1041061,0001104659-22-129816,2022-12-23,2021-01-13,2023-10-04
1041061,2023-01-13,0,1041061,0001041061-21-000048,2021-09-22,2021-01-13,2023-10-04
1041061,2023-01-13,0,1041061,0001041061-21-000003,2021-02-02,2021-01-13,2023-10-04
1048911,2011-05-01,0,1048911,0000950123-10-090493,2010-09-30,2009-05-01,2011-12-21
1048911,2011-05-01,0,1048911,0000950123-10-058498,2010-06-16,2009-05-01,2011-12-21
1048911,2011-05-01,0,1048911,0000950123-09-056728,2009-11-03,2009-05-01,2011-12-21
1048911,2011-05-01,0,1048911,0000950123-09-044728,2009-09-22,2009-05-01,2011-12-21
1048911,2011-05-01,0,1048911,0000950123-09-012599,2009-06-09,2009-05-01,2011-12-21
1051470,2013-10-31,0,1051470,0001193125-14-069855,2014-02-26,2011-11-01,2014-05-14
1051470,2013-10-31,0,1051470,0001193125-14-062781,2014-02-21,2011-11-01,2014-05-14
1051470,2013-10-31,0,1051470,0000950157-13-000209,2013-05-29,2011-11-01,2014-05-14
1051470,2013-10-31,0,1051470,0001193125-13-080108,2013-02-27,2011-11-01,2014-05-14
1051470,2013-10-31,0,1051470,0001193125-12-078385,2012-02-24,2011-11-01,2014-05-14
1051470,2013-11-19,0,1051470,0001193125-14-069855,2014-02-26,2011-11-20,2014-05-18
1051470,2013-11-19,0,1051470,0001193125-14-062781,2014-02-21,2011-11-20,2014-05-18
1051470,2013-11-19,0,1051470,0000950157-13-000209,2013-05-29,2011-11-20,2014-05-18
1051470,2013-11-19,0,1051470,0001193125-13-080108,2013-02-27,2011-11-20,2014-05-18
1051470,2013-11-19,0,1051470,0001193125-12-078385,2012-02-24,2011-11-20,2014-05-18
1058290,2020-04-09,0,1058290,0001206774-20-002232,2020-07-29,2018-04-10,2020-12-28
1058290,2020-04-09,0,1058290,0001058290-20-000013,2020-03-09,2018-04-10,2020-12-28
1058290,2020-04-09,0,1058290,0001058290-20-000004,2020-02-05,2018-04-10,2020-12-28
1058290,2020-04-09,0,1058290,0001058290-19-000038,2019-12-06,2018-04-10,2020-12-28
1058290,2020-04-09,0,1058290,0001058290-19-000030,2019-09-23,2018-04-10,2020-12-28
1058290,2020-04-09,0,1058290,0001058290-19-000028,2019-09-20,2018-04-10,2020-12-28
1058290,2020-04-09,0,1058290,0001058290-19-000021,2019-07-18,2018-04-10,2020-12-28
1058290,2020-04-09,0,1058290,0001058290-19-000006,2019-02-06,2018-04-10,2020-12-28
1058290,2020-04-09,0,1058290,0001058290-18-000044,2018-11-05,2018-04-10,2020-12-28
1058290,2020-04-09,0,1058290,0001058290-18-000021,2018-06-13,2018-04-10,2020-12-28
1058290,2020-04-09,0,1058290,0001058290-18-000019,2018-06-07,2018-04-10,2020-12-28
1060391,2013-08-10,0,1060391,0001060391-14-000007,2014-02-12,2011-08-11,2014-02-22
1060391,2013-08-10,0,1060391,0001060391-13-000038,2013-10-10,2011-08-11,2014-02-22
1060391,2013-08-10,0,1060391,0001060391-13-000035,2013-08-26,2011-08-11,2014-02-22
1060391,2013-08-10,0,1060391,0001060391-13-000021,2013-04-29,2011-08-11,2014-02-22
1060391,2013-08-10,0,1060391,0001060391-12-000023,2012-12-18,2011-08-11,2014-02-22
1060391,2013-08-10,0,1060391,0001060391-12-000012,2012-08-21,2011-08-11,2014-02-22
1060391,2013-08-10,0,1060391,0001193125-12-282327,2012-06-25,2011-08-11,2014-02-22
1060391,2013-08-10,0,1060391,0001193125-12-186198,2012-04-26,2011-08-11,2014-02-22
1060391,2013-08-10,0,1060391,0001193125-12-144048,2012-03-30,2011-08-11,2014-02-22
1060391,2013-08-10,0,1060391,0001193125-11-350759,2011-12-22,2011-08-11,2014-02-22
1060391,2013-08-10,0,1060391,0001193125-11-326028,2011-11-30,2011-08-11,2014-02-22
1060391,2013-08-26,0,1060391,0001060391-14-000007,2014-02-12,2011-08-27,2014-02-22
1060391,2013-08-26,0,1060391,0001060391-13-000038,2013-10-10,2011-08-27,2014-02-22
1060391,2013-08-26,0,1060391,0001060391-13-000035,2013-08-26,2011-08-27,2014-02-22
1060391,2013-08-26,0,1060391,0001060391-13-000021,2013-04-29,2011-08-27,2014-02-22
1060391,2013-08-26,0,1060391,0001060391-12-000023,2012-12-18,2011-08-27,2014-02-22
1060391,2013-08-26,0,1060391,0001060391-12-000012,2012-08-21,2011-08-27,2014-02-22
1060391,2013-08-26,0,1060391,0001193125-12-282327,2012-06-25,2011-08-27,2014-02-22
1060391,2013-08-26,0,1060391,0001193125-12-186198,2012-04-26,2011-08-27,2014-02-22
1060391,2013-08-26,0,1060391,0001193125-12-144048,2012-03-30,2011-08-27,2014-02-22
1060391,2013-08-26,0,1060391,0001193125-11-350759,2011-12-22,2011-08-27,2014-02-22
1060391,2013-08-26,0,1060391,0001193125-11-326028,2011-11-30,2011-08-27,2014-02-22
1060391,2019-02-01,0,1060391,0001060391-21-000027,2021-06-28,2017-02-01,2022-03-18
1060391,2019-02-01,0,1060391,0001193125-21-100584,2021-03-30,2017-02-01,2022-03-18
1060391,2019-02-01,0,1060391,0001193125-21-095518,2021-03-26,2017-02-01,2022-03-18
1060391,2019-02-01,0,1060391,0001060391-21-000005,2021-02-17,2017-02-01,2022-03-18
1060391,2019-02-01,0,1060391,0001060391-20-000048,2020-07-30,2017-02-01,2022-03-18
1060391,2019-02-01,0,1060391,0001060391-20-000042,2020-06-04,2017-02-01,2022-03-18
1060391,2019-02-01,0,1060391,0001060391-20-000039,2020-05-21,2017-02-01,2022-03-18
1060391,2019-02-01,0,1060391,0001193125-20-060522,2020-03-03,2017-02-01,2022-03-18
1060391,2019-02-01,0,1060391,0001193125-19-133178,2019-05-01,2017-02-01,2022-03-18
1060391,2019-02-01,0,1060391,0001193125-18-288678,2018-10-01,2017-02-01,2022-03-18
1060391,2019-02-01,0,1060391,0001193125-18-219719,2018-07-17,2017-02-01,2022-03-18
1060391,2019-02-01,0,1060391,0001193125-18-036970,2018-02-09,2017-02-01,2022-03-18
1060391,2019-02-01,0,1060391,0001193125-17-363416,2017-12-07,2017-02-01,2022-03-18
1060391,2019-02-01,0,1060391,0001060391-17-000039,2017-07-31,2017-02-01,2022-03-18
1060391,2019-02-01,0,1060391,0001060391-17-000013,2017-02-17,2017-02-01,2022-03-18
1060391,2021-09-20,0,1060391,0001060391-21-000027,2021-06-28,2019-09-21,2022-03-19
1060391,2021-09-20,0,1060391,0001193125-21-100584,2021-03-30,2019-09-21,2022-03-19
1060391,2021-09-20,0,1060391,0001193125-21-095518,2021-03-26,2019-09-21,2022-03-19
1060391,2021-09-20,0,1060391,0001060391-21-000005,2021-02-17,2019-09-21,2022-03-19
1060391,2021-09-20,0,1060391,0001060391-20-000048,2020-07-30,2019-09-21,2022-03-19
1060391,2021-09-20,0,1060391,0001060391-20-000042,2020-06-04,2019-09-21,2022-03-19
1060391,2021-09-20,0,1060391,0001060391-20-000039,2020-05-21,2019-09-21,2022-03-19
1060391,2021-09-20,0,1060391,0001193125-20-060522,2020-03-03,2019-09-21,2022-03-19
1060391,2022-04-09,0,1060391,0001060391-21-000027,2021-06-28,2020-04-09,2022-11-30
1060391,2022-04-09,0,1060391,0001193125-21-100584,2021-03-30,2020-04-09,2022-11-30
1060391,2022-04-09,0,1060391,0001193125-21-095518,2021-03-26,2020-04-09,2022-11-30
1060391,2022-04-09,0,1060391,0001060391-21-000005,2021-02-17,2020-04-09,2022-11-30
1060391,2022-04-09,0,1060391,0001060391-20-000048,2020-07-30,2020-04-09,2022-11-30
1060391,2022-04-09,0,1060391,0001060391-20-000042,2020-06-04,2020-04-09,2022-11-30
1060391,2022-04-09,0,1060391,0001060391-20-000039,2020-05-21,2020-04-09,2022-11-30
1067837,2019-09-18,0,1067837,0001193125-20-102721,2020-04-09,2017-09-18,2021-01-20
1067837,2019-09-18,0,1067837,0001193125-20-064544,2020-03-06,2017-09-18,2021-01-20
1067837,2019-09-18,0,1067837,0001193125-20-044811,2020-02-21,2017-09-18,2021-01-20
1067837,2019-09-18,0,1067837,0001193125-19-273550,2019-10-24,2017-09-18,2021-01-20
1067837,2019-09-18,0,1067837,0001193125-19-256917,2019-09-27,2017-09-18,2021-01-20
1067837,2019-09-18,0,1067837,0001193125-18-356367,2018-12-21,2017-09-18,2021-01-20
1067837,2019-09-18,0,1067837,0001193125-18-342316,2018-12-04,2017-09-18,2021-01-20
1067837,2019-09-18,0,1067837,0001193125-18-300274,2018-10-16,2017-09-18,2021-01-20
1067837,2019-09-18,0,1067837,0001193125-17-347026,2017-11-17,2017-09-18,2021-01-20
1091667,2008-07-14,1,1091667,0001091667-09-000003,2009-01-14,2006-07-15,2009-02-01
1091667,2008-07-14,1,1091667,0001091667-08-000201,2008-12-11,2006-07-15,2009-02-01
1091667,2008-07-14,1,1091667,0001091667-08-000197,2008-12-05,2006-07-15,2009-02-01
1091667,2008-07-14,1,1091667,0001091667-08-000171,2008-09-30,2006-07-15,2009-02-01
1091667,2008-07-14,1,1091667,0001091667-08-000143,2008-07-08,2006-07-15,2009-02-01
1091667,2008-07-14,1,1091667,0001091667-08-000129,2008-06-23,2006-07-15,2009-02-01
1091667,2008-07-14,1,1091667,0001271834-08-000007,2008-04-08,2006-07-15,2009-02-01
1091667,2008-07-14,1,1091667,0001271834-08-000003,2008-03-24,2006-07-15,2009-02-01
1091667,2008-07-14,1,1091667,0001091667-08-000035,2008-03-11,2006-07-15,2009-02-01
1091667,2008-07-14,1,1091667,0001091667-08-000034,2008-03-11,2006-07-15,2009-02-01
1091667,2008-07-14,1,1091667,0001091667-07-000230,2007-12-14,2006-07-15,2009-02-01
1091667,2008-07-14,1,1091667,0001091667-07-000222,2007-12-06,2006-07-15,2009-02-01
1091667,2008-07-14,1,1091667,0001091667-07-000050,2007-03-14,2006-07-15,2009-02-01
1091667,2008-08-11,1,1091667,0001091667-09-000003,2009-01-14,2006-08-12,2009-02-07
1091667,2008-08-11,1,1091667,0001091667-08-000201,2008-12-11,2006-08-12,2009-02-07
1091667,2008-08-11,1,1091667,0001091667-08-000197,2008-12-05,2006-08-12,2009-02-07
1091667,2008-08-11,1,1091667,0001091667-08-000171,2008-09-30,2006-08-12,2009-02-07
1091667,2008-08-11,1,1091667,0001091667-08-000143,2008-07-08,2006-08-12,2009-02-07
1091667,2008-08-11,1,1091667,0001091667-08-000129,2008-06-23,2006-08-12,2009-02-07
1091667,2008-08-11,1,1091667,0001271834-08-000007,2008-04-08,2006-08-12,2009-02-07
1091667,2008-08-11,1,1091667,0001271834-08-000003,2008-03-24,2006-08-12,2009-02-07
1091667,2008-08-11,1,1091667,0001091667-08-000035,2008-03-11,2006-08-12,2009-02-07
1091667,2008-08-11,1,1091667,0001091667-08-000034,2008-03-11,2006-08-12,2009-02-07
1091667,2008-08-11,1,1091667,0001091667-07-000230,2007-12-14,2006-08-12,2009-02-07
1091667,2008-08-11,1,1091667,0001091667-07-000222,2007-12-06,2006-08-12,2009-02-07
1091667,2008-08-11,1,1091667,0001091667-07-000050,2007-03-14,2006-08-12,2009-02-07
1091667,2013-04-26,1,1091667,0001091667-13-000058,2013-05-02,2011-04-27,2013-10-23
1091667,2013-04-26,1,1091667,0001091667-12-000122,2012-08-16,2011-04-27,2013-10-23
1091667,2013-04-26,1,1091667,0001091667-12-000109,2012-08-03,2011-04-27,2013-10-23
1091667,2013-04-26,1,1091667,0001091667-12-000100,2012-06-11,2011-04-27,2013-10-23
1091667,2013-04-26,1,1091667,0001091667-12-000050,2012-05-01,2011-04-27,2013-10-23
1091667,2013-04-26,1,1091667,0001091667-12-000014,2012-02-13,2011-04-27,2013-10-23
1091667,2013-04-26,1,1091667,0001091667-12-000008,2012-01-20,2011-04-27,2013-10-23
1091667,2013-04-26,1,1091667,0001091667-11-000162,2011-12-19,2011-04-27,2013-10-23
1091667,2013-04-26,1,1091667,0001091667-11-000130,2011-10-11,2011-04-27,2013-10-23
1091667,2013-04-26,1,1091667,0001091667-11-000116,2011-09-02,2011-04-27,2013-10-23
1091667,2013-04-26,1,1091667,0001091667-11-000079,2011-04-29,2011-04-27,2013-10-23
1091667,2014-01-21,1,1091667,0001091667-14-000139,2014-05-09,2012-01-22,2014-07-20
1091667,2014-01-21,1,1091667,0001091667-14-000060,2014-01-22,2012-01-22,2014-07-20
1091667,2014-01-21,1,1091667,0001091667-13-000176,2013-11-12,2012-01-22,2014-07-20
1091667,2014-01-21,1,1091667,0001091667-13-000058,2013-05-02,2012-01-22,2014-07-20
1091667,2014-01-21,1,1091667,0001091667-12-000122,2012-08-16,2012-01-22,2014-07-20
1091667,2014-01-21,1,1091667,0001091667-12-000109,2012-08-03,2012-01-22,2014-07-20
1091667,2014-01-21,1,1091667,0001091667-12-000100,2012-06-11,2012-01-22,2014-07-20
1091667,2014-01-21,1,1091667,0001091667-12-000050,2012-05-01,2012-01-22,2014-07-20
1091667,2014-01-21,1,1091667,0001091667-12-000014,2012-02-13,2012-01-22,2014-07-20
1091667,2014-09-30,1,1091667,0001091667-15-000051,2015-03-13,2012-09-30,2015-03-29
1091667,2014-09-30,1,1091667,0001091667-14-000139,2014-05-09,2012-09-30,2015-03-29
1091667,2014-09-30,1,1091667,0001091667-14-000060,2014-01-22,2012-09-30,2015-03-29
1091667,2014-09-30,1,1091667,0001091667-13-000176,2013-11-12,2012-09-30,2015-03-29
1091667,2014-09-30,1,1091667,0001091667-13-000058,2013-05-02,2012-09-30,2015-03-29
1091667,2022-12-21,1,1091667,0001091667-23-000034,2023-02-24,2020-12-21,2023-08-09
1091667,2022-12-21,1,1091667,0001091667-22-000104,2022-09-21,2020-12-21,2023-08-09
1091667,2022-12-21,1,1091667,0001091667-21-000143,2021-10-19,2020-12-21,2023-08-09
1091667,2022-12-21,1,1091667,0001091667-21-000029,2021-02-03,2020-12-21,2023-08-09
1091667,2022-12-21,1,1091667,0001091667-20-000215,2020-12-28,2020-12-21,2023-08-09
1091667,2023-01-01,1,1091667,0001091667-23-000034,2023-02-24,2021-01-01,2023-06-30
1091667,2023-01-01,1,1091667,0001091667-22-000104,2022-09-21,2021-01-01,2023-06-30
1091667,2023-01-01,1,1091667,0001091667-21-000143,2021-10-19,2021-01-01,2023-06-30
1091667,2023-01-01,1,1091667,0001091667-21-000029,2021-02-03,2021-01-01,2023-06-30
1091667,2023-09-01,1,1091667,0001091667-24-000030,2024-02-05,2021-09-01,2024-02-28
1091667,2023-09-01,1,1091667,0001091667-23-000137,2023-10-25,2021-09-01,2024-02-28
1091667,2023-09-01,1,1091667,0001091667-23-000119,2023-08-21,2021-09-01,2024-02-28
1091667,2023-09-01,1,1091667,0001091667-23-000034,2023-02-24,2021-09-01,2024-02-28
1091667,2023-09-01,1,1091667,0001091667-22-000104,2022-09-21,2021-09-01,2024-02-28
1091667,2023-09-01,1,1091667,0001091667-21-000143,2021-10-19,2021-09-01,2024-02-28
1105705,2006-12-01,0,1105705,0001105705-07-000019,2007-03-30,2004-12-01,2007-07-25
1105705,2006-12-01,0,1105705,0001105705-07-000007,2007-01-26,2004-12-01,2007-07-25
1105705,2006-12-01,0,1105705,0001105705-06-000022,2006-02-24,2004-12-01,2007-07-25
1105705,2006-12-01,0,1105705,0001105705-06-000002,2006-01-18,2004-12-01,2007-07-25
1105705,2006-12-01,0,1105705,0001105705-05-000047,2005-12-23,2004-12-01,2007-07-25
1105705,2015-01-28,0,1105705,0001105705-14-000036,2014-10-08,2013-01-28,2015-08-18
1105705,2015-01-28,0,1105705,0001105705-14-000013,2014-04-18,2013-01-28,2015-08-18
1105705,2015-01-28,0,1105705,0001105705-13-000054,2013-12-10,2013-01-28,2015-08-18
1105705,2015-01-28,0,1105705,0001105705-13-000048,2013-08-01,2013-01-28,2015-08-18
1105705,2015-01-28,0,1105705,0001105705-13-000022,2013-05-29,2013-01-28,2015-08-18
1105705,2015-02-19,0,1105705,0001105705-14-000036,2014-10-08,2013-02-19,2015-08-18
1105705,2015-02-19,0,1105705,0001105705-14-000013,2014-04-18,2013-02-19,2015-08-18
1105705,2015-02-19,0,1105705,0001105705-13-000054,2013-12-10,2013-02-19,2015-08-18
1105705,2015-02-19,0,1105705,0001105705-13-000048,2013-08-01,2013-02-19,2015-08-18
1105705,2015-02-19,0,1105705,0001105705-13-000022,2013-05-29,2013-02-19,2015-08-18
1105705,2016-08-10,0,1105705,0000950157-16-002366,2016-10-24,2014-08-11,2018-01-16
1105705,2016-08-10,0,1105705,0001105705-16-000017,2016-01-07,2014-08-11,2018-01-16
1105705,2016-08-10,0,1105705,0001105705-14-000036,2014-10-08,2014-08-11,2018-01-16
1105705,2017-05-15,0,1105705,0000950157-16-002366,2016-10-24,2015-05-16,2018-04-28
1105705,2017-05-15,0,1105705,0001105705-16-000017,2016-01-07,2015-05-16,2018-04-28
1105705,2017-07-20,0,1105705,0000950157-16-002366,2016-10-24,2015-07-21,2018-01-16
1105705,2017-07-20,0,1105705,0001105705-16-000017,2016-01-07,2015-07-21,2018-01-16
1105705,2017-07-23,0,1105705,0000950157-16-002366,2016-10-24,2015-07-24,2018-04-28
1105705,2017-07-23,0,1105705,0001105705-16-000017,2016-01-07,2015-07-24,2018-04-28
1105705,2017-10-30,0,1105705,0000950157-16-002366,2016-10-24,2015-10-31,2018-04-28
1105705,2017-10-30,0,1105705,0001105705-16-000017,2016-01-07,2015-10-31,2018-04-28
1108524,2008-02-07,0,1108524,0001193125-08-071264,2008-03-31,2006-02-07,2008-08-05
1108524,2008-02-07,0,1108524,0001193125-08-050327,2008-03-07,2006-02-07,2008-08-05
1108524,2008-02-07,0,1108524,0001193125-07-210111,2007-09-28,2006-02-07,2008-08-05
1108524,2008-02-07,0,1108524,0001193125-07-208064,2007-09-26,2006-02-07,2008-08-05
1108524,2008-02-07,0,1108524,0001193125-07-186040,2007-08-20,2006-02-07,2008-08-05
1108524,2008-02-07,0,1108524,0001193125-07-155725,2007-07-16,2006-02-07,2008-08-05
1108524,2008-02-07,0,1108524,0001193125-07-134937,2007-06-13,2006-02-07,2008-08-05
1108524,2008-02-07,0,1108524,0001193125-07-078925,2007-04-11,2006-02-07,2008-08-05
1108524,2008-02-07,0,1108524,0001193125-07-072263,2007-04-02,2006-02-07,2008-08-05
1108524,2008-02-07,0,1108524,0001193125-07-006987,2007-01-16,2006-02-07,2008-08-05
1108524,2008-02-07,0,1108524,0001193125-06-187910,2006-09-08,2006-02-07,2008-08-05
1108524,2008-02-07,0,1108524,0001193125-06-174639,2006-08-16,2006-02-07,2008-08-05
1108524,2008-02-07,0,1108524,0001193125-06-123693,2006-06-02,2006-02-07,2008-08-05
1123360,2012-06-22,0,1123360,0001123360-12-000041,2012-07-18,2010-06-23,2012-12-19
1123360,2012-06-22,0,1123360,0001123360-11-000082,2011-09-29,2010-06-23,2012-12-19
1123360,2012-06-22,0,1123360,0001193125-10-213864,2010-09-21,2010-06-23,2012-12-19
1123360,2012-07-25,0,1123360,0001123360-12-000041,2012-07-18,2010-07-26,2013-01-21
1123360,2012-07-25,0,1123360,0001123360-11-000082,2011-09-29,2010-07-26,2013-01-21
1123360,2012-07-25,0,1123360,0001193125-10-213864,2010-09-21,2010-07-26,2013-01-21
1124610,2015-07-02,0,1124610,0001124610-16-000036,2016-02-09,2013-07-02,2016-02-15
1124610,2015-07-02,0,1124610,0001193125-16-438413,2016-01-26,2013-07-02,2016-02-15
1124610,2015-07-02,0,1124610,0001124610-15-000034,2015-12-14,2013-07-02,2016-02-15
1124610,2015-07-02,0,1124610,0001124610-15-000026,2015-10-13,2013-07-02,2016-02-15
1124610,2015-07-02,0,1124610,0001124610-14-000027,2014-08-19,2013-07-02,2016-02-15
1124610,2015-07-02,0,1124610,0001124610-14-000014,2014-04-07,2013-07-02,2016-02-15
1124610,2015-07-02,0,1124610,0001124610-13-000036,2013-09-10,2013-07-02,2016-02-15
1124610,2015-07-02,0,1124610,0001124610-13-000034,2013-08-22,2013-07-02,2016-02-15
1124610,2015-07-02,0,1124610,0001124610-13-000031,2013-08-19,2013-07-02,2016-02-15
1124610,2015-08-19,0,1124610,0001124610-16-000036,2016-02-09,2013-08-19,2016-02-15
1124610,2015-08-19,0,1124610,0001193125-16-438413,2016-01-26,2013-08-19,2016-02-15
1124610,2015-08-19,0,1124610,0001124610-15-000034,2015-12-14,2013-08-19,2016-02-15
1124610,2015-08-19,0,1124610,0001124610-15-000026,2015-10-13,2013-08-19,2016-02-15
1124610,2015-08-19,0,1124610,0001124610-14-000027,2014-08-19,2013-08-19,2016-02-15
1124610,2015-08-19,0,1124610,0001124610-14-000014,2014-04-07,2013-08-19,2016-02-15
1124610,2015-08-19,0,1124610,0001124610-13-000036,2013-09-10,2013-08-19,2016-02-15
1124610,2015-08-19,0,1124610,0001124610-13-000034,2013-08-22,2013-08-19,2016-02-15
1124610,2015-08-19,0,1124610,0001124610-13-000031,2013-08-19,2013-08-19,2016-02-15
1136893,2007-09-24,0,1136893,0000892569-08-000425,2008-03-25,2005-09-24,2008-03-25
1136893,2007-09-24,0,1136893,0000892569-08-000017,2008-01-02,2005-09-24,2008-03-25
1136893,2007-09-24,0,1136893,0000892569-07-001428,2007-11-16,2005-09-24,2008-03-25
1136893,2007-09-24,0,1136893,0000892569-06-001310,2006-10-30,2005-09-24,2008-03-25
1136893,2007-09-24,0,1136893,0000892569-06-001297,2006-10-27,2005-09-24,2008-03-25
1136893,2007-09-24,0,1136893,0000892569-06-000846,2006-07-06,2005-09-24,2008-03-25
1136893,2007-09-24,0,1136893,0000892569-06-000649,2006-05-02,2005-09-24,2008-03-25
1136893,2007-09-24,0,1136893,0001104659-06-006239,2006-02-06,2005-09-24,2008-03-25
1136893,2007-09-24,0,1136893,0001193125-05-239862,2005-12-09,2005-09-24,2008-03-25
1136893,2023-05-01,0,1136893,0001193125-24-069200,2024-03-15,2021-05-01,2024-04-01
1136893,2023-05-01,0,1136893,0001193125-24-044681,2024-02-23,2021-05-01,2024-04-01
1136893,2023-05-01,0,1136893,0001193125-24-021392,2024-02-01,2021-05-01,2024-04-01
1136893,2023-05-01,0,1136893,0001193125-23-218012,2023-08-22,2021-05-01,2024-04-01
1136893,2023-05-01,0,1136893,0001136893-23-000090,2023-05-26,2021-05-01,2024-04-01
1136893,2023-05-01,0,1136893,0001136893-23-000069,2023-04-21,2021-05-01,2024-04-01
1136893,2023-05-01,0,1136893,0001193125-23-015151,2023-01-25,2021-05-01,2024-04-01
1136893,2023-05-01,0,1136893,0001193125-23-011458,2023-01-20,2021-05-01,2024-04-01
1136893,2023-05-01,0,1136893,0001193125-22-305874,2022-12-15,2021-05-01,2024-04-01
1136893,2023-05-01,0,1136893,0001136893-22-000173,2022-10-19,2021-05-01,2024-04-01
1136893,2023-05-01,0,1136893,0001136893-22-000155,2022-08-17,2021-05-01,2024-04-01
1136893,2023-05-01,0,1136893,0001136893-22-000134,2022-06-01,2021-05-01,2024-04-01
1136893,2023-05-01,0,1136893,0001136893-22-000056,2022-03-21,2021-05-01,2024-04-01
1136893,2023-05-01,0,1136893,0001136893-22-000028,2022-02-08,2021-05-01,2024-04-01
1136893,2023-05-01,0,1136893,0001136893-22-000005,2022-01-14,2021-05-01,2024-04-01
1136893,2023-05-01,0,1136893,0001136893-21-000203,2021-09-08,2021-05-01,2024-04-01
1136893,2023-05-01,0,1136893,0001136893-21-000196,2021-09-03,2021-05-01,2024-04-01
1136893,2023-05-01,0,1136893,0001136893-21-000145,2021-06-09,2021-05-01,2024-04-01
1136893,2023-05-27,0,1136893,0001193125-24-021392,2024-02-01,2021-05-27,2024-02-07
1136893,2023-05-27,0,1136893,0001193125-23-218012,2023-08-22,2021-05-27,2024-02-07
1136893,2023-05-27,0,1136893,0001136893-23-000090,2023-05-26,2021-05-27,2024-02-07
1136893,2023-05-27,0,1136893,0001136893-23-000069,2023-04-21,2021-05-27,2024-02-07
1136893,2023-05-27,0,1136893,0001193125-23-015151,2023-01-25,2021-05-27,2024-02-07
1136893,2023-05-27,0,1136893,0001193125-23-011458,2023-01-20,2021-05-27,2024-02-07
1136893,2023-05-27,0,1136893,0001193125-22-305874,2022-12-15,2021-05-27,2024-02-07
1136893,2023-05-27,0,1136893,0001136893-22-000173,2022-10-19,2021-05-27,2024-02-07
1136893,2023-05-27,0,1136893,0001136893-22-000155,2022-08-17,2021-05-27,2024-02-07
1136893,2023-05-27,0,1136893,0001136893-22-000134,2022-06-01,2021-05-27,2024-02-07
1136893,2023-05-27,0,1136893,0001136893-22-000056,2022-03-21,2021-05-27,2024-02-07
1136893,2023-05-27,0,1136893,0001136893-22-000028,2022-02-08,2021-05-27,2024-02-07
1136893,2023-05-27,0,1136893,0001136893-22-000005,2022-01-14,2021-05-27,2024-02-07
1136893,2023-05-27,0,1136893,0001136893-21-000203,2021-09-08,2021-05-27,2024-02-07
1136893,2023-05-27,0,1136893,0001136893-21-000196,2021-09-03,2021-05-27,2024-02-07
1136893,2023-05-27,0,1136893,0001136893-21-000145,2021-06-09,2021-05-27,2024-02-07
1136893,2023-06-21,0,1136893,0001193125-23-218012,2023-08-22,2021-06-21,2023-12-18
1136893,2023-06-21,0,1136893,0001136893-23-000090,2023-05-26,2021-06-21,2023-12-18
1136893,2023-06-21,0,1136893,0001136893-23-000069,2023-04-21,2021-06-21,2023-12-18
1136893,2023-06-21,0,1136893,0001193125-23-015151,2023-01-25,2021-06-21,2023-12-18
1136893,2023-06-21,0,1136893,0001193125-23-011458,2023-01-20,2021-06-21,2023-12-18
1136893,2023-06-21,0,1136893,0001193125-22-305874,2022-12-15,2021-06-21,2023-12-18
1136893,2023-06-21,0,1136893,0001136893-22-000173,2022-10-19,2021-06-21,2023-12-18
1136893,2023-06-21,0,1136893,0001136893-22-000155,2022-08-17,2021-06-21,2023-12-18
1136893,2023-06-21,0,1136893,0001136893-22-000134,2022-06-01,2021-06-21,2023-12-18
1136893,2023-06-21,0,1136893,0001136893-22-000056,2022-03-21,2021-06-21,2023-12-18
1136893,2023-06-21,0,1136893,0001136893-22-000028,2022-02-08,2021-06-21,2023-12-18
1136893,2023-06-21,0,1136893,0001136893-22-000005,2022-01-14,2021-06-21,2023-12-18
1136893,2023-06-21,0,1136893,0001136893-21-000203,2021-09-08,2021-06-21,2023-12-18
1136893,2023-06-21,0,1136893,0001136893-21-000196,2021-09-03,2021-06-21,2023-12-18
1136893,2023-06-26,0,1136893,0001193125-23-218012,2023-08-22,2021-06-26,2023-12-23
1136893,2023-06-26,0,1136893,0001136893-23-000090,2023-05-26,2021-06-26,2023-12-23
1136893,2023-06-26,0,1136893,0001136893-23-000069,2023-04-21,2021-06-26,2023-12-23
1136893,2023-06-26,0,1136893,0001193125-23-015151,2023-01-25,2021-06-26,2023-12-23
1136893,2023-06-26,0,1136893,0001193125-23-011458,2023-01-20,2021-06-26,2023-12-23
1136893,2023-06-26,0,1136893,0001193125-22-305874,2022-12-15,2021-06-26,2023-12-23
1136893,2023-06-26,0,1136893,0001136893-22-000173,2022-10-19,2021-06-26,2023-12-23
1136893,2023-06-26,0,1136893,0001136893-22-000155,2022-08-17,2021-06-26,2023-12-23
1136893,2023-06-26,0,1136893,0001136893-22-000134,2022-06-01,2021-06-26,2023-12-23
1136893,2023-06-26,0,1136893,0001136893-22-000056,2022-03-21,2021-06-26,2023-12-23
1136893,2023-06-26,0,1136893,0001136893-22-000028,2022-02-08,2021-06-26,2023-12-23
1136893,2023-06-26,0,1136893,0001136893-22-000005,2022-01-14,2021-06-26,2023-12-23
1136893,2023-06-26,0,1136893,0001136893-21-000203,2021-09-08,2021-06-26,2023-12-23
1136893,2023-06-26,0,1136893,0001136893-21-000196,2021-09-03,2021-06-26,2023-12-23
1136893,2023-07-17,0,1136893,0001193125-23-218012,2023-08-22,2021-07-17,2024-01-13
1136893,2023-07-17,0,1136893,0001136893-23-000090,2023-05-26,2021-07-17,2024-01-13
1136893,2023-07-17,0,1136893,0001136893-23-000069,2023-04-21,2021-07-17,2024-01-13
1136893,2023-07-17,0,1136893,0001193125-23-015151,2023-01-25,2021-07-17,2024-01-13
1136893,2023-07-17,0,1136893,0001193125-23-011458,2023-01-20,2021-07-17,2024-01-13
1136893,2023-07-17,0,1136893,0001193125-22-305874,2022-12-15,2021-07-17,2024-01-13
1136893,2023-07-17,0,1136893,0001136893-22-000173,2022-10-19,2021-07-17,2024-01-13
1136893,2023-07-17,0,1136893,0001136893-22-000155,2022-08-17,2021-07-17,2024-01-13
1136893,2023-07-17,0,1136893,0001136893-22-000134,2022-06-01,2021-07-17,2024-01-13
1136893,2023-07-17,0,1136893,0001136893-22-000056,2022-03-21,2021-07-17,2024-01-13
1136893,2023-07-17,0,1136893,0001136893-22-000028,2022-02-08,2021-07-17,2024-01-13
1136893,2023-07-17,0,1136893,0001136893-22-000005,2022-01-14,2021-07-17,2024-01-13
1136893,2023-07-17,0,1136893,0001136893-21-000203,2021-09-08,2021-07-17,2024-01-13
1136893,2023-07-17,0,1136893,0001136893-21-000196,2021-09-03,2021-07-17,2024-01-13
1136893,2023-07-21,0,1136893,0001193125-23-218012,2023-08-22,2021-07-21,2024-01-17
1136893,2023-07-21,0,1136893,0001136893-23-000090,2023-05-26,2021-07-21,2024-01-17
1136893,2023-07-21,0,1136893,0001136893-23-000069,2023-04-21,2021-07-21,2024-01-17
1136893,2023-07-21,0,1136893,0001193125-23-015151,2023-01-25,2021-07-21,2024-01-17
1136893,2023-07-21,0,1136893,0001193125-23-011458,2023-01-20,2021-07-21,2024-01-17
1136893,2023-07-21,0,1136893,0001193125-22-305874,2022-12-15,2021-07-21,2024-01-17
1136893,2023-07-21,0,1136893,0001136893-22-000173,2022-10-19,2021-07-21,2024-01-17
1136893,2023-07-21,0,1136893,0001136893-22-000155,2022-08-17,2021-07-21,2024-01-17
1136893,2023-07-21,0,1136893,0001136893-22-000134,2022-06-01,2021-07-21,2024-01-17
1136893,2023-07-21,0,1136893,0001136893-22-000056,2022-03-21,2021-07-21,2024-01-17
1136893,2023-07-21,0,1136893,0001136893-22-000028,2022-02-08,2021-07-21,2024-01-17
1136893,2023-07-21,0,1136893,0001136893-22-000005,2022-01-14,2021-07-21,2024-01-17
1136893,2023-07-21,0,1136893,0001136893-21-000203,2021-09-08,2021-07-21,2024-01-17
1136893,2023-07-21,0,1136893,0001136893-21-000196,2021-09-03,2021-07-21,2024-01-17
1136893,2023-09-08,0,1136893,0001193125-24-044681,2024-02-23,2021-09-08,2024-03-06
1136893,2023-09-08,0,1136893,0001193125-24-021392,2024-02-01,2021-09-08,2024-03-06
1136893,2023-09-08,0,1136893,0001193125-23-218012,2023-08-22,2021-09-08,2024-03-06
1136893,2023-09-08,0,1136893,0001136893-23-000090,2023-05-26,2021-09-08,2024-03-06
1136893,2023-09-08,0,1136893,0001136893-23-000069,2023-04-21,2021-09-08,2024-03-06
1136893,2023-09-08,0,1136893,0001193125-23-015151,2023-01-25,2021-09-08,2024-03-06
1136893,2023-09-08,0,1136893,0001193125-23-011458,2023-01-20,2021-09-08,2024-03-06
1136893,2023-09-08,0,1136893,0001193125-22-305874,2022-12-15,2021-09-08,2024-03-06
1136893,2023-09-08,0,1136893,0001136893-22-000173,2022-10-19,2021-09-08,2024-03-06
1136893,2023-09-08,0,1136893,0001136893-22-000155,2022-08-17,2021-09-08,2024-03-06
1136893,2023-09-08,0,1136893,0001136893-22-000134,2022-06-01,2021-09-08,2024-03-06
1136893,2023-09-08,0,1136893,0001136893-22-000056,2022-03-21,2021-09-08,2024-03-06
1136893,2023-09-08,0,1136893,0001136893-22-000028,2022-02-08,2021-09-08,2024-03-06
1136893,2023-09-08,0,1136893,0001136893-22-000005,2022-01-14,2021-09-08,2024-03-06
1136893,2023-09-08,0,1136893,0001136893-21-000203,2021-09-08,2021-09-08,2024-03-06
1136893,2023-09-19,0,1136893,0001193125-24-069200,2024-03-15,2021-09-19,2024-03-17
1136893,2023-09-19,0,1136893,0001193125-24-044681,2024-02-23,2021-09-19,2024-03-17
1136893,2023-09-19,0,1136893,0001193125-24-021392,2024-02-01,2021-09-19,2024-03-17
1136893,2023-09-19,0,1136893,0001193125-23-218012,2023-08-22,2021-09-19,2024-03-17
1136893,2023-09-19,0,1136893,0001136893-23-000090,2023-05-26,2021-09-19,2024-03-17
1136893,2023-09-19,0,1136893,0001136893-23-000069,2023-04-21,2021-09-19,2024-03-17
1136893,2023-09-19,0,1136893,0001193125-23-015151,2023-01-25,2021-09-19,2024-03-17
1136893,2023-09-19,0,1136893,0001193125-23-011458,2023-01-20,2021-09-19,2024-03-17
1136893,2023-09-19,0,1136893,0001193125-22-305874,2022-12-15,2021-09-19,2024-03-17
1136893,2023-09-19,0,1136893,0001136893-22-000173,2022-10-19,2021-09-19,2024-03-17
1136893,2023-09-19,0,1136893,0001136893-22-000155,2022-08-17,2021-09-19,2024-03-17
1136893,2023-09-19,0,1136893,0001136893-22-000134,2022-06-01,2021-09-19,2024-03-17
1136893,2023-09-19,0,1136893,0001136893-22-000056,2022-03-21,2021-09-19,2024-03-17
1136893,2023-09-19,0,1136893,0001136893-22-000028,2022-02-08,2021-09-19,2024-03-17
1136893,2023-09-19,0,1136893,0001136893-22-000005,2022-01-14,2021-09-19,2024-03-17
1136893,2023-10-04,0,1136893,0001193125-24-069200,2024-03-15,2021-10-04,2024-04-01
1136893,2023-10-04,0,1136893,0001193125-24-044681,2024-02-23,2021-10-04,2024-04-01
1136893,2023-10-04,0,1136893,0001193125-24-021392,2024-02-01,2021-10-04,2024-04-01
1136893,2023-10-04,0,1136893,0001193125-23-218012,2023-08-22,2021-10-04,2024-04-01
1136893,2023-10-04,0,1136893,0001136893-23-000090,2023-05-26,2021-10-04,2024-04-01
1136893,2023-10-04,0,1136893,0001136893-23-000069,2023-04-21,2021-10-04,2024-04-01
1136893,2023-10-04,0,1136893,0001193125-23-015151,2023-01-25,2021-10-04,2024-04-01
1136893,2023-10-04,0,1136893,0001193125-23-011458,2023-01-20,2021-10-04,2024-04-01
1136893,2023-10-04,0,1136893,0001193125-22-305874,2022-12-15,2021-10-04,2024-04-01
1136893,2023-10-04,0,1136893,0001136893-22-000173,2022-10-19,2021-10-04,2024-04-01
1136893,2023-10-04,0,1136893,0001136893-22-000155,2022-08-17,2021-10-04,2024-04-01
1136893,2023-10-04,0,1136893,0001136893-22-000134,2022-06-01,2021-10-04,2024-04-01
1136893,2023-10-04,0,1136893,0001136893-22-000056,2022-03-21,2021-10-04,2024-04-01
1136893,2023-10-04,0,1136893,0001136893-22-000028,2022-02-08,2021-10-04,2024-04-01
1136893,2023-10-04,0,1136893,0001136893-22-000005,2022-01-14,2021-10-04,2024-04-01
1136893,2023-11-09,0,1136893,0001193125-24-088508,2024-04-05,2021-11-09,2024-05-07
1136893,2023-11-09,0,1136893,0001193125-24-069200,2024-03-15,2021-11-09,2024-05-07
1136893,2023-11-09,0,1136893,0001193125-24-044681,2024-02-23,2021-11-09,2024-05-07
1136893,2023-11-09,0,1136893,0001193125-24-021392,2024-02-01,2021-11-09,2024-05-07
1136893,2023-11-09,0,1136893,0001193125-23-218012,2023-08-22,2021-11-09,2024-05-07
1136893,2023-11-09,0,1136893,0001136893-23-000090,2023-05-26,2021-11-09,2024-05-07
1136893,2023-11-09,0,1136893,0001136893-23-000069,2023-04-21,2021-11-09,2024-05-07
1136893,2023-11-09,0,1136893,0001193125-23-015151,2023-01-25,2021-11-09,2024-05-07
1136893,2023-11-09,0,1136893,0001193125-23-011458,2023-01-20,2021-11-09,2024-05-07
1136893,2023-11-09,0,1136893,0001193125-22-305874,2022-12-15,2021-11-09,2024-05-07
1136893,2023-11-09,0,1136893,0001136893-22-000173,2022-10-19,2021-11-09,2024-05-07
1136893,2023-11-09,0,1136893,0001136893-22-000155,2022-08-17,2021-11-09,2024-05-07
1136893,2023-11-09,0,1136893,0001136893-22-000134,2022-06-01,2021-11-09,2024-05-07
1136893,2023-11-09,0,1136893,0001136893-22-000056,2022-03-21,2021-11-09,2024-05-07
1136893,2023-11-09,0,1136893,0001136893-22-000028,2022-02-08,2021-11-09,2024-05-07
1136893,2023-11-09,0,1136893,0001136893-22-000005,2022-01-14,2021-11-09,2024-05-07
1136893,2023-11-20,0,1136893,0001193125-24-088508,2024-04-05,2021-11-20,2024-05-18
1136893,2023-11-20,0,1136893,0001193125-24-069200,2024-03-15,2021-11-20,2024-05-18
1136893,2023-11-20,0,1136893,0001193125-24-044681,2024-02-23,2021-11-20,2024-05-18
1136893,2023-11-20,0,1136893,0001193125-24-021392,2024-02-01,2021-11-20,2024-05-18
1136893,2023-11-20,0,1136893,0001193125-23-218012,2023-08-22,2021-11-20,2024-05-18
1136893,2023-11-20,0,1136893,0001136893-23-000090,2023-05-26,2021-11-20,2024-05-18
1136893,2023-11-20,0,1136893,0001136893-23-000069,2023-04-21,2021-11-20,2024-05-18
1136893,2023-11-20,0,1136893,0001193125-23-015151,2023-01-25,2021-11-20,2024-05-18
1136893,2023-11-20,0,1136893,0001193125-23-011458,2023-01-20,2021-11-20,2024-05-18
1136893,2023-11-20,0,1136893,0001193125-22-305874,2022-12-15,2021-11-20,2024-05-18
1136893,2023-11-20,0,1136893,0001136893-22-000173,2022-10-19,2021-11-20,2024-05-18
1136893,2023-11-20,0,1136893,0001136893-22-000155,2022-08-17,2021-11-20,2024-05-18
1136893,2023-11-20,0,1136893,0001136893-22-000134,2022-06-01,2021-11-20,2024-05-18
1136893,2023-11-20,0,1136893,0001136893-22-000056,2022-03-21,2021-11-20,2024-05-18
1136893,2023-11-20,0,1136893,0001136893-22-000028,2022-02-08,2021-11-20,2024-05-18
1136893,2023-11-20,0,1136893,0001136893-22-000005,2022-01-14,2021-11-20,2024-05-18
1137789,2016-02-29,0,1137789,0001104659-16-135046,2016-07-28,2014-03-01,2016-09-05
1137789,2016-02-29,0,1137789,0001104659-16-131749,2016-07-08,2014-03-01,2016-09-05
1137789,2016-02-29,0,1137789,0001104659-16-129505,2016-06-27,2014-03-01,2016-09-05
1137789,2016-02-29,0,1137789,0001104659-16-087730,2016-01-04,2014-03-01,2016-09-05
1137789,2016-02-29,0,1137789,0001104659-15-071908,2015-10-21,2014-03-01,2016-09-05
1137789,2016-02-29,0,1137789,0001104659-15-066273,2015-09-21,2014-03-01,2016-09-05
1137789,2016-02-29,0,1137789,0001104659-15-057159,2015-08-06,2014-03-01,2016-09-05
1137789,2016-02-29,0,1137789,0001104659-15-052507,2015-07-22,2014-03-01,2016-09-05
1137789,2016-02-29,0,1137789,0001104659-15-033202,2015-05-01,2014-03-01,2016-09-05
1137789,2016-02-29,0,1137789,0001104659-14-073609,2014-10-24,2014-03-01,2016-09-05
1137789,2016-02-29,0,1137789,0001104659-14-066107,2014-09-12,2014-03-01,2016-09-05
1137789,2016-02-29,0,1137789,0001104659-14-052995,2014-07-23,2014-03-01,2016-09-05
1137789,2016-02-29,0,1137789,0001104659-14-029197,2014-04-22,2014-03-01,2016-09-05
1137789,2016-03-14,0,1137789,0001104659-16-135046,2016-07-28,2014-03-15,2016-09-10
1137789,2016-03-14,0,1137789,0001104659-16-131749,2016-07-08,2014-03-15,2016-09-10
1137789,2016-03-14,0,1137789,0001104659-16-129505,2016-06-27,2014-03-15,2016-09-10
1137789,2016-03-14,0,1137789,0001104659-16-087730,2016-01-04,2014-03-15,2016-09-10
1137789,2016-03-14,0,1137789,0001104659-15-071908,2015-10-21,2014-03-15,2016-09-10
1137789,2016-03-14,0,1137789,0001104659-15-066273,2015-09-21,2014-03-15,2016-09-10
1137789,2016-03-14,0,1137789,0001104659-15-057159,2015-08-06,2014-03-15,2016-09-10
1137789,2016-03-14,0,1137789,0001104659-15-052507,2015-07-22,2014-03-15,2016-09-10
1137789,2016-03-14,0,1137789,0001104659-15-033202,2015-05-01,2014-03-15,2016-09-10
1137789,2016-03-14,0,1137789,0001104659-14-073609,2014-10-24,2014-03-15,2016-09-10
1137789,2016-03-14,0,1137789,0001104659-14-066107,2014-09-12,2014-03-15,2016-09-10
1137789,2016-03-14,0,1137789,0001104659-14-052995,2014-07-23,2014-03-15,2016-09-10
1137789,2016-03-14,0,1137789,0001104659-14-029197,2014-04-22,2014-03-15,2016-09-10
1137789,2017-07-08,0,1137789,0001137789-17-000068,2017-10-18,2015-07-09,2018-01-04
1137789,2017-07-08,0,1137789,0001137789-17-000046,2017-07-28,2015-07-09,2018-01-04
1137789,2017-07-08,0,1137789,0001193125-17-234440,2017-07-25,2015-07-09,2018-01-04
1137789,2017-07-08,0,1137789,0001193125-17-192960,2017-06-02,2015-07-09,2018-01-04
1137789,2017-07-08,0,1137789,0001193125-17-013685,2017-01-20,2015-07-09,2018-01-04
1137789,2017-07-08,0,1137789,0001104659-16-151422,2016-10-24,2015-07-09,2018-01-04
1137789,2017-07-08,0,1137789,0001104659-16-148575,2016-10-04,2015-07-09,2018-01-04
1137789,2017-07-08,0,1137789,0001104659-16-146813,2016-09-27,2015-07-09,2018-01-04
1137789,2017-07-08,0,1137789,0001104659-16-135046,2016-07-28,2015-07-09,2018-01-04
1137789,2017-07-08,0,1137789,0001104659-16-131749,2016-07-08,2015-07-09,2018-01-04
1137789,2017-07-08,0,1137789,0001104659-16-129505,2016-06-27,2015-07-09,2018-01-04
1137789,2017-07-08,0,1137789,0001104659-16-087730,2016-01-04,2015-07-09,2018-01-04
1137789,2017-07-08,0,1137789,0001104659-15-071908,2015-10-21,2015-07-09,2018-01-04
1137789,2017-07-08,0,1137789,0001104659-15-066273,2015-09-21,2015-07-09,2018-01-04
1137789,2017-07-08,0,1137789,0001104659-15-057159,2015-08-06,2015-07-09,2018-01-04
1137789,2017-07-08,0,1137789,0001104659-15-052507,2015-07-22,2015-07-09,2018-01-04
1140859,2024-02-21,0,1140859,0001104659-24-090498,2024-08-16,2022-02-21,2024-11-11
1140859,2024-02-21,0,1140859,0001104659-24-089929,2024-08-15,2022-02-21,2024-11-11
1140859,2024-02-21,0,1140859,0001140859-24-000081,2024-05-03,2022-02-21,2024-11-11
1140859,2024-02-21,0,1140859,0001104659-24-035045,2024-03-15,2022-02-21,2024-11-11
1140859,2024-02-21,0,1140859,0001104659-24-033278,2024-03-12,2022-02-21,2024-11-11
1140859,2024-02-21,0,1140859,0001140859-24-000012,2024-01-16,2022-02-21,2024-11-11
1140859,2024-02-21,0,1140859,0001140859-23-000125,2023-08-15,2022-02-21,2024-11-11
1140859,2024-02-21,0,1140859,0001140859-23-000021,2023-01-26,2022-02-21,2024-11-11
1140859,2024-02-21,0,1140859,0001104659-22-119574,2022-11-16,2022-02-21,2024-11-11
1140859,2024-02-21,0,1140859,0001140859-22-000095,2022-11-16,2022-02-21,2024-11-11
1140859,2024-02-21,0,1140859,0001140859-22-000064,2022-11-03,2022-02-21,2024-11-11
1140859,2024-02-21,0,1140859,0001140859-22-000054,2022-09-27,2022-02-21,2024-11-11
1140859,2024-02-21,0,1140859,0001104659-22-041712,2022-04-01,2022-02-21,2024-11-11
1140859,2024-04-10,0,1140859,0001104659-24-090498,2024-08-16,2022-04-11,2024-11-11
1140859,2024-04-10,0,1140859,0001104659-24-089929,2024-08-15,2022-04-11,2024-11-11
1140859,2024-04-10,0,1140859,0001140859-24-000081,2024-05-03,2022-04-11,2024-11-11
1140859,2024-04-10,0,1140859,0001104659-24-035045,2024-03-15,2022-04-11,2024-11-11
1140859,2024-04-10,0,1140859,0001104659-24-033278,2024-03-12,2022-04-11,2024-11-11
1140859,2024-04-10,0,1140859,0001140859-24-000012,2024-01-16,2022-04-11,2024-11-11
1140859,2024-04-10,0,1140859,0001140859-23-000125,2023-08-15,2022-04-11,2024-11-11
1140859,2024-04-10,0,1140859,0001140859-23-000021,2023-01-26,2022-04-11,2024-11-11
1140859,2024-04-10,0,1140859,0001104659-22-119574,2022-11-16,2022-04-11,2024-11-11
1140859,2024-04-10,0,1140859,0001140859-22-000095,2022-11-16,2022-04-11,2024-11-11
1140859,2024-04-10,0,1140859,0001140859-22-000064,2022-11-03,2022-04-11,2024-11-11
1140859,2024-04-10,0,1140859,0001140859-22-000054,2022-09-27,2022-04-11,2024-11-11
1140859,2024-05-08,0,1140859,0001104659-24-090498,2024-08-16,2022-05-09,2024-12-17
1140859,2024-05-08,0,1140859,0001104659-24-089929,2024-08-15,2022-05-09,2024-12-17
1140859,2024-05-08,0,1140859,0001140859-24-000081,2024-05-03,2022-05-09,2024-12-17
1140859,2024-05-08,0,1140859,0001104659-24-035045,2024-03-15,2022-05-09,2024-12-17
1140859,2024-05-08,0,1140859,0001104659-24-033278,2024-03-12,2022-05-09,2024-12-17
1140859,2024-05-08,0,1140859,0001140859-24-000012,2024-01-16,2022-05-09,2024-12-17
1140859,2024-05-08,0,1140859,0001140859-23-000125,2023-08-15,2022-05-09,2024-12-17
1140859,2024-05-08,0,1140859,0001140859-23-000021,2023-01-26,2022-05-09,2024-12-17
1140859,2024-05-08,0,1140859,0001104659-22-119574,2022-11-16,2022-05-09,2024-12-17
1140859,2024-05-08,0,1140859,0001140859-22-000095,2022-11-16,2022-05-09,2024-12-17
1140859,2024-05-08,0,1140859,0001140859-22-000064,2022-11-03,2022-05-09,2024-12-17
1140859,2024-05-08,0,1140859,0001140859-22-000054,2022-09-27,2022-05-09,2024-12-17
1166691,2008-01-29,1,1166691,0001193125-08-029361,2008-02-13,2006-01-29,2008-07-27
1166691,2008-01-29,1,1166691,0000950103-07-003148,2007-12-28,2006-01-29,2008-07-27
1166691,2008-01-29,1,1166691,0000950103-06-002700,2006-11-28,2006-01-29,2008-07-27
1166691,2009-05-11,1,1166691,0000950103-09-000292,2009-02-13,2007-05-12,2009-11-07
1166691,2009-05-11,1,1166691,0000950103-08-002956,2008-12-10,2007-05-12,2009-11-07
1166691,2009-05-11,1,1166691,0001193125-08-029361,2008-02-13,2007-05-12,2009-11-07
1166691,2009-05-11,1,1166691,0000950103-07-003148,2007-12-28,2007-05-12,2009-11-07
1166691,2009-06-22,1,1166691,0000950103-09-000292,2009-02-13,2007-06-23,2009-12-19
1166691,2009-06-22,1,1166691,0000950103-08-002956,2008-12-10,2007-06-23,2009-12-19
1166691,2009-06-22,1,1166691,0001193125-08-029361,2008-02-13,2007-06-23,2009-12-19
1166691,2009-06-22,1,1166691,0000950103-07-003148,2007-12-28,2007-06-23,2009-12-19
1166691,2012-08-24,0,1166691,0000950103-14-001112,2014-02-14,2010-08-25,2014-04-12
1166691,2012-08-24,0,1166691,0000950103-13-004940,2013-08-16,2010-08-25,2014-04-12
1166691,2012-08-24,0,1166691,0000950103-13-004474,2013-07-24,2010-08-25,2014-04-12
1166691,2012-08-24,0,1166691,0001193125-12-392575,2012-09-14,2010-08-25,2014-04-12
1166691,2012-08-24,0,1166691,0001193125-11-320674,2011-11-23,2010-08-25,2014-04-12
1166691,2012-08-24,0,1166691,0001193125-11-299646,2011-11-07,2010-08-25,2014-04-12
1166691,2012-08-24,0,1166691,0001193125-11-285508,2011-10-28,2010-08-25,2014-04-12
1166691,2012-08-24,0,1166691,0001193125-11-254480,2011-09-22,2010-08-25,2014-04-12
1166691,2012-08-24,0,1166691,0001193125-11-180049,2011-07-01,2010-08-25,2014-04-12
1166691,2012-08-24,0,1166691,0000950103-11-000772,2011-02-25,2010-08-25,2014-04-12
1166691,2012-08-24,0,1166691,0000950103-11-000353,2011-01-31,2010-08-25,2014-04-12
1166691,2012-08-24,0,1166691,0000950103-11-000002,2011-01-03,2010-08-25,2014-04-12
1166691,2013-08-24,0,1166691,0000950103-14-001112,2014-02-14,2011-08-25,2014-04-12
1166691,2013-08-24,0,1166691,0000950103-13-004940,2013-08-16,2011-08-25,2014-04-12
1166691,2013-08-24,0,1166691,0000950103-13-004474,2013-07-24,2011-08-25,2014-04-12
1166691,2013-08-24,0,1166691,0001193125-12-392575,2012-09-14,2011-08-25,2014-04-12
1166691,2013-08-24,0,1166691,0001193125-11-320674,2011-11-23,2011-08-25,2014-04-12
1166691,2013-08-24,0,1166691,0001193125-11-299646,2011-11-07,2011-08-25,2014-04-12
1166691,2013-08-24,0,1166691,0001193125-11-285508,2011-10-28,2011-08-25,2014-04-12
1166691,2013-08-24,0,1166691,0001193125-11-254480,2011-09-22,2011-08-25,2014-04-12
1166691,2013-10-15,0,1166691,0000950103-14-001112,2014-02-14,2011-10-16,2014-04-13
1166691,2013-10-15,0,1166691,0000950103-13-004940,2013-08-16,2011-10-16,2014-04-13
1166691,2013-10-15,0,1166691,0000950103-13-004474,2013-07-24,2011-10-16,2014-04-13
1166691,2013-10-15,0,1166691,0001193125-12-392575,2012-09-14,2011-10-16,2014-04-13
1166691,2013-10-15,0,1166691,0001193125-11-320674,2011-11-23,2011-10-16,2014-04-13
1166691,2013-10-15,0,1166691,0001193125-11-299646,2011-11-07,2011-10-16,2014-04-13
1166691,2013-10-15,0,1166691,0001193125-11-285508,2011-10-28,2011-10-16,2014-04-13
1166691,2014-09-29,1,1166691,0000950103-14-008968,2014-12-23,2012-09-29,2015-03-28
1166691,2014-09-29,1,1166691,0000950103-14-004539,2014-07-01,2012-09-29,2015-03-28
1166691,2014-09-29,1,1166691,0000950103-14-001112,2014-02-14,2012-09-29,2015-03-28
1166691,2014-09-29,1,1166691,0000950103-13-004940,2013-08-16,2012-09-29,2015-03-28
1166691,2014-09-29,1,1166691,0000950103-13-004474,2013-07-24,2012-09-29,2015-03-28
1166691,2022-01-04,1,1166691,0000950103-22-017696,2022-10-12,2020-01-05,2022-10-18
1166691,2023-10-16,1,1166691,0001166691-24-000019,2024-04-15,2021-10-16,2024-06-15
1166691,2023-10-16,1,1166691,0000950103-23-017250,2023-12-06,2021-10-16,2024-06-15
1166691,2023-10-16,1,1166691,0000950103-23-014572,2023-10-03,2021-10-16,2024-06-15
1166691,2023-10-16,1,1166691,0000950103-23-008707,2023-06-09,2021-10-16,2024-06-15
1166691,2023-10-16,1,1166691,0000950103-23-006065,2023-04-24,2021-10-16,2024-06-15
1166691,2023-10-16,1,1166691,0000950103-23-004120,2023-03-15,2021-10-16,2024-06-15
1166691,2023-10-16,1,1166691,0000950103-23-000208,2023-01-06,2021-10-16,2024-06-15
1166691,2023-10-16,1,1166691,0000950103-22-021872,2022-12-30,2021-10-16,2024-06-15
1166691,2023-10-16,1,1166691,0000950103-22-017696,2022-10-12,2021-10-16,2024-06-15
1166691,2024-01-26,1,1166691,0001166691-24-000019,2024-04-15,2022-01-26,2024-07-24
1166691,2024-01-26,1,1166691,0000950103-23-017250,2023-12-06,2022-01-26,2024-07-24
1166691,2024-01-26,1,1166691,0000950103-23-014572,2023-10-03,2022-01-26,2024-07-24
1166691,2024-01-26,1,1166691,0000950103-23-008707,2023-06-09,2022-01-26,2024-07-24
1166691,2024-01-26,1,1166691,0000950103-23-006065,2023-04-24,2022-01-26,2024-07-24
1166691,2024-01-26,1,1166691,0000950103-23-004120,2023-03-15,2022-01-26,2024-07-24
1166691,2024-01-26,1,1166691,0000950103-23-000208,2023-01-06,2022-01-26,2024-07-24
1166691,2024-01-26,1,1166691,0000950103-22-021872,2022-12-30,2022-01-26,2024-07-24
1166691,2024-01-26,1,1166691,0000950103-22-017696,2022-10-12,2022-01-26,2024-07-24
1166691,2024-02-14,1,1166691,0000950103-25-003639,2025-03-19,2022-02-14,2025-04-01
1166691,2024-02-14,1,1166691,0001166691-24-000019,2024-04-15,2022-02-14,2025-04-01
1166691,2024-02-14,1,1166691,0000950103-23-017250,2023-12-06,2022-02-14,2025-04-01
1166691,2024-02-14,1,1166691,0000950103-23-014572,2023-10-03,2022-02-14,2025-04-01
1166691,2024-02-14,1,1166691,0000950103-23-008707,2023-06-09,2022-02-14,2025-04-01
1166691,2024-02-14,1,1166691,0000950103-23-006065,2023-04-24,2022-02-14,2025-04-01
1166691,2024-02-14,1,1166691,0000950103-23-004120,2023-03-15,2022-02-14,2025-04-01
1166691,2024-02-14,1,1166691,0000950103-23-000208,2023-01-06,2022-02-14,2025-04-01
1166691,2024-02-14,1,1166691,0000950103-22-021872,2022-12-30,2022-02-14,2025-04-01
1166691,2024-02-14,1,1166691,0000950103-22-017696,2022-10-12,2022-02-14,2025-04-01
1166691,2024-10-04,1,1166691,0000950103-25-003639,2025-03-19,2022-10-05,2025-04-02
1166691,2024-10-04,1,1166691,0001166691-24-000019,2024-04-15,2022-10-05,2025-04-02
1166691,2024-10-04,1,1166691,0000950103-23-017250,2023-12-06,2022-10-05,2025-04-02
1166691,2024-10-04,1,1166691,0000950103-23-014572,2023-10-03,2022-10-05,2025-04-02
1166691,2024-10-04,1,1166691,0000950103-23-008707,2023-06-09,2022-10-05,2025-04-02
1166691,2024-10-04,1,1166691,0000950103-23-006065,2023-04-24,2022-10-05,2025-04-02
1166691,2024-10-04,1,1166691,0000950103-23-004120,2023-03-15,2022-10-05,2025-04-02
1166691,2024-10-04,1,1166691,0000950103-23-000208,2023-01-06,2022-10-05,2025-04-02
1166691,2024-10-04,1,1166691,0000950103-22-021872,2022-12-30,2022-10-05,2025-04-02
1166691,2024-10-04,1,1166691,0000950103-22-017696,2022-10-12,2022-10-05,2025-04-02
1180262,2022-02-01,0,1180262,0001157523-22-000997,2022-08-02,2020-02-02,2022-09-13
1180262,2022-02-01,0,1180262,0001157523-21-000581,2021-05-04,2020-02-02,2022-09-13
1180262,2022-02-01,0,1180262,0001193125-21-150054,2021-05-04,2020-02-02,2022-09-13
1180262,2022-02-01,0,1180262,0001193125-21-062102,2021-03-01,2020-02-02,2022-09-13
1180262,2022-02-01,0,1180262,0001193125-21-000193,2021-01-04,2020-02-02,2022-09-13
1180262,2022-02-01,0,1180262,0001157523-20-001457,2020-11-05,2020-02-02,2022-09-13
1180262,2022-02-01,0,1180262,0001157523-20-000216,2020-02-18,2020-02-02,2022-09-13
51434,2023-05-30,0,51434,0001193125-24-070875,2024-03-19,2021-05-30,2024-05-15
51434,2023-05-30,0,51434,0001193125-24-038571,2024-02-16,2021-05-30,2024-05-15
51434,2023-05-30,0,51434,0001193125-24-038566,2024-02-16,2021-05-30,2024-05-15
51434,2023-05-30,0,51434,0001193125-23-249022,2023-10-02,2021-05-30,2024-05-15
51434,2023-05-30,0,51434,0001193125-23-002536,2023-01-05,2021-05-30,2024-05-15
51434,2023-05-30,0,51434,0001193125-22-148419,2022-05-12,2021-05-30,2024-05-15
51434,2023-05-30,0,51434,0001193125-22-105647,2022-04-14,2021-05-30,2024-05-15
1283699,2014-01-02,1,1283699,0001193125-14-058782,2014-02-19,2012-01-03,2014-07-01
1283699,2014-01-02,1,1283699,0001193125-13-448555,2013-11-20,2012-01-03,2014-07-01
1283699,2014-01-02,1,1283699,0001283699-13-000134,2013-11-08,2012-01-03,2014-07-01
1283699,2014-01-02,1,1283699,0001283699-13-000120,2013-10-25,2012-01-03,2014-07-01
1283699,2014-01-02,1,1283699,0001193125-13-246944,2013-06-04,2012-01-03,2014-07-01
1283699,2014-01-02,1,1283699,0001193125-13-193449,2013-05-02,2012-01-03,2014-07-01
1283699,2014-01-02,1,1283699,0001283699-13-000011,2013-02-07,2012-01-03,2014-07-01
1283699,2014-01-02,1,1283699,0001283699-12-000027,2012-10-03,2012-01-03,2014-07-01
1283699,2014-01-02,1,1283699,0001283699-12-000010,2012-08-03,2012-01-03,2014-07-01
1283699,2014-01-02,1,1283699,0001445305-12-001909,2012-05-31,2012-01-03,2014-07-01
1283699,2014-01-02,1,1283699,0001193125-12-056765,2012-02-14,2012-01-03,2014-07-01
1283699,2015-09-14,1,1283699,0001193125-16-470124,2016-02-19,2013-09-14,2016-03-29
1283699,2015-09-14,1,1283699,0001193125-15-063256,2015-02-26,2013-09-14,2016-03-29
1283699,2015-09-14,1,1283699,0001193125-15-052763,2015-02-18,2013-09-14,2016-03-29
1283699,2015-09-14,1,1283699,0001193125-14-058782,2014-02-19,2013-09-14,2016-03-29
1283699,2015-09-14,1,1283699,0001193125-13-448555,2013-11-20,2013-09-14,2016-03-29
1283699,2015-09-14,1,1283699,0001283699-13-000134,2013-11-08,2013-09-14,2016-03-29
1283699,2015-09-14,1,1283699,0001283699-13-000120,2013-10-25,2013-09-14,2016-03-29
1283699,2015-10-01,1,1283699,0001193125-16-470124,2016-02-19,2013-10-01,2016-03-29
1283699,2015-10-01,1,1283699,0001193125-15-063256,2015-02-26,2013-10-01,2016-03-29
1283699,2015-10-01,1,1283699,0001193125-15-052763,2015-02-18,2013-10-01,2016-03-29
1283699,2015-10-01,1,1283699,0001193125-14-058782,2014-02-19,2013-10-01,2016-03-29
1283699,2015-10-01,1,1283699,0001193125-13-448555,2013-11-20,2013-10-01,2016-03-29
1283699,2015-10-01,1,1283699,0001283699-13-000134,2013-11-08,2013-10-01,2016-03-29
1283699,2015-10-01,1,1283699,0001283699-13-000120,2013-10-25,2013-10-01,2016-03-29
1283699,2015-11-04,1,1283699,0001193125-16-470124,2016-02-19,2013-11-04,2016-05-02
1283699,2015-11-04,1,1283699,0001193125-15-063256,2015-02-26,2013-11-04,2016-05-02
1283699,2015-11-04,1,1283699,0001193125-15-052763,2015-02-18,2013-11-04,2016-05-02
1283699,2015-11-04,1,1283699,0001193125-14-058782,2014-02-19,2013-11-04,2016-05-02
1283699,2015-11-04,1,1283699,0001193125-13-448555,2013-11-20,2013-11-04,2016-05-02
1283699,2015-11-04,1,1283699,0001283699-13-000134,2013-11-08,2013-11-04,2016-05-02
1283699,2017-04-01,1,1283699,0001193125-17-099960,2017-03-28,2015-04-02,2017-12-06
1283699,2017-04-01,1,1283699,0001193125-17-056336,2017-02-24,2015-04-02,2017-12-06
1283699,2017-04-01,1,1283699,0001193125-16-628913,2016-06-22,2015-04-02,2017-12-06
1283699,2017-04-01,1,1283699,0001193125-16-470124,2016-02-19,2015-04-02,2017-12-06
1283699,2017-08-24,1,1283699,0001193125-18-051913,2018-02-21,2015-08-25,2018-03-13
1283699,2017-08-24,1,1283699,0001193125-17-377654,2017-12-22,2015-08-25,2018-03-13
1283699,2017-08-24,1,1283699,0001193125-17-099960,2017-03-28,2015-08-25,2018-03-13
1283699,2017-08-24,1,1283699,0001193125-17-056336,2017-02-24,2015-08-25,2018-03-13
1283699,2017-08-24,1,1283699,0001193125-16-628913,2016-06-22,2015-08-25,2018-03-13
1283699,2017-08-24,1,1283699,0001193125-16-470124,2016-02-19,2015-08-25,2018-03-13
1283699,2017-09-16,1,1283699,0001193125-18-051913,2018-02-21,2015-09-17,2018-03-31
1283699,2017-09-16,1,1283699,0001193125-17-377654,2017-12-22,2015-09-17,2018-03-31
1283699,2017-09-16,1,1283699,0001193125-17-099960,2017-03-28,2015-09-17,2018-03-31
1283699,2017-09-16,1,1283699,0001193125-17-056336,2017-02-24,2015-09-17,2018-03-31
1283699,2017-09-16,1,1283699,0001193125-16-628913,2016-06-22,2015-09-17,2018-03-31
1283699,2017-09-16,1,1283699,0001193125-16-470124,2016-02-19,2015-09-17,2018-03-31
1283699,2018-08-20,1,1283699,0001283699-18-000071,2018-12-04,2016-08-20,2019-02-19
1283699,2018-08-20,1,1283699,0001283699-18-000063,2018-11-02,2016-08-20,2019-02-19
1283699,2018-08-20,1,1283699,0001283699-18-000031,2018-06-14,2016-08-20,2019-02-19
1283699,2018-08-20,1,1283699,0001104659-18-028086,2018-04-30,2016-08-20,2019-02-19
1283699,2018-08-20,1,1283699,0001193125-18-051913,2018-02-21,2016-08-20,2019-02-19
1283699,2018-08-20,1,1283699,0001193125-17-377654,2017-12-22,2016-08-20,2019-02-19
1283699,2018-08-20,1,1283699,0001193125-17-099960,2017-03-28,2016-08-20,2019-02-19
1283699,2018-08-20,1,1283699,0001193125-17-056336,2017-02-24,2016-08-20,2019-02-19
1283699,2019-11-26,1,1283699,0001140361-20-014470,2020-06-22,2017-11-26,2020-08-29
1283699,2019-11-26,1,1283699,0001140361-20-014081,2020-06-17,2017-11-26,2020-08-29
1283699,2019-11-26,1,1283699,0001193125-20-119230,2020-04-24,2017-11-26,2020-08-29
1283699,2019-11-26,1,1283699,0001193125-20-109354,2020-04-16,2017-11-26,2020-08-29
1283699,2019-11-26,1,1283699,0001193125-20-093622,2020-04-01,2017-11-26,2020-08-29
1283699,2019-11-26,1,1283699,0001283699-20-000064,2020-03-25,2017-11-26,2020-08-29
1283699,2019-11-26,1,1283699,0001193125-20-071678,2020-03-12,2017-11-26,2020-08-29
1283699,2019-11-26,1,1283699,0001193125-20-041926,2020-02-19,2017-11-26,2020-08-29
1283699,2019-11-26,1,1283699,0001193125-19-294093,2019-11-18,2017-11-26,2020-08-29
1283699,2019-11-26,1,1283699,0001283699-19-000066,2019-04-19,2017-11-26,2020-08-29
1283699,2019-11-26,1,1283699,0001283699-19-000064,2019-03-29,2017-11-26,2020-08-29
1283699,2019-11-26,1,1283699,0001283699-18-000071,2018-12-04,2017-11-26,2020-08-29
1283699,2019-11-26,1,1283699,0001283699-18-000063,2018-11-02,2017-11-26,2020-08-29
1283699,2019-11-26,1,1283699,0001283699-18-000031,2018-06-14,2017-11-26,2020-08-29
1283699,2019-11-26,1,1283699,0001104659-18-028086,2018-04-30,2017-11-26,2020-08-29
1283699,2019-11-26,1,1283699,0001193125-18-051913,2018-02-21,2017-11-26,2020-08-29
1283699,2019-11-26,1,1283699,0001193125-17-377654,2017-12-22,2017-11-26,2020-08-29
1283699,2020-04-02,1,1283699,0001140361-20-014470,2020-06-22,2018-04-03,2020-09-29
1283699,2020-04-02,1,1283699,0001140361-20-014081,2020-06-17,2018-04-03,2020-09-29
1283699,2020-04-02,1,1283699,0001193125-20-119230,2020-04-24,2018-04-03,2020-09-29
1283699,2020-04-02,1,1283699,0001193125-20-109354,2020-04-16,2018-04-03,2020-09-29
1283699,2020-04-02,1,1283699,0001193125-20-093622,2020-04-01,2018-04-03,2020-09-29
1283699,2020-04-02,1,1283699,0001283699-20-000064,2020-03-25,2018-04-03,2020-09-29
1283699,2020-04-02,1,1283699,0001193125-20-071678,2020-03-12,2018-04-03,2020-09-29
1283699,2020-04-02,1,1283699,0001193125-20-041926,2020-02-19,2018-04-03,2020-09-29
1283699,2020-04-02,1,1283699,0001193125-19-294093,2019-11-18,2018-04-03,2020-09-29
1283699,2020-04-02,1,1283699,0001283699-19-000066,2019-04-19,2018-04-03,2020-09-29
1283699,2020-04-02,1,1283699,0001283699-19-000064,2019-03-29,2018-04-03,2020-09-29
1283699,2020-04-02,1,1283699,0001283699-18-000071,2018-12-04,2018-04-03,2020-09-29
1283699,2020-04-02,1,1283699,0001283699-18-000063,2018-11-02,2018-04-03,2020-09-29
1283699,2020-04-02,1,1283699,0001283699-18-000031,2018-06-14,2018-04-03,2020-09-29
1283699,2020-04-02,1,1283699,0001104659-18-028086,2018-04-30,2018-04-03,2020-09-29
1283699,2020-04-15,1,1283699,0001140361-20-014470,2020-06-22,2018-04-16,2020-10-12
1283699,2020-04-15,1,1283699,0001140361-20-014081,2020-06-17,2018-04-16,2020-10-12
1283699,2020-04-15,1,1283699,0001193125-20-119230,2020-04-24,2018-04-16,2020-10-12
1283699,2020-04-15,1,1283699,0001193125-20-109354,2020-04-16,2018-04-16,2020-10-12
1283699,2020-04-15,1,1283699,0001193125-20-093622,2020-04-01,2018-04-16,2020-10-12
1283699,2020-04-15,1,1283699,0001283699-20-000064,2020-03-25,2018-04-16,2020-10-12
1283699,2020-04-15,1,1283699,0001193125-20-071678,2020-03-12,2018-04-16,2020-10-12
1283699,2020-04-15,1,1283699,0001193125-20-041926,2020-02-19,2018-04-16,2020-10-12
1283699,2020-04-15,1,1283699,0001193125-19-294093,2019-11-18,2018-04-16,2020-10-12
1283699,2020-04-15,1,1283699,0001283699-19-000066,2019-04-19,2018-04-16,2020-10-12
1283699,2020-04-15,1,1283699,0001283699-19-000064,2019-03-29,2018-04-16,2020-10-12
1283699,2020-04-15,1,1283699,0001283699-18-000071,2018-12-04,2018-04-16,2020-10-12
1283699,2020-04-15,1,1283699,0001283699-18-000063,2018-11-02,2018-04-16,2020-10-12
1283699,2020-04-15,1,1283699,0001283699-18-000031,2018-06-14,2018-04-16,2020-10-12
1283699,2020-04-15,1,1283699,0001104659-18-028086,2018-04-30,2018-04-16,2020-10-12
1283699,2020-08-27,1,1283699,0001193125-21-113210,2021-04-12,2018-08-28,2021-06-06
1283699,2020-08-27,1,1283699,0001193125-21-076354,2021-03-10,2018-08-28,2021-06-06
1283699,2020-08-27,1,1283699,0001193125-20-291827,2020-11-12,2018-08-28,2021-06-06
1283699,2020-08-27,1,1283699,0001140361-20-014470,2020-06-22,2018-08-28,2021-06-06
1283699,2020-08-27,1,1283699,0001140361-20-014081,2020-06-17,2018-08-28,2021-06-06
1283699,2020-08-27,1,1283699,0001193125-20-119230,2020-04-24,2018-08-28,2021-06-06
1283699,2020-08-27,1,1283699,0001193125-20-109354,2020-04-16,2018-08-28,2021-06-06
1283699,2020-08-27,1,1283699,0001193125-20-093622,2020-04-01,2018-08-28,2021-06-06
1283699,2020-08-27,1,1283699,0001283699-20-000064,2020-03-25,2018-08-28,2021-06-06
1283699,2020-08-27,1,1283699,0001193125-20-071678,2020-03-12,2018-08-28,2021-06-06
1283699,2020-08-27,1,1283699,0001193125-20-041926,2020-02-19,2018-08-28,2021-06-06
1283699,2020-08-27,1,1283699,0001193125-19-294093,2019-11-18,2018-08-28,2021-06-06
1283699,2020-08-27,1,1283699,0001283699-19-000066,2019-04-19,2018-08-28,2021-06-06
1283699,2020-08-27,1,1283699,0001283699-19-000064,2019-03-29,2018-08-28,2021-06-06
1283699,2020-08-27,1,1283699,0001283699-18-000071,2018-12-04,2018-08-28,2021-06-06
1283699,2020-08-27,1,1283699,0001283699-18-000063,2018-11-02,2018-08-28,2021-06-06
1283699,2020-08-31,1,1283699,0001193125-21-076354,2021-03-10,2018-09-01,2021-04-07
1283699,2020-08-31,1,1283699,0001193125-20-291827,2020-11-12,2018-09-01,2021-04-07
1283699,2020-08-31,1,1283699,0001140361-20-014470,2020-06-22,2018-09-01,2021-04-07
1283699,2020-08-31,1,1283699,0001140361-20-014081,2020-06-17,2018-09-01,2021-04-07
1283699,2020-08-31,1,1283699,0001193125-20-119230,2020-04-24,2018-09-01,2021-04-07
1283699,2020-08-31,1,1283699,0001193125-20-109354,2020-04-16,2018-09-01,2021-04-07
1283699,2020-08-31,1,1283699,0001193125-20-093622,2020-04-01,2018-09-01,2021-04-07
1283699,2020-08-31,1,1283699,0001283699-20-000064,2020-03-25,2018-09-01,2021-04-07
1283699,2020-08-31,1,1283699,0001193125-20-071678,2020-03-12,2018-09-01,2021-04-07
1283699,2020-08-31,1,1283699,0001193125-20-041926,2020-02-19,2018-09-01,2021-04-07
1283699,2020-08-31,1,1283699,0001193125-19-294093,2019-11-18,2018-09-01,2021-04-07
1283699,2020-08-31,1,1283699,0001283699-19-000066,2019-04-19,2018-09-01,2021-04-07
1283699,2020-08-31,1,1283699,0001283699-19-000064,2019-03-29,2018-09-01,2021-04-07
1283699,2020-08-31,1,1283699,0001283699-18-000071,2018-12-04,2018-09-01,2021-04-07
1283699,2020-08-31,1,1283699,0001283699-18-000063,2018-11-02,2018-09-01,2021-04-07
1283699,2021-01-18,1,1283699,0001193125-21-198692,2021-06-24,2019-01-19,2021-08-08
1283699,2021-01-18,1,1283699,0001193125-21-113210,2021-04-12,2019-01-19,2021-08-08
1283699,2021-01-18,1,1283699,0001193125-21-076354,2021-03-10,2019-01-19,2021-08-08
1283699,2021-01-18,1,1283699,0001193125-20-291827,2020-11-12,2019-01-19,2021-08-08
1283699,2021-01-18,1,1283699,0001140361-20-014470,2020-06-22,2019-01-19,2021-08-08
1283699,2021-01-18,1,1283699,0001140361-20-014081,2020-06-17,2019-01-19,2021-08-08
1283699,2021-01-18,1,1283699,0001193125-20-119230,2020-04-24,2019-01-19,2021-08-08
1283699,2021-01-18,1,1283699,0001193125-20-109354,2020-04-16,2019-01-19,2021-08-08
1283699,2021-01-18,1,1283699,0001193125-20-093622,2020-04-01,2019-01-19,2021-08-08
1283699,2021-01-18,1,1283699,0001283699-20-000064,2020-03-25,2019-01-19,2021-08-08
1283699,2021-01-18,1,1283699,0001193125-20-071678,2020-03-12,2019-01-19,2021-08-08
1283699,2021-01-18,1,1283699,0001193125-20-041926,2020-02-19,2019-01-19,2021-08-08
1283699,2021-01-18,1,1283699,0001193125-19-294093,2019-11-18,2019-01-19,2021-08-08
1283699,2021-01-18,1,1283699,0001283699-19-000066,2019-04-19,2019-01-19,2021-08-08
1283699,2021-01-18,1,1283699,0001283699-19-000064,2019-03-29,2019-01-19,2021-08-08
1283699,2021-02-12,1,1283699,0001193125-21-198692,2021-06-24,2019-02-13,2021-09-12
1283699,2021-02-12,1,1283699,0001193125-21-113210,2021-04-12,2019-02-13,2021-09-12
1283699,2021-02-12,1,1283699,0001193125-21-076354,2021-03-10,2019-02-13,2021-09-12
1283699,2021-02-12,1,1283699,0001193125-20-291827,2020-11-12,2019-02-13,2021-09-12
1283699,2021-02-12,1,1283699,0001140361-20-014470,2020-06-22,2019-02-13,2021-09-12
1283699,2021-02-12,1,1283699,0001140361-20-014081,2020-06-17,2019-02-13,2021-09-12
1283699,2021-02-12,1,1283699,0001193125-20-119230,2020-04-24,2019-02-13,2021-09-12
1283699,2021-02-12,1,1283699,0001193125-20-109354,2020-04-16,2019-02-13,2021-09-12
1283699,2021-02-12,1,1283699,0001193125-20-093622,2020-04-01,2019-02-13,2021-09-12
1283699,2021-02-12,1,1283699,0001283699-20-000064,2020-03-25,2019-02-13,2021-09-12
1283699,2021-02-12,1,1283699,0001193125-20-071678,2020-03-12,2019-02-13,2021-09-12
1283699,2021-02-12,1,1283699,0001193125-20-041926,2020-02-19,2019-02-13,2021-09-12
1283699,2021-02-12,1,1283699,0001193125-19-294093,2019-11-18,2019-02-13,2021-09-12
1283699,2021-02-12,1,1283699,0001283699-19-000066,2019-04-19,2019-02-13,2021-09-12
1283699,2021-02-12,1,1283699,0001283699-19-000064,2019-03-29,2019-02-13,2021-09-12
1283699,2021-02-20,1,1283699,0001193125-21-275230,2021-09-16,2019-02-21,2021-09-27
1283699,2021-02-20,1,1283699,0001193125-21-198692,2021-06-24,2019-02-21,2021-09-27
1283699,2021-02-20,1,1283699,0001193125-21-113210,2021-04-12,2019-02-21,2021-09-27
1283699,2021-02-20,1,1283699,0001193125-21-076354,2021-03-10,2019-02-21,2021-09-27
1283699,2021-02-20,1,1283699,0001193125-20-291827,2020-11-12,2019-02-21,2021-09-27
1283699,2021-02-20,1,1283699,0001140361-20-014470,2020-06-22,2019-02-21,2021-09-27
1283699,2021-02-20,1,1283699,0001140361-20-014081,2020-06-17,2019-02-21,2021-09-27
1283699,2021-02-20,1,1283699,0001193125-20-119230,2020-04-24,2019-02-21,2021-09-27
1283699,2021-02-20,1,1283699,0001193125-20-109354,2020-04-16,2019-02-21,2021-09-27
1283699,2021-02-20,1,1283699,0001193125-20-093622,2020-04-01,2019-02-21,2021-09-27
1283699,2021-02-20,1,1283699,0001283699-20-000064,2020-03-25,2019-02-21,2021-09-27
1283699,2021-02-20,1,1283699,0001193125-20-071678,2020-03-12,2019-02-21,2021-09-27
1283699,2021-02-20,1,1283699,0001193125-20-041926,2020-02-19,2019-02-21,2021-09-27
1283699,2021-02-20,1,1283699,0001193125-19-294093,2019-11-18,2019-02-21,2021-09-27
1283699,2021-02-20,1,1283699,0001283699-19-000066,2019-04-19,2019-02-21,2021-09-27
1283699,2021-02-20,1,1283699,0001283699-19-000064,2019-03-29,2019-02-21,2021-09-27
1283699,2021-03-01,1,1283699,0001193125-21-275230,2021-09-16,2019-03-02,2022-02-12
1283699,2021-03-01,1,1283699,0001193125-21-198692,2021-06-24,2019-03-02,2022-02-12
1283699,2021-03-01,1,1283699,0001193125-21-113210,2021-04-12,2019-03-02,2022-02-12
1283699,2021-03-01,1,1283699,0001193125-21-076354,2021-03-10,2019-03-02,2022-02-12
1283699,2021-03-01,1,1283699,0001193125-20-291827,2020-11-12,2019-03-02,2022-02-12
1283699,2021-03-01,1,1283699,0001140361-20-014470,2020-06-22,2019-03-02,2022-02-12
1283699,2021-03-01,1,1283699,0001140361-20-014081,2020-06-17,2019-03-02,2022-02-12
1283699,2021-03-01,1,1283699,0001193125-20-119230,2020-04-24,2019-03-02,2022-02-12
1283699,2021-03-01,1,1283699,0001193125-20-109354,2020-04-16,2019-03-02,2022-02-12
1283699,2021-03-01,1,1283699,0001193125-20-093622,2020-04-01,2019-03-02,2022-02-12
1283699,2021-03-01,1,1283699,0001283699-20-000064,2020-03-25,2019-03-02,2022-02-12
1283699,2021-03-01,1,1283699,0001193125-20-071678,2020-03-12,2019-03-02,2022-02-12
1283699,2021-03-01,1,1283699,0001193125-20-041926,2020-02-19,2019-03-02,2022-02-12
1283699,2021-03-01,1,1283699,0001193125-19-294093,2019-11-18,2019-03-02,2022-02-12
1283699,2021-03-01,1,1283699,0001283699-19-000066,2019-04-19,2019-03-02,2022-02-12
1283699,2021-03-01,1,1283699,0001283699-19-000064,2019-03-29,2019-03-02,2022-02-12
1283699,2021-03-31,1,1283699,0001193125-21-275230,2021-09-16,2019-04-01,2021-09-27
1283699,2021-03-31,1,1283699,0001193125-21-198692,2021-06-24,2019-04-01,2021-09-27
1283699,2021-03-31,1,1283699,0001193125-21-113210,2021-04-12,2019-04-01,2021-09-27
1283699,2021-03-31,1,1283699,0001193125-21-076354,2021-03-10,2019-04-01,2021-09-27
1283699,2021-03-31,1,1283699,0001193125-20-291827,2020-11-12,2019-04-01,2021-09-27
1283699,2021-03-31,1,1283699,0001140361-20-014470,2020-06-22,2019-04-01,2021-09-27
1283699,2021-03-31,1,1283699,0001140361-20-014081,2020-06-17,2019-04-01,2021-09-27
1283699,2021-03-31,1,1283699,0001193125-20-119230,2020-04-24,2019-04-01,2021-09-27
1283699,2021-03-31,1,1283699,0001193125-20-109354,2020-04-16,2019-04-01,2021-09-27
1283699,2021-03-31,1,1283699,0001193125-20-093622,2020-04-01,2019-04-01,2021-09-27
1283699,2021-03-31,1,1283699,0001283699-20-000064,2020-03-25,2019-04-01,2021-09-27
1283699,2021-03-31,1,1283699,0001193125-20-071678,2020-03-12,2019-04-01,2021-09-27
1283699,2021-03-31,1,1283699,0001193125-20-041926,2020-02-19,2019-04-01,2021-09-27
1283699,2021-03-31,1,1283699,0001193125-19-294093,2019-11-18,2019-04-01,2021-09-27
1283699,2021-03-31,1,1283699,0001283699-19-000066,2019-04-19,2019-04-01,2021-09-27
1283699,2021-08-13,1,1283699,0001193125-21-275230,2021-09-16,2019-08-14,2022-02-12
1283699,2021-08-13,1,1283699,0001193125-21-198692,2021-06-24,2019-08-14,2022-02-12
1283699,2021-08-13,1,1283699,0001193125-21-113210,2021-04-12,2019-08-14,2022-02-12
1283699,2021-08-13,1,1283699,0001193125-21-076354,2021-03-10,2019-08-14,2022-02-12
1283699,2021-08-13,1,1283699,0001193125-20-291827,2020-11-12,2019-08-14,2022-02-12
1283699,2021-08-13,1,1283699,0001140361-20-014470,2020-06-22,2019-08-14,2022-02-12
1283699,2021-08-13,1,1283699,0001140361-20-014081,2020-06-17,2019-08-14,2022-02-12
1283699,2021-08-13,1,1283699,0001193125-20-119230,2020-04-24,2019-08-14,2022-02-12
1283699,2021-08-13,1,1283699,0001193125-20-109354,2020-04-16,2019-08-14,2022-02-12
1283699,2021-08-13,1,1283699,0001193125-20-093622,2020-04-01,2019-08-14,2022-02-12
1283699,2021-08-13,1,1283699,0001283699-20-000064,2020-03-25,2019-08-14,2022-02-12
1283699,2021-08-13,1,1283699,0001193125-20-071678,2020-03-12,2019-08-14,2022-02-12
1283699,2021-08-13,1,1283699,0001193125-20-041926,2020-02-19,2019-08-14,2022-02-12
1283699,2021-08-13,1,1283699,0001193125-19-294093,2019-11-18,2019-08-14,2022-02-12
1283699,2021-08-17,1,1283699,0001193125-21-275230,2021-09-16,2019-08-18,2022-02-15
1283699,2021-08-17,1,1283699,0001193125-21-198692,2021-06-24,2019-08-18,2022-02-15
1283699,2021-08-17,1,1283699,0001193125-21-113210,2021-04-12,2019-08-18,2022-02-15
1283699,2021-08-17,1,1283699,0001193125-21-076354,2021-03-10,2019-08-18,2022-02-15
1283699,2021-08-17,1,1283699,0001193125-20-291827,2020-11-12,2019-08-18,2022-02-15
1283699,2021-08-17,1,1283699,0001140361-20-014470,2020-06-22,2019-08-18,2022-02-15
1283699,2021-08-17,1,1283699,0001140361-20-014081,2020-06-17,2019-08-18,2022-02-15
1283699,2021-08-17,1,1283699,0001193125-20-119230,2020-04-24,2019-08-18,2022-02-15
1283699,2021-08-17,1,1283699,0001193125-20-109354,2020-04-16,2019-08-18,2022-02-15
1283699,2021-08-17,1,1283699,0001193125-20-093622,2020-04-01,2019-08-18,2022-02-15
1283699,2021-08-17,1,1283699,0001283699-20-000064,2020-03-25,2019-08-18,2022-02-15
1283699,2021-08-17,1,1283699,0001193125-20-071678,2020-03-12,2019-08-18,2022-02-15
1283699,2021-08-17,1,1283699,0001193125-20-041926,2020-02-19,2019-08-18,2022-02-15
1283699,2021-08-17,1,1283699,0001193125-19-294093,2019-11-18,2019-08-18,2022-02-15
1283699,2021-08-26,1,1283699,0001193125-21-275230,2021-09-16,2019-08-27,2022-02-22
1283699,2021-08-26,1,1283699,0001193125-21-198692,2021-06-24,2019-08-27,2022-02-22
1283699,2021-08-26,1,1283699,0001193125-21-113210,2021-04-12,2019-08-27,2022-02-22
1283699,2021-08-26,1,1283699,0001193125-21-076354,2021-03-10,2019-08-27,2022-02-22
1283699,2021-08-26,1,1283699,0001193125-20-291827,2020-11-12,2019-08-27,2022-02-22
1283699,2021-08-26,1,1283699,0001140361-20-014470,2020-06-22,2019-08-27,2022-02-22
1283699,2021-08-26,1,1283699,0001140361-20-014081,2020-06-17,2019-08-27,2022-02-22
1283699,2021-08-26,1,1283699,0001193125-20-119230,2020-04-24,2019-08-27,2022-02-22
1283699,2021-08-26,1,1283699,0001193125-20-109354,2020-04-16,2019-08-27,2022-02-22
1283699,2021-08-26,1,1283699,0001193125-20-093622,2020-04-01,2019-08-27,2022-02-22
1283699,2021-08-26,1,1283699,0001283699-20-000064,2020-03-25,2019-08-27,2022-02-22
1283699,2021-08-26,1,1283699,0001193125-20-071678,2020-03-12,2019-08-27,2022-02-22
1283699,2021-08-26,1,1283699,0001193125-20-041926,2020-02-19,2019-08-27,2022-02-22
1283699,2021-08-26,1,1283699,0001193125-19-294093,2019-11-18,2019-08-27,2022-02-22
1283699,2022-03-08,1,1283699,0001193125-22-115091,2022-04-22,2020-03-08,2022-09-04
1283699,2022-03-08,1,1283699,0001193125-21-275230,2021-09-16,2020-03-08,2022-09-04
1283699,2022-03-08,1,1283699,0001193125-21-198692,2021-06-24,2020-03-08,2022-09-04
1283699,2022-03-08,1,1283699,0001193125-21-113210,2021-04-12,2020-03-08,2022-09-04
1283699,2022-03-08,1,1283699,0001193125-21-076354,2021-03-10,2020-03-08,2022-09-04
1283699,2022-03-08,1,1283699,0001193125-20-291827,2020-11-12,2020-03-08,2022-09-04
1283699,2022-03-08,1,1283699,0001140361-20-014470,2020-06-22,2020-03-08,2022-09-04
1283699,2022-03-08,1,1283699,0001140361-20-014081,2020-06-17,2020-03-08,2022-09-04
1283699,2022-03-08,1,1283699,0001193125-20-119230,2020-04-24,2020-03-08,2022-09-04
1283699,2022-03-08,1,1283699,0001193125-20-109354,2020-04-16,2020-03-08,2022-09-04
1283699,2022-03-08,1,1283699,0001193125-20-093622,2020-04-01,2020-03-08,2022-09-04
1283699,2022-03-08,1,1283699,0001283699-20-000064,2020-03-25,2020-03-08,2022-09-04
1283699,2022-03-08,1,1283699,0001193125-20-071678,2020-03-12,2020-03-08,2022-09-04
1283699,2022-11-25,1,1283699,0001193125-23-185341,2023-07-11,2020-11-25,2023-07-18
1283699,2022-11-25,1,1283699,0001193125-23-171171,2023-06-21,2020-11-25,2023-07-18
1283699,2022-11-25,1,1283699,0001193125-23-066908,2023-03-10,2020-11-25,2023-07-18
1283699,2022-11-25,1,1283699,0001193125-23-035719,2023-02-13,2020-11-25,2023-07-18
1283699,2022-11-25,1,1283699,0001193125-23-024130,2023-02-03,2020-11-25,2023-07-18
1283699,2022-11-25,1,1283699,0001193125-22-290740,2022-11-22,2020-11-25,2023-07-18
1283699,2022-11-25,1,1283699,0001193125-22-239983,2022-09-07,2020-11-25,2023-07-18
1283699,2022-11-25,1,1283699,0001193125-22-115091,2022-04-22,2020-11-25,2023-07-18
1283699,2022-11-25,1,1283699,0001193125-21-275230,2021-09-16,2020-11-25,2023-07-18
1283699,2022-11-25,1,1283699,0001193125-21-198692,2021-06-24,2020-11-25,2023-07-18
1283699,2022-11-25,1,1283699,0001193125-21-113210,2021-04-12,2020-11-25,2023-07-18
1283699,2022-11-25,1,1283699,0001193125-21-076354,2021-03-10,2020-11-25,2023-07-18
1283699,2023-02-01,1,1283699,0001193125-23-231377,2023-09-08,2021-02-01,2023-10-25
1283699,2023-02-01,1,1283699,0001193125-23-190499,2023-07-20,2021-02-01,2023-10-25
1283699,2023-02-01,1,1283699,0001193125-23-185341,2023-07-11,2021-02-01,2023-10-25
1283699,2023-02-01,1,1283699,0001193125-23-171171,2023-06-21,2021-02-01,2023-10-25
1283699,2023-02-01,1,1283699,0001193125-23-066908,2023-03-10,2021-02-01,2023-10-25
1283699,2023-02-01,1,1283699,0001193125-23-035719,2023-02-13,2021-02-01,2023-10-25
1283699,2023-02-01,1,1283699,0001193125-23-024130,2023-02-03,2021-02-01,2023-10-25
1283699,2023-02-01,1,1283699,0001193125-22-290740,2022-11-22,2021-02-01,2023-10-25
1283699,2023-02-01,1,1283699,0001193125-22-239983,2022-09-07,2021-02-01,2023-10-25
1283699,2023-02-01,1,1283699,0001193125-22-115091,2022-04-22,2021-02-01,2023-10-25
1283699,2023-02-01,1,1283699,0001193125-21-275230,2021-09-16,2021-02-01,2023-10-25
1283699,2023-02-01,1,1283699,0001193125-21-198692,2021-06-24,2021-02-01,2023-10-25
1283699,2023-02-01,1,1283699,0001193125-21-113210,2021-04-12,2021-02-01,2023-10-25
1283699,2023-02-01,1,1283699,0001193125-21-076354,2021-03-10,2021-02-01,2023-10-25
1283699,2023-02-24,1,1283699,0001193125-23-231377,2023-09-08,2021-02-24,2023-10-25
1283699,2023-02-24,1,1283699,0001193125-23-190499,2023-07-20,2021-02-24,2023-10-25
1283699,2023-02-24,1,1283699,0001193125-23-185341,2023-07-11,2021-02-24,2023-10-25
1283699,2023-02-24,1,1283699,0001193125-23-171171,2023-06-21,2021-02-24,2023-10-25
1283699,2023-02-24,1,1283699,0001193125-23-066908,2023-03-10,2021-02-24,2023-10-25
1283699,2023-02-24,1,1283699,0001193125-23-035719,2023-02-13,2021-02-24,2023-10-25
1283699,2023-02-24,1,1283699,0001193125-23-024130,2023-02-03,2021-02-24,2023-10-25
1283699,2023-02-24,1,1283699,0001193125-22-290740,2022-11-22,2021-02-24,2023-10-25
1283699,2023-02-24,1,1283699,0001193125-22-239983,2022-09-07,2021-02-24,2023-10-25
1283699,2023-02-24,1,1283699,0001193125-22-115091,2022-04-22,2021-02-24,2023-10-25
1283699,2023-02-24,1,1283699,0001193125-21-275230,2021-09-16,2021-02-24,2023-10-25
1283699,2023-02-24,1,1283699,0001193125-21-198692,2021-06-24,2021-02-24,2023-10-25
1283699,2023-02-24,1,1283699,0001193125-21-113210,2021-04-12,2021-02-24,2023-10-25
1283699,2023-02-24,1,1283699,0001193125-21-076354,2021-03-10,2021-02-24,2023-10-25
1283699,2023-04-28,1,1283699,0001193125-23-231377,2023-09-08,2021-04-28,2023-10-25
1283699,2023-04-28,1,1283699,0001193125-23-190499,2023-07-20,2021-04-28,2023-10-25
1283699,2023-04-28,1,1283699,0001193125-23-185341,2023-07-11,2021-04-28,2023-10-25
1283699,2023-04-28,1,1283699,0001193125-23-171171,2023-06-21,2021-04-28,2023-10-25
1283699,2023-04-28,1,1283699,0001193125-23-066908,2023-03-10,2021-04-28,2023-10-25
1283699,2023-04-28,1,1283699,0001193125-23-035719,2023-02-13,2021-04-28,2023-10-25
1283699,2023-04-28,1,1283699,0001193125-23-024130,2023-02-03,2021-04-28,2023-10-25
1283699,2023-04-28,1,1283699,0001193125-22-290740,2022-11-22,2021-04-28,2023-10-25
1283699,2023-04-28,1,1283699,0001193125-22-239983,2022-09-07,2021-04-28,2023-10-25
1283699,2023-04-28,1,1283699,0001193125-22-115091,2022-04-22,2021-04-28,2023-10-25
1283699,2023-04-28,1,1283699,0001193125-21-275230,2021-09-16,2021-04-28,2023-10-25
1283699,2023-04-28,1,1283699,0001193125-21-198692,2021-06-24,2021-04-28,2023-10-25
1652044,2008-06-27,0,1288776,0001193125-08-140342,2008-06-25,2006-06-28,2008-12-24
1652044,2008-06-27,0,1288776,0001193125-07-190912,2007-08-28,2006-06-28,2008-12-24
1652044,2008-06-27,0,1288776,0001193125-07-115893,2007-05-15,2006-06-28,2008-12-24
1652044,2008-06-27,0,1288776,0001193125-07-067097,2007-03-28,2006-06-28,2008-12-24
1652044,2008-06-27,0,1288776,0001193125-07-061671,2007-03-22,2006-06-28,2008-12-24
1652044,2008-06-27,0,1288776,0001193125-07-046301,2007-03-05,2006-06-28,2008-12-24
1652044,2008-06-27,0,1288776,0001193125-07-019222,2007-02-02,2006-06-28,2008-12-24
1319161,2020-08-05,0,1319161,0001193125-20-275574,2020-10-23,2018-08-06,2021-03-03
1319161,2020-08-05,0,1319161,0001193125-20-261384,2020-10-01,2018-08-06,2021-03-03
1319161,2020-08-05,0,1319161,0001193125-20-167792,2020-06-12,2018-08-06,2021-03-03
1319161,2020-08-05,0,1319161,0001193125-19-035628,2019-02-12,2018-08-06,2021-03-03
1319161,2020-08-05,0,1319161,0001193125-18-273859,2018-09-14,2018-08-06,2021-03-03
1319161,2020-08-05,0,1319161,0001193125-18-269285,2018-09-07,2018-08-06,2021-03-03
1319161,2020-09-09,0,1319161,0001193125-20-275574,2020-10-23,2018-09-10,2021-03-08
1319161,2020-09-09,0,1319161,0001193125-20-261384,2020-10-01,2018-09-10,2021-03-08
1319161,2020-09-09,0,1319161,0001193125-20-167792,2020-06-12,2018-09-10,2021-03-08
1319161,2020-09-09,0,1319161,0001193125-19-035628,2019-02-12,2018-09-10,2021-03-08
1319161,2020-09-09,0,1319161,0001193125-18-273859,2018-09-14,2018-09-10,2021-03-08
1326160,2014-03-24,0,1326160,0001104659-14-053140,2014-07-24,2012-03-24,2014-10-07
1326160,2014-03-24,0,1326160,0001104659-14-035262,2014-05-06,2012-03-24,2014-10-07
1326160,2014-03-24,0,1326160,0001104659-14-000076,2014-01-02,2012-03-24,2014-10-07
1326160,2014-03-24,0,1326160,0001104659-13-089600,2013-12-11,2012-03-24,2014-10-07
1326160,2014-03-24,0,1326160,0001104659-13-086631,2013-11-22,2012-03-24,2014-10-07
1326160,2014-03-24,0,1326160,0001104659-13-067275,2013-08-30,2012-03-24,2014-10-07
1326160,2014-03-24,0,1326160,0001104659-13-060144,2013-08-06,2012-03-24,2014-10-07
1326160,2014-03-24,0,1326160,0001104659-13-049764,2013-06-18,2012-03-24,2014-10-07
1326160,2014-03-24,0,1326160,0001104659-13-038285,2013-05-07,2012-03-24,2014-10-07
1326160,2014-03-24,0,1326160,0001104659-13-014407,2013-02-26,2012-03-24,2014-10-07
1326160,2014-03-24,0,1326160,0001104659-12-084708,2012-12-17,2012-03-24,2014-10-07
1326160,2014-03-24,0,1326160,0001104659-12-080906,2012-11-29,2012-03-24,2014-10-07
1326160,2014-03-24,0,1326160,0000898822-12-000348,2012-07-27,2012-03-24,2014-10-07
1326160,2014-03-24,0,1326160,0001104659-12-049132,2012-07-16,2012-03-24,2014-10-07
1326160,2014-03-24,0,1326160,0001193125-12-293901,2012-07-03,2012-03-24,2014-10-07
1326160,2017-11-10,0,1326160,0001326160-17-000184,2017-12-14,2015-11-11,2018-05-09
1326160,2017-11-10,0,1326160,0001104659-17-053547,2017-08-25,2015-11-11,2018-05-09
1326160,2017-11-10,0,1326160,0001326160-17-000011,2017-02-23,2015-11-11,2018-05-09
1326160,2017-11-10,0,1326160,0001104659-16-148226,2016-10-03,2015-11-11,2018-05-09
1326160,2017-11-10,0,1326160,0001326160-16-000368,2016-08-25,2015-11-11,2018-05-09
1326160,2017-11-10,0,1326160,0001104659-16-119780,2016-05-10,2015-11-11,2018-05-09
1326160,2017-11-10,0,1326160,0001104659-16-110903,2016-04-12,2015-11-11,2018-05-09
1326160,2017-11-10,0,1326160,0001104659-16-100726,2016-02-29,2015-11-11,2018-05-09
1326160,2017-11-10,0,1326160,0001193125-16-467698,2016-02-18,2015-11-11,2018-05-09
1326160,2021-05-28,0,1326160,0001104659-21-138544,2021-11-15,2019-05-29,2022-02-02
1326160,2021-05-28,0,1326160,0001326160-21-000219,2021-09-27,2019-05-29,2022-02-02
1326160,2021-05-28,0,1326160,0001104659-21-064570,2021-05-11,2019-05-29,2022-02-02
1326160,2021-05-28,0,1326160,0001104659-21-043714,2021-03-30,2019-05-29,2022-02-02
1326160,2021-05-28,0,1326160,0001326160-21-000105,2021-03-03,2019-05-29,2022-02-02
1326160,2021-05-28,0,1326160,0001104659-20-108520,2020-09-25,2019-05-29,2022-02-02
1326160,2021-05-28,0,1326160,0001410578-19-000740,2019-08-09,2019-05-29,2022-02-02
1326160,2021-05-28,0,1326160,0001326160-19-000166,2019-06-26,2019-05-29,2022-02-02
1326801,2013-11-24,0,1326801,0001326801-14-000020,2014-04-23,2011-11-25,2014-06-01
1326801,2013-11-24,0,1326801,0001193125-13-192397,2013-05-01,2011-11-25,2014-06-01
1326801,2013-11-24,0,1326801,0001193125-13-177980,2013-04-26,2011-11-25,2014-06-01
1326801,2013-11-24,0,1326801,0001326801-13-000008,2013-04-03,2011-11-25,2014-06-01
1326801,2013-11-24,0,1326801,0001326801-13-000006,2013-03-06,2011-11-25,2014-06-01
1326801,2013-11-24,0,1326801,0001193125-12-379221,2012-09-04,2011-11-25,2014-06-01
1326801,2013-11-24,0,1326801,0001193125-12-282349,2012-06-25,2011-11-25,2014-06-01
1326801,2018-03-01,0,1326801,0001326801-18-000039,2018-05-08,2016-03-01,2018-09-13
1326801,2018-03-01,0,1326801,0001326801-18-000037,2018-05-08,2016-03-01,2018-09-13
1326801,2018-03-01,0,1326801,0001193125-18-145181,2018-05-01,2016-03-01,2018-09-13
1326801,2018-03-01,0,1326801,0001326801-18-000003,2018-01-18,2016-03-01,2018-09-13
1326801,2018-03-01,0,1326801,0001326801-17-000011,2017-03-07,2016-03-01,2018-09-13
1326801,2018-03-01,0,1326801,0001326801-16-000094,2016-11-18,2016-03-01,2018-09-13
1326801,2018-09-01,0,1326801,0001326801-19-000016,2019-03-14,2016-09-01,2019-03-27
1326801,2018-09-01,0,1326801,0001326801-18-000039,2018-05-08,2016-09-01,2019-03-27
1326801,2018-09-01,0,1326801,0001326801-18-000037,2018-05-08,2016-09-01,2019-03-27
1326801,2018-09-01,0,1326801,0001193125-18-145181,2018-05-01,2016-09-01,2019-03-27
1326801,2018-09-01,0,1326801,0001326801-18-000003,2018-01-18,2016-09-01,2019-03-27
1326801,2018-09-01,0,1326801,0001326801-17-000011,2017-03-07,2016-09-01,2019-03-27
1326801,2018-09-01,0,1326801,0001326801-16-000094,2016-11-18,2016-09-01,2019-03-27
1341439,2013-07-10,0,1341439,0001193125-13-037562,2013-02-05,2011-07-11,2014-01-27
1341439,2013-07-10,0,1341439,0001193125-12-277735,2012-06-21,2011-07-11,2014-01-27
1373715,2024-05-14,0,1373715,0001373715-24-000342,2024-10-23,2022-05-15,2024-11-10
1373715,2024-05-14,0,1373715,0001373715-24-000269,2024-07-24,2022-05-15,2024-11-10
1373715,2024-05-14,0,1373715,0001373715-23-000282,2023-06-02,2022-05-15,2024-11-10
1373715,2024-05-14,0,1373715,0001373715-23-000162,2023-04-26,2022-05-15,2024-11-10
1373715,2024-05-14,0,1373715,0001373715-23-000016,2023-01-25,2022-05-15,2024-11-10
1373715,2024-05-14,0,1373715,0001373715-22-000329,2022-10-26,2022-05-15,2024-11-10
1373715,2024-05-14,0,1373715,0001373715-22-000309,2022-08-24,2022-05-15,2024-11-10
1373715,2024-05-14,0,1373715,0001373715-22-000239,2022-07-27,2022-05-15,2024-11-10
1387467,2022-02-22,0,1387467,0001387467-22-000099,2022-12-08,2020-02-23,2023-01-17
1387467,2022-02-22,0,1387467,0001387467-22-000019,2022-02-28,2020-02-23,2023-01-17
1387467,2022-02-22,0,1387467,0001157523-21-001341,2021-11-04,2020-02-23,2023-01-17
1387467,2022-02-22,0,1387467,0001157523-21-001054,2021-08-13,2020-02-23,2023-01-17
1387467,2022-02-22,0,1387467,0001387467-21-000022,2021-03-02,2020-02-23,2023-01-17
1387467,2022-02-22,0,1387467,0001387467-21-000009,2021-02-05,2020-02-23,2023-01-17
1387467,2022-02-22,0,1387467,0001387467-20-000076,2020-11-16,2020-02-23,2023-01-17
1387467,2022-02-22,0,1387467,0001387467-20-000042,2020-08-17,2020-02-23,2023-01-17
1113169,2007-12-24,0,1113169,0000950133-06-005364,2006-12-19,2005-12-24,2008-07-21
1113169,2007-12-24,0,1113169,0000950133-06-001306,2006-03-16,2005-12-24,2008-07-21
1113169,2023-05-29,0,1113169,0001113169-23-000046,2023-11-01,2021-05-29,2024-01-23
1113169,2023-05-29,0,1113169,0001113169-23-000035,2023-08-03,2021-05-29,2024-01-23
1113169,2023-05-29,0,1113169,0001113169-23-000009,2023-03-06,2021-05-29,2024-01-23
1113169,2023-05-29,0,1113169,0001113169-22-000008,2022-04-08,2021-05-29,2024-01-23
1113169,2023-05-29,0,1113169,0001113169-21-000040,2021-12-30,2021-05-29,2024-01-23
1113169,2023-05-29,0,1113169,0001113169-21-000037,2021-12-08,2021-05-29,2024-01-23
1113169,2023-05-29,0,1113169,0001113169-21-000035,2021-11-03,2021-05-29,2024-01-23
1113169,2023-05-29,0,1113169,0001113169-21-000026,2021-07-29,2021-05-29,2024-01-23
1397911,2018-07-10,0,1397911,0001397911-19-000008,2019-01-31,2016-07-10,2019-09-08
1397911,2018-07-10,0,1397911,0001397911-18-000184,2018-09-19,2016-07-10,2019-09-08
1397911,2018-07-10,0,1397911,0001397911-18-000128,2018-06-04,2016-07-10,2019-09-08
1397911,2018-07-10,0,1397911,0001397911-18-000092,2018-03-29,2016-07-10,2019-09-08
1397911,2018-07-10,0,1397911,0001397911-16-000378,2016-12-23,2016-07-10,2019-09-08
1397911,2018-07-10,0,1397911,0001193125-16-784580,2016-12-05,2016-07-10,2019-09-08
1397911,2018-07-10,0,1397911,0001397911-16-000332,2016-07-13,2016-07-10,2019-09-08
1428439,2023-12-01,0,1428439,0001428439-24-000027,2024-06-07,2021-12-01,2024-09-04
1428439,2023-12-01,0,1428439,0001428439-23-000032,2023-08-11,2021-12-01,2024-09-04
1428439,2023-12-01,0,1428439,0001193125-23-063903,2023-03-08,2021-12-01,2024-09-04
1428439,2023-12-01,0,1428439,0001428439-22-000038,2022-12-19,2021-12-01,2024-09-04
1428439,2023-12-01,0,1428439,0001428439-22-000033,2022-11-02,2021-12-01,2024-09-04
1428439,2023-12-01,0,1428439,0001193125-22-244792,2022-09-14,2021-12-01,2024-09-04
1428439,2023-12-01,0,1428439,0001193125-22-004090,2022-01-07,2021-12-01,2024-09-04
1428439,2023-12-28,0,1428439,0001428439-24-000027,2024-06-07,2021-12-28,2024-06-25
1428439,2023-12-28,0,1428439,0001428439-23-000032,2023-08-11,2021-12-28,2024-06-25
1428439,2023-12-28,0,1428439,0001193125-23-063903,2023-03-08,2021-12-28,2024-06-25
1428439,2023-12-28,0,1428439,0001428439-22-000038,2022-12-19,2021-12-28,2024-06-25
1428439,2023-12-28,0,1428439,0001428439-22-000033,2022-11-02,2021-12-28,2024-06-25
1428439,2023-12-28,0,1428439,0001193125-22-244792,2022-09-14,2021-12-28,2024-06-25
1428439,2023-12-28,0,1428439,0001193125-22-004090,2022-01-07,2021-12-28,2024-06-25
1428439,2024-02-29,0,1428439,0001428439-24-000027,2024-06-07,2022-03-01,2024-08-27
1428439,2024-02-29,0,1428439,0001428439-23-000032,2023-08-11,2022-03-01,2024-08-27
1428439,2024-02-29,0,1428439,0001193125-23-063903,2023-03-08,2022-03-01,2024-08-27
1428439,2024-02-29,0,1428439,0001428439-22-000038,2022-12-19,2022-03-01,2024-08-27
1428439,2024-02-29,0,1428439,0001428439-22-000033,2022-11-02,2022-03-01,2024-08-27
1428439,2024-02-29,0,1428439,0001193125-22-244792,2022-09-14,2022-03-01,2024-08-27
1447669,2022-08-04,1,1447669,0001447669-22-000212,2022-12-09,2020-08-04,2023-01-31
1447669,2022-08-04,1,1447669,0001447669-22-000141,2022-08-04,2020-08-04,2023-01-31
1447669,2022-08-04,1,1447669,0001447669-22-000094,2022-05-04,2020-08-04,2023-01-31
1447669,2022-08-04,1,1447669,0001447669-21-000296,2021-12-10,2020-08-04,2023-01-31
1447669,2022-08-04,1,1447669,0001447669-21-000263,2021-10-27,2020-08-04,2023-01-31
1447669,2022-08-04,1,1447669,0001447669-21-000122,2021-05-05,2020-08-04,2023-01-31
1447669,2022-08-04,1,1447669,0001193125-21-091239,2021-03-23,2020-08-04,2023-01-31
1447669,2022-08-04,1,1447669,0001193125-21-049966,2021-02-22,2020-08-04,2023-01-31
1447669,2022-08-04,1,1447669,0001193125-21-008667,2021-01-14,2020-08-04,2023-01-31
1447669,2024-04-01,1,1447669,0001193125-24-086510,2024-04-04,2022-04-02,2024-09-28
1447669,2024-04-01,1,1447669,0001193125-24-082747,2024-04-01,2022-04-02,2024-09-28
1447669,2024-04-01,1,1447669,0001193125-24-004000,2024-01-08,2022-04-02,2024-09-28
1447669,2024-04-01,1,1447669,0001447669-23-000241,2023-12-01,2022-04-02,2024-09-28
1447669,2024-04-01,1,1447669,0001447669-23-000224,2023-11-08,2022-04-02,2024-09-28
1447669,2024-04-01,1,1447669,0001447669-23-000075,2023-03-30,2022-04-02,2024-09-28
1447669,2024-04-01,1,1447669,0001193125-23-045159,2023-02-23,2022-04-02,2024-09-28
1447669,2024-04-01,1,1447669,0001447669-23-000025,2023-02-15,2022-04-02,2024-09-28
1447669,2024-04-01,1,1447669,0001193125-23-034646,2023-02-13,2022-04-02,2024-09-28
1447669,2024-04-01,1,1447669,0001447669-23-000009,2023-02-03,2022-04-02,2024-09-28
1447669,2024-04-01,1,1447669,0001447669-22-000212,2022-12-09,2022-04-02,2024-09-28
1447669,2024-04-01,1,1447669,0001447669-22-000141,2022-08-04,2022-04-02,2024-09-28
1447669,2024-04-01,1,1447669,0001447669-22-000094,2022-05-04,2022-04-02,2024-09-28
1400891,2024-12-24,0,1400891,0001193125-25-193386,2025-09-02,2022-12-25,2025-10-08
1400891,2024-12-24,0,1400891,0001400891-25-000040,2025-06-05,2022-12-25,2025-10-08
1400891,2024-12-24,0,1400891,0001400891-25-000020,2025-04-01,2022-12-25,2025-10-08
1400891,2024-12-24,0,1400891,0001400891-25-000012,2025-03-05,2022-12-25,2025-10-08
1400891,2024-12-24,0,1400891,0001400891-24-000030,2024-11-01,2022-12-25,2025-10-08
1400891,2024-12-24,0,1400891,0001193125-23-149381,2023-05-19,2022-12-25,2025-10-08
1472787,2023-12-18,0,1472787,0000950170-24-105161,2024-09-10,2021-12-18,2024-12-04
1472787,2023-12-18,0,1472787,0001564590-22-025523,2022-07-08,2021-12-18,2024-12-04
1472787,2023-12-18,0,1472787,0001564590-22-020134,2022-05-13,2021-12-18,2024-12-04
1472787,2023-12-18,0,1472787,0001564590-22-010090,2022-03-14,2021-12-18,2024-12-04
1472787,2023-12-18,0,1472787,0001564590-22-004505,2022-02-10,2021-12-18,2024-12-04
728535,2020-08-01,0,728535,0001437749-22-001506,2022-01-24,2018-08-02,2022-04-18
728535,2020-08-01,0,728535,0001437749-21-001198,2021-01-25,2018-08-02,2022-04-18
728535,2020-08-01,0,728535,0001437749-20-024370,2020-11-24,2018-08-02,2022-04-18
728535,2020-08-01,0,728535,0001437749-20-002187,2020-02-10,2018-08-02,2022-04-18
728535,2020-08-01,0,728535,0001437749-20-001559,2020-02-03,2018-08-02,2022-04-18
728535,2020-08-01,0,728535,0001437749-20-001300,2020-01-28,2018-08-02,2022-04-18
728535,2020-08-01,0,728535,0001437749-19-023851,2019-12-04,2018-08-02,2022-04-18
728535,2020-08-01,0,728535,0001437749-19-001348,2019-01-25,2018-08-02,2022-04-18
728535,2020-08-17,0,728535,0001437749-22-001506,2022-01-24,2018-08-18,2022-04-18
728535,2020-08-17,0,728535,0001437749-21-001198,2021-01-25,2018-08-18,2022-04-18
728535,2020-08-17,0,728535,0001437749-20-024370,2020-11-24,2018-08-18,2022-04-18
728535,2020-08-17,0,728535,0001437749-20-002187,2020-02-10,2018-08-18,2022-04-18
728535,2020-08-17,0,728535,0001437749-20-001559,2020-02-03,2018-08-18,2022-04-18
728535,2020-08-17,0,728535,0001437749-20-001300,2020-01-28,2018-08-18,2022-04-18
728535,2020-08-17,0,728535,0001437749-19-023851,2019-12-04,2018-08-18,2022-04-18
728535,2020-08-17,0,728535,0001437749-19-001348,2019-01-25,2018-08-18,2022-04-18
1501585,2022-03-01,0,1501585,0001193125-23-251587,2023-10-05,2020-03-01,2023-10-15
1501585,2022-03-01,0,1501585,0001193125-22-309155,2022-12-20,2020-03-01,2023-10-15
1501585,2022-03-01,0,1501585,0001193125-22-301591,2022-12-09,2020-03-01,2023-10-15
1501585,2022-03-01,0,1501585,0001193125-22-200081,2022-07-22,2020-03-01,2023-10-15
1501585,2022-03-01,0,1501585,0001193125-22-145035,2022-05-09,2020-03-01,2023-10-15
1501585,2022-03-01,0,1501585,0001193125-22-065623,2022-03-04,2020-03-01,2023-10-15
1501585,2022-03-01,0,1501585,0001193125-22-065618,2022-03-04,2020-03-01,2023-10-15
1501585,2022-03-01,0,1501585,0001193125-22-024572,2022-02-01,2020-03-01,2023-10-15
1501585,2022-03-01,0,1501585,0001193125-22-023552,2022-02-01,2020-03-01,2023-10-15
1501585,2022-03-01,0,1501585,0001193125-21-072840,2021-03-08,2020-03-01,2023-10-15
1501585,2022-03-01,0,1501585,0001193125-21-013212,2021-01-21,2020-03-01,2023-10-15
1501585,2022-03-01,0,1501585,0001193125-20-321598,2020-12-18,2020-03-01,2023-10-15
1501585,2022-03-01,0,1501585,0001193125-20-068719,2020-03-10,2020-03-01,2023-10-15
1510295,2018-11-28,0,1510295,0001510295-19-000078,2019-06-25,2016-11-28,2019-10-05
1510295,2018-11-28,0,1510295,0001510295-19-000007,2019-01-30,2016-11-28,2019-10-05
1510295,2018-11-28,0,1510295,0001510295-18-000225,2018-11-14,2016-11-28,2019-10-05
1510295,2018-11-28,0,1510295,0001193125-18-289740,2018-10-01,2016-11-28,2019-10-05
1510295,2018-11-28,0,1510295,0001510295-18-000146,2018-08-10,2016-11-28,2019-10-05
1510295,2018-11-28,0,1510295,0001510295-17-000059,2017-06-05,2016-11-28,2019-10-05
1510295,2018-11-28,0,1510295,0001510295-17-000028,2017-03-15,2016-11-28,2019-10-05
1510295,2018-11-28,0,1510295,0001510295-17-000019,2017-02-27,2016-11-28,2019-10-05
1510295,2018-11-28,0,1510295,0001510295-17-000011,2017-02-01,2016-11-28,2019-10-05
1512673,2016-02-01,0,1512673,0001193125-16-695521,2016-08-29,2014-02-01,2016-09-27
1512673,2016-02-01,0,1512673,0001193125-16-679281,2016-08-11,2014-02-01,2016-09-27
1512673,2016-02-01,0,1512673,0001193125-16-589702,2016-05-13,2014-02-01,2016-09-27
1512673,2016-02-09,0,1512673,0001193125-16-695521,2016-08-29,2014-02-09,2016-09-27
1512673,2016-02-09,0,1512673,0001193125-16-679281,2016-08-11,2014-02-09,2016-09-27
1512673,2016-02-09,0,1512673,0001193125-16-589702,2016-05-13,2014-02-09,2016-09-27
1512673,2016-03-21,0,1512673,0001193125-16-731604,2016-10-05,2014-03-22,2016-11-09
1512673,2016-03-21,0,1512673,0001193125-16-695521,2016-08-29,2014-03-22,2016-11-09
1512673,2016-03-21,0,1512673,0001193125-16-679281,2016-08-11,2014-03-22,2016-11-09
1512673,2016-03-21,0,1512673,0001193125-16-589702,2016-05-13,2014-03-22,2016-11-09
1512673,2023-01-12,0,1512673,0001193125-24-029919,2024-02-09,2021-01-12,2024-03-20
1512673,2023-01-12,0,1512673,0001193125-23-265109,2023-10-27,2021-01-12,2024-03-20
1512673,2023-01-12,0,1512673,0001193125-23-236904,2023-09-18,2021-01-12,2024-03-20
1512673,2023-01-12,0,1512673,0001193125-23-196098,2023-07-27,2021-01-12,2024-03-20
1512673,2023-01-12,0,1512673,0001193125-23-185337,2023-07-11,2021-01-12,2024-03-20
1512673,2023-01-12,0,1512673,0001193125-23-007182,2023-01-12,2021-01-12,2024-03-20
1512673,2023-01-12,0,1512673,0001193125-22-115189,2022-04-22,2021-01-12,2024-03-20
1512673,2023-01-12,0,1512673,0001193125-22-106860,2022-04-15,2021-01-12,2024-03-20
1512673,2023-01-12,0,1512673,0001193125-22-023529,2022-01-31,2021-01-12,2024-03-20
1512673,2023-01-12,0,1512673,0001193125-21-155059,2021-05-07,2021-01-12,2024-03-20
1535527,2022-04-01,0,1535527,0001104659-22-044351,2022-04-08,2020-04-01,2022-11-11
1535527,2022-04-01,0,1535527,0001104659-22-004504,2022-01-14,2020-04-01,2022-11-11
1535527,2022-04-01,0,1535527,0001104659-21-154724,2021-12-30,2020-04-01,2022-11-11
1535527,2022-04-01,0,1535527,0001104659-21-129072,2021-10-22,2020-04-01,2022-11-11
1535527,2022-04-01,0,1535527,0001104659-21-117007,2021-09-17,2020-04-01,2022-11-11
1535527,2022-04-01,0,1535527,0001104659-21-101531,2021-08-06,2020-04-01,2022-11-11
1535527,2022-04-01,0,1535527,0001104659-21-048810,2021-04-09,2020-04-01,2022-11-11
1535527,2022-04-01,0,1535527,0001104659-21-035670,2021-03-12,2020-04-01,2022-11-11
1535527,2022-04-01,0,1535527,0001104659-20-132008,2020-12-03,2020-04-01,2022-11-11
1535527,2022-04-01,0,1535527,0001104659-20-074711,2020-06-18,2020-04-01,2022-11-11
1535527,2022-04-01,0,1535527,0001104659-20-045597,2020-04-10,2020-04-01,2022-11-11
1535527,2024-07-19,0,1535527,0001104659-23-028507,2023-03-03,2022-07-20,2025-01-15
1535527,2024-07-19,0,1535527,0001104659-23-005624,2023-01-23,2022-07-20,2025-01-15
1543151,2019-10-28,0,1543151,0001552781-20-000209,2020-03-23,2017-10-28,2020-04-25
1543151,2019-10-28,0,1543151,0001552781-20-000149,2020-02-19,2017-10-28,2020-04-25
1543151,2019-10-28,0,1543151,0001552781-19-000515,2019-12-26,2017-10-28,2020-04-25
1543151,2019-10-28,0,1543151,0001193125-19-201404,2019-07-24,2017-10-28,2020-04-25
1543151,2019-10-28,0,1543151,0001193125-19-201403,2019-07-24,2017-10-28,2020-04-25
1543151,2019-10-28,0,1543151,0001552781-19-000277,2019-06-07,2017-10-28,2020-04-25
1543151,2019-10-28,0,1543151,0001193125-19-157213,2019-05-24,2017-10-28,2020-04-25
1543151,2023-01-23,0,1543151,0001543151-23-000021,2023-08-01,2021-01-23,2023-09-26
1543151,2023-01-23,0,1543151,0001552781-23-000316,2023-06-30,2021-01-23,2023-09-26
1543151,2023-01-23,0,1543151,0001552781-21-000144,2021-03-22,2021-01-23,2023-09-26
1543151,2023-03-31,0,1543151,0001543151-23-000021,2023-08-01,2021-03-31,2023-09-27
1543151,2023-03-31,0,1543151,0001552781-23-000316,2023-06-30,2021-03-31,2023-09-27
1543151,2024-08-23,0,1543151,0001552781-25-000025,2025-02-07,2022-08-24,2025-02-19
1543151,2024-08-23,0,1543151,0001552781-23-000451,2023-11-17,2022-08-24,2025-02-19
1543151,2024-08-23,0,1543151,0001543151-23-000036,2023-11-07,2022-08-24,2025-02-19
1543151,2024-08-23,0,1543151,0001552781-23-000389,2023-09-28,2022-08-24,2025-02-19
1543151,2024-08-23,0,1543151,0001543151-23-000021,2023-08-01,2022-08-24,2025-02-19
1543151,2024-08-23,0,1543151,0001552781-23-000316,2023-06-30,2022-08-24,2025-02-19
1553023,2017-10-18,0,1553023,0001553023-18-000090,2018-06-25,2015-10-19,2018-07-07
1553023,2017-10-18,0,1553023,0001553023-18-000025,2018-02-22,2015-10-19,2018-07-07
1553023,2017-10-18,0,1553023,0001553023-16-000216,2016-12-02,2015-10-19,2018-07-07
1553023,2017-10-18,0,1553023,0001104659-16-153088,2016-10-31,2015-10-19,2018-07-07
1564408,2022-03-01,0,1564408,0001193125-22-234696,2022-08-31,2020-03-01,2023-03-07
1564408,2022-03-01,0,1564408,0001564590-22-026167,2022-07-21,2020-03-01,2023-03-07
1564408,2022-03-01,0,1564408,0001193125-21-284200,2021-09-27,2020-03-01,2023-03-07
1564408,2022-03-01,0,1564408,0001193125-20-315448,2020-12-11,2020-03-01,2023-03-07
1564408,2022-03-01,0,1564408,0001193125-20-291819,2020-11-12,2020-03-01,2023-03-07
1564408,2022-03-01,0,1564408,0001564590-20-010661,2020-03-13,2020-03-01,2023-03-07
1590895,2023-08-23,0,1590895,0001590895-24-000004,2024-01-30,2021-08-23,2024-04-03
1590895,2023-08-23,0,1590895,0001193125-22-196372,2022-07-18,2021-08-23,2024-04-03
1590895,2023-08-23,0,1590895,0001590895-22-000078,2022-03-01,2021-08-23,2024-04-03
1590895,2023-08-23,0,1590895,0001590895-22-000004,2022-01-04,2021-08-23,2024-04-03
1590895,2023-08-23,0,1590895,0001193125-21-356883,2021-12-14,2021-08-23,2024-04-03
1590895,2023-08-23,0,1590895,0001193125-21-305552,2021-10-22,2021-08-23,2024-04-03
1609711,2019-10-16,1,1609711,0001609711-23-000153,2023-10-06,2017-10-16,2023-11-13
1609711,2019-10-16,1,1609711,0001609711-23-000099,2023-06-08,2017-10-16,2023-11-13
1609711,2019-10-16,1,1609711,0001609711-23-000009,2023-01-25,2017-10-16,2023-11-13
1609711,2019-10-16,1,1609711,0001609711-22-000118,2022-09-29,2017-10-16,2023-11-13
1609711,2019-10-16,1,1609711,0001609711-22-000092,2022-07-08,2017-10-16,2023-11-13
1609711,2019-10-16,1,1609711,0001609711-22-000011,2022-01-26,2017-10-16,2023-11-13
1609711,2019-10-16,1,1609711,0001609711-22-000003,2022-01-05,2017-10-16,2023-11-13
1609711,2019-10-16,1,1609711,0001609711-21-000126,2021-12-06,2017-10-16,2023-11-13
1609711,2019-10-16,1,1609711,0001609711-21-000059,2021-05-05,2017-10-16,2023-11-13
1609711,2019-10-16,1,1609711,0001609711-21-000052,2021-04-23,2017-10-16,2023-11-13
1609711,2019-10-16,1,1609711,0001609711-21-000008,2021-02-11,2017-10-16,2023-11-13
1609711,2019-10-16,1,1609711,0001609711-20-000141,2020-11-04,2017-10-16,2023-11-13
1609711,2019-10-16,1,1609711,0001609711-20-000053,2020-04-23,2017-10-16,2023-11-13
1609711,2019-10-16,1,1609711,0001609711-20-000004,2020-02-10,2017-10-16,2023-11-13
1609711,2019-10-16,1,1609711,0001609711-19-000250,2019-12-06,2017-10-16,2023-11-13
1609711,2019-10-16,1,1609711,0001609711-19-000212,2019-09-09,2017-10-16,2023-11-13
1609711,2019-10-16,1,1609711,0001609711-19-000190,2019-08-02,2017-10-16,2023-11-13
1609711,2019-10-16,1,1609711,0001609711-19-000176,2019-07-16,2017-10-16,2023-11-13
1609711,2019-10-16,1,1609711,0001609711-19-000008,2019-02-14,2017-10-16,2023-11-13
1609711,2019-10-16,1,1609711,0001609711-18-000218,2018-10-03,2017-10-16,2023-11-13
1609711,2019-10-16,1,1609711,0001609711-18-000176,2018-08-02,2017-10-16,2023-11-13
1609711,2019-10-16,1,1609711,0001609711-18-000127,2018-05-08,2017-10-16,2023-11-13
1609711,2019-10-16,1,1609711,0001609711-18-000020,2018-02-02,2017-10-16,2023-11-13
1609711,2019-10-16,1,1609711,0001609711-17-000280,2017-12-08,2017-10-16,2023-11-13
1609711,2021-09-06,1,1609711,0001609711-22-000011,2022-01-26,2019-09-07,2022-05-06
1609711,2021-09-06,1,1609711,0001609711-22-000003,2022-01-05,2019-09-07,2022-05-06
1609711,2021-09-06,1,1609711,0001609711-21-000126,2021-12-06,2019-09-07,2022-05-06
1609711,2021-09-06,1,1609711,0001609711-21-000059,2021-05-05,2019-09-07,2022-05-06
1609711,2021-09-06,1,1609711,0001609711-21-000052,2021-04-23,2019-09-07,2022-05-06
1609711,2021-09-06,1,1609711,0001609711-21-000008,2021-02-11,2019-09-07,2022-05-06
1609711,2021-09-06,1,1609711,0001609711-20-000141,2020-11-04,2019-09-07,2022-05-06
1609711,2021-09-06,1,1609711,0001609711-20-000053,2020-04-23,2019-09-07,2022-05-06
1609711,2021-09-06,1,1609711,0001609711-20-000004,2020-02-10,2019-09-07,2022-05-06
1609711,2021-09-06,1,1609711,0001609711-19-000250,2019-12-06,2019-09-07,2022-05-06
1609711,2021-09-06,1,1609711,0001609711-19-000212,2019-09-09,2019-09-07,2022-05-06
1609711,2022-03-14,1,1609711,0001609711-22-000118,2022-09-29,2020-03-14,2022-11-28
1609711,2022-03-14,1,1609711,0001609711-22-000092,2022-07-08,2020-03-14,2022-11-28
1609711,2022-03-14,1,1609711,0001609711-22-000011,2022-01-26,2020-03-14,2022-11-28
1609711,2022-03-14,1,1609711,0001609711-22-000003,2022-01-05,2020-03-14,2022-11-28
1609711,2022-03-14,1,1609711,0001609711-21-000126,2021-12-06,2020-03-14,2022-11-28
1609711,2022-03-14,1,1609711,0001609711-21-000059,2021-05-05,2020-03-14,2022-11-28
1609711,2022-03-14,1,1609711,0001609711-21-000052,2021-04-23,2020-03-14,2022-11-28
1609711,2022-03-14,1,1609711,0001609711-21-000008,2021-02-11,2020-03-14,2022-11-28
1609711,2022-03-14,1,1609711,0001609711-20-000141,2020-11-04,2020-03-14,2022-11-28
1609711,2022-03-14,1,1609711,0001609711-20-000053,2020-04-23,2020-03-14,2022-11-28
1632127,2019-03-01,1,1632127,0001437749-19-018435,2019-09-16,2017-03-01,2020-02-04
1632127,2019-03-01,1,1632127,0001437749-19-013104,2019-07-01,2017-03-01,2020-02-04
1632127,2019-03-01,1,1632127,0001437749-18-017917,2018-10-03,2017-03-01,2020-02-04
1632127,2019-03-01,1,1632127,0001437749-18-012969,2018-07-05,2017-03-01,2020-02-04
1632127,2019-03-01,1,1632127,0001437749-18-006058,2018-04-02,2017-03-01,2020-02-04
1632127,2019-03-01,1,1632127,0000950157-17-001559,2017-11-22,2017-03-01,2020-02-04
1632127,2019-03-01,1,1632127,0001437749-17-018584,2017-11-08,2017-03-01,2020-02-04
1632127,2019-03-01,1,1632127,0000950157-17-001405,2017-10-05,2017-03-01,2020-02-04
1632127,2019-03-01,1,1632127,0000950157-17-000552,2017-05-04,2017-03-01,2020-02-04
1632127,2019-08-08,1,1632127,0001437749-19-018435,2019-09-16,2017-08-08,2020-02-04
1632127,2019-08-08,1,1632127,0001437749-19-013104,2019-07-01,2017-08-08,2020-02-04
1632127,2019-08-08,1,1632127,0001437749-18-017917,2018-10-03,2017-08-08,2020-02-04
1632127,2019-08-08,1,1632127,0001437749-18-012969,2018-07-05,2017-08-08,2020-02-04
1632127,2019-08-08,1,1632127,0001437749-18-006058,2018-04-02,2017-08-08,2020-02-04
1632127,2019-08-08,1,1632127,0000950157-17-001559,2017-11-22,2017-08-08,2020-02-04
1632127,2019-08-08,1,1632127,0001437749-17-018584,2017-11-08,2017-08-08,2020-02-04
1632127,2019-08-08,1,1632127,0000950157-17-001405,2017-10-05,2017-08-08,2020-02-04
1640147,2024-03-01,0,1640147,0001640147-24-000183,2024-07-02,2022-03-02,2024-08-28
1640147,2024-03-01,0,1640147,0001640147-24-000033,2024-02-28,2022-03-02,2024-08-28
1640147,2024-03-01,0,1640147,0001640147-24-000031,2024-02-28,2022-03-02,2024-08-28
1640147,2024-03-01,0,1640147,0001640147-23-000193,2023-08-23,2022-03-02,2024-08-28
1640147,2024-03-01,0,1640147,0001640147-23-000073,2023-05-24,2022-03-02,2024-08-28
1640147,2024-03-01,0,1640147,0001640147-23-000044,2023-04-07,2022-03-02,2024-08-28
1640147,2024-04-14,0,1640147,0001640147-24-000183,2024-07-02,2022-04-15,2024-11-19
1640147,2024-04-14,0,1640147,0001640147-24-000033,2024-02-28,2022-04-15,2024-11-19
1640147,2024-04-14,0,1640147,0001640147-24-000031,2024-02-28,2022-04-15,2024-11-19
1640147,2024-04-14,0,1640147,0001640147-23-000193,2023-08-23,2022-04-15,2024-11-19
1640147,2024-04-14,0,1640147,0001640147-23-000073,2023-05-24,2022-04-15,2024-11-19
1640147,2024-04-14,0,1640147,0001640147-23-000044,2023-04-07,2022-04-15,2024-11-19
1645590,2023-12-12,0,1645590,0001645590-25-000081,2025-07-16,2021-12-12,2025-08-04
1645590,2023-12-12,0,1645590,0001645590-25-000048,2025-04-04,2021-12-12,2025-08-04
1645590,2023-12-12,0,1645590,0001645590-24-000125,2024-11-05,2021-12-12,2025-08-04
1645590,2023-12-12,0,1645590,0001645590-24-000078,2024-04-12,2021-12-12,2025-08-04
1645590,2023-12-12,0,1645590,0001645590-24-000073,2024-04-01,2021-12-12,2025-08-04
1645590,2023-12-12,0,1645590,0001645590-24-000016,2024-02-08,2021-12-12,2025-08-04
1645590,2023-12-12,0,1645590,0001645590-24-000004,2024-01-23,2021-12-12,2025-08-04
1645590,2023-12-12,0,1645590,0001645590-23-000110,2023-12-15,2021-12-12,2025-08-04
1645590,2023-12-12,0,1645590,0001645590-23-000079,2023-08-07,2021-12-12,2025-08-04
1645590,2023-12-12,0,1645590,0001645590-23-000076,2023-06-14,2021-12-12,2025-08-04
1645590,2023-12-12,0,1645590,0001645590-23-000042,2023-04-06,2021-12-12,2025-08-04
1645590,2023-12-12,0,1645590,0001645590-23-000008,2023-01-30,2021-12-12,2025-08-04
1645590,2023-12-12,0,1645590,0001645590-23-000005,2023-01-10,2021-12-12,2025-08-04
1645590,2023-12-12,0,1645590,0001645590-22-000055,2022-09-22,2021-12-12,2025-08-04
1645590,2023-12-12,0,1645590,0001645590-22-000041,2022-06-21,2021-12-12,2025-08-04
1645590,2023-12-12,0,1645590,0001645590-22-000002,2022-01-24,2021-12-12,2025-08-04
1647088,2020-11-10,0,1647088,0001104659-20-079822,2020-07-01,2018-11-11,2021-05-19
1647088,2020-11-10,0,1647088,0001104659-20-029590,2020-03-05,2018-11-11,2021-05-19
1647088,2020-11-10,0,1647088,0001647088-19-000056,2019-11-15,2018-11-11,2021-05-19
1647088,2020-11-10,0,1647088,0001104659-19-036394,2019-06-19,2018-11-11,2021-05-19
1647088,2020-11-10,0,1647088,0001104659-19-030318,2019-05-17,2018-11-11,2021-05-19
1647088,2020-11-10,0,1647088,0001104659-19-020676,2019-04-10,2018-11-11,2021-05-19
1647088,2020-11-10,0,1647088,0001104659-19-016868,2019-03-22,2018-11-11,2021-05-19
1647088,2020-11-10,0,1647088,0001104659-19-016594,2019-03-21,2018-11-11,2021-05-19
1652044,2016-03-29,0,1652044,0001193125-16-635647,2016-06-29,2014-03-30,2016-11-02
1652044,2016-03-29,0,1652044,0001193125-16-619079,2016-06-10,2014-03-30,2016-11-02
1652044,2016-03-29,0,1652044,0001193125-15-336577,2015-10-02,2014-03-30,2016-11-02
1652044,2016-05-06,0,1652044,0001193125-16-635647,2016-06-29,2014-05-07,2016-11-02
1652044,2016-05-06,0,1652044,0001193125-16-619079,2016-06-10,2014-05-07,2016-11-02
1652044,2016-05-06,0,1652044,0001193125-15-336577,2015-10-02,2014-05-07,2016-11-02
1652044,2016-08-10,0,1652044,0001193125-17-376656,2017-12-21,2014-08-11,2017-12-26
1652044,2016-08-10,0,1652044,0001652044-17-000024,2017-07-24,2014-08-11,2017-12-26
1652044,2016-08-10,0,1652044,0001193125-17-200227,2017-06-09,2014-08-11,2017-12-26
1652044,2016-08-10,0,1652044,0001193125-16-635647,2016-06-29,2014-08-11,2017-12-26
1652044,2016-08-10,0,1652044,0001193125-16-619079,2016-06-10,2014-08-11,2017-12-26
1652044,2016-08-10,0,1652044,0001193125-15-336577,2015-10-02,2014-08-11,2017-12-26
1652044,2017-06-29,0,1652044,0001193125-17-376656,2017-12-21,2015-06-30,2017-12-26
1652044,2017-06-29,0,1652044,0001652044-17-000024,2017-07-24,2015-06-30,2017-12-26
1652044,2017-06-29,0,1652044,0001193125-17-200227,2017-06-09,2015-06-30,2017-12-26
1652044,2017-06-29,0,1652044,0001193125-16-635647,2016-06-29,2015-06-30,2017-12-26
1652044,2017-06-29,0,1652044,0001193125-16-619079,2016-06-10,2015-06-30,2017-12-26
1652044,2017-06-29,0,1652044,0001193125-15-336577,2015-10-02,2015-06-30,2017-12-26
1660134,2023-09-23,0,1660134,0001660134-23-000044,2023-08-30,2021-09-23,2024-04-29
1660134,2023-09-23,0,1660134,0001193125-23-127592,2023-04-28,2021-09-23,2024-04-29
1660134,2023-09-23,0,1660134,0001660134-23-000009,2023-03-01,2021-09-23,2024-04-29
1660134,2023-09-23,0,1660134,0001660134-22-000055,2022-11-30,2021-09-23,2024-04-29
1660134,2023-09-23,0,1660134,0001660134-22-000041,2022-08-31,2021-09-23,2024-04-29
1660134,2023-09-23,0,1660134,0001193125-22-226462,2022-08-22,2021-09-23,2024-04-29
1660134,2023-09-23,0,1660134,0001193125-22-196321,2022-07-18,2021-09-23,2024-04-29
1660134,2023-09-23,0,1660134,0001193125-22-128099,2022-04-29,2021-09-23,2024-04-29
1660134,2023-09-23,0,1660134,0001193125-22-020651,2022-01-28,2021-09-23,2024-04-29
1660134,2023-11-02,0,1660134,0001660134-23-000044,2023-08-30,2021-11-02,2024-04-30
1660134,2023-11-02,0,1660134,0001193125-23-127592,2023-04-28,2021-11-02,2024-04-30
1660134,2023-11-02,0,1660134,0001660134-23-000009,2023-03-01,2021-11-02,2024-04-30
1660134,2023-11-02,0,1660134,0001660134-22-000055,2022-11-30,2021-11-02,2024-04-30
1660134,2023-11-02,0,1660134,0001660134-22-000041,2022-08-31,2021-11-02,2024-04-30
1660134,2023-11-02,0,1660134,0001193125-22-226462,2022-08-22,2021-11-02,2024-04-30
1660134,2023-11-02,0,1660134,0001193125-22-196321,2022-07-18,2021-11-02,2024-04-30
1660134,2023-11-02,0,1660134,0001193125-22-128099,2022-04-29,2021-11-02,2024-04-30
1660134,2023-11-02,0,1660134,0001193125-22-020651,2022-01-28,2021-11-02,2024-04-30
1660134,2023-11-07,0,1660134,0001660134-23-000044,2023-08-30,2021-11-07,2024-05-05
1660134,2023-11-07,0,1660134,0001193125-23-127592,2023-04-28,2021-11-07,2024-05-05
1660134,2023-11-07,0,1660134,0001660134-23-000009,2023-03-01,2021-11-07,2024-05-05
1660134,2023-11-07,0,1660134,0001660134-22-000055,2022-11-30,2021-11-07,2024-05-05
1660134,2023-11-07,0,1660134,0001660134-22-000041,2022-08-31,2021-11-07,2024-05-05
1660134,2023-11-07,0,1660134,0001193125-22-226462,2022-08-22,2021-11-07,2024-05-05
1660134,2023-11-07,0,1660134,0001193125-22-196321,2022-07-18,2021-11-07,2024-05-05
1660134,2023-11-07,0,1660134,0001193125-22-128099,2022-04-29,2021-11-07,2024-05-05
1660134,2023-11-07,0,1660134,0001193125-22-020651,2022-01-28,2021-11-07,2024-05-05
1669779,2022-01-14,0,1669779,0001104659-23-003913,2023-01-17,2020-01-15,2023-05-02
1669779,2022-01-14,0,1669779,0001558370-22-018128,2022-11-21,2020-01-15,2023-05-02
1669779,2022-01-14,0,1669779,0001104659-22-094495,2022-08-25,2020-01-15,2023-05-02
1669779,2022-01-14,0,1669779,0001104659-22-061345,2022-05-16,2020-01-15,2023-05-02
1669779,2022-01-14,0,1669779,0001104659-21-151138,2021-12-17,2020-01-15,2023-05-02
1669779,2022-01-14,0,1669779,0001104659-21-131104,2021-10-28,2020-01-15,2023-05-02
1669779,2022-01-14,0,1669779,0001104659-21-027476,2021-02-24,2020-01-15,2023-05-02
1669779,2022-01-14,0,1669779,0001104659-20-075227,2020-06-19,2020-01-15,2023-05-02
1669779,2022-01-14,0,1669779,0001104659-20-068342,2020-06-01,2020-01-15,2023-05-02
1669779,2022-01-14,0,1669779,0001104659-20-047615,2020-04-16,2020-01-15,2023-05-02
1669779,2022-01-14,0,1669779,0001104659-20-038289,2020-03-25,2020-01-15,2023-05-02
1669779,2022-01-14,0,1669779,0001104659-20-008772,2020-01-30,2020-01-15,2023-05-02
1702780,2019-11-04,1,1702780,0001628280-20-009353,2020-06-12,2017-11-04,2020-08-04
1702780,2019-11-04,1,1702780,0001628280-20-000630,2020-01-28,2017-11-04,2020-08-04
1702780,2019-11-04,1,1702780,0001628280-20-000094,2020-01-03,2017-11-04,2020-08-04
1702780,2019-11-04,1,1702780,0001628280-19-012621,2019-10-28,2017-11-04,2020-08-04
1702780,2019-11-04,1,1702780,0000947871-19-000280,2019-04-10,2017-11-04,2020-08-04
1702780,2019-11-04,1,1702780,0001628280-19-001769,2019-02-22,2017-11-04,2020-08-04
1702780,2019-11-04,1,1702780,0000947871-19-000006,2019-01-04,2017-11-04,2020-08-04
1702780,2019-11-04,1,1702780,0000947871-18-000915,2018-11-20,2017-11-04,2020-08-04
1702780,2019-11-04,1,1702780,0000947871-18-000770,2018-09-26,2017-11-04,2020-08-04
1702780,2019-11-04,1,1702780,0001104659-18-039903,2018-06-13,2017-11-04,2020-08-04
1702780,2019-11-04,1,1702780,0000947871-18-000007,2018-01-03,2017-11-04,2020-08-04
1702780,2019-11-04,1,1702780,0000947871-17-000904,2017-11-13,2017-11-04,2020-08-04
1702780,2024-02-29,1,1702780,0001628280-24-001539,2024-01-17,2022-03-01,2024-08-27
1702780,2024-02-29,1,1702780,0001628280-23-024947,2023-07-17,2022-03-01,2024-08-27
1702780,2024-02-29,1,1702780,0001628280-23-016197,2023-05-05,2022-03-01,2024-08-27
1702780,2024-02-29,1,1702780,0001628280-23-008929,2023-03-22,2022-03-01,2024-08-27
1702780,2024-02-29,1,1702780,0000947871-23-000351,2023-03-22,2022-03-01,2024-08-27
1702780,2024-02-29,1,1702780,0000947871-23-000216,2023-02-22,2022-03-01,2024-08-27
1702780,2024-02-29,1,1702780,0001628280-22-025961,2022-10-04,2022-03-01,2024-08-27
1702780,2024-02-29,1,1702780,0001628280-22-024496,2022-09-07,2022-03-01,2024-08-27
1702780,2024-02-29,1,1702780,0001628280-22-023610,2022-08-24,2022-03-01,2024-08-27
1702780,2024-02-29,1,1702780,0001628280-22-017248,2022-06-15,2022-03-01,2024-08-27
1713683,2018-09-01,0,1713683,0001628280-18-012442,2018-10-10,2016-09-01,2019-04-08
1713683,2018-09-01,0,1713683,0001193125-18-149450,2018-05-03,2016-09-01,2019-04-08
315293,2020-12-29,0,315293,0001193125-22-249226,2022-09-22,2018-12-30,2022-11-27
315293,2020-12-29,0,315293,0001193125-22-238848,2022-09-06,2018-12-30,2022-11-27
315293,2020-12-29,0,315293,0001193125-22-216213,2022-08-09,2018-12-30,2022-11-27
315293,2020-12-29,0,315293,0001193125-22-180055,2022-06-23,2018-12-30,2022-11-27
315293,2020-12-29,0,315293,0001193125-22-046592,2022-02-18,2018-12-30,2022-11-27
315293,2020-12-29,0,315293,0001193125-21-223710,2021-07-26,2018-12-30,2022-11-27
315293,2020-12-29,0,315293,0001193125-21-206409,2021-07-01,2018-12-30,2022-11-27
315293,2020-12-29,0,315293,0001193125-21-022598,2021-01-29,2018-12-30,2022-11-27
315293,2020-12-29,0,315293,0001193125-20-282544,2020-10-30,2018-12-30,2022-11-27
315293,2020-12-29,0,315293,0001193125-20-178023,2020-06-25,2018-12-30,2022-11-27
315293,2020-12-29,0,315293,0001193125-20-120011,2020-04-27,2018-12-30,2022-11-27
315293,2020-12-29,0,315293,0001193125-20-093512,2020-04-01,2018-12-30,2022-11-27
315293,2020-12-29,0,315293,0001193125-20-045455,2020-02-24,2018-12-30,2022-11-27
315293,2020-12-29,0,315293,0001193125-19-181180,2019-06-25,2018-12-30,2022-11-27
315293,2020-12-29,0,315293,0001193125-19-165112,2019-06-04,2018-12-30,2022-11-27
315293,2022-02-25,0,315293,0001193125-22-249226,2022-09-22,2020-02-26,2022-12-10
315293,2022-02-25,0,315293,0001193125-22-238848,2022-09-06,2020-02-26,2022-12-10
315293,2022-02-25,0,315293,0001193125-22-216213,2022-08-09,2020-02-26,2022-12-10
315293,2022-02-25,0,315293,0001193125-22-180055,2022-06-23,2020-02-26,2022-12-10
315293,2022-02-25,0,315293,0001193125-22-046592,2022-02-18,2020-02-26,2022-12-10
315293,2022-02-25,0,315293,0001193125-21-223710,2021-07-26,2020-02-26,2022-12-10
315293,2022-02-25,0,315293,0001193125-21-206409,2021-07-01,2020-02-26,2022-12-10
315293,2022-02-25,0,315293,0001193125-21-022598,2021-01-29,2020-02-26,2022-12-10
315293,2022-02-25,0,315293,0001193125-20-282544,2020-10-30,2020-02-26,2022-12-10
315293,2022-02-25,0,315293,0001193125-20-178023,2020-06-25,2020-02-26,2022-12-10
315293,2022-02-25,0,315293,0001193125-20-120011,2020-04-27,2020-02-26,2022-12-10
315293,2022-02-25,0,315293,0001193125-20-093512,2020-04-01,2020-02-26,2022-12-10
718877,2012-08-01,0,718877,0001104659-12-070867,2012-10-24,2010-08-02,2013-02-05
718877,2012-08-01,0,718877,0001104659-12-069148,2012-10-15,2010-08-02,2013-02-05
718877,2012-08-01,0,718877,0001104659-12-065061,2012-09-24,2010-08-02,2013-02-05
718877,2012-08-01,0,718877,0001104659-12-060277,2012-08-27,2010-08-02,2013-02-05
718877,2012-08-01,0,718877,0001104659-12-047906,2012-07-06,2010-08-02,2013-02-05
718877,2012-08-01,0,718877,0001104659-12-043056,2012-06-12,2010-08-02,2013-02-05
718877,2012-08-01,0,718877,0001104659-12-019245,2012-03-19,2010-08-02,2013-02-05
718877,2012-08-01,0,718877,0001104659-12-018951,2012-03-16,2010-08-02,2013-02-05
718877,2012-08-01,0,718877,0001104659-12-015944,2012-03-06,2010-08-02,2013-02-05
718877,2012-08-01,0,718877,0001104659-11-043165,2011-08-03,2010-08-02,2013-02-05
718877,2012-08-01,0,718877,0001104659-11-013286,2011-03-09,2010-08-02,2013-02-05
718877,2012-08-01,0,718877,0001104659-11-013007,2011-03-08,2010-08-02,2013-02-05
718877,2012-08-01,0,718877,0001104659-10-055003,2010-11-01,2010-08-02,2013-02-05
718877,2012-08-01,0,718877,0001104659-10-054725,2010-10-29,2010-08-02,2013-02-05
718877,2022-12-02,0,718877,0001628280-22-032444,2022-12-21,2020-12-02,2023-08-19
718877,2022-12-02,0,718877,0001628280-22-032124,2022-12-16,2020-12-02,2023-08-19
718877,2022-12-02,0,718877,0001104659-22-106731,2022-10-06,2020-12-02,2023-08-19
718877,2022-12-02,0,718877,0001104659-22-048385,2022-04-21,2020-12-02,2023-08-19
718877,2022-12-02,0,718877,0001104659-21-115515,2021-09-14,2020-12-02,2023-08-19
718877,2022-12-02,0,718877,0001104659-21-083428,2021-06-21,2020-12-02,2023-08-19
718877,2022-12-02,0,718877,0001104659-21-076405,2021-06-03,2020-12-02,2023-08-19
718877,2022-12-02,0,718877,0001104659-21-056776,2021-04-29,2020-12-02,2023-08-19
718877,2022-12-02,0,718877,0001104659-21-046147,2021-04-02,2020-12-02,2023-08-19
1889539,2023-05-29,0,1889539,0001889539-23-000032,2023-11-30,2021-05-29,2024-01-21
1889539,2023-05-29,0,1889539,0001628280-23-029830,2023-08-17,2021-05-29,2024-01-21
1889539,2023-05-29,0,1889539,0001140361-23-034792,2023-07-17,2021-05-29,2024-01-21
1889539,2023-05-29,0,1889539,0001628280-23-023370,2023-06-26,2021-05-29,2024-01-21
1889539,2023-05-29,0,1889539,0001140361-23-025277,2023-05-17,2021-05-29,2024-01-21
1889539,2023-05-29,0,1889539,0001140361-23-003482,2023-01-31,2021-05-29,2024-01-21
1889539,2023-05-29,0,1889539,0001140361-23-001816,2023-01-17,2021-05-29,2024-01-21
1889539,2023-05-29,0,1889539,0001140361-22-036710,2022-10-11,2021-05-29,2024-01-21
