cik,form,filing_date,items,accession,primary_doc,local_file,on_disk
4904,8-K,2017-02-27,5.02,0000004904-17-000017,a8kdepartureofcertainexecoff.htm,Data\edgar\item5_02_text\4904\0000004904-17-000017_a8kdepartureofcertainexecoff.htm,1
4904,8-K,2019-09-18,5.02,0000004904-19-000042,a09-20198xkitem502dire.htm,Data\edgar\item5_02_text\4904\0000004904-19-000042_a09-20198xkitem502dire.htm,1
8670,8-K,2011-05-19,"5.02,9.01",0000950142-11-001005,eh1100392_form8k.htm,Data\edgar\item5_02_text\8670\0000950142-11-001005_eh1100392_form8k.htm,1
8670,8-K,2011-08-10,5.02,0000008670-11-000020,form8k.htm,Data\edgar\item5_02_text\8670\0000008670-11-000020_form8k.htm,1
8670,8-K,2011-09-12,5.02,0000950142-11-001591,eh1100673_form8k.htm,Data\edgar\item5_02_text\8670\0000950142-11-001591_eh1100673_form8k.htm,1
8670,8-K,2011-09-23,5.02,0000950142-11-001656,eh1100701_form8k.htm,Data\edgar\item5_02_text\8670\0000950142-11-001656_eh1100701_form8k.htm,1
8670,8-K,2011-11-09,"5.02,9.01",0000008670-11-000024,form8k.htm,Data\edgar\item5_02_text\8670\0000008670-11-000024_form8k.htm,1
8670,8-K,2011-11-15,"5.02,9.01",0000950142-11-001898,eh1100824_8k.htm,Data\edgar\item5_02_text\8670\0000950142-11-001898_eh1100824_8k.htm,1
8670,8-K,2011-12-14,"5.02,9.01",0000950142-11-002020,eh1100888_8k.htm,Data\edgar\item5_02_text\8670\0000950142-11-002020_eh1100888_8k.htm,1
8670,8-K,2011-12-15,5.02,0000950142-11-002022,eh1100889_8k.htm,Data\edgar\item5_02_text\8670\0000950142-11-002022_eh1100889_8k.htm,1
8670,8-K,2012-11-01,"5.02,9.01",0001171843-12-003874,document.htm,Data\edgar\item5_02_text\8670\0001171843-12-003874_document.htm,1
8670,8-K,2012-11-13,"5.02,9.01",0000950142-12-002159,eh1201199_8k.htm,Data\edgar\item5_02_text\8670\0000950142-12-002159_eh1201199_8k.htm,1
8670,8-K,2013-08-07,5.02,0000950142-13-001766,eh1301002_8k.htm,Data\edgar\item5_02_text\8670\0000950142-13-001766_eh1301002_8k.htm,1
12927,8-K,2014-12-19,"5.02,9.01",0000012927-14-000070,a201412dec198kdocument.htm,Data\edgar\item5_02_text\12927\0000012927-14-000070_a201412dec198kdocument.htm,1
12927,8-K,2015-02-10,"5.02,9.01",0000012927-15-000004,a201502feb58kdocument.htm,Data\edgar\item5_02_text\12927\0000012927-15-000004_a201502feb58kdocument.htm,1
12927,8-K,2015-06-23,"5.02,5.03,9.01",0000012927-15-000035,a201506jun228-kdocument.htm,Data\edgar\item5_02_text\12927\0000012927-15-000035_a201506jun228-kdocument.htm,1
12927,8-K,2015-08-13,"5.02,5.03,9.01",0000012927-15-000061,a201508aug118-kdocument.htm,Data\edgar\item5_02_text\12927\0000012927-15-000061_a201508aug118-kdocument.htm,1
12927,8-K,2015-12-15,"5.02,5.03,8.01,9.01",0000012927-15-000083,a201512dec148-kdocument.htm,Data\edgar\item5_02_text\12927\0000012927-15-000083_a201512dec148-kdocument.htm,1
12927,8-K,2016-02-23,"5.02,5.03,9.01",0000012927-16-000105,a201602feb188-k.htm,Data\edgar\item5_02_text\12927\0000012927-16-000105_a201602feb188-k.htm,1
12927,8-K,2016-10-14,"5.02,5.03,9.01",0000012927-16-000147,a201610octxx8-kdocument.htm,Data\edgar\item5_02_text\12927\0000012927-16-000147_a201610octxx8-kdocument.htm,1
12927,8-K,2016-11-21,"5.02,9.01",0000012927-16-000165,a201611nov218-k.htm,Data\edgar\item5_02_text\12927\0000012927-16-000165_a201611nov218-k.htm,1
12927,8-K,2017-06-28,"5.02,9.01",0000012927-17-000040,a201706jun258-kdocument.htm,Data\edgar\item5_02_text\12927\0000012927-17-000040_a201706jun258-kdocument.htm,1
14693,8-K,2018-11-16,"5.02,9.01",0000014693-18-000173,a8-kx20181115xnewdirectorw.htm,Data\edgar\item5_02_text\14693\0000014693-18-000173_a8-kx20181115xnewdirectorw.htm,1
14693,8-K,2019-03-29,5.02,0000014693-19-000016,draft8-kmarch2019.htm,Data\edgar\item5_02_text\14693\0000014693-19-000016_draft8-kmarch2019.htm,1
14693,8-K,2019-09-12,5.02,0000014693-19-000171,a8-kx20190912xofficerd.htm,Data\edgar\item5_02_text\14693\0000014693-19-000171_a8-kx20190912xofficerd.htm,1
14693,8-K,2020-06-10,5.02,0000014693-20-000062,a8-kx20200610xhinrichs.htm,Data\edgar\item5_02_text\14693\0000014693-20-000062_a8-kx20200610xhinrichs.htm,1
14693,8-K,2021-01-27,"5.02,7.01,9.01",0000014693-21-000010,bfb-20210122.htm,Data\edgar\item5_02_text\14693\0000014693-21-000010_bfb-20210122.htm,1
14693,8-K,2021-04-15,"5.02,7.01,9.01",0000014693-21-000038,bfb-20210415.htm,Data\edgar\item5_02_text\14693\0000014693-21-000038_bfb-20210415.htm,1
14693,8-K/A,2021-05-03,5.02,0000014693-21-000042,bfb-20210503.htm,Data\edgar\item5_02_text\14693\0000014693-21-000042_bfb-20210503.htm,1
14693,8-K,2021-05-10,"5.02,9.01",0000014693-21-000051,bfb-20210504.htm,Data\edgar\item5_02_text\14693\0000014693-21-000051_bfb-20210504.htm,1
18926,8-K,2012-03-27,5.02,0001193125-12-134562,d321644d8k.htm,Data\edgar\item5_02_text\18926\0001193125-12-134562_d321644d8k.htm,1
18926,8-K,2013-01-14,5.02,0001193125-13-012088,d468068d8k.htm,Data\edgar\item5_02_text\18926\0001193125-13-012088_d468068d8k.htm,1
18926,8-K,2013-03-25,"5.02,9.01",0001193125-13-124519,d509961d8k.htm,Data\edgar\item5_02_text\18926\0001193125-13-124519_d509961d8k.htm,1
18926,8-K,2014-06-02,"5.02,5.03,5.07,9.01",0001193125-14-221590,d734946d8k.htm,Data\edgar\item5_02_text\18926\0001193125-14-221590_d734946d8k.htm,1
18926,8-K,2015-05-22,"5.02,5.07,9.01",0001193125-15-197966,d930238d8k.htm,Data\edgar\item5_02_text\18926\0001193125-15-197966_d930238d8k.htm,1
18926,8-K,2015-06-02,"5.02,9.01",0001193125-15-210785,d935325d8k.htm,Data\edgar\item5_02_text\18926\0001193125-15-210785_d935325d8k.htm,1
18926,8-K,2015-11-16,"5.02,9.01",0001193125-15-378521,d52983d8k.htm,Data\edgar\item5_02_text\18926\0001193125-15-378521_d52983d8k.htm,1
18926,8-K,2016-01-25,"5.02,9.01",0001193125-16-436965,d130401d8k.htm,Data\edgar\item5_02_text\18926\0001193125-16-436965_d130401d8k.htm,1
18926,8-K,2017-02-23,"5.02,9.01",0001193125-17-053977,d354377d8k.htm,Data\edgar\item5_02_text\18926\0001193125-17-053977_d354377d8k.htm,1
18926,8-K,2017-06-01,"5.02,8.01,9.01",0001193125-17-191355,d370866d8k.htm,Data\edgar\item5_02_text\18926\0001193125-17-191355_d370866d8k.htm,1
18926,8-K,2018-09-24,"5.02,9.01",0001193125-18-281219,d629720d8k.htm,Data\edgar\item5_02_text\18926\0001193125-18-281219_d629720d8k.htm,1
18926,8-K,2018-11-07,5.02,0001193125-18-319718,d647295d8k.htm,Data\edgar\item5_02_text\18926\0001193125-18-319718_d647295d8k.htm,1
18926,8-K,2018-11-07,"5.02,9.01",0001193125-18-319714,d617864d8k.htm,Data\edgar\item5_02_text\18926\0001193125-18-319714_d617864d8k.htm,1
18926,8-K,2019-12-30,"5.02,9.01",0001193125-19-325996,d859081d8k.htm,Data\edgar\item5_02_text\18926\0001193125-19-325996_d859081d8k.htm,1
18926,8-K,2020-05-22,"5.02,5.07,9.01",0001193125-20-150103,d935861d8k.htm,Data\edgar\item5_02_text\18926\0001193125-20-150103_d935861d8k.htm,1
18926,8-K,2021-01-20,"5.02,9.01",0001193125-21-011905,d53156d8k.htm,Data\edgar\item5_02_text\18926\0001193125-21-011905_d53156d8k.htm,1
18926,8-K,2021-02-25,"5.02,9.01",0001193125-21-056971,d97460d8k.htm,Data\edgar\item5_02_text\18926\0001193125-21-056971_d97460d8k.htm,1
18926,8-K,2022-03-28,"5.02,9.01",0001193125-22-085992,d280485d8k.htm,Data\edgar\item5_02_text\18926\0001193125-22-085992_d280485d8k.htm,1
18926,8-K,2022-09-13,"5.02,9.01",0001193125-22-243230,d396237d8k.htm,Data\edgar\item5_02_text\18926\0001193125-22-243230_d396237d8k.htm,1
20520,8-K,2020-02-26,5.02,0001193125-20-050127,d896833d8k.htm,Data\edgar\item5_02_text\20520\0001193125-20-050127_d896833d8k.htm,1
20520,8-K,2020-09-11,5.02,0001140361-20-020249,brhc10015042_8k.htm,Data\edgar\item5_02_text\20520\0001140361-20-020249_brhc10015042_8k.htm,1
20520,8-K,2020-12-15,"5.02,9.01",0001140361-20-028400,brhc10017962_8k.htm,Data\edgar\item5_02_text\20520\0001140361-20-028400_brhc10017962_8k.htm,1
20520,8-K,2021-02-18,"5.02,7.01,9.01",0001140361-21-005386,brhc10020563_8k.htm,Data\edgar\item5_02_text\20520\0001140361-21-005386_brhc10020563_8k.htm,1
20520,8-K12G3,2021-04-30,"1.01,1.02,2.03,3.02,3.03,5.01,5.02,5.03,9.01",0001140361-21-015200,brhc10023786_8k12g3.htm,Data\edgar\item5_02_text\20520\0001140361-21-015200_brhc10023786_8k12g3.htm,1
20520,8-K,2021-06-02,"5.02,9.01",0001193125-21-179930,d187333d8k.htm,Data\edgar\item5_02_text\20520\0001193125-21-179930_d187333d8k.htm,1
20520,8-K,2021-07-01,"5.02,9.01",0001193125-21-205666,d362936d8k.htm,Data\edgar\item5_02_text\20520\0001193125-21-205666_d362936d8k.htm,1
20520,8-K,2021-07-30,"5.02,8.01,9.01",0000020520-21-000008,fybr-20210430x8k.htm,Data\edgar\item5_02_text\20520\0000020520-21-000008_fybr-20210430x8k.htm,1
20520,8-K,2022-06-24,5.02,0001140361-22-023997,brhc10039037_8k.htm,Data\edgar\item5_02_text\20520\0001140361-22-023997_brhc10039037_8k.htm,1
20520,8-K,2024-02-05,"5.02,7.01,9.01",0000950157-24-000104,form8-k.htm,Data\edgar\item5_02_text\20520\0000950157-24-000104_form8-k.htm,1
20520,8-K,2024-05-20,"5.02,5.07,9.01",0001140361-24-026861,ef20029460_8k.htm,Data\edgar\item5_02_text\20520\0001140361-24-026861_ef20029460_8k.htm,1
27904,8-K,2016-02-05,"5.02,9.01",0001019687-16-005064,delta_8k.htm,Data\edgar\item5_02_text\27904\0001019687-16-005064_delta_8k.htm,1
27904,8-K,2016-06-10,"5.02,5.07",0001019687-16-006642,delta_8k.htm,Data\edgar\item5_02_text\27904\0001019687-16-006642_delta_8k.htm,1
27904,8-K,2016-10-11,"5.02,9.01",0001683168-16-000288,delta_8k.htm,Data\edgar\item5_02_text\27904\0001683168-16-000288_delta_8k.htm,1
27904,8-K,2017-01-26,"5.02,9.01",0001683168-17-000167,delta_8k.htm,Data\edgar\item5_02_text\27904\0001683168-17-000167_delta_8k.htm,1
27904,8-K,2017-04-11,5.02,0001683168-17-000876,delta_8k.htm,Data\edgar\item5_02_text\27904\0001683168-17-000876_delta_8k.htm,1
27904,8-K,2017-10-23,"5.02,9.01",0001683168-17-002723,delta_8k.htm,Data\edgar\item5_02_text\27904\0001683168-17-002723_delta_8k.htm,1
27904,8-K,2018-04-20,"5.02,9.01",0001683168-18-001046,delta_8k.htm,Data\edgar\item5_02_text\27904\0001683168-18-001046_delta_8k.htm,1
27996,8-K,2018-04-26,"5.02,9.01",0001140361-18-019659,s002231x1_8k.htm,Data\edgar\item5_02_text\27996\0001140361-18-019659_s002231x1_8k.htm,1
27996,8-K,2018-11-06,"5.02,9.01",0001140361-18-042450,s002521x1_8k.htm,Data\edgar\item5_02_text\27996\0001140361-18-042450_s002521x1_8k.htm,1
27996,8-K,2019-01-25,5.02,0000027996-19-000012,a201901258-k.htm,Data\edgar\item5_02_text\27996\0000027996-19-000012_a201901258-k.htm,1
27996,8-K,2019-03-12,5.02,0000027996-19-000039,a201903128-k.htm,Data\edgar\item5_02_text\27996\0000027996-19-000039_a201903128-k.htm,1
27996,8-K,2019-06-18,5.02,0000027996-19-000082,a20196188-k.htm,Data\edgar\item5_02_text\27996\0000027996-19-000082_a20196188-k.htm,1
27996,8-K,2019-07-22,"5.02,7.01,9.01",0000027996-19-000085,a20197228-k.htm,Data\edgar\item5_02_text\27996\0000027996-19-000085_a20197228-k.htm,1
27996,8-K,2020-02-20,"5.02,7.01,9.01",0000027996-20-000020,a20202198-k.htm,Data\edgar\item5_02_text\27996\0000027996-20-000020_a20202198-k.htm,1
33185,8-K,2012-02-15,"5.02,9.01",0001144204-12-009385,v302726_8k.htm,Data\edgar\item5_02_text\33185\0001144204-12-009385_v302726_8k.htm,1
33185,8-K,2012-10-29,"5.02,8.01,9.01",0001144204-12-058285,v326783_8k.htm,Data\edgar\item5_02_text\33185\0001144204-12-058285_v326783_8k.htm,1
33185,8-K,2013-05-08,"5.02,5.07,9.01",0001144204-13-027066,v344230_8k.htm,Data\edgar\item5_02_text\33185\0001144204-13-027066_v344230_8k.htm,1
33185,8-K,2013-10-15,"5.02,9.01",0001144204-13-055259,v357402_8k.htm,Data\edgar\item5_02_text\33185\0001144204-13-055259_v357402_8k.htm,1
33185,8-K,2014-05-12,"5.02,9.01",0001144204-14-029598,v378250_8k.htm,Data\edgar\item5_02_text\33185\0001144204-14-029598_v378250_8k.htm,1
33185,8-K,2016-09-19,"5.02,9.01",0001193125-16-713479,d257536d8k.htm,Data\edgar\item5_02_text\33185\0001193125-16-713479_d257536d8k.htm,1
33185,8-K,2016-11-18,"5.02,9.01",0001193125-16-771552,d292527d8k.htm,Data\edgar\item5_02_text\33185\0001193125-16-771552_d292527d8k.htm,1
33185,8-K,2017-09-26,"5.02,9.01",0001193125-17-293765,d420554d8k.htm,Data\edgar\item5_02_text\33185\0001193125-17-293765_d420554d8k.htm,1
33185,8-K,2017-10-02,"5.02,8.01,9.01",0001193125-17-301130,d335628d8k.htm,Data\edgar\item5_02_text\33185\0001193125-17-301130_d335628d8k.htm,1
33185,8-K,2017-10-26,"5.02,9.01",0001193125-17-320321,d461446d8k.htm,Data\edgar\item5_02_text\33185\0001193125-17-320321_d461446d8k.htm,1
40704,8-K,2021-07-22,"5.02,9.01",0001564590-21-037515,gis-8k_20210716.htm,Data\edgar\item5_02_text\40704\0001564590-21-037515_gis-8k_20210716.htm,1
40704,8-K,2021-12-07,5.02,0001193125-21-350290,d257144d8k.htm,Data\edgar\item5_02_text\40704\0001193125-21-350290_d257144d8k.htm,1
40704,8-K,2022-06-30,"5.02,8.01,9.01",0001193125-22-185819,d365231d8k.htm,Data\edgar\item5_02_text\40704\0001193125-22-185819_d365231d8k.htm,1
40704,8-K,2022-09-30,"5.02,5.07,9.01",0001193125-22-255620,d514129d8k.htm,Data\edgar\item5_02_text\40704\0001193125-22-255620_d514129d8k.htm,1
40704,8-K,2023-05-05,"5.02,9.01",0001193125-23-137156,d408002d8k.htm,Data\edgar\item5_02_text\40704\0001193125-23-137156_d408002d8k.htm,1
43196,8-K,2015-07-31,5.02,0001437749-15-014446,gtn20150731_8k.htm,Data\edgar\item5_02_text\43196\0001437749-15-014446_gtn20150731_8k.htm,1
43196,8-K,2016-02-02,"5.02,7.01,9.01",0001437749-16-024501,gtn20160202_8k.htm,Data\edgar\item5_02_text\43196\0001437749-16-024501_gtn20160202_8k.htm,1
43196,8-K,2016-06-30,"5.02,9.01",0001437749-16-034694,gtn20160630_8k.htm,Data\edgar\item5_02_text\43196\0001437749-16-034694_gtn20160630_8k.htm,1
43196,8-K,2016-09-21,"5.02,7.01,9.01",0001437749-16-038936,gtn20160920_8k.htm,Data\edgar\item5_02_text\43196\0001437749-16-038936_gtn20160920_8k.htm,1
43196,8-K,2017-01-20,"2.02,5.02,7.01,9.01",0001437749-17-000933,gtn20170120_8k.htm,Data\edgar\item5_02_text\43196\0001437749-17-000933_gtn20170120_8k.htm,1
43196,8-K,2021-02-25,"5.02,7.01,8.01,9.01",0001193125-21-057034,d139576d8k.htm,Data\edgar\item5_02_text\43196\0001193125-21-057034_d139576d8k.htm,1
43196,8-K,2022-03-01,"5.02,7.01,9.01",0001437749-22-004783,gtn20220301_8k.htm,Data\edgar\item5_02_text\43196\0001437749-22-004783_gtn20220301_8k.htm,1
43196,8-K,2022-05-06,"5.02,5.07",0001437749-22-011229,gtn20220505b_8k.htm,Data\edgar\item5_02_text\43196\0001437749-22-011229_gtn20220505b_8k.htm,1
47111,8-K,2023-02-06,"5.02,9.01",0000047111-23-000006,hsy-20230202.htm,Data\edgar\item5_02_text\47111\0000047111-23-000006_hsy-20230202.htm,1
47217,8-K,2005-09-28,"1.01,5.02,5.03,9.01",0000047217-05-000167,form8-k_092705.htm,Data\edgar\item5_02_text\47217\0000047217-05-000167_form8-k_092705.htm,1
47217,8-K,2005-11-23,"1.01,5.02,5.03,9.01",0001104659-05-057353,a05-20651_18k.htm,Data\edgar\item5_02_text\47217\0001104659-05-057353_a05-20651_18k.htm,1
47217,8-K/A,2006-01-19,5.02,0001104659-06-002894,a06-2808_18ka.htm,Data\edgar\item5_02_text\47217\0001104659-06-002894_a06-2808_18ka.htm,1
47217,8-K,2006-05-22,"5.02,5.03,9.01",0001104659-06-036450,a06-12355_18k.htm,Data\edgar\item5_02_text\47217\0001104659-06-036450_a06-12355_18k.htm,1
47217,8-K,2006-09-12,"5.02,5.03,8.01,9.01",0001104659-06-060568,a06-19530_18k.htm,Data\edgar\item5_02_text\47217\0001104659-06-060568_a06-19530_18k.htm,1
47217,8-K,2006-09-22,"5.02,5.03,9.01",0001104659-06-062623,a06-20135_18k.htm,Data\edgar\item5_02_text\47217\0001104659-06-062623_a06-20135_18k.htm,1
47217,8-K,2006-11-17,"5.02,5.03,9.01",0001104659-06-075980,a06-24249_18k.htm,Data\edgar\item5_02_text\47217\0001104659-06-075980_a06-24249_18k.htm,1
47217,8-K/A,2006-11-28,5.02,0001104659-06-078068,a06-24620_18ka.htm,Data\edgar\item5_02_text\47217\0001104659-06-078068_a06-24620_18ka.htm,1
47217,8-K,2006-12-11,"5.02,9.01",0001104659-06-080577,a06-25366_18k.htm,Data\edgar\item5_02_text\47217\0001104659-06-080577_a06-25366_18k.htm,1
47217,8-K,2007-01-23,"5.02,5.03,9.01",0001104659-07-003960,a07-2312_18k.htm,Data\edgar\item5_02_text\47217\0001104659-07-003960_a07-2312_18k.htm,1
47217,8-K,2007-05-18,"5.02,5.03,9.01",0001104659-07-041277,a07-14585_18k.htm,Data\edgar\item5_02_text\47217\0001104659-07-041277_a07-14585_18k.htm,1
47217,8-K,2008-01-24,"5.02,9.01",0001104659-08-004386,a08-3596_18k.htm,Data\edgar\item5_02_text\47217\0001104659-08-004386_a08-3596_18k.htm,1
47217,8-K,2008-05-20,"2.02,5.02,9.01",0000047217-08-000117,q2form8-k_0508.htm,Data\edgar\item5_02_text\47217\0000047217-08-000117_q2form8-k_0508.htm,1
47217,8-K,2008-08-27,"5.02,9.01",0001104659-08-055465,a08-22416_18k.htm,Data\edgar\item5_02_text\47217\0001104659-08-055465_a08-22416_18k.htm,1
47217,8-K,2008-09-24,5.02,0001104659-08-060212,a08-24087_18k.htm,Data\edgar\item5_02_text\47217\0001104659-08-060212_a08-24087_18k.htm,1
47217,8-K,2009-01-20,"5.02,5.03,9.01",0000047217-09-000003,bylawsform8-k_0109.htm,Data\edgar\item5_02_text\47217\0000047217-09-000003_bylawsform8-k_0109.htm,1
47217,8-K,2009-09-17,"5.02,5.03,9.01",0000047217-09-000032,form8-k_091709.htm,Data\edgar\item5_02_text\47217\0000047217-09-000032_form8-k_091709.htm,1
47217,8-K,2010-03-23,"5.02,5.07,9.01",0001104659-10-015887,a10-6739_18k.htm,Data\edgar\item5_02_text\47217\0001104659-10-015887_a10-6739_18k.htm,1
47217,8-K,2010-08-06,"2.02,5.02,5.03,9.01",0001047469-10-007177,a2199755z8-k.htm,Data\edgar\item5_02_text\47217\0001047469-10-007177_a2199755z8-k.htm,1
51143,8-K,2005-04-01,5.02,0001104659-05-014582,a05-5804_28k.htm,Data\edgar\item5_02_text\51143\0001104659-05-014582_a05-5804_28k.htm,1
51143,8-K,2005-09-27,"5.02,5.03",0001104659-05-045904,a05-16528_18k.htm,Data\edgar\item5_02_text\51143\0001104659-05-045904_a05-16528_18k.htm,1
51143,8-K,2006-01-31,5.02,0001104659-06-004976,a06-2706_38k.htm,Data\edgar\item5_02_text\51143\0001104659-06-004976_a06-2706_38k.htm,1
51143,8-K,2007-01-31,5.02,0001104659-07-005968,a07-1990_58k.htm,Data\edgar\item5_02_text\51143\0001104659-07-005968_a07-1990_58k.htm,1
51143,8-K,2007-02-05,5.02,0001104659-07-007260,a07-1990_78k.htm,Data\edgar\item5_02_text\51143\0001104659-07-007260_a07-1990_78k.htm,1
51143,8-K,2007-06-26,5.02,0001104659-07-049962,a07-17329_18k.htm,Data\edgar\item5_02_text\51143\0001104659-07-049962_a07-17329_18k.htm,1
51143,8-K,2007-08-01,5.02,0001104659-07-057720,a07-18155_48k.htm,Data\edgar\item5_02_text\51143\0001104659-07-057720_a07-18155_48k.htm,1
51143,8-K,2010-01-29,5.02,0001104659-10-003847,a10-2611_18k.htm,Data\edgar\item5_02_text\51143\0001104659-10-003847_a10-2611_18k.htm,1
51143,8-K,2010-12-06,5.02,0001104659-10-061274,a10-22284_18k.htm,Data\edgar\item5_02_text\51143\0001104659-10-061274_a10-22284_18k.htm,1
51143,8-K,2011-01-28,5.02,0001104659-11-003613,a11-4392_28k.htm,Data\edgar\item5_02_text\51143\0001104659-11-003613_a11-4392_28k.htm,1
51434,8-K,2022-04-14,5.02,0001193125-22-105647,d334460d8k.htm,Data\edgar\item5_02_text\51434\0001193125-22-105647_d334460d8k.htm,1
51434,8-K,2022-05-12,"5.02,7.01,9.01",0001193125-22-148419,d353540d8k.htm,Data\edgar\item5_02_text\51434\0001193125-22-148419_d353540d8k.htm,1
51434,8-K,2023-01-05,"5.02,7.01,9.01",0001193125-23-002536,d441350d8k.htm,Data\edgar\item5_02_text\51434\0001193125-23-002536_d441350d8k.htm,1
51434,8-K,2023-10-02,5.02,0001193125-23-249022,d544451d8k.htm,Data\edgar\item5_02_text\51434\0001193125-23-249022_d544451d8k.htm,1
51434,8-K,2024-02-16,5.02,0001193125-24-038571,d789158d8k.htm,Data\edgar\item5_02_text\51434\0001193125-24-038571_d789158d8k.htm,1
51434,8-K,2024-02-16,5.02,0001193125-24-038566,d763142d8k.htm,Data\edgar\item5_02_text\51434\0001193125-24-038566_d763142d8k.htm,1
51434,8-K,2024-03-19,"1.01,5.02,8.01,9.01",0001193125-24-070875,d807996d8k.htm,Data\edgar\item5_02_text\51434\0001193125-24-070875_d807996d8k.htm,1
62709,8-K,2011-10-07,"5.02,9.01",0000062709-11-000027,f8koct4-2011.htm,Data\edgar\item5_02_text\62709\0000062709-11-000027_f8koct4-2011.htm,1
62709,8-K,2012-01-18,"5.02,9.01",0000062709-12-000007,f8k_01-18x2012.htm,Data\edgar\item5_02_text\62709\0000062709-12-000007_f8k_01-18x2012.htm,1
62709,8-K,2012-03-05,5.02,0000062709-12-000018,form8-k03x05x2012.htm,Data\edgar\item5_02_text\62709\0000062709-12-000018_form8-k03x05x2012.htm,1
62709,8-K,2012-09-04,"5.02,9.01",0000062709-12-000054,form8-k09x04x12.htm,Data\edgar\item5_02_text\62709\0000062709-12-000054_form8-k09x04x12.htm,1
62709,8-K,2012-09-21,"5.02,9.01",0000062709-12-000057,form8-k09x20x2012.htm,Data\edgar\item5_02_text\62709\0000062709-12-000057_form8-k09x20x2012.htm,1
62709,8-K/A,2012-09-24,5.02,0000062709-12-000059,form8-ka09x19x12.htm,Data\edgar\item5_02_text\62709\0000062709-12-000059_form8-ka09x19x12.htm,1
62709,8-K/A,2012-12-14,"5.02,9.01",0000062709-12-000066,form8-ka12x14x12.htm,Data\edgar\item5_02_text\62709\0000062709-12-000066_form8-ka12x14x12.htm,1
62709,8-K,2014-01-06,5.02,0000062709-14-000002,form8-kcarterresignation.htm,Data\edgar\item5_02_text\62709\0000062709-14-000002_form8-kcarterresignation.htm,1
68505,8-K,2007-02-15,"5.02,9.01",0000950137-07-002342,c12373e8vk.htm,Data\edgar\item5_02_text\68505\0000950137-07-002342_c12373e8vk.htm,1
68505,8-K,2007-02-20,5.02,0000950137-07-002451,c12530e8vk.htm,Data\edgar\item5_02_text\68505\0000950137-07-002451_c12530e8vk.htm,1
68505,8-K,2007-02-28,5.02,0000950137-07-002962,c12791e8vk.htm,Data\edgar\item5_02_text\68505\0000950137-07-002962_c12791e8vk.htm,1
68505,8-K,2007-03-21,"5.02,7.01,8.01,9.01",0000950137-07-004160,c13521e8vk.htm,Data\edgar\item5_02_text\68505\0000950137-07-004160_c13521e8vk.htm,1
68505,8-K/A,2007-03-27,"5.02,9.01",0000950137-07-004530,c13609ae8vkza.htm,Data\edgar\item5_02_text\68505\0000950137-07-004530_c13609ae8vkza.htm,1
68505,8-K,2007-04-10,5.02,0000950137-07-005362,c14070e8vk.htm,Data\edgar\item5_02_text\68505\0000950137-07-005362_c14070e8vk.htm,1
68505,8-K,2007-05-14,"5.02,9.01",0000950137-07-007421,c15233e8vk.htm,Data\edgar\item5_02_text\68505\0000950137-07-007421_c15233e8vk.htm,1
68505,8-K,2007-06-06,5.02,0000950137-07-008512,c15839e8vk.htm,Data\edgar\item5_02_text\68505\0000950137-07-008512_c15839e8vk.htm,1
68505,8-K,2007-07-10,5.02,0000950137-07-009817,c16629e8vk.htm,Data\edgar\item5_02_text\68505\0000950137-07-009817_c16629e8vk.htm,1
68505,8-K,2007-07-30,"5.02,9.01",0000950137-07-010759,c17175e8vk.htm,Data\edgar\item5_02_text\68505\0000950137-07-010759_c17175e8vk.htm,1
68505,8-K,2007-09-19,"5.02,9.01",0000950137-07-014349,c18715e8vk.htm,Data\edgar\item5_02_text\68505\0000950137-07-014349_c18715e8vk.htm,1
68505,8-K,2007-10-04,"5.02,9.01",0000950137-07-015106,c19135e8vk.htm,Data\edgar\item5_02_text\68505\0000950137-07-015106_c19135e8vk.htm,1
68505,8-K,2007-11-30,"5.02,9.01",0000898822-07-001404,motorola8kbody.htm,Data\edgar\item5_02_text\68505\0000898822-07-001404_motorola8kbody.htm,1
68505,8-K,2008-02-05,5.02,0000950137-08-001640,c23537e8vk.htm,Data\edgar\item5_02_text\68505\0000950137-08-001640_c23537e8vk.htm,1
68505,8-K,2008-02-27,"5.02,9.01",0000950137-08-002814,c24290e8vk.htm,Data\edgar\item5_02_text\68505\0000950137-08-002814_c24290e8vk.htm,1
68505,8-K,2008-03-11,"5.02,9.01",0000950137-08-003512,c24742e8vk.htm,Data\edgar\item5_02_text\68505\0000950137-08-003512_c24742e8vk.htm,1
68505,8-K,2008-03-20,5.02,0000950137-08-003967,c25011e8vk.htm,Data\edgar\item5_02_text\68505\0000950137-08-003967_c25011e8vk.htm,1
68505,8-K,2008-04-02,"5.02,9.01",0000950137-08-004996,c25365e8vk.htm,Data\edgar\item5_02_text\68505\0000950137-08-004996_c25365e8vk.htm,1
68505,8-K,2008-04-08,"5.02,8.01,9.01",0000898822-08-000394,motorola8k.htm,Data\edgar\item5_02_text\68505\0000898822-08-000394_motorola8k.htm,1
68505,8-K,2008-04-25,5.02,0000950137-08-006039,c25988e8vk.htm,Data\edgar\item5_02_text\68505\0000950137-08-006039_c25988e8vk.htm,1
68505,8-K,2008-07-31,5.02,0000950137-08-009960,c33745e8vk.htm,Data\edgar\item5_02_text\68505\0000950137-08-009960_c33745e8vk.htm,1
68505,8-K,2008-08-04,"5.02,5.03,8.01,9.01",0000898822-08-000839,mot8k.htm,Data\edgar\item5_02_text\68505\0000898822-08-000839_mot8k.htm,1
68505,8-K,2008-08-29,"5.02,9.01",0000950137-08-011276,c35242e8vk.htm,Data\edgar\item5_02_text\68505\0000950137-08-011276_c35242e8vk.htm,1
68505,8-K,2008-12-17,"5.02,8.01,9.01",0000950137-08-014456,c48236e8vk.htm,Data\edgar\item5_02_text\68505\0000950137-08-014456_c48236e8vk.htm,1
68505,8-K,2008-12-18,5.02,0000950123-08-017856,c48295e8vk.htm,Data\edgar\item5_02_text\68505\0000950123-08-017856_c48295e8vk.htm,1
68505,8-K,2009-01-21,"2.02,2.05,5.02,9.01",0000950137-09-000352,c48878e8vk.htm,Data\edgar\item5_02_text\68505\0000950137-09-000352_c48878e8vk.htm,1
68505,8-K,2009-02-03,"2.02,5.02,8.01,9.01",0000950152-09-000904,c49112e8vk.htm,Data\edgar\item5_02_text\68505\0000950152-09-000904_c49112e8vk.htm,1
68505,8-K,2009-03-23,"5.02,8.01,9.01",0000950137-09-002115,c50170e8vk.htm,Data\edgar\item5_02_text\68505\0000950137-09-002115_c50170e8vk.htm,1
68505,8-K/A,2009-04-01,5.02,0000950137-09-002505,c50376ae8vkza.htm,Data\edgar\item5_02_text\68505\0000950137-09-002505_c50376ae8vkza.htm,1
68505,8-K,2009-05-22,5.02,0000950137-09-004049,c51456e8vk.htm,Data\edgar\item5_02_text\68505\0000950137-09-004049_c51456e8vk.htm,1
73309,8-K/A,2021-06-03,"5.02,9.01",0001193125-21-181330,d156720d8ka.htm,Data\edgar\item5_02_text\73309\0001193125-21-181330_d156720d8ka.htm,1
73309,8-K,2021-08-12,"5.02,9.01",0001193125-21-244798,d207304d8k.htm,Data\edgar\item5_02_text\73309\0001193125-21-244798_d207304d8k.htm,1
73309,8-K,2022-02-23,"5.02,9.01",0001193125-22-050075,d315476d8k.htm,Data\edgar\item5_02_text\73309\0001193125-22-050075_d315476d8k.htm,1
73309,8-K/A,2022-03-04,"5.02,9.01",0001193125-22-066230,d245075d8ka.htm,Data\edgar\item5_02_text\73309\0001193125-22-066230_d245075d8ka.htm,1
73309,8-K/A,2022-05-25,"5.02,9.01",0001193125-22-159808,d235339d8ka.htm,Data\edgar\item5_02_text\73309\0001193125-22-159808_d235339d8ka.htm,1
73309,8-K,2022-08-09,"5.02,9.01",0001193125-22-215713,d361471d8k.htm,Data\edgar\item5_02_text\73309\0001193125-22-215713_d361471d8k.htm,1
73309,8-K,2023-08-08,"5.02,9.01",0001193125-23-206313,d496129d8k.htm,Data\edgar\item5_02_text\73309\0001193125-23-206313_d496129d8k.htm,1
73309,8-K,2023-12-15,"5.02,9.01",0001193125-23-296305,d615320d8k.htm,Data\edgar\item5_02_text\73309\0001193125-23-296305_d615320d8k.htm,1
73756,8-K,2022-03-01,"5.02,9.01",0000073756-22-000020,oii-20220225.htm,Data\edgar\item5_02_text\73756\0000073756-22-000020_oii-20220225.htm,1
73756,8-K,2022-08-24,"5.02,9.01",0000073756-22-000098,oii-20220818.htm,Data\edgar\item5_02_text\73756\0000073756-22-000098_oii-20220818.htm,1
73756,8-K,2022-09-16,5.02,0000073756-22-000106,oii-20220914.htm,Data\edgar\item5_02_text\73756\0000073756-22-000106_oii-20220914.htm,1
73756,8-K,2022-10-21,5.02,0000073756-22-000108,oii-20221020.htm,Data\edgar\item5_02_text\73756\0000073756-22-000108_oii-20221020.htm,1
73756,8-K,2023-02-27,"5.02,9.01",0000073756-23-000012,oii-20230222.htm,Data\edgar\item5_02_text\73756\0000073756-23-000012_oii-20230222.htm,1
73756,8-K,2023-07-10,5.02,0000073756-23-000095,oii-20230705.htm,Data\edgar\item5_02_text\73756\0000073756-23-000095_oii-20230705.htm,1
73756,8-K,2023-11-17,5.02,0000073756-23-000140,oii-20231116.htm,Data\edgar\item5_02_text\73756\0000073756-23-000140_oii-20231116.htm,1
73756,8-K,2024-02-27,"5.02,9.01",0000073756-24-000014,oii-20240221.htm,Data\edgar\item5_02_text\73756\0000073756-24-000014_oii-20240221.htm,1
75362,8-K,2016-04-29,"5.02,5.03,5.07,9.01",0001193125-16-570149,d175553d8k.htm,Data\edgar\item5_02_text\75362\0001193125-16-570149_d175553d8k.htm,1
75362,8-K,2016-12-12,"5.02,8.01",0001193125-16-789834,d255290d8k.htm,Data\edgar\item5_02_text\75362\0001193125-16-789834_d255290d8k.htm,1
75362,8-K,2017-04-28,"5.02,5.07",0001193125-17-148456,d371963d8k.htm,Data\edgar\item5_02_text\75362\0001193125-17-148456_d371963d8k.htm,1
75362,8-K,2017-12-14,"5.02,9.01",0001193125-17-369333,d498402d8k.htm,Data\edgar\item5_02_text\75362\0001193125-17-369333_d498402d8k.htm,1
75362,8-K,2018-02-16,"5.02,9.01",0001193125-18-048187,d518625d8k.htm,Data\edgar\item5_02_text\75362\0001193125-18-048187_d518625d8k.htm,1
75362,8-K,2018-05-04,"5.02,5.03,5.07,9.01",0001193125-18-152947,d555135d8k.htm,Data\edgar\item5_02_text\75362\0001193125-18-152947_d555135d8k.htm,1
76334,8-K,2020-11-02,"5.02,5.07",0000076334-20-000124,ph-20201027.htm,Data\edgar\item5_02_text\76334\0000076334-20-000124_ph-20201027.htm,1
76334,8-K,2021-01-11,5.02,0000076334-21-000006,ph-20210110.htm,Data\edgar\item5_02_text\76334\0000076334-21-000006_ph-20210110.htm,1
76334,8-K,2021-01-27,5.02,0000076334-21-000013,ph-20210127.htm,Data\edgar\item5_02_text\76334\0000076334-21-000013_ph-20210127.htm,1
76334,8-K,2021-04-22,5.02,0000076334-21-000048,ph-20210422.htm,Data\edgar\item5_02_text\76334\0000076334-21-000048_ph-20210422.htm,1
76334,8-K,2021-08-13,5.02,0001193125-21-246081,d196075d8k.htm,Data\edgar\item5_02_text\76334\0001193125-21-246081_d196075d8k.htm,1
76334,8-K/A,2021-08-16,5.02,0001193125-21-247770,d163815d8ka.htm,Data\edgar\item5_02_text\76334\0001193125-21-247770_d163815d8ka.htm,1
76334,8-K/A,2021-08-16,5.02,0001193125-21-247766,d188448d8ka.htm,Data\edgar\item5_02_text\76334\0001193125-21-247766_d188448d8ka.htm,1
76334,8-K,2022-07-28,5.02,0001193125-22-204998,d319781d8k.htm,Data\edgar\item5_02_text\76334\0001193125-22-204998_d319781d8k.htm,1
76334,8-K,2022-08-23,5.02,0001193125-22-227588,d366447d8k.htm,Data\edgar\item5_02_text\76334\0001193125-22-227588_d366447d8k.htm,1
76334,8-K,2022-10-26,5.02,0001193125-22-269129,d417708d8k.htm,Data\edgar\item5_02_text\76334\0001193125-22-269129_d417708d8k.htm,1
77476,8-K,2019-03-07,5.02,0000077476-19-000020,form8-kmarch2019.htm,Data\edgar\item5_02_text\77476\0000077476-19-000020_form8-kmarch2019.htm,1
77476,8-K,2019-03-18,5.02,0000077476-19-000022,form8-kmarch182019.htm,Data\edgar\item5_02_text\77476\0000077476-19-000022_form8-kmarch182019.htm,1
77476,8-K,2019-06-11,5.02,0000077476-19-000051,form8-kjune52019.htm,Data\edgar\item5_02_text\77476\0000077476-19-000051_form8-kjune52019.htm,1
77476,8-K,2020-03-10,5.02,0000077476-20-000020,form8-kmarch2020.htm,Data\edgar\item5_02_text\77476\0000077476-20-000020_form8-kmarch2020.htm,1
77476,8-K,2020-07-07,5.02,0000077476-20-000054,form8-kjuly2020.htm,Data\edgar\item5_02_text\77476\0000077476-20-000054_form8-kjuly2020.htm,1
77476,8-K,2020-11-02,5.02,0000077476-20-000075,pep-20201030.htm,Data\edgar\item5_02_text\77476\0000077476-20-000075_pep-20201030.htm,1
77476,8-K,2021-08-05,5.02,0000077476-21-000044,pep-20210803.htm,Data\edgar\item5_02_text\77476\0000077476-21-000044_pep-20210803.htm,1
78003,8-K,2005-02-24,"5.02,5.03,9.01",0000078003-05-000040,pf8k22405.htm,Data\edgar\item5_02_text\78003\0000078003-05-000040_pf8k22405.htm,1
78003,8-K,2005-02-25,5.02,0000078003-05-000041,pfe8k0225.htm,Data\edgar\item5_02_text\78003\0000078003-05-000041_pfe8k0225.htm,1
78003,8-K,2005-06-24,5.02,0000078003-05-000161,pf8k624.htm,Data\edgar\item5_02_text\78003\0000078003-05-000161_pf8k624.htm,1
78003,8-K,2006-08-03,"1.01,5.02,9.01",0000078003-06-000195,pf8k0803.htm,Data\edgar\item5_02_text\78003\0000078003-06-000195_pf8k0803.htm,1
78003,8-K,2006-10-26,"5.02,8.01",0000078003-06-000275,pf8k1026.htm,Data\edgar\item5_02_text\78003\0000078003-06-000275_pf8k1026.htm,1
78003,8-K,2006-12-21,"5.02,9.01",0000078003-06-000352,pf8k1221.htm,Data\edgar\item5_02_text\78003\0000078003-06-000352_pf8k1221.htm,1
78003,8-K,2007-02-27,"5.02,9.01",0000078003-07-000034,pf8k0221.htm,Data\edgar\item5_02_text\78003\0000078003-07-000034_pf8k0221.htm,1
78003,8-K,2007-05-23,5.02,0000078003-07-000122,pf8k0518.htm,Data\edgar\item5_02_text\78003\0000078003-07-000122_pf8k0518.htm,1
78003,8-K,2007-08-22,"5.02,9.01",0000078003-07-000213,pf8k822.htm,Data\edgar\item5_02_text\78003\0000078003-07-000213_pf8k822.htm,1
78003,8-K,2007-09-27,"5.02,9.01",0000078003-07-000245,pf8k927.htm,Data\edgar\item5_02_text\78003\0000078003-07-000245_pf8k927.htm,1
78003,8-K,2007-09-28,5.02,0000078003-07-000251,pf8k9271.htm,Data\edgar\item5_02_text\78003\0000078003-07-000251_pf8k9271.htm,1
78003,8-K,2007-10-30,"5.02,5.03,9.01",0000078003-07-000294,pf8k1025.htm,Data\edgar\item5_02_text\78003\0000078003-07-000294_pf8k1025.htm,1
91419,8-K,2008-06-23,5.02,0001144204-08-036232,v117835_8k.txt,Data\edgar\item5_02_text\91419\0001144204-08-036232_v117835_8k.txt,1
91419,8-K,2009-01-30,"5.02,9.01",0001299933-09-000511,htm_31110.htm,Data\edgar\item5_02_text\91419\0001299933-09-000511_htm_31110.htm,1
91419,8-K,2009-04-22,5.02,0000950152-09-003994,l36206ae8vk.htm,Data\edgar\item5_02_text\91419\0000950152-09-003994_l36206ae8vk.htm,1
91419,8-K,2009-06-18,5.02,0000950123-09-015107,l36811ae8vk.htm,Data\edgar\item5_02_text\91419\0000950123-09-015107_l36811ae8vk.htm,1
91419,8-K,2009-07-08,"5.02,9.01",0000950123-09-020588,l36977ae8vk.htm,Data\edgar\item5_02_text\91419\0000950123-09-020588_l36977ae8vk.htm,1
91419,8-K,2010-08-20,"5.02,5.07,9.01",0000950123-10-079634,l40559e8vk.htm,Data\edgar\item5_02_text\91419\0000950123-10-079634_l40559e8vk.htm,1
91440,8-K,2021-04-14,5.02,0001193125-21-116417,d277114d8k.htm,Data\edgar\item5_02_text\91440\0001193125-21-116417_d277114d8k.htm,1
91440,8-K,2021-04-30,"5.02,5.07,9.01",0000091440-21-000014,sna-20210430.htm,Data\edgar\item5_02_text\91440\0000091440-21-000014_sna-20210430.htm,1
92380,8-K,2015-11-25,5.02,0001193125-15-388118,d70797d8k.htm,Data\edgar\item5_02_text\92380\0001193125-15-388118_d70797d8k.htm,1
92380,8-K,2016-02-02,5.02,0001193125-16-447087,d124694d8k.htm,Data\edgar\item5_02_text\92380\0001193125-16-447087_d124694d8k.htm,1
92380,8-K,2017-01-12,5.02,0001193125-17-008419,d328190d8k.htm,Data\edgar\item5_02_text\92380\0001193125-17-008419_d328190d8k.htm,1
92380,8-K,2017-05-25,5.02,0001193125-17-183437,d386465d8k.htm,Data\edgar\item5_02_text\92380\0001193125-17-183437_d386465d8k.htm,1
92380,8-K,2017-07-03,"5.02,9.01",0001193125-17-220944,d408249d8k.htm,Data\edgar\item5_02_text\92380\0001193125-17-220944_d408249d8k.htm,1
96021,8-K,2021-06-29,5.02,0001193125-21-203381,d194967d8k.htm,Data\edgar\item5_02_text\96021\0001193125-21-203381_d194967d8k.htm,1
96021,8-K,2021-08-04,5.02,0001193125-21-236388,d211130d8k.htm,Data\edgar\item5_02_text\96021\0001193125-21-236388_d211130d8k.htm,1
96021,8-K,2021-08-20,"5.02,9.01",0001193125-21-252868,d64012d8k.htm,Data\edgar\item5_02_text\96021\0001193125-21-252868_d64012d8k.htm,1
96021,8-K,2021-11-23,"5.02,5.07",0001193125-21-338587,d247263d8k.htm,Data\edgar\item5_02_text\96021\0001193125-21-338587_d247263d8k.htm,1
96021,8-K,2021-12-20,"5.02,9.01",0001193125-21-362516,d273666d8k.htm,Data\edgar\item5_02_text\96021\0001193125-21-362516_d273666d8k.htm,1
96021,8-K,2022-02-28,5.02,0001193125-22-058196,d326422d8k.htm,Data\edgar\item5_02_text\96021\0001193125-22-058196_d326422d8k.htm,1
96021,8-K,2022-05-04,5.02,0001193125-22-139528,d357605d8k.htm,Data\edgar\item5_02_text\96021\0001193125-22-139528_d357605d8k.htm,1
96021,8-K,2022-08-04,5.02,0001193125-22-212634,d314254d8k.htm,Data\edgar\item5_02_text\96021\0001193125-22-212634_d314254d8k.htm,1
96021,8-K,2022-09-20,5.02,0001193125-22-247448,d400273d8k.htm,Data\edgar\item5_02_text\96021\0001193125-22-247448_d400273d8k.htm,1
96021,8-K,2022-12-15,"5.02,7.01,9.01",0001193125-22-305398,d820294d8k.htm,Data\edgar\item5_02_text\96021\0001193125-22-305398_d820294d8k.htm,1
96021,8-K,2023-03-28,"5.02,7.01,9.01",0000096021-23-000042,syy-20230324.htm,Data\edgar\item5_02_text\96021\0000096021-23-000042_syy-20230324.htm,1
96021,8-K,2023-08-04,5.02,0000096021-23-000091,syy-20230731.htm,Data\edgar\item5_02_text\96021\0000096021-23-000091_syy-20230731.htm,1
96021,8-K,2023-08-29,5.02,0000096021-23-000120,syy-20230823.htm,Data\edgar\item5_02_text\96021\0000096021-23-000120_syy-20230823.htm,1
96021,8-K,2023-09-08,5.02,0000096021-23-000144,syy-20230907.htm,Data\edgar\item5_02_text\96021\0000096021-23-000144_syy-20230907.htm,1
96021,8-K,2023-09-22,5.02,0000096021-23-000165,syy-20230921.htm,Data\edgar\item5_02_text\96021\0000096021-23-000165_syy-20230921.htm,1
96021,8-K/A,2023-10-10,5.02,0000096021-23-000186,syy-20230907.htm,Data\edgar\item5_02_text\96021\0000096021-23-000186_syy-20230907.htm,1
96021,8-K,2023-10-17,5.02,0000096021-23-000190,syy-20231012.htm,Data\edgar\item5_02_text\96021\0000096021-23-000190_syy-20231012.htm,1
101830,8-K/A,2007-02-21,5.02,0000101830-07-000008,k20070221amend1ltiandsti.txt,Data\edgar\item5_02_text\101830\0000101830-07-000008_k20070221amend1ltiandsti.txt,1
101830,8-K,2007-03-06,"5.02,9.01",0000101830-07-000011,k200703068k.txt,Data\edgar\item5_02_text\101830\0000101830-07-000011_k200703068k.txt,1
101830,8-K,2007-08-07,"5.02,9.01",0000101830-07-000032,k20070806newdirectors.txt,Data\edgar\item5_02_text\101830\0000101830-07-000032_k20070806newdirectors.txt,1
101830,8-K,2007-10-12,"5.02,7.01,9.01",0000101830-07-000036,k200710088k.txt,Data\edgar\item5_02_text\101830\0000101830-07-000036_k200710088k.txt,1
101830,8-K/A,2007-11-05,5.02,0000101830-07-000039,k2007nov58k.txt,Data\edgar\item5_02_text\101830\0000101830-07-000039_k2007nov58k.txt,1
101830,8-K,2007-12-20,"5.02,9.01",0000101830-07-000042,k20071218hesse.txt,Data\edgar\item5_02_text\101830\0000101830-07-000042_k20071218hesse.txt,1
101830,8-K,2008-01-04,5.02,0000101830-08-000002,k2008janwestamend.txt,Data\edgar\item5_02_text\101830\0000101830-08-000002_k2008janwestamend.txt,1
101830,8-K,2008-01-24,"5.02,8.01,9.01",0000101830-08-000006,k2008jan24execdept.txt,Data\edgar\item5_02_text\101830\0000101830-08-000006_k2008jan24execdept.txt,1
101830,8-K,2008-02-13,"5.02,9.01",0000101830-08-000008,k2008feb12whitworth.txt,Data\edgar\item5_02_text\101830\0000101830-08-000008_k2008feb12whitworth.txt,1
101830,8-K,2008-02-15,"1.01,5.02",0000101830-08-000013,k2008feb158k.txt,Data\edgar\item5_02_text\101830\0000101830-08-000013_k2008feb158k.txt,1
101830,8-K/A,2008-02-28,5.02,0000101830-08-000016,k2008feb28amended8k.txt,Data\edgar\item5_02_text\101830\0000101830-08-000016_k2008feb28amended8k.txt,1
101830,8-K,2008-03-03,5.02,0000101830-08-000018,k2008mar03drendel.txt,Data\edgar\item5_02_text\101830\0000101830-08-000018_k2008mar03drendel.txt,1
101830,8-K,2008-03-17,5.02,0000101830-08-000020,k2008mar17baneandlorimer.txt,Data\edgar\item5_02_text\101830\0000101830-08-000020_k2008mar17baneandlorimer.txt,1
101830,8-K,2008-03-25,5.02,0000101830-08-000022,k2008mar25stiandlti.txt,Data\edgar\item5_02_text\101830\0000101830-08-000022_k2008mar25stiandlti.txt,1
101830,8-K,2008-05-01,"5.02,9.01",0001193125-08-098764,d8k.htm,Data\edgar\item5_02_text\101830\0001193125-08-098764_d8k.htm,1
101830,8-K,2008-05-16,5.02,0000101830-08-000024,k2008may15westretaward.txt,Data\edgar\item5_02_text\101830\0000101830-08-000024_k2008may15westretaward.txt,1
101830,8-K,2008-06-09,"5.02,9.01",0000101830-08-000026,k2008june09nuti.txt,Data\edgar\item5_02_text\101830\0000101830-08-000026_k2008june09nuti.txt,1
101830,8-K,2008-10-07,5.02,0000101830-08-000028,k2008oct06gregoire.txt,Data\edgar\item5_02_text\101830\0000101830-08-000028_k2008oct06gregoire.txt,1
101830,8-K,2008-10-24,"5.02,9.01",0000101830-08-000030,k2008oct248k.txt,Data\edgar\item5_02_text\101830\0000101830-08-000030_k2008oct248k.txt,1
101830,8-K/A,2008-11-12,5.02,0000101830-08-000031,k2008nov12nilsson8ka.txt,Data\edgar\item5_02_text\101830\0000101830-08-000031_k2008nov12nilsson8ka.txt,1
101830,8-K,2008-11-28,"5.02,7.01,9.01",0000950123-08-016627,y72960e8vk.htm,Data\edgar\item5_02_text\101830\0000950123-08-016627_y72960e8vk.htm,1
101830,8-K,2008-12-19,"5.02,9.01",0001193125-08-257043,d8k.htm,Data\edgar\item5_02_text\101830\0001193125-08-257043_d8k.htm,1
101830,8-K,2008-12-29,"5.02,9.01",0001193125-08-260916,d8k.htm,Data\edgar\item5_02_text\101830\0001193125-08-260916_d8k.htm,1
101830,8-K,2009-01-26,"2.05,5.02,9.01",0000101830-09-000002,k2009laborcost.txt,Data\edgar\item5_02_text\101830\0000101830-09-000002_k2009laborcost.txt,1
101830,8-K,2009-03-03,"5.02,9.01",0000101830-09-000005,k2009march03.txt,Data\edgar\item5_02_text\101830\0000101830-09-000005_k2009march03.txt,1
101830,8-K,2009-03-27,5.02,0000101830-09-000007,k2009march27hockaday.txt,Data\edgar\item5_02_text\101830\0000101830-09-000007_k2009march27hockaday.txt,1
101830,8-K/A,2009-08-05,5.02,0000101830-09-000013,k20090805sti.txt,Data\edgar\item5_02_text\101830\0000101830-09-000013_k20090805sti.txt,1
101830,8-K,2009-10-16,5.02,0000101830-09-000014,k20091016hall.txt,Data\edgar\item5_02_text\101830\0000101830-09-000014_k20091016hall.txt,1
101830,8-K,2009-11-06,5.02,0000101830-09-000016,k20091105siurek.txt,Data\edgar\item5_02_text\101830\0000101830-09-000016_k20091105siurek.txt,1
101830,8-K,2013-09-06,"5.02,9.01",0000101830-13-000041,form8-k20130906.htm,Data\edgar\item5_02_text\101830\0000101830-13-000041_form8-k20130906.htm,1
101830,8-K,2013-09-11,"5.02,9.01",0001193125-13-364138,d596894d8k.htm,Data\edgar\item5_02_text\101830\0001193125-13-364138_d596894d8k.htm,1
101830,8-K/A,2013-09-20,5.02,0001193125-13-372972,d598899d8ka.htm,Data\edgar\item5_02_text\101830\0001193125-13-372972_d598899d8ka.htm,1
101830,8-K,2013-09-20,"5.02,9.01",0001193125-13-372950,d598884d8k.htm,Data\edgar\item5_02_text\101830\0001193125-13-372950_d598884d8k.htm,1
101830,8-K,2013-12-19,"5.02,5.08",0000101830-13-000053,a8-k20131218.htm,Data\edgar\item5_02_text\101830\0000101830-13-000053_a8-k20131218.htm,1
101830,8-K,2014-01-16,"5.02,9.01",0000101830-14-000002,a8-k20140116.htm,Data\edgar\item5_02_text\101830\0000101830-14-000002_a8-k20140116.htm,1
101830,8-K/A,2014-02-24,5.02,0000101830-14-000019,a8-ka20140219.htm,Data\edgar\item5_02_text\101830\0000101830-14-000019_a8-ka20140219.htm,1
101830,8-K,2014-02-24,5.02,0000101830-14-000015,a8-k20140218sti.htm,Data\edgar\item5_02_text\101830\0000101830-14-000015_a8-k20140218sti.htm,1
101830,8-K,2014-03-12,5.02,0000101830-14-000021,a8-k20140306.htm,Data\edgar\item5_02_text\101830\0000101830-14-000021_a8-k20140306.htm,1
101830,8-K,2014-08-04,5.02,0000101830-14-000049,elfman8-kfinal.htm,Data\edgar\item5_02_text\101830\0000101830-14-000049_elfman8-kfinal.htm,1
101830,8-K,2014-08-06,"5.02,9.01",0001193125-14-297076,d772298d8k.htm,Data\edgar\item5_02_text\101830\0001193125-14-297076_d772298d8k.htm,1
101830,8-K/A,2014-10-09,5.02,0000101830-14-000066,form8-ka20141003.htm,Data\edgar\item5_02_text\101830\0000101830-14-000066_form8-ka20141003.htm,1
101830,8-K,2014-10-09,5.02,0000101830-14-000064,form8-k20141003.htm,Data\edgar\item5_02_text\101830\0000101830-14-000064_form8-k20141003.htm,1
101830,8-K,2014-11-07,"5.02,9.01",0000101830-14-000079,form8k20141105.htm,Data\edgar\item5_02_text\101830\0000101830-14-000079_form8k20141105.htm,1
101830,8-K,2014-11-12,"5.02,9.01",0000101830-14-000081,a8-k20141105.htm,Data\edgar\item5_02_text\101830\0000101830-14-000081_a8-k20141105.htm,1
101830,8-K,2015-08-03,"5.02,9.01",0001193125-15-275046,d98547d8k.htm,Data\edgar\item5_02_text\101830\0001193125-15-275046_d98547d8k.htm,1
101830,8-K,2015-08-11,"5.02,9.01",0000101830-15-000025,a8-k20150807.htm,Data\edgar\item5_02_text\101830\0000101830-15-000025_a8-k20150807.htm,1
101830,8-K,2015-08-11,"5.02,5.07",0000101830-15-000024,a8-k20150810.htm,Data\edgar\item5_02_text\101830\0000101830-15-000024_a8-k20150810.htm,1
101830,8-K,2015-10-15,5.02,0000101830-15-000030,schwartzform8-k.htm,Data\edgar\item5_02_text\101830\0000101830-15-000030_schwartzform8-k.htm,1
101830,8-K,2015-11-12,"5.02,9.01",0000101830-15-000043,form8-k20151106.htm,Data\edgar\item5_02_text\101830\0000101830-15-000043_form8-k20151106.htm,1
101830,8-K,2016-03-01,5.02,0000101830-16-000056,a8-k20160225.htm,Data\edgar\item5_02_text\101830\0000101830-16-000056_a8-k20160225.htm,1
101830,8-K,2016-05-06,5.02,0000101830-16-000063,a8-k20160503.htm,Data\edgar\item5_02_text\101830\0000101830-16-000063_a8-k20160503.htm,1
101830,8-K,2016-06-24,5.02,0000101830-16-000070,form8-k20160622.htm,Data\edgar\item5_02_text\101830\0000101830-16-000070_form8-k20160622.htm,1
101830,8-K,2016-11-03,"5.02,5.07",0000101830-16-000092,form8-k20161101.htm,Data\edgar\item5_02_text\101830\0000101830-16-000092_form8-k20161101.htm,1
101830,8-K,2016-12-01,"5.02,9.01",0000101830-16-000094,form8-k20161201.htm,Data\edgar\item5_02_text\101830\0000101830-16-000094_form8-k20161201.htm,1
101830,8-K/A,2016-12-12,5.02,0000101830-16-000096,form8-ka20161208.htm,Data\edgar\item5_02_text\101830\0000101830-16-000096_form8-ka20161208.htm,1
101830,8-K,2017-01-24,"5.02,9.01",0000101830-17-000003,form8-k20170118.htm,Data\edgar\item5_02_text\101830\0000101830-17-000003_form8-k20170118.htm,1
101830,8-K,2018-01-04,5.02,0000101830-18-000003,form8-k20180102.htm,Data\edgar\item5_02_text\101830\0000101830-18-000003_form8-k20180102.htm,1
101830,8-K,2018-01-17,5.02,0000101830-18-000005,form8-k20180116.htm,Data\edgar\item5_02_text\101830\0000101830-18-000005_form8-k20180116.htm,1
101830,8-K,2018-05-02,5.02,0000101830-18-000021,form8-k20180501.htm,Data\edgar\item5_02_text\101830\0000101830-18-000021_form8-k20180501.htm,1
101830,8-K,2018-05-30,5.02,0000101830-18-000027,form8-k20180523.htm,Data\edgar\item5_02_text\101830\0000101830-18-000027_form8-k20180523.htm,1
101830,8-K,2018-07-02,"5.02,9.01",0000101830-18-000029,form8-k20180629.htm,Data\edgar\item5_02_text\101830\0000101830-18-000029_form8-k20180629.htm,1
101830,8-K,2018-12-06,5.02,0000101830-18-000057,form8-k20181203.htm,Data\edgar\item5_02_text\101830\0000101830-18-000057_form8-k20181203.htm,1
101830,8-K,2019-05-22,5.02,0000101830-19-000017,form8-xk20190516.htm,Data\edgar\item5_02_text\101830\0000101830-19-000017_form8-xk20190516.htm,1
101830,8-K,2020-04-01,"1.01,1.02,2.01,2.03,3.01,5.01,5.02,5.03,9.01",0001193125-20-093630,d853508d8k.htm,Data\edgar\item5_02_text\101830\0001193125-20-093630_d853508d8k.htm,1
277135,8-K,2016-08-08,"5.02,5.03,9.01",0001104659-16-137921,a16-15974_18k.htm,Data\edgar\item5_02_text\277135\0001104659-16-137921_a16-15974_18k.htm,1
277135,8-K,2016-10-03,5.02,0000277135-16-000057,form8-k93016.htm,Data\edgar\item5_02_text\277135\0000277135-16-000057_form8-k93016.htm,1
277135,8-K,2017-07-19,"2.02,5.02,9.01",0000277135-17-000020,gww063020178k.htm,Data\edgar\item5_02_text\277135\0000277135-17-000020_gww063020178k.htm,1
277135,8-K,2017-07-25,"5.02,9.01",0000277135-17-000023,gww063020178kbodelection.htm,Data\edgar\item5_02_text\277135\0000277135-17-000023_gww063020178kbodelection.htm,1
277135,8-K,2017-08-02,"5.02,9.01",0000277135-17-000028,gww080220178kchairman.htm,Data\edgar\item5_02_text\277135\0000277135-17-000028_gww080220178kchairman.htm,1
277135,8-K,2017-12-13,"5.02,9.01",0000277135-17-000044,gww121220178kbodelection.htm,Data\edgar\item5_02_text\277135\0000277135-17-000044_gww121220178kbodelection.htm,1
277135,8-K,2018-04-02,"5.02,9.01",0001104659-18-021832,a18-9445_18k.htm,Data\edgar\item5_02_text\277135\0001104659-18-021832_a18-9445_18k.htm,1
315293,8-K,2019-06-04,"5.02,9.01",0001193125-19-165112,d756679d8k.htm,Data\edgar\item5_02_text\315293\0001193125-19-165112_d756679d8k.htm,1
315293,8-K,2019-06-25,"5.02,9.01",0001193125-19-181180,d721968d8k.htm,Data\edgar\item5_02_text\315293\0001193125-19-181180_d721968d8k.htm,1
315293,8-K,2020-02-24,5.02,0001193125-20-045455,d863960d8k.htm,Data\edgar\item5_02_text\315293\0001193125-20-045455_d863960d8k.htm,1
315293,8-K12B,2020-04-01,"1.01,2.03,3.01,3.02,3.03,5.02,5.03,8.01,9.01",0001193125-20-093512,d867242d8k12b.htm,Data\edgar\item5_02_text\315293\0001193125-20-093512_d867242d8k12b.htm,1
315293,8-K,2020-04-27,"5.02,7.01,9.01",0001193125-20-120011,d922389d8k.htm,Data\edgar\item5_02_text\315293\0001193125-20-120011_d922389d8k.htm,1
315293,8-K,2020-06-25,"5.02,5.07,9.01",0001193125-20-178023,d947905d8k.htm,Data\edgar\item5_02_text\315293\0001193125-20-178023_d947905d8k.htm,1
315293,8-K,2020-10-30,"1.01,5.02,9.01",0001193125-20-282544,d873218d8k.htm,Data\edgar\item5_02_text\315293\0001193125-20-282544_d873218d8k.htm,1
315293,8-K,2021-01-29,5.02,0001193125-21-022598,d116873d8k.htm,Data\edgar\item5_02_text\315293\0001193125-21-022598_d116873d8k.htm,1
315293,8-K,2021-07-01,5.02,0001193125-21-206409,d55212d8k.htm,Data\edgar\item5_02_text\315293\0001193125-21-206409_d55212d8k.htm,1
315293,8-K,2021-07-26,"1.01,1.02,5.02,7.01,9.01",0001193125-21-223710,d208525d8k.htm,Data\edgar\item5_02_text\315293\0001193125-21-223710_d208525d8k.htm,1
315293,8-K,2022-02-18,5.02,0001193125-22-046592,d146058d8k.htm,Data\edgar\item5_02_text\315293\0001193125-22-046592_d146058d8k.htm,1
315293,8-K,2022-06-23,"5.02,5.07,9.01",0001193125-22-180055,d235062d8k.htm,Data\edgar\item5_02_text\315293\0001193125-22-180055_d235062d8k.htm,1
315293,8-K,2022-08-09,5.02,0001193125-22-216213,d345233d8k.htm,Data\edgar\item5_02_text\315293\0001193125-22-216213_d345233d8k.htm,1
315293,8-K,2022-09-06,5.02,0001193125-22-238848,d309594d8k.htm,Data\edgar\item5_02_text\315293\0001193125-22-238848_d309594d8k.htm,1
315293,8-K,2022-09-22,5.02,0001193125-22-249226,d353815d8k.htm,Data\edgar\item5_02_text\315293\0001193125-22-249226_d353815d8k.htm,1
318154,8-K,2019-10-23,"5.02,9.01",0001193125-19-272011,d822516d8k.htm,Data\edgar\item5_02_text\318154\0001193125-19-272011_d822516d8k.htm,1
318154,8-K,2020-07-23,5.02,0001193125-20-197806,d931570d8k.htm,Data\edgar\item5_02_text\318154\0001193125-20-197806_d931570d8k.htm,1
318154,8-K,2020-07-23,5.02,0001193125-20-197795,d931562d8k.htm,Data\edgar\item5_02_text\318154\0001193125-20-197795_d931562d8k.htm,1
318154,8-K,2021-07-30,"5.02,9.01",0001193125-21-229599,d198092d8k.htm,Data\edgar\item5_02_text\318154\0001193125-21-229599_d198092d8k.htm,1
318154,8-K,2022-08-03,"5.02,9.01",0001193125-22-211269,d386700d8k.htm,Data\edgar\item5_02_text\318154\0001193125-22-211269_d386700d8k.htm,1
318154,8-K,2023-08-04,5.02,0001193125-23-203033,d525761d8k.htm,Data\edgar\item5_02_text\318154\0001193125-23-203033_d525761d8k.htm,1
318154,8-K,2023-12-14,"5.02,9.01",0001193125-23-295027,d598661d8k.htm,Data\edgar\item5_02_text\318154\0001193125-23-295027_d598661d8k.htm,1
318154,8-K,2024-06-03,"5.02,5.07",0001193125-24-153221,d827769d8k.htm,Data\edgar\item5_02_text\318154\0001193125-24-153221_d827769d8k.htm,1
319687,8-K,2015-09-08,"5.02,9.01",0001104659-15-064079,a15-19109_18k.htm,Data\edgar\item5_02_text\319687\0001104659-15-064079_a15-19109_18k.htm,1
319687,8-K,2015-10-20,"5.02,9.01",0001193125-15-347459,d31772d8k.htm,Data\edgar\item5_02_text\319687\0001193125-15-347459_d31772d8k.htm,1
319687,8-K/A,2016-01-07,"5.02,9.01",0001104659-16-088696,a16-1427_18ka.htm,Data\edgar\item5_02_text\319687\0001104659-16-088696_a16-1427_18ka.htm,1
319687,8-K,2016-03-17,5.02,0001104659-16-105862,a16-5927_78k.htm,Data\edgar\item5_02_text\319687\0001104659-16-105862_a16-5927_78k.htm,1
319687,8-K,2016-04-20,"5.02,9.01",0001104659-16-112678,a16-8741_18k.htm,Data\edgar\item5_02_text\319687\0001104659-16-112678_a16-8741_18k.htm,1
319687,8-K,2016-08-18,"5.02,9.01",0001193125-16-685286,d244666d8k.htm,Data\edgar\item5_02_text\319687\0001193125-16-685286_d244666d8k.htm,1
319687,8-K,2016-08-30,"5.02,9.01",0001193125-16-696990,d240884d8k.htm,Data\edgar\item5_02_text\319687\0001193125-16-696990_d240884d8k.htm,1
319687,8-K,2017-04-21,"5.02,9.01",0001104659-17-025203,a17-11675_18k.htm,Data\edgar\item5_02_text\319687\0001104659-17-025203_a17-11675_18k.htm,1
320193,8-K,2009-01-16,5.02,0001181431-09-003017,rrd229456.htm,Data\edgar\item5_02_text\320193\0001181431-09-003017_rrd229456.htm,1
320193,8-K,2009-08-04,5.02,0001181431-09-037492,rrd249632.htm,Data\edgar\item5_02_text\320193\0001181431-09-037492_rrd249632.htm,1
320193,8-K,2010-03-01,"5.02,5.07,9.01",0001193125-10-044765,d8k.htm,Data\edgar\item5_02_text\320193\0001193125-10-044765_d8k.htm,1
320193,8-K,2010-03-12,5.02,0001181431-10-016054,rrd269693.htm,Data\edgar\item5_02_text\320193\0001181431-10-016054_rrd269693.htm,1
320193,8-K,2010-11-17,"5.02,5.03,9.01",0001181431-10-056327,rrd291195.htm,Data\edgar\item5_02_text\320193\0001181431-10-056327_rrd291195.htm,1
320193,8-K,2011-08-26,5.02,0001181431-11-047179,rrd320651.htm,Data\edgar\item5_02_text\320193\0001181431-11-047179_rrd320651.htm,1
320193,8-K,2011-11-16,5.02,0001181431-11-056354,rrd325897.htm,Data\edgar\item5_02_text\320193\0001181431-11-056354_rrd325897.htm,1
320193,8-K,2012-05-24,5.02,0001181431-12-032458,rrd346000.htm,Data\edgar\item5_02_text\320193\0001181431-12-032458_rrd346000.htm,1
320193,8-K,2012-06-28,5.02,0001181431-12-038301,rrd349607.htm,Data\edgar\item5_02_text\320193\0001181431-12-038301_rrd349607.htm,1
320193,8-K,2013-06-21,5.02,0001193125-13-267629,d556626d8k.htm,Data\edgar\item5_02_text\320193\0001193125-13-267629_d556626d8k.htm,1
320193,8-K,2013-07-30,5.02,0001181431-13-041847,rrd386884.htm,Data\edgar\item5_02_text\320193\0001181431-13-041847_rrd386884.htm,1
320193,8-K,2014-03-05,"5.02,5.03,5.07,9.01",0001193125-14-084697,d684095d8k.htm,Data\edgar\item5_02_text\320193\0001193125-14-084697_d684095d8k.htm,1
320193,8-K,2014-05-30,5.02,0001181431-14-021923,rrd410610.htm,Data\edgar\item5_02_text\320193\0001181431-14-021923_rrd410610.htm,1
320193,8-K,2014-07-17,5.02,0001193125-14-271698,d758295d8k.htm,Data\edgar\item5_02_text\320193\0001193125-14-271698_d758295d8k.htm,1
320193,8-K,2015-10-02,5.02,0001193125-15-336615,d10101d8k.htm,Data\edgar\item5_02_text\320193\0001193125-15-336615_d10101d8k.htm,1
320193,8-K,2015-12-17,5.02,0001193125-15-406279,d107635d8k.htm,Data\edgar\item5_02_text\320193\0001193125-15-406279_d107635d8k.htm,1
320193,8-K,2016-03-01,"5.02,5.07,9.01",0001193125-16-488223,d150918d8k.htm,Data\edgar\item5_02_text\320193\0001193125-16-488223_d150918d8k.htm,1
320193,8-K,2017-10-12,5.02,0001193125-17-308859,d386231d8k.htm,Data\edgar\item5_02_text\320193\0001193125-17-308859_d386231d8k.htm,1
320193,8-K,2019-02-06,5.02,0000320193-19-000026,a8-kfebruary2019252019.htm,Data\edgar\item5_02_text\320193\0000320193-19-000026_a8-kfebruary2019252019.htm,1
320193,8-K,2019-09-13,5.02,0000320193-19-000093,a8-kseptember201991019.htm,Data\edgar\item5_02_text\320193\0000320193-19-000093_a8-kseptember201991019.htm,1
320193,8-K,2021-01-05,5.02,0001193125-21-001982,d29637d8k.htm,Data\edgar\item5_02_text\320193\0001193125-21-001982_d29637d8k.htm,1
354190,8-K,2016-01-28,"5.02,9.01",0001193125-16-442035,d120631d8k.htm,Data\edgar\item5_02_text\354190\0001193125-16-442035_d120631d8k.htm,1
354190,8-K,2017-05-16,"5.02,5.07,7.01,9.01",0001193125-17-171866,d400552d8k.htm,Data\edgar\item5_02_text\354190\0001193125-17-171866_d400552d8k.htm,1
354950,8-K,2012-09-21,"5.02,9.01",0000354950-12-000027,hd_8kx09212012.htm,Data\edgar\item5_02_text\354950\0000354950-12-000027_hd_8kx09212012.htm,1
354950,8-K,2012-11-16,5.02,0000354950-12-000032,hd_8kx11152012.htm,Data\edgar\item5_02_text\354950\0000354950-12-000032_hd_8kx11152012.htm,1
354950,8-K,2013-03-06,"5.02,9.01",0000354950-13-000005,hd_8kx03062013.htm,Data\edgar\item5_02_text\354950\0000354950-13-000005_hd_8kx03062013.htm,1
354950,8-K,2013-05-29,"5.02,5.07",0000354950-13-000017,hd_8kx05232013.htm,Data\edgar\item5_02_text\354950\0000354950-13-000017_hd_8kx05232013.htm,1
354950,8-K,2013-09-20,"5.02,9.01",0000354950-13-000037,hd_8kx09202013.htm,Data\edgar\item5_02_text\354950\0000354950-13-000037_hd_8kx09202013.htm,1
354950,8-K,2014-02-28,"5.02,9.01",0000354950-14-000006,hd_8kx02272014.htm,Data\edgar\item5_02_text\354950\0000354950-14-000006_hd_8kx02272014.htm,1
354950,8-K,2014-08-21,"5.02,5.03,9.01",0000354950-14-000030,hd_8kx08212014.htm,Data\edgar\item5_02_text\354950\0000354950-14-000030_hd_8kx08212014.htm,1
708818,8-K,2021-06-21,"5.02,5.03,9.01",0001193125-21-195231,d192112d8k.htm,Data\edgar\item5_02_text\708818\0001193125-21-195231_d192112d8k.htm,1
708818,8-K,2021-08-17,"5.02,5.03,5.08,9.01",0001564590-21-044938,nxgn-8k_20210811.htm,Data\edgar\item5_02_text\708818\0001564590-21-044938_nxgn-8k_20210811.htm,1
708818,8-K/A,2021-08-18,"5.02,5.03,5.08,9.01",0001564590-21-044962,nxgn-8ka_20210811.htm,Data\edgar\item5_02_text\708818\0001564590-21-044962_nxgn-8ka_20210811.htm,1
708818,8-K,2021-09-20,"5.02,8.01,9.01",0001193125-21-277369,d233324d8k.htm,Data\edgar\item5_02_text\708818\0001193125-21-277369_d233324d8k.htm,1
708818,8-K,2021-10-19,"1.01,3.03,5.02,5.03,5.07,8.01,9.01",0001193125-21-302080,d537072d8k.htm,Data\edgar\item5_02_text\708818\0001193125-21-302080_d537072d8k.htm,1
708818,8-K,2023-02-07,"5.02,9.01",0000950170-23-001988,nxgn-20230202.htm,Data\edgar\item5_02_text\708818\0000950170-23-001988_nxgn-20230202.htm,1
708818,8-K,2023-08-23,"5.02,5.07,9.01",0000950170-23-044125,nxgn-20230822.htm,Data\edgar\item5_02_text\708818\0000950170-23-044125_nxgn-20230822.htm,1
718877,8-K,2010-10-29,5.02,0001104659-10-054725,a10-20068_18k.htm,Data\edgar\item5_02_text\718877\0001104659-10-054725_a10-20068_18k.htm,1
718877,8-K,2010-11-01,5.02,0001104659-10-055003,a10-20249_18k.htm,Data\edgar\item5_02_text\718877\0001104659-10-055003_a10-20249_18k.htm,1
718877,8-K,2011-03-08,5.02,0001104659-11-013007,a11-7469_18k.htm,Data\edgar\item5_02_text\718877\0001104659-11-013007_a11-7469_18k.htm,1
718877,8-K,2011-03-09,5.02,0001104659-11-013286,a11-7469_28k.htm,Data\edgar\item5_02_text\718877\0001104659-11-013286_a11-7469_28k.htm,1
718877,8-K,2011-08-03,5.02,0001104659-11-043165,a11-23508_18k.htm,Data\edgar\item5_02_text\718877\0001104659-11-043165_a11-23508_18k.htm,1
718877,8-K,2012-03-06,5.02,0001104659-12-015944,a12-6437_18k.htm,Data\edgar\item5_02_text\718877\0001104659-12-015944_a12-6437_18k.htm,1
718877,8-K,2012-03-16,"5.02,9.01",0001104659-12-018951,a12-7162_18k.htm,Data\edgar\item5_02_text\718877\0001104659-12-018951_a12-7162_18k.htm,1
718877,8-K,2012-03-19,5.02,0001104659-12-019245,a12-7498_18k.htm,Data\edgar\item5_02_text\718877\0001104659-12-019245_a12-7498_18k.htm,1
718877,8-K,2012-06-12,"5.02,5.07,9.01",0001104659-12-043056,a12-14498_18k.htm,Data\edgar\item5_02_text\718877\0001104659-12-043056_a12-14498_18k.htm,1
718877,8-K,2012-07-06,5.02,0001104659-12-047906,a12-15997_18k.htm,Data\edgar\item5_02_text\718877\0001104659-12-047906_a12-15997_18k.htm,1
718877,8-K,2012-08-27,5.02,0001104659-12-060277,a12-19029_18k.htm,Data\edgar\item5_02_text\718877\0001104659-12-060277_a12-19029_18k.htm,1
718877,8-K,2012-09-24,5.02,0001104659-12-065061,a12-21920_18k.htm,Data\edgar\item5_02_text\718877\0001104659-12-065061_a12-21920_18k.htm,1
718877,8-K,2012-10-15,5.02,0001104659-12-069148,a12-24009_18k.htm,Data\edgar\item5_02_text\718877\0001104659-12-069148_a12-24009_18k.htm,1
718877,8-K,2012-10-24,5.02,0001104659-12-070867,a12-24941_18k.htm,Data\edgar\item5_02_text\718877\0001104659-12-070867_a12-24941_18k.htm,1
718877,8-K,2021-04-02,5.02,0001104659-21-046147,tm2111987d1_8k.htm,Data\edgar\item5_02_text\718877\0001104659-21-046147_tm2111987d1_8k.htm,1
718877,8-K,2021-04-29,"5.02,9.01",0001104659-21-056776,tm2114493d1_8k.htm,Data\edgar\item5_02_text\718877\0001104659-21-056776_tm2114493d1_8k.htm,1
718877,8-K,2021-06-03,5.02,0001104659-21-076405,tm2118279d1_8k.htm,Data\edgar\item5_02_text\718877\0001104659-21-076405_tm2118279d1_8k.htm,1
718877,8-K,2021-06-21,"5.02,5.07",0001104659-21-083428,tm2120202d1_8k.htm,Data\edgar\item5_02_text\718877\0001104659-21-083428_tm2120202d1_8k.htm,1
718877,8-K,2021-09-14,"5.02,9.01",0001104659-21-115515,tm2127559d1_8k.htm,Data\edgar\item5_02_text\718877\0001104659-21-115515_tm2127559d1_8k.htm,1
718877,8-K,2022-04-21,5.02,0001104659-22-048385,tm2212883d1_8k.htm,Data\edgar\item5_02_text\718877\0001104659-22-048385_tm2212883d1_8k.htm,1
718877,8-K,2022-10-06,"5.02,7.01,9.01",0001104659-22-106731,tm2227542d1_8k.htm,Data\edgar\item5_02_text\718877\0001104659-22-106731_tm2227542d1_8k.htm,1
718877,8-K,2022-12-16,5.02,0001628280-22-032124,atvi-20221213.htm,Data\edgar\item5_02_text\718877\0001628280-22-032124_atvi-20221213.htm,1
718877,8-K,2022-12-21,"5.02,9.01",0001628280-22-032444,atvi-20221218.htm,Data\edgar\item5_02_text\718877\0001628280-22-032444_atvi-20221218.htm,1
723254,8-K,2019-07-01,5.02,0000723254-19-000015,ctas8-kdepartureandappoint.htm,Data\edgar\item5_02_text\723254\0000723254-19-000015_ctas8-kdepartureandappoint.htm,1
723254,8-K/A,2019-07-25,5.02,0000723254-19-000019,ctas8-kaappointmentofdirec.htm,Data\edgar\item5_02_text\723254\0000723254-19-000019_ctas8-kaappointmentofdirec.htm,1
723254,8-K,2021-04-26,5.02,0000723254-21-000012,ctas-20210423.htm,Data\edgar\item5_02_text\723254\0000723254-21-000012_ctas-20210423.htm,1
728535,8-K,2019-01-25,"5.02,9.01",0001437749-19-001348,jbht20190124_8k.htm,Data\edgar\item5_02_text\728535\0001437749-19-001348_jbht20190124_8k.htm,1
728535,8-K,2019-12-04,"5.02,7.01,9.01",0001437749-19-023851,jbht20191204_8k.htm,Data\edgar\item5_02_text\728535\0001437749-19-023851_jbht20191204_8k.htm,1
728535,8-K,2020-01-28,"5.02,7.01,9.01",0001437749-20-001300,jbht20200127_8k.htm,Data\edgar\item5_02_text\728535\0001437749-20-001300_jbht20200127_8k.htm,1
728535,8-K/A,2020-02-03,"5.02,9.01",0001437749-20-001559,jbht20200203_8ka.htm,Data\edgar\item5_02_text\728535\0001437749-20-001559_jbht20200203_8ka.htm,1
728535,8-K,2020-02-10,"5.02,7.01,9.01",0001437749-20-002187,jbht20200207_8k.htm,Data\edgar\item5_02_text\728535\0001437749-20-002187_jbht20200207_8k.htm,1
728535,8-K,2020-11-24,"5.02,7.01,9.01",0001437749-20-024370,jbht20201123_8k.htm,Data\edgar\item5_02_text\728535\0001437749-20-024370_jbht20201123_8k.htm,1
728535,8-K,2021-01-25,"5.02,9.01",0001437749-21-001198,jbht20210122_8k.htm,Data\edgar\item5_02_text\728535\0001437749-21-001198_jbht20210122_8k.htm,1
728535,8-K,2022-01-24,"5.02,9.01",0001437749-22-001506,jbht20220124_8k.htm,Data\edgar\item5_02_text\728535\0001437749-22-001506_jbht20220124_8k.htm,1
731766,8-K,2022-02-17,5.02,0000731766-22-000010,unh-20220214.htm,Data\edgar\item5_02_text\731766\0000731766-22-000010_unh-20220214.htm,1
731766,8-K,2022-12-12,"5.02,9.01",0000731766-22-000051,unh-20221212.htm,Data\edgar\item5_02_text\731766\0000731766-22-000051_unh-20221212.htm,1
731766,8-K,2023-11-03,"5.02,9.01",0000731766-23-000061,unh-20231103.htm,Data\edgar\item5_02_text\731766\0000731766-23-000061_unh-20231103.htm,1
731766,8-K,2024-02-07,5.02,0000731766-24-000026,unh-20240206.htm,Data\edgar\item5_02_text\731766\0000731766-24-000026_unh-20240206.htm,1
731766,8-K,2024-03-28,5.02,0000731766-24-000122,unh-20240328.htm,Data\edgar\item5_02_text\731766\0000731766-24-000122_unh-20240328.htm,1
731766,8-K/A,2024-04-17,5.02,0000731766-24-000148,unh-20240328.htm,Data\edgar\item5_02_text\731766\0000731766-24-000148_unh-20240328.htm,1
731766,8-K,2024-05-15,5.02,0000731766-24-000159,unh-20240515.htm,Data\edgar\item5_02_text\731766\0000731766-24-000159_unh-20240515.htm,1
732712,8-K,2006-12-07,5.02,0001193125-06-248715,d8k.htm,Data\edgar\item5_02_text\732712\0001193125-06-248715_d8k.htm,1
732712,8-K,2006-12-12,5.02,0001193125-06-251425,d8k.htm,Data\edgar\item5_02_text\732712\0001193125-06-251425_d8k.htm,1
732712,8-K,2006-12-19,5.02,0001193125-06-256227,d8k.htm,Data\edgar\item5_02_text\732712\0001193125-06-256227_d8k.htm,1
732712,8-K,2007-02-06,5.02,0001193125-07-020398,d8k.htm,Data\edgar\item5_02_text\732712\0001193125-07-020398_d8k.htm,1
732712,8-K,2007-06-08,5.02,0001193125-07-132583,d8k.htm,Data\edgar\item5_02_text\732712\0001193125-07-132583_d8k.htm,1
732712,8-K,2007-09-11,5.02,0001193125-07-199004,d8k.htm,Data\edgar\item5_02_text\732712\0001193125-07-199004_d8k.htm,1
732712,8-K,2007-12-07,5.02,0001193125-07-261097,d8k.htm,Data\edgar\item5_02_text\732712\0001193125-07-261097_d8k.htm,1
732712,8-K,2008-10-01,5.02,0001193125-08-204660,d8k.htm,Data\edgar\item5_02_text\732712\0001193125-08-204660_d8k.htm,1
732712,8-K,2012-12-06,5.02,0001193125-12-493313,d449798d8k.htm,Data\edgar\item5_02_text\732712\0001193125-12-493313_d449798d8k.htm,1
732712,8-K,2013-02-07,5.02,0001193125-13-043053,d481194d8k.htm,Data\edgar\item5_02_text\732712\0001193125-13-043053_d481194d8k.htm,1
732712,8-K,2013-06-10,5.02,0001193125-13-253564,d551901d8k.htm,Data\edgar\item5_02_text\732712\0001193125-13-253564_d551901d8k.htm,1
732712,8-K/A,2013-09-05,5.02,0001193125-13-357857,d588937d8ka.htm,Data\edgar\item5_02_text\732712\0001193125-13-357857_d588937d8ka.htm,1
732712,8-K/A,2013-09-05,5.02,0001193125-13-357855,d588915d8ka.htm,Data\edgar\item5_02_text\732712\0001193125-13-357855_d588915d8ka.htm,1
732712,8-K,2013-11-07,5.02,0001193125-13-432495,d624629d8k.htm,Data\edgar\item5_02_text\732712\0001193125-13-432495_d624629d8k.htm,1
732712,8-K,2014-02-11,5.02,0001193125-14-045399,d675217d8k.htm,Data\edgar\item5_02_text\732712\0001193125-14-045399_d675217d8k.htm,1
732712,8-K/A,2014-09-04,5.02,0001193125-14-331837,d783476d8ka.htm,Data\edgar\item5_02_text\732712\0001193125-14-331837_d783476d8ka.htm,1
732712,8-K,2014-12-08,5.02,0001193125-14-436511,d836146d8k.htm,Data\edgar\item5_02_text\732712\0001193125-14-436511_d836146d8k.htm,1
732712,8-K,2015-01-14,5.02,0001193125-15-010064,d850349d8k.htm,Data\edgar\item5_02_text\732712\0001193125-15-010064_d850349d8k.htm,1
732712,8-K,2015-02-05,5.02,0001193125-15-035447,d865815d8k.htm,Data\edgar\item5_02_text\732712\0001193125-15-035447_d865815d8k.htm,1
732712,8-K,2015-02-18,5.02,0001193125-15-051424,d876243d8k.htm,Data\edgar\item5_02_text\732712\0001193125-15-051424_d876243d8k.htm,1
732712,8-K,2015-05-13,"5.02,5.07",0001193125-15-185255,d924053d8k.htm,Data\edgar\item5_02_text\732712\0001193125-15-185255_d924053d8k.htm,1
732712,8-K,2015-09-03,5.02,0001193125-15-311636,d72446d8k.htm,Data\edgar\item5_02_text\732712\0001193125-15-311636_d72446d8k.htm,1
732712,8-K,2015-11-05,5.02,0001193125-15-367882,d97140d8k.htm,Data\edgar\item5_02_text\732712\0001193125-15-367882_d97140d8k.htm,1
732712,8-K/A,2015-12-03,5.02,0001193125-15-394003,d161224d8ka.htm,Data\edgar\item5_02_text\732712\0001193125-15-394003_d161224d8ka.htm,1
732712,8-K,2015-12-10,5.02,0001193125-15-400066,d33874d8k.htm,Data\edgar\item5_02_text\732712\0001193125-15-400066_d33874d8k.htm,1
732712,8-K/A,2016-06-02,5.02,0001193125-16-610887,d200861d8ka.htm,Data\edgar\item5_02_text\732712\0001193125-16-610887_d200861d8ka.htm,1
732712,8-K,2016-06-09,5.02,0001193125-16-617604,d208487d8k.htm,Data\edgar\item5_02_text\732712\0001193125-16-617604_d208487d8k.htm,1
732712,8-K,2016-09-01,"5.02,9.01",0001193125-16-699639,d145813d8k.htm,Data\edgar\item5_02_text\732712\0001193125-16-699639_d145813d8k.htm,1
732712,8-K,2016-12-20,5.02,0001193125-16-798875,d313010d8k.htm,Data\edgar\item5_02_text\732712\0001193125-16-798875_d313010d8k.htm,1
732712,8-K,2017-03-20,5.02,0001193125-17-088316,d360349d8k.htm,Data\edgar\item5_02_text\732712\0001193125-17-088316_d360349d8k.htm,1
732712,8-K,2017-05-10,"5.02,5.07",0001193125-17-165255,d396957d8k.htm,Data\edgar\item5_02_text\732712\0001193125-17-165255_d396957d8k.htm,1
732712,8-K,2017-10-04,5.02,0001193125-17-303383,d469226d8k.htm,Data\edgar\item5_02_text\732712\0001193125-17-303383_d469226d8k.htm,1
732712,8-K,2018-03-07,5.02,0001193125-18-073362,d544764d8k.htm,Data\edgar\item5_02_text\732712\0001193125-18-073362_d544764d8k.htm,1
732712,8-K,2018-06-08,5.02,0001193125-18-187324,d602397d8k.htm,Data\edgar\item5_02_text\732712\0001193125-18-187324_d602397d8k.htm,1
732712,8-K,2018-09-06,5.02,0001193125-18-268028,d614347d8k.htm,Data\edgar\item5_02_text\732712\0001193125-18-268028_d614347d8k.htm,1
732712,8-K,2018-10-04,5.02,0001193125-18-292824,d623931d8k.htm,Data\edgar\item5_02_text\732712\0001193125-18-292824_d623931d8k.htm,1
732712,8-K/A,2019-02-08,5.02,0001193125-19-031481,d695569d8ka.htm,Data\edgar\item5_02_text\732712\0001193125-19-031481_d695569d8ka.htm,1
732712,8-K,2019-02-08,"5.02,9.01",0001193125-19-031476,d704619d8k.htm,Data\edgar\item5_02_text\732712\0001193125-19-031476_d704619d8k.htm,1
732712,8-K,2019-05-09,5.02,0001193125-19-142992,d706817d8k.htm,Data\edgar\item5_02_text\732712\0001193125-19-142992_d706817d8k.htm,1
732712,8-K,2019-12-05,"5.02,5.03,9.01",0001193125-19-307167,d831633d8k.htm,Data\edgar\item5_02_text\732712\0001193125-19-307167_d831633d8k.htm,1
732712,8-K,2020-02-05,5.02,0001193125-20-025340,d881959d8k.htm,Data\edgar\item5_02_text\732712\0001193125-20-025340_d881959d8k.htm,1
732712,8-K,2020-03-13,5.02,0001193125-20-072475,d897160d8k.htm,Data\edgar\item5_02_text\732712\0001193125-20-072475_d897160d8k.htm,1
732712,8-K/A,2021-05-13,5.02,0001193125-21-160418,d528712d8ka.htm,Data\edgar\item5_02_text\732712\0001193125-21-160418_d528712d8ka.htm,1
732712,8-K,2021-06-25,5.02,0001193125-21-199523,d139513d8k.htm,Data\edgar\item5_02_text\732712\0001193125-21-199523_d139513d8k.htm,1
732712,8-K,2021-08-13,5.02,0001193125-21-245801,d216962d8k.htm,Data\edgar\item5_02_text\732712\0001193125-21-245801_d216962d8k.htm,1
732712,8-K,2021-09-01,"5.02,8.01",0001193125-21-262922,d198679d8k.htm,Data\edgar\item5_02_text\732712\0001193125-21-262922_d198679d8k.htm,1
732712,8-K,2021-11-08,5.02,0001193125-21-323046,d231208d8k.htm,Data\edgar\item5_02_text\732712\0001193125-21-323046_d231208d8k.htm,1
732712,8-K/A,2021-12-02,5.02,0001193125-21-346654,d228353d8ka.htm,Data\edgar\item5_02_text\732712\0001193125-21-346654_d228353d8ka.htm,1
732712,8-K/A,2021-12-02,5.02,0001193125-21-346650,d228333d8ka.htm,Data\edgar\item5_02_text\732712\0001193125-21-346650_d228333d8ka.htm,1
732712,8-K,2022-05-16,5.02,0001193125-22-151826,d340833d8k.htm,Data\edgar\item5_02_text\732712\0001193125-22-151826_d340833d8k.htm,1
732712,8-K,2022-06-06,5.02,0001193125-22-168378,d366918d8k.htm,Data\edgar\item5_02_text\732712\0001193125-22-168378_d366918d8k.htm,1
732712,8-K,2022-08-25,5.02,0001193125-22-230055,d373006d8k.htm,Data\edgar\item5_02_text\732712\0001193125-22-230055_d373006d8k.htm,1
732712,8-K/A,2022-08-25,5.02,0001193125-22-230053,d375293d8ka.htm,Data\edgar\item5_02_text\732712\0001193125-22-230053_d375293d8ka.htm,1
732712,8-K,2022-11-07,5.02,0001193125-22-278771,d416800d8k.htm,Data\edgar\item5_02_text\732712\0001193125-22-278771_d416800d8k.htm,1
732712,8-K,2023-03-03,5.02,0001193125-23-058988,d461784d8k.htm,Data\edgar\item5_02_text\732712\0001193125-23-058988_d461784d8k.htm,1
732712,8-K,2024-01-24,5.02,0001193125-24-013874,d701168d8k.htm,Data\edgar\item5_02_text\732712\0001193125-24-013874_d701168d8k.htm,1
732712,8-K,2024-02-02,5.02,0001193125-24-022476,d745812d8k.htm,Data\edgar\item5_02_text\732712\0001193125-24-022476_d745812d8k.htm,1
732712,8-K,2024-05-23,5.02,0001193125-24-146021,d770164d8k.htm,Data\edgar\item5_02_text\732712\0001193125-24-146021_d770164d8k.htm,1
732712,8-K,2024-06-27,5.02,0001193125-24-170544,d858119d8k.htm,Data\edgar\item5_02_text\732712\0001193125-24-170544_d858119d8k.htm,1
732717,8-K,2006-12-29,"2.01,2.03,5.02,9.01",0000950123-06-015733,y28428e8vk.txt,Data\edgar\item5_02_text\732717\0000950123-06-015733_y28428e8vk.txt,1
732717,8-K/A,2007-01-29,5.02,0000732717-07-000007,cmteappts8k.htm,Data\edgar\item5_02_text\732717\0000732717-07-000007_cmteappts8k.htm,1
732717,8-K,2007-04-30,5.02,0000732717-07-000028,annmeet20078k.htm,Data\edgar\item5_02_text\732717\0000732717-07-000028_annmeet20078k.htm,1
732717,8-K/A,2007-06-01,5.02,0000732717-07-000038,amdceopay.htm,Data\edgar\item5_02_text\732717\0000732717-07-000038_amdceopay.htm,1
732717,8-K,2007-10-16,5.02,0000732717-07-000084,sigmanretirement8k.htm,Data\edgar\item5_02_text\732717\0000732717-07-000084_sigmanretirement8k.htm,1
732717,8-K,2007-10-19,"5.02,9.01",0000732717-07-000089,amdmobilityplan.htm,Data\edgar\item5_02_text\732717\0000732717-07-000089_amdmobilityplan.htm,1
732717,8-K,2008-09-29,5.02,0000732717-08-000070,chicopardo8k.htm,Data\edgar\item5_02_text\732717\0000732717-08-000070_chicopardo8k.htm,1
732717,8-K,2010-02-23,5.02,0000732717-10-000011,aldinger8k.htm,Data\edgar\item5_02_text\732717\0000732717-10-000011_aldinger8k.htm,1
732717,8-K,2010-06-25,"5.02,9.01",0000732717-10-000051,june8k2010j24.htm,Data\edgar\item5_02_text\732717\0000732717-10-000051_june8k2010j24.htm,1
732717,8-K,2010-09-30,5.02,0000732717-10-000082,sept20108k.htm,Data\edgar\item5_02_text\732717\0000732717-10-000082_sept20108k.htm,1
732717,8-K/A,2010-12-17,5.02,0000732717-10-000097,rose8ka.htm,Data\edgar\item5_02_text\732717\0000732717-10-000097_rose8ka.htm,1
732717,8-K,2011-03-07,5.02,0000732717-11-000016,lindner_8k.htm,Data\edgar\item5_02_text\732717\0000732717-11-000016_lindner_8k.htm,1
732717,8-K/A,2011-03-29,"5.02,9.01",0000732717-11-000033,form8k-a.htm,Data\edgar\item5_02_text\732717\0000732717-11-000033_form8k-a.htm,1
732717,8-K,2011-12-16,"5.02,9.01",0000732717-11-000107,stephensonserp.htm,Data\edgar\item5_02_text\732717\0000732717-11-000107_stephensonserp.htm,1
732717,8-K,2012-06-29,5.02,0000732717-12-000063,ford.htm,Data\edgar\item5_02_text\732717\0000732717-12-000063_ford.htm,1
732717,8-K,2013-02-04,5.02,0000732717-13-000012,mccallister8k.htm,Data\edgar\item5_02_text\732717\0000732717-13-000012_mccallister8k.htm,1
732717,8-K,2013-06-28,5.02,0000732717-13-000058,taylor8k.htm,Data\edgar\item5_02_text\732717\0000732717-13-000058_taylor8k.htm,1
732717,8-K,2013-07-25,5.02,0000732717-13-000077,form8k.htm,Data\edgar\item5_02_text\732717\0000732717-13-000077_form8k.htm,1
732717,8-K,2013-09-27,5.02,0000732717-13-000090,newdirector8k.htm,Data\edgar\item5_02_text\732717\0000732717-13-000090_newdirector8k.htm,1
732717,8-K,2013-12-12,"5.02,9.01",0000732717-13-000101,hrc8k.htm,Data\edgar\item5_02_text\732717\0000732717-13-000101_hrc8k.htm,1
732717,8-K,2014-06-30,5.02,0000732717-14-000094,form8k.htm,Data\edgar\item5_02_text\732717\0000732717-14-000094_form8k.htm,1
732717,8-K,2014-11-07,"5.02,8.01",0000732717-14-000126,form8k.htm,Data\edgar\item5_02_text\732717\0000732717-14-000126_form8k.htm,1
732717,8-K,2014-12-19,"5.02,9.01",0000732717-14-000138,form8k.htm,Data\edgar\item5_02_text\732717\0000732717-14-000138_form8k.htm,1
732717,8-K,2015-06-26,5.02,0000732717-15-000056,form8k.htm,Data\edgar\item5_02_text\732717\0000732717-15-000056_form8k.htm,1
732717,8-K,2015-07-30,5.02,0000732717-15-000073,form8k.htm,Data\edgar\item5_02_text\732717\0000732717-15-000073_form8k.htm,1
732717,8-K,2015-08-20,"5.02,9.01",0000732717-15-000089,form8k.htm,Data\edgar\item5_02_text\732717\0000732717-15-000089_form8k.htm,1
732717,8-K,2016-06-24,5.02,0000732717-16-000186,newdirector8k.htm,Data\edgar\item5_02_text\732717\0000732717-16-000186_newdirector8k.htm,1
732717,8-K,2016-12-08,5.02,0000732717-16-000251,delavegaretirement8k.htm,Data\edgar\item5_02_text\732717\0000732717-16-000251_delavegaretirement8k.htm,1
732717,8-K,2016-12-16,"5.02,9.01",0000732717-16-000257,form8k.htm,Data\edgar\item5_02_text\732717\0000732717-16-000257_form8k.htm,1
732717,8-K,2017-10-04,"5.02,9.01",0000732717-17-000084,serpamendment8k.htm,Data\edgar\item5_02_text\732717\0000732717-17-000084_serpamendment8k.htm,1
732717,8-K,2018-02-02,"5.02,9.01",0000732717-18-000005,form8k.htm,Data\edgar\item5_02_text\732717\0000732717-18-000005_form8k.htm,1
732717,8-K,2018-07-03,"5.02,9.01",0000732717-18-000050,form8k.htm,Data\edgar\item5_02_text\732717\0000732717-18-000050_form8k.htm,1
732717,8-K,2019-07-29,5.02,0000732717-19-000034,newdirector.htm,Data\edgar\item5_02_text\732717\0000732717-19-000034_newdirector.htm,1
732717,8-K,2019-08-29,5.02,0001193125-19-233801,d767363d8k.htm,Data\edgar\item5_02_text\732717\0001193125-19-233801_d767363d8k.htm,1
732717,8-K,2019-09-03,5.02,0001193125-19-236682,d798261d8k.htm,Data\edgar\item5_02_text\732717\0001193125-19-236682_d798261d8k.htm,1
732717,8-K,2019-09-06,"5.02,9.01",0001193125-19-239966,d799915d8k.htm,Data\edgar\item5_02_text\732717\0001193125-19-239966_d799915d8k.htm,1
732717,8-K,2019-11-01,5.02,0000732717-19-000054,form8k.htm,Data\edgar\item5_02_text\732717\0000732717-19-000054_form8k.htm,1
732717,8-K,2019-12-17,"5.02,9.01",0001193125-19-316283,d851493d8k.htm,Data\edgar\item5_02_text\732717\0001193125-19-316283_d851493d8k.htm,1
732717,8-K,2020-04-28,"5.02,5.07",0001193125-20-123202,d913267d8k.htm,Data\edgar\item5_02_text\732717\0001193125-20-123202_d913267d8k.htm,1
732717,8-K,2020-06-26,"5.02,5.03,9.01",0000732717-20-000020,form8k.htm,Data\edgar\item5_02_text\732717\0000732717-20-000020_form8k.htm,1
732717,8-K,2020-11-17,5.02,0001193125-20-296128,d23235d8k.htm,Data\edgar\item5_02_text\732717\0001193125-20-296128_d23235d8k.htm,1
732717,8-K,2021-01-25,"5.02,9.01",0001193125-21-015737,d21535d8k.htm,Data\edgar\item5_02_text\732717\0001193125-21-015737_d21535d8k.htm,1
732717,8-K,2021-03-30,"5.02,9.01",0001193125-21-100281,d167058d8k.htm,Data\edgar\item5_02_text\732717\0001193125-21-100281_d167058d8k.htm,1
732717,8-K,2021-06-25,5.02,0001193125-21-199754,d139615d8k.htm,Data\edgar\item5_02_text\732717\0001193125-21-199754_d139615d8k.htm,1
732717,8-K/A,2021-12-06,5.02,0000732717-21-000088,t-20210625.htm,Data\edgar\item5_02_text\732717\0000732717-21-000088_t-20210625.htm,1
732717,8-K,2022-03-15,"5.02,7.01,9.01",0001193125-22-076137,d330864d8k.htm,Data\edgar\item5_02_text\732717\0001193125-22-076137_d330864d8k.htm,1
732717,8-K,2022-07-01,5.02,0000732717-22-000073,a8-kdial.htm,Data\edgar\item5_02_text\732717\0000732717-22-000073_a8-kdial.htm,1
732717,8-K/A,2022-08-04,5.02,0000732717-22-000091,t-20220630.htm,Data\edgar\item5_02_text\732717\0000732717-22-000091_t-20220630.htm,1
732717,8-K,2023-02-02,"5.02,5.03,9.01",0001193125-23-022845,d457902d8k.htm,Data\edgar\item5_02_text\732717\0001193125-23-022845_d457902d8k.htm,1
732717,8-K,2024-03-01,"5.02,9.01",0000732717-24-000012,t-20240301.htm,Data\edgar\item5_02_text\732717\0000732717-24-000012_t-20240301.htm,1
764180,8-K,2004-12-17,"5.02,5.03,9.01",0000950117-04-004470,a38915.htm,Data\edgar\item5_02_text\764180\0000950117-04-004470_a38915.htm,1
764180,8-K/A,2005-03-02,5.02,0001193125-05-040688,d8ka.htm,Data\edgar\item5_02_text\764180\0001193125-05-040688_d8ka.htm,1
764180,8-K/A,2005-03-02,5.02,0001193125-05-040686,d8ka.htm,Data\edgar\item5_02_text\764180\0001193125-05-040686_d8ka.htm,1
764180,8-K,2007-02-02,"5.02,9.01",0001193125-07-019313,d8k.htm,Data\edgar\item5_02_text\764180\0001193125-07-019313_d8k.htm,1
771497,8-K,2016-02-01,5.02,0001571049-16-011409,t1600293_8k.htm,Data\edgar\item5_02_text\771497\0001571049-16-011409_t1600293_8k.htm,1
771497,8-K,2016-06-10,5.02,0001571049-16-015903,t1601513_8k.htm,Data\edgar\item5_02_text\771497\0001571049-16-015903_t1601513_8k.htm,1
771497,8-K,2016-12-20,5.02,0001571049-16-020727,t1603127_8k.htm,Data\edgar\item5_02_text\771497\0001571049-16-020727_t1603127_8k.htm,1
771497,8-K,2017-01-26,"5.02,5.03,9.01",0001571049-17-000711,t1700228_8k.htm,Data\edgar\item5_02_text\771497\0001571049-17-000711_t1700228_8k.htm,1
771497,8-K/A,2017-03-09,"5.02,5.07",0001571049-17-002191,t1700685_8ka.htm,Data\edgar\item5_02_text\771497\0001571049-17-002191_t1700685_8ka.htm,1
771497,8-K,2017-03-31,5.02,0001571049-17-003091,t1700928_8k.htm,Data\edgar\item5_02_text\771497\0001571049-17-003091_t1700928_8k.htm,1
771497,8-K,2017-06-07,5.02,0001571049-17-005791,t1704024x1_8k.htm,Data\edgar\item5_02_text\771497\0001571049-17-005791_t1704024x1_8k.htm,1
771497,8-K,2017-09-08,"1.01,2.01,2.03,3.02,5.02,9.01",0001571049-17-007803,t1702518_8k.htm,Data\edgar\item5_02_text\771497\0001571049-17-007803_t1702518_8k.htm,1
771497,8-K,2017-09-27,5.02,0001571049-17-008020,t1702643_8k.htm,Data\edgar\item5_02_text\771497\0001571049-17-008020_t1702643_8k.htm,1
771497,8-K,2018-09-06,"5.02,9.01",0001144204-18-048330,tv502442_8k.htm,Data\edgar\item5_02_text\771497\0001144204-18-048330_tv502442_8k.htm,1
771497,8-K,2018-10-24,"5.02,9.01",0001144204-18-055152,tv505362_8k.htm,Data\edgar\item5_02_text\771497\0001144204-18-055152_tv505362_8k.htm,1
771497,8-K,2019-01-08,5.02,0001144204-19-001120,tv510628_8k.htm,Data\edgar\item5_02_text\771497\0001144204-19-001120_tv510628_8k.htm,1
771497,8-K/A,2019-03-28,5.02,0001144204-19-016646,tv517418_8ka.htm,Data\edgar\item5_02_text\771497\0001144204-19-016646_tv517418_8ka.htm,1
771497,8-K/A,2019-03-28,5.02,0001144204-19-016641,tv517419_8ka.htm,Data\edgar\item5_02_text\771497\0001144204-19-016641_tv517419_8ka.htm,1
773840,8-K,2019-07-08,5.02,0000930413-19-002021,c93930_8k.htm,Data\edgar\item5_02_text\773840\0000930413-19-002021_c93930_8k.htm,1
773840,8-K,2019-07-26,5.02,0000773840-19-000018,c917648k.htm,Data\edgar\item5_02_text\773840\0000773840-19-000018_c917648k.htm,1
773840,8-K,2019-10-08,"5.02,8.01,9.01",0000930413-19-002643,c94369_8k-ixbrl.htm,Data\edgar\item5_02_text\773840\0000930413-19-002643_c94369_8k-ixbrl.htm,1
773840,8-K,2019-10-16,5.02,0000930413-19-002693,c94427_8k.htm,Data\edgar\item5_02_text\773840\0000930413-19-002693_c94427_8k.htm,1
773840,8-K,2019-12-06,"5.02,9.01",0000773840-19-000029,c917648k.htm,Data\edgar\item5_02_text\773840\0000773840-19-000029_c917648k.htm,1
773840,8-K,2020-02-28,"5.02,9.01",0000773840-20-000011,c917648k.htm,Data\edgar\item5_02_text\773840\0000773840-20-000011_c917648k.htm,1
773840,8-K,2020-06-11,5.02,0000773840-20-000031,hon-20200605.htm,Data\edgar\item5_02_text\773840\0000773840-20-000031_hon-20200605.htm,1
773840,8-K,2021-07-14,5.02,0001193125-21-215278,d153129d8k.htm,Data\edgar\item5_02_text\773840\0001193125-21-215278_d153129d8k.htm,1
773840,8-K,2022-01-05,5.02,0000773840-22-000003,hon-20220105.htm,Data\edgar\item5_02_text\773840\0000773840-22-000003_hon-20220105.htm,1
773840,8-K,2022-01-18,"5.02,9.01",0001193125-22-011376,d300159d8k.htm,Data\edgar\item5_02_text\773840\0001193125-22-011376_d300159d8k.htm,1
773840,8-K,2022-07-28,"5.02,7.01,9.01",0001193125-22-204108,d376391d8k.htm,Data\edgar\item5_02_text\773840\0001193125-22-204108_d376391d8k.htm,1
773840,8-K,2022-09-01,"5.02,7.01",0000773840-22-000058,hon-20220901.htm,Data\edgar\item5_02_text\773840\0000773840-22-000058_hon-20220901.htm,1
773840,8-K,2022-09-21,5.02,0001193125-22-248396,d357106d8k.htm,Data\edgar\item5_02_text\773840\0001193125-22-248396_d357106d8k.htm,1
773840,8-K,2022-09-30,5.02,0000773840-22-000062,hon-20220930.htm,Data\edgar\item5_02_text\773840\0000773840-22-000062_hon-20220930.htm,1
773840,8-K,2022-10-26,5.02,0001193125-22-269566,d384236d8k.htm,Data\edgar\item5_02_text\773840\0001193125-22-269566_d384236d8k.htm,1
773840,8-K,2023-03-14,"5.02,7.01,8.01,9.01",0001193125-23-069598,d780318d8k.htm,Data\edgar\item5_02_text\773840\0001193125-23-069598_d780318d8k.htm,1
773840,8-K,2023-06-15,5.02,0000773840-23-000063,hon-20230615.htm,Data\edgar\item5_02_text\773840\0000773840-23-000063_hon-20230615.htm,1
773840,8-K,2023-10-10,"2.02,5.02,8.01,9.01",0000773840-23-000076,hon-20231010.htm,Data\edgar\item5_02_text\773840\0000773840-23-000076_hon-20231010.htm,1
773840,8-K,2023-11-28,"5.02,7.01,9.01",0000773840-23-000088,hon-20231128.htm,Data\edgar\item5_02_text\773840\0000773840-23-000088_hon-20231128.htm,1
773840,8-K,2024-02-01,"5.02,7.01,9.01",0000773840-24-000006,hon-20240130.htm,Data\edgar\item5_02_text\773840\0000773840-24-000006_hon-20240130.htm,1
789019,8-K,2015-09-11,5.02,0001193125-15-318450,d37036d8k.htm,Data\edgar\item5_02_text\789019\0001193125-15-318450_d37036d8k.htm,1
789019,8-K,2016-07-07,5.02,0001193125-16-643151,d226559d8k.htm,Data\edgar\item5_02_text\789019\0001193125-16-643151_d226559d8k.htm,1
789019,8-K,2017-03-14,"5.02,9.01",0001193125-17-082168,d303439d8k.htm,Data\edgar\item5_02_text\789019\0001193125-17-082168_d303439d8k.htm,1
789019,8-K,2017-09-19,"5.02,9.01",0001193125-17-288464,d447207d8k.htm,Data\edgar\item5_02_text\789019\0001193125-17-288464_d447207d8k.htm,1
789019,8-K,2017-11-30,"5.02,5.07",0001193125-17-357415,d485065d8k.htm,Data\edgar\item5_02_text\789019\0001193125-17-357415_d485065d8k.htm,1
789019,8-K,2018-09-19,"5.02,9.01",0001193125-18-277602,d602842d8k.htm,Data\edgar\item5_02_text\789019\0001193125-18-277602_d602842d8k.htm,1
789019,8-K,2019-09-19,"5.02,9.01",0001193125-19-249565,d797112d8k.htm,Data\edgar\item5_02_text\789019\0001193125-19-249565_d797112d8k.htm,1
789019,8-K,2020-03-13,"5.02,9.01",0001193125-20-073072,d884867d8k.htm,Data\edgar\item5_02_text\789019\0001193125-20-073072_d884867d8k.htm,1
789019,8-K,2020-07-01,5.02,0001193125-20-184744,d949734d8k.htm,Data\edgar\item5_02_text\789019\0001193125-20-184744_d949734d8k.htm,1
789019,8-K,2020-07-07,5.02,0001193125-20-188481,d88910d8k.htm,Data\edgar\item5_02_text\789019\0001193125-20-188481_d88910d8k.htm,1
789019,8-K,2021-05-20,5.02,0001193125-21-167940,d171596d8k.htm,Data\edgar\item5_02_text\789019\0001193125-21-167940_d171596d8k.htm,1
789570,8-K,2018-03-15,"5.02,9.01",0001193125-18-084015,d551820d8k.htm,Data\edgar\item5_02_text\789570\0001193125-18-084015_d551820d8k.htm,1
789570,8-K,2018-08-22,"5.02,9.01",0001193125-18-255165,d610341d8k.htm,Data\edgar\item5_02_text\789570\0001193125-18-255165_d610341d8k.htm,1
789570,8-K,2018-10-11,"5.02,9.01",0001193125-18-297663,d633159d8k.htm,Data\edgar\item5_02_text\789570\0001193125-18-297663_d633159d8k.htm,1
789570,8-K,2019-01-18,"5.02,9.01",0001193125-19-012788,d685192d8k.htm,Data\edgar\item5_02_text\789570\0001193125-19-012788_d685192d8k.htm,1
789570,8-K,2019-02-22,"5.02,9.01",0001193125-19-048428,d689692d8k.htm,Data\edgar\item5_02_text\789570\0001193125-19-048428_d689692d8k.htm,1
789570,8-K,2020-02-14,"5.02,9.01",0001193125-20-038441,d870226d8k.htm,Data\edgar\item5_02_text\789570\0001193125-20-038441_d870226d8k.htm,1
789570,8-K,2021-12-30,5.02,0001193125-21-370665,d285126d8k.htm,Data\edgar\item5_02_text\789570\0001193125-21-370665_d285126d8k.htm,1
789570,8-K,2022-05-09,"5.02,5.07,9.01",0001193125-22-145101,d276126d8k.htm,Data\edgar\item5_02_text\789570\0001193125-22-145101_d276126d8k.htm,1
789570,8-K,2022-06-24,"1.01,5.02,9.01",0000789570-22-000020,mgm-20220620.htm,Data\edgar\item5_02_text\789570\0000789570-22-000020_mgm-20220620.htm,1
789570,8-K,2022-08-22,"5.02,9.01",0001193125-22-226494,d337126d8k.htm,Data\edgar\item5_02_text\789570\0001193125-22-226494_d337126d8k.htm,1
789570,8-K,2023-03-01,"5.02,9.01",0001193125-23-056496,d465171d8k.htm,Data\edgar\item5_02_text\789570\0001193125-23-056496_d465171d8k.htm,1
790070,8-K,2012-01-24,"5.02,9.01",0001193125-12-021198,d289231d8k.htm,Data\edgar\item5_02_text\790070\0001193125-12-021198_d289231d8k.htm,1
790070,8-K,2012-07-18,"2.02,5.02,9.01",0001193125-12-305335,d381923d8k.htm,Data\edgar\item5_02_text\790070\0001193125-12-305335_d381923d8k.htm,1
790070,8-K,2012-08-07,"5.02,9.01",0000790070-12-000102,a8-kfor82012.htm,Data\edgar\item5_02_text\790070\0000790070-12-000102_a8-kfor82012.htm,1
790070,8-K,2012-09-06,"5.02,9.01",0000790070-12-000136,a8-kforsept2012.htm,Data\edgar\item5_02_text\790070\0000790070-12-000136_a8-kforsept2012.htm,1
790070,8-K,2013-07-02,"5.02,9.01",0000790070-13-000067,a8-kforjuly2013.htm,Data\edgar\item5_02_text\790070\0000790070-13-000067_a8-kforjuly2013.htm,1
790070,8-K,2014-02-07,5.02,0000790070-14-000025,a8-kforfebruary2014.htm,Data\edgar\item5_02_text\790070\0000790070-14-000025_a8-kforfebruary2014.htm,1
796343,8-K,2011-12-15,"2.02,5.02,9.01",0001104659-11-069679,a11-31720_18k.htm,Data\edgar\item5_02_text\796343\0001104659-11-069679_a11-31720_18k.htm,1
796343,8-K,2012-01-26,"5.02,9.01",0001104659-12-004271,a12-3470_18k.htm,Data\edgar\item5_02_text\796343\0001104659-12-004271_a12-3470_18k.htm,1
796343,8-K,2012-04-13,"5.02,5.07,8.01,9.01",0001104659-12-025271,a12-9614_18k.htm,Data\edgar\item5_02_text\796343\0001104659-12-025271_a12-9614_18k.htm,1
796343,8-K,2012-05-14,"5.02,9.01",0001104659-12-036984,a12-12167_18k.htm,Data\edgar\item5_02_text\796343\0001104659-12-036984_a12-12167_18k.htm,1
796343,8-K/A,2012-06-29,5.02,0001104659-12-047044,a12-15738_18ka.htm,Data\edgar\item5_02_text\796343\0001104659-12-047044_a12-15738_18ka.htm,1
796343,8-K,2012-12-05,"5.02,9.01",0001104659-12-082162,a12-28685_18k.htm,Data\edgar\item5_02_text\796343\0001104659-12-082162_a12-28685_18k.htm,1
796343,8-K,2013-01-28,"5.02,9.01",0000796343-13-000017,a8-kxitem502xjanuary2013.htm,Data\edgar\item5_02_text\796343\0000796343-13-000017_a8-kxitem502xjanuary2013.htm,1
796343,8-K,2013-03-19,"2.02,5.02,9.01",0000796343-13-000030,adbe8kq113.htm,Data\edgar\item5_02_text\796343\0000796343-13-000030_adbe8kq113.htm,1
796343,8-K,2013-04-12,"5.02,5.07,9.01",0000796343-13-000036,a8-kannualmeetingresults.htm,Data\edgar\item5_02_text\796343\0000796343-13-000036_a8-kannualmeetingresults.htm,1
796343,8-K,2014-01-29,"5.02,9.01",0000796343-14-000007,a8-kxitem502xjanuary2014.htm,Data\edgar\item5_02_text\796343\0000796343-14-000007_a8-kxitem502xjanuary2014.htm,1
796343,8-K,2017-12-14,"2.02,5.02,9.01",0000796343-17-000188,adbe8kfy17.htm,Data\edgar\item5_02_text\796343\0000796343-17-000188_adbe8kfy17.htm,1
796343,8-K,2018-01-26,"5.02,9.01",0000796343-18-000039,adbe8-k20180126.htm,Data\edgar\item5_02_text\796343\0000796343-18-000039_adbe8-k20180126.htm,1
796343,8-K,2018-04-05,"5.02,9.01",0000796343-18-000072,a8-k20180405.htm,Data\edgar\item5_02_text\796343\0000796343-18-000072_a8-k20180405.htm,1
796343,8-K,2018-04-13,"5.02,5.07,9.01",0000796343-18-000088,a8-k20180413.htm,Data\edgar\item5_02_text\796343\0000796343-18-000088_a8-k20180413.htm,1
796343,8-K,2018-11-19,5.02,0000796343-18-000179,adbe8-k11192018xcao.htm,Data\edgar\item5_02_text\796343\0000796343-18-000179_adbe8-k11192018xcao.htm,1
796343,8-K,2019-01-24,"5.02,9.01",0000796343-19-000008,adbe8-k1222019xdirectors.htm,Data\edgar\item5_02_text\796343\0000796343-19-000008_adbe8-k1222019xdirectors.htm,1
796343,8-K,2019-01-28,"5.02,9.01",0000796343-19-000024,adbe8-k20190128.htm,Data\edgar\item5_02_text\796343\0000796343-19-000024_adbe8-k20190128.htm,1
796343,8-K,2019-04-12,"5.02,5.07,9.01",0000796343-19-000091,adbe8-k20190412.htm,Data\edgar\item5_02_text\796343\0000796343-19-000091_adbe8-k20190412.htm,1
796343,8-K,2020-01-30,"5.02,9.01",0000796343-20-000040,adbe8-k13020.htm,Data\edgar\item5_02_text\796343\0000796343-20-000040_adbe8-k13020.htm,1
796343,8-K,2020-04-10,"5.02,5.07",0000796343-20-000085,adbe8-k041020.htm,Data\edgar\item5_02_text\796343\0000796343-20-000085_adbe8-k041020.htm,1
798354,8-K,2007-02-28,5.02,0001193125-07-042701,d8k.htm,Data\edgar\item5_02_text\798354\0001193125-07-042701_d8k.htm,1
798354,8-K,2007-05-23,"5.02,5.03,9.01",0001193125-07-121330,d8k.htm,Data\edgar\item5_02_text\798354\0001193125-07-121330_d8k.htm,1
798354,8-K,2007-07-17,5.02,0001193125-07-156539,d8k.htm,Data\edgar\item5_02_text\798354\0001193125-07-156539_d8k.htm,1
798354,8-K,2007-08-24,"5.02,9.01",0001193125-07-188641,d8k.htm,Data\edgar\item5_02_text\798354\0001193125-07-188641_d8k.htm,1
798354,8-K/A,2007-11-28,5.02,0001193125-07-254937,d8ka.htm,Data\edgar\item5_02_text\798354\0001193125-07-254937_d8ka.htm,1
798354,8-K,2007-12-07,"2.01,5.02,7.01,9.01",0001193125-07-261412,d8k.htm,Data\edgar\item5_02_text\798354\0001193125-07-261412_d8k.htm,1
798354,8-K,2008-01-22,"5.02,9.01",0001193125-08-009621,d8k.htm,Data\edgar\item5_02_text\798354\0001193125-08-009621_d8k.htm,1
798354,8-K,2008-03-04,5.02,0001193125-08-046505,d8k.htm,Data\edgar\item5_02_text\798354\0001193125-08-046505_d8k.htm,1
798354,8-K,2008-11-24,5.02,0001193125-08-242170,d8k.htm,Data\edgar\item5_02_text\798354\0001193125-08-242170_d8k.htm,1
798354,8-K,2008-12-23,"5.02,9.01",0001193125-08-259651,d8k.htm,Data\edgar\item5_02_text\798354\0001193125-08-259651_d8k.htm,1
798354,8-K,2020-04-10,"5.02,8.01,9.01",0001193125-20-103974,d889670d8k.htm,Data\edgar\item5_02_text\798354\0001193125-20-103974_d889670d8k.htm,1
798354,8-K,2020-11-02,"5.02,5.03,9.01",0001193125-20-283929,d92758d8k.htm,Data\edgar\item5_02_text\798354\0001193125-20-283929_d92758d8k.htm,1
798354,8-K/A,2020-11-23,5.02,0001193125-20-301277,d41801d8ka.htm,Data\edgar\item5_02_text\798354\0001193125-20-301277_d41801d8ka.htm,1
798354,8-K,2021-06-14,5.02,0001193125-21-190089,d502599d8k.htm,Data\edgar\item5_02_text\798354\0001193125-21-190089_d502599d8k.htm,1
798354,8-K,2021-06-28,5.02,0001193125-21-202190,d352882d8k.htm,Data\edgar\item5_02_text\798354\0001193125-21-202190_d352882d8k.htm,1
798354,8-K,2021-08-12,"5.02,9.01",0001193125-21-244723,d115852d8k.htm,Data\edgar\item5_02_text\798354\0001193125-21-244723_d115852d8k.htm,1
798354,8-K,2021-11-15,5.02,0001193125-21-329664,d596785d8k.htm,Data\edgar\item5_02_text\798354\0001193125-21-329664_d596785d8k.htm,1
798354,8-K,2022-02-23,"1.01,5.02,5.03,7.01,9.01",0001193125-22-050253,d270501d8k.htm,Data\edgar\item5_02_text\798354\0001193125-22-050253_d270501d8k.htm,1
798354,8-K/A,2022-05-20,5.02,0001193125-22-156174,d354609d8ka.htm,Data\edgar\item5_02_text\798354\0001193125-22-156174_d354609d8ka.htm,1
798354,8-K,2022-11-21,"5.02,5.03,9.01",0001193125-22-290040,d606620d8k.htm,Data\edgar\item5_02_text\798354\0001193125-22-290040_d606620d8k.htm,1
798354,8-K,2022-12-22,"5.02,9.01",0001193125-22-310467,d421577d8k.htm,Data\edgar\item5_02_text\798354\0001193125-22-310467_d421577d8k.htm,1
798354,8-K,2023-08-01,5.02,0001193125-23-200634,d494907d8k.htm,Data\edgar\item5_02_text\798354\0001193125-23-200634_d494907d8k.htm,1
798354,8-K,2023-12-06,5.02,0001193125-23-289928,d625221d8k.htm,Data\edgar\item5_02_text\798354\0001193125-23-289928_d625221d8k.htm,1
798354,8-K/A,2024-02-21,5.02,0001193125-24-041537,d786177d8ka.htm,Data\edgar\item5_02_text\798354\0001193125-24-041537_d786177d8ka.htm,1
798354,8-K,2024-02-21,5.02,0001193125-24-041532,d781218d8k.htm,Data\edgar\item5_02_text\798354\0001193125-24-041532_d781218d8k.htm,1
798354,8-K,2024-03-13,5.02,0001193125-24-066902,d793857d8k.htm,Data\edgar\item5_02_text\798354\0001193125-24-066902_d793857d8k.htm,1
813828,8-K,2021-05-28,"5.02,5.07",0000813828-21-000015,viac-20210528.htm,Data\edgar\item5_02_text\813828\0000813828-21-000015_viac-20210528.htm,1
813828,8-K,2022-03-11,5.02,0000813828-22-000013,viac-20220311.htm,Data\edgar\item5_02_text\813828\0000813828-22-000013_viac-20220311.htm,1
813828,8-K,2022-04-15,5.02,0000813828-22-000018,viac-20220412.htm,Data\edgar\item5_02_text\813828\0000813828-22-000018_viac-20220412.htm,1
813828,8-K,2023-06-30,5.02,0000813828-23-000021,para-20230628.htm,Data\edgar\item5_02_text\813828\0000813828-23-000021_para-20230628.htm,1
813828,8-K,2023-11-17,"5.02,9.01",0000813828-23-000036,para-20231116.htm,Data\edgar\item5_02_text\813828\0000813828-23-000036_para-20231116.htm,1
815097,8-K,2019-01-16,"5.02,9.01",0001193125-19-010578,d691897d8k.htm,Data\edgar\item5_02_text\815097\0001193125-19-010578_d691897d8k.htm,1
815097,8-K,2020-04-21,"5.02,9.01",0000815097-20-000033,usrelease-bodupdate.htm,Data\edgar\item5_02_text\815097\0000815097-20-000033_usrelease-bodupdate.htm,1
815097,8-K,2020-12-04,5.02,0000815097-20-000111,ccl-20201130.htm,Data\edgar\item5_02_text\815097\0000815097-20-000111_ccl-20201130.htm,1
815097,8-K,2021-03-03,5.02,0000815097-21-000033,ccl-20210301.htm,Data\edgar\item5_02_text\815097\0000815097-21-000033_ccl-20210301.htm,1
815097,8-K,2022-04-27,"5.02,9.01",0001104659-22-051225,tm2213670d1_8k.htm,Data\edgar\item5_02_text\815097\0001104659-22-051225_tm2213670d1_8k.htm,1
815097,8-K,2022-05-16,5.02,0001104659-22-061290,tm2215651d1_8k.htm,Data\edgar\item5_02_text\815097\0001104659-22-061290_tm2215651d1_8k.htm,1
815097,8-K,2022-06-24,5.02,0000815097-22-000047,ccl-20220623.htm,Data\edgar\item5_02_text\815097\0000815097-22-000047_ccl-20220623.htm,1
823768,8-K,2019-02-25,"5.02,9.01",0001104659-19-010295,a19-5282_18k.htm,Data\edgar\item5_02_text\823768\0001104659-19-010295_a19-5282_18k.htm,1
823768,8-K,2019-08-22,"5.02,9.01",0001410578-19-000883,tv528069_8k.htm,Data\edgar\item5_02_text\823768\0001410578-19-000883_tv528069_8k.htm,1
823768,8-K,2020-02-25,"5.02,9.01",0001104659-20-024590,tm207498-2_8k.htm,Data\edgar\item5_02_text\823768\0001104659-20-024590_tm207498-2_8k.htm,1
823768,8-K/A,2020-04-02,"5.02,9.01",0001104659-20-042259,tm2014773-1_8k.htm,Data\edgar\item5_02_text\823768\0001104659-20-042259_tm2014773-1_8k.htm,1
823768,8-K,2021-03-01,"5.02,9.01",0001104659-21-029723,tm216945d2_8k.htm,Data\edgar\item5_02_text\823768\0001104659-21-029723_tm216945d2_8k.htm,1
823768,8-K,2021-03-16,"5.02,9.01",0001104659-21-036763,tm219849d1_8k.htm,Data\edgar\item5_02_text\823768\0001104659-21-036763_tm219849d1_8k.htm,1
831259,8-K/A,2021-11-04,"5.02,8.01",0000831259-21-000035,fcx-20210802.htm,Data\edgar\item5_02_text\831259\0000831259-21-000035_fcx-20210802.htm,1
831259,8-K,2021-12-10,"5.02,9.01",0000831259-21-000040,fcx-20211209.htm,Data\edgar\item5_02_text\831259\0000831259-21-000040_fcx-20211209.htm,1
831259,8-K/A,2022-02-08,"5.02,8.01",0000831259-22-000006,fcx-20211209.htm,Data\edgar\item5_02_text\831259\0000831259-22-000006_fcx-20211209.htm,1
831259,8-K,2022-03-09,5.02,0000831259-22-000015,fcx-20220309.htm,Data\edgar\item5_02_text\831259\0000831259-22-000015_fcx-20220309.htm,1
831259,8-K,2023-02-08,"5.02,9.01",0000831259-23-000007,fcx-20230207.htm,Data\edgar\item5_02_text\831259\0000831259-23-000007_fcx-20230207.htm,1
831259,8-K,2024-02-09,"5.02,9.01",0000831259-24-000005,fcx-20240206.htm,Data\edgar\item5_02_text\831259\0000831259-24-000005_fcx-20240206.htm,1
858877,8-K,2011-02-23,5.02,0001193125-11-043592,d8k.htm,Data\edgar\item5_02_text\858877\0001193125-11-043592_d8k.htm,1
858877,8-K,2011-03-16,"1.01,5.02,8.01,9.01",0001193125-11-067985,d8k.htm,Data\edgar\item5_02_text\858877\0001193125-11-067985_d8k.htm,1
858877,8-K/A,2011-03-22,5.02,0001193125-11-073802,d8ka.htm,Data\edgar\item5_02_text\858877\0001193125-11-073802_d8ka.htm,1
858877,8-K,2011-09-20,"5.02,9.01",0001193125-11-252379,d233696d8k.htm,Data\edgar\item5_02_text\858877\0001193125-11-252379_d233696d8k.htm,1
858877,8-K,2011-12-08,"5.02,5.07,9.01",0001193125-11-335127,d266515d8k.htm,Data\edgar\item5_02_text\858877\0001193125-11-335127_d266515d8k.htm,1
858877,8-K,2012-08-02,5.02,0001193125-12-332045,d389962d8k.htm,Data\edgar\item5_02_text\858877\0001193125-12-332045_d389962d8k.htm,1
858877,8-K,2012-09-19,"5.02,8.01",0001193125-12-396875,d413605d8k.htm,Data\edgar\item5_02_text\858877\0001193125-12-396875_d413605d8k.htm,1
858877,8-K,2012-10-04,"5.02,5.03,9.01",0001193125-12-415386,d420303d8k.htm,Data\edgar\item5_02_text\858877\0001193125-12-415386_d420303d8k.htm,1
872589,8-K,2008-11-20,5.02,0000950123-08-015831,y72730e8vk.htm,Data\edgar\item5_02_text\872589\0000950123-08-015831_y72730e8vk.htm,1
872589,8-K,2010-11-15,"5.02,9.01",0001206774-10-002373,regeneron_8k.htm,Data\edgar\item5_02_text\872589\0001206774-10-002373_regeneron_8k.htm,1
877890,8-K,2011-06-02,"5.02,5.07,9.01",0001193125-11-157124,d8k.htm,Data\edgar\item5_02_text\877890\0001193125-11-157124_d8k.htm,1
877890,8-K,2012-05-31,"5.02,5.07,9.01",0001193125-12-253772,d361291d8k.htm,Data\edgar\item5_02_text\877890\0001193125-12-253772_d361291d8k.htm,1
877890,8-K,2012-09-14,5.02,0001193125-12-391734,d411392d8k.htm,Data\edgar\item5_02_text\877890\0001193125-12-391734_d411392d8k.htm,1
877890,8-K,2013-05-10,"5.02,9.01",0001157523-13-002588,a50629668.htm,Data\edgar\item5_02_text\877890\0001157523-13-002588_a50629668.htm,1
877890,8-K,2013-05-29,"5.02,5.03,5.07,9.01",0001193125-13-239426,d544715d8k.htm,Data\edgar\item5_02_text\877890\0001193125-13-239426_d544715d8k.htm,1
877890,8-K,2013-10-16,"5.02,9.01",0001193125-13-401148,d613499d8k.htm,Data\edgar\item5_02_text\877890\0001193125-13-401148_d613499d8k.htm,1
877890,8-K,2014-12-11,"5.02,7.01,9.01",0001157523-14-004783,a51000556.htm,Data\edgar\item5_02_text\877890\0001157523-14-004783_a51000556.htm,1
877890,8-K,2015-01-13,"5.02,7.01,9.01",0001193125-15-008524,d850948d8k.htm,Data\edgar\item5_02_text\877890\0001193125-15-008524_d850948d8k.htm,1
877890,8-K,2015-02-13,5.02,0001193125-15-048421,d874015d8k.htm,Data\edgar\item5_02_text\877890\0001193125-15-048421_d874015d8k.htm,1
877890,8-K,2015-02-26,5.02,0001193125-15-065855,d881596d8k.htm,Data\edgar\item5_02_text\877890\0001193125-15-065855_d881596d8k.htm,1
877890,8-K,2015-07-28,"1.01,2.02,5.02,9.01",0001193125-15-266066,d154508d8k.htm,Data\edgar\item5_02_text\877890\0001193125-15-266066_d154508d8k.htm,1
877890,8-K,2015-10-02,5.02,0001193125-15-335884,d96454d8k.htm,Data\edgar\item5_02_text\877890\0001193125-15-335884_d96454d8k.htm,1
877890,8-K,2015-10-16,"5.02,9.01",0001193125-15-345782,d49249d8k.htm,Data\edgar\item5_02_text\877890\0001193125-15-345782_d49249d8k.htm,1
877890,8-K,2015-10-21,"2.02,5.02,9.01",0001157523-15-003366,a51206658.htm,Data\edgar\item5_02_text\877890\0001157523-15-003366_a51206658.htm,1
877890,8-K,2015-10-26,"5.02,9.01",0001193125-15-353421,d33904d8k.htm,Data\edgar\item5_02_text\877890\0001193125-15-353421_d33904d8k.htm,1
877890,8-K,2015-10-30,5.02,0001193125-15-360559,d42301d8k.htm,Data\edgar\item5_02_text\877890\0001193125-15-360559_d42301d8k.htm,1
877890,8-K,2015-12-29,"5.02,9.01",0001157523-15-004123,a51250511.htm,Data\edgar\item5_02_text\877890\0001157523-15-004123_a51250511.htm,1
877890,8-K,2016-01-20,"5.02,9.01",0001193125-16-433579,d81279d8k.htm,Data\edgar\item5_02_text\877890\0001193125-16-433579_d81279d8k.htm,1
877890,8-K,2016-04-01,5.02,0001193125-16-527884,d172629d8k.htm,Data\edgar\item5_02_text\877890\0001193125-16-527884_d172629d8k.htm,1
877890,8-K,2016-04-20,"2.02,5.02,9.01",0001157523-16-005150,a51324757.htm,Data\edgar\item5_02_text\877890\0001157523-16-005150_a51324757.htm,1
877890,8-K,2017-01-06,"5.02,8.01,9.01",0001193125-17-004612,d324996d8k.htm,Data\edgar\item5_02_text\877890\0001193125-17-004612_d324996d8k.htm,1
877890,8-K,2017-01-20,"5.02,9.01",0001193125-17-013672,d290685d8k.htm,Data\edgar\item5_02_text\877890\0001193125-17-013672_d290685d8k.htm,1
877890,8-K,2017-02-06,"2.01,5.02,7.01,9.01",0001193125-17-031807,d261814d8k.htm,Data\edgar\item5_02_text\877890\0001193125-17-031807_d261814d8k.htm,1
877890,8-K,2017-06-27,"5.02,5.07,9.01",0001193125-17-214883,d419173d8k.htm,Data\edgar\item5_02_text\877890\0001193125-17-214883_d419173d8k.htm,1
877890,8-K,2017-07-10,"2.02,5.02,9.01",0001193125-17-225256,d421356d8k.htm,Data\edgar\item5_02_text\877890\0001193125-17-225256_d421356d8k.htm,1
877890,8-K,2017-09-20,"5.02,9.01",0001193125-17-289405,d457482d8k.htm,Data\edgar\item5_02_text\877890\0001193125-17-289405_d457482d8k.htm,1
877890,8-K,2017-09-21,"5.02,7.01,9.01",0001193125-17-290475,d456834d8k.htm,Data\edgar\item5_02_text\877890\0001193125-17-290475_d456834d8k.htm,1
877890,8-K,2018-02-05,"5.02,7.01,9.01",0001193125-18-032239,d444495d8k.htm,Data\edgar\item5_02_text\877890\0001193125-18-032239_d444495d8k.htm,1
877890,8-K,2018-04-18,5.02,0001193125-18-121052,d570758d8k.htm,Data\edgar\item5_02_text\877890\0001193125-18-121052_d570758d8k.htm,1
877890,8-K,2018-06-11,"5.02,5.07,9.01",0001193125-18-188778,d603268d8k.htm,Data\edgar\item5_02_text\877890\0001193125-18-188778_d603268d8k.htm,1
877890,8-K,2018-12-11,"5.02,9.01",0001193125-18-346960,d668949d8k.htm,Data\edgar\item5_02_text\877890\0001193125-18-346960_d668949d8k.htm,1
877890,8-K,2019-04-24,"2.02,5.02,8.01,9.01",0001157523-19-000883,a51974231.htm,Data\edgar\item5_02_text\877890\0001157523-19-000883_a51974231.htm,1
877890,8-K,2019-06-06,"5.02,5.07,9.01",0001193125-19-167172,d758546d8k.htm,Data\edgar\item5_02_text\877890\0001193125-19-167172_d758546d8k.htm,1
877890,8-K,2019-07-24,"2.02,5.02,8.01,9.01",0001193125-19-201216,d772801d8k.htm,Data\edgar\item5_02_text\877890\0001193125-19-201216_d772801d8k.htm,1
877890,8-K,2019-08-19,"5.02,7.01,9.01",0001193125-19-224094,d759140d8k.htm,Data\edgar\item5_02_text\877890\0001193125-19-224094_d759140d8k.htm,1
877890,8-K/A,2019-09-20,5.02,0001193125-19-250705,d803650d8ka.htm,Data\edgar\item5_02_text\877890\0001193125-19-250705_d803650d8ka.htm,1
892553,8-K/A,2007-08-06,5.02,0000950152-07-006436,l27402ae8vkza.htm,Data\edgar\item5_02_text\892553\0000950152-07-006436_l27402ae8vkza.htm,1
892553,8-K,2007-08-07,"5.02,5.03,8.01,9.01",0000950152-07-006507,l27383ae8vk.htm,Data\edgar\item5_02_text\892553\0000950152-07-006507_l27383ae8vk.htm,1
892553,8-K,2008-03-03,"1.01,5.02,7.01,9.01",0000950152-08-001622,l30421ae8vk.htm,Data\edgar\item5_02_text\892553\0000950152-08-001622_l30421ae8vk.htm,1
892553,8-K,2009-05-20,"5.02,8.01,9.01",0001193125-09-115885,d8k.htm,Data\edgar\item5_02_text\892553\0001193125-09-115885_d8k.htm,1
896878,8-K,2006-08-17,"5.02,9.01",0000950134-06-016417,f23154e8vk.htm,Data\edgar\item5_02_text\896878\0000950134-06-016417_f23154e8vk.htm,1
896878,8-K,2006-10-27,"1.01,5.02",0000950134-06-019813,f24517e8vk.htm,Data\edgar\item5_02_text\896878\0000950134-06-019813_f24517e8vk.htm,1
896878,8-K,2007-02-28,"5.02,9.01",0000950134-07-004389,f27833e8vk.htm,Data\edgar\item5_02_text\896878\0000950134-07-004389_f27833e8vk.htm,1
896878,8-K,2007-06-11,"5.02,9.01",0000950134-07-013237,f31085e8vk.htm,Data\edgar\item5_02_text\896878\0000950134-07-013237_f31085e8vk.htm,1
896878,8-K,2007-06-14,"5.02,9.01",0000950134-07-013435,f31168e8vk.htm,Data\edgar\item5_02_text\896878\0000950134-07-013435_f31168e8vk.htm,1
896878,8-K,2007-07-30,"5.02,9.01",0000950134-07-016170,f32322e8vk.htm,Data\edgar\item5_02_text\896878\0000950134-07-016170_f32322e8vk.htm,1
896878,8-K,2007-08-22,"2.02,5.02,9.01",0000891618-07-000516,f33043e8vk.htm,Data\edgar\item5_02_text\896878\0000891618-07-000516_f33043e8vk.htm,1
896878,8-K,2007-10-05,"5.02,9.01",0000950134-07-020924,f34301e8vk.htm,Data\edgar\item5_02_text\896878\0000950134-07-020924_f34301e8vk.htm,1
896878,8-K,2007-10-26,5.02,0000950134-07-022010,f34854e8vk.htm,Data\edgar\item5_02_text\896878\0000950134-07-022010_f34854e8vk.htm,1
896878,8-K,2007-11-08,"5.02,9.01",0000950134-07-023354,f35310e8vk.htm,Data\edgar\item5_02_text\896878\0000950134-07-023354_f35310e8vk.htm,1
896878,8-K,2007-12-17,"5.02,9.01",0000950134-07-025545,f36499e8vk.htm,Data\edgar\item5_02_text\896878\0000950134-07-025545_f36499e8vk.htm,1
896878,8-K,2008-02-08,"5.02,9.01",0000950134-08-001977,f37812e8vk.htm,Data\edgar\item5_02_text\896878\0000950134-08-001977_f37812e8vk.htm,1
896878,8-K,2008-07-25,"5.02,9.01",0000950134-08-013312,f42434e8vk.htm,Data\edgar\item5_02_text\896878\0000950134-08-013312_f42434e8vk.htm,1
896878,8-K,2008-10-28,5.02,0000950134-08-018583,f50264e8vk.htm,Data\edgar\item5_02_text\896878\0000950134-08-018583_f50264e8vk.htm,1
896878,8-K,2008-12-02,"5.02,9.01",0000950134-08-021520,f50751e8vk.htm,Data\edgar\item5_02_text\896878\0000950134-08-021520_f50751e8vk.htm,1
896878,8-K,2008-12-19,"5.02,8.01,9.01",0000950134-08-022449,f50905e8vk.htm,Data\edgar\item5_02_text\896878\0000950134-08-022449_f50905e8vk.htm,1
896878,8-K,2012-04-26,"5.02,9.01",0001193125-12-186061,d341240d8k.htm,Data\edgar\item5_02_text\896878\0001193125-12-186061_d341240d8k.htm,1
896878,8-K,2012-07-27,"5.02,8.01,9.01",0001193125-12-319554,d386790d8k.htm,Data\edgar\item5_02_text\896878\0001193125-12-319554_d386790d8k.htm,1
896878,8-K,2013-05-20,"5.02,9.01",0000896878-13-000062,pressrelease05-20x138xkshe.htm,Data\edgar\item5_02_text\896878\0000896878-13-000062_pressrelease05-20x138xkshe.htm,1
896878,8-K,2013-07-19,5.02,0001193125-13-295758,d568831d8k.htm,Data\edgar\item5_02_text\896878\0001193125-13-295758_d568831d8k.htm,1
896878,8-K,2013-07-25,5.02,0001193125-13-302682,d575840d8k.htm,Data\edgar\item5_02_text\896878\0001193125-13-302682_d575840d8k.htm,1
896878,8-K,2014-01-24,"5.02,5.07,9.01",0001193125-14-020495,d660005d8k.htm,Data\edgar\item5_02_text\896878\0001193125-14-020495_d660005d8k.htm,1
896878,8-K,2014-02-11,"2.02,5.02,9.01",0000896878-14-000030,fy14q2earningsupdate8-kshe.htm,Data\edgar\item5_02_text\896878\0000896878-14-000030_fy14q2earningsupdate8-kshe.htm,1
896878,8-K,2014-07-29,"5.02,5.03,8.01,9.01",0001193125-14-284196,d766109d8k.htm,Data\edgar\item5_02_text\896878\0001193125-14-284196_d766109d8k.htm,1
896878,8-K,2014-11-03,"5.02,8.01,9.01",0001193125-14-394221,d815122d8k.htm,Data\edgar\item5_02_text\896878\0001193125-14-394221_d815122d8k.htm,1
896878,8-K,2015-01-23,"5.02,5.07,8.01,9.01",0001193125-15-019001,d857753d8k.htm,Data\edgar\item5_02_text\896878\0001193125-15-019001_d857753d8k.htm,1
896878,8-K,2015-10-30,"5.02,8.01,9.01",0001193125-15-360231,d64564d8k.htm,Data\edgar\item5_02_text\896878\0001193125-15-360231_d64564d8k.htm,1
896878,8-K,2016-05-09,"5.02,5.03,9.01",0000896878-16-000219,a8-kshellfor5x2016vasqueza.htm,Data\edgar\item5_02_text\896878\0000896878-16-000219_a8-kshellfor5x2016vasqueza.htm,1
896878,8-K,2017-07-21,"5.02,9.01",0000896878-17-000080,a8-kshelldeborahliuonboard.htm,Data\edgar\item5_02_text\896878\0000896878-17-000080_a8-kshelldeborahliuonboard.htm,1
896878,8-K,2017-08-22,"2.02,5.02,8.01,9.01",0000896878-17-000117,fy17q4earnings8-kshell.htm,Data\edgar\item5_02_text\896878\0000896878-17-000117_fy17q4earnings8-kshell.htm,1
896878,8-K,2017-10-19,"5.02,8.01,9.01",0000896878-17-000162,a8-kshellboardann101917.htm,Data\edgar\item5_02_text\896878\0000896878-17-000162_a8-kshellboardann101917.htm,1
896878,8-K,2018-01-23,"5.02,5.07,8.01,9.01",0000896878-18-000025,a8-kshell012318.htm,Data\edgar\item5_02_text\896878\0000896878-18-000025_a8-kshell012318.htm,1
896878,8-K,2018-05-22,"2.02,5.02,8.01,9.01",0000896878-18-000073,fy18q3earnings8-kshell.htm,Data\edgar\item5_02_text\896878\0000896878-18-000073_fy18q3earnings8-kshell.htm,1
896878,8-K,2018-08-23,"2.02,5.02,8.01,9.01",0000896878-18-000162,fy18q4earnings8-kshell.htm,Data\edgar\item5_02_text\896878\0000896878-18-000162_fy18q4earnings8-kshell.htm,1
896878,8-K,2018-11-05,"5.02,8.01",0000896878-18-000207,a8-kshell110518.htm,Data\edgar\item5_02_text\896878\0000896878-18-000207_a8-kshell110518.htm,1
896878,8-K,2020-10-20,"5.02,9.01",0000896878-20-000202,intu-20201016.htm,Data\edgar\item5_02_text\896878\0000896878-20-000202_intu-20201016.htm,1
896878,8-K,2021-11-10,5.02,0000896878-21-000255,intu-20211104.htm,Data\edgar\item5_02_text\896878\0000896878-21-000255_intu-20211104.htm,1
896878,8-K,2022-01-24,"5.02,5.07,9.01",0000896878-22-000003,intu-20220120.htm,Data\edgar\item5_02_text\896878\0000896878-22-000003_intu-20220120.htm,1
896878,8-K,2022-05-24,"2.02,5.02,8.01,9.01",0000896878-22-000019,intu-20220524.htm,Data\edgar\item5_02_text\896878\0000896878-22-000019_intu-20220524.htm,1
896878,8-K,2023-02-23,"2.02,5.02,8.01,9.01",0000896878-23-000009,intu-20230223.htm,Data\edgar\item5_02_text\896878\0000896878-23-000009_intu-20230223.htm,1
896878,8-K,2023-05-04,"5.02,9.01",0000896878-23-000016,intu-20230504.htm,Data\edgar\item5_02_text\896878\0000896878-23-000016_intu-20230504.htm,1
896878,8-K,2023-08-14,"5.02,9.01",0000896878-23-000028,intu-20230814.htm,Data\edgar\item5_02_text\896878\0000896878-23-000028_intu-20230814.htm,1
896878,8-K,2024-05-02,"5.02,9.01",0000896878-24-000021,intu-20240502.htm,Data\edgar\item5_02_text\896878\0000896878-24-000021_intu-20240502.htm,1
896878,8-K,2024-07-25,"5.02,9.01",0000896878-24-000032,intu-20240724.htm,Data\edgar\item5_02_text\896878\0000896878-24-000032_intu-20240724.htm,1
896878,8-K,2024-11-04,"5.02,9.01",0000896878-24-000041,intu-20241031.htm,Data\edgar\item5_02_text\896878\0000896878-24-000041_intu-20241031.htm,1
896878,8-K,2025-06-16,5.02,0000896878-25-000027,intu-20250612.htm,Data\edgar\item5_02_text\896878\0000896878-25-000027_intu-20250612.htm,1
908937,8-K,2011-02-15,"2.02,5.02,9.01",0000930413-11-001085,c64388_8k.htm,Data\edgar\item5_02_text\908937\0000930413-11-001085_c64388_8k.htm,1
908937,8-K,2011-04-12,5.02,0000950123-11-034955,y90820e8vk.htm,Data\edgar\item5_02_text\908937\0000950123-11-034955_y90820e8vk.htm,1
908937,8-K,2011-07-22,"5.02,9.01",0000930413-11-004876,c66342_8k.htm,Data\edgar\item5_02_text\908937\0000930413-11-004876_c66342_8k.htm,1
908937,8-K,2011-08-24,"5.02,9.01",0000930413-11-005668,c66772_8-k.htm,Data\edgar\item5_02_text\908937\0000930413-11-005668_c66772_8-k.htm,1
908937,8-K,2012-03-05,"5.02,9.01",0000930413-12-001340,c68784_8k.htm,Data\edgar\item5_02_text\908937\0000930413-12-001340_c68784_8k.htm,1
908937,8-K,2014-12-11,5.02,0000930413-14-004831,c79487_8k.htm,Data\edgar\item5_02_text\908937\0000930413-14-004831_c79487_8k.htm,1
908937,8-K,2015-05-21,"5.02,5.07,9.01",0000930413-15-002576,c81485_8k.htm,Data\edgar\item5_02_text\908937\0000930413-15-002576_c81485_8k.htm,1
908937,8-K,2015-06-23,"5.02,9.01",0000930413-15-002882,c81795_8k.htm,Data\edgar\item5_02_text\908937\0000930413-15-002882_c81795_8k.htm,1
908937,8-K,2015-06-30,"5.02,9.01",0000930413-15-002950,c81858_8k.htm,Data\edgar\item5_02_text\908937\0000930413-15-002950_c81858_8k.htm,1
908937,8-K,2015-07-08,"5.02,9.01",0000930413-15-003027,c81935_8k.htm,Data\edgar\item5_02_text\908937\0000930413-15-003027_c81935_8k.htm,1
908937,8-K,2015-08-13,"5.02,9.01",0000930413-15-003326,c82186_8k.htm,Data\edgar\item5_02_text\908937\0000930413-15-003326_c82186_8k.htm,1
908937,8-K,2016-02-22,5.02,0000930413-16-005595,c84068_8k.htm,Data\edgar\item5_02_text\908937\0000930413-16-005595_c84068_8k.htm,1
908937,8-K,2018-01-11,"5.02,9.01",0000908937-18-000005,siri-20180111x8xk.htm,Data\edgar\item5_02_text\908937\0000908937-18-000005_siri-20180111x8xk.htm,1
908937,8-K,2018-01-23,5.02,0000908937-18-000008,siri-20180123x8xk.htm,Data\edgar\item5_02_text\908937\0000908937-18-000008_siri-20180123x8xk.htm,1
912752,8-K,2019-01-30,"5.02,9.01",0000912752-19-000004,a20198-kbensonleggboardapp.htm,Data\edgar\item5_02_text\912752\0000912752-19-000004_a20198-kbensonleggboardapp.htm,1
912752,8-K,2019-11-21,"5.02,9.01",0000912752-19-000072,form8-kxexecutiveretir.htm,Data\edgar\item5_02_text\912752\0000912752-19-000072_form8-kxexecutiveretir.htm,1
912752,8-K,2021-04-14,"5.02,5.03",0000912752-21-000028,sbgi-20210408.htm,Data\edgar\item5_02_text\912752\0000912752-21-000028_sbgi-20210408.htm,1
912752,8-K,2021-05-25,5.02,0000912752-21-000046,sbgi-20210521.htm,Data\edgar\item5_02_text\912752\0000912752-21-000046_sbgi-20210521.htm,1
912752,8-K,2022-06-09,"5.02,5.07,9.01",0000912752-22-000049,sbgi-20220609.htm,Data\edgar\item5_02_text\912752\0000912752-22-000049_sbgi-20220609.htm,1
920522,8-K,2012-12-10,"1.01,5.02,9.01",0001140361-12-050307,form8k.htm,Data\edgar\item5_02_text\920522\0001140361-12-050307_form8k.htm,1
920522,8-K,2013-03-18,"1.01,5.02,9.01",0001140361-13-012917,form8k.htm,Data\edgar\item5_02_text\920522\0001140361-13-012917_form8k.htm,1
920522,8-K,2013-05-17,"5.02,5.03,5.07,9.01",0001140361-13-021459,form8k.htm,Data\edgar\item5_02_text\920522\0001140361-13-021459_form8k.htm,1
920522,8-K,2013-08-06,5.02,0001140361-13-030591,form8k.htm,Data\edgar\item5_02_text\920522\0001140361-13-030591_form8k.htm,1
920522,8-K,2014-01-31,"1.01,2.03,5.02,9.01",0001140361-14-003902,form8k.htm,Data\edgar\item5_02_text\920522\0001140361-14-003902_form8k.htm,1
920522,8-K,2014-04-01,"2.01,5.02,7.01,8.01,9.01",0001140361-14-015094,form8k.htm,Data\edgar\item5_02_text\920522\0001140361-14-015094_form8k.htm,1
920522,8-K,2014-12-22,5.02,0001140361-14-046028,form8k.htm,Data\edgar\item5_02_text\920522\0001140361-14-046028_form8k.htm,1
920522,8-K,2015-05-07,"5.02,9.01",0000920522-15-000011,ess8-kdraftxmanagementtran.htm,Data\edgar\item5_02_text\920522\0000920522-15-000011_ess8-kdraftxmanagementtran.htm,1
920522,8-K,2015-08-18,5.02,0001140361-15-032543,form8k.htm,Data\edgar\item5_02_text\920522\0001140361-15-032543_form8k.htm,1
920760,8-K,2022-03-04,"5.02,9.01",0001193125-22-066148,d320216d8k.htm,Data\edgar\item5_02_text\920760\0001193125-22-066148_d320216d8k.htm,1
920760,8-K,2022-04-06,"5.02,9.01",0001628280-22-008548,len-20220406.htm,Data\edgar\item5_02_text\920760\0001628280-22-008548_len-20220406.htm,1
920760,8-K,2022-04-14,"5.02,5.07,9.01",0001628280-22-009207,len-20220412.htm,Data\edgar\item5_02_text\920760\0001628280-22-009207_len-20220412.htm,1
920760,8-K,2022-11-21,"5.02,9.01",0001193125-22-290031,d386121d8k.htm,Data\edgar\item5_02_text\920760\0001193125-22-290031_d386121d8k.htm,1
920760,8-K,2023-03-06,"5.02,9.01",0001193125-23-061576,d444988d8k.htm,Data\edgar\item5_02_text\920760\0001193125-23-061576_d444988d8k.htm,1
920760,8-K,2023-07-14,"5.02,9.01",0001628280-23-024926,len-20230714.htm,Data\edgar\item5_02_text\920760\0001628280-23-024926_len-20230714.htm,1
920760,8-K,2023-08-03,"5.02,9.01",0001628280-23-027264,len-20230731.htm,Data\edgar\item5_02_text\920760\0001628280-23-027264_len-20230731.htm,1
920760,8-K,2023-09-20,"5.02,9.01",0001628280-23-032661,len-20230918.htm,Data\edgar\item5_02_text\920760\0001628280-23-032661_len-20230918.htm,1
943452,8-K,2020-05-07,"5.02,9.01",0001140361-20-010932,form8k.htm,Data\edgar\item5_02_text\943452\0001140361-20-010932_form8k.htm,1
943452,8-K,2020-05-20,"5.02,5.07,9.01",0001140361-20-012015,form8k.htm,Data\edgar\item5_02_text\943452\0001140361-20-012015_form8k.htm,1
943452,8-K,2020-08-04,5.02,0001140361-20-017477,brhc10014086_form8k.htm,Data\edgar\item5_02_text\943452\0001140361-20-017477_brhc10014086_form8k.htm,1
943452,8-K,2020-12-10,"5.02,9.01",0001140361-20-027975,brhc10017815_8k.htm,Data\edgar\item5_02_text\943452\0001140361-20-027975_brhc10017815_8k.htm,1
943452,8-K,2021-02-18,"5.02,5.03,9.01",0001140361-21-005371,brhc10020545_8k.htm,Data\edgar\item5_02_text\943452\0001140361-21-005371_brhc10020545_8k.htm,1
943452,8-K,2021-05-21,"5.02,5.07",0001140361-21-018288,brhc10024960_8k.htm,Data\edgar\item5_02_text\943452\0001140361-21-018288_brhc10024960_8k.htm,1
943452,8-K,2021-07-08,"5.02,9.01",0001140361-21-023780,brhc10026725_8k.htm,Data\edgar\item5_02_text\943452\0001140361-21-023780_brhc10026725_8k.htm,1
943452,8-K,2021-08-12,"5.02,7.01,9.01",0001140361-21-028111,brhc10027999_8k.htm,Data\edgar\item5_02_text\943452\0001140361-21-028111_brhc10027999_8k.htm,1
943452,8-K,2021-09-14,5.02,0001140361-21-031241,brhc10028941_8k.htm,Data\edgar\item5_02_text\943452\0001140361-21-031241_brhc10028941_8k.htm,1
943452,8-K,2022-04-06,"5.02,9.01",0001140361-22-013268,brhc10036113_8k.htm,Data\edgar\item5_02_text\943452\0001140361-22-013268_brhc10036113_8k.htm,1
943452,8-K,2022-05-24,"5.02,5.07",0001140361-22-020352,brhc10038011_8k.htm,Data\edgar\item5_02_text\943452\0001140361-22-020352_brhc10038011_8k.htm,1
943452,8-K,2022-07-01,"5.02,9.01",0001140361-22-024697,brhc10039263_8k.htm,Data\edgar\item5_02_text\943452\0001140361-22-024697_brhc10039263_8k.htm,1
943452,8-K,2022-12-07,"5.02,9.01",0001140361-22-044669,brhc10045145_8k.htm,Data\edgar\item5_02_text\943452\0001140361-22-044669_brhc10045145_8k.htm,1
1000228,8-K,2021-12-08,"5.02,9.01",0001193125-21-350793,d263555d8k.htm,Data\edgar\item5_02_text\1000228\0001193125-21-350793_d263555d8k.htm,1
1000228,8-K,2022-01-05,"5.02,7.01,9.01",0001193125-22-002148,d207148d8k.htm,Data\edgar\item5_02_text\1000228\0001193125-22-002148_d207148d8k.htm,1
1000228,8-K,2022-04-04,"5.02,7.01,9.01",0001193125-22-094333,d337149d8k.htm,Data\edgar\item5_02_text\1000228\0001193125-22-094333_d337149d8k.htm,1
1000228,8-K,2022-11-29,"5.02,9.01",0001193125-22-293869,d420796d8k.htm,Data\edgar\item5_02_text\1000228\0001193125-22-293869_d420796d8k.htm,1
1000228,8-K,2023-05-25,"5.02,5.07,9.01",0001193125-23-154352,d476925d8k.htm,Data\edgar\item5_02_text\1000228\0001193125-23-154352_d476925d8k.htm,1
1000228,8-K,2023-11-16,"3.01,5.02,9.01",0001193125-23-278944,d297418d8k.htm,Data\edgar\item5_02_text\1000228\0001193125-23-278944_d297418d8k.htm,1
1000228,8-K,2023-12-18,"5.02,9.01",0001193125-23-297629,d27795d8k.htm,Data\edgar\item5_02_text\1000228\0001193125-23-297629_d27795d8k.htm,1
1000228,8-K,2024-05-24,"5.02,5.07,9.01",0001193125-24-147029,d682449d8k.htm,Data\edgar\item5_02_text\1000228\0001193125-24-147029_d682449d8k.htm,1
1001039,8-K,2006-12-15,"5.02,9.01",0001193125-06-254494,d8k.htm,Data\edgar\item5_02_text\1001039\0001193125-06-254494_d8k.htm,1
1001039,8-K,2007-03-13,"5.02,9.01",0001193125-07-053319,d8k.htm,Data\edgar\item5_02_text\1001039\0001193125-07-053319_d8k.htm,1
1001039,8-K,2007-05-02,5.02,0001001039-07-000153,form8kmay0207.htm,Data\edgar\item5_02_text\1001039\0001001039-07-000153_form8kmay0207.htm,1
1001039,8-K,2008-02-01,"5.02,9.01",0001193125-08-017986,d8k.htm,Data\edgar\item5_02_text\1001039\0001193125-08-017986_d8k.htm,1
1001039,8-K,2008-03-11,"5.02,9.01",0001193125-08-052734,d8k.htm,Data\edgar\item5_02_text\1001039\0001193125-08-052734_d8k.htm,1
1001039,8-K,2008-10-08,"5.02,9.01",0001193125-08-208064,d8k.htm,Data\edgar\item5_02_text\1001039\0001193125-08-208064_d8k.htm,1
1001082,8-K,2022-01-04,5.02,0001001082-22-000006,dish-20211230x8k.htm,Data\edgar\item5_02_text\1001082\0001001082-22-000006_dish-20211230x8k.htm,1
1001082,8-K,2022-03-31,5.02,0001001082-22-000013,dish-20220329x8k.htm,Data\edgar\item5_02_text\1001082\0001001082-22-000013_dish-20220329x8k.htm,1
1001082,8-K,2023-01-10,"5.02,9.01",0001001082-23-000008,dish-20230109x8k.htm,Data\edgar\item5_02_text\1001082\0001001082-23-000008_dish-20230109x8k.htm,1
1001082,8-K,2023-06-23,"5.02,9.01",0001001082-23-000031,dish-20230619x8k.htm,Data\edgar\item5_02_text\1001082\0001001082-23-000031_dish-20230619x8k.htm,1
1001082,8-K,2023-08-08,"1.01,3.02,5.02,7.01,8.01",0001104659-23-088620,tm2323111d2_8k.htm,Data\edgar\item5_02_text\1001082\0001104659-23-088620_tm2323111d2_8k.htm,1
1001082,8-K,2023-10-03,"1.01,5.02,8.01,9.01",0001104659-23-106153,tm2326296d1_8k.htm,Data\edgar\item5_02_text\1001082\0001104659-23-106153_tm2326296d1_8k.htm,1
1001082,8-K,2023-11-06,5.02,0001104659-23-114464,tm2329920d1_8k.htm,Data\edgar\item5_02_text\1001082\0001104659-23-114464_tm2329920d1_8k.htm,1
1001082,8-K,2023-11-13,"5.02,7.01,9.01",0001104659-23-116755,tm2323753d3_8k.htm,Data\edgar\item5_02_text\1001082\0001104659-23-116755_tm2323753d3_8k.htm,1
1001250,8-K,2021-07-16,"5.02,9.01",0001001250-21-000111,el-20210713.htm,Data\edgar\item5_02_text\1001250\0001001250-21-000111_el-20210713.htm,1
1001250,8-K,2021-10-26,5.02,0001001250-21-000168,el-20211021.htm,Data\edgar\item5_02_text\1001250\0001001250-21-000168_el-20211021.htm,1
1001250,8-K,2022-02-24,"5.02,9.01",0001001250-22-000020,el-20220222.htm,Data\edgar\item5_02_text\1001250\0001001250-22-000020_el-20220222.htm,1
1001250,8-K,2022-02-28,"5.02,9.01",0001001250-22-000023,el-20220228.htm,Data\edgar\item5_02_text\1001250\0001001250-22-000023_el-20220228.htm,1
1001250,8-K,2022-04-25,"5.02,9.01",0001001250-22-000048,el-20220425.htm,Data\edgar\item5_02_text\1001250\0001001250-22-000048_el-20220425.htm,1
1001250,8-K,2022-07-11,"5.02,9.01",0001001250-22-000105,el-20220711.htm,Data\edgar\item5_02_text\1001250\0001001250-22-000105_el-20220711.htm,1
1001250,8-K,2022-07-22,"5.02,9.01",0001001250-22-000114,el-20220718.htm,Data\edgar\item5_02_text\1001250\0001001250-22-000114_el-20220718.htm,1
1001250,8-K,2023-08-24,"5.02,9.01",0001001250-23-000119,el-20230822.htm,Data\edgar\item5_02_text\1001250\0001001250-23-000119_el-20230822.htm,1
1002517,8-K,2012-12-13,5.02,0001193125-12-501951,d453281d8k.htm,Data\edgar\item5_02_text\1002517\0001193125-12-501951_d453281d8k.htm,1
1002517,8-K,2013-01-18,"1.01,5.02",0001193125-13-017607,d469550d8k.htm,Data\edgar\item5_02_text\1002517\0001193125-13-017607_d469550d8k.htm,1
1002517,8-K,2013-10-08,"5.02,9.01",0001193125-13-393693,d609863d8k.htm,Data\edgar\item5_02_text\1002517\0001193125-13-393693_d609863d8k.htm,1
1002517,8-K,2013-11-18,5.02,0001002517-13-000053,november1820138-k.htm,Data\edgar\item5_02_text\1002517\0001002517-13-000053_november1820138-k.htm,1
1002517,8-K,2013-12-03,5.02,0001002517-13-000062,nuance-form8xknovember2720.htm,Data\edgar\item5_02_text\1002517\0001002517-13-000062_nuance-form8xknovember2720.htm,1
1002517,8-K,2014-01-21,"2.02,5.02,9.01",0001002517-14-000003,nuanceform8-kjanuary212014.htm,Data\edgar\item5_02_text\1002517\0001002517-14-000003_nuanceform8-kjanuary212014.htm,1
1002517,8-K,2014-03-13,5.02,0001002517-14-000016,nuance-form8xkmarch122014.htm,Data\edgar\item5_02_text\1002517\0001002517-14-000016_nuance-form8xkmarch122014.htm,1
1002517,8-K,2014-05-06,5.02,0001002517-14-000020,nuanceform8-kmay62014.htm,Data\edgar\item5_02_text\1002517\0001002517-14-000020_nuanceform8-kmay62014.htm,1
1002517,8-K,2014-08-22,5.02,0001193125-14-318861,d779274d8k.htm,Data\edgar\item5_02_text\1002517\0001193125-14-318861_d779274d8k.htm,1
1002517,8-K,2014-10-10,5.02,0001002517-14-000040,nuanceform8-koctober102014.htm,Data\edgar\item5_02_text\1002517\0001002517-14-000040_nuanceform8-koctober102014.htm,1
1002517,8-K,2014-12-01,5.02,0001002517-14-000051,nuance8-kdecember12014.htm,Data\edgar\item5_02_text\1002517\0001002517-14-000051_nuance8-kdecember12014.htm,1
1002517,8-K,2015-01-30,"5.02,5.07",0001002517-15-000004,a8k-annualmeetingofstockho.htm,Data\edgar\item5_02_text\1002517\0001002517-15-000004_a8k-annualmeetingofstockho.htm,1
1002517,8-K,2015-05-01,"5.02,9.01",0001193125-15-166554,d919953d8k.htm,Data\edgar\item5_02_text\1002517\0001193125-15-166554_d919953d8k.htm,1
1002517,8-K,2015-06-24,5.02,0001193125-15-233526,d949102d8k.htm,Data\edgar\item5_02_text\1002517\0001193125-15-233526_d949102d8k.htm,1
1002517,8-K,2015-07-21,"2.02,5.02,9.01",0001193125-15-258580,d59687d8k.htm,Data\edgar\item5_02_text\1002517\0001193125-15-258580_d59687d8k.htm,1
1041061,8-K,2021-02-02,5.02,0001041061-21-000003,yum-20210202.htm,Data\edgar\item5_02_text\1041061\0001041061-21-000003_yum-20210202.htm,1
1041061,8-K,2021-09-22,5.02,0001041061-21-000048,yum-20210917.htm,Data\edgar\item5_02_text\1041061\0001041061-21-000048_yum-20210917.htm,1
1041061,8-K,2022-12-23,5.02,0001104659-22-129816,tm2233338d1_8k.htm,Data\edgar\item5_02_text\1041061\0001104659-22-129816_tm2233338d1_8k.htm,1
1041061,8-K,2023-06-29,5.02,0001041061-23-000033,yum-20230627.htm,Data\edgar\item5_02_text\1041061\0001041061-23-000033_yum-20230627.htm,1
1041061,8-K,2023-07-19,5.02,0001041061-23-000035,yum-20230718.htm,Data\edgar\item5_02_text\1041061\0001041061-23-000035_yum-20230718.htm,1
1041061,8-K/A,2023-08-17,5.02,0001041061-23-000043,yum-20230718.htm,Data\edgar\item5_02_text\1041061\0001041061-23-000043_yum-20230718.htm,1
1048911,8-K,2009-06-09,"5.02,9.01",0000950123-09-012599,c86509e8vk.htm,Data\edgar\item5_02_text\1048911\0000950123-09-012599_c86509e8vk.htm,1
1048911,8-K,2009-09-22,5.02,0000950123-09-044728,c90386e8vk.htm,Data\edgar\item5_02_text\1048911\0000950123-09-044728_c90386e8vk.htm,1
1048911,8-K,2009-11-03,5.02,0000950123-09-056728,c91825e8vk.htm,Data\edgar\item5_02_text\1048911\0000950123-09-056728_c91825e8vk.htm,1
1048911,8-K,2010-06-16,"2.02,5.02,9.01",0000950123-10-058498,c02434e8vk.htm,Data\edgar\item5_02_text\1048911\0000950123-10-058498_c02434e8vk.htm,1
1048911,8-K,2010-09-30,"5.02,5.07,9.01",0000950123-10-090493,c06437e8vk.htm,Data\edgar\item5_02_text\1048911\0000950123-10-090493_c06437e8vk.htm,1
1051470,8-K,2012-02-24,"5.02,9.01",0001193125-12-078385,d306456d8k.htm,Data\edgar\item5_02_text\1051470\0001193125-12-078385_d306456d8k.htm,1
1051470,8-K,2013-02-27,"5.02,9.01",0001193125-13-080108,d491261d8k.htm,Data\edgar\item5_02_text\1051470\0001193125-13-080108_d491261d8k.htm,1
1051470,8-K/A,2013-05-29,"5.02,9.01",0000950157-13-000209,form8k-a.htm,Data\edgar\item5_02_text\1051470\0000950157-13-000209_form8k-a.htm,1
1051470,8-K,2014-02-21,"5.02,7.01,9.01",0001193125-14-062781,d681431d8k.htm,Data\edgar\item5_02_text\1051470\0001193125-14-062781_d681431d8k.htm,1
1051470,8-K,2014-02-26,"5.02,9.01",0001193125-14-069855,d685453d8k.htm,Data\edgar\item5_02_text\1051470\0001193125-14-069855_d685453d8k.htm,1
1058290,8-K,2018-06-07,"5.02,5.03,5.07,9.01",0001058290-18-000019,form8-kx20180605.htm,Data\edgar\item5_02_text\1058290\0001058290-18-000019_form8-kx20180605.htm,1
1058290,8-K,2018-06-13,5.02,0001058290-18-000021,form8-kx20180612.htm,Data\edgar\item5_02_text\1058290\0001058290-18-000021_form8-kx20180612.htm,1
1058290,8-K,2018-11-05,5.02,0001058290-18-000044,a8-kx10302018.htm,Data\edgar\item5_02_text\1058290\0001058290-18-000044_a8-kx10302018.htm,1
1058290,8-K,2019-02-06,"2.02,5.02,7.01,9.01",0001058290-19-000006,earningsrelease123118.htm,Data\edgar\item5_02_text\1058290\0001058290-19-000006_earningsrelease123118.htm,1
1058290,8-K,2019-07-18,5.02,0001058290-19-000021,form8-kx20190716.htm,Data\edgar\item5_02_text\1058290\0001058290-19-000021_form8-kx20190716.htm,1
1058290,8-K,2019-09-20,5.02,0001058290-19-000028,form8-kx20190917.htm,Data\edgar\item5_02_text\1058290\0001058290-19-000028_form8-kx20190917.htm,1
1058290,8-K/A,2019-09-23,5.02,0001058290-19-000030,form8-kax20190916.htm,Data\edgar\item5_02_text\1058290\0001058290-19-000030_form8-kax20190916.htm,1
1058290,8-K,2019-12-06,5.02,0001058290-19-000038,form8-kx20191202.htm,Data\edgar\item5_02_text\1058290\0001058290-19-000038_form8-kx20191202.htm,1
1058290,8-K,2020-02-05,"2.02,5.02,7.01,9.01",0001058290-20-000004,earningsrelease123119.htm,Data\edgar\item5_02_text\1058290\0001058290-20-000004_earningsrelease123119.htm,1
1058290,8-K,2020-03-09,5.02,0001058290-20-000013,ctsh-20200305.htm,Data\edgar\item5_02_text\1058290\0001058290-20-000013_ctsh-20200305.htm,1
1058290,8-K,2020-07-29,"5.02,9.01",0001206774-20-002232,ctsh3788061-8k.htm,Data\edgar\item5_02_text\1058290\0001206774-20-002232_ctsh3788061-8k.htm,1
1060391,8-K,2011-11-30,5.02,0001193125-11-326028,d263609d8k.htm,Data\edgar\item5_02_text\1060391\0001193125-11-326028_d263609d8k.htm,1
1060391,8-K,2011-12-22,"5.02,9.01",0001193125-11-350759,d273136d8k.htm,Data\edgar\item5_02_text\1060391\0001193125-11-350759_d273136d8k.htm,1
1060391,8-K,2012-03-30,"5.02,9.01",0001193125-12-144048,d328277d8k.htm,Data\edgar\item5_02_text\1060391\0001193125-12-144048_d328277d8k.htm,1
1060391,8-K,2012-04-26,"5.02,9.01",0001193125-12-186198,d341816d8k.htm,Data\edgar\item5_02_text\1060391\0001193125-12-186198_d341816d8k.htm,1
1060391,8-K,2012-06-25,"5.02,9.01",0001193125-12-282327,d371544d8k.htm,Data\edgar\item5_02_text\1060391\0001193125-12-282327_d371544d8k.htm,1
1060391,8-K,2012-08-21,"5.02,9.01",0001060391-12-000012,a8-kboucherxops.htm,Data\edgar\item5_02_text\1060391\0001060391-12-000012_a8-kboucherxops.htm,1
1060391,8-K,2012-12-18,"5.02,9.01",0001060391-12-000023,culpepper8-k.htm,Data\edgar\item5_02_text\1060391\0001060391-12-000023_culpepper8-k.htm,1
1060391,8-K,2013-04-29,5.02,0001060391-13-000021,a8-kgoebelcao.htm,Data\edgar\item5_02_text\1060391\0001060391-13-000021_a8-kgoebelcao.htm,1
1060391,8-K,2013-08-26,"5.02,8.01,9.01",0001060391-13-000035,form8-knewboardmembers8x23.htm,Data\edgar\item5_02_text\1060391\0001060391-13-000035_form8-knewboardmembers8x23.htm,1
1060391,8-K,2013-10-10,"5.02,9.01",0001060391-13-000038,a8-kcooretirementannouncme.htm,Data\edgar\item5_02_text\1060391\0001060391-13-000038_a8-kcooretirementannouncme.htm,1
1060391,8-K,2014-02-12,5.02,0001060391-14-000007,a8-kwickhamresignation2x11.htm,Data\edgar\item5_02_text\1060391\0001060391-14-000007_a8-kwickhamresignation2x11.htm,1
1060391,8-K/A,2017-02-17,5.02,0001060391-17-000013,form8-knewboardmember2x16x.htm,Data\edgar\item5_02_text\1060391\0001060391-17-000013_form8-knewboardmember2x16x.htm,1
1060391,8-K,2017-07-31,"5.02,8.01,9.01",0001060391-17-000039,form8-knewboardmember7x31x.htm,Data\edgar\item5_02_text\1060391\0001060391-17-000039_form8-knewboardmember7x31x.htm,1
1060391,8-K,2017-12-07,"5.02,9.01",0001193125-17-363416,d502515d8k.htm,Data\edgar\item5_02_text\1060391\0001193125-17-363416_d502515d8k.htm,1
1060391,8-K/A,2018-02-09,5.02,0001193125-18-036970,d442262d8ka.htm,Data\edgar\item5_02_text\1060391\0001193125-18-036970_d442262d8ka.htm,1
1060391,8-K,2018-07-17,"5.02,8.01,9.01",0001193125-18-219719,d521065d8k.htm,Data\edgar\item5_02_text\1060391\0001193125-18-219719_d521065d8k.htm,1
1060391,8-K,2018-10-01,"5.02,8.01,9.01",0001193125-18-288678,d625853d8k.htm,Data\edgar\item5_02_text\1060391\0001193125-18-288678_d625853d8k.htm,1
1060391,8-K,2019-05-01,"5.02,9.01",0001193125-19-133178,d739771d8k.htm,Data\edgar\item5_02_text\1060391\0001193125-19-133178_d739771d8k.htm,1
1060391,8-K,2020-03-03,5.02,0001193125-20-060522,d895651d8k.htm,Data\edgar\item5_02_text\1060391\0001193125-20-060522_d895651d8k.htm,1
1060391,8-K,2020-05-21,"5.02,8.01,9.01",0001060391-20-000039,rsg-20200520.htm,Data\edgar\item5_02_text\1060391\0001060391-20-000039_rsg-20200520.htm,1
1060391,8-K/A,2020-06-04,5.02,0001060391-20-000042,rsg-20200520.htm,Data\edgar\item5_02_text\1060391\0001060391-20-000042_rsg-20200520.htm,1
1060391,8-K,2020-07-30,"5.02,8.01,9.01",0001060391-20-000048,rsg-20200728.htm,Data\edgar\item5_02_text\1060391\0001060391-20-000048_rsg-20200728.htm,1
1060391,8-K,2021-02-17,5.02,0001060391-21-000005,rsg-20210211.htm,Data\edgar\item5_02_text\1060391\0001060391-21-000005_rsg-20210211.htm,1
1060391,8-K,2021-03-26,"5.02,8.01,9.01",0001193125-21-095518,d103941d8k.htm,Data\edgar\item5_02_text\1060391\0001193125-21-095518_d103941d8k.htm,1
1060391,8-K,2021-03-30,"5.02,9.01",0001193125-21-100584,d163151d8k.htm,Data\edgar\item5_02_text\1060391\0001193125-21-100584_d163151d8k.htm,1
1060391,8-K,2021-06-28,5.02,0001060391-21-000027,rsg-20210625.htm,Data\edgar\item5_02_text\1060391\0001060391-21-000027_rsg-20210625.htm,1
1067837,8-K,2017-11-17,"1.01,2.01,2.03,5.02,5.03,8.01,9.01",0001193125-17-347026,d683081d8k.htm,Data\edgar\item5_02_text\1067837\0001193125-17-347026_d683081d8k.htm,1
1067837,8-K,2018-10-16,5.02,0001193125-18-300274,d621680d8k.htm,Data\edgar\item5_02_text\1067837\0001193125-18-300274_d621680d8k.htm,1
1067837,8-K,2018-12-04,"5.02,9.01",0001193125-18-342316,d588661d8k.htm,Data\edgar\item5_02_text\1067837\0001193125-18-342316_d588661d8k.htm,1
1067837,8-K,2018-12-21,"5.02,5.05,9.01",0001193125-18-356367,d674333d8k.htm,Data\edgar\item5_02_text\1067837\0001193125-18-356367_d674333d8k.htm,1
1067837,8-K,2019-09-27,5.02,0001193125-19-256917,d796156d8k.htm,Data\edgar\item5_02_text\1067837\0001193125-19-256917_d796156d8k.htm,1
1067837,8-K,2019-10-24,"5.02,5.03,9.01",0001193125-19-273550,d812387d8k.htm,Data\edgar\item5_02_text\1067837\0001193125-19-273550_d812387d8k.htm,1
1067837,8-K,2020-02-21,5.02,0001193125-20-044811,d819261d8k.htm,Data\edgar\item5_02_text\1067837\0001193125-20-044811_d819261d8k.htm,1
1067837,8-K,2020-03-06,"5.02,9.01",0001193125-20-064544,d883612d8k.htm,Data\edgar\item5_02_text\1067837\0001193125-20-064544_d883612d8k.htm,1
1067837,8-K,2020-04-09,"1.01,2.05,5.02,9.01",0001193125-20-102721,d888724d8k.htm,Data\edgar\item5_02_text\1067837\0001193125-20-102721_d888724d8k.htm,1
1091667,8-K,2007-03-14,"5.02,9.01",0001091667-07-000050,body.htm,Data\edgar\item5_02_text\1091667\0001091667-07-000050_body.htm,1
1091667,8-K,2007-12-06,"5.02,9.01",0001091667-07-000222,body.htm,Data\edgar\item5_02_text\1091667\0001091667-07-000222_body.htm,1
1091667,8-K,2007-12-14,5.02,0001091667-07-000230,body.htm,Data\edgar\item5_02_text\1091667\0001091667-07-000230_body.htm,1
1091667,8-K,2008-03-11,"5.02,9.01",0001091667-08-000035,body.htm,Data\edgar\item5_02_text\1091667\0001091667-08-000035_body.htm,1
1091667,8-K,2008-03-11,"5.02,7.01,8.01,9.01",0001091667-08-000034,body.htm,Data\edgar\item5_02_text\1091667\0001091667-08-000034_body.htm,1
1091667,8-K,2008-03-24,"5.02,8.01,9.01",0001271834-08-000003,body.htm,Data\edgar\item5_02_text\1091667\0001271834-08-000003_body.htm,1
1091667,8-K,2008-04-08,5.02,0001271834-08-000007,body.htm,Data\edgar\item5_02_text\1091667\0001271834-08-000007_body.htm,1
1091667,8-K,2008-06-23,"5.02,9.01",0001091667-08-000129,body.htm,Data\edgar\item5_02_text\1091667\0001091667-08-000129_body.htm,1
1091667,8-K,2008-07-08,5.02,0001091667-08-000143,body.htm,Data\edgar\item5_02_text\1091667\0001091667-08-000143_body.htm,1
1091667,8-K,2008-09-30,"5.02,9.01",0001091667-08-000171,body.htm,Data\edgar\item5_02_text\1091667\0001091667-08-000171_body.htm,1
1091667,8-K,2008-12-05,"5.02,9.01",0001091667-08-000197,body.htm,Data\edgar\item5_02_text\1091667\0001091667-08-000197_body.htm,1
1091667,8-K,2008-12-11,"5.02,8.01,9.01",0001091667-08-000201,body.htm,Data\edgar\item5_02_text\1091667\0001091667-08-000201_body.htm,1
1091667,8-K,2009-01-14,5.02,0001091667-09-000003,body.htm,Data\edgar\item5_02_text\1091667\0001091667-09-000003_body.htm,1
1091667,8-K,2011-04-29,"5.02,5.07",0001091667-11-000079,body.htm,Data\edgar\item5_02_text\1091667\0001091667-11-000079_body.htm,1
1091667,8-K,2011-09-02,"5.02,9.01",0001091667-11-000116,body.htm,Data\edgar\item5_02_text\1091667\0001091667-11-000116_body.htm,1
1091667,8-K,2011-10-11,"5.02,9.01",0001091667-11-000130,body.htm,Data\edgar\item5_02_text\1091667\0001091667-11-000130_body.htm,1
1091667,8-K,2011-12-19,"5.02,8.01,9.01",0001091667-11-000162,body.htm,Data\edgar\item5_02_text\1091667\0001091667-11-000162_body.htm,1
1091667,8-K,2012-01-20,5.02,0001091667-12-000008,body.htm,Data\edgar\item5_02_text\1091667\0001091667-12-000008_body.htm,1
1091667,8-K,2012-02-13,5.02,0001091667-12-000014,body.htm,Data\edgar\item5_02_text\1091667\0001091667-12-000014_body.htm,1
1091667,8-K,2012-05-01,"5.02,8.01,9.01",0001091667-12-000050,chtr51128-k.htm,Data\edgar\item5_02_text\1091667\0001091667-12-000050_chtr51128-k.htm,1
1091667,8-K,2012-06-11,"5.02,9.01",0001091667-12-000100,chtr68128-k.htm,Data\edgar\item5_02_text\1091667\0001091667-12-000100_chtr68128-k.htm,1
1091667,8-K,2012-08-03,5.02,0001091667-12-000109,chtr83128-k.htm,Data\edgar\item5_02_text\1091667\0001091667-12-000109_chtr83128-k.htm,1
1091667,8-K,2012-08-16,"5.02,8.01,9.01",0001091667-12-000122,chtr815128-k.htm,Data\edgar\item5_02_text\1091667\0001091667-12-000122_chtr815128-k.htm,1
1091667,8-K,2013-05-02,5.02,0001091667-13-000058,chtr51138-k.htm,Data\edgar\item5_02_text\1091667\0001091667-13-000058_chtr51138-k.htm,1
1091667,8-K,2013-11-12,"5.02,7.01,9.01",0001091667-13-000176,chtr118138-k.htm,Data\edgar\item5_02_text\1091667\0001091667-13-000176_chtr118138-k.htm,1
1091667,8-K,2014-01-22,"5.02,9.01",0001091667-14-000060,chtr11520148-k.htm,Data\edgar\item5_02_text\1091667\0001091667-14-000060_chtr11520148-k.htm,1
1091667,8-K,2014-05-09,"5.02,5.07",0001091667-14-000139,chtr59148k.htm,Data\edgar\item5_02_text\1091667\0001091667-14-000139_chtr59148k.htm,1
1091667,8-K,2015-03-13,"5.02,9.01",0001091667-15-000051,chtr313158k.htm,Data\edgar\item5_02_text\1091667\0001091667-15-000051_chtr313158k.htm,1
1091667,8-K,2020-12-28,"5.02,9.01",0001091667-20-000215,chtr-20201223.htm,Data\edgar\item5_02_text\1091667\0001091667-20-000215_chtr-20201223.htm,1
1091667,8-K,2021-02-03,"5.02,7.01,9.01",0001091667-21-000029,chtr-20210203.htm,Data\edgar\item5_02_text\1091667\0001091667-21-000029_chtr-20210203.htm,1
1091667,8-K,2021-10-19,"5.02,9.01",0001091667-21-000143,chtr-20211019.htm,Data\edgar\item5_02_text\1091667\0001091667-21-000143_chtr-20211019.htm,1
1091667,8-K,2022-09-21,"5.02,7.01,9.01",0001091667-22-000104,chtr-20220920.htm,Data\edgar\item5_02_text\1091667\0001091667-22-000104_chtr-20220920.htm,1
1091667,8-K,2023-02-24,"5.02,9.01",0001091667-23-000034,chtr-20230222.htm,Data\edgar\item5_02_text\1091667\0001091667-23-000034_chtr-20230222.htm,1
1091667,8-K,2023-08-21,"5.02,9.01",0001091667-23-000119,chtr-20230815.htm,Data\edgar\item5_02_text\1091667\0001091667-23-000119_chtr-20230815.htm,1
1091667,8-K,2023-10-25,"5.02,7.01,9.01",0001091667-23-000137,chtr-20231024.htm,Data\edgar\item5_02_text\1091667\0001091667-23-000137_chtr-20231024.htm,1
1091667,8-K,2024-02-05,"5.02,9.01",0001091667-24-000030,chtr-20240130.htm,Data\edgar\item5_02_text\1091667\0001091667-24-000030_chtr-20240130.htm,1
1105705,8-K,2005-12-23,"5.02,8.01,9.01",0001105705-05-000047,k8twi12-20.txt,Data\edgar\item5_02_text\1105705\0001105705-05-000047_k8twi12-20.txt,1
1105705,8-K,2006-01-18,"5.02,9.01",0001105705-06-000002,k8twijanuary172006.txt,Data\edgar\item5_02_text\1105705\0001105705-06-000002_k8twijanuary172006.txt,1
1105705,8-K,2006-02-24,"5.02,5.03,9.01",0001105705-06-000022,k8twi22306.txt,Data\edgar\item5_02_text\1105705\0001105705-06-000022_k8twi22306.txt,1
1105705,8-K,2007-01-26,"2.03,5.02",0001105705-07-000007,f07-01_258k.txt,Data\edgar\item5_02_text\1105705\0001105705-07-000007_f07-01_258k.txt,1
1105705,8-K,2007-03-30,5.02,0001105705-07-000019,f07-03_308k.txt,Data\edgar\item5_02_text\1105705\0001105705-07-000019_f07-03_308k.txt,1
1105705,8-K,2013-05-29,"5.02,5.07,9.01",0001105705-13-000022,form8k2013form8k.htm,Data\edgar\item5_02_text\1105705\0001105705-13-000022_form8k2013form8k.htm,1
1105705,8-K,2013-08-01,5.02,0001105705-13-000048,form8k_2010stock-plan.htm,Data\edgar\item5_02_text\1105705\0001105705-13-000048_form8k_2010stock-plan.htm,1
1105705,8-K/A,2013-12-10,5.02,0001105705-13-000054,form8ka_averill-agreement.htm,Data\edgar\item5_02_text\1105705\0001105705-13-000054_form8ka_averill-agreement.htm,1
1105705,8-K,2014-04-18,"5.02,9.01",0001105705-14-000013,form8k41414.htm,Data\edgar\item5_02_text\1105705\0001105705-14-000013_form8k41414.htm,1
1105705,8-K,2014-10-08,"5.02,9.01",0001105705-14-000036,form8k10814.htm,Data\edgar\item5_02_text\1105705\0001105705-14-000036_form8k10814.htm,1
1105705,8-K,2016-01-07,"5.02,9.01",0001105705-16-000017,form8k.htm,Data\edgar\item5_02_text\1105705\0001105705-16-000017_form8k.htm,1
1105705,8-K,2016-10-24,"1.01,2.02,5.02,5.03,8.01,9.01",0000950157-16-002366,form8k.htm,Data\edgar\item5_02_text\1105705\0000950157-16-002366_form8k.htm,1
1108524,8-K,2006-06-02,"5.02,9.01",0001193125-06-123693,d8k.htm,Data\edgar\item5_02_text\1108524\0001193125-06-123693_d8k.htm,1
1108524,8-K,2006-08-16,"1.01,2.02,5.02,9.01",0001193125-06-174639,d8k.htm,Data\edgar\item5_02_text\1108524\0001193125-06-174639_d8k.htm,1
1108524,8-K,2006-09-08,"1.01,5.02,9.01",0001193125-06-187910,d8k.htm,Data\edgar\item5_02_text\1108524\0001193125-06-187910_d8k.htm,1
1108524,8-K,2007-01-16,5.02,0001193125-07-006987,d8k.htm,Data\edgar\item5_02_text\1108524\0001193125-07-006987_d8k.htm,1
1108524,8-K,2007-04-02,5.02,0001193125-07-072263,d8k.htm,Data\edgar\item5_02_text\1108524\0001193125-07-072263_d8k.htm,1
1108524,8-K,2007-04-11,5.02,0001193125-07-078925,d8k.htm,Data\edgar\item5_02_text\1108524\0001193125-07-078925_d8k.htm,1
1108524,8-K,2007-06-13,5.02,0001193125-07-134937,d8k.htm,Data\edgar\item5_02_text\1108524\0001193125-07-134937_d8k.htm,1
1108524,8-K,2007-07-16,5.02,0001193125-07-155725,d8k.htm,Data\edgar\item5_02_text\1108524\0001193125-07-155725_d8k.htm,1
1108524,8-K,2007-08-20,5.02,0001193125-07-186040,d8k.htm,Data\edgar\item5_02_text\1108524\0001193125-07-186040_d8k.htm,1
1108524,8-K,2007-09-26,5.02,0001193125-07-208064,d8k.htm,Data\edgar\item5_02_text\1108524\0001193125-07-208064_d8k.htm,1
1108524,8-K,2007-09-28,5.02,0001193125-07-210111,d8k.htm,Data\edgar\item5_02_text\1108524\0001193125-07-210111_d8k.htm,1
1108524,8-K,2008-03-07,5.02,0001193125-08-050327,d8k.htm,Data\edgar\item5_02_text\1108524\0001193125-08-050327_d8k.htm,1
1108524,8-K,2008-03-31,5.02,0001193125-08-071264,d8k.htm,Data\edgar\item5_02_text\1108524\0001193125-08-071264_d8k.htm,1
1113169,8-K,2006-03-16,"5.02,9.01",0000950133-06-001306,w18767e8vk.htm,Data\edgar\item5_02_text\1113169\0000950133-06-001306_w18767e8vk.htm,1
1113169,8-K,2006-12-19,"5.02,9.01",0000950133-06-005364,w28140e8vk.htm,Data\edgar\item5_02_text\1113169\0000950133-06-005364_w28140e8vk.htm,1
1113169,8-K,2021-07-29,"5.02,9.01",0001113169-21-000026,trow-20210729.htm,Data\edgar\item5_02_text\1113169\0001113169-21-000026_trow-20210729.htm,1
1113169,8-K,2021-11-03,"5.02,9.01",0001113169-21-000035,trow-20211102.htm,Data\edgar\item5_02_text\1113169\0001113169-21-000035_trow-20211102.htm,1
1113169,8-K,2021-12-08,"5.02,9.01",0001113169-21-000037,trow-20211207.htm,Data\edgar\item5_02_text\1113169\0001113169-21-000037_trow-20211207.htm,1
1113169,8-K,2021-12-30,"1.01,2.01,2.03,3.02,5.02,7.01,9.01",0001113169-21-000040,trow-20211229.htm,Data\edgar\item5_02_text\1113169\0001113169-21-000040_trow-20211229.htm,1
1113169,8-K,2022-04-08,"5.02,9.01",0001113169-22-000008,trow-20220406.htm,Data\edgar\item5_02_text\1113169\0001113169-22-000008_trow-20220406.htm,1
1113169,8-K,2023-03-06,5.02,0001113169-23-000009,trow-20230303.htm,Data\edgar\item5_02_text\1113169\0001113169-23-000009_trow-20230303.htm,1
1113169,8-K,2023-08-03,5.02,0001113169-23-000035,trow-20230731.htm,Data\edgar\item5_02_text\1113169\0001113169-23-000035_trow-20230731.htm,1
1113169,8-K,2023-11-01,5.02,0001113169-23-000046,trow-20231031.htm,Data\edgar\item5_02_text\1113169\0001113169-23-000046_trow-20231031.htm,1
1123360,8-K,2010-09-21,"5.02,9.01",0001193125-10-213864,d8k.htm,Data\edgar\item5_02_text\1123360\0001193125-10-213864_d8k.htm,1
1123360,8-K,2011-09-29,"5.02,5.07,9.01",0001123360-11-000082,gpn-09282011x8k.htm,Data\edgar\item5_02_text\1123360\0001123360-11-000082_gpn-09282011x8k.htm,1
1123360,8-K,2012-07-18,5.02,0001123360-12-000041,form8kjoehyde.htm,Data\edgar\item5_02_text\1123360\0001123360-12-000041_form8kjoehyde.htm,1
1124610,8-K,2013-08-19,5.02,0001124610-13-000031,a8-k08x19x13.htm,Data\edgar\item5_02_text\1124610\0001124610-13-000031_a8-k08x19x13.htm,1
1124610,8-K,2013-08-22,"5.02,9.01",0001124610-13-000034,a8-k08x22x13.htm,Data\edgar\item5_02_text\1124610\0001124610-13-000034_a8-k08x22x13.htm,1
1124610,8-K,2013-09-10,"5.02,9.01",0001124610-13-000036,a8-k09x10x13.htm,Data\edgar\item5_02_text\1124610\0001124610-13-000036_a8-k09x10x13.htm,1
1124610,8-K,2014-04-07,"5.02,5.07,9.01",0001124610-14-000014,a8-k04x07x14.htm,Data\edgar\item5_02_text\1124610\0001124610-14-000014_a8-k04x07x14.htm,1
1124610,8-K,2014-08-19,"5.02,9.01",0001124610-14-000027,a8-k08x19x14.htm,Data\edgar\item5_02_text\1124610\0001124610-14-000027_a8-k08x19x14.htm,1
1124610,8-K,2015-10-13,"2.02,5.02,9.01",0001124610-15-000026,a10-06x158xk.htm,Data\edgar\item5_02_text\1124610\0001124610-15-000026_a10-06x158xk.htm,1
1124610,8-K,2015-12-14,"5.02,8.01",0001124610-15-000034,a8-k12x11x15.htm,Data\edgar\item5_02_text\1124610\0001124610-15-000034_a8-k12x11x15.htm,1
1124610,8-K,2016-01-26,"2.02,2.05,5.02,9.01",0001193125-16-438413,d131398d8k.htm,Data\edgar\item5_02_text\1124610\0001193125-16-438413_d131398d8k.htm,1
1124610,8-K,2016-02-09,"5.02,9.01",0001124610-16-000036,a8-k02x08x16.htm,Data\edgar\item5_02_text\1124610\0001124610-16-000036_a8-k02x08x16.htm,1
1133421,8-K,2014-11-05,5.02,0001133421-14-000058,noc-form8xk110414.htm,Data\edgar\item5_02_text\1133421\0001133421-14-000058_noc-form8xk110414.htm,1
1133421,8-K,2014-12-08,"5.02,9.01",0001133421-14-000061,noc-form8xk120814.htm,Data\edgar\item5_02_text\1133421\0001133421-14-000061_noc-form8xk120814.htm,1
1133421,8-K,2015-02-03,5.02,0001133421-15-000011,form8-k020215.htm,Data\edgar\item5_02_text\1133421\0001133421-15-000011_form8-k020215.htm,1
1133421,8-K,2015-02-19,"5.02,9.01",0001133421-15-000013,noc-form8xkx021715.htm,Data\edgar\item5_02_text\1133421\0001133421-15-000013_noc-form8xkx021715.htm,1
1133421,8-K,2015-02-20,"5.02,9.01",0001133421-15-000016,noc-form8xkx021815.htm,Data\edgar\item5_02_text\1133421\0001133421-15-000016_noc-form8xkx021815.htm,1
1133421,8-K,2015-03-20,"5.02,9.01",0001133421-15-000018,noc-form8xkx031915.htm,Data\edgar\item5_02_text\1133421\0001133421-15-000018_noc-form8xkx031915.htm,1
1133421,8-K,2015-10-15,"5.02,9.01",0001133421-15-000050,noc-10132015xform8k.htm,Data\edgar\item5_02_text\1133421\0001133421-15-000050_noc-10132015xform8k.htm,1
1133421,8-K,2016-02-22,"5.02,5.03,9.01",0001133421-16-000069,noc-form8xkx021616.htm,Data\edgar\item5_02_text\1133421\0001133421-16-000069_noc-form8xkx021616.htm,1
1133421,8-K,2016-03-17,"5.02,9.01",0001133421-16-000072,noc-form8xkx031616.htm,Data\edgar\item5_02_text\1133421\0001133421-16-000072_noc-form8xkx031616.htm,1
1133421,8-K,2016-12-09,"5.02,9.01",0001133421-16-000113,noc-form8xkx1216.htm,Data\edgar\item5_02_text\1133421\0001133421-16-000113_noc-form8xkx1216.htm,1
1133421,8-K,2017-02-22,5.02,0001133421-17-000011,noc-form8xk021717.htm,Data\edgar\item5_02_text\1133421\0001133421-17-000011_noc-form8xk021717.htm,1
1133421,8-K,2017-02-28,"5.02,9.01",0001133421-17-000014,noc-form8xk022717.htm,Data\edgar\item5_02_text\1133421\0001133421-17-000014_noc-form8xk022717.htm,1
1133421,8-K,2017-09-27,"5.02,9.01",0001133421-17-000040,noc-form8xk092617.htm,Data\edgar\item5_02_text\1133421\0001133421-17-000040_noc-form8xk092617.htm,1
1136893,8-K,2005-12-09,"5.02,9.01",0001193125-05-239862,d8k.htm,Data\edgar\item5_02_text\1136893\0001193125-05-239862_d8k.htm,1
1136893,8-K,2006-02-06,"1.01,1.02,2.01,2.03,3.02,5.01,5.02,5.03,9.01",0001104659-06-006239,a06-3827_28k.htm,Data\edgar\item5_02_text\1136893\0001104659-06-006239_a06-3827_28k.htm,1
1136893,8-K,2006-05-02,"2.02,5.02,9.01",0000892569-06-000649,a19972e8vk.htm,Data\edgar\item5_02_text\1136893\0000892569-06-000649_a19972e8vk.htm,1
1136893,8-K,2006-07-06,5.02,0000892569-06-000846,a21921e8vk.htm,Data\edgar\item5_02_text\1136893\0000892569-06-000846_a21921e8vk.htm,1
1136893,8-K,2006-10-27,"1.01,5.02,8.01,9.01",0000892569-06-001297,a24549e8vk.htm,Data\edgar\item5_02_text\1136893\0000892569-06-001297_a24549e8vk.htm,1
1136893,8-K,2006-10-30,"1.01,5.02",0000892569-06-001310,a24601e8vk.htm,Data\edgar\item5_02_text\1136893\0000892569-06-001310_a24601e8vk.htm,1
1136893,8-K,2007-11-16,5.02,0000892569-07-001428,a35843e8vk.htm,Data\edgar\item5_02_text\1136893\0000892569-07-001428_a35843e8vk.htm,1
1136893,8-K,2008-01-02,"5.02,9.01",0000892569-08-000017,a36828e8vk.htm,Data\edgar\item5_02_text\1136893\0000892569-08-000017_a36828e8vk.htm,1
1136893,8-K,2008-03-25,"5.02,9.01",0000892569-08-000425,a39263e8vk.htm,Data\edgar\item5_02_text\1136893\0000892569-08-000425_a39263e8vk.htm,1
1136893,8-K,2021-06-09,"5.02,9.01",0001136893-21-000145,fis-20210608.htm,Data\edgar\item5_02_text\1136893\0001136893-21-000145_fis-20210608.htm,1
1136893,8-K,2021-09-03,5.02,0001136893-21-000196,fis-20210831.htm,Data\edgar\item5_02_text\1136893\0001136893-21-000196_fis-20210831.htm,1
1136893,8-K,2021-09-08,5.02,0001136893-21-000203,fis-20210902.htm,Data\edgar\item5_02_text\1136893\0001136893-21-000203_fis-20210902.htm,1
1136893,8-K,2022-01-14,5.02,0001136893-22-000005,fis-20220111.htm,Data\edgar\item5_02_text\1136893\0001136893-22-000005_fis-20220111.htm,1
1136893,8-K,2022-02-08,"5.02,9.01",0001136893-22-000028,fis-20220208.htm,Data\edgar\item5_02_text\1136893\0001136893-22-000028_fis-20220208.htm,1
1136893,8-K,2022-03-21,"5.02,9.01",0001136893-22-000056,fis-20220316.htm,Data\edgar\item5_02_text\1136893\0001136893-22-000056_fis-20220316.htm,1
1136893,8-K,2022-06-01,"5.02,9.01",0001136893-22-000134,fis-20220525.htm,Data\edgar\item5_02_text\1136893\0001136893-22-000134_fis-20220525.htm,1
1136893,8-K,2022-08-17,"5.02,9.01",0001136893-22-000155,fis-20220815.htm,Data\edgar\item5_02_text\1136893\0001136893-22-000155_fis-20220815.htm,1
1136893,8-K,2022-10-19,"2.02,5.02,9.01",0001136893-22-000173,fis-20221018.htm,Data\edgar\item5_02_text\1136893\0001136893-22-000173_fis-20221018.htm,1
1136893,8-K,2022-12-15,"1.01,5.02,7.01,9.01",0001193125-22-305874,d427115d8k.htm,Data\edgar\item5_02_text\1136893\0001193125-22-305874_d427115d8k.htm,1
1136893,8-K,2023-01-20,"5.02,7.01,9.01",0001193125-23-011458,d426581d8k.htm,Data\edgar\item5_02_text\1136893\0001193125-23-011458_d426581d8k.htm,1
1136893,8-K,2023-01-25,"5.02,9.01",0001193125-23-015151,d103120d8k.htm,Data\edgar\item5_02_text\1136893\0001193125-23-015151_d103120d8k.htm,1
1136893,8-K,2023-04-21,5.02,0001136893-23-000069,fis-20230417.htm,Data\edgar\item5_02_text\1136893\0001136893-23-000069_fis-20230417.htm,1
1136893,8-K,2023-05-26,5.02,0001136893-23-000090,fis-20230522.htm,Data\edgar\item5_02_text\1136893\0001136893-23-000090_fis-20230522.htm,1
1136893,8-K,2023-08-22,"5.02,9.01",0001193125-23-218012,d534612d8k.htm,Data\edgar\item5_02_text\1136893\0001193125-23-218012_d534612d8k.htm,1
1136893,8-K,2024-02-01,"1.01,2.01,5.02,7.01,9.01",0001193125-24-021392,d761353d8k.htm,Data\edgar\item5_02_text\1136893\0001193125-24-021392_d761353d8k.htm,1
1136893,8-K,2024-02-23,"5.02,9.01",0001193125-24-044681,d764426d8k.htm,Data\edgar\item5_02_text\1136893\0001193125-24-044681_d764426d8k.htm,1
1136893,8-K,2024-03-15,5.02,0001193125-24-069200,d705411d8k.htm,Data\edgar\item5_02_text\1136893\0001193125-24-069200_d705411d8k.htm,1
1136893,8-K,2024-04-05,5.02,0001193125-24-088508,d759372d8k.htm,Data\edgar\item5_02_text\1136893\0001193125-24-088508_d759372d8k.htm,1
1137789,8-K,2014-04-22,5.02,0001104659-14-029197,a14-10680_18k.htm,Data\edgar\item5_02_text\1137789\0001104659-14-029197_a14-10680_18k.htm,1
1137789,8-K,2014-07-23,5.02,0001104659-14-052995,a14-17631_18k.htm,Data\edgar\item5_02_text\1137789\0001104659-14-052995_a14-17631_18k.htm,1
1137789,8-K,2014-09-12,5.02,0001104659-14-066107,a14-20892_28k.htm,Data\edgar\item5_02_text\1137789\0001104659-14-066107_a14-20892_28k.htm,1
1137789,8-K,2014-10-24,"5.02,5.07,9.01",0001104659-14-073609,a14-22946_18k.htm,Data\edgar\item5_02_text\1137789\0001104659-14-073609_a14-22946_18k.htm,1
1137789,8-K,2015-05-01,5.02,0001104659-15-033202,a15-10570_18k.htm,Data\edgar\item5_02_text\1137789\0001104659-15-033202_a15-10570_18k.htm,1
1137789,8-K,2015-07-22,"5.02,9.01",0001104659-15-052507,a15-16036_18k.htm,Data\edgar\item5_02_text\1137789\0001104659-15-052507_a15-16036_18k.htm,1
1137789,8-K,2015-08-06,5.02,0001104659-15-057159,a15-16497_18k.htm,Data\edgar\item5_02_text\1137789\0001104659-15-057159_a15-16497_18k.htm,1
1137789,8-K,2015-09-21,5.02,0001104659-15-066273,a15-19999_18k.htm,Data\edgar\item5_02_text\1137789\0001104659-15-066273_a15-19999_18k.htm,1
1137789,8-K,2015-10-21,"5.02,9.01",0001104659-15-071908,a15-21454_28k.htm,Data\edgar\item5_02_text\1137789\0001104659-15-071908_a15-21454_28k.htm,1
1137789,8-K,2016-01-04,"5.02,9.01",0001104659-16-087730,a16-1112_18k.htm,Data\edgar\item5_02_text\1137789\0001104659-16-087730_a16-1112_18k.htm,1
1137789,8-K,2016-06-27,5.02,0001104659-16-129505,a16-14144_18k.htm,Data\edgar\item5_02_text\1137789\0001104659-16-129505_a16-14144_18k.htm,1
1137789,8-K,2016-07-08,5.02,0001104659-16-131749,a16-14684_18k.htm,Data\edgar\item5_02_text\1137789\0001104659-16-131749_a16-14684_18k.htm,1
1137789,8-K,2016-07-28,5.02,0001104659-16-135046,a16-15724_18k.htm,Data\edgar\item5_02_text\1137789\0001104659-16-135046_a16-15724_18k.htm,1
1137789,8-K,2016-09-27,5.02,0001104659-16-146813,a16-19103_18k.htm,Data\edgar\item5_02_text\1137789\0001104659-16-146813_a16-19103_18k.htm,1
1137789,8-K,2016-10-04,5.02,0001104659-16-148575,a16-19472_18k.htm,Data\edgar\item5_02_text\1137789\0001104659-16-148575_a16-19472_18k.htm,1
1137789,8-K,2016-10-24,"5.02,5.03,5.07,9.01",0001104659-16-151422,a16-20294_18k.htm,Data\edgar\item5_02_text\1137789\0001104659-16-151422_a16-20294_18k.htm,1
1137789,8-K,2017-01-20,"5.02,9.01",0001193125-17-013685,d330788d8k.htm,Data\edgar\item5_02_text\1137789\0001193125-17-013685_d330788d8k.htm,1
1137789,8-K,2017-06-02,5.02,0001193125-17-192960,d405947d8k.htm,Data\edgar\item5_02_text\1137789\0001193125-17-192960_d405947d8k.htm,1
1137789,8-K,2017-07-25,"2.02,2.05,5.02,7.01,9.01",0001193125-17-234440,d431036d8k.htm,Data\edgar\item5_02_text\1137789\0001193125-17-234440_d431036d8k.htm,1
1137789,8-K,2017-07-28,5.02,0001137789-17-000046,q118form8-kitem502e.htm,Data\edgar\item5_02_text\1137789\0001137789-17-000046_q118form8-kitem502e.htm,1
1137789,8-K,2017-10-18,"5.02,5.07,9.01",0001137789-17-000068,tabulation8-k2017agm.htm,Data\edgar\item5_02_text\1137789\0001137789-17-000068_tabulation8-k2017agm.htm,1
1140859,8-K,2022-04-01,"5.02,9.01",0001104659-22-041712,tm2210260d2_8k.htm,Data\edgar\item5_02_text\1140859\0001104659-22-041712_tm2210260d2_8k.htm,1
1140859,8-K,2022-09-27,"5.02,7.01,9.01",0001140859-22-000054,abc-20220922.htm,Data\edgar\item5_02_text\1140859\0001140859-22-000054_abc-20220922.htm,1
1140859,8-K,2022-11-03,"2.02,5.02,7.01,9.01",0001140859-22-000064,abc-20221103.htm,Data\edgar\item5_02_text\1140859\0001140859-22-000064_abc-20221103.htm,1
1140859,8-K/A,2022-11-16,5.02,0001104659-22-119574,tm2230705d1_8ka.htm,Data\edgar\item5_02_text\1140859\0001104659-22-119574_tm2230705d1_8ka.htm,1
1140859,8-K,2022-11-16,"5.02,7.01,9.01",0001140859-22-000095,abc-20221109.htm,Data\edgar\item5_02_text\1140859\0001140859-22-000095_abc-20221109.htm,1
1140859,8-K,2023-01-26,5.02,0001140859-23-000021,abc-20230123.htm,Data\edgar\item5_02_text\1140859\0001140859-23-000021_abc-20230123.htm,1
1140859,8-K,2023-08-15,"5.02,7.01,9.01",0001140859-23-000125,abc-20230809.htm,Data\edgar\item5_02_text\1140859\0001140859-23-000125_abc-20230809.htm,1
1140859,8-K,2024-01-16,5.02,0001140859-24-000012,abc-20240112.htm,Data\edgar\item5_02_text\1140859\0001140859-24-000012_abc-20240112.htm,1
1140859,8-K,2024-03-12,"5.02,7.01,9.01",0001104659-24-033278,tm248543d1_8k.htm,Data\edgar\item5_02_text\1140859\0001104659-24-033278_tm248543d1_8k.htm,1
1140859,8-K/A,2024-03-15,"5.02,9.01",0001104659-24-035045,tm248865d1_8ka.htm,Data\edgar\item5_02_text\1140859\0001104659-24-035045_tm248865d1_8ka.htm,1
1140859,8-K,2024-05-03,5.02,0001140859-24-000081,abc-20240430.htm,Data\edgar\item5_02_text\1140859\0001140859-24-000081_abc-20240430.htm,1
1140859,8-K,2024-08-15,"5.02,7.01,9.01",0001104659-24-089929,tm2421656d2_8k.htm,Data\edgar\item5_02_text\1140859\0001104659-24-089929_tm2421656d2_8k.htm,1
1140859,8-K,2024-08-16,"1.01,5.02,5.03,9.01",0001104659-24-090498,tm2421656d1_8k.htm,Data\edgar\item5_02_text\1140859\0001104659-24-090498_tm2421656d1_8k.htm,1
1166691,8-K,2006-11-28,"5.02,9.01",0000950103-06-002700,dp04125_8k.htm,Data\edgar\item5_02_text\1166691\0000950103-06-002700_dp04125_8k.htm,1
1166691,8-K,2007-12-28,"5.02,9.01",0000950103-07-003148,dp07973_8k.htm,Data\edgar\item5_02_text\1166691\0000950103-07-003148_dp07973_8k.htm,1
1166691,8-K,2008-02-13,"5.02,9.01",0001193125-08-029361,d8k.htm,Data\edgar\item5_02_text\1166691\0001193125-08-029361_d8k.htm,1
1166691,8-K,2008-12-10,5.02,0000950103-08-002956,dp12049_8k.htm,Data\edgar\item5_02_text\1166691\0000950103-08-002956_dp12049_8k.htm,1
1166691,8-K,2009-02-13,"5.02,9.01",0000950103-09-000292,dp12535_8k.htm,Data\edgar\item5_02_text\1166691\0000950103-09-000292_dp12535_8k.htm,1
1166691,8-K,2011-01-03,5.02,0000950103-11-000002,dp20533_8k.htm,Data\edgar\item5_02_text\1166691\0000950103-11-000002_dp20533_8k.htm,1
1166691,8-K,2011-01-31,"1.01,2.01,5.02,5.05,9.01",0000950103-11-000353,dp20918_8k.htm,Data\edgar\item5_02_text\1166691\0000950103-11-000353_dp20918_8k.htm,1
1166691,8-K,2011-02-25,"5.02,9.01",0000950103-11-000772,dp21327_8k.htm,Data\edgar\item5_02_text\1166691\0000950103-11-000772_dp21327_8k.htm,1
1166691,8-K,2011-07-01,"5.02,9.01",0001193125-11-180049,d8k.htm,Data\edgar\item5_02_text\1166691\0001193125-11-180049_d8k.htm,1
1166691,8-K,2011-09-22,5.02,0001193125-11-254480,d235545d8k.htm,Data\edgar\item5_02_text\1166691\0001193125-11-254480_d235545d8k.htm,1
1166691,8-K/A,2011-10-28,5.02,0001193125-11-285508,d248768d8ka.htm,Data\edgar\item5_02_text\1166691\0001193125-11-285508_d248768d8ka.htm,1
1166691,8-K,2011-11-07,"5.02,9.01",0001193125-11-299646,d253806d8k.htm,Data\edgar\item5_02_text\1166691\0001193125-11-299646_d253806d8k.htm,1
1166691,8-K,2011-11-23,"5.02,5.03,9.01",0001193125-11-320674,d260243d8k.htm,Data\edgar\item5_02_text\1166691\0001193125-11-320674_d260243d8k.htm,1
1166691,8-K,2012-09-14,"5.02,9.01",0001193125-12-392575,d412146d8k.htm,Data\edgar\item5_02_text\1166691\0001193125-12-392575_d412146d8k.htm,1
1166691,8-K,2013-07-24,"5.02,9.01",0000950103-13-004474,dp39750_8k.htm,Data\edgar\item5_02_text\1166691\0000950103-13-004474_dp39750_8k.htm,1
1166691,8-K,2013-08-16,"5.02,9.01",0000950103-13-004940,dp40191_8k.htm,Data\edgar\item5_02_text\1166691\0000950103-13-004940_dp40191_8k.htm,1
1166691,8-K,2014-02-14,5.02,0000950103-14-001112,dp43945_8k.htm,Data\edgar\item5_02_text\1166691\0000950103-14-001112_dp43945_8k.htm,1
1166691,8-K,2014-07-01,"5.02,9.01",0000950103-14-004539,dp47519_8k.htm,Data\edgar\item5_02_text\1166691\0000950103-14-004539_dp47519_8k.htm,1
1166691,8-K,2014-12-23,"5.02,9.01",0000950103-14-008968,dp52034_8k.htm,Data\edgar\item5_02_text\1166691\0000950103-14-008968_dp52034_8k.htm,1
1166691,8-K,2022-10-12,"5.02,9.01",0000950103-22-017696,dp182381_8k.htm,Data\edgar\item5_02_text\1166691\0000950103-22-017696_dp182381_8k.htm,1
1166691,8-K,2022-12-30,5.02,0000950103-22-021872,dp186161_8k.htm,Data\edgar\item5_02_text\1166691\0000950103-22-021872_dp186161_8k.htm,1
1166691,8-K,2023-01-06,"5.02,9.01",0000950103-23-000208,dp186651_8k.htm,Data\edgar\item5_02_text\1166691\0000950103-23-000208_dp186651_8k.htm,1
1166691,8-K,2023-03-15,"5.02,9.01",0000950103-23-004120,dp190622_8k.htm,Data\edgar\item5_02_text\1166691\0000950103-23-004120_dp190622_8k.htm,1
1166691,8-K,2023-04-24,5.02,0000950103-23-006065,dp192586_8k.htm,Data\edgar\item5_02_text\1166691\0000950103-23-006065_dp192586_8k.htm,1
1166691,8-K,2023-06-09,"5.02,5.07,9.01",0000950103-23-008707,dp195127_8k.htm,Data\edgar\item5_02_text\1166691\0000950103-23-008707_dp195127_8k.htm,1
1166691,8-K,2023-10-03,"5.02,9.01",0000950103-23-014572,dp200774_8k.htm,Data\edgar\item5_02_text\1166691\0000950103-23-014572_dp200774_8k.htm,1
1166691,8-K/A,2023-12-06,5.02,0000950103-23-017250,dp203713_8ka.htm,Data\edgar\item5_02_text\1166691\0000950103-23-017250_dp203713_8ka.htm,1
1166691,8-K,2024-04-15,5.02,0001166691-24-000019,cmcsa-20240415.htm,Data\edgar\item5_02_text\1166691\0001166691-24-000019_cmcsa-20240415.htm,1
1166691,8-K,2025-03-19,"5.02,9.01",0000950103-25-003639,dp226495_8k.htm,Data\edgar\item5_02_text\1166691\0000950103-25-003639_dp226495_8k.htm,1
1180262,8-K,2020-02-18,"2.02,5.02,8.01,9.01",0001157523-20-000216,a52174472.htm,Data\edgar\item5_02_text\1180262\0001157523-20-000216_a52174472.htm,1
1180262,8-K,2020-11-05,"1.01,2.02,5.02,8.01,9.01",0001157523-20-001457,a52021913.htm,Data\edgar\item5_02_text\1180262\0001157523-20-001457_a52021913.htm,1
1180262,8-K,2021-01-04,"1.01,5.02,9.01",0001193125-21-000193,d10767d8k.htm,Data\edgar\item5_02_text\1180262\0001193125-21-000193_d10767d8k.htm,1
1180262,8-K,2021-03-01,5.02,0001193125-21-062102,d116702d8k.htm,Data\edgar\item5_02_text\1180262\0001193125-21-062102_d116702d8k.htm,1
1180262,8-K,2021-05-04,"2.02,5.02,5.07,9.01",0001157523-21-000581,a52422763.htm,Data\edgar\item5_02_text\1180262\0001157523-21-000581_a52422763.htm,1
1180262,8-K/A,2021-05-04,5.02,0001193125-21-150054,d140297d8ka.htm,Data\edgar\item5_02_text\1180262\0001193125-21-150054_d140297d8ka.htm,1
1180262,8-K,2022-08-02,"2.02,5.02,7.01,9.01",0001157523-22-000997,a52798528.htm,Data\edgar\item5_02_text\1180262\0001157523-22-000997_a52798528.htm,1
1283699,8-K,2012-02-14,5.02,0001193125-12-056765,d300486d8k.htm,Data\edgar\item5_02_text\1283699\0001193125-12-056765_d300486d8k.htm,1
1283699,8-K,2012-05-31,"5.02,5.07,9.01",0001445305-12-001909,a8-k053112.htm,Data\edgar\item5_02_text\1283699\0001445305-12-001909_a8-k053112.htm,1
1283699,8-K,2012-08-03,5.02,0001283699-12-000010,a8-klandry073012.htm,Data\edgar\item5_02_text\1283699\0001283699-12-000010_a8-klandry073012.htm,1
1283699,8-K,2012-10-03,"1.01,2.03,3.02,3.03,5.02,8.01,9.01",0001283699-12-000027,form8-k100212.htm,Data\edgar\item5_02_text\1283699\0001283699-12-000027_form8-k100212.htm,1
1283699,8-K,2013-02-07,5.02,0001283699-13-000011,form8-k020713.htm,Data\edgar\item5_02_text\1283699\0001283699-13-000011_form8-k020713.htm,1
1283699,8-K,2013-05-02,"1.01,2.03,3.02,4.01,5.01,5.02,5.03,7.01,9.01",0001193125-13-193449,d527693d8k.htm,Data\edgar\item5_02_text\1283699\0001193125-13-193449_d527693d8k.htm,1
1283699,8-K,2013-06-04,"5.02,5.07,9.01",0001193125-13-246944,d548762d8k.htm,Data\edgar\item5_02_text\1283699\0001193125-13-246944_d548762d8k.htm,1
1283699,8-K,2013-10-25,"5.02,9.01",0001283699-13-000120,tmus10252013form8-k.htm,Data\edgar\item5_02_text\1283699\0001283699-13-000120_tmus10252013form8-k.htm,1
1283699,8-K,2013-11-08,5.02,0001283699-13-000134,tmus11072013form8-k.htm,Data\edgar\item5_02_text\1283699\0001283699-13-000134_tmus11072013form8-k.htm,1
1283699,8-K,2013-11-20,"1.01,5.02,8.01,9.01",0001193125-13-448555,d630913d8k.htm,Data\edgar\item5_02_text\1283699\0001193125-13-448555_d630913d8k.htm,1
1283699,8-K,2014-02-19,5.02,0001193125-14-058782,d679014d8k.htm,Data\edgar\item5_02_text\1283699\0001193125-14-058782_d679014d8k.htm,1
1283699,8-K,2015-02-18,5.02,0001193125-15-052763,d876668d8k.htm,Data\edgar\item5_02_text\1283699\0001193125-15-052763_d876668d8k.htm,1
1283699,8-K,2015-02-26,"5.02,9.01",0001193125-15-063256,d881569d8k.htm,Data\edgar\item5_02_text\1283699\0001193125-15-063256_d881569d8k.htm,1
1283699,8-K,2016-02-19,5.02,0001193125-16-470124,d145133d8k.htm,Data\edgar\item5_02_text\1283699\0001193125-16-470124_d145133d8k.htm,1
1283699,8-K,2016-06-22,"5.02,5.07",0001193125-16-628913,d386854d8k.htm,Data\edgar\item5_02_text\1283699\0001193125-16-628913_d386854d8k.htm,1
1283699,8-K,2017-02-24,5.02,0001193125-17-056336,d349134d8k.htm,Data\edgar\item5_02_text\1283699\0001193125-17-056336_d349134d8k.htm,1
1283699,8-K,2017-03-28,5.02,0001193125-17-099960,d364789d8k.htm,Data\edgar\item5_02_text\1283699\0001193125-17-099960_d364789d8k.htm,1
1283699,8-K,2017-12-22,5.02,0001193125-17-377654,d497580d8k.htm,Data\edgar\item5_02_text\1283699\0001193125-17-377654_d497580d8k.htm,1
1283699,8-K,2018-02-21,5.02,0001193125-18-051913,d538557d8k.htm,Data\edgar\item5_02_text\1283699\0001193125-18-051913_d538557d8k.htm,1
1283699,8-K,2018-04-30,"1.01,5.02,8.01,9.01",0001104659-18-028086,a18-12444_18k.htm,Data\edgar\item5_02_text\1283699\0001104659-18-028086_a18-12444_18k.htm,1
1283699,8-K,2018-06-14,"5.02,5.07",0001283699-18-000031,tmus06142018form8-k.htm,Data\edgar\item5_02_text\1283699\0001283699-18-000031_tmus06142018form8-k.htm,1
1283699,8-K,2018-11-02,5.02,0001283699-18-000063,form8-kdannenfeldtresignat.htm,Data\edgar\item5_02_text\1283699\0001283699-18-000063_form8-kdannenfeldtresignat.htm,1
1283699,8-K,2018-12-04,5.02,0001283699-18-000071,form8-killekappointment.htm,Data\edgar\item5_02_text\1283699\0001283699-18-000071_form8-killekappointment.htm,1
1283699,8-K,2019-03-29,5.02,0001283699-19-000064,a8-kcartersecondamendment.htm,Data\edgar\item5_02_text\1283699\0001283699-19-000064_a8-kcartersecondamendment.htm,1
1283699,8-K,2019-04-19,5.02,0001283699-19-000066,a8-kswanteenotstreelection.htm,Data\edgar\item5_02_text\1283699\0001283699-19-000066_a8-kswanteenotstreelection.htm,1
1283699,8-K,2019-11-18,"5.02,7.01,9.01",0001193125-19-294093,d834261d8k.htm,Data\edgar\item5_02_text\1283699\0001193125-19-294093_d834261d8k.htm,1
1283699,8-K,2020-02-19,5.02,0001193125-20-041926,d888203d8k.htm,Data\edgar\item5_02_text\1283699\0001193125-20-041926_d888203d8k.htm,1
1283699,8-K,2020-03-12,"5.02,7.01,9.01",0001193125-20-071678,d870009d8k.htm,Data\edgar\item5_02_text\1283699\0001193125-20-071678_d870009d8k.htm,1
1283699,8-K,2020-03-25,"5.02,9.01",0001283699-20-000064,tmus03252020form8-k.htm,Data\edgar\item5_02_text\1283699\0001283699-20-000064_tmus03252020form8-k.htm,1
1283699,8-K,2020-04-01,"1.01,1.02,2.01,2.03,3.03,5.02,5.03,7.01,9.01",0001193125-20-093622,d886127d8k.htm,Data\edgar\item5_02_text\1283699\0001193125-20-093622_d886127d8k.htm,1
1283699,8-K,2020-04-16,5.02,0001193125-20-109354,d883806d8k.htm,Data\edgar\item5_02_text\1283699\0001193125-20-109354_d883806d8k.htm,1
1283699,8-K,2020-04-24,5.02,0001193125-20-119230,d912727d8k.htm,Data\edgar\item5_02_text\1283699\0001193125-20-119230_d912727d8k.htm,1
1283699,8-K,2020-06-17,"2.06,5.02,7.01,8.01,9.01",0001140361-20-014081,nc10012662x1_8k.htm,Data\edgar\item5_02_text\1283699\0001140361-20-014081_nc10012662x1_8k.htm,1
1283699,8-K,2020-06-22,"1.01,5.02,8.01,9.01",0001140361-20-014470,nt10012922x2_8k.htm,Data\edgar\item5_02_text\1283699\0001140361-20-014470_nt10012922x2_8k.htm,1
1283699,8-K,2020-11-12,5.02,0001193125-20-291827,d94439d8k.htm,Data\edgar\item5_02_text\1283699\0001193125-20-291827_d94439d8k.htm,1
1283699,8-K,2021-03-10,5.02,0001193125-21-076354,d152529d8k.htm,Data\edgar\item5_02_text\1283699\0001193125-21-076354_d152529d8k.htm,1
1283699,8-K,2021-04-12,"5.02,7.01,8.01,9.01",0001193125-21-113210,d910799d8k.htm,Data\edgar\item5_02_text\1283699\0001193125-21-113210_d910799d8k.htm,1
1283699,8-K,2021-06-24,"5.02,7.01,9.01",0001193125-21-198692,d165204d8k.htm,Data\edgar\item5_02_text\1283699\0001193125-21-198692_d165204d8k.htm,1
1283699,8-K,2021-09-16,"5.02,7.01,9.01",0001193125-21-275230,d234276d8k.htm,Data\edgar\item5_02_text\1283699\0001193125-21-275230_d234276d8k.htm,1
1283699,8-K,2022-04-22,5.02,0001193125-22-115091,d328570d8k.htm,Data\edgar\item5_02_text\1283699\0001193125-22-115091_d328570d8k.htm,1
1283699,8-K,2022-09-07,5.02,0001193125-22-239983,d395918d8k.htm,Data\edgar\item5_02_text\1283699\0001193125-22-239983_d395918d8k.htm,1
1283699,8-K,2022-11-22,5.02,0001193125-22-290740,d422589d8k.htm,Data\edgar\item5_02_text\1283699\0001193125-22-290740_d422589d8k.htm,1
1283699,8-K,2023-02-03,5.02,0001193125-23-024130,d634006d8k.htm,Data\edgar\item5_02_text\1283699\0001193125-23-024130_d634006d8k.htm,1
1283699,8-K,2023-02-13,5.02,0001193125-23-035719,d445719d8k.htm,Data\edgar\item5_02_text\1283699\0001193125-23-035719_d445719d8k.htm,1
1283699,8-K,2023-03-10,5.02,0001193125-23-066908,d381908d8k.htm,Data\edgar\item5_02_text\1283699\0001193125-23-066908_d381908d8k.htm,1
1283699,8-K,2023-06-21,"5.02,5.07,9.01",0001193125-23-171171,d526068d8k.htm,Data\edgar\item5_02_text\1283699\0001193125-23-171171_d526068d8k.htm,1
1283699,8-K,2023-07-11,5.02,0001193125-23-185341,d506777d8k.htm,Data\edgar\item5_02_text\1283699\0001193125-23-185341_d506777d8k.htm,1
1283699,8-K,2023-07-20,"5.02,7.01,9.01",0001193125-23-190499,d372769d8k.htm,Data\edgar\item5_02_text\1283699\0001193125-23-190499_d372769d8k.htm,1
1283699,8-K,2023-09-08,5.02,0001193125-23-231377,d551212d8k.htm,Data\edgar\item5_02_text\1283699\0001193125-23-231377_d551212d8k.htm,1
1288776,8-K,2007-02-02,5.02,0001193125-07-019222,d8k.htm,Data\edgar\item5_02_text\1288776\0001193125-07-019222_d8k.htm,1
1288776,8-K,2007-03-05,5.02,0001193125-07-046301,d8k.htm,Data\edgar\item5_02_text\1288776\0001193125-07-046301_d8k.htm,1
1288776,8-K,2007-03-22,"5.02,9.01",0001193125-07-061671,d8k.htm,Data\edgar\item5_02_text\1288776\0001193125-07-061671_d8k.htm,1
1288776,8-K,2007-03-28,"5.02,9.01",0001193125-07-067097,d8k.htm,Data\edgar\item5_02_text\1288776\0001193125-07-067097_d8k.htm,1
1288776,8-K,2007-05-15,"5.02,9.01",0001193125-07-115893,d8k.htm,Data\edgar\item5_02_text\1288776\0001193125-07-115893_d8k.htm,1
1288776,8-K,2007-08-28,"5.02,9.01",0001193125-07-190912,d8k.htm,Data\edgar\item5_02_text\1288776\0001193125-07-190912_d8k.htm,1
1288776,8-K,2008-06-25,5.02,0001193125-08-140342,d8k.htm,Data\edgar\item5_02_text\1288776\0001193125-08-140342_d8k.htm,1
1319161,8-K,2018-09-07,5.02,0001193125-18-269285,d620718d8k.htm,Data\edgar\item5_02_text\1319161\0001193125-18-269285_d620718d8k.htm,1
1319161,8-K,2018-09-14,5.02,0001193125-18-273859,d602932d8k.htm,Data\edgar\item5_02_text\1319161\0001193125-18-273859_d602932d8k.htm,1
1319161,8-K,2019-02-12,"5.02,5.07,9.01",0001193125-19-035628,d670714d8k.htm,Data\edgar\item5_02_text\1319161\0001193125-19-035628_d670714d8k.htm,1
1319161,8-K,2020-06-12,5.02,0001193125-20-167792,d937369d8k.htm,Data\edgar\item5_02_text\1319161\0001193125-20-167792_d937369d8k.htm,1
1319161,8-K,2020-10-01,"5.02,9.01",0001193125-20-261384,d82687d8k.htm,Data\edgar\item5_02_text\1319161\0001193125-20-261384_d82687d8k.htm,1
1319161,8-K,2020-10-23,"5.02,9.01",0001193125-20-275574,d68962d8k.htm,Data\edgar\item5_02_text\1319161\0001193125-20-275574_d68962d8k.htm,1
1326160,8-K,2012-07-03,"2.01,2.05,5.02,5.03,7.01,8.01,9.01",0001193125-12-293901,d376342d8k.htm,Data\edgar\item5_02_text\1326160\0001193125-12-293901_d376342d8k.htm,1
1326160,8-K,2012-07-16,5.02,0001104659-12-049132,a12-16408_18k.htm,Data\edgar\item5_02_text\1326160\0001104659-12-049132_a12-16408_18k.htm,1
1326160,8-K,2012-07-27,"5.02,9.01",0000898822-12-000348,duke8kbody.htm,Data\edgar\item5_02_text\1326160\0000898822-12-000348_duke8kbody.htm,1
1326160,8-K,2012-11-29,"1.01,5.02,9.01",0001104659-12-080906,a12-28312_18k.htm,Data\edgar\item5_02_text\1326160\0001104659-12-080906_a12-28312_18k.htm,1
1326160,8-K,2012-12-17,"5.02,7.01",0001104659-12-084708,a12-29623_18k.htm,Data\edgar\item5_02_text\1326160\0001104659-12-084708_a12-29623_18k.htm,1
1326160,8-K,2013-02-26,5.02,0001104659-13-014407,a13-6049_18k.htm,Data\edgar\item5_02_text\1326160\0001104659-13-014407_a13-6049_18k.htm,1
1326160,8-K,2013-05-07,"5.02,5.07,9.01",0001104659-13-038285,a13-11792_18k.htm,Data\edgar\item5_02_text\1326160\0001104659-13-038285_a13-11792_18k.htm,1
1326160,8-K,2013-06-18,"5.02,9.01",0001104659-13-049764,a13-15164_18k.htm,Data\edgar\item5_02_text\1326160\0001104659-13-049764_a13-15164_18k.htm,1
1326160,8-K,2013-08-06,5.02,0001104659-13-060144,a13-17897_18k.htm,Data\edgar\item5_02_text\1326160\0001104659-13-060144_a13-17897_18k.htm,1
1326160,8-K,2013-08-30,5.02,0001104659-13-067275,a13-19929_18k.htm,Data\edgar\item5_02_text\1326160\0001104659-13-067275_a13-19929_18k.htm,1
1326160,8-K,2013-11-22,5.02,0001104659-13-086631,a13-24823_18k.htm,Data\edgar\item5_02_text\1326160\0001104659-13-086631_a13-24823_18k.htm,1
1326160,8-K/A,2013-12-11,5.02,0001104659-13-089600,a13-25973_18ka.htm,Data\edgar\item5_02_text\1326160\0001104659-13-089600_a13-25973_18ka.htm,1
1326160,8-K,2014-01-02,5.02,0001104659-14-000076,a13-26918_18k.htm,Data\edgar\item5_02_text\1326160\0001104659-14-000076_a13-26918_18k.htm,1
1326160,8-K,2014-05-06,"5.02,5.07,9.01",0001104659-14-035262,a14-12019_18k.htm,Data\edgar\item5_02_text\1326160\0001104659-14-035262_a14-12019_18k.htm,1
1326160,8-K,2014-07-24,5.02,0001104659-14-053140,a14-17625_18k.htm,Data\edgar\item5_02_text\1326160\0001104659-14-053140_a14-17625_18k.htm,1
1326160,8-K,2016-02-18,"2.02,5.02,9.01",0001193125-16-467698,d143218d8k.htm,Data\edgar\item5_02_text\1326160\0001193125-16-467698_d143218d8k.htm,1
1326160,8-K,2016-02-29,5.02,0001104659-16-100726,a16-5348_18k.htm,Data\edgar\item5_02_text\1326160\0001104659-16-100726_a16-5348_18k.htm,1
1326160,8-K,2016-04-12,5.02,0001104659-16-110903,a16-8292_18k.htm,Data\edgar\item5_02_text\1326160\0001104659-16-110903_a16-8292_18k.htm,1
1326160,8-K,2016-05-10,"5.02,5.07",0001104659-16-119780,a16-10869_18k.htm,Data\edgar\item5_02_text\1326160\0001104659-16-119780_a16-10869_18k.htm,1
1326160,8-K,2016-08-25,5.02,0001326160-16-000368,form8-krewebsterboardappoi.htm,Data\edgar\item5_02_text\1326160\0001326160-16-000368_form8-krewebsterboardappoi.htm,1
1326160,8-K,2016-10-03,"2.01,5.02,7.01,9.01",0001104659-16-148226,a16-19209_28k.htm,Data\edgar\item5_02_text\1326160\0001104659-16-148226_a16-19209_28k.htm,1
1326160,8-K,2017-02-23,5.02,0001326160-17-000011,form8-kcraverboardappointm.htm,Data\edgar\item5_02_text\1326160\0001326160-17-000011_form8-kcraverboardappointm.htm,1
1326160,8-K,2017-08-25,5.02,0001104659-17-053547,a17-20955_18k.htm,Data\edgar\item5_02_text\1326160\0001104659-17-053547_a17-20955_18k.htm,1
1326160,8-K,2017-12-14,5.02,0001326160-17-000184,final8-kredavisboardappoin.htm,Data\edgar\item5_02_text\1326160\0001326160-17-000184_final8-kredavisboardappoin.htm,1
1326160,8-K,2019-06-26,5.02,0001326160-19-000166,a6-26x19form8xkfanandakis.htm,Data\edgar\item5_02_text\1326160\0001326160-19-000166_a6-26x19form8xkfanandakis.htm,1
1326160,8-K,2019-08-09,5.02,0001410578-19-000740,tv527229_8k.htm,Data\edgar\item5_02_text\1326160\0001410578-19-000740_tv527229_8k.htm,1
1326160,8-K,2020-09-25,"5.02,9.01",0001104659-20-108520,tm2031555-1_8k.htm,Data\edgar\item5_02_text\1326160\0001104659-20-108520_tm2031555-1_8k.htm,1
1326160,8-K,2021-03-03,5.02,0001326160-21-000105,duk-20210225.htm,Data\edgar\item5_02_text\1326160\0001326160-21-000105_duk-20210225.htm,1
1326160,8-K,2021-03-30,5.02,0001104659-21-043714,tm2111251d1_8k.htm,Data\edgar\item5_02_text\1326160\0001104659-21-043714_tm2111251d1_8k.htm,1
1326160,8-K,2021-05-11,"5.02,5.07",0001104659-21-064570,tm2115845d1_8k.htm,Data\edgar\item5_02_text\1326160\0001104659-21-064570_tm2115845d1_8k.htm,1
1326160,8-K,2021-09-27,"5.02,9.01",0001326160-21-000219,duk-20210922.htm,Data\edgar\item5_02_text\1326160\0001326160-21-000219_duk-20210922.htm,1
1326160,8-K,2021-11-15,"1.01,5.02,8.01,9.01",0001104659-21-138544,tm2132901d1_8k.htm,Data\edgar\item5_02_text\1326160\0001104659-21-138544_tm2132901d1_8k.htm,1
1326801,8-K,2012-06-25,5.02,0001193125-12-282349,d371533d8k.htm,Data\edgar\item5_02_text\1326801\0001193125-12-282349_d371533d8k.htm,1
1326801,8-K,2012-09-04,"5.02,8.01",0001193125-12-379221,d405186d8k.htm,Data\edgar\item5_02_text\1326801\0001193125-12-379221_d405186d8k.htm,1
1326801,8-K,2013-03-06,5.02,0001326801-13-000006,fb_x8-kxappointmentxofxsus.htm,Data\edgar\item5_02_text\1326801\0001326801-13-000006_fb_x8-kxappointmentxofxsus.htm,1
1326801,8-K/A,2013-04-03,5.02,0001326801-13-000008,amendmenttofbform8-ksdhcom.htm,Data\edgar\item5_02_text\1326801\0001326801-13-000008_amendmenttofbform8-ksdhcom.htm,1
1326801,8-K,2013-04-26,5.02,0001193125-13-177980,d527261d8k.htm,Data\edgar\item5_02_text\1326801\0001193125-13-177980_d527261d8k.htm,1
1326801,8-K,2013-05-01,"2.02,5.02,9.01",0001193125-13-192397,d530318d8k.htm,Data\edgar\item5_02_text\1326801\0001193125-13-192397_d530318d8k.htm,1
1326801,8-K,2014-04-23,"2.02,5.02,9.01",0001326801-14-000020,form8-kq12014earnings.htm,Data\edgar\item5_02_text\1326801\0001326801-14-000020_form8-kq12014earnings.htm,1
1326801,8-K,2016-11-18,5.02,0001326801-16-000094,form8-kcaonovember2016.htm,Data\edgar\item5_02_text\1326801\0001326801-16-000094_form8-kcaonovember2016.htm,1
1326801,8-K,2017-03-07,5.02,0001326801-17-000011,a8-kitem502.htm,Data\edgar\item5_02_text\1326801\0001326801-17-000011_a8-kitem502.htm,1
1326801,8-K,2018-01-18,"5.02,9.01",0001326801-18-000003,form8k_118.htm,Data\edgar\item5_02_text\1326801\0001326801-18-000003_form8k_118.htm,1
1326801,8-K,2018-05-01,5.02,0001193125-18-145181,d579264d8k.htm,Data\edgar\item5_02_text\1326801\0001193125-18-145181_d579264d8k.htm,1
1326801,8-K/A,2018-05-08,5.02,0001326801-18-000039,form8k-a.htm,Data\edgar\item5_02_text\1326801\0001326801-18-000039_form8k-a.htm,1
1326801,8-K,2018-05-08,"5.02,8.01,9.01",0001326801-18-000037,form8k.htm,Data\edgar\item5_02_text\1326801\0001326801-18-000037_form8k.htm,1
1326801,8-K,2019-03-14,5.02,0001326801-19-000016,form8k_314.htm,Data\edgar\item5_02_text\1326801\0001326801-19-000016_form8k_314.htm,1
1336920,8-K,2020-10-20,"5.02,9.01",0001336920-20-000078,ldos-20201015.htm,Data\edgar\item5_02_text\1336920\0001336920-20-000078_ldos-20201015.htm,1
1336920,8-K,2021-05-04,"5.02,9.01",0001628280-21-008697,ldos-20210430.htm,Data\edgar\item5_02_text\1336920\0001628280-21-008697_ldos-20210430.htm,1
1336920,8-K,2021-07-28,"5.02,9.01",0001336920-21-000031,ldos-20210727.htm,Data\edgar\item5_02_text\1336920\0001336920-21-000031_ldos-20210727.htm,1
1336920,8-K,2022-02-16,"5.02,9.01",0001336920-22-000010,ldos-20220211.htm,Data\edgar\item5_02_text\1336920\0001336920-22-000010_ldos-20220211.htm,1
1336920,8-K,2023-02-27,"5.02,9.01",0001336920-23-000019,ldos-20230223.htm,Data\edgar\item5_02_text\1336920\0001336920-23-000019_ldos-20230223.htm,1
1336920,8-K/A,2023-03-31,"5.02,9.01",0001628280-23-010215,ldos-20230223.htm,Data\edgar\item5_02_text\1336920\0001628280-23-010215_ldos-20230223.htm,1
1336920,8-K,2023-11-02,"5.02,7.01,9.01",0001628280-23-036068,ldos-20231027.htm,Data\edgar\item5_02_text\1336920\0001628280-23-036068_ldos-20231027.htm,1
1341439,8-K,2012-06-21,5.02,0001193125-12-277735,d370288d8k.htm,Data\edgar\item5_02_text\1341439\0001193125-12-277735_d370288d8k.htm,1
1341439,8-K,2013-02-05,5.02,0001193125-13-037562,d480568d8k.htm,Data\edgar\item5_02_text\1341439\0001193125-13-037562_d480568d8k.htm,1
1373715,8-K,2022-07-27,"2.02,5.02,9.01",0001373715-22-000239,now-20220725.htm,Data\edgar\item5_02_text\1373715\0001373715-22-000239_now-20220725.htm,1
1373715,8-K,2022-08-24,5.02,0001373715-22-000309,now-20220822.htm,Data\edgar\item5_02_text\1373715\0001373715-22-000309_now-20220822.htm,1
1373715,8-K,2022-10-26,"2.02,5.02,9.01",0001373715-22-000329,now-20221023.htm,Data\edgar\item5_02_text\1373715\0001373715-22-000329_now-20221023.htm,1
1373715,8-K,2023-01-25,"2.02,5.02,9.01",0001373715-23-000016,now-20230124.htm,Data\edgar\item5_02_text\1373715\0001373715-23-000016_now-20230124.htm,1
1373715,8-K,2023-04-26,"2.02,5.02,9.01",0001373715-23-000162,now-20230424.htm,Data\edgar\item5_02_text\1373715\0001373715-23-000162_now-20230424.htm,1
1373715,8-K,2023-06-02,"5.02,5.07,9.01",0001373715-23-000282,now-20230601.htm,Data\edgar\item5_02_text\1373715\0001373715-23-000282_now-20230601.htm,1
1373715,8-K,2024-07-24,"2.02,5.02,9.01",0001373715-24-000269,now-20240724.htm,Data\edgar\item5_02_text\1373715\0001373715-24-000269_now-20240724.htm,1
1373715,8-K,2024-10-23,"2.02,5.02,9.01",0001373715-24-000342,now-20241021.htm,Data\edgar\item5_02_text\1373715\0001373715-24-000342_now-20241021.htm,1
1387467,8-K,2020-08-17,5.02,0001387467-20-000042,aos8-k2020bonusplan.htm,Data\edgar\item5_02_text\1387467\0001387467-20-000042_aos8-k2020bonusplan.htm,1
1387467,8-K,2020-11-16,"5.02,5.07,9.01",0001387467-20-000076,aosvotingresultsof2020.htm,Data\edgar\item5_02_text\1387467\0001387467-20-000076_aosvotingresultsof2020.htm,1
1387467,8-K,2021-02-05,5.02,0001387467-21-000009,aosl-20210203.htm,Data\edgar\item5_02_text\1387467\0001387467-21-000009_aosl-20210203.htm,1
1387467,8-K,2021-03-02,5.02,0001387467-21-000022,aosl-20210225.htm,Data\edgar\item5_02_text\1387467\0001387467-21-000022_aosl-20210225.htm,1
1387467,8-K,2021-08-13,"5.02,9.01",0001157523-21-001054,a52476520.htm,Data\edgar\item5_02_text\1387467\0001157523-21-001054_a52476520.htm,1
1387467,8-K,2021-11-04,"2.02,5.02,9.01",0001157523-21-001341,a52521884.htm,Data\edgar\item5_02_text\1387467\0001157523-21-001341_a52521884.htm,1
1387467,8-K,2022-02-28,5.02,0001387467-22-000019,aosl-20220224.htm,Data\edgar\item5_02_text\1387467\0001387467-22-000019_aosl-20220224.htm,1
1387467,8-K,2022-12-08,"5.02,9.01",0001387467-22-000099,aosl-20221206.htm,Data\edgar\item5_02_text\1387467\0001387467-22-000099_aosl-20221206.htm,1
1397911,8-K,2016-07-13,5.02,0001397911-16-000332,form8-k20160713paodeparture.htm,Data\edgar\item5_02_text\1397911\0001397911-16-000332_form8-k20160713paodeparture.htm,1
1397911,8-K,2016-12-05,"5.02,7.01,9.01",0001193125-16-784580,d308002d8k.htm,Data\edgar\item5_02_text\1397911\0001193125-16-784580_d308002d8k.htm,1
1397911,8-K,2016-12-23,5.02,0001397911-16-000378,form8-k20161223.htm,Data\edgar\item5_02_text\1397911\0001397911-16-000378_form8-k20161223.htm,1
1397911,8-K,2018-03-29,"5.02,9.01",0001397911-18-000092,form8-k20180329.htm,Data\edgar\item5_02_text\1397911\0001397911-18-000092_form8-k20180329.htm,1
1397911,8-K,2018-06-04,"5.02,7.01,9.01",0001397911-18-000128,form8-k20180604.htm,Data\edgar\item5_02_text\1397911\0001397911-18-000128_form8-k20180604.htm,1
1397911,8-K,2018-09-19,5.02,0001397911-18-000184,form8-k20180915boddeparture.htm,Data\edgar\item5_02_text\1397911\0001397911-18-000184_form8-k20180915boddeparture.htm,1
1397911,8-K,2019-01-31,"2.02,5.02,9.01",0001397911-19-000008,form8-k20190131.htm,Data\edgar\item5_02_text\1397911\0001397911-19-000008_form8-k20190131.htm,1
1400891,8-K,2023-05-19,"5.02,5.07,9.01",0001193125-23-149381,d510391d8k.htm,Data\edgar\item5_02_text\1400891\0001193125-23-149381_d510391d8k.htm,1
1400891,8-K,2024-11-01,5.02,0001400891-24-000030,ihm-20241028.htm,Data\edgar\item5_02_text\1400891\0001400891-24-000030_ihm-20241028.htm,1
1400891,8-K,2025-03-05,5.02,0001400891-25-000012,ihm-20250303.htm,Data\edgar\item5_02_text\1400891\0001400891-25-000012_ihm-20250303.htm,1
1400891,8-K,2025-04-01,5.02,0001400891-25-000020,ihm-20250326.htm,Data\edgar\item5_02_text\1400891\0001400891-25-000020_ihm-20250326.htm,1
1400891,8-K,2025-06-05,5.02,0001400891-25-000040,ihm-20250530.htm,Data\edgar\item5_02_text\1400891\0001400891-25-000040_ihm-20250530.htm,1
1400891,8-K,2025-09-02,"5.02,9.01",0001193125-25-193386,d93724d8k.htm,Data\edgar\item5_02_text\1400891\0001193125-25-193386_d93724d8k.htm,1
1428439,8-K,2022-01-07,"5.02,9.01",0001193125-22-004090,d44793d8k.htm,Data\edgar\item5_02_text\1428439\0001193125-22-004090_d44793d8k.htm,1
1428439,8-K,2022-09-14,"5.02,9.01",0001193125-22-244792,d392908d8k.htm,Data\edgar\item5_02_text\1428439\0001193125-22-244792_d392908d8k.htm,1
1428439,8-K,2022-11-02,"5.02,9.01",0001428439-22-000033,wk-20221031.htm,Data\edgar\item5_02_text\1428439\0001428439-22-000033_wk-20221031.htm,1
1428439,8-K,2022-12-19,5.02,0001428439-22-000038,wk-20221213.htm,Data\edgar\item5_02_text\1428439\0001428439-22-000038_wk-20221213.htm,1
1428439,8-K,2023-03-08,"5.02,9.01",0001193125-23-063903,d466555d8k.htm,Data\edgar\item5_02_text\1428439\0001193125-23-063903_d466555d8k.htm,1
1428439,8-K,2023-08-11,5.02,0001428439-23-000032,wk-20230809.htm,Data\edgar\item5_02_text\1428439\0001428439-23-000032_wk-20230809.htm,1
1428439,8-K,2024-06-07,"5.02,5.07,9.01",0001428439-24-000027,wk-20240606.htm,Data\edgar\item5_02_text\1428439\0001428439-24-000027_wk-20240606.htm,1
1447669,8-K,2021-01-14,"5.02,9.01",0001193125-21-008667,d113435d8k.htm,Data\edgar\item5_02_text\1447669\0001193125-21-008667_d113435d8k.htm,1
1447669,8-K,2021-02-22,"5.02,8.01,9.01",0001193125-21-049966,d126706d8k.htm,Data\edgar\item5_02_text\1447669\0001193125-21-049966_d126706d8k.htm,1
1447669,8-K/A,2021-03-23,5.02,0001193125-21-091239,d125978d8ka.htm,Data\edgar\item5_02_text\1447669\0001193125-21-091239_d125978d8ka.htm,1
1447669,8-K,2021-05-05,"2.02,5.02,9.01",0001447669-21-000122,twlo-20210430.htm,Data\edgar\item5_02_text\1447669\0001447669-21-000122_twlo-20210430.htm,1
1447669,8-K,2021-10-27,"2.02,5.02,9.01",0001447669-21-000263,twlo-20211025.htm,Data\edgar\item5_02_text\1447669\0001447669-21-000263_twlo-20211025.htm,1
1447669,8-K,2021-12-10,5.02,0001447669-21-000296,twlo-20211208.htm,Data\edgar\item5_02_text\1447669\0001447669-21-000296_twlo-20211208.htm,1
1447669,8-K,2022-05-04,"2.02,5.02,9.01",0001447669-22-000094,twlo-20220428.htm,Data\edgar\item5_02_text\1447669\0001447669-22-000094_twlo-20220428.htm,1
1447669,8-K,2022-08-04,"2.02,5.02,9.01",0001447669-22-000141,twlo-20220804.htm,Data\edgar\item5_02_text\1447669\0001447669-22-000141_twlo-20220804.htm,1
1447669,8-K/A,2022-12-09,5.02,0001447669-22-000212,twlo-20220804.htm,Data\edgar\item5_02_text\1447669\0001447669-22-000212_twlo-20220804.htm,1
1447669,8-K,2023-02-03,5.02,0001447669-23-000009,twlo-20221219.htm,Data\edgar\item5_02_text\1447669\0001447669-23-000009_twlo-20221219.htm,1
1447669,8-K,2023-02-13,"2.02,2.05,5.02,7.01,8.01,9.01",0001193125-23-034646,d465044d8k.htm,Data\edgar\item5_02_text\1447669\0001193125-23-034646_d465044d8k.htm,1
1447669,8-K,2023-02-15,"2.02,5.02,8.01,9.01",0001447669-23-000025,twlo-20230214.htm,Data\edgar\item5_02_text\1447669\0001447669-23-000025_twlo-20230214.htm,1
1447669,8-K,2023-02-23,"5.02,9.01",0001193125-23-045159,d490360d8k.htm,Data\edgar\item5_02_text\1447669\0001193125-23-045159_d490360d8k.htm,1
1447669,8-K,2023-03-30,"5.02,9.01",0001447669-23-000075,twlo-20230327.htm,Data\edgar\item5_02_text\1447669\0001447669-23-000075_twlo-20230327.htm,1
1447669,8-K,2023-11-08,"2.02,5.02,9.01",0001447669-23-000224,twlo-20231103.htm,Data\edgar\item5_02_text\1447669\0001447669-23-000224_twlo-20231103.htm,1
1447669,8-K,2023-12-01,"5.02,9.01",0001447669-23-000241,twlo-20231130.htm,Data\edgar\item5_02_text\1447669\0001447669-23-000241_twlo-20231130.htm,1
1447669,8-K,2024-01-08,"2.02,5.02,7.01,8.01,9.01",0001193125-24-004000,d551551d8k.htm,Data\edgar\item5_02_text\1447669\0001193125-24-004000_d551551d8k.htm,1
1447669,8-K,2024-04-01,"1.01,5.02,7.01,9.01",0001193125-24-082747,d819874d8k.htm,Data\edgar\item5_02_text\1447669\0001193125-24-082747_d819874d8k.htm,1
1447669,8-K,2024-04-04,"5.02,7.01,9.01",0001193125-24-086510,d823064d8k.htm,Data\edgar\item5_02_text\1447669\0001193125-24-086510_d823064d8k.htm,1
1472787,8-K,2022-02-10,"2.02,5.02,9.01",0001564590-22-004505,faf-8k_20220204.htm,Data\edgar\item5_02_text\1472787\0001564590-22-004505_faf-8k_20220204.htm,1
1472787,8-K/A,2022-03-14,"5.02,9.01",0001564590-22-010090,faf-8ka_20220204.htm,Data\edgar\item5_02_text\1472787\0001564590-22-010090_faf-8ka_20220204.htm,1
1472787,8-K,2022-05-13,"5.02,5.07,9.01",0001564590-22-020134,faf-8k_20220510.htm,Data\edgar\item5_02_text\1472787\0001564590-22-020134_faf-8k_20220510.htm,1
1472787,8-K,2022-07-08,5.02,0001564590-22-025523,faf-8k_20220706.htm,Data\edgar\item5_02_text\1472787\0001564590-22-025523_faf-8k_20220706.htm,1
1472787,8-K,2024-09-10,"5.02,9.01",0000950170-24-105161,faf-20240910.htm,Data\edgar\item5_02_text\1472787\0000950170-24-105161_faf-20240910.htm,1
1501585,8-K,2020-03-10,"5.02,9.01",0001193125-20-068719,d885433d8k.htm,Data\edgar\item5_02_text\1501585\0001193125-20-068719_d885433d8k.htm,1
1501585,8-K,2020-12-18,"5.02,5.05,9.01",0001193125-20-321598,d95898d8k.htm,Data\edgar\item5_02_text\1501585\0001193125-20-321598_d95898d8k.htm,1
1501585,8-K,2021-01-21,"5.02,9.01",0001193125-21-013212,d116167d8k.htm,Data\edgar\item5_02_text\1501585\0001193125-21-013212_d116167d8k.htm,1
1501585,8-K,2021-03-08,"5.02,9.01",0001193125-21-072840,d84630d8k.htm,Data\edgar\item5_02_text\1501585\0001193125-21-072840_d84630d8k.htm,1
1501585,8-K,2022-02-01,"5.02,9.01",0001193125-22-024572,d82681d8k.htm,Data\edgar\item5_02_text\1501585\0001193125-22-024572_d82681d8k.htm,1
1501585,8-K,2022-02-01,"5.02,9.01",0001193125-22-023552,d292072d8k.htm,Data\edgar\item5_02_text\1501585\0001193125-22-023552_d292072d8k.htm,1
1501585,8-K,2022-03-04,5.02,0001193125-22-065623,d198358d8k.htm,Data\edgar\item5_02_text\1501585\0001193125-22-065623_d198358d8k.htm,1
1501585,8-K/A,2022-03-04,5.02,0001193125-22-065618,d199082d8ka.htm,Data\edgar\item5_02_text\1501585\0001193125-22-065618_d199082d8ka.htm,1
1501585,8-K,2022-05-09,"5.02,9.01",0001193125-22-145035,d259411d8k.htm,Data\edgar\item5_02_text\1501585\0001193125-22-145035_d259411d8k.htm,1
1501585,8-K,2022-07-22,5.02,0001193125-22-200081,d304819d8k.htm,Data\edgar\item5_02_text\1501585\0001193125-22-200081_d304819d8k.htm,1
1501585,8-K,2022-12-09,"5.02,9.01",0001193125-22-301591,d421696d8k.htm,Data\edgar\item5_02_text\1501585\0001193125-22-301591_d421696d8k.htm,1
1501585,8-K,2022-12-20,5.02,0001193125-22-309155,d462123d8k.htm,Data\edgar\item5_02_text\1501585\0001193125-22-309155_d462123d8k.htm,1
1501585,8-K,2023-10-05,"5.02,9.01",0001193125-23-251587,d554863d8k.htm,Data\edgar\item5_02_text\1501585\0001193125-23-251587_d554863d8k.htm,1
1510295,8-K,2017-02-01,5.02,0001510295-17-000011,mpc8-kxstice.htm,Data\edgar\item5_02_text\1510295\0001510295-17-000011_mpc8-kxstice.htm,1
1510295,8-K/A,2017-02-27,5.02,0001510295-17-000019,mpc8-kastice.htm,Data\edgar\item5_02_text\1510295\0001510295-17-000019_mpc8-kastice.htm,1
1510295,8-K,2017-03-15,5.02,0001510295-17-000028,mpc8-kmarch152017.htm,Data\edgar\item5_02_text\1510295\0001510295-17-000028_mpc8-kmarch152017.htm,1
1510295,8-K,2017-06-05,"5.02,5.03,9.01",0001510295-17-000059,mpc8-kappointments.htm,Data\edgar\item5_02_text\1510295\0001510295-17-000059_mpc8-kappointments.htm,1
1510295,8-K,2018-08-10,"5.02,8.01,9.01",0001510295-18-000146,mpc8-k8102018.htm,Data\edgar\item5_02_text\1510295\0001510295-18-000146_mpc8-k8102018.htm,1
1510295,8-K,2018-10-01,"1.02,2.01,2.03,5.02,5.03,7.01,9.01",0001193125-18-289740,d632978d8k.htm,Data\edgar\item5_02_text\1510295\0001193125-18-289740_d632978d8k.htm,1
1510295,8-K,2018-11-14,5.02,0001510295-18-000225,mpc8-knov82018.htm,Data\edgar\item5_02_text\1510295\0001510295-18-000225_mpc8-knov82018.htm,1
1510295,8-K,2019-01-30,"5.02,9.01",0001510295-19-000007,mpc8-kjan2019.htm,Data\edgar\item5_02_text\1510295\0001510295-19-000007_mpc8-kjan2019.htm,1
1510295,8-K,2019-06-25,5.02,0001510295-19-000078,mpc8-kofficerchanges62019.htm,Data\edgar\item5_02_text\1510295\0001510295-19-000078_mpc8-kofficerchanges62019.htm,1
1512673,8-K,2016-05-13,"5.02,8.01,9.01",0001193125-16-589702,d153714d8k.htm,Data\edgar\item5_02_text\1512673\0001193125-16-589702_d153714d8k.htm,1
1512673,8-K,2016-08-11,5.02,0001193125-16-679281,d193806d8k.htm,Data\edgar\item5_02_text\1512673\0001193125-16-679281_d193806d8k.htm,1
1512673,8-K,2016-08-29,"5.02,7.01,9.01",0001193125-16-695521,d240203d8k.htm,Data\edgar\item5_02_text\1512673\0001193125-16-695521_d240203d8k.htm,1
1512673,8-K,2016-10-05,5.02,0001193125-16-731604,d234517d8k.htm,Data\edgar\item5_02_text\1512673\0001193125-16-731604_d234517d8k.htm,1
1512673,8-K,2021-05-07,5.02,0001193125-21-155059,d448286d8k.htm,Data\edgar\item5_02_text\1512673\0001193125-21-155059_d448286d8k.htm,1
1512673,8-K,2022-01-31,"1.01,2.01,2.03,3.02,5.02,7.01,9.01",0001193125-22-023529,d261416d8k.htm,Data\edgar\item5_02_text\1512673\0001193125-22-023529_d261416d8k.htm,1
1512673,8-K,2022-04-15,5.02,0001193125-22-106860,d195404d8k.htm,Data\edgar\item5_02_text\1512673\0001193125-22-106860_d195404d8k.htm,1
1512673,8-K/A,2022-04-22,5.02,0001193125-22-115189,d344135d8ka.htm,Data\edgar\item5_02_text\1512673\0001193125-22-115189_d344135d8ka.htm,1
1512673,8-K,2023-01-12,5.02,0001193125-23-007182,d449462d8k.htm,Data\edgar\item5_02_text\1512673\0001193125-23-007182_d449462d8k.htm,1
1512673,8-K,2023-07-11,5.02,0001193125-23-185337,d442940d8k.htm,Data\edgar\item5_02_text\1512673\0001193125-23-185337_d442940d8k.htm,1
1512673,8-K,2023-07-27,"5.02,9.01",0001193125-23-196098,d539859d8k.htm,Data\edgar\item5_02_text\1512673\0001193125-23-196098_d539859d8k.htm,1
1512673,8-K,2023-09-18,5.02,0001193125-23-236904,d479324d8k.htm,Data\edgar\item5_02_text\1512673\0001193125-23-236904_d479324d8k.htm,1
1512673,8-K/A,2023-10-27,5.02,0001193125-23-265109,d557189d8ka.htm,Data\edgar\item5_02_text\1512673\0001193125-23-265109_d557189d8ka.htm,1
1512673,8-K,2024-02-09,5.02,0001193125-24-029919,d728712d8k.htm,Data\edgar\item5_02_text\1512673\0001193125-24-029919_d728712d8k.htm,1
1535527,8-K,2020-04-10,5.02,0001104659-20-045597,tm2015654d1_8k.htm,Data\edgar\item5_02_text\1535527\0001104659-20-045597_tm2015654d1_8k.htm,1
1535527,8-K,2020-06-18,5.02,0001104659-20-074711,tm2022965d1_8k.htm,Data\edgar\item5_02_text\1535527\0001104659-20-074711_tm2022965d1_8k.htm,1
1535527,8-K,2020-12-03,5.02,0001104659-20-132008,tm2037694d1_8k.htm,Data\edgar\item5_02_text\1535527\0001104659-20-132008_tm2037694d1_8k.htm,1
1535527,8-K,2021-03-12,"5.02,9.01",0001104659-21-035670,tm219494d1_8k.htm,Data\edgar\item5_02_text\1535527\0001104659-21-035670_tm219494d1_8k.htm,1
1535527,8-K,2021-04-09,5.02,0001104659-21-048810,tm2112658d1_8k.htm,Data\edgar\item5_02_text\1535527\0001104659-21-048810_tm2112658d1_8k.htm,1
1535527,8-K,2021-08-06,5.02,0001104659-21-101531,tm2124374d1_8k.htm,Data\edgar\item5_02_text\1535527\0001104659-21-101531_tm2124374d1_8k.htm,1
1535527,8-K,2021-09-17,5.02,0001104659-21-117007,tm2127949d1_8k.htm,Data\edgar\item5_02_text\1535527\0001104659-21-117007_tm2127949d1_8k.htm,1
1535527,8-K,2021-10-22,5.02,0001104659-21-129072,tm2130856d1_8k.htm,Data\edgar\item5_02_text\1535527\0001104659-21-129072_tm2130856d1_8k.htm,1
1535527,8-K,2021-12-30,5.02,0001104659-21-154724,tm2136531d1_8k.htm,Data\edgar\item5_02_text\1535527\0001104659-21-154724_tm2136531d1_8k.htm,1
1535527,8-K,2022-01-14,"5.02,9.01",0001104659-22-004504,tm222862d1_8k.htm,Data\edgar\item5_02_text\1535527\0001104659-22-004504_tm222862d1_8k.htm,1
1535527,8-K,2022-04-08,5.02,0001104659-22-044351,tm2212244d1_8k.htm,Data\edgar\item5_02_text\1535527\0001104659-22-044351_tm2212244d1_8k.htm,1
1535527,8-K,2023-01-23,5.02,0001104659-23-005624,tm234087d1_8k.htm,Data\edgar\item5_02_text\1535527\0001104659-23-005624_tm234087d1_8k.htm,1
1535527,8-K,2023-03-03,"5.02,5.03,9.01",0001104659-23-028507,tm238330d1_8k.htm,Data\edgar\item5_02_text\1535527\0001104659-23-028507_tm238330d1_8k.htm,1
1543151,8-K,2019-05-24,5.02,0001193125-19-157213,d753156d8k.htm,Data\edgar\item5_02_text\1543151\0001193125-19-157213_d753156d8k.htm,1
1543151,8-K,2019-06-07,5.02,0001552781-19-000277,e19316_uber-8k.htm,Data\edgar\item5_02_text\1543151\0001552781-19-000277_e19316_uber-8k.htm,1
1543151,8-K,2019-07-24,5.02,0001193125-19-201404,d778039d8k.htm,Data\edgar\item5_02_text\1543151\0001193125-19-201404_d778039d8k.htm,1
1543151,8-K,2019-07-24,5.02,0001193125-19-201403,d778037d8k.htm,Data\edgar\item5_02_text\1543151\0001193125-19-201403_d778037d8k.htm,1
1543151,8-K,2019-12-26,5.02,0001552781-19-000515,e19531_uber-8k.htm,Data\edgar\item5_02_text\1543151\0001552781-19-000515_e19531_uber-8k.htm,1
1543151,8-K,2020-02-19,"5.02,9.01",0001552781-20-000149,e20097_uber-8k.htm,Data\edgar\item5_02_text\1543151\0001552781-20-000149_e20097_uber-8k.htm,1
1543151,8-K,2020-03-23,5.02,0001552781-20-000209,e20170_uber-8k.htm,Data\edgar\item5_02_text\1543151\0001552781-20-000209_e20170_uber-8k.htm,1
1543151,8-K,2021-03-22,"5.02,9.01",0001552781-21-000144,e21165_uber-8k.htm,Data\edgar\item5_02_text\1543151\0001552781-21-000144_e21165_uber-8k.htm,1
1543151,8-K,2023-06-30,"5.02,9.01",0001552781-23-000316,e23297_uber-8k.htm,Data\edgar\item5_02_text\1543151\0001552781-23-000316_e23297_uber-8k.htm,1
1543151,8-K,2023-08-01,"1.01,2.02,2.03,5.02,9.01",0001543151-23-000021,uber-20230728.htm,Data\edgar\item5_02_text\1543151\0001543151-23-000021_uber-20230728.htm,1
1543151,8-K,2023-09-28,"5.02,9.01",0001552781-23-000389,e23399_uber-8k.htm,Data\edgar\item5_02_text\1543151\0001552781-23-000389_e23399_uber-8k.htm,1
1543151,8-K,2023-11-07,"2.02,5.02,9.01",0001543151-23-000036,uber-20231107.htm,Data\edgar\item5_02_text\1543151\0001543151-23-000036_uber-20231107.htm,1
1543151,8-K,2023-11-17,5.02,0001552781-23-000451,e23460_uber-8k.htm,Data\edgar\item5_02_text\1543151\0001552781-23-000451_e23460_uber-8k.htm,1
1543151,8-K,2025-02-07,5.02,0001552781-25-000025,e25038_uber-8k.htm,Data\edgar\item5_02_text\1543151\0001552781-25-000025_e25038_uber-8k.htm,1
1553023,8-K,2016-10-31,"5.02,9.01",0001104659-16-153088,a16-20657_18k.htm,Data\edgar\item5_02_text\1553023\0001104659-16-153088_a16-20657_18k.htm,1
1553023,8-K/A,2016-12-02,"5.02,9.01",0001553023-16-000216,form8ka-gasa.htm,Data\edgar\item5_02_text\1553023\0001553023-16-000216_form8ka-gasa.htm,1
1553023,8-K,2018-02-22,"2.02,5.02,7.01,9.01",0001553023-18-000025,a4thqtrpressreleasefebruar.htm,Data\edgar\item5_02_text\1553023\0001553023-18-000025_a4thqtrpressreleasefebruar.htm,1
1553023,8-K,2018-06-25,5.02,0001553023-18-000090,a8k180621.htm,Data\edgar\item5_02_text\1553023\0001553023-18-000090_a8k180621.htm,1
1564408,8-K,2020-03-13,"5.02,9.01",0001564590-20-010661,snap-8k_20200312.htm,Data\edgar\item5_02_text\1564408\0001564590-20-010661_snap-8k_20200312.htm,1
1564408,8-K,2020-11-12,5.02,0001193125-20-291819,d87827d8k.htm,Data\edgar\item5_02_text\1564408\0001193125-20-291819_d87827d8k.htm,1
1564408,8-K,2020-12-11,"5.02,9.01",0001193125-20-315448,d27353d8k.htm,Data\edgar\item5_02_text\1564408\0001193125-20-315448_d27353d8k.htm,1
1564408,8-K,2021-09-27,5.02,0001193125-21-284200,d233227d8k.htm,Data\edgar\item5_02_text\1564408\0001193125-21-284200_d233227d8k.htm,1
1564408,8-K,2022-07-21,"1.01,2.02,5.02,5.03,5.07,8.01,9.01",0001564590-22-026167,snap-8k_20220719.htm,Data\edgar\item5_02_text\1564408\0001564590-22-026167_snap-8k_20220719.htm,1
1564408,8-K,2022-08-31,"2.02,2.05,5.02,7.01,9.01",0001193125-22-234696,d400240d8k.htm,Data\edgar\item5_02_text\1564408\0001193125-22-234696_d400240d8k.htm,1
1590895,8-K,2021-10-22,"5.02,7.01,9.01",0001193125-21-305552,d437084d8k.htm,Data\edgar\item5_02_text\1590895\0001193125-21-305552_d437084d8k.htm,1
1590895,8-K/A,2021-12-14,5.02,0001193125-21-356883,d262648d8ka.htm,Data\edgar\item5_02_text\1590895\0001193125-21-356883_d262648d8ka.htm,1
1590895,8-K,2022-01-04,"5.02,9.01",0001590895-22-000004,czr-20211228.htm,Data\edgar\item5_02_text\1590895\0001590895-22-000004_czr-20211228.htm,1
1590895,8-K,2022-03-01,"5.02,9.01",0001590895-22-000078,czr-20220225.htm,Data\edgar\item5_02_text\1590895\0001590895-22-000078_czr-20220225.htm,1
1590895,8-K,2022-07-18,5.02,0001193125-22-196372,d389156d8k.htm,Data\edgar\item5_02_text\1590895\0001193125-22-196372_d389156d8k.htm,1
1590895,8-K,2024-01-30,5.02,0001590895-24-000004,czr-20240126.htm,Data\edgar\item5_02_text\1590895\0001590895-24-000004_czr-20240126.htm,1
1609711,8-K,2017-12-08,"3.02,5.02,8.01,9.01",0001609711-17-000280,gddy-12817ua.htm,Data\edgar\item5_02_text\1609711\0001609711-17-000280_gddy-12817ua.htm,1
1609711,8-K,2018-02-02,"5.02,9.01",0001609711-18-000020,gddy-2118xgarrettbod8xk.htm,Data\edgar\item5_02_text\1609711\0001609711-18-000020_gddy-2118xgarrettbod8xk.htm,1
1609711,8-K,2018-05-08,"2.02,5.02,9.01",0001609711-18-000127,gddy-03312018earningsrelea.htm,Data\edgar\item5_02_text\1609711\0001609711-18-000127_gddy-03312018earningsrelea.htm,1
1609711,8-K,2018-08-02,"2.02,5.02,9.01",0001609711-18-000176,gddy-063018earningsrelease.htm,Data\edgar\item5_02_text\1609711\0001609711-18-000176_gddy-063018earningsrelease.htm,1
1609711,8-K,2018-10-03,5.02,0001609711-18-000218,gddy-10318xparsons8xk.htm,Data\edgar\item5_02_text\1609711\0001609711-18-000218_gddy-10318xparsons8xk.htm,1
1609711,8-K,2019-02-14,5.02,0001609711-19-000008,gddy-2819xofficerchanges8xk.htm,Data\edgar\item5_02_text\1609711\0001609711-19-000008_gddy-2819xofficerchanges8xk.htm,1
1609711,8-K,2019-07-16,5.02,0001609711-19-000176,a71619cao8-k.htm,Data\edgar\item5_02_text\1609711\0001609711-19-000176_a71619cao8-k.htm,1
1609711,8-K,2019-08-02,"5.02,7.01",0001609711-19-000190,a8119-ceochange8xk.htm,Data\edgar\item5_02_text\1609711\0001609711-19-000190_a8119-ceochange8xk.htm,1
1609711,8-K,2019-09-09,5.02,0001609711-19-000212,gddy942019-alakamend8xk.htm,Data\edgar\item5_02_text\1609711\0001609711-19-000212_gddy942019-alakamend8xk.htm,1
1609711,8-K,2019-12-06,5.02,0001609711-19-000250,gddy1242019-pao8xk.htm,Data\edgar\item5_02_text\1609711\0001609711-19-000250_gddy1242019-pao8xk.htm,1
1609711,8-K,2020-02-10,"5.02,9.01",0001609711-20-000004,gddy-20200207.htm,Data\edgar\item5_02_text\1609711\0001609711-20-000004_gddy-20200207.htm,1
1609711,8-K,2020-04-23,"5.02,9.01",0001609711-20-000053,gddy-20200305.htm,Data\edgar\item5_02_text\1609711\0001609711-20-000053_gddy-20200305.htm,1
1609711,8-K,2020-11-04,"2.02,5.02,9.01",0001609711-20-000141,gddy-20201030.htm,Data\edgar\item5_02_text\1609711\0001609711-20-000141_gddy-20201030.htm,1
1609711,8-K,2021-02-11,"2.02,5.02,7.01,9.01",0001609711-21-000008,gddy-20210210.htm,Data\edgar\item5_02_text\1609711\0001609711-21-000008_gddy-20210210.htm,1
1609711,8-K/A,2021-04-23,5.02,0001609711-21-000052,gddy-20210210.htm,Data\edgar\item5_02_text\1609711\0001609711-21-000052_gddy-20210210.htm,1
1609711,8-K,2021-05-05,"2.02,5.02,7.01,9.01",0001609711-21-000059,gddy-20210501.htm,Data\edgar\item5_02_text\1609711\0001609711-21-000059_gddy-20210501.htm,1
1609711,8-K,2021-12-06,"5.02,9.01",0001609711-21-000126,gddy-20211130.htm,Data\edgar\item5_02_text\1609711\0001609711-21-000126_gddy-20211130.htm,1
1609711,8-K,2022-01-05,"5.02,9.01",0001609711-22-000003,gddy-20220103.htm,Data\edgar\item5_02_text\1609711\0001609711-22-000003_gddy-20220103.htm,1
1609711,8-K/A,2022-01-26,"5.02,9.01",0001609711-22-000011,gddy-20220103.htm,Data\edgar\item5_02_text\1609711\0001609711-22-000011_gddy-20220103.htm,1
1609711,8-K,2022-07-08,"5.02,5.03,9.01",0001609711-22-000092,gddy-20220707.htm,Data\edgar\item5_02_text\1609711\0001609711-22-000092_gddy-20220707.htm,1
1609711,8-K,2022-09-29,"5.02,9.01",0001609711-22-000118,gddy-20220923.htm,Data\edgar\item5_02_text\1609711\0001609711-22-000118_gddy-20220923.htm,1
1609711,8-K,2023-01-25,"5.02,7.01,9.01",0001609711-23-000009,gddy-20230122.htm,Data\edgar\item5_02_text\1609711\0001609711-23-000009_gddy-20230122.htm,1
1609711,8-K,2023-06-08,"5.02,5.07",0001609711-23-000099,gddy-20230606.htm,Data\edgar\item5_02_text\1609711\0001609711-23-000099_gddy-20230606.htm,1
1609711,8-K,2023-10-06,5.02,0001609711-23-000153,gddy-20231005.htm,Data\edgar\item5_02_text\1609711\0001609711-23-000153_gddy-20231005.htm,1
1632127,8-K,2017-05-04,"1.01,2.01,2.03,5.02,5.07,7.01,8.01,9.01",0000950157-17-000552,form8k.htm,Data\edgar\item5_02_text\1632127\0000950157-17-000552_form8k.htm,1
1632127,8-K,2017-10-05,"5.02,7.01,9.01",0000950157-17-001405,form8k.htm,Data\edgar\item5_02_text\1632127\0000950157-17-001405_form8k.htm,1
1632127,8-K,2017-11-08,"5.02,7.01,9.01",0001437749-17-018584,cabo20171107_8k.htm,Data\edgar\item5_02_text\1632127\0001437749-17-018584_cabo20171107_8k.htm,1
1632127,8-K,2017-11-22,5.02,0000950157-17-001559,form8k.htm,Data\edgar\item5_02_text\1632127\0000950157-17-001559_form8k.htm,1
1632127,8-K,2018-04-02,"5.02,7.01,9.01",0001437749-18-006058,cabo20180330_8k.htm,Data\edgar\item5_02_text\1632127\0001437749-18-006058_cabo20180330_8k.htm,1
1632127,8-K,2018-07-05,"5.02,7.01,9.01",0001437749-18-012969,cabo20180702_8k.htm,Data\edgar\item5_02_text\1632127\0001437749-18-012969_cabo20180702_8k.htm,1
1632127,8-K,2018-10-03,5.02,0001437749-18-017917,cabo20181002_8k.htm,Data\edgar\item5_02_text\1632127\0001437749-18-017917_cabo20181002_8k.htm,1
1632127,8-K,2019-07-01,"5.02,7.01,9.01",0001437749-19-013104,cabo20190624_8k.htm,Data\edgar\item5_02_text\1632127\0001437749-19-013104_cabo20190624_8k.htm,1
1632127,8-K,2019-09-16,"5.02,7.01,9.01",0001437749-19-018435,cabo20190911_8k.htm,Data\edgar\item5_02_text\1632127\0001437749-19-018435_cabo20190911_8k.htm,1
1640147,8-K,2023-04-07,"5.02,9.01",0001640147-23-000044,snow-20230405.htm,Data\edgar\item5_02_text\1640147\0001640147-23-000044_snow-20230405.htm,1
1640147,8-K,2023-05-24,"2.02,5.02,9.01",0001640147-23-000073,snow-20230523.htm,Data\edgar\item5_02_text\1640147\0001640147-23-000073_snow-20230523.htm,1
1640147,8-K,2023-08-23,"2.02,5.02,9.01",0001640147-23-000193,snow-20230822.htm,Data\edgar\item5_02_text\1640147\0001640147-23-000193_snow-20230822.htm,1
1640147,8-K,2024-02-28,"5.02,9.01",0001640147-24-000033,snow-20240227.htm,Data\edgar\item5_02_text\1640147\0001640147-24-000033_snow-20240227.htm,1
1640147,8-K,2024-02-28,"2.02,5.02,9.01",0001640147-24-000031,snow-20240227.htm,Data\edgar\item5_02_text\1640147\0001640147-24-000031_snow-20240227.htm,1
1640147,8-K,2024-07-02,5.02,0001640147-24-000183,snow-20240630.htm,Data\edgar\item5_02_text\1640147\0001640147-24-000183_snow-20240630.htm,1
1645590,8-K,2022-01-24,5.02,0001645590-22-000002,hpe-20220118.htm,Data\edgar\item5_02_text\1645590\0001645590-22-000002_hpe-20220118.htm,1
1645590,8-K,2022-06-21,5.02,0001645590-22-000041,hpe-20220617.htm,Data\edgar\item5_02_text\1645590\0001645590-22-000041_hpe-20220617.htm,1
1645590,8-K,2022-09-22,"5.02,9.01",0001645590-22-000055,hpe-20220922.htm,Data\edgar\item5_02_text\1645590\0001645590-22-000055_hpe-20220922.htm,1
1645590,8-K,2023-01-10,"5.02,9.01",0001645590-23-000005,hpe-20230110.htm,Data\edgar\item5_02_text\1645590\0001645590-23-000005_hpe-20230110.htm,1
1645590,8-K,2023-01-30,5.02,0001645590-23-000008,hpe-20230127.htm,Data\edgar\item5_02_text\1645590\0001645590-23-000008_hpe-20230127.htm,1
1645590,8-K,2023-04-06,"5.02,5.07,9.01",0001645590-23-000042,hpe-20230405.htm,Data\edgar\item5_02_text\1645590\0001645590-23-000042_hpe-20230405.htm,1
1645590,8-K,2023-06-14,"5.02,7.01,9.01",0001645590-23-000076,hpe-20230614.htm,Data\edgar\item5_02_text\1645590\0001645590-23-000076_hpe-20230614.htm,1
1645590,8-K,2023-08-07,"2.02,5.02,7.01,9.01",0001645590-23-000079,hpe-20230803.htm,Data\edgar\item5_02_text\1645590\0001645590-23-000079_hpe-20230803.htm,1
1645590,8-K,2023-12-15,"5.02,9.01",0001645590-23-000110,hpe-20231213.htm,Data\edgar\item5_02_text\1645590\0001645590-23-000110_hpe-20231213.htm,1
1645590,8-K,2024-01-23,"5.02,7.01,9.01",0001645590-24-000004,hpe-20240117.htm,Data\edgar\item5_02_text\1645590\0001645590-24-000004_hpe-20240117.htm,1
1645590,8-K,2024-02-08,5.02,0001645590-24-000016,hpe-20240206.htm,Data\edgar\item5_02_text\1645590\0001645590-24-000016_hpe-20240206.htm,1
1645590,8-K,2024-04-01,5.02,0001645590-24-000073,hpe-20240401.htm,Data\edgar\item5_02_text\1645590\0001645590-24-000073_hpe-20240401.htm,1
1645590,8-K,2024-04-12,"5.02,5.03,5.07,9.01",0001645590-24-000078,hpe-20240410.htm,Data\edgar\item5_02_text\1645590\0001645590-24-000078_hpe-20240410.htm,1
1645590,8-K,2024-11-05,5.02,0001645590-24-000125,hpe-20241030.htm,Data\edgar\item5_02_text\1645590\0001645590-24-000125_hpe-20241030.htm,1
1645590,8-K,2025-04-04,"5.02,5.07,9.01",0001645590-25-000048,hpe-20250402.htm,Data\edgar\item5_02_text\1645590\0001645590-25-000048_hpe-20250402.htm,1
1645590,8-K,2025-07-16,"1.01,5.02,7.01,9.01",0001645590-25-000081,hpe-20250716.htm,Data\edgar\item5_02_text\1645590\0001645590-25-000081_hpe-20250716.htm,1
1647088,8-K,2019-03-21,"5.02,9.01",0001104659-19-016594,a19-6989_18k.htm,Data\edgar\item5_02_text\1647088\0001104659-19-016594_a19-6989_18k.htm,1
1647088,8-K,2019-03-22,"5.02,9.01",0001104659-19-016868,a19-6989_38k.htm,Data\edgar\item5_02_text\1647088\0001104659-19-016868_a19-6989_38k.htm,1
1647088,8-K,2019-04-10,5.02,0001104659-19-020676,a19-8140_18k.htm,Data\edgar\item5_02_text\1647088\0001104659-19-020676_a19-8140_18k.htm,1
1647088,8-K,2019-05-17,"5.02,9.01",0001104659-19-030318,a19-10072_28k.htm,Data\edgar\item5_02_text\1647088\0001104659-19-030318_a19-10072_28k.htm,1
1647088,8-K,2019-06-19,"1.02,5.02,5.07,8.01,9.01",0001104659-19-036394,a19-11676_18k.htm,Data\edgar\item5_02_text\1647088\0001104659-19-036394_a19-11676_18k.htm,1
1647088,8-K,2019-11-15,"5.02,5.03,5.05,8.01,9.01",0001647088-19-000056,wsc-20191114.htm,Data\edgar\item5_02_text\1647088\0001647088-19-000056_wsc-20191114.htm,1
1647088,8-K,2020-03-05,"1.01,5.02,5.08,9.01",0001104659-20-029590,tm2011399d7_8k.htm,Data\edgar\item5_02_text\1647088\0001104659-20-029590_tm2011399d7_8k.htm,1
1647088,8-K,2020-07-01,"3.03,5.02,5.03,8.01,9.01",0001104659-20-079822,tm2023606d1_8k.htm,Data\edgar\item5_02_text\1647088\0001104659-20-079822_tm2023606d1_8k.htm,1
1652044,8-K12B,2015-10-02,"1.01,3.03,5.02,5.03,5.05,8.01,9.01",0001193125-15-336577,d82837d8k12b.htm,Data\edgar\item5_02_text\1652044\0001193125-15-336577_d82837d8k12b.htm,1
1652044,8-K,2016-06-10,"5.02,5.07,9.01",0001193125-16-619079,d208205d8k.htm,Data\edgar\item5_02_text\1652044\0001193125-16-619079_d208205d8k.htm,1
1652044,8-K,2016-06-29,"5.02,9.01",0001193125-16-635647,d205204d8k.htm,Data\edgar\item5_02_text\1652044\0001193125-16-635647_d205204d8k.htm,1
1652044,8-K,2017-06-09,"5.02,5.07,9.01",0001193125-17-200227,d410268d8k.htm,Data\edgar\item5_02_text\1652044\0001193125-17-200227_d410268d8k.htm,1
1652044,8-K,2017-07-24,"2.02,5.02,9.01",0001652044-17-000024,goog8-kq22017.htm,Data\edgar\item5_02_text\1652044\0001652044-17-000024_goog8-kq22017.htm,1
1652044,8-K,2017-12-21,"5.02,9.01",0001193125-17-376656,d462143d8k.htm,Data\edgar\item5_02_text\1652044\0001193125-17-376656_d462143d8k.htm,1
1660134,8-K,2022-01-28,"5.02,9.01",0001193125-22-020651,d50522d8k.htm,Data\edgar\item5_02_text\1660134\0001193125-22-020651_d50522d8k.htm,1
1660134,8-K,2022-04-29,"5.02,9.01",0001193125-22-128099,d323985d8k.htm,Data\edgar\item5_02_text\1660134\0001193125-22-128099_d323985d8k.htm,1
1660134,8-K,2022-07-18,"5.02,9.01",0001193125-22-196321,d373814d8k.htm,Data\edgar\item5_02_text\1660134\0001193125-22-196321_d373814d8k.htm,1
1660134,8-K,2022-08-22,"5.02,9.01",0001193125-22-226462,d274610d8k.htm,Data\edgar\item5_02_text\1660134\0001193125-22-226462_d274610d8k.htm,1
1660134,8-K,2022-08-31,"2.02,5.02,7.01,9.01",0001660134-22-000041,okta-20220826.htm,Data\edgar\item5_02_text\1660134\0001660134-22-000041_okta-20220826.htm,1
1660134,8-K,2022-11-30,"2.02,5.02,7.01,9.01",0001660134-22-000055,okta-20221128.htm,Data\edgar\item5_02_text\1660134\0001660134-22-000055_okta-20221128.htm,1
1660134,8-K,2023-03-01,"2.02,5.02,7.01,9.01",0001660134-23-000009,okta-20230227.htm,Data\edgar\item5_02_text\1660134\0001660134-23-000009_okta-20230227.htm,1
1660134,8-K,2023-04-28,"5.02,9.01",0001193125-23-127592,d462366d8k.htm,Data\edgar\item5_02_text\1660134\0001193125-23-127592_d462366d8k.htm,1
1660134,8-K,2023-08-30,"2.02,5.02,7.01,9.01",0001660134-23-000044,okta-20230824.htm,Data\edgar\item5_02_text\1660134\0001660134-23-000044_okta-20230824.htm,1
1669779,8-K,2020-01-30,5.02,0001104659-20-008772,tm206255d1_8k.htm,Data\edgar\item5_02_text\1669779\0001104659-20-008772_tm206255d1_8k.htm,1
1669779,8-K,2020-03-25,"5.02,9.01",0001104659-20-038289,tm2013775-1_8k.htm,Data\edgar\item5_02_text\1669779\0001104659-20-038289_tm2013775-1_8k.htm,1
1669779,8-K,2020-04-16,5.02,0001104659-20-047615,tm2016086d1_8k.htm,Data\edgar\item5_02_text\1669779\0001104659-20-047615_tm2016086d1_8k.htm,1
1669779,8-K,2020-06-01,5.02,0001104659-20-068342,tm2021276-1_8k.htm,Data\edgar\item5_02_text\1669779\0001104659-20-068342_tm2021276-1_8k.htm,1
1669779,8-K,2020-06-19,5.02,0001104659-20-075227,tm2022868d1_8k.htm,Data\edgar\item5_02_text\1669779\0001104659-20-075227_tm2022868d1_8k.htm,1
1669779,8-K,2021-02-24,5.02,0001104659-21-027476,tm217730d1_8k.htm,Data\edgar\item5_02_text\1669779\0001104659-21-027476_tm217730d1_8k.htm,1
1669779,8-K,2021-10-28,5.02,0001104659-21-131104,tm2131276d1_8k.htm,Data\edgar\item5_02_text\1669779\0001104659-21-131104_tm2131276d1_8k.htm,1
1669779,8-K,2021-12-17,5.02,0001104659-21-151138,tm2135777d1_8k.htm,Data\edgar\item5_02_text\1669779\0001104659-21-151138_tm2135777d1_8k.htm,1
1669779,8-K,2022-05-16,"5.02,5.07",0001104659-22-061345,tm2215630d1_8k.htm,Data\edgar\item5_02_text\1669779\0001104659-22-061345_tm2215630d1_8k.htm,1
1669779,8-K,2022-08-25,5.02,0001104659-22-094495,tm2224566d1_8k.htm,Data\edgar\item5_02_text\1669779\0001104659-22-094495_tm2224566d1_8k.htm,1
1669779,8-K,2022-11-21,5.02,0001558370-22-018128,cwh-20221117x8k.htm,Data\edgar\item5_02_text\1669779\0001558370-22-018128_cwh-20221117x8k.htm,1
1669779,8-K/A,2023-01-17,"5.02,9.01",0001104659-23-003913,tm233470d1_8ka.htm,Data\edgar\item5_02_text\1669779\0001104659-23-003913_tm233470d1_8ka.htm,1
1702780,8-K,2017-11-13,"5.02,8.01,9.01",0000947871-17-000904,ss66991_8k.htm,Data\edgar\item5_02_text\1702780\0000947871-17-000904_ss66991_8k.htm,1
1702780,8-K,2018-01-03,"5.02,9.01",0000947871-18-000007,ss73892_8k.htm,Data\edgar\item5_02_text\1702780\0000947871-18-000007_ss73892_8k.htm,1
1702780,8-K,2018-06-13,"1.01,1.02,5.02,9.01",0001104659-18-039903,a18-15277_18k.htm,Data\edgar\item5_02_text\1702780\0001104659-18-039903_a18-15277_18k.htm,1
1702780,8-K,2018-09-26,5.02,0000947871-18-000770,ss108508_8k.htm,Data\edgar\item5_02_text\1702780\0000947871-18-000770_ss108508_8k.htm,1
1702780,8-K,2018-11-20,5.02,0000947871-18-000915,ss115609_8k.htm,Data\edgar\item5_02_text\1702780\0000947871-18-000915_ss115609_8k.htm,1
1702780,8-K,2019-01-04,5.02,0000947871-19-000006,ss120698_8k.htm,Data\edgar\item5_02_text\1702780\0000947871-19-000006_ss120698_8k.htm,1
1702780,8-K,2019-02-22,"2.02,5.02,9.01",0001628280-19-001769,alticeusa8k12-31x18.htm,Data\edgar\item5_02_text\1702780\0001628280-19-001769_alticeusa8k12-31x18.htm,1
1702780,8-K,2019-04-10,5.02,0000947871-19-000280,ss132525_8k.htm,Data\edgar\item5_02_text\1702780\0000947871-19-000280_ss132525_8k.htm,1
1702780,8-K,2019-10-28,"5.02,9.01",0001628280-19-012621,alticeusa8k10-28x19.htm,Data\edgar\item5_02_text\1702780\0001628280-19-012621_alticeusa8k10-28x19.htm,1
1702780,8-K,2020-01-03,5.02,0001628280-20-000094,alticeusa8kjan32020.htm,Data\edgar\item5_02_text\1702780\0001628280-20-000094_alticeusa8kjan32020.htm,1
1702780,8-K,2020-01-28,"5.02,8.01",0001628280-20-000630,alticeusa8kjan282020.htm,Data\edgar\item5_02_text\1702780\0001628280-20-000630_alticeusa8kjan282020.htm,1
1702780,8-K,2020-06-12,"5.02,5.07",0001628280-20-009353,atus-20200610.htm,Data\edgar\item5_02_text\1702780\0001628280-20-009353_atus-20200610.htm,1
1702780,8-K,2022-06-15,"5.02,5.07",0001628280-22-017248,atus-20220615.htm,Data\edgar\item5_02_text\1702780\0001628280-22-017248_atus-20220615.htm,1
1702780,8-K,2022-08-24,5.02,0001628280-22-023610,atus-20220818.htm,Data\edgar\item5_02_text\1702780\0001628280-22-023610_atus-20220818.htm,1
1702780,8-K,2022-09-07,"5.02,9.01",0001628280-22-024496,atus-20220906.htm,Data\edgar\item5_02_text\1702780\0001628280-22-024496_atus-20220906.htm,1
1702780,8-K,2022-10-04,5.02,0001628280-22-025961,atus-20220930.htm,Data\edgar\item5_02_text\1702780\0001628280-22-025961_atus-20220930.htm,1
1702780,8-K,2023-02-22,"5.02,9.01",0000947871-23-000216,ss1796197_8k.htm,Data\edgar\item5_02_text\1702780\0000947871-23-000216_ss1796197_8k.htm,1
1702780,8-K,2023-03-22,"5.02,9.01",0001628280-23-008929,atus-20230317.htm,Data\edgar\item5_02_text\1702780\0001628280-23-008929_atus-20230317.htm,1
1702780,8-K,2023-03-22,"5.02,9.01",0000947871-23-000351,ss1893769_8k.htm,Data\edgar\item5_02_text\1702780\0000947871-23-000351_ss1893769_8k.htm,1
1702780,8-K,2023-05-05,5.02,0001628280-23-016197,atus-20230504.htm,Data\edgar\item5_02_text\1702780\0001628280-23-016197_atus-20230504.htm,1
1702780,8-K,2023-07-17,5.02,0001628280-23-024947,atus-20230715.htm,Data\edgar\item5_02_text\1702780\0001628280-23-024947_atus-20230715.htm,1
1702780,8-K,2024-01-17,5.02,0001628280-24-001539,atus-20240117.htm,Data\edgar\item5_02_text\1702780\0001628280-24-001539_atus-20240117.htm,1
1713683,8-K,2018-05-03,"5.02,8.01,9.01",0001193125-18-149450,d559230d8k.htm,Data\edgar\item5_02_text\1713683\0001193125-18-149450_d559230d8k.htm,1
1713683,8-K,2018-10-10,"5.02,9.01",0001628280-18-012442,zs101020188k.htm,Data\edgar\item5_02_text\1713683\0001628280-18-012442_zs101020188k.htm,1
1770450,8-K,2022-01-19,5.02,0001193125-22-012572,d477752d8k.htm,Data\edgar\item5_02_text\1770450\0001193125-22-012572_d477752d8k.htm,1
1770450,8-K,2022-03-24,"5.02,9.01",0001193125-22-083286,d339981d8k.htm,Data\edgar\item5_02_text\1770450\0001193125-22-083286_d339981d8k.htm,1
1770450,8-K,2022-04-15,"5.02,9.01",0001193125-22-106872,d343265d8k.htm,Data\edgar\item5_02_text\1770450\0001193125-22-106872_d343265d8k.htm,1
1770450,8-K,2022-05-16,5.02,0001193125-22-151952,d360810d8k.htm,Data\edgar\item5_02_text\1770450\0001193125-22-151952_d360810d8k.htm,1
1770450,8-K,2022-07-05,"5.02,8.01,9.01",0001193125-22-187967,d367622d8k.htm,Data\edgar\item5_02_text\1770450\0001193125-22-187967_d367622d8k.htm,1
1770450,8-K,2022-07-27,"5.02,7.01,9.01",0001193125-22-203586,d385786d8k.htm,Data\edgar\item5_02_text\1770450\0001193125-22-203586_d385786d8k.htm,1
1770450,8-K,2022-08-03,"5.02,7.01,9.01",0000899140-22-000629,x8ka.htm,Data\edgar\item5_02_text\1770450\0000899140-22-000629_x8ka.htm,1
1770450,8-K,2022-11-18,"5.02,7.01,9.01",0001214659-22-013995,r11162208k.htm,Data\edgar\item5_02_text\1770450\0001214659-22-013995_r11162208k.htm,1
1770450,8-K,2023-03-15,5.02,0001193125-23-071477,d487423d8k.htm,Data\edgar\item5_02_text\1770450\0001193125-23-071477_d487423d8k.htm,1
1770450,8-K,2023-04-21,"5.02,9.01",0001193125-23-109413,d480296d8k.htm,Data\edgar\item5_02_text\1770450\0001193125-23-109413_d480296d8k.htm,1
1770450,8-K,2023-09-28,"1.01,1.02,5.02,8.01,9.01",0001193125-23-244902,d546628d8k.htm,Data\edgar\item5_02_text\1770450\0001193125-23-244902_d546628d8k.htm,1
1770450,8-K,2024-01-05,"5.02,7.01,9.01",0001193125-24-003451,d105522d8k.htm,Data\edgar\item5_02_text\1770450\0001193125-24-003451_d105522d8k.htm,1
1770450,8-K,2024-01-12,"5.02,9.01",0001193125-24-007505,d719218d8k.htm,Data\edgar\item5_02_text\1770450\0001193125-24-007505_d719218d8k.htm,1
1770450,8-K,2024-03-15,"5.02,9.01",0001193125-24-069299,d761588d8k.htm,Data\edgar\item5_02_text\1770450\0001193125-24-069299_d761588d8k.htm,1
1770450,8-K,2024-05-28,"5.02,5.07,9.01",0001193125-24-148178,d803316d8k.htm,Data\edgar\item5_02_text\1770450\0001193125-24-148178_d803316d8k.htm,1
1889539,8-K,2022-10-11,"5.02,5.08,8.01",0001140361-22-036710,brhc10042823_8k.htm,Data\edgar\item5_02_text\1889539\0001140361-22-036710_brhc10042823_8k.htm,1
1889539,8-K,2023-01-17,5.02,0001140361-23-001816,brhc10046705_8k.htm,Data\edgar\item5_02_text\1889539\0001140361-23-001816_brhc10046705_8k.htm,1
1889539,8-K,2023-01-31,"5.02,8.01",0001140361-23-003482,brhc10047266_8k.htm,Data\edgar\item5_02_text\1889539\0001140361-23-003482_brhc10047266_8k.htm,1
1889539,8-K,2023-05-17,5.02,0001140361-23-025277,brhc20053086_8k.htm,Data\edgar\item5_02_text\1889539\0001140361-23-025277_brhc20053086_8k.htm,1
1889539,8-K,2023-06-26,"5.02,5.07",0001628280-23-023370,crbg-20230620.htm,Data\edgar\item5_02_text\1889539\0001628280-23-023370_crbg-20230620.htm,1
1889539,8-K,2023-07-17,5.02,0001140361-23-034792,brhc20055908_8k.htm,Data\edgar\item5_02_text\1889539\0001140361-23-034792_brhc20055908_8k.htm,1
1889539,8-K,2023-08-17,5.02,0001628280-23-029830,crbg-20230811.htm,Data\edgar\item5_02_text\1889539\0001628280-23-029830_crbg-20230811.htm,1
1889539,8-K,2023-11-30,5.02,0001889539-23-000032,crbg-20231130.htm,Data\edgar\item5_02_text\1889539\0001889539-23-000032_crbg-20231130.htm,1
