accession,cik,filing_date,form,items,text_ok,section_found,section_chars,ref_dates,labels,exec_departure,ceo_departure,director_departure,appointment,election,compensation,notice_date,effective_date,previously_phrase,flag_retirement,flag_health,flag_transaction,flag_termination,flag_severance_release,flag_no_disagreement,action
0000004904-17-000017,4904,2017-02-27,8-K,5.02,1,1,243,,,1,0,0,0,0,0,,2017-08-04,0,1,0,0,0,0,0,departure
0000004904-19-000042,4904,2019-09-18,8-K,5.02,1,1,1253,,,0,0,0,0,1,1,,,0,0,0,0,0,0,0,election
0000950142-11-001005,8670,2011-05-19,8-K,"5.02,9.01",1,1,571,,c,0,0,0,1,0,0,,,0,0,0,0,0,0,0,appointment
0000008670-11-000020,8670,2011-08-10,8-K,5.02,1,1,136,,b,0,0,1,0,0,0,,,0,1,0,0,0,0,0,departure
0000950142-11-001591,8670,2011-09-12,8-K,5.02,1,1,214,,d,0,0,0,0,1,0,,,0,0,0,0,0,0,0,election
0000950142-11-001656,8670,2011-09-23,8-K,5.02,1,1,207,2011-09-23,b,0,0,1,0,0,0,2011-09-23,2011-09-23,0,0,0,0,0,0,0,departure
0000008670-11-000024,8670,2011-11-09,8-K,"5.02,9.01",1,1,932,,"b,c,d",0,0,1,1,1,0,,,0,1,0,0,0,0,0,departure
0000950142-11-001898,8670,2011-11-15,8-K,"5.02,9.01",1,1,817,2011-11-14,,1,1,0,0,0,0,,,0,1,0,0,0,1,0,departure
0000950142-11-002020,8670,2011-12-14,8-K,"5.02,9.01",1,1,3410,2011-11-08;2011-12-14,,0,0,0,1,0,1,,,0,0,0,0,0,0,0,appointment
0000950142-11-002022,8670,2011-12-15,8-K,5.02,1,1,202,,d,0,0,0,0,1,0,,,0,0,0,0,0,0,0,election
0001171843-12-003874,8670,2012-11-01,8-K,"5.02,9.01",1,1,1408,2012-11-01;2012-11-02;2012-11-05,"b,c",0,0,0,1,0,0,,,0,0,0,0,0,0,0,appointment
0000950142-12-002159,8670,2012-11-13,8-K,"5.02,9.01",1,1,3409,2012-11-12;2013-01-02,,0,0,0,0,0,1,,,0,0,0,0,0,0,0,compensation only
0000950142-13-001766,8670,2013-08-07,8-K,5.02,1,1,658,2013-08-06,b,0,0,1,0,0,0,2013-08-06,,0,0,0,0,0,0,1,departure
0000012927-14-000070,12927,2014-12-19,8-K,"5.02,9.01",1,1,399,2014-12-19;2015-04-01,,1,0,0,0,0,0,,2015-04-01,0,1,0,0,0,0,0,departure
0000012927-15-000004,12927,2015-02-10,8-K,"5.02,9.01",1,1,455,2015-02-05;2015-04-27,,0,0,0,0,0,0,,,0,0,0,0,0,0,1,other
0000012927-15-000035,12927,2015-06-23,8-K,"5.02,5.03,9.01",1,1,3910,2015-06-22;2016-02-29,,1,1,0,1,1,1,,2015-07-01,1,0,0,0,0,0,0,departure
0000012927-15-000061,12927,2015-08-13,8-K,"5.02,5.03,9.01",1,1,698,,,0,0,0,0,1,1,,,0,0,0,0,0,0,0,election
0000012927-15-000083,12927,2015-12-15,8-K,"5.02,5.03,8.01,9.01",1,1,874,,,0,0,0,0,1,1,,,0,0,0,0,0,0,0,election
0000012927-16-000105,12927,2016-02-23,8-K,"5.02,5.03,9.01",1,1,1244,,,0,0,1,1,0,1,,2016-03-01,0,0,0,0,0,0,0,departure
0000012927-16-000147,12927,2016-10-14,8-K,"5.02,5.03,9.01",1,1,704,,,0,0,0,0,1,1,,,0,0,0,0,0,0,0,election
0000012927-16-000165,12927,2016-11-21,8-K,"5.02,9.01",1,1,546,2016-11-16,,1,1,0,1,0,0,2016-11-16,,0,0,0,0,0,0,0,departure
0000012927-17-000040,12927,2017-06-28,8-K,"5.02,9.01",1,1,1200,,,0,0,0,1,0,1,,,0,0,0,0,0,0,0,appointment
0001193125-12-134562,18926,2012-03-27,8-K,5.02,1,1,474,2012-03-27;2012-05-23,,0,0,1,0,0,0,2012-03-27,,0,0,0,1,0,0,0,departure
0001193125-13-012088,18926,2013-01-14,8-K,5.02,1,1,1769,2013-01-01;2013-01-08,e,0,0,0,1,0,1,,,0,0,0,0,0,0,0,appointment
0001193125-13-124519,18926,2013-03-25,8-K,"5.02,9.01",1,1,172,,b,1,1,0,0,0,0,,2013-04-01,0,1,0,0,0,0,0,departure
0001193125-14-221590,18926,2014-06-02,8-K,"5.02,5.03,5.07,9.01",1,1,220,,,0,0,0,0,0,0,,,0,0,0,0,0,0,0,other
0001193125-15-197966,18926,2015-05-22,8-K,"5.02,5.07,9.01",1,1,1898,,,0,0,0,0,0,1,,,0,0,0,0,0,0,0,compensation only
0001193125-15-210785,18926,2015-06-02,8-K,"5.02,9.01",1,1,1077,2015-06-02;2015-08-31,"b,e",1,0,0,0,0,1,,,0,0,0,0,0,0,0,departure
0001193125-15-378521,18926,2015-11-16,8-K,"5.02,9.01",1,1,1544,2015-11-16,d,0,0,0,0,1,1,,,0,0,0,0,0,0,0,election
0001193125-16-436965,18926,2016-01-25,8-K,"5.02,9.01",1,1,12176,2015-12-29;2016-01-19;2016-01-25,,0,0,1,0,1,1,2016-01-19,immediately,0,0,0,0,0,0,0,departure
0001193125-17-053977,18926,2017-02-23,8-K,"5.02,9.01",1,1,586,2017-02-22;2017-02-23,,0,0,1,0,0,1,2017-02-22,2017-02-23,0,0,0,0,0,0,0,departure
0001193125-17-191355,18926,2017-06-01,8-K,"5.02,8.01,9.01",1,1,5307,,e,0,0,0,0,0,1,,,0,0,0,0,0,0,0,compensation only
0001193125-18-281219,18926,2018-09-24,8-K,"5.02,9.01",1,1,1105,2018-09-21;2018-09-28,c,1,0,0,1,0,0,2018-09-21,2018-09-28,0,0,0,0,0,0,0,departure
0001193125-18-319718,18926,2018-11-07,8-K,5.02,1,1,1246,2017-06-01;2018-11-06,e,1,0,0,0,0,1,,immediately,0,0,0,0,1,0,0,departure
0001193125-18-319714,18926,2018-11-07,8-K,"5.02,9.01",1,1,1743,2018-09-28,c,0,0,0,1,0,1,,,1,0,0,0,0,0,0,appointment
0001193125-19-325996,18926,2019-12-30,8-K,"5.02,9.01",1,1,1682,2019-12-28;2019-12-30,"b,d",0,0,1,0,1,1,,,0,1,0,0,0,0,0,departure
0001193125-20-150103,18926,2020-05-22,8-K,"5.02,5.07,9.01",1,1,1590,,e,0,0,0,0,0,1,,,0,0,0,0,0,0,0,compensation only
0001193125-21-011905,18926,2021-01-20,8-K,"5.02,9.01",1,1,1999,2021-01-18;2021-05-14,"b,c",1,0,0,0,0,1,,,0,1,0,1,0,0,0,departure
0001193125-21-056971,18926,2021-02-25,8-K,"5.02,9.01",1,1,1487,2021-02-25,d,0,0,0,0,1,1,,,0,0,0,0,0,0,0,election
0001193125-22-085992,18926,2022-03-28,8-K,"5.02,9.01",1,1,3092,2022-03-28;2022-03-31;2022-04-04,e,1,0,0,0,0,1,2022-03-28,2022-04-04,0,0,0,0,0,0,0,departure
0001193125-22-243230,18926,2022-09-13,8-K,"5.02,9.01",1,1,5057,2022-09-12;2022-09-13;2022-11-07;2022-12-31,,1,1,0,0,0,1,2022-09-13,2022-11-07,0,1,0,0,0,0,0,departure
0001193125-20-050127,20520,2020-02-26,8-K,5.02,1,1,3277,3019-12-03,,1,1,0,0,0,1,,,1,0,0,0,1,0,0,departure
0001140361-20-020249,20520,2020-09-11,8-K,5.02,1,1,1250,2019-08-07;2019-09-18,c,0,0,0,0,0,1,,,0,0,0,0,0,0,0,compensation only
0001140361-20-028400,20520,2020-12-15,8-K,"5.02,9.01",1,1,8216,2020-12-07;2020-12-15;2021-03-01,,1,1,0,1,1,1,,,0,0,0,0,0,0,0,departure
0001140361-21-005386,20520,2021-02-18,8-K,"5.02,7.01,9.01",1,1,2173,2019-12-03;2020-12-15;2021-02-18,,1,1,0,1,1,1,,,0,0,0,0,1,0,0,departure
0001140361-21-015200,20520,2021-04-30,8-K12G3,"1.01,1.02,2.03,3.02,3.03,5.01,5.02,5.03,9.01",1,1,16294,2020-12-31;2021-03-03,,0,0,0,1,0,1,,,0,0,0,0,0,0,0,appointment
0001193125-21-179930,20520,2021-06-02,8-K,"5.02,9.01",1,1,6917,2019-08-05;2021-05-25;2021-06-02;2021-06-14,,1,0,0,0,0,1,2021-06-02,2021-06-14,0,0,0,1,0,0,1,departure
0001193125-21-205666,20520,2021-07-01,8-K,"5.02,9.01",1,1,1910,,,0,0,0,0,1,1,,,0,0,0,0,0,0,0,election
0000020520-21-000008,20520,2021-07-30,8-K,"5.02,8.01,9.01",1,1,356,2021-05-12,,1,0,0,0,0,0,,,0,0,0,0,0,0,0,departure
0001140361-22-023997,20520,2022-06-24,8-K,5.02,1,1,1237,,,0,0,0,1,0,1,,,0,0,0,0,0,0,0,appointment
0000950157-24-000104,20520,2024-02-05,8-K,"5.02,7.01,9.01",1,1,2221,,,0,0,0,0,0,1,,,0,0,0,0,0,0,0,compensation only
0001140361-24-026861,20520,2024-05-20,8-K,"5.02,5.07,9.01",1,1,2599,,,0,0,0,0,0,1,,,0,0,0,0,0,0,0,compensation only
0001019687-16-005064,27904,2016-02-05,8-K,"5.02,9.01",1,1,2660,2015-04-30;2016-02-03;2016-05-02,,1,1,0,0,1,1,2016-02-03,2016-05-02,0,1,0,0,0,0,0,departure
0001019687-16-006642,27904,2016-06-10,8-K,"5.02,5.07",1,1,998,,e,0,0,0,0,0,1,,,0,0,0,0,0,0,0,compensation only
0001683168-16-000288,27904,2016-10-11,8-K,"5.02,9.01",1,1,468,2016-10-10,,1,0,0,1,0,0,2016-10-10,,0,1,0,0,0,0,0,departure
0001683168-17-000167,27904,2017-01-26,8-K,"5.02,9.01",1,1,691,,,0,0,0,0,1,1,,,0,0,0,0,0,0,0,election
0001683168-17-000876,27904,2017-04-11,8-K,5.02,1,1,309,,b,0,0,1,0,0,0,,2017-04-07,0,0,0,0,0,0,0,departure
0001683168-17-002723,27904,2017-10-23,8-K,"5.02,9.01",1,1,521,,,0,0,0,0,1,1,,,0,0,0,0,0,0,0,election
0001683168-18-001046,27904,2018-04-20,8-K,"5.02,9.01",1,1,506,,,0,0,0,0,1,1,,,0,0,0,0,0,0,0,election
0001144204-12-009385,33185,2012-02-15,8-K,"5.02,9.01",1,1,3042,,,0,0,0,0,0,1,,,0,0,0,0,0,0,0,compensation only
0001144204-12-058285,33185,2012-10-29,8-K,"5.02,8.01,9.01",1,1,802,2012-10-29;2012-12-31,,1,0,0,0,0,0,2012-10-29,2012-12-31,0,1,0,0,0,0,0,departure
0001144204-13-027066,33185,2013-05-08,8-K,"5.02,5.07,9.01",1,0,6205,2013-03-20,,0,0,0,0,1,1,,,0,0,0,0,0,0,0,election
0001144204-13-055259,33185,2013-10-15,8-K,"5.02,9.01",1,1,929,2013-10-15;2013-11-01,d,0,0,0,0,1,0,,,0,0,0,0,0,0,0,election
0001144204-14-029598,33185,2014-05-12,8-K,"5.02,9.01",1,1,2331,2014-05-12;2014-05-21,,1,0,0,0,0,1,2014-05-12,2014-05-21,0,1,0,0,0,0,0,departure
0001193125-16-713479,33185,2016-09-19,8-K,"5.02,9.01",1,1,1720,,d,0,0,0,0,1,1,,,0,0,0,0,0,0,0,election
0001193125-16-771552,33185,2016-11-18,8-K,"5.02,9.01",1,1,1668,,d,0,0,0,0,1,1,,,0,0,0,0,0,0,0,election
0001193125-17-293765,33185,2017-09-26,8-K,"5.02,9.01",1,1,1530,2017-09-25;2017-09-26,,1,1,0,0,1,1,2017-09-26,,0,1,0,0,0,0,0,departure
0001193125-17-301130,33185,2017-10-02,8-K,"5.02,8.01,9.01",1,1,2059,,,0,0,0,1,0,1,,,0,0,0,0,0,0,0,appointment
0001193125-17-320321,33185,2017-10-26,8-K,"5.02,9.01",1,1,1700,,d,0,0,0,0,1,1,,,0,0,0,0,0,0,0,election
0001564590-21-037515,40704,2021-07-22,8-K,"5.02,9.01",1,1,268,2021-07-16,,0,0,1,0,0,0,2021-07-16,,0,0,0,0,0,0,0,departure
0001193125-21-350290,40704,2021-12-07,8-K,5.02,1,1,196,2021-12-07;2022-01-31,,1,0,0,0,0,0,2021-12-07,2022-01-31,0,1,0,0,0,0,0,departure
0001193125-22-185819,40704,2022-06-30,8-K,"5.02,8.01,9.01",1,1,824,,,0,0,0,0,1,1,,,0,0,0,0,0,0,0,election
0001193125-22-255620,40704,2022-09-30,8-K,"5.02,5.07,9.01",1,1,749,,e,0,0,0,0,0,1,,,0,0,0,0,0,0,0,compensation only
0001193125-23-137156,40704,2023-05-05,8-K,"5.02,9.01",1,1,272,2023-05-01,,0,0,1,0,0,0,2023-05-01,,0,0,0,0,0,0,0,departure
0001437749-15-014446,43196,2015-07-31,8-K,5.02,1,1,869,2015-07-01,,0,0,0,0,1,1,,,1,0,0,0,0,0,0,election
0001437749-16-024501,43196,2016-02-02,8-K,"5.02,7.01,9.01",1,1,2270,2016-01-27;2016-02-01,,0,0,0,1,0,0,,,0,0,0,0,0,0,0,appointment
0001437749-16-034694,43196,2016-06-30,8-K,"5.02,9.01",1,1,789,,,0,0,0,0,1,1,,,0,0,0,0,0,0,0,election
0001437749-16-038936,43196,2016-09-21,8-K,"5.02,7.01,9.01",1,1,1033,2016-09-20,,0,0,0,0,1,1,,,0,0,0,0,0,0,0,election
0001437749-17-000933,43196,2017-01-20,8-K,"2.02,5.02,7.01,9.01",1,1,2769,,,0,0,0,0,0,1,,,0,0,0,0,0,0,0,compensation only
0001193125-21-057034,43196,2021-02-25,8-K,"5.02,7.01,8.01,9.01",1,1,1438,,,0,0,0,0,1,1,,,0,0,0,0,0,0,0,election
0001437749-22-004783,43196,2022-03-01,8-K,"5.02,7.01,9.01",1,1,1487,,,0,0,0,0,1,1,,,0,0,0,0,0,0,0,election
0001437749-22-011229,43196,2022-05-06,8-K,"5.02,5.07",1,1,726,,,0,0,0,0,0,1,,,0,0,0,0,0,0,0,compensation only
0000047111-23-000006,47111,2023-02-06,8-K,"5.02,9.01",1,1,482,2023-02-02;2023-05-16,,0,0,1,0,0,0,2023-02-02,,0,0,0,0,0,0,1,departure
0000047217-05-000167,47217,2005-09-28,8-K,"1.01,5.02,5.03,9.01",1,1,464,2005-09-23,b,0,0,1,0,0,0,2005-09-23,,0,1,0,0,0,0,0,departure
0001104659-05-057353,47217,2005-11-23,8-K,"1.01,5.02,5.03,9.01",1,1,871,2005-08-29,d,0,0,0,0,1,0,,,0,0,0,0,0,0,0,election
0001104659-06-002894,47217,2006-01-19,8-K/A,5.02,1,1,306,,,0,0,0,0,1,1,,,0,0,0,0,0,0,0,election
0001104659-06-036450,47217,2006-05-22,8-K,"5.02,5.03,9.01",1,1,247,2006-05-18,b,0,0,1,0,0,0,2006-05-18,immediately,0,0,0,0,0,0,0,departure
0001104659-06-060568,47217,2006-09-12,8-K,"5.02,5.03,8.01,9.01",1,1,1080,,b,1,0,1,0,0,0,,immediately,0,0,0,0,0,0,1,departure
0001104659-06-062623,47217,2006-09-22,8-K,"5.02,5.03,9.01",1,1,1129,,b,1,0,0,1,1,0,,immediately,1,0,0,0,0,0,0,departure
0001104659-06-075980,47217,2006-11-17,8-K,"5.02,5.03,9.01",1,1,965,,d,0,0,0,0,1,1,,,0,0,0,0,0,0,0,election
0001104659-06-078068,47217,2006-11-28,8-K/A,5.02,1,1,287,,d,0,0,0,0,1,0,,,0,0,0,0,0,0,0,election
0001104659-06-080577,47217,2006-12-11,8-K,"5.02,9.01",1,1,1512,2006-12-11;2006-12-31,"b,c",1,0,0,1,0,1,2006-12-11,2006-12-31,0,1,0,0,0,0,0,departure
0001104659-07-003960,47217,2007-01-23,8-K,"5.02,5.03,9.01",1,1,1201,,"b,c",1,0,0,1,0,1,,immediately,0,0,0,0,0,0,0,departure
0001104659-07-041277,47217,2007-05-18,8-K,"5.02,5.03,9.01",1,1,1276,,,0,0,0,0,1,1,,,0,0,0,0,0,0,0,election
0001104659-08-004386,47217,2008-01-24,8-K,"5.02,9.01",1,1,3230,2008-01-17,e,0,0,0,0,0,1,,,1,0,0,0,0,0,0,compensation only
0000047217-08-000117,47217,2008-05-20,8-K,"2.02,5.02,9.01",1,1,1994,,e,0,0,0,0,0,1,,,0,0,0,0,0,0,0,compensation only
0001104659-08-055465,47217,2008-08-27,8-K,"5.02,9.01",1,1,1488,,e,0,0,0,0,0,1,,,0,0,0,0,0,0,0,compensation only
0001104659-08-060212,47217,2008-09-24,8-K,5.02,1,1,1448,,,0,0,0,1,1,1,,,0,0,0,0,0,0,0,appointment
0000047217-09-000003,47217,2009-01-20,8-K,"5.02,5.03,9.01",1,1,2860,2009-01-14,"b,e",0,0,1,0,0,1,2009-01-14,,1,0,0,0,0,0,0,departure
0000047217-09-000032,47217,2009-09-17,8-K,"5.02,5.03,9.01",1,1,1946,,,0,0,0,0,1,1,,,0,0,0,0,0,0,0,election
0001104659-10-015887,47217,2010-03-23,8-K,"5.02,5.07,9.01",1,1,5770,,e,0,0,0,0,0,1,,,0,0,0,0,0,0,0,compensation only
0001047469-10-007177,47217,2010-08-06,8-K,"2.02,5.02,5.03,9.01",1,1,4967,2008-01-17;2009-12-11;2010-08-06;2010-09-07;2010-10-31;2010-12-11,"b,c,e",1,1,0,1,0,1,,immediately,0,0,1,0,0,1,0,departure
0001104659-05-014582,51143,2005-04-01,8-K,5.02,1,1,822,2005-04-01;2005-04-26,b,0,0,1,0,0,0,2005-04-01,2005-04-01,0,0,0,0,0,0,0,departure
0001104659-05-045904,51143,2005-09-27,8-K,"5.02,5.03",1,1,278,2005-09-26,d,0,0,0,0,1,0,,,0,0,0,0,0,0,0,election
0001104659-06-004976,51143,2006-01-31,8-K,5.02,1,1,576,2006-01-31;2006-03-01,d,0,0,0,0,1,0,,,0,0,0,0,0,0,0,election
0001104659-07-005968,51143,2007-01-31,8-K,5.02,1,1,643,,b,0,0,1,0,0,0,,,0,0,0,0,0,0,0,departure
0001104659-07-007260,51143,2007-02-05,8-K,5.02,1,1,2145,,e,0,0,0,0,0,1,,,0,0,0,0,0,0,0,compensation only
0001104659-07-049962,51143,2007-06-26,8-K,5.02,1,1,508,2007-06-26;2007-07-31,d,0,0,0,0,1,0,,,0,0,0,0,0,0,0,election
0001104659-07-057720,51143,2007-08-01,8-K,5.02,1,1,540,2007-06-26;2007-07-31,,0,0,0,0,1,1,,,0,0,0,0,0,0,0,election
0001104659-10-003847,51143,2010-01-29,8-K,5.02,1,1,1345,,e,0,0,0,0,0,1,,,0,0,0,0,0,0,0,compensation only
0001104659-10-061274,51143,2010-12-06,8-K,5.02,1,1,600,,b,0,0,1,0,0,0,,2010-12-31,0,0,0,0,0,0,0,departure
0001104659-11-003613,51143,2011-01-28,8-K,5.02,1,1,1417,,e,0,0,0,0,0,1,,,0,0,0,0,0,0,0,compensation only
0001193125-21-181330,73309,2021-06-03,8-K/A,"5.02,9.01",1,1,3115,2020-02-17;2021-06-03;2021-06-05,e,0,0,0,0,0,1,,,0,0,0,0,0,0,0,compensation only
0001193125-21-244798,73309,2021-08-12,8-K,"5.02,9.01",1,1,1348,,d,0,0,0,0,1,1,,,0,0,0,0,0,0,0,election
0001193125-22-050075,73309,2022-02-23,8-K,"5.02,9.01",1,1,2386,2022-02-21;2022-03-06;2022-06-11,"b,c",1,0,0,1,0,1,2022-02-21,2022-06-11,0,1,0,0,0,0,0,departure
0001193125-22-066230,73309,2022-03-04,8-K/A,"5.02,9.01",1,1,3751,2014-10-01;2022-03-04;2022-03-06,,0,0,0,1,0,1,,,0,0,0,0,0,0,0,appointment
0001193125-22-159808,73309,2022-05-25,8-K/A,"5.02,9.01",1,1,3069,2020-02-17;2022-05-24;2022-06-11,e,0,0,0,0,0,1,,,0,0,0,0,0,0,0,compensation only
0001193125-22-215713,73309,2022-08-09,8-K,"5.02,9.01",1,1,1355,,d,0,0,0,0,1,1,,,0,0,0,0,0,0,0,election
0001193125-23-206313,73309,2023-08-08,8-K,"5.02,9.01",1,1,1370,,d,0,0,0,0,1,1,,,0,0,0,0,0,0,0,election
0001193125-23-296305,73309,2023-12-15,8-K,"5.02,9.01",1,1,2295,,e,0,0,0,1,0,1,,,0,0,0,0,0,0,0,appointment
0001193125-16-570149,75362,2016-04-29,8-K,"5.02,5.03,5.07,9.01",1,1,943,,,0,0,0,0,0,1,,,0,0,0,0,0,0,0,compensation only
0001193125-16-789834,75362,2016-12-12,8-K,"5.02,8.01",1,1,412,,,1,0,0,1,0,0,,,0,1,0,0,0,0,0,departure
0001193125-17-148456,75362,2017-04-28,8-K,"5.02,5.07",1,1,798,,,0,0,0,0,0,1,,,0,0,0,0,0,0,0,compensation only
0001193125-17-369333,75362,2017-12-14,8-K,"5.02,9.01",1,1,714,2017-12-14,c,0,0,0,0,0,1,,,0,0,0,0,0,0,0,compensation only
0001193125-18-048187,75362,2018-02-16,8-K,"5.02,9.01",1,1,837,,,0,0,0,0,1,1,,,0,0,0,0,0,0,0,election
0001193125-18-152947,75362,2018-05-04,8-K,"5.02,5.03,5.07,9.01",1,1,2857,,,0,0,0,0,0,1,,,0,0,0,0,0,0,0,compensation only
0000076334-20-000124,76334,2020-11-02,8-K,"5.02,5.07",1,1,4675,2020-10-27;2020-12-31;2021-01-01,,1,0,0,1,0,1,2020-10-27,2020-12-31,0,1,0,0,0,0,0,departure
0000076334-21-000006,76334,2021-01-11,8-K,5.02,1,1,378,2021-01-10,,0,0,1,0,0,0,2021-01-10,immediately,0,1,0,0,0,0,0,departure
0000076334-21-000013,76334,2021-01-27,8-K,5.02,1,1,1231,,,0,0,0,0,0,1,,,0,0,0,0,0,0,0,compensation only
0000076334-21-000048,76334,2021-04-22,8-K,5.02,1,1,1137,,,0,0,0,0,1,1,,,0,0,0,0,0,0,0,election
0001193125-21-246081,76334,2021-08-13,8-K,5.02,1,1,1850,,,0,0,0,1,0,1,,,0,0,0,0,0,0,0,appointment
0001193125-21-247770,76334,2021-08-16,8-K/A,5.02,1,1,923,,,0,0,0,0,1,1,,,0,0,0,0,0,0,0,election
0001193125-21-247766,76334,2021-08-16,8-K/A,5.02,1,1,709,,,0,0,0,0,1,0,,,0,0,0,0,0,0,0,election
0001193125-22-204998,76334,2022-07-28,8-K,5.02,1,1,1094,2022-07-26;2022-08-31,,1,0,0,0,0,1,,,1,1,0,0,0,1,0,departure
0001193125-22-227588,76334,2022-08-23,8-K,5.02,1,1,7352,,,0,0,0,0,0,1,,,1,0,0,0,0,0,0,compensation only
0001193125-22-269129,76334,2022-10-26,8-K,5.02,1,1,4526,2022-10-26;2023-01-01;2023-12-31,,1,1,0,1,0,1,2022-10-26,,0,1,0,0,0,0,0,departure
0000077476-19-000020,77476,2019-03-07,8-K,5.02,1,1,1779,,,0,0,0,0,1,1,,,0,0,0,0,0,0,0,election
0000077476-19-000022,77476,2019-03-18,8-K,5.02,1,1,636,2019-03-04,,0,0,0,1,0,1,,,1,0,0,0,0,0,0,appointment
0000077476-19-000051,77476,2019-06-11,8-K,5.02,1,1,292,2019-06-05,,1,0,0,0,0,1,2019-06-05,,0,0,0,0,0,0,0,departure
0000077476-20-000020,77476,2020-03-10,8-K,5.02,1,1,445,2020-03-06,,0,0,1,0,0,0,2020-03-06,,0,1,0,0,0,0,0,departure
0000077476-20-000054,77476,2020-07-07,8-K,5.02,1,1,1699,,,0,0,0,0,1,1,,,0,0,0,0,0,0,0,election
0000077476-20-000075,77476,2020-11-02,8-K,5.02,1,1,2042,,,0,0,0,0,1,1,,,0,0,0,0,0,0,0,election
0000077476-21-000044,77476,2021-08-05,8-K,5.02,1,1,1741,,,0,0,0,0,1,1,,,0,0,0,0,0,0,0,election
0000078003-05-000040,78003,2005-02-24,8-K,"5.02,5.03,9.01",1,1,3878,2005-02-24;2005-03-03,,0,0,0,1,0,0,,,0,0,0,0,0,0,0,appointment
0000078003-05-000041,78003,2005-02-25,8-K,5.02,1,1,397,,,0,0,1,0,0,1,,,0,0,0,0,0,0,0,departure
0000078003-05-000161,78003,2005-06-24,8-K,5.02,1,1,290,2005-06-24,,0,0,1,0,0,0,,,0,0,0,0,0,0,0,departure
0000078003-06-000195,78003,2006-08-03,8-K,"1.01,5.02,9.01",1,1,2753,2006-03-16;2007-02-28,,1,1,0,1,1,1,,,0,0,0,0,1,0,0,departure
0000078003-06-000275,78003,2006-10-26,8-K,"5.02,8.01",1,1,382,2006-10-26;2006-12-01,,0,0,0,0,0,0,,,0,0,0,0,0,0,0,other
0000078003-06-000352,78003,2006-12-21,8-K,"5.02,9.01",1,1,11191,2001-01-01;2003-01-01;2004-01-01;2005-01-01;2006-02-24;2006-03-16;2006-07-28;2006-07-31;2006-12-13;2006-12-18;2007-03-15,,1,1,0,0,0,1,2006-07-28,2006-07-31,1,1,0,0,1,1,0,departure
0000078003-07-000034,78003,2007-02-27,8-K,"5.02,9.01",1,1,3732,2007-02-21;2007-02-22;2007-03-31;2007-04-26,,0,0,1,0,0,1,2007-02-21,,0,0,1,0,0,0,0,departure
0000078003-07-000122,78003,2007-05-23,8-K,5.02,1,1,1318,,,1,0,0,0,0,1,,,0,1,0,0,0,1,0,departure
0000078003-07-000213,78003,2007-08-22,8-K,"5.02,9.01",1,1,8032,2007-03-15;2007-08-22,,0,0,0,1,0,1,,,0,0,0,0,0,0,0,appointment
0000078003-07-000245,78003,2007-09-27,8-K,"5.02,9.01",1,1,525,2007-09-27,,0,0,0,0,0,1,,,0,0,0,0,0,0,0,compensation only
0000078003-07-000251,78003,2007-09-28,8-K,5.02,1,1,617,2007-08-22,,0,0,0,0,0,1,,,1,0,0,0,0,0,0,compensation only
0000078003-07-000294,78003,2007-10-30,8-K,"5.02,5.03,9.01",1,1,355,2007-10-25,,1,0,0,0,0,0,,,0,1,0,0,0,0,0,departure
0001144204-08-036232,91419,2008-06-23,8-K,5.02,1,1,753,,,0,0,0,0,0,1,,,0,0,0,0,0,0,0,compensation only
0001299933-09-000511,91419,2009-01-30,8-K,"5.02,9.01",1,1,1214,2008-07-14;2009-01-26,,0,0,0,0,1,0,,,0,0,0,0,0,0,0,election
0000950152-09-003994,91419,2009-04-22,8-K,5.02,1,1,386,2009-04-20;2009-06-30,b,1,0,0,0,0,0,2009-04-20,2009-06-30,0,1,0,0,0,0,0,departure
0000950123-09-015107,91419,2009-06-18,8-K,5.02,1,1,753,,,0,0,0,0,0,1,,,0,0,0,0,0,0,0,compensation only
0000950123-09-020588,91419,2009-07-08,8-K,"5.02,9.01",1,1,646,2009-06-30;2009-07-07,,1,0,0,0,0,0,,2009-06-30,0,1,0,0,1,0,0,departure
0000950123-10-079634,91419,2010-08-20,8-K,"5.02,5.07,9.01",1,1,2085,,e,0,0,0,0,0,1,,,0,0,0,0,0,0,0,compensation only
0001193125-21-116417,91440,2021-04-14,8-K,5.02,1,1,1484,2021-04-09;2021-06-30,,1,0,0,0,1,1,2021-04-09,,0,1,0,0,0,0,0,departure
0000091440-21-000014,91440,2021-04-30,8-K,"5.02,5.07,9.01",1,1,1867,,,0,0,0,0,0,1,,,0,0,0,0,0,0,0,compensation only
0001193125-15-388118,92380,2015-11-25,8-K,5.02,1,1,205,,b,0,0,1,0,0,0,,immediately,0,0,0,0,0,0,0,departure
0001193125-16-447087,92380,2016-02-02,8-K,5.02,1,1,2434,,d,0,0,0,0,1,1,,,0,0,0,0,0,0,0,election
0001193125-17-008419,92380,2017-01-12,8-K,5.02,1,1,1653,,,1,1,0,1,0,0,,,0,0,0,0,0,0,0,departure
0001193125-17-183437,92380,2017-05-25,8-K,5.02,1,1,658,2017-05-22;2017-06-30;2017-07-01,,1,0,0,1,0,0,2017-05-22,2017-06-30,0,0,0,0,0,0,0,departure
0001193125-17-220944,92380,2017-07-03,8-K,"5.02,9.01",1,1,2087,,,0,0,0,0,0,0,,,0,0,0,0,0,0,0,other
0001193125-21-203381,96021,2021-06-29,8-K,5.02,1,1,6400,2020-02-01;2020-02-12;2020-07-31;2021-06-23,,0,0,0,1,0,1,,,0,0,0,0,0,0,0,appointment
0001193125-21-236388,96021,2021-08-04,8-K,5.02,1,1,11192,,e,0,0,0,0,0,1,,,0,0,0,0,0,0,0,compensation only
0001193125-21-252868,96021,2021-08-20,8-K,"5.02,9.01",1,1,413,2021-08-20,,0,0,1,0,0,0,,,0,0,0,0,0,0,0,departure
0001193125-21-338587,96021,2021-11-23,8-K,"5.02,5.07",1,1,4620,,e,0,0,0,0,0,1,,,0,0,0,0,0,0,0,compensation only
0001193125-21-362516,96021,2021-12-20,8-K,"5.02,9.01",1,1,1713,2021-12-17,d,0,0,0,0,1,1,,,0,0,0,0,0,0,0,election
0001193125-22-058196,96021,2022-02-28,8-K,5.02,1,1,1212,2022-02-24;2022-02-28;2022-04-04,,0,0,1,0,0,1,2022-02-24,,0,0,0,0,0,0,1,departure
0001193125-22-139528,96021,2022-05-04,8-K,5.02,1,1,754,,,1,0,0,0,0,0,,2022-05-03,0,0,0,0,1,0,0,departure
0001193125-22-212634,96021,2022-08-04,8-K,5.02,1,1,6267,,e,0,0,0,0,0,1,,,0,0,0,0,0,0,0,compensation only
0001193125-22-247448,96021,2022-09-20,8-K,5.02,1,1,2095,2022-09-20;2022-11-18,,0,0,1,1,1,1,2022-09-20,,0,1,0,0,0,0,0,departure
0001193125-22-305398,96021,2022-12-15,8-K,"5.02,7.01,9.01",1,1,1287,,,1,0,0,0,1,0,,2023-01-06,0,0,0,1,0,0,0,departure
0000096021-23-000042,96021,2023-03-28,8-K,"5.02,7.01,9.01",1,1,3854,2023-07-01,,1,0,0,1,0,1,,,0,0,0,0,0,0,0,departure
0000096021-23-000091,96021,2023-08-04,8-K,5.02,1,1,5923,,e,0,0,0,0,0,1,,,0,0,0,0,0,0,0,compensation only
0000096021-23-000120,96021,2023-08-29,8-K,5.02,1,1,3425,2023-08-23;2023-09-01,,0,0,0,1,0,1,,,0,0,0,0,0,0,0,appointment
0000096021-23-000144,96021,2023-09-08,8-K,5.02,1,1,794,2023-09-07;2023-10-02,,1,0,1,0,0,0,2023-09-07,2023-10-02,0,1,0,0,0,0,0,departure
0000096021-23-000165,96021,2023-09-22,8-K,5.02,1,1,653,2023-09-22;2023-11-17,,0,0,1,0,0,0,2023-09-22,,0,1,0,0,0,0,0,departure
0000096021-23-000186,96021,2023-10-10,8-K/A,5.02,1,1,1748,2023-09-08;2023-10-02;2023-10-05;2024-10-01,,1,0,0,0,0,1,,2023-10-02,0,1,1,0,1,0,0,departure
0000096021-23-000190,96021,2023-10-17,8-K,5.02,1,1,4011,2023-09-29,,0,0,0,1,0,1,,,0,0,0,0,0,0,0,appointment
0000101830-07-000008,101830,2007-02-21,8-K/A,5.02,1,1,2073,,,0,0,0,0,0,0,,,0,0,0,0,0,0,0,other
0000101830-07-000011,101830,2007-03-06,8-K,"5.02,9.01",1,1,256,,,0,0,1,0,0,0,,,0,0,0,0,0,0,0,departure
0000101830-07-000032,101830,2007-08-07,8-K,"5.02,9.01",1,1,456,2007-08-07,,0,0,0,0,1,0,,,0,0,0,0,0,0,0,election
0000101830-07-000036,101830,2007-10-12,8-K,"5.02,7.01,9.01",1,1,1288,2007-10-08;2008-01-01,,1,1,0,1,0,1,2007-10-08,2007-10-08,0,0,0,0,1,1,0,departure
0000101830-07-000039,101830,2007-11-05,8-K/A,5.02,1,1,751,2007-08-07,,0,0,0,0,0,1,,,0,0,0,0,0,0,0,compensation only
0000101830-07-000042,101830,2007-12-20,8-K,"5.02,9.01",1,1,6939,2007-12-17;2007-12-18,a,0,0,0,0,1,1,,,0,0,0,0,0,0,0,election
0000101830-08-000002,101830,2008-01-04,8-K,5.02,1,1,1487,2007-12-31;2008-06-30;2008-12-31,e,0,0,0,0,0,1,,,0,0,0,0,0,0,0,compensation only
0000101830-08-000006,101830,2008-01-24,8-K,"5.02,8.01,9.01",1,1,856,2008-01-25,,1,0,0,1,0,0,2008-01-25,2008-01-25,0,0,0,1,0,0,0,departure
0000101830-08-000008,101830,2008-02-13,8-K,"5.02,9.01",1,1,904,2008-02-12,"b,d",0,0,1,0,1,1,,,0,0,0,0,0,0,0,departure
0000101830-08-000013,101830,2008-02-15,8-K,"1.01,5.02",1,1,439,,e,0,0,0,0,0,1,,,0,0,0,0,0,0,0,compensation only
0000101830-08-000016,101830,2008-02-28,8-K/A,5.02,1,1,248,,,0,0,0,0,0,0,,,0,0,0,0,0,0,0,other
0000101830-08-000018,101830,2008-03-03,8-K,5.02,1,1,565,2008-02-27;2008-05-13,b,0,0,0,0,0,0,,,0,0,0,0,0,0,0,other
0000101830-08-000020,101830,2008-03-17,8-K,5.02,1,1,520,2008-03-11;2008-03-14;2008-05-13,b,0,0,0,0,0,0,,,0,0,0,0,0,0,0,other
0000101830-08-000022,101830,2008-03-25,8-K,5.02,1,1,8849,2007-12-31,e,0,0,0,0,0,1,,,0,0,0,0,0,0,0,compensation only
0001193125-08-098764,101830,2008-05-01,8-K,"5.02,9.01",1,1,6655,2008-05-01;2008-12-31;2009-05-01;2009-12-31,"a,c",0,0,0,1,0,1,,,0,0,0,0,0,0,0,appointment
0000101830-08-000024,101830,2008-05-16,8-K,5.02,1,1,1891,2008-05-12,e,0,0,0,0,0,1,,,0,0,0,0,0,0,0,compensation only
0000101830-08-000026,101830,2008-06-09,8-K,"5.02,9.01",1,1,425,2008-06-09,d,0,0,0,0,1,0,,,0,0,0,0,0,0,0,election
0000101830-08-000028,101830,2008-10-07,8-K,5.02,1,1,1789,2008-10-02;2008-10-07,"b,c",1,0,0,1,0,1,2008-10-02,2008-10-02,0,0,0,0,0,0,0,departure
0000101830-08-000030,101830,2008-10-24,8-K,"5.02,9.01",1,1,1014,2008-10-22;2008-10-23;2008-10-24,"b,d",0,0,1,0,1,0,,2008-10-23,0,0,0,0,0,0,0,departure
0000101830-08-000031,101830,2008-11-12,8-K/A,5.02,1,1,412,2008-10-24,d,0,0,0,0,0,0,,,0,0,0,0,0,0,0,other
0000950123-08-016627,101830,2008-11-28,8-K,"5.02,7.01,9.01",1,1,271,,b,1,0,0,0,0,0,,,0,0,0,0,0,0,0,departure
0001193125-08-257043,101830,2008-12-19,8-K,"5.02,9.01",1,1,2081,2008-12-31,e,0,0,0,0,0,1,,,0,0,0,0,0,0,0,compensation only
0001193125-08-260916,101830,2008-12-29,8-K,"5.02,9.01",1,1,3078,,e,0,0,0,0,0,1,,,0,0,0,0,0,0,0,compensation only
0000101830-09-000002,101830,2009-01-26,8-K,"2.05,5.02,9.01",1,1,4799,2009-01-23;2009-03-31,"b,e",0,0,0,0,0,1,,,0,0,0,0,0,0,0,compensation only
0000101830-09-000005,101830,2009-03-03,8-K,"5.02,9.01",1,1,3004,2009-03-03,"b,c,d,e",1,0,0,1,1,1,,2009-03-03,0,0,0,0,0,0,0,departure
0000101830-09-000007,101830,2009-03-27,8-K,5.02,1,1,360,2009-03-23;2009-05-12,b,0,0,0,0,0,0,,,0,0,0,0,0,0,0,other
0000101830-09-000013,101830,2009-08-05,8-K/A,5.02,1,1,980,2009-01-26,e,0,0,0,0,0,1,,,0,0,0,0,0,0,0,compensation only
0000101830-09-000014,101830,2009-10-16,8-K,5.02,1,1,352,2009-10-13;2009-11-04,b,1,0,0,0,0,0,2009-10-13,2009-11-04,0,0,0,0,0,0,0,departure
0000101830-09-000016,101830,2009-11-06,8-K,5.02,1,1,1258,2009-11-06,c,0,0,0,1,0,1,,,0,0,0,0,0,0,0,appointment
0000101830-09-000020,101830,2009-12-23,8-K,5.02,1,1,1586,2009-12-22,e,0,0,0,0,0,1,,,0,0,0,0,0,0,0,compensation only
0000101830-10-000001,101830,2010-03-03,8-K,5.02,1,1,4750,2009-12-22;2012-05-01,e,0,0,0,0,0,1,,,0,0,0,0,0,0,0,compensation only
0000101830-10-000003,101830,2010-03-22,8-K/A,5.02,1,1,881,2009-01-26,e,0,0,0,0,0,1,,,0,0,0,0,0,0,0,compensation only
0000101830-10-000002,101830,2010-03-22,8-K,5.02,1,1,3943,,e,0,0,0,0,0,1,,,0,0,0,0,0,0,0,compensation only
0000101830-10-000013,101830,2010-07-08,8-K/A,5.02,1,1,1009,2010-03-03,e,0,0,0,0,0,1,,,0,0,0,0,0,0,0,compensation only
0000101830-10-000015,101830,2010-07-21,8-K,"5.02,7.01,9.01",1,1,224,2010-07-19;2010-08-23,,1,0,0,0,0,0,2010-07-19,2010-08-23,0,0,0,0,0,0,0,departure
0000101830-10-000017,101830,2010-08-06,8-K,5.02,1,1,1846,2010-08-05;2011-06-30,"a,e",0,0,0,0,0,1,,,0,0,0,0,0,0,0,compensation only
0000101830-10-000024,101830,2010-12-21,8-K,"5.02,9.01",1,1,6212,2010-12-20;2010-12-21,,0,0,0,0,0,1,,,0,0,0,0,0,0,0,compensation only
0000101830-11-000012,101830,2011-02-28,8-K/A,5.02,1,1,989,2009-01-26,e,0,0,0,0,0,1,,,0,0,0,0,0,0,0,compensation only
0000101830-11-000011,101830,2011-02-28,8-K/A,5.02,1,1,845,2010-03-22,e,0,0,0,0,0,1,,,0,0,0,0,0,0,0,compensation only
0000101830-11-000010,101830,2011-02-28,8-K,5.02,1,1,7176,,e,1,0,0,0,0,1,,,0,1,0,0,0,0,0,departure
0000101830-11-000014,101830,2011-04-04,8-K,"5.02,9.01",1,1,1165,2008-09-12;2010-12-21;2011-04-04,,1,0,0,1,0,0,,,1,0,0,0,0,0,0,departure
0000101830-11-000032,101830,2011-08-02,8-K,5.02,1,1,418,2011-08-01,e,0,0,0,1,0,1,,,0,0,0,0,0,0,0,appointment
0000101830-11-000030,101830,2011-08-02,8-K,5.02,1,1,999,2011-02-23,e,0,0,0,0,0,1,,,0,0,0,0,0,0,0,compensation only
0000101830-12-000009,101830,2012-02-13,8-K,5.02,1,1,2657,2011-10-04,e,0,0,0,0,0,1,,,0,0,0,0,0,0,0,compensation only
0000101830-12-000028,101830,2012-02-28,8-K/A,5.02,1,1,1219,2011-02-28,,0,0,0,0,0,1,,,0,0,0,0,0,0,0,compensation only
0000101830-12-000026,101830,2012-02-28,8-K/A,5.02,1,1,1214,2011-02-28,,0,0,0,0,0,1,,,0,0,0,0,0,0,0,compensation only
0000101830-12-000024,101830,2012-02-28,8-K,5.02,1,1,7097,,e,1,0,0,0,0,1,,,0,0,0,0,0,0,0,departure
0000101830-12-000046,101830,2012-05-04,8-K,5.02,1,1,264,2012-05-04,,0,0,0,0,0,1,,,0,0,0,0,0,0,0,compensation only
0000101830-12-000091,101830,2012-08-08,8-K,5.02,1,1,209,,b,0,0,0,0,0,0,,,0,0,0,0,0,0,0,other
0000101830-12-000093,101830,2012-10-04,8-K/A,5.02,1,1,645,,b,0,0,0,0,0,0,,,0,0,0,0,0,0,0,other
0000101830-12-000110,101830,2012-11-20,8-K,"5.02,8.01,9.01",1,1,1018,2012-11-16;2012-11-18;2012-11-20,e,0,0,0,0,0,1,,,0,0,0,0,0,0,0,compensation only
0000101830-13-000041,101830,2013-09-06,8-K,"5.02,9.01",1,1,1267,2013-09-03,d,0,0,0,0,1,1,,,0,0,0,0,0,0,0,election
0001193125-13-364138,101830,2013-09-11,8-K,"5.02,9.01",1,1,1950,2013-09-10;2015-01-02;2016-02-27,,0,0,0,0,0,1,,,0,0,0,0,0,0,0,compensation only
0001193125-13-372972,101830,2013-09-20,8-K/A,5.02,1,1,1489,,e,0,0,0,0,0,1,,,0,0,0,0,0,0,0,compensation only
0001193125-13-372950,101830,2013-09-20,8-K,"5.02,9.01",1,1,4882,2007-12-17;2008-12-31;2012-11-11;2013-09-18,,0,0,0,0,0,1,,,0,0,0,0,0,0,0,compensation only
0000101830-13-000053,101830,2013-12-19,8-K,"5.02,5.08",1,1,1409,,,0,0,1,1,0,0,,,0,0,0,1,0,0,0,departure
0000101830-14-000002,101830,2014-01-16,8-K,"5.02,9.01",1,1,2900,2013-10-18;2014-01-16,,0,0,0,0,1,1,,,0,0,0,0,0,0,0,election
0000101830-14-000019,101830,2014-02-24,8-K/A,5.02,1,1,2332,,,0,0,0,0,0,1,,,0,0,0,0,0,0,0,compensation only
0000101830-14-000015,101830,2014-02-24,8-K,5.02,1,1,4037,2013-09-10;2014-04-01;2015-01-02;2015-03-31,e,0,0,0,0,0,1,,,0,0,0,0,0,0,0,compensation only
0000101830-14-000021,101830,2014-03-12,8-K,5.02,1,1,395,2013-09-10;2014-03-06;2015-01-02,,1,0,0,0,0,1,2013-09-10,,0,1,0,0,0,0,0,departure
0000101830-14-000049,101830,2014-08-04,8-K,5.02,1,1,1823,2012-11-16;2013-09-10;2014-07-31;2014-08-15;2014-08-16;2015-01-02,,1,0,0,0,0,1,2014-08-16,2014-08-16,0,1,0,0,0,0,0,departure
0001193125-14-297076,101830,2014-08-06,8-K,"5.02,9.01",1,1,11905,2009-02-09;2014-01-01;2014-08-05;2014-08-06;2014-08-11;2015-03-31;2016-08-18,,1,1,0,1,0,1,,2014-08-11,0,0,0,0,1,1,0,departure
0000101830-14-000066,101830,2014-10-09,8-K/A,5.02,1,1,695,2014-02-18;2014-10-03,,0,0,0,0,0,1,,,0,0,0,0,0,0,0,compensation only
0000101830-14-000064,101830,2014-10-09,8-K,5.02,1,1,2671,,"b,e",0,0,0,0,0,1,,,0,0,0,0,0,0,0,compensation only
0000101830-14-000079,101830,2014-11-07,8-K,"5.02,9.01",1,1,1584,,,0,0,0,0,1,1,,,0,0,0,0,0,0,0,election
0000101830-14-000081,101830,2014-11-12,8-K,"5.02,9.01",1,1,3092,2008-12-31;2010-12-20;2012-11-20;2013-11-11;2014-08-05;2014-08-11;2014-11-05;2014-11-10;2015-11-05,,1,0,0,0,0,1,,,0,0,0,0,1,1,0,departure
0001193125-15-275046,101830,2015-08-03,8-K,"5.02,9.01",1,1,8212,2015-06-01;2015-07-27;2015-08-03;2015-08-31;2019-05-31,,1,0,0,0,0,1,,,0,0,0,0,0,0,0,departure
0000101830-15-000025,101830,2015-08-11,8-K,"5.02,9.01",1,1,3050,2015-08-07,,0,0,0,0,0,1,,,0,0,0,0,0,0,0,compensation only
0000101830-15-000024,101830,2015-08-11,8-K,"5.02,5.07",1,1,564,,,0,0,0,0,0,1,,,0,0,0,0,0,0,0,compensation only
0000101830-15-000030,101830,2015-10-15,8-K,5.02,1,1,245,2015-10-09;2015-11-06,,1,0,0,0,0,0,2015-10-09,2015-11-06,0,0,0,0,0,0,0,departure
0000101830-15-000043,101830,2015-11-12,8-K,"5.02,9.01",1,1,1466,2010-12-20;2012-11-20;2013-07-24;2013-11-11;2014-05-20;2014-11-14;2015-05-20;2015-10-31;2015-11-06;2015-12-09,,0,0,0,0,0,1,,,0,0,0,0,0,0,0,compensation only
0000101830-16-000056,101830,2016-03-01,8-K,5.02,1,1,182,,,0,0,0,0,0,0,,,0,0,0,0,0,0,0,other
0000101830-16-000063,101830,2016-05-06,8-K,5.02,1,1,256,2016-05-03,,0,0,0,0,0,0,,,0,0,0,0,0,0,1,other
0000101830-16-000070,101830,2016-06-24,8-K,5.02,1,1,289,2016-06-22,,0,0,1,0,0,0,2016-06-22,immediately,0,0,0,0,0,0,1,departure
0000101830-16-000092,101830,2016-11-03,8-K,"5.02,5.07",1,1,629,,,0,0,0,0,0,1,,,0,0,0,0,0,0,0,compensation only
0000101830-16-000094,101830,2016-12-01,8-K,"5.02,9.01",1,1,950,2016-12-01,d,0,0,0,0,1,1,,,0,0,0,0,0,0,0,election
0000101830-16-000096,101830,2016-12-12,8-K/A,5.02,1,1,358,2016-12-01,,0,0,0,0,0,0,,,0,0,0,0,0,0,0,other
0000101830-17-000003,101830,2017-01-24,8-K,"5.02,9.01",1,1,8538,2017-01-19;2017-01-24;2017-02-02,,0,0,0,1,0,1,,,0,0,0,0,0,0,0,appointment
0000101830-18-000003,101830,2018-01-04,8-K,5.02,1,1,12784,2015-05-31;2015-08-07;2017-04-01;2018-01-03;2018-01-04;2018-01-06;2018-03-31;2022-05-31,,1,0,0,1,1,1,,2018-01-06,0,0,0,0,0,0,0,departure
0000101830-18-000005,101830,2018-01-17,8-K,5.02,1,1,732,,,0,0,0,0,1,1,,,0,0,0,0,0,0,0,election
0000101830-18-000021,101830,2018-05-02,8-K,5.02,1,1,974,2018-05-01,,0,0,0,1,0,0,,,0,0,0,0,0,0,0,appointment
0000101830-18-000027,101830,2018-05-30,8-K,5.02,1,1,1366,,d,0,0,1,0,1,1,,2018-05-31,0,0,0,0,0,0,0,departure
0000101830-18-000029,101830,2018-07-02,8-K,"5.02,9.01",1,1,9101,2018-04-01;2018-05-31;2018-06-29;2018-07-02;2019-03-31,,1,1,0,1,0,1,,2018-05-31,1,0,0,0,0,0,0,departure
0000101830-18-000057,101830,2018-12-06,8-K,5.02,1,1,176,,,0,0,0,0,0,0,,,0,0,0,0,0,0,0,other
0000101830-19-000017,101830,2019-05-22,8-K,5.02,1,1,2657,2018-10-29,,0,0,0,1,0,1,,,0,0,0,0,0,0,0,appointment
0001193125-20-093630,101830,2020-04-01,8-K,"1.01,1.02,2.01,2.03,3.01,5.01,5.02,5.03,9.01",1,1,1529,,,1,0,0,0,0,0,,,0,0,0,0,0,0,0,departure
0001104659-16-137921,277135,2016-08-08,8-K,"5.02,5.03,9.01",1,1,2053,2015-08-01;2016-08-08;2016-10-01,,1,1,0,1,1,1,2016-08-08,2016-10-01,0,0,0,0,0,0,0,departure
0000277135-16-000057,277135,2016-10-03,8-K,5.02,1,1,705,,,1,0,0,0,0,0,,2016-10-01,0,0,0,0,0,0,0,departure
0000277135-17-000020,277135,2017-07-19,8-K,"2.02,5.02,9.01",1,1,165,2017-07-19,,0,0,0,0,0,0,,,0,0,0,0,0,0,0,other
0000277135-17-000023,277135,2017-07-25,8-K,"5.02,9.01",1,1,2292,,,0,0,0,0,1,1,,,0,0,0,0,0,0,0,election
0000277135-17-000028,277135,2017-08-02,8-K,"5.02,9.01",1,1,863,2017-08-02;2017-10-01,,1,0,0,0,0,0,2017-08-02,2017-10-01,0,1,0,0,0,0,0,departure
0000277135-17-000044,277135,2017-12-13,8-K,"5.02,9.01",1,1,2298,,,0,0,0,0,1,1,,,0,0,0,0,0,0,0,election
0001104659-18-021832,277135,2018-04-02,8-K,"5.02,9.01",1,1,4894,2010-12-31;2011-02-28;2018-04-02;2018-05-02;2018-08-31,,1,0,0,1,0,1,2018-04-02,2018-05-02,0,1,1,0,0,1,0,departure
0001193125-19-165112,315293,2019-06-04,8-K,"5.02,9.01",1,1,1407,2019-12-31;2020-12-31,,1,0,0,0,0,1,,2020-12-31,0,1,0,0,0,1,0,departure
0001193125-19-181180,315293,2019-06-25,8-K,"5.02,9.01",1,1,1100,2016-07-01;2019-06-25,,0,0,0,0,0,1,,,0,0,0,0,0,0,0,compensation only
0001193125-20-045455,315293,2020-02-24,8-K,5.02,1,1,371,2020-02-20,,1,0,0,1,0,0,2020-02-20,immediately,0,0,0,0,0,0,0,departure
0001193125-20-093512,315293,2020-04-01,8-K12B,"1.01,2.03,3.01,3.02,3.03,5.02,5.03,8.01,9.01",1,1,919,,,0,0,1,0,0,0,,,0,0,0,0,0,0,0,departure
0001193125-20-120011,315293,2020-04-27,8-K,"5.02,7.01,9.01",1,1,950,,,0,0,0,0,0,1,,,0,0,0,0,0,0,0,compensation only
0001193125-20-178023,315293,2020-06-25,8-K,"5.02,5.07,9.01",1,1,1128,2016-07-01;2020-06-19,,0,0,0,0,0,1,,,0,0,0,0,0,0,0,compensation only
0001193125-20-282544,315293,2020-10-30,8-K,"1.01,5.02,9.01",1,1,1183,,,0,0,0,0,1,1,,,0,0,0,0,0,0,0,election
0001193125-21-022598,315293,2021-01-29,8-K,5.02,1,1,1093,2021-01-25;2021-01-27,,1,0,0,1,0,0,2021-01-25,immediately,1,0,0,0,0,0,0,departure
0001193125-21-206409,315293,2021-07-01,8-K,5.02,1,1,1121,2021-06-25,,1,0,0,1,0,0,2021-06-25,,0,0,0,0,0,0,0,departure
0001193125-21-223710,315293,2021-07-26,8-K,"1.01,1.02,5.02,7.01,9.01",1,1,1521,2007-10-03;2012-03-27;2015-01-16;2015-02-20;2018-04-19;2018-04-20;2018-05-15;2021-07-26;2023-04-01;2026-04-01,,0,0,0,0,0,1,,,0,0,0,0,0,0,0,compensation only
0001193125-19-272011,318154,2019-10-23,8-K,"5.02,9.01",1,1,4882,2019-10-22;2020-01-01,"b,c",1,0,0,1,0,1,,,0,1,0,0,0,0,0,departure
0001193125-20-197806,318154,2020-07-23,8-K,5.02,1,1,1598,,,0,0,0,0,0,1,,,0,0,0,0,0,0,0,compensation only
0001193125-20-197795,318154,2020-07-23,8-K,5.02,1,1,2704,,d,0,0,0,0,1,1,,,0,0,0,0,0,0,0,election
0001193125-21-229599,318154,2021-07-30,8-K,"5.02,9.01",1,1,2995,,d,0,0,0,0,1,1,,,0,0,0,0,0,0,0,election
0001193125-22-211269,318154,2022-08-03,8-K,"5.02,9.01",1,1,2362,,d,0,0,0,0,1,1,,,0,0,0,0,0,0,0,election
0001193125-23-203033,318154,2023-08-04,8-K,5.02,1,1,1994,,,1,0,0,0,0,1,,2023-08-14,0,0,0,0,0,0,0,departure
0001193125-23-295027,318154,2023-12-14,8-K,"5.02,9.01",1,1,1411,2023-12-14,,0,0,0,1,0,0,,,0,0,0,0,0,0,0,appointment
0001193125-24-153221,318154,2024-06-03,8-K,"5.02,5.07",1,1,1511,,e,0,0,0,0,0,1,,,0,0,0,0,0,0,0,compensation only
0001181431-09-003017,320193,2009-01-16,8-K,5.02,1,1,1508,2009-01-09;2009-01-14;2009-01-16,c,0,0,0,0,0,0,,,0,0,0,0,0,0,0,other
0001181431-09-037492,320193,2009-08-04,8-K,5.02,1,1,96,,b,0,0,1,0,0,0,,2009-07-31,0,0,0,0,0,0,0,departure
0001193125-10-044765,320193,2010-03-01,8-K,"5.02,5.07,9.01",1,1,2337,2010-02-25;2019-11-09,e,0,0,0,0,0,1,,,0,0,0,0,0,0,0,compensation only
0001181431-10-016054,320193,2010-03-12,8-K,5.02,1,1,743,,e,0,0,0,0,0,1,,,0,0,0,0,0,0,0,compensation only
0001181431-10-056327,320193,2010-11-17,8-K,"5.02,5.03,9.01",1,1,1196,,d,0,0,0,0,1,1,,,0,0,0,0,0,0,0,election
0001181431-11-047179,320193,2011-08-26,8-K,5.02,1,1,1573,2011-01-07,e,1,1,0,1,1,1,,,0,0,0,0,0,0,0,departure
0001181431-11-056354,320193,2011-11-16,8-K,5.02,1,1,1160,,d,0,0,0,0,1,1,,,0,0,0,0,0,0,0,election
0001181431-12-032458,320193,2012-05-24,8-K,5.02,1,1,2139,2012-03-19,e,0,0,0,0,0,1,,,0,0,0,0,0,0,0,compensation only
0001181431-12-038301,320193,2012-06-28,8-K,5.02,1,1,152,,b,1,0,0,0,0,0,,2012-10-19,0,1,0,0,0,0,0,departure
0001193125-13-267629,320193,2013-06-21,8-K,5.02,1,1,8332,,e,0,0,0,0,0,1,,,0,0,0,0,0,0,0,compensation only
0001181431-13-041847,320193,2013-07-30,8-K,5.02,1,1,181,,,1,0,0,0,0,0,,2013-07-25,0,0,0,0,0,0,0,departure
0001193125-14-084697,320193,2014-03-05,8-K,"5.02,5.03,5.07,9.01",1,1,3744,2013-11-11;2014-03-04,,1,0,0,0,0,1,2014-03-04,,0,1,0,0,0,0,0,departure
0001181431-14-021923,320193,2014-05-30,8-K,5.02,1,1,3396,2013-03-30;2013-04-24;2014-05-29,e,1,0,0,1,0,1,,,1,1,0,0,0,0,0,departure
0001193125-14-271698,320193,2014-07-17,8-K,5.02,1,1,1251,,d,0,0,1,0,0,1,,,0,1,0,0,0,0,0,departure
0001193125-15-336615,320193,2015-10-02,8-K,5.02,1,1,1032,,d,0,0,0,0,1,1,,,0,0,0,0,0,0,0,election
0001193125-15-406279,320193,2015-12-17,8-K,5.02,1,1,501,,d,0,0,0,1,0,0,,,0,0,0,0,0,0,0,appointment
0001193125-16-488223,320193,2016-03-01,8-K,"5.02,5.07,9.01",1,1,797,,e,0,0,0,0,0,1,,,0,0,0,0,0,0,0,compensation only
0001193125-17-308859,320193,2017-10-12,8-K,5.02,1,1,354,2017-10-06,b,1,0,0,0,0,0,,2017-11-13,0,0,0,0,0,0,0,departure
0000320193-19-000026,320193,2019-02-06,8-K,5.02,1,1,282,2019-02-05;2019-04-15,b,1,0,0,0,0,0,2019-02-05,2019-04-15,0,0,0,0,0,0,0,departure
0000320193-19-000093,320193,2019-09-13,8-K,5.02,1,1,86,,b,0,0,1,0,0,0,,,0,0,0,0,0,0,0,departure
0001193125-21-001982,320193,2021-01-05,8-K,5.02,1,1,1241,,,0,0,0,0,1,1,,,0,0,0,0,0,0,0,election
0001193125-16-442035,354190,2016-01-28,8-K,"5.02,9.01",1,1,1288,2016-01-28,,0,0,0,0,1,1,,,0,0,0,0,0,0,0,election
0001193125-17-171866,354190,2017-05-16,8-K,"5.02,5.07,7.01,9.01",1,1,1742,,e,0,0,0,0,0,1,,,0,0,0,0,0,0,0,compensation only
0000354950-12-000027,354950,2012-09-21,8-K,"5.02,9.01",1,1,679,,,0,0,0,0,1,1,,,0,0,0,0,0,0,0,election
0000354950-12-000032,354950,2012-11-16,8-K,5.02,1,1,258,2012-11-15,,0,0,1,0,0,0,2012-11-15,immediately,0,0,0,0,0,0,0,departure
0000354950-13-000005,354950,2013-03-06,8-K,"5.02,9.01",1,1,2934,,,0,0,0,0,0,1,,,0,0,0,0,0,0,0,compensation only
0000354950-13-000017,354950,2013-05-29,8-K,"5.02,5.07",1,1,2104,,,0,0,1,0,0,1,,,0,0,0,0,0,0,0,departure
0000354950-13-000037,354950,2013-09-20,8-K,"5.02,9.01",1,1,724,,,0,0,0,0,1,1,,,0,0,0,0,0,0,0,election
0000354950-14-000006,354950,2014-02-28,8-K,"5.02,9.01",1,1,1505,,,0,0,0,0,0,1,,,0,0,0,0,0,0,0,compensation only
0000354950-14-000030,354950,2014-08-21,8-K,"5.02,5.03,9.01",1,1,1393,2014-08-21;2014-11-01,,1,1,0,0,0,0,,2014-11-01,0,0,0,0,0,0,0,departure
0000723254-19-000015,723254,2019-07-01,8-K,5.02,1,1,1779,,,1,0,0,0,1,1,,,0,0,0,0,0,0,0,departure
0000723254-19-000019,723254,2019-07-25,8-K/A,5.02,1,1,714,2019-07-01,,0,0,0,0,1,0,,,0,0,0,0,0,0,0,election
0000723254-21-000012,723254,2021-04-26,8-K,5.02,1,1,373,2021-04-23;2021-07-31,,1,0,0,0,0,0,2021-04-23,2021-07-31,0,1,0,0,0,0,0,departure
0001193125-06-248715,732712,2006-12-07,8-K,5.02,1,1,220,,,0,0,0,0,1,0,,,0,0,0,0,0,0,0,election
0001193125-06-251425,732712,2006-12-12,8-K,5.02,1,1,196,2006-12-11,,1,0,0,0,0,0,2006-12-11,,0,1,0,0,0,0,0,departure
0001193125-06-256227,732712,2006-12-19,8-K,5.02,1,1,499,,,0,0,0,1,0,1,,,0,0,0,0,0,0,0,appointment
0001193125-07-020398,732712,2007-02-06,8-K,5.02,1,1,648,,,0,0,0,1,0,1,,,0,0,0,0,0,0,0,appointment
0001193125-07-132583,732712,2007-06-08,8-K,5.02,1,1,628,,,0,0,0,0,0,0,,,0,0,0,0,0,0,0,other
0001193125-07-199004,732712,2007-09-11,8-K,5.02,1,1,200,,,0,0,1,0,0,0,,,0,1,0,0,0,0,0,departure
0001193125-07-261097,732712,2007-12-07,8-K,5.02,1,1,201,,,0,0,1,0,0,0,,,0,1,0,0,0,0,0,departure
0001193125-08-204660,732712,2008-10-01,8-K,5.02,1,1,170,2008-09-29,,1,0,0,0,0,0,2008-09-29,,0,1,0,0,0,0,0,departure
0001193125-12-493313,732712,2012-12-06,8-K,5.02,1,1,795,,,0,0,0,0,1,1,,,0,0,0,0,0,0,0,election
0001193125-13-043053,732712,2013-02-07,8-K,5.02,1,1,775,,,0,0,0,0,1,1,,,0,0,0,0,0,0,0,election
0001193125-13-253564,732712,2013-06-10,8-K,5.02,1,1,389,,,0,0,0,0,0,0,,,0,0,0,0,0,0,0,other
0001193125-13-357857,732712,2013-09-05,8-K/A,5.02,1,1,725,2013-02-07;2013-03-01,,0,0,0,0,1,0,,,0,0,0,0,0,0,0,election
0001193125-13-357855,732712,2013-09-05,8-K/A,5.02,1,1,716,2012-12-06,,0,0,0,0,1,0,,,0,0,0,0,0,0,0,election
0001193125-13-432495,732712,2013-11-07,8-K,5.02,1,1,600,,,0,0,0,0,1,1,,,0,0,0,0,0,0,0,election
0001193125-14-045399,732712,2014-02-11,8-K,5.02,1,1,1829,,e,0,0,0,0,0,1,,,0,0,0,0,0,0,0,compensation only
0001193125-14-331837,732712,2014-09-04,8-K/A,5.02,1,1,756,2013-11-07;2013-12-01,,0,0,0,0,1,0,,,0,0,0,0,0,0,0,election
0001193125-14-436511,732712,2014-12-08,8-K,5.02,1,1,464,2015-01-01,,0,0,0,1,0,0,,,0,0,0,0,0,0,0,appointment
0001193125-15-010064,732712,2015-01-14,8-K,5.02,1,1,256,,,0,0,1,0,0,0,,,0,0,0,0,0,0,0,departure
0001193125-15-035447,732712,2015-02-05,8-K,5.02,1,1,576,,,0,0,0,0,1,1,,,0,0,0,0,0,0,0,election
0001193125-15-051424,732712,2015-02-18,8-K,5.02,1,1,1092,,,1,0,0,1,0,0,,,0,1,0,0,0,0,0,departure
0001193125-15-185255,732712,2015-05-13,8-K,"5.02,5.07",1,1,220,2015-05-12,,1,1,0,0,0,0,2015-05-12,,0,1,0,0,0,0,0,departure
0001193125-15-311636,732712,2015-09-03,8-K,5.02,1,1,589,,,0,0,0,0,1,1,,,0,0,0,0,0,0,0,election
0001193125-15-367882,732712,2015-11-05,8-K,5.02,1,1,588,,,0,0,0,0,1,1,,,0,0,0,0,0,0,0,election
0001193125-15-394003,732712,2015-12-03,8-K/A,5.02,1,1,696,2015-02-05,,0,0,0,0,1,0,,,0,0,0,0,0,0,0,election
0001193125-15-400066,732712,2015-12-10,8-K,5.02,1,1,546,,,0,0,0,0,0,0,,,0,0,0,0,0,0,0,other
0001193125-16-610887,732712,2016-06-02,8-K/A,5.02,1,1,684,2015-09-02,,0,0,0,0,1,0,,,0,0,0,0,0,0,0,election
0001193125-16-617604,732712,2016-06-09,8-K,5.02,1,1,162,2016-06-08;2016-07-01,,1,0,0,0,0,0,2016-06-08,2016-07-01,0,1,0,0,0,0,0,departure
0001193125-16-699639,732712,2016-09-01,8-K,"5.02,9.01",1,1,1037,2016-09-01;2016-11-01,,1,0,0,0,0,1,2016-09-01,2016-11-01,0,1,0,0,0,0,0,departure
0001193125-16-798875,732712,2016-12-20,8-K,5.02,1,1,315,2016-12-19;2016-12-31,,0,0,1,0,0,0,2016-12-19,2016-12-31,0,0,0,0,0,0,1,departure
0001193125-17-088316,732712,2017-03-20,8-K,5.02,1,1,2295,,,0,0,0,0,0,1,,,0,0,0,0,0,0,0,compensation only
0001193125-17-165255,732712,2017-05-10,8-K,"5.02,5.07",1,1,702,,e,0,0,0,0,0,1,,,0,0,0,0,0,0,0,compensation only
0001193125-17-303383,732712,2017-10-04,8-K,5.02,1,1,399,2017-12-31,,1,1,0,0,0,0,,,0,0,0,0,0,0,0,departure
0001193125-18-073362,732712,2018-03-07,8-K,5.02,1,1,1381,,e,0,0,0,0,0,1,,,0,0,0,0,0,0,0,compensation only
0001193125-18-187324,732712,2018-06-08,8-K,5.02,1,1,5122,2018-06-07;2018-08-01,,1,0,0,1,1,1,2018-06-07,2018-08-01,0,1,0,0,0,0,0,departure
0001193125-18-268028,732712,2018-09-06,8-K,5.02,1,1,574,,,0,0,0,0,1,1,,,0,0,0,0,0,0,0,election
0001193125-18-292824,732712,2018-10-04,8-K,5.02,1,1,304,2018-10-01,,0,0,1,0,0,0,2018-10-01,2018-10-01,0,0,0,0,0,0,1,departure
0001193125-19-031481,732712,2019-02-08,8-K/A,5.02,1,1,707,2018-09-06,,0,0,0,0,1,0,,,0,0,0,0,0,0,0,election
0001193125-19-031476,732712,2019-02-08,8-K,"5.02,9.01",1,1,1262,2019-02-06;2019-02-07;2019-05-02,,0,0,1,0,1,0,2019-02-06,2019-03-08,0,1,0,0,0,0,0,departure
0001193125-19-142992,732712,2019-05-09,8-K,5.02,1,1,307,,,0,0,0,0,0,0,,,0,0,0,0,0,0,0,other
0001193125-19-307167,732712,2019-12-05,8-K,"5.02,5.03,9.01",1,1,924,,,0,0,0,0,1,1,,,0,0,0,0,0,0,0,election
0001193125-20-025340,732712,2020-02-05,8-K,5.02,1,1,240,2020-02-05,,0,0,1,0,0,0,2020-02-05,,0,0,0,0,0,0,0,departure
0001193125-20-072475,732712,2020-03-13,8-K,5.02,1,1,381,2020-03-12,,0,0,0,1,0,0,,,0,0,0,0,0,0,0,appointment
0001193125-21-160418,732712,2021-05-13,8-K/A,5.02,1,1,708,2020-10-02,,0,0,0,0,1,0,,,0,0,0,0,0,0,0,election
0001193125-21-199523,732712,2021-06-25,8-K,5.02,1,1,586,,,0,0,0,0,1,1,,,0,0,0,0,0,0,0,election
0001193125-21-245801,732712,2021-08-13,8-K,5.02,1,1,797,2021-03-29,,0,0,0,0,1,1,,,0,0,0,0,0,0,0,election
0001193125-21-262922,732712,2021-09-01,8-K,"5.02,8.01",1,1,291,,,1,0,0,0,0,0,,,0,0,0,0,0,0,0,departure
0001193125-21-323046,732712,2021-11-08,8-K,5.02,1,1,352,2021-11-08;2022-01-01,,0,0,0,1,0,0,,,0,0,0,0,0,0,0,appointment
0001193125-21-346654,732712,2021-12-02,8-K/A,5.02,1,1,743,2021-06-24;2021-07-01,,0,0,0,0,1,0,,,0,0,0,0,0,0,0,election
0001193125-21-346650,732712,2021-12-02,8-K/A,5.02,1,1,686,2021-08-12;2021-09-01,,0,0,0,0,1,0,,,0,0,0,0,0,0,0,election
0001193125-22-151826,732712,2022-05-16,8-K,5.02,1,1,403,,,1,1,0,0,0,0,,,0,0,0,0,0,0,0,departure
0001193125-22-168378,732712,2022-06-06,8-K,5.02,1,1,390,2022-07-01,,1,1,0,0,0,0,2022-07-01,2022-07-01,1,0,0,0,0,0,0,departure
0001193125-22-230055,732712,2022-08-25,8-K,5.02,1,1,254,2022-09-30,,1,1,0,0,0,0,,2022-09-30,0,0,0,0,0,0,0,departure
0001193125-22-230053,732712,2022-08-25,8-K/A,5.02,1,1,479,,,0,0,0,0,0,0,,,0,0,0,0,0,0,0,other
0001193125-22-278771,732712,2022-11-07,8-K,5.02,1,1,911,2022-03-28,,0,0,0,0,0,1,,,0,0,0,0,0,0,0,compensation only
0001193125-23-058988,732712,2023-03-03,8-K,5.02,1,1,2109,,,1,0,0,0,0,1,,2023-05-01,0,0,0,0,0,0,0,departure
0001193125-24-013874,732712,2024-01-24,8-K,5.02,1,1,245,2024-01-18,,0,0,1,0,0,0,2024-01-18,,0,0,0,0,0,0,0,departure
0001193125-24-022476,732712,2024-02-02,8-K,5.02,1,1,416,,,0,0,0,0,0,1,,,0,0,0,0,0,0,0,compensation only
0001193125-24-146021,732712,2024-05-23,8-K,5.02,1,1,393,2024-07-01,,1,0,0,0,0,0,2024-07-01,2024-07-01,0,0,0,0,0,0,0,departure
0001193125-24-170544,732712,2024-06-27,8-K,5.02,1,1,607,,,0,0,0,0,1,1,,,0,0,0,0,0,0,0,election
0000950123-06-015733,732717,2006-12-29,8-K,"2.01,2.03,5.02,9.01",1,1,1579,2006-12-29,,0,0,0,0,1,0,,,0,0,0,0,0,0,0,election
0000732717-07-000007,732717,2007-01-29,8-K/A,5.02,1,1,893,,,0,0,0,0,1,0,,,0,0,0,0,0,0,0,election
0000732717-07-000028,732717,2007-04-30,8-K,5.02,1,1,1864,2007-04-27;2007-06-03,,1,1,0,0,1,0,2007-04-27,2007-06-03,0,1,0,0,0,0,0,departure
0000732717-07-000038,732717,2007-06-01,8-K/A,5.02,1,1,1161,,,0,0,0,0,1,1,,,0,0,0,0,0,0,0,election
0000732717-07-000084,732717,2007-10-16,8-K,5.02,1,1,643,2007-10-11,,1,1,0,0,0,0,2007-10-11,,0,1,0,0,0,0,0,departure
0000732717-07-000089,732717,2007-10-19,8-K,"5.02,9.01",1,1,3318,,,0,0,0,0,0,1,,,0,0,0,0,0,0,0,compensation only
0000732717-08-000070,732717,2008-09-29,8-K,5.02,1,1,511,,,0,0,0,0,1,0,,,0,0,0,0,0,0,0,election
0000732717-10-000011,732717,2010-02-23,8-K,5.02,1,1,480,2010-02-17,,0,0,1,0,0,0,2010-02-17,,0,0,0,0,0,0,0,departure
0000732717-10-000051,732717,2010-06-25,8-K,"5.02,9.01",1,1,1784,,,0,0,0,0,0,1,,,0,0,0,0,0,0,0,compensation only
0000732717-10-000082,732717,2010-09-30,8-K,5.02,1,1,706,,,0,0,0,0,1,1,,,0,0,0,0,0,0,0,election
0000732717-10-000097,732717,2010-12-17,8-K/A,5.02,1,1,669,,,0,0,0,0,1,0,,,0,0,0,0,0,0,0,election
0000732717-11-000016,732717,2011-03-07,8-K,5.02,1,1,1410,2011-03-04;2011-06-01,,1,0,0,1,0,0,2011-03-04,2011-06-01,0,1,0,0,0,0,0,departure
0000732717-11-000033,732717,2011-03-29,8-K/A,"5.02,9.01",1,1,2169,2011-03-07;2011-03-24;2011-03-29;2011-06-01,,1,0,0,0,0,1,2011-03-07,2011-06-01,0,1,0,0,0,0,0,departure
0000732717-11-000107,732717,2011-12-16,8-K,"5.02,9.01",1,1,2255,,,0,0,0,0,0,1,,,0,0,0,0,0,0,0,compensation only
0000732717-12-000063,732717,2012-06-29,8-K,5.02,1,1,777,,,0,0,0,0,1,1,,,0,0,0,0,0,0,0,election
0000732717-13-000012,732717,2013-02-04,8-K,5.02,1,1,570,,,0,0,0,0,1,0,,,0,0,0,0,0,0,0,election
0000732717-13-000058,732717,2013-06-28,8-K,5.02,1,1,698,,,0,0,0,0,1,1,,,0,0,0,0,0,0,0,election
0000732717-13-000077,732717,2013-07-25,8-K,5.02,1,1,439,2013-07-19;2013-07-25,,0,0,1,0,0,0,2013-07-19,2013-07-25,0,1,0,0,0,0,0,departure
0000732717-13-000090,732717,2013-09-27,8-K,5.02,1,1,1054,2013-06-28,,0,0,0,0,1,1,,,1,0,0,0,0,0,0,election
0000732717-13-000101,732717,2013-12-12,8-K,"5.02,9.01",1,1,477,,,0,0,0,0,0,1,,,0,0,0,0,0,0,0,compensation only
0000732717-14-000094,732717,2014-06-30,8-K,5.02,1,1,2721,,,0,0,0,0,1,1,,,0,0,0,0,0,0,0,election
0000732717-14-000126,732717,2014-11-07,8-K,"5.02,8.01",1,1,663,,,0,0,0,0,1,1,,,0,0,0,0,0,0,0,election
0000732717-14-000138,732717,2014-12-19,8-K,"5.02,9.01",1,1,2184,2014-12-30,,0,0,0,0,0,1,,,0,0,0,0,0,0,0,compensation only
0000732717-15-000056,732717,2015-06-26,8-K,5.02,1,1,947,,,0,0,0,0,1,1,,,0,0,0,0,0,0,0,election
0000732717-15-000073,732717,2015-07-30,8-K,5.02,1,1,935,,,0,0,0,0,1,1,,,0,0,0,0,0,0,0,election
0000732717-15-000089,732717,2015-08-20,8-K,"5.02,9.01",1,1,2566,2015-08-19;2015-09-30;2015-10-01,,1,0,0,1,0,0,2015-08-19,2015-09-30,0,1,0,0,0,0,0,departure
0000732717-16-000186,732717,2016-06-24,8-K,5.02,1,1,965,,,0,0,0,0,1,1,,,0,0,0,0,0,0,0,election
0000732717-16-000251,732717,2016-12-08,8-K,5.02,1,1,758,2016-12-08;2016-12-31;2017-01-01,,1,0,0,1,0,0,2016-12-08,2016-12-31,0,1,0,0,0,0,0,departure
0000732717-16-000257,732717,2016-12-16,8-K,"5.02,9.01",1,1,1252,2016-02-01;2016-12-08;2016-12-15;2016-12-31,,1,0,1,0,0,0,2016-12-08,2016-12-31,0,1,0,0,0,0,0,departure
0000732717-17-000084,732717,2017-10-04,8-K,"5.02,9.01",1,1,1116,,,0,0,0,0,0,1,,,0,0,0,0,0,0,0,compensation only
0000732717-18-000005,732717,2018-02-02,8-K,"5.02,9.01",1,1,575,,,0,0,0,0,0,1,,,0,0,0,0,0,0,0,compensation only
0000732717-18-000050,732717,2018-07-03,8-K,"5.02,9.01",1,1,725,,,0,0,0,0,0,0,,,0,0,0,0,0,0,0,other
0000732717-19-000034,732717,2019-07-29,8-K,5.02,1,1,920,,,0,0,0,0,1,1,,,0,0,0,0,0,0,0,election
0001193125-19-233801,732717,2019-08-29,8-K,5.02,1,1,474,2019-08-26;2019-10-01,,0,0,0,0,0,0,,,0,0,0,0,0,0,0,other
0001193125-19-236682,732717,2019-09-03,8-K,5.02,1,1,1956,,,0,0,0,1,0,1,,,1,0,0,0,0,0,0,appointment
0001193125-19-239966,732717,2019-09-06,8-K,"5.02,9.01",1,1,1039,2019-08-26;2019-10-01,,0,0,0,0,0,1,,,1,0,0,0,0,0,0,compensation only
0000732717-19-000054,732717,2019-11-01,8-K,5.02,1,1,970,,,0,0,0,0,1,1,,,0,0,0,0,0,0,0,election
0001193125-19-316283,732717,2019-12-17,8-K,"5.02,9.01",1,1,1557,,,0,0,0,0,0,1,,,0,0,0,0,0,0,0,compensation only
0001193125-20-123202,732717,2020-04-28,8-K,"5.02,5.07",1,1,1375,,,1,0,0,1,1,1,,,0,1,0,0,0,0,0,departure
0000732717-20-000020,732717,2020-06-26,8-K,"5.02,5.03,9.01",1,1,621,2020-06-25,,0,0,0,0,0,1,,,0,0,0,0,0,0,0,compensation only
0001193125-20-296128,732717,2020-11-17,8-K,5.02,1,1,1139,2020-11-11;2021-03-31,,1,0,0,1,0,0,2020-11-11,2021-03-31,0,1,0,0,0,0,0,departure
0001193125-21-015737,732717,2021-01-25,8-K,"5.02,9.01",1,1,1502,2021-01-19;2021-01-20;2021-01-21,,1,0,0,0,0,1,2021-01-19,,0,1,0,0,0,0,0,departure
0001193125-21-100281,732717,2021-03-30,8-K,"5.02,9.01",1,1,1482,2021-03-30;2021-03-31,,1,0,0,0,0,0,2021-03-31,,1,1,0,0,0,0,0,departure
0001193125-21-199754,732717,2021-06-25,8-K,5.02,1,1,1007,,,0,0,0,0,1,1,,,0,0,0,0,0,0,0,election
0000732717-21-000088,732717,2021-12-06,8-K/A,5.02,1,1,1184,,,0,0,0,0,1,1,,,0,0,0,0,0,0,0,election
0001193125-22-076137,732717,2022-03-15,8-K,"5.02,7.01,9.01",1,1,542,,,0,0,1,0,0,0,,immediately,0,0,0,0,0,0,0,departure
0000732717-22-000073,732717,2022-07-01,8-K,5.02,1,1,1053,,,0,0,0,1,0,0,,,0,0,0,0,0,0,0,appointment
0000732717-22-000091,732717,2022-08-04,8-K/A,5.02,1,1,1055,,,0,0,0,1,0,0,,,0,0,0,0,0,0,0,appointment
0001193125-23-022845,732717,2023-02-02,8-K,"5.02,5.03,9.01",1,1,935,2023-01-27;2023-03-31,,1,0,0,1,0,0,2023-01-27,2023-03-31,0,1,0,0,0,0,0,departure
0000732717-24-000012,732717,2024-03-01,8-K,"5.02,9.01",1,1,583,,,0,0,0,0,1,1,,,0,0,0,0,0,0,0,election
0000950117-04-004470,764180,2004-12-17,8-K,"5.02,5.03,9.01",1,1,588,2004-12-15,,0,0,0,0,1,0,,,0,0,0,0,0,0,0,election
0001193125-05-040688,764180,2005-03-02,8-K/A,5.02,1,1,396,2004-10-29,,0,0,0,0,1,0,,,1,0,0,0,0,0,0,election
0001193125-05-040686,764180,2005-03-02,8-K/A,5.02,1,1,380,2004-12-17,,0,0,0,0,1,1,,,1,0,0,0,0,0,0,election
0001193125-07-019313,764180,2007-02-02,8-K,"5.02,9.01",1,1,6301,,e,0,0,0,0,0,1,,,0,0,0,0,0,0,0,compensation only
0000930413-19-002021,773840,2019-07-08,8-K,5.02,1,1,1405,2019-07-08,,1,0,0,0,0,0,2019-07-08,,0,1,0,0,0,0,0,departure
0000773840-19-000018,773840,2019-07-26,8-K,5.02,1,1,852,,,1,0,0,0,0,1,,immediately,1,1,0,0,0,0,0,departure
0000930413-19-002643,773840,2019-10-08,8-K,"5.02,8.01,9.01",1,1,898,,,0,0,0,0,1,1,,,0,0,0,0,0,0,0,election
0000930413-19-002693,773840,2019-10-16,8-K,5.02,1,1,1753,,,1,0,0,1,0,0,,2019-10-15,0,0,0,0,0,0,0,departure
0000773840-19-000029,773840,2019-12-06,8-K,"5.02,9.01",1,1,712,,,0,0,1,0,1,0,,,0,1,0,0,0,0,0,departure
0000773840-20-000011,773840,2020-02-28,8-K,"5.02,9.01",1,1,791,,,0,0,1,0,0,1,,,0,1,0,0,0,0,0,departure
0000773840-20-000031,773840,2020-06-11,8-K,5.02,1,1,1390,,d,1,0,0,1,0,0,,2020-08-01,0,1,0,0,0,0,0,departure
0001193125-21-215278,773840,2021-07-14,8-K,5.02,1,1,2149,,d,1,1,0,1,0,0,,2021-08-13,0,1,0,0,0,0,0,departure
0000773840-22-000003,773840,2022-01-05,8-K,5.02,1,1,1589,2022-01-05;2022-04-01,d,0,0,0,0,1,0,,,0,0,0,0,0,0,0,election
0001193125-22-011376,773840,2022-01-18,8-K,"5.02,9.01",1,1,650,,,0,0,0,0,1,1,,,0,0,0,0,0,0,0,election
0001193125-22-204108,773840,2022-07-28,8-K,"5.02,7.01,9.01",1,1,2913,,,0,0,0,1,0,1,,,0,0,0,0,0,0,0,appointment
0000773840-22-000058,773840,2022-09-01,8-K,"5.02,7.01",1,1,728,2022-09-01,d,0,0,0,0,0,0,,,0,0,0,0,0,0,0,other
0001193125-22-248396,773840,2022-09-21,8-K,5.02,1,1,1291,2022-09-21;2022-10-03,d,1,1,0,1,0,0,2022-09-21,2022-10-03,0,0,0,0,0,0,0,departure
0000773840-22-000062,773840,2022-09-30,8-K,5.02,1,1,479,,d,0,0,0,0,1,1,,,0,0,0,0,0,0,0,election
0001193125-22-269566,773840,2022-10-26,8-K,5.02,1,1,615,,d,0,0,0,0,0,1,,,0,0,0,0,0,0,0,compensation only
0001193125-23-069598,773840,2023-03-14,8-K,"5.02,7.01,8.01,9.01",1,1,5532,2023-06-01;2024-04-01,,1,1,0,1,1,1,2023-06-01,2023-06-01,0,0,1,0,1,1,0,departure
0000773840-23-000063,773840,2023-06-15,8-K,5.02,1,1,935,2023-06-15,,1,1,0,0,0,0,2023-06-15,,0,1,0,0,0,0,0,departure
0000773840-23-000076,773840,2023-10-10,8-K,"2.02,5.02,8.01,9.01",1,1,2330,,,0,0,0,1,0,0,,,0,0,0,0,0,0,0,appointment
0000773840-23-000088,773840,2023-11-28,8-K,"5.02,7.01,9.01",1,1,542,,,0,0,0,0,1,1,,,0,0,0,0,0,0,0,election
0000773840-24-000006,773840,2024-02-01,8-K,"5.02,7.01,9.01",1,1,1460,,,0,0,1,0,1,0,,,0,1,0,0,0,0,0,departure
0001193125-15-318450,789019,2015-09-11,8-K,5.02,1,1,334,,c,0,0,0,1,0,0,,,0,0,0,0,0,0,0,appointment
0001193125-16-643151,789019,2016-07-07,8-K,5.02,1,1,121,2016-06-30,b,1,0,0,0,0,0,2016-06-30,,0,0,0,0,0,0,0,departure
0001193125-17-082168,789019,2017-03-14,8-K,"5.02,9.01",1,1,1156,2017-03-14,d,0,0,0,0,1,1,,,0,0,0,0,0,0,0,election
0001193125-17-288464,789019,2017-09-19,8-K,"5.02,9.01",1,1,1449,2017-09-19,"b,d",0,0,1,0,1,1,,,0,1,0,0,0,0,0,departure
0001193125-17-357415,789019,2017-11-30,8-K,"5.02,5.07",1,1,862,,,0,0,0,0,0,0,,,0,0,0,0,0,0,0,other
0001193125-18-277602,789019,2018-09-19,8-K,"5.02,9.01",1,1,990,,e,0,0,0,0,0,1,,,0,0,0,0,0,0,0,compensation only
0001193125-19-249565,789019,2019-09-19,8-K,"5.02,9.01",1,1,342,2019-12-04,b,0,0,1,0,0,0,2019-12-04,,0,1,0,0,0,0,0,departure
0001193125-20-073072,789019,2020-03-13,8-K,"5.02,9.01",1,1,212,,b,0,0,1,0,0,0,,2020-03-13,0,0,0,0,0,0,0,departure
0001193125-20-184744,789019,2020-07-01,8-K,5.02,1,1,1556,2020-07-01;2020-07-31,,1,0,0,1,0,1,,,0,0,0,0,0,0,0,departure
0001193125-20-188481,789019,2020-07-07,8-K,5.02,1,1,238,2020-07-01,,1,0,0,0,0,0,2020-07-01,2020-07-01,0,0,0,0,0,0,0,departure
0001193125-21-167940,789019,2021-05-20,8-K,5.02,1,1,230,,,0,0,0,0,0,0,,,0,0,0,0,0,0,0,other
0001193125-18-084015,789570,2018-03-15,8-K,"5.02,9.01",1,1,1655,2017-03-10;2018-03-14,d,0,0,0,0,1,1,,,0,0,0,0,0,0,0,election
0001193125-18-255165,789570,2018-08-22,8-K,"5.02,9.01",1,1,1755,2017-03-10;2018-08-22,d,0,0,0,0,1,1,,,0,0,0,0,0,0,0,election
0001193125-18-297663,789570,2018-10-11,8-K,"5.02,9.01",1,1,2467,2014-12-13;2018-10-04;2018-10-10;2019-12-31,"b,e",1,0,0,0,0,1,2018-10-04,2018-10-10,0,0,0,0,1,1,0,departure
0001193125-19-012788,789570,2019-01-18,8-K,"5.02,9.01",1,1,1698,2017-03-10;2019-01-17,d,0,0,0,0,1,1,,,0,0,0,0,0,0,0,election
0001193125-19-048428,789570,2019-02-22,8-K,"5.02,9.01",1,1,2593,2016-11-15;2016-12-07;2019-02-18;2019-02-21;2019-03-01;2019-03-22,"b,c,e",1,0,0,1,0,1,2019-02-21,2019-03-01,0,0,0,0,0,0,0,departure
0001193125-20-038441,789570,2020-02-14,8-K,"5.02,9.01",1,1,4238,2016-10-03;2020-02-11;2020-02-12;2020-12-31;2021-12-31;2022-12-31,,1,1,0,1,0,1,2020-02-12,,0,0,0,0,0,1,0,departure
0001193125-21-370665,789570,2021-12-30,8-K,5.02,1,1,486,2021-12-29;2021-12-31,b,0,0,1,0,0,0,2021-12-29,2021-12-31,0,0,0,0,0,0,1,departure
0001193125-22-145101,789570,2022-05-09,8-K,"5.02,5.07,9.01",1,1,1908,,e,0,0,0,0,0,1,,,0,0,0,0,0,0,0,compensation only
0000789570-22-000020,789570,2022-06-24,8-K,"1.01,5.02,9.01",1,1,231,,b,1,0,0,0,0,0,,,0,0,0,0,0,0,0,departure
0001193125-22-226494,789570,2022-08-22,8-K,"5.02,9.01",1,1,14265,2022-08-18;2022-09-01;2025-08-31;2026-02-01;2026-08-31,e,1,1,0,0,0,1,,,0,0,0,0,1,0,0,departure
0001193125-23-056496,789570,2023-03-01,8-K,"5.02,9.01",1,1,1737,2017-03-10;2022-03-25;2023-03-01,d,0,0,0,0,1,1,,,0,0,0,0,0,0,0,election
0001104659-11-069679,796343,2011-12-15,8-K,"2.02,5.02,9.01",1,1,820,,,0,0,0,0,0,1,,,0,0,0,0,0,0,0,compensation only
0001104659-12-004271,796343,2012-01-26,8-K,"5.02,9.01",1,1,11823,2012-01-24,,0,0,0,0,0,1,,,0,0,0,0,0,0,0,compensation only
0001104659-12-025271,796343,2012-04-13,8-K,"5.02,5.07,8.01,9.01",1,1,1176,,e,0,0,0,0,0,1,,,0,0,0,0,0,0,0,compensation only
0001104659-12-036984,796343,2012-05-14,8-K,"5.02,9.01",1,1,2071,2012-03-01,d,0,0,0,0,1,1,,,0,0,0,0,0,0,0,election
0001104659-12-047044,796343,2012-06-29,8-K/A,5.02,1,1,1711,2012-03-01;2012-05-14,d,0,0,0,0,1,1,,,0,0,0,0,0,0,0,election
0001104659-12-082162,796343,2012-12-05,8-K,"5.02,9.01",1,1,6982,2012-03-01,d,0,0,0,0,1,1,,,0,0,0,0,0,0,0,election
0000796343-13-000017,796343,2013-01-28,8-K,"5.02,9.01",1,1,12873,,,0,0,0,1,0,1,,,0,0,0,0,0,0,0,appointment
0000796343-13-000030,796343,2013-03-19,8-K,"2.02,5.02,9.01",1,1,205,,b,1,0,0,0,0,0,,2013-03-22,0,0,0,0,0,0,0,departure
0000796343-13-000036,796343,2013-04-12,8-K,"5.02,5.07,9.01",1,1,1265,,e,0,0,0,0,0,1,,,0,0,0,0,0,0,0,compensation only
0000796343-14-000007,796343,2014-01-29,8-K,"5.02,9.01",1,1,12269,,,0,0,0,1,0,1,,,0,0,0,0,0,0,0,appointment
0000796343-17-000188,796343,2017-12-14,8-K,"2.02,5.02,9.01",1,1,540,,,0,0,0,0,0,1,,,0,0,0,0,0,0,0,compensation only
0000796343-18-000039,796343,2018-01-26,8-K,"5.02,9.01",1,1,10902,2018-01-22,,1,0,0,1,0,1,2018-01-22,,0,1,0,0,0,0,0,departure
0000796343-18-000072,796343,2018-04-05,8-K,"5.02,9.01",1,1,2700,2018-01-22,"b,c",1,0,0,1,0,1,2018-01-22,,0,1,0,0,0,0,0,departure
0000796343-18-000088,796343,2018-04-13,8-K,"5.02,5.07,9.01",1,1,2524,2018-03-02,"d,e",0,0,0,0,1,1,,,0,0,0,0,0,0,0,election
0000796343-18-000179,796343,2018-11-19,8-K,5.02,1,1,2968,,c,0,0,0,1,0,1,,,0,0,0,0,0,0,0,appointment
0000796343-19-000008,796343,2019-01-24,8-K,"5.02,9.01",1,1,2440,2018-03-02;2019-01-17;2019-01-24;2019-03-01,"b,d",1,0,1,0,1,1,2019-01-17,2019-03-01,0,0,0,0,0,0,0,departure
0000796343-19-000024,796343,2019-01-28,8-K,"5.02,9.01",1,1,10530,2018-04-09,,1,0,0,1,0,1,,,0,0,0,0,0,0,0,departure
0000796343-19-000091,796343,2019-04-12,8-K,"5.02,5.07,9.01",1,1,709,,,0,0,0,0,0,1,,,0,0,0,0,0,0,0,compensation only
0000796343-20-000040,796343,2020-01-30,8-K,"5.02,9.01",1,1,10561,,,0,0,0,1,0,1,,,0,0,0,0,0,0,0,appointment
0000796343-20-000085,796343,2020-04-10,8-K,"5.02,5.07",1,1,1882,2020-04-06;2020-04-09,b,0,0,1,0,1,1,2020-04-06,immediately,0,1,0,0,0,0,0,departure
0001193125-19-010578,815097,2019-01-16,8-K,"5.02,9.01",1,1,1148,,d,0,0,0,0,0,1,,,0,0,0,0,0,0,0,compensation only
0000815097-20-000033,815097,2020-04-21,8-K,"5.02,9.01",1,1,1724,,d,1,0,0,1,0,1,,,0,0,0,1,0,0,0,departure
0000815097-20-000111,815097,2020-12-04,8-K,5.02,1,1,439,2020-11-30;2020-12-01,b,0,0,0,0,0,0,,,0,0,0,0,0,0,0,other
0000815097-21-000033,815097,2021-03-03,8-K,5.02,1,1,256,,b,1,0,0,1,0,0,,2021-03-01,0,0,0,0,0,0,0,departure
0001104659-22-051225,815097,2022-04-27,8-K,"5.02,9.01",1,1,340,,,0,0,0,0,0,1,,,0,0,0,0,0,0,0,compensation only
0001104659-22-061290,815097,2022-05-16,8-K,5.02,1,1,434,2022-05-13;2022-05-16,b,1,0,0,0,0,0,2022-05-13,2022-05-16,0,0,0,0,0,0,0,departure
0000815097-22-000047,815097,2022-06-24,8-K,5.02,1,1,898,,,0,0,0,1,0,1,,,0,0,0,0,0,0,0,appointment
0001104659-19-010295,823768,2019-02-25,8-K,"5.02,9.01",1,1,4572,2019-12-31,,0,0,0,0,0,1,,,0,0,0,0,0,0,0,compensation only
0001410578-19-000883,823768,2019-08-22,8-K,"5.02,9.01",1,1,1136,,,1,0,0,0,1,1,,,0,1,0,0,0,0,0,departure
0001104659-20-024590,823768,2020-02-25,8-K,"5.02,9.01",1,1,4635,2020-12-31,,0,0,0,0,0,1,,,0,0,0,0,0,0,0,compensation only
0001104659-20-042259,823768,2020-04-02,8-K/A,"5.02,9.01",1,1,1092,2020-02-25,,0,0,0,0,0,1,,,0,0,0,0,0,0,0,compensation only
0001104659-21-029723,823768,2021-03-01,8-K,"5.02,9.01",1,1,4712,,,0,0,0,0,0,1,,,0,0,0,0,0,0,0,compensation only
0001104659-21-036763,823768,2021-03-16,8-K,"5.02,9.01",1,1,1915,,,0,0,1,0,1,1,,,0,1,0,0,0,0,0,departure
0000831259-21-000035,831259,2021-11-04,8-K/A,"5.02,8.01",1,1,937,,,0,0,0,0,1,0,,,0,0,0,0,0,0,0,election
0000831259-21-000040,831259,2021-12-10,8-K,"5.02,9.01",1,1,1804,2021-12-09,,0,0,0,0,1,1,,,0,0,0,0,0,0,0,election
0000831259-22-000006,831259,2022-02-08,8-K/A,"5.02,8.01",1,1,783,,,0,0,0,0,1,1,,,0,0,0,0,0,0,0,election
0000831259-22-000015,831259,2022-03-09,8-K,5.02,1,1,1173,2022-03-09,"b,c",1,0,0,1,0,0,2022-03-09,,0,1,0,0,0,0,0,departure
0000831259-23-000007,831259,2023-02-08,8-K,"5.02,9.01",1,1,1237,2023-02-07,,0,0,0,0,1,1,,,0,0,0,0,0,0,0,election
0000831259-24-000005,831259,2024-02-09,8-K,"5.02,9.01",1,1,3058,2024-02-06;2024-06-11,"c,e",1,1,0,0,0,1,2024-02-06,,0,0,0,0,0,0,0,departure
0001193125-11-043592,858877,2011-02-23,8-K,5.02,1,1,1060,,,0,0,0,1,0,1,,,0,0,0,0,0,0,0,appointment
0001193125-11-067985,858877,2011-03-16,8-K,"1.01,5.02,8.01,9.01",1,1,303,2011-03-15;2011-04-01,,0,0,1,0,0,0,2011-03-15,2011-04-01,0,0,0,0,0,0,0,departure
0001193125-11-073802,858877,2011-03-22,8-K/A,5.02,1,1,760,,,0,0,0,1,0,1,,,0,0,0,0,0,0,0,appointment
0001193125-11-252379,858877,2011-09-20,8-K,"5.02,9.01",1,1,2437,,,0,0,0,0,0,1,,,0,0,0,0,0,0,0,compensation only
0001193125-11-335127,858877,2011-12-08,8-K,"5.02,5.07,9.01",1,1,1592,,,0,0,0,0,0,1,,,0,0,0,0,0,0,0,compensation only
0001193125-12-332045,858877,2012-08-02,8-K,5.02,1,1,2960,,,0,0,0,1,1,1,,,0,0,0,0,0,0,0,appointment
0001193125-12-396875,858877,2012-09-19,8-K,"5.02,8.01",1,1,848,2012-09-13,,0,0,1,0,0,0,2012-09-13,,0,1,0,0,0,0,0,departure
0001193125-12-415386,858877,2012-10-04,8-K,"5.02,5.03,9.01",1,1,2212,,,0,0,0,1,0,1,,,0,0,0,0,0,0,0,appointment
0000950123-08-015831,872589,2008-11-20,8-K,5.02,1,1,2692,2002-12-20;2008-11-14,e,0,0,0,0,0,1,,,0,0,0,0,0,0,0,compensation only
0001206774-10-002373,872589,2010-11-15,8-K,"5.02,9.01",1,1,1833,,d,0,0,0,0,1,1,,,0,0,0,0,0,0,0,election
0000950134-06-016417,896878,2006-08-17,8-K,"5.02,9.01",1,1,336,,,0,0,0,0,1,0,,,0,0,0,0,0,0,0,election
0000950134-06-019813,896878,2006-10-27,8-K,"1.01,5.02",1,1,428,2006-10-25;2006-12-15,,0,0,1,0,0,0,2006-10-25,,0,0,0,0,0,0,0,departure
0000950134-07-004389,896878,2007-02-28,8-K,"5.02,9.01",1,1,765,,e,0,0,0,0,0,1,,,0,0,0,0,0,0,0,compensation only
0000950134-07-013237,896878,2007-06-11,8-K,"5.02,9.01",1,1,591,2007-06-11,,0,0,0,0,0,1,,,0,0,0,0,0,0,0,compensation only
0000950134-07-013435,896878,2007-06-14,8-K,"5.02,9.01",1,1,1405,2007-06-14;2007-08-10,,1,0,0,1,0,1,,,0,0,0,0,0,0,0,departure
0000950134-07-016170,896878,2007-07-30,8-K,"5.02,9.01",1,1,3401,,,0,0,0,1,0,1,,,0,0,0,0,0,0,0,appointment
0000891618-07-000516,896878,2007-08-22,8-K,"2.02,5.02,9.01",1,1,2251,2007-08-21;2007-08-22;2008-01-01;2008-01-02;2008-07-31,,1,1,0,0,0,1,2007-08-22,,0,0,0,0,0,0,0,departure
0000950134-07-020924,896878,2007-10-05,8-K,"5.02,9.01",1,1,3328,2007-10-01;2008-01-01,,0,0,0,1,0,1,,,0,0,0,0,0,0,0,appointment
0000950134-07-022010,896878,2007-10-26,8-K,5.02,1,1,185,2007-10-24;2007-12-14,,0,0,1,0,0,0,2007-10-24,,0,0,0,0,0,0,0,departure
0000950134-07-023354,896878,2007-11-08,8-K,"5.02,9.01",1,1,3416,2007-11-02,,1,0,0,0,0,1,,,0,0,0,0,0,0,0,departure
0000950134-07-025545,896878,2007-12-17,8-K,"5.02,9.01",1,1,5890,2007-11-01;2007-12-14,,0,0,0,0,0,1,,,0,0,0,0,0,0,0,compensation only
0000950134-08-001977,896878,2008-02-08,8-K,"5.02,9.01",1,1,813,2008-02-04;2008-02-15,,0,0,0,0,0,1,,,0,0,0,0,0,0,0,compensation only
0000950134-08-013312,896878,2008-07-25,8-K,"5.02,9.01",1,1,3147,,,0,0,0,0,0,1,,,0,0,0,0,0,0,0,compensation only
0000950134-08-018583,896878,2008-10-28,8-K,5.02,1,1,1603,,,0,0,0,0,0,1,,,0,0,0,0,0,0,0,compensation only
0000950134-08-021520,896878,2008-12-02,8-K,"5.02,9.01",1,1,929,,,0,0,0,1,0,1,,,0,0,0,0,0,0,0,appointment
0000950134-08-022449,896878,2008-12-19,8-K,"5.02,8.01,9.01",1,1,3249,2008-10-31;2008-12-16,,0,0,0,0,0,1,,,0,0,0,0,0,0,0,compensation only
0001193125-12-186061,896878,2012-04-26,8-K,"5.02,9.01",1,1,273,,,0,0,0,0,1,0,,,0,0,0,0,0,0,0,election
0001193125-12-319554,896878,2012-07-27,8-K,"5.02,8.01,9.01",1,1,2617,,,0,0,0,0,0,1,,,0,0,0,0,0,0,0,compensation only
0000896878-13-000062,896878,2013-05-20,8-K,"5.02,9.01",1,1,606,2013-05-20;2013-08-01,,1,0,0,0,0,0,,2013-09-15,0,1,0,0,0,0,0,departure
0001193125-13-295758,896878,2013-07-19,8-K,5.02,1,1,169,2013-09-30,,1,0,0,0,0,0,2013-09-30,2013-09-30,0,1,0,0,0,0,0,departure
0001193125-13-302682,896878,2013-07-25,8-K,5.02,1,1,1618,,,0,0,0,0,0,1,,,0,0,0,0,0,0,0,compensation only
0001193125-14-020495,896878,2014-01-24,8-K,"5.02,5.07,9.01",1,1,1137,,,0,0,0,0,0,1,,,0,0,0,0,0,0,0,compensation only
0000896878-14-000030,896878,2014-02-11,8-K,"2.02,5.02,9.01",1,1,791,,,0,0,0,1,0,1,,,0,0,0,0,0,0,0,appointment
0001193125-14-284196,896878,2014-07-29,8-K,"5.02,5.03,8.01,9.01",1,1,326,,,1,0,0,0,0,0,,,0,1,0,0,0,0,0,departure
0001193125-14-394221,896878,2014-11-03,8-K,"5.02,8.01,9.01",1,1,264,,,0,0,1,0,0,0,,,0,1,0,0,0,0,0,departure
0001193125-15-019001,896878,2015-01-23,8-K,"5.02,5.07,8.01,9.01",1,1,1054,,,0,0,0,0,0,0,,,0,0,0,0,0,0,0,other
0001193125-15-360231,896878,2015-10-30,8-K,"5.02,8.01,9.01",1,1,472,,,0,0,1,0,0,0,,,0,1,0,0,0,0,0,departure
0000896878-16-000219,896878,2016-05-09,8-K,"5.02,5.03,9.01",1,1,1199,2015-11-25;2016-05-05,,0,0,0,0,1,1,,,0,0,0,0,0,0,0,election
0000896878-17-000080,896878,2017-07-21,8-K,"5.02,9.01",1,1,1206,2016-11-23;2017-07-21,,0,0,0,0,1,1,,,0,0,0,0,0,0,0,election
0000896878-17-000117,896878,2017-08-22,8-K,"2.02,5.02,8.01,9.01",1,1,1772,2017-08-17;2017-08-19;2017-08-22;2018-01-31;2018-02-01,,1,0,0,1,0,1,2017-08-17,2018-01-31,0,0,0,0,0,0,0,departure
0000896878-17-000162,896878,2017-10-19,8-K,"5.02,8.01,9.01",1,1,263,,,0,0,1,0,0,0,,,0,0,0,0,0,0,0,departure
0000896878-18-000025,896878,2018-01-23,8-K,"5.02,5.07,8.01,9.01",1,1,1934,2017-08-22;2018-01-19;2018-02-01,,0,0,0,1,0,1,,,1,0,0,0,0,0,0,appointment
0000896878-18-000073,896878,2018-05-22,8-K,"2.02,5.02,8.01,9.01",1,1,443,2018-05-21;2018-05-22;2018-07-31,b,1,0,0,0,0,0,2018-05-21,,0,0,0,0,0,0,0,departure
0000896878-18-000162,896878,2018-08-23,8-K,"2.02,5.02,8.01,9.01",1,1,3454,2018-08-23;2019-01-01,,1,1,0,0,0,0,2018-08-23,2019-01-01,0,0,0,0,0,0,0,departure
0000896878-18-000207,896878,2018-11-05,8-K,"5.02,8.01",1,1,3186,2018-08-23;2018-10-31;2019-01-01,,1,1,0,0,0,1,2018-08-23,2019-01-01,0,0,0,0,0,0,0,departure
0000896878-20-000202,896878,2020-10-20,8-K,"5.02,9.01",1,1,1262,2019-11-27;2020-10-19,,0,0,0,0,1,1,,,0,0,0,0,0,0,0,election
0000896878-21-000255,896878,2021-11-10,8-K,5.02,1,1,2594,2021-11-04;2022-02-28,,1,0,0,0,0,1,,2022-02-28,0,0,0,0,0,0,0,departure
0000896878-22-000003,896878,2022-01-24,8-K,"5.02,5.07,9.01",1,1,242,,,0,0,0,0,0,1,,,0,0,0,0,0,0,0,compensation only
0000896878-22-000019,896878,2022-05-24,8-K,"2.02,5.02,8.01,9.01",1,1,507,2022-05-24;2022-05-31,,1,1,0,1,0,0,2022-05-24,2022-05-31,0,0,0,0,0,0,0,departure
0000896878-23-000009,896878,2023-02-23,8-K,"2.02,5.02,8.01,9.01",1,1,2789,2023-02-23;2023-07-31;2023-08-01;2024-07-31,,0,0,0,0,0,1,,,0,0,0,0,0,0,0,compensation only
0000896878-23-000016,896878,2023-05-04,8-K,"5.02,9.01",1,1,1420,2022-11-23,,0,0,0,0,1,1,,,0,0,0,0,0,0,0,election
0000896878-23-000028,896878,2023-08-14,8-K,"5.02,9.01",1,1,796,2023-08-14;2023-09-05,,1,0,0,1,0,0,,,0,0,0,0,0,0,0,departure
0000896878-24-000021,896878,2024-05-02,8-K,"5.02,9.01",1,1,1281,2023-11-22,,0,0,0,0,1,1,,,0,0,0,0,0,0,0,election
0000896878-24-000032,896878,2024-07-25,8-K,"5.02,9.01",1,1,1286,2023-11-22,,0,0,0,0,1,1,,,0,0,0,0,0,0,0,election
0000896878-24-000041,896878,2024-11-04,8-K,"5.02,9.01",1,1,242,,,0,0,0,0,0,1,,,0,0,0,0,0,0,0,compensation only
0000896878-25-000027,896878,2025-06-16,8-K,5.02,1,1,1433,2025-06-16;2025-07-31;2025-08-01;2026-07-31;2027-09-01,,0,0,0,1,0,1,,,0,0,0,0,0,0,0,appointment
0000930413-11-001085,908937,2011-02-15,8-K,"2.02,5.02,9.01",1,1,850,2011-02-14;2011-05-01;2012-05-01;2012-06-01,,0,0,0,0,0,1,,,0,0,0,0,0,0,0,compensation only
0000950123-11-034955,908937,2011-04-12,8-K,5.02,1,1,3339,,,0,0,0,0,1,1,,,0,0,0,0,0,0,0,election
0000930413-11-004876,908937,2011-07-22,8-K,"5.02,9.01",1,1,1633,2011-07-21;2015-07-20,,0,0,0,1,0,1,,,0,0,0,0,0,0,0,appointment
0000930413-11-005668,908937,2011-08-24,8-K,"5.02,9.01",1,1,1655,2011-08-23;2015-08-22,,0,0,0,1,0,1,,,0,0,0,0,0,0,0,appointment
0000930413-12-001340,908937,2012-03-05,8-K,"5.02,9.01",1,1,549,2012-03-05,,1,0,0,0,0,1,,,0,1,0,0,0,0,0,departure
0000930413-14-004831,908937,2014-12-11,8-K,5.02,1,1,2220,,,0,0,1,0,1,1,,,0,1,0,0,0,0,1,departure
0000930413-15-002576,908937,2015-05-21,8-K,"5.02,5.07,9.01",1,1,1479,,,0,0,0,0,0,1,,,0,0,0,0,0,0,0,compensation only
0000930413-15-002882,908937,2015-06-23,8-K,"5.02,9.01",1,1,2190,2015-06-19;2018-06-18,,0,0,0,1,0,1,,,0,0,0,0,0,0,0,appointment
0000930413-15-002950,908937,2015-06-30,8-K,"5.02,9.01",1,1,6025,2015-06-26;2015-06-30,,1,0,0,0,0,1,2015-06-26,2015-07-17,0,0,0,0,0,0,0,departure
0000930413-15-003027,908937,2015-07-08,8-K,"5.02,9.01",1,1,2234,2015-06-30;2015-07-03;2018-05-31,,0,0,0,0,0,1,,,0,0,0,0,0,0,0,compensation only
0000930413-15-003326,908937,2015-08-13,8-K,"5.02,9.01",1,1,2976,2015-08-11;2018-04-30,,0,0,0,0,0,1,,,0,0,0,0,0,0,0,compensation only
0000930413-16-005595,908937,2016-02-22,8-K,5.02,1,1,336,,,0,0,1,0,0,0,,,0,0,0,0,0,0,1,departure
0000908937-18-000005,908937,2018-01-11,8-K,"5.02,9.01",1,1,3017,2018-01-10;2018-12-31,,0,0,0,0,0,1,,,0,0,0,0,0,0,0,compensation only
0000908937-18-000008,908937,2018-01-23,8-K,5.02,1,1,2575,,,0,0,1,0,0,1,,2018-01-23,0,0,1,0,0,0,0,departure
0001140361-12-050307,920522,2012-12-10,8-K,"1.01,5.02,9.01",1,1,212,,,0,0,0,0,0,1,,,0,0,0,0,0,0,0,compensation only
0001140361-13-012917,920522,2013-03-18,8-K,"1.01,5.02,9.01",1,1,212,,,0,0,0,0,0,1,,,0,0,0,0,0,0,0,compensation only
0001140361-13-021459,920522,2013-05-17,8-K,"5.02,5.03,5.07,9.01",1,1,4184,,e,0,0,0,0,0,1,,,0,0,0,0,0,0,0,compensation only
0001140361-13-030591,920522,2013-08-06,8-K,5.02,1,1,823,2013-04-01,,1,0,0,0,0,0,,,0,0,0,0,0,0,1,departure
0001140361-14-003902,920522,2014-01-31,8-K,"1.01,2.03,5.02,9.01",1,1,7714,2011-02-25;2013-03-11;2013-04-01,,0,0,0,0,1,1,,,0,0,0,0,0,0,0,election
0001140361-14-015094,920522,2014-04-01,8-K,"2.01,5.02,7.01,8.01,9.01",1,1,1721,2011-02-25;2014-01-31,,0,0,0,0,1,1,,,1,0,0,0,0,0,0,election
0001140361-14-046028,920522,2014-12-22,8-K,5.02,1,1,2323,2014-12-19,,0,0,0,1,0,1,,,0,0,0,0,0,0,0,appointment
0000920522-15-000011,920522,2015-05-07,8-K,"5.02,9.01",1,1,1721,2015-05-04;2015-09-30,,1,0,0,1,0,1,,,0,0,0,0,0,0,1,departure
0001140361-15-032543,920522,2015-08-18,8-K,5.02,1,1,515,2015-08-14,,0,0,1,0,0,0,2015-08-14,,0,0,1,0,0,0,0,departure
0001140361-20-010932,943452,2020-05-07,8-K,"5.02,9.01",1,1,1086,2019-02-25;2020-05-06,,0,0,0,0,0,1,,,0,0,0,0,0,0,0,compensation only
0001140361-20-012015,943452,2020-05-20,8-K,"5.02,5.07,9.01",1,1,3839,2020-02-13;2020-04-03;2020-05-15,,0,0,1,0,1,1,,,1,1,0,0,0,0,0,departure
0001140361-20-017477,943452,2020-08-04,8-K,5.02,1,1,201,2020-08-03,,1,0,0,0,0,0,2020-08-03,,0,0,0,0,0,0,0,departure
0001140361-20-027975,943452,2020-12-10,8-K,"5.02,9.01",1,1,1031,,,0,0,0,0,1,1,,,0,0,0,0,0,0,0,election
0001140361-21-005371,943452,2021-02-18,8-K,"5.02,5.03,9.01",1,1,503,2021-02-11,,0,0,1,0,0,0,2021-02-11,,0,1,0,0,0,0,0,departure
0001140361-21-018288,943452,2021-05-21,8-K,"5.02,5.07",1,1,399,2021-02-18;2021-05-19,,0,0,1,0,0,0,,,1,1,0,0,0,0,0,departure
0001140361-21-023780,943452,2021-07-08,8-K,"5.02,9.01",1,1,974,,,0,0,0,0,1,1,,,0,0,0,0,0,0,0,election
0001140361-21-028111,943452,2021-08-12,8-K,"5.02,7.01,9.01",1,1,4189,2021-04-07;2021-08-11,,1,0,0,1,0,1,,,0,0,0,0,1,1,0,departure
0001140361-21-031241,943452,2021-09-14,8-K,5.02,1,1,878,2021-08-11;2021-09-09,,1,0,0,0,0,1,2021-08-11,,1,0,1,0,0,0,0,departure
0001140361-22-013268,943452,2022-04-06,8-K,"5.02,9.01",1,1,1277,,,0,0,0,0,0,1,,,0,0,0,0,0,0,0,compensation only
0001140361-22-020352,943452,2022-05-24,8-K,"5.02,5.07",1,1,204,,,0,0,1,0,0,0,,,0,1,0,0,0,0,0,departure
0001140361-22-024697,943452,2022-07-01,8-K,"5.02,9.01",1,1,730,,,0,0,0,0,1,1,,,0,0,0,0,0,0,0,election
0001140361-22-044669,943452,2022-12-07,8-K,"5.02,9.01",1,1,8335,2020-05-06;2022-12-05,,1,0,1,0,0,1,,2022-12-05,0,0,0,0,1,1,0,departure
0001193125-21-350793,1000228,2021-12-08,8-K,"5.02,9.01",1,1,1469,2021-12-08,"b,d",0,0,1,0,1,1,2021-12-08,,0,1,0,0,0,0,0,departure
0001193125-22-002148,1000228,2022-01-05,8-K,"5.02,7.01,9.01",1,1,1167,2022-01-05;2022-04-29,,1,0,0,0,0,0,2022-01-05,2022-04-29,0,1,0,0,0,0,0,departure
0001193125-22-094333,1000228,2022-04-04,8-K,"5.02,7.01,9.01",1,1,964,2022-04-04;2022-07-01,"b,c",1,0,0,0,0,0,2022-04-04,2022-07-01,0,1,0,0,0,0,0,departure
0001193125-22-293869,1000228,2022-11-29,8-K,"5.02,9.01",1,1,3975,2019-08-08;2022-11-28,,0,0,0,0,0,1,,,0,0,0,0,0,0,0,compensation only
0001193125-23-154352,1000228,2023-05-25,8-K,"5.02,5.07,9.01",1,1,5375,,,0,0,0,0,0,1,,,0,0,0,0,0,0,0,compensation only
0001193125-23-278944,1000228,2023-11-16,8-K,"3.01,5.02,9.01",1,1,1512,,,0,0,0,0,0,1,,,0,0,0,0,0,0,0,compensation only
0001193125-23-297629,1000228,2023-12-18,8-K,"5.02,9.01",1,1,1814,2023-12-18,,0,0,0,0,1,1,,,0,0,0,0,0,0,0,election
0001193125-24-147029,1000228,2024-05-24,8-K,"5.02,5.07,9.01",1,1,2372,,,0,0,0,0,0,1,,,0,0,0,0,0,0,0,compensation only
0001001082-22-000006,1001082,2022-01-04,8-K,5.02,1,1,2960,,"b,d,e",0,0,1,0,1,1,,,0,0,0,0,0,0,0,departure
0001001082-22-000013,1001082,2022-03-31,8-K,5.02,1,1,1791,,,0,0,0,1,0,1,,,0,0,0,0,0,0,0,appointment
0001001082-23-000008,1001082,2023-01-10,8-K,"5.02,9.01",1,1,975,,d,0,0,0,0,1,0,,,0,0,0,0,0,0,0,election
0001001082-23-000031,1001082,2023-06-23,8-K,"5.02,9.01",1,1,261,2023-06-19;2023-06-23,,1,0,0,0,0,0,2023-06-19,2023-06-23,0,0,0,0,0,0,0,departure
0001104659-23-088620,1001082,2023-08-08,8-K,"1.01,3.02,5.02,7.01,8.01",1,1,3609,,,1,1,0,0,0,1,,,0,0,0,0,0,0,0,departure
0001104659-23-106153,1001082,2023-10-03,8-K,"1.01,5.02,8.01,9.01",1,1,1776,,,0,0,0,0,0,1,,,1,0,0,0,0,0,0,compensation only
0001104659-23-114464,1001082,2023-11-06,8-K,5.02,1,1,908,2023-11-03;2023-11-12,,1,1,0,1,0,0,2023-11-03,2023-11-12,1,0,0,1,0,0,0,departure
0001104659-23-116755,1001082,2023-11-13,8-K,"5.02,7.01,9.01",1,1,5680,2023-11-12,"a,b,c",1,1,0,1,0,1,2023-11-12,2023-11-12,1,0,0,1,0,0,0,departure
0001001250-21-000111,1001250,2021-07-16,8-K,"5.02,9.01",1,1,500,2021-07-13;2021-11-12,b,0,0,1,0,0,0,2021-07-13,,0,0,0,0,0,0,0,departure
0001001250-21-000168,1001250,2021-10-26,8-K,5.02,1,1,706,2021-10-21;2022-06-30,,1,0,0,0,0,1,2021-10-21,,0,1,0,0,0,0,0,departure
0001001250-22-000020,1001250,2022-02-24,8-K,"5.02,9.01",1,1,268,,,0,0,0,0,0,0,,,0,0,0,0,0,0,0,other
0001001250-22-000023,1001250,2022-02-28,8-K,"5.02,9.01",1,1,299,2022-02-22;2022-02-24;2022-03-04,,1,0,0,0,0,0,2022-03-04,2022-03-04,0,1,0,0,0,0,0,departure
0001001250-22-000048,1001250,2022-04-25,8-K,"5.02,9.01",1,1,1375,,d,0,0,0,0,1,1,,,0,0,0,0,0,0,0,election
0001001250-22-000105,1001250,2022-07-11,8-K,"5.02,9.01",1,1,1042,,d,0,0,0,0,1,1,,,0,0,0,0,0,0,0,election
0001001250-22-000114,1001250,2022-07-22,8-K,"5.02,9.01",1,1,465,2022-07-18;2022-11-17,b,0,0,1,0,0,0,2022-07-18,2022-11-17,0,1,0,0,0,0,0,departure
0001001250-23-000119,1001250,2023-08-24,8-K,"5.02,9.01",1,1,3290,2022-09-29;2023-08-22;2023-11-17,b,0,0,1,0,0,0,2023-08-22,,0,0,0,0,0,0,1,departure
0001041061-21-000003,1041061,2021-02-02,8-K,5.02,1,1,546,,,0,0,0,1,0,0,,,0,0,0,0,0,0,0,appointment
0001041061-21-000048,1041061,2021-09-22,8-K,5.02,1,1,621,2021-12-31,,1,1,0,1,0,0,2021-12-31,,0,1,0,0,0,0,0,departure
0001104659-22-129816,1041061,2022-12-23,8-K,5.02,1,1,309,2022-12-22,b,0,0,1,0,0,0,2022-12-22,,0,0,0,0,0,0,1,departure
0001041061-23-000033,1041061,2023-06-29,8-K,5.02,1,1,390,2023-12-31,,1,1,0,1,0,0,2023-12-31,,0,1,0,0,0,0,0,departure
0001041061-23-000035,1041061,2023-07-19,8-K,5.02,1,1,871,,d,0,0,0,0,1,1,,,0,0,0,0,0,0,0,election
0001041061-23-000043,1041061,2023-08-17,8-K/A,5.02,1,1,472,,d,0,0,0,0,1,0,,,0,0,0,0,0,0,0,election
0000950123-09-012599,1048911,2009-06-09,8-K,"5.02,9.01",1,1,4078,,"d,e",0,0,0,0,1,1,,,1,0,0,0,0,0,0,election
0000950123-09-044728,1048911,2009-09-22,8-K,5.02,1,1,250,,,1,1,0,0,0,0,,2010-02-28,0,1,0,0,0,0,0,departure
0000950123-09-056728,1048911,2009-11-03,8-K,5.02,1,1,2165,2010-03-01,,1,1,0,1,0,1,2010-03-01,,1,1,0,0,0,0,0,departure
0000950123-10-058498,1048911,2010-06-16,8-K,"2.02,5.02,9.01",1,1,283,2010-09-27,,0,0,1,0,0,0,2010-09-27,immediately,0,1,0,0,0,0,0,departure
0000950123-10-090493,1048911,2010-09-30,8-K,"5.02,5.07,9.01",1,1,1191,2011-09-26,"b,e",0,0,1,0,0,1,2011-09-26,immediately,0,1,0,0,0,0,0,departure
0001193125-12-078385,1051470,2012-02-24,8-K,"5.02,9.01",1,1,5441,,b,0,0,1,0,0,1,,2012-02-23,0,0,0,0,0,0,1,departure
0001193125-13-080108,1051470,2013-02-27,8-K,"5.02,9.01",1,1,5016,,,0,0,0,0,0,1,,,0,0,0,0,0,0,0,compensation only
0000950157-13-000209,1051470,2013-05-29,8-K/A,"5.02,9.01",1,1,122,,e,0,0,0,0,0,0,,,0,0,0,0,0,0,0,other
0001193125-14-062781,1051470,2014-02-21,8-K,"5.02,7.01,9.01",1,1,789,,d,0,0,0,0,1,0,,,0,0,0,0,0,0,0,election
0001193125-14-069855,1051470,2014-02-26,8-K,"5.02,9.01",1,1,6010,,,0,0,0,0,0,1,,,0,0,0,0,0,0,0,compensation only
0001058290-18-000019,1058290,2018-06-07,8-K,"5.02,5.03,5.07,9.01",1,1,2214,,,0,0,0,0,0,1,,,0,0,0,0,0,0,0,compensation only
0001058290-18-000021,1058290,2018-06-13,8-K,5.02,1,1,3491,2018-08-01;2019-05-01;2019-12-31;2021-05-01,,0,0,0,0,0,1,,,0,0,0,0,0,0,0,compensation only
0001058290-18-000044,1058290,2018-11-05,8-K,5.02,1,1,120,,,0,0,1,0,0,0,,,0,0,0,0,0,0,0,departure
0001058290-19-000006,1058290,2019-02-06,8-K,"2.02,5.02,7.01,9.01",1,1,12063,2017-12-31;2018-02-27;2018-06-12;2019-02-01;2019-02-04;2019-02-06;2019-03-31;2019-04-01;2019-05-01;2019-06-30,,1,1,0,1,1,1,2019-02-06,2019-04-01,0,0,0,0,1,0,0,departure
0001058290-19-000021,1058290,2019-07-18,8-K,5.02,1,1,4921,,,0,0,0,0,1,1,,,0,0,0,0,0,0,0,election
0001058290-19-000028,1058290,2019-09-20,8-K,5.02,1,1,190,2019-09-16;2019-12-31,,0,0,1,0,0,0,2019-09-16,2019-12-31,0,0,0,0,0,0,0,departure
0001058290-19-000030,1058290,2019-09-23,8-K/A,5.02,1,1,2631,2019-09-16;2019-12-31,,0,0,1,0,0,0,2019-09-16,2019-12-31,0,0,0,0,0,0,0,departure
0001058290-19-000038,1058290,2019-12-06,8-K,5.02,1,1,180,2019-12-02;2020-03-01,,0,0,1,0,0,0,2019-12-02,2020-03-01,0,0,0,0,0,0,0,departure
0001058290-20-000004,1058290,2020-02-05,8-K,"2.02,5.02,7.01,9.01",1,1,3638,2020-02-02;2020-03-31,,0,0,1,0,1,1,2020-02-02,2020-03-31,0,0,0,0,0,0,0,departure
0001058290-20-000013,1058290,2020-03-09,8-K,5.02,1,1,3273,,,0,0,0,0,1,1,,,0,0,0,0,0,0,0,election
0001206774-20-002232,1058290,2020-07-29,8-K,"5.02,9.01",1,1,3161,2017-12-31;2020-07-29;2020-09-01,,0,0,0,1,0,1,,,0,0,0,0,0,0,0,appointment
0001193125-11-326028,1060391,2011-11-30,8-K,5.02,1,1,367,,,0,0,0,0,0,0,,,0,0,0,0,0,0,0,other
0001193125-11-350759,1060391,2011-12-22,8-K,"5.02,9.01",1,1,2445,2008-12-05;2010-06-14;2010-10-01;2010-12-29;2011-11-28;2011-12-21,,1,0,0,0,0,1,,2011-11-28,0,0,1,0,1,1,0,departure
0001193125-12-144048,1060391,2012-03-30,8-K,"5.02,9.01",1,1,2669,2010-06-25;2012-03-29,,0,0,0,0,1,1,,,0,0,0,0,0,0,0,election
0001193125-12-186198,1060391,2012-04-26,8-K,"5.02,9.01",1,1,227,2012-04-26;2013-05-01,,1,0,0,0,0,0,2012-04-26,2013-05-01,0,1,0,0,0,0,0,departure
0001193125-12-282327,1060391,2012-06-25,8-K,"5.02,9.01",1,1,2726,2009-05-14;2012-06-22;2013-05-01,,1,0,0,0,0,1,2013-05-01,2013-05-01,1,1,1,0,0,0,0,departure
0001060391-12-000012,1060391,2012-08-21,8-K,"5.02,9.01",1,1,3420,2012-08-20,,0,0,0,1,0,1,,,0,0,0,0,0,0,0,appointment
0001060391-12-000023,1060391,2012-12-18,8-K,"5.02,9.01",1,1,4410,2012-06-25;2012-12-18;2013-01-09,,1,0,0,1,0,1,,2013-01-09,0,1,0,0,0,0,0,departure
0001060391-13-000021,1060391,2013-04-29,8-K,5.02,1,1,2636,,,1,0,0,1,0,1,,2013-04-29,0,0,0,0,0,0,0,departure
0001060391-13-000035,1060391,2013-08-26,8-K,"5.02,8.01,9.01",1,1,1175,,,0,0,1,0,0,1,,immediately,0,1,0,0,0,0,0,departure
0001060391-13-000038,1060391,2013-10-10,8-K,"5.02,9.01",1,1,210,2013-10-10,,1,0,0,0,0,0,2013-10-10,2013-10-10,0,0,0,0,0,0,0,departure
0001060391-14-000007,1060391,2014-02-12,8-K,5.02,1,1,890,2014-02-06,,0,0,1,0,0,0,2014-02-06,,0,0,1,0,0,0,0,departure
0001060391-17-000013,1060391,2017-02-17,8-K/A,5.02,1,1,707,,,0,0,0,0,1,0,,,0,0,0,0,0,0,0,election
0001060391-17-000039,1060391,2017-07-31,8-K,"5.02,8.01,9.01",1,1,2370,,,0,0,0,0,1,1,,,0,0,0,0,0,0,0,election
0001193125-17-363416,1060391,2017-12-07,8-K,"5.02,9.01",1,1,1539,2017-12-07,,0,0,0,1,0,1,,,0,0,0,0,0,0,0,appointment
0001193125-18-036970,1060391,2018-02-09,8-K/A,5.02,1,1,1353,2018-02-06,,0,0,0,0,0,1,,,0,0,0,0,0,0,0,compensation only
0001193125-18-219719,1060391,2018-07-17,8-K,"5.02,8.01,9.01",1,1,1522,,,0,0,0,0,1,1,,,0,0,0,0,0,0,0,election
0001193125-18-288678,1060391,2018-10-01,8-K,"5.02,8.01,9.01",1,1,1537,,,0,0,0,0,1,1,,,0,0,0,0,0,0,0,election
0001193125-19-133178,1060391,2019-05-01,8-K,"5.02,9.01",1,1,2571,2019-04-30,,0,0,0,1,0,1,,,0,0,0,0,0,0,0,appointment
0001193125-20-060522,1060391,2020-03-03,8-K,5.02,1,1,184,2020-02-27;2021-03-01,,1,0,0,0,0,0,2020-02-27,2021-03-01,0,1,0,0,0,0,0,departure
0001060391-20-000039,1060391,2020-05-21,8-K,"5.02,8.01,9.01",1,1,1908,2020-05-20;2020-06-01;2021-06-01,,1,1,0,0,0,1,2020-05-20,2020-06-01,0,0,0,0,0,0,0,departure
0001060391-20-000042,1060391,2020-06-04,8-K/A,5.02,1,1,1259,2020-06-03,,0,0,0,0,0,1,,,0,0,0,0,0,0,0,compensation only
0001060391-20-000048,1060391,2020-07-30,8-K,"5.02,8.01,9.01",1,1,1728,,,0,0,0,0,1,1,,,0,0,0,0,0,0,0,election
0001060391-21-000005,1060391,2021-02-17,8-K,5.02,1,1,1032,,,0,0,0,0,0,1,,,1,0,0,0,0,0,0,compensation only
0001193125-21-095518,1060391,2021-03-26,8-K,"5.02,8.01,9.01",1,1,1729,,,0,0,0,0,1,1,,,0,0,0,0,0,0,0,election
0001193125-21-100584,1060391,2021-03-30,8-K,"5.02,9.01",1,1,5494,2013-10-29;2014-12-23;2021-03-26;2021-03-30;2021-06-25;2021-12-31,,1,1,0,1,1,1,,2021-06-25,0,1,0,0,1,0,0,departure
0001060391-21-000027,1060391,2021-06-28,8-K,5.02,1,1,829,2021-06-25,,1,1,0,0,1,1,2021-06-25,2021-06-25,1,1,0,0,0,0,0,departure
0001091667-07-000050,1091667,2007-03-14,8-K,"5.02,9.01",1,1,1919,2005-10-31;2007-03-14;2007-03-31;2007-12-31;2008-03-31,,1,0,0,0,0,1,,,0,0,0,0,1,1,0,departure
0001091667-07-000222,1091667,2007-12-06,8-K,"5.02,9.01",1,1,775,,e,0,0,0,0,0,1,,,0,0,0,0,0,0,0,compensation only
0001091667-07-000230,1091667,2007-12-14,8-K,5.02,1,1,1044,,e,0,0,0,0,0,1,,,1,0,0,0,0,0,0,compensation only
0001091667-08-000035,1091667,2008-03-11,8-K,"5.02,9.01",1,1,1800,2007-08-01;2008-03-11;2008-04-04,,1,0,0,0,0,1,2008-03-11,2008-04-04,0,0,0,0,0,0,0,departure
0001091667-08-000034,1091667,2008-03-11,8-K,"5.02,7.01,8.01,9.01",1,1,789,,e,0,0,0,0,0,1,,,0,0,0,0,0,0,0,compensation only
0001271834-08-000003,1091667,2008-03-24,8-K,"5.02,8.01,9.01",1,1,4470,,,0,0,0,0,0,1,,,0,0,0,0,0,0,0,compensation only
0001271834-08-000007,1091667,2008-04-08,8-K,5.02,1,1,479,2008-04-07,,0,0,0,0,0,1,,,0,0,0,0,0,0,0,compensation only
0001091667-08-000129,1091667,2008-06-23,8-K,"5.02,9.01",1,1,1132,2008-06-19;2008-07-01,,1,0,1,1,0,1,2008-07-01,2008-07-01,0,1,0,0,0,0,0,departure
0001091667-08-000143,1091667,2008-07-08,8-K,5.02,1,1,1964,2008-06-23;2008-07-01,,1,0,1,0,0,1,2008-07-01,,1,1,0,0,0,0,0,departure
0001091667-08-000171,1091667,2008-09-30,8-K,"5.02,9.01",1,1,2481,2008-07-01;2008-09-26;2010-06-30,"a,b",0,0,1,0,0,1,,2008-09-29,0,0,0,0,0,0,0,departure
0001091667-08-000197,1091667,2008-12-05,8-K,"5.02,9.01",1,1,220,2008-12-01,,0,0,1,0,0,0,,2008-12-01,0,0,0,0,0,0,0,departure
0001091667-08-000201,1091667,2008-12-11,8-K,"5.02,8.01,9.01",1,1,152,,,0,0,1,0,0,0,,,0,0,0,0,0,0,0,departure
0001091667-09-000003,1091667,2009-01-14,8-K,5.02,1,1,3461,2009-12-31,,0,0,0,0,1,1,,,1,0,0,0,0,0,0,election
0001091667-11-000079,1091667,2011-04-29,8-K,"5.02,5.07",1,1,11615,,"a,b,c",0,0,0,0,0,1,,,0,0,0,0,0,0,0,compensation only
0001091667-11-000116,1091667,2011-09-02,8-K,"5.02,9.01",1,1,1503,,,0,0,0,0,0,1,,,0,0,0,0,0,0,0,compensation only
0001091667-11-000130,1091667,2011-10-11,8-K,"5.02,9.01",1,1,2515,2011-10-11;2012-04-30,,1,1,0,0,0,1,2011-10-11,,0,0,1,0,1,1,0,departure
0001091667-11-000162,1091667,2011-12-19,8-K,"5.02,8.01,9.01",1,1,9893,2011-12-19;2012-02-13;2016-02-13,,0,0,0,1,0,1,,,0,0,0,0,0,0,0,appointment
0001091667-12-000008,1091667,2012-01-20,8-K,5.02,1,1,1047,2010-11-01;2012-01-19;2012-11-01;2013-12-31,,0,0,0,0,0,1,,,0,0,0,0,0,0,0,compensation only
0001091667-12-000014,1091667,2012-02-13,8-K,5.02,1,1,479,2012-02-13,,1,1,0,0,1,0,,,1,0,0,0,0,0,0,departure
0001091667-12-000050,1091667,2012-05-01,8-K,"5.02,8.01,9.01",1,1,9609,2012-04-30;2016-04-30,,0,0,0,0,0,1,,,0,0,0,0,0,0,0,compensation only
0001091667-12-000100,1091667,2012-06-11,8-K,"5.02,9.01",1,1,220,2012-06-07,,1,0,0,0,0,0,2012-06-07,,0,0,0,0,0,0,0,departure
0001091667-12-000109,1091667,2012-08-03,8-K,5.02,1,1,2030,2014-12-31,,0,0,0,0,0,1,,,1,0,0,0,0,0,0,compensation only
0001091667-12-000122,1091667,2012-08-16,8-K,"5.02,8.01,9.01",1,1,2543,2010-03-01;2012-08-03;2012-11-30;2013-08-03;2014-08-03,,1,0,0,0,0,1,,,1,0,1,0,1,1,0,departure
0001091667-13-000058,1091667,2013-05-02,8-K,5.02,1,1,1387,2013-05-01,,0,0,1,0,0,1,,,1,0,0,0,0,0,0,departure
0001091667-13-000176,1091667,2013-11-12,8-K,"5.02,7.01,9.01",1,1,403,2013-11-08,b,0,0,1,0,0,0,2013-11-08,immediately,0,0,0,0,0,0,1,departure
0001091667-14-000060,1091667,2014-01-22,8-K,"5.02,9.01",1,1,1243,,,0,0,0,0,0,1,,,0,0,0,0,0,0,0,compensation only
0001091667-14-000139,1091667,2014-05-09,8-K,"5.02,5.07",1,1,411,,,0,0,0,0,0,1,,,0,0,0,0,0,0,0,compensation only
0001091667-15-000051,1091667,2015-03-13,8-K,"5.02,9.01",1,1,2865,2014-12-31;2015-03-12;2016-12-31,,0,0,0,0,0,1,,,0,0,0,0,0,0,0,compensation only
0001091667-20-000215,1091667,2020-12-28,8-K,"5.02,9.01",1,1,5240,2020-12-23;2022-12-31,,0,0,0,0,0,1,,,0,0,0,0,0,0,0,compensation only
0001091667-21-000029,1091667,2021-02-03,8-K,"5.02,7.01,9.01",1,1,628,,,0,0,0,0,0,0,,,0,0,0,0,0,0,0,other
0001091667-21-000143,1091667,2021-10-19,8-K,"5.02,9.01",1,1,4469,2021-02-05;2024-10-19,,0,0,0,1,0,1,,,0,0,0,0,0,0,0,appointment
0001091667-22-000104,1091667,2022-09-21,8-K,"5.02,7.01,9.01",1,1,14893,2020-10-27;2022-09-20;2022-09-21;2022-11-30;2022-12-01;2023-11-30;2025-12-01,"a,b",1,1,0,1,1,1,,2022-12-01,0,0,0,0,1,0,0,departure
0001091667-23-000034,1091667,2023-02-24,8-K,"5.02,9.01",1,1,20301,2022-09-20;2023-02-22,,0,0,0,0,0,1,,,0,0,0,0,0,0,0,compensation only
0001091667-23-000119,1091667,2023-08-21,8-K,"5.02,9.01",1,1,3318,2021-07-01;2022-10-27;2023-08-15;2023-11-30;2023-12-01;2025-07-01,,0,0,0,0,0,1,,,0,0,0,0,0,0,0,compensation only
0001091667-23-000137,1091667,2023-10-25,8-K,"5.02,7.01,9.01",1,1,2490,2023-10-25;2023-11-30,,1,0,0,0,1,1,2023-10-25,2023-11-30,1,1,0,0,0,0,0,departure
0001091667-24-000030,1091667,2024-02-05,8-K,"5.02,9.01",1,1,919,2024-01-30,,0,0,1,0,0,0,,,0,0,0,0,0,0,0,departure
0001193125-06-123693,1108524,2006-06-02,8-K,"5.02,9.01",1,1,409,,,1,0,0,0,0,0,,,0,1,0,0,0,0,0,departure
0001193125-06-174639,1108524,2006-08-16,8-K,"1.01,2.02,5.02,9.01",1,1,448,2006-05-24,,1,0,0,0,0,0,,,0,0,0,0,0,0,0,departure
0001193125-06-187910,1108524,2006-09-08,8-K,"1.01,5.02,9.01",1,1,910,2006-09-08,,0,0,0,0,1,0,,,0,0,0,0,0,0,0,election
0001193125-07-006987,1108524,2007-01-16,8-K,5.02,1,1,2118,,e,0,0,0,0,0,1,,,0,0,0,0,0,0,0,compensation only
0001193125-07-072263,1108524,2007-04-02,8-K,5.02,1,1,1626,,,0,0,0,0,1,1,,,0,0,0,0,0,0,0,election
0001193125-07-078925,1108524,2007-04-11,8-K,5.02,1,1,1442,,,0,0,0,1,0,1,,,0,0,0,0,0,0,0,appointment
0001193125-07-134937,1108524,2007-06-13,8-K,5.02,1,1,2550,,,0,0,0,0,1,1,,,0,0,0,0,0,0,0,election
0001193125-07-155725,1108524,2007-07-16,8-K,5.02,1,1,743,,,1,0,0,0,0,0,,,0,0,0,0,0,0,0,departure
0001193125-07-186040,1108524,2007-08-20,8-K,5.02,1,1,1986,,,0,0,0,0,0,0,,,0,0,0,0,0,0,0,other
0001193125-07-208064,1108524,2007-09-26,8-K,5.02,1,1,1436,2007-09-26;2007-09-28;2007-10-03,,1,0,1,0,0,0,,,0,0,0,0,0,0,0,departure
0001193125-07-210111,1108524,2007-09-28,8-K,5.02,1,1,1152,,,0,0,0,0,1,1,,,0,0,0,0,0,0,0,election
0001193125-08-050327,1108524,2008-03-07,8-K,5.02,1,1,2210,,,1,0,0,1,0,1,,,0,0,0,0,0,0,0,departure
0001193125-08-071264,1108524,2008-03-31,8-K,5.02,1,1,1868,,,0,0,0,0,1,1,,,0,0,0,0,0,0,0,election
0001193125-10-213864,1123360,2010-09-21,8-K,"5.02,9.01",1,1,2349,,,0,0,0,0,0,1,,,0,0,0,0,0,0,0,compensation only
0001123360-11-000082,1123360,2011-09-29,8-K,"5.02,5.07,9.01",1,1,838,,,0,0,0,0,0,1,,,0,0,0,0,0,0,0,compensation only
0001123360-12-000041,1123360,2012-07-18,8-K,5.02,1,1,366,2012-07-16,,1,0,0,0,0,0,,2012-08-01,0,0,0,0,0,0,0,departure
0001193125-05-239862,1136893,2005-12-09,8-K,"5.02,9.01",1,1,190,2005-12-08;2005-12-09,,0,0,1,0,0,0,2005-12-08,2005-12-08,0,0,0,0,0,0,0,departure
0001104659-06-006239,1136893,2006-02-06,8-K,"1.01,1.02,2.01,2.03,3.02,5.01,5.02,5.03,9.01",1,1,2686,,,0,0,1,1,0,1,,,0,0,0,1,1,0,0,departure
0000892569-06-000649,1136893,2006-05-02,8-K,"2.02,5.02,9.01",1,1,754,2006-04-26,,0,0,0,0,1,0,,,0,0,0,0,0,0,0,election
0000892569-06-000846,1136893,2006-07-06,8-K,5.02,1,1,926,2006-07-01,"a,b",0,0,1,0,1,0,,2006-07-01,0,0,0,0,0,0,0,departure
0000892569-06-001297,1136893,2006-10-27,8-K,"1.01,5.02,8.01,9.01",1,1,730,2006-09-19,,0,0,0,0,0,0,,,0,0,0,0,0,0,0,other
0000892569-06-001310,1136893,2006-10-30,8-K,"1.01,5.02",1,1,285,,,0,0,0,0,0,0,,,0,0,0,0,0,0,0,other
0000892569-07-001428,1136893,2007-11-16,8-K,5.02,1,1,5596,2004-01-27;2007-11-16;2008-03-01,,0,0,0,1,0,1,,,0,0,0,0,0,0,0,appointment
0000892569-08-000017,1136893,2008-01-02,8-K,"5.02,9.01",1,1,3161,2004-02-17;2008-01-31,,1,1,0,0,0,1,,,0,1,0,0,1,0,0,departure
0000892569-08-000425,1136893,2008-03-25,8-K,"5.02,9.01",1,1,1151,,,0,0,0,0,0,1,,,1,0,0,0,0,0,0,compensation only
0001136893-21-000145,1136893,2021-06-09,8-K,"5.02,9.01",1,1,2835,2021-06-08;2021-06-09,,0,0,1,0,0,1,,,0,0,0,0,0,0,0,departure
0001136893-21-000196,1136893,2021-09-03,8-K,5.02,1,1,547,2021-08-31,,0,0,1,0,0,0,2021-08-31,,0,0,0,0,0,0,0,departure
0001136893-21-000203,1136893,2021-09-08,8-K,5.02,1,1,2947,2019-08-01;2021-09-02,,0,0,0,1,0,1,,,0,0,0,0,0,0,0,appointment
0001136893-22-000005,1136893,2022-01-14,8-K,5.02,1,1,422,2021-01-31;2022-01-11,,1,0,0,0,0,0,2021-01-31,2021-01-31,0,0,0,0,0,0,0,departure
0001136893-22-000028,1136893,2022-02-08,8-K,"5.02,9.01",1,1,1469,2022-02-08,,0,0,0,1,0,0,,,0,0,0,0,0,0,0,appointment
0001136893-22-000056,1136893,2022-03-21,8-K,"5.02,9.01",1,1,3535,2022-03-16;2022-03-21;2022-05-25,,1,1,0,0,0,1,,,0,1,0,0,0,0,0,departure
0001136893-22-000134,1136893,2022-06-01,8-K,"5.02,9.01",1,1,973,2022-05-25,e,0,0,0,0,0,1,,,0,0,0,0,0,0,0,compensation only
0001136893-22-000155,1136893,2022-08-17,8-K,"5.02,9.01",1,1,575,2022-09-01,,1,0,0,0,0,0,2022-09-01,2022-09-01,0,1,0,0,0,0,0,departure
0001136893-22-000173,1136893,2022-10-19,8-K,"2.02,5.02,9.01",1,1,8869,2022-10-18;2022-12-31;2023-01-01;2025-01-01,,1,1,0,0,1,1,2022-10-18,2022-12-31,0,0,0,0,0,0,0,departure
0001193125-22-305874,1136893,2022-12-15,8-K,"1.01,5.02,7.01,9.01",1,1,1384,,,0,0,0,0,1,1,,,0,0,0,0,0,0,0,election
0001193125-23-011458,1136893,2023-01-20,8-K,"5.02,7.01,9.01",1,1,2490,2022-12-14;2023-01-13;2023-01-20,,0,0,1,0,1,1,,,0,0,0,0,0,0,0,departure
0001193125-23-015151,1136893,2023-01-25,8-K,"5.02,9.01",1,1,666,2023-01-19,,0,0,1,0,0,0,2023-01-19,,1,1,0,0,0,0,0,departure
0001136893-23-000069,1136893,2023-04-21,8-K,5.02,1,1,1468,2013-12-16;2022-12-31;2023-02-27;2023-04-17;2023-12-31,,1,0,0,0,0,1,2023-04-17,2023-12-31,0,0,0,0,0,0,1,departure
0001136893-23-000090,1136893,2023-05-26,8-K,5.02,1,1,1396,2023-05-22,,0,0,0,1,0,0,,,0,0,0,0,0,0,0,appointment
0001193125-23-218012,1136893,2023-08-22,8-K,"5.02,9.01",1,1,7431,2023-07-20;2023-08-21,,0,0,0,1,0,1,,,0,0,0,0,0,0,0,appointment
0001193125-24-021392,1136893,2024-02-01,8-K,"1.01,2.01,5.02,7.01,9.01",1,1,494,2024-01-31,,0,0,0,0,0,0,,,0,0,0,0,0,0,1,other
0001193125-24-044681,1136893,2024-02-23,8-K,"5.02,9.01",1,1,9321,2013-12-16;2015-06-01;2022-01-31;2022-12-31;2023-02-27;2023-04-17;2023-08-21;2023-12-31;2024-01-01;2024-02-19;2024-02-29;2024-03-01;2024-12-31;2025-02-15;2025-06-30,,1,0,0,1,0,1,2023-04-17,2023-12-31,0,0,0,0,1,0,0,departure
0001193125-24-069200,1136893,2024-03-15,8-K,5.02,1,1,1268,2024-03-11,,0,0,1,0,0,0,2024-03-11,,0,0,0,0,0,0,1,departure
0001193125-24-088508,1136893,2024-04-05,8-K,5.02,1,1,787,2024-04-01,,0,0,1,0,0,0,2024-04-01,,0,0,0,0,0,0,1,departure
0001104659-15-052507,1137789,2015-07-22,8-K,"5.02,9.01",1,1,3476,,"c,e",0,0,0,1,0,1,,,0,0,0,0,0,0,0,appointment
0001104659-15-057159,1137789,2015-08-06,8-K,5.02,1,1,535,,e,0,0,0,1,0,1,,,0,0,0,0,0,0,0,appointment
0001104659-15-066273,1137789,2015-09-21,8-K,5.02,1,1,1881,,e,0,0,0,0,0,1,,,0,0,0,0,0,0,0,compensation only
0001104659-15-071908,1137789,2015-10-21,8-K,"5.02,9.01",1,1,2062,2015-10-21,,0,0,0,0,0,1,,,0,0,0,0,0,0,0,compensation only
0001104659-16-087730,1137789,2016-01-04,8-K,"5.02,9.01",1,1,1465,,,0,0,0,0,0,1,,,0,0,0,0,0,0,0,compensation only
0001104659-16-129505,1137789,2016-06-27,8-K,5.02,1,1,808,,,0,0,0,1,0,1,,,0,0,0,0,0,0,0,appointment
0001104659-16-131749,1137789,2016-07-08,8-K,5.02,1,1,635,2016-07-06,,0,0,1,0,0,0,2016-07-06,,0,1,0,0,0,0,1,departure
0001104659-16-135046,1137789,2016-07-28,8-K,5.02,1,1,1826,,e,0,0,0,1,0,1,,,0,0,0,0,0,0,0,appointment
0001104659-16-146813,1137789,2016-09-27,8-K,5.02,1,1,1834,,e,0,0,0,0,0,1,,,0,0,0,0,0,0,0,compensation only
0001104659-16-148575,1137789,2016-10-04,8-K,5.02,1,1,634,,,0,0,0,0,0,1,,,0,0,0,0,0,0,0,compensation only
0001104659-16-151422,1137789,2016-10-24,8-K,"5.02,5.03,5.07,9.01",1,1,2888,,,0,0,0,0,0,1,,,0,0,0,0,0,0,0,compensation only
0001193125-17-013685,1137789,2017-01-20,8-K,"5.02,9.01",1,1,2466,,,0,0,0,0,1,1,,,0,0,0,0,0,0,0,election
0001193125-17-192960,1137789,2017-06-02,8-K,5.02,1,1,347,2017-06-02,,1,0,0,0,0,0,2017-06-02,,0,0,0,0,0,0,0,departure
0001193125-17-234440,1137789,2017-07-25,8-K,"2.02,2.05,5.02,7.01,9.01",1,1,4240,2017-06-02;2017-07-25;2017-10-01,,1,1,0,1,1,1,2017-07-25,2017-10-01,1,0,0,0,0,1,0,departure
0001137789-17-000046,1137789,2017-07-28,8-K,5.02,1,1,2163,,e,0,0,0,0,0,1,,,0,0,0,0,0,0,0,compensation only
0001137789-17-000068,1137789,2017-10-18,8-K,"5.02,5.07,9.01",1,1,2478,,,0,0,0,0,0,0,,,0,0,0,0,0,0,0,other
0001104659-22-041712,1140859,2022-04-01,8-K,"5.02,9.01",1,1,1884,,,0,0,0,0,0,1,,,0,0,0,0,0,0,0,compensation only
0001140859-22-000054,1140859,2022-09-27,8-K,"5.02,7.01,9.01",1,1,1879,,,0,0,0,0,1,1,,,0,0,0,0,0,0,0,election
0001140859-22-000064,1140859,2022-11-03,8-K,"2.02,5.02,7.01,9.01",1,1,1883,2022-10-01;2022-11-03,,0,0,0,1,0,1,,,0,0,0,0,0,0,0,appointment
0001104659-22-119574,1140859,2022-11-16,8-K/A,5.02,1,1,1783,2022-01-27,,0,0,0,1,0,1,,,0,0,0,0,0,0,0,appointment
0001140859-22-000095,1140859,2022-11-16,8-K,"5.02,7.01,9.01",1,1,1544,,,0,0,0,0,1,1,,,0,0,0,0,0,0,0,election
0001140859-23-000021,1140859,2023-01-26,8-K,5.02,1,1,1096,2023-01-23;2023-03-09,,0,0,1,0,0,0,2023-01-23,,0,1,0,0,0,0,1,departure
0001140859-23-000125,1140859,2023-08-15,8-K,"5.02,7.01,9.01",1,1,2425,,,0,0,0,0,1,1,,,0,0,0,0,0,0,0,election
0001140859-24-000012,1140859,2024-01-16,8-K,5.02,1,1,853,2024-01-12;2024-03-12,,0,0,1,0,0,0,2024-01-12,,0,1,0,0,0,0,1,departure
0001104659-24-033278,1140859,2024-03-12,8-K,"5.02,7.01,9.01",1,1,1209,,,1,1,0,0,0,1,,2024-10-01,0,1,0,0,0,0,0,departure
0001104659-24-035045,1140859,2024-03-15,8-K/A,"5.02,9.01",1,1,3496,2024-01-29;2024-03-12;2024-09-30;2024-10-01,,1,1,0,1,0,1,,2024-10-01,0,1,0,0,0,0,0,departure
0001140859-24-000081,1140859,2024-05-03,8-K,5.02,1,1,469,2024-04-30;2024-09-30,,1,0,0,0,0,0,2024-04-30,2024-09-30,0,1,0,0,0,0,1,departure
0001104659-24-089929,1140859,2024-08-15,8-K,"5.02,7.01,9.01",1,1,1530,,,0,0,0,0,1,1,,,0,0,0,0,0,0,0,election
0001104659-24-090498,1140859,2024-08-16,8-K,"1.01,5.02,5.03,9.01",1,1,5896,2024-08-13,,0,0,0,0,0,1,,,0,0,0,0,0,0,0,compensation only
0000950103-06-002700,1166691,2006-11-28,8-K,"5.02,9.01",1,1,4594,2006-11-20;2006-11-27;2006-11-28;2006-12-31;2007-03-28;2007-12-31;2011-12-31,,1,0,0,0,0,1,2006-11-27,2007-03-28,0,1,0,0,0,0,0,departure
0000950103-07-003148,1166691,2007-12-28,8-K,"5.02,9.01",1,1,1318,2007-03-28;2007-12-31;2008-01-01,,1,0,0,1,0,1,,,1,1,0,0,0,0,0,departure
0001193125-08-029361,1166691,2008-02-13,8-K,"5.02,9.01",1,1,2216,2007-10-25;2007-12-27,,0,0,0,0,0,1,,,1,0,0,0,0,0,0,compensation only
0000950103-08-002956,1166691,2008-12-10,8-K,5.02,1,1,1116,,,0,0,0,0,1,0,,,0,0,0,0,0,0,0,election
0000950103-09-000292,1166691,2009-02-13,8-K,"5.02,9.01",1,1,1151,2009-02-13;2009-06-30;2010-06-30,,0,0,0,0,0,1,,,0,0,0,0,0,0,0,compensation only
0000950103-11-000002,1166691,2011-01-03,8-K,5.02,1,1,496,2010-12-31;2011-12-31,,0,0,0,0,0,1,,,0,0,0,0,0,0,0,compensation only
0000950103-11-000353,1166691,2011-01-31,8-K,"1.01,2.01,5.02,5.05,9.01",1,1,459,,,1,0,0,1,0,0,,,0,0,0,0,0,0,0,departure
0000950103-11-000772,1166691,2011-02-25,8-K,"5.02,9.01",1,1,2328,2011-02-22;2011-02-23;2015-12-31,,0,0,1,0,0,1,2011-02-23,,0,1,0,0,0,0,0,departure
0001193125-11-180049,1166691,2011-07-01,8-K,"5.02,9.01",1,1,298,2011-06-30;2012-06-30,,0,0,0,0,0,1,,,0,0,0,0,0,0,0,compensation only
0001193125-11-254480,1166691,2011-09-22,8-K,5.02,1,1,1135,,,1,1,1,0,1,1,,,0,1,0,0,0,0,0,departure
0001193125-11-285508,1166691,2011-10-28,8-K/A,5.02,1,1,391,2011-09-22,,0,0,0,0,1,0,,,1,0,0,0,0,0,0,election
0001193125-11-299646,1166691,2011-11-07,8-K,"5.02,9.01",1,1,436,2011-11-03;2011-11-11,,0,0,1,0,0,1,2011-11-03,2011-11-11,0,0,0,0,0,0,0,departure
0001193125-11-320674,1166691,2011-11-23,8-K,"5.02,5.03,9.01",1,1,1935,2011-11-22;2016-06-30,,0,0,0,0,0,1,,,0,0,0,0,0,0,0,compensation only
0001193125-12-392575,1166691,2012-09-14,8-K,"5.02,9.01",1,1,193,2012-09-13;2013-06-30,,0,0,0,0,0,1,,,0,0,0,0,0,0,0,compensation only
0000950103-13-004474,1166691,2013-07-24,8-K,"5.02,9.01",1,1,188,2013-07-23;2014-06-30,,0,0,0,0,0,1,,,0,0,0,0,0,0,0,compensation only
0000950103-13-004940,1166691,2013-08-16,8-K,"5.02,9.01",1,1,1842,2013-06-30;2013-08-16;2014-06-30,,0,0,0,0,0,1,,,0,0,0,0,0,0,0,compensation only
0000950103-14-001112,1166691,2014-02-14,8-K,5.02,1,1,709,,,1,1,0,0,1,1,,,0,0,0,0,0,0,0,departure
0000950103-14-004539,1166691,2014-07-01,8-K,"5.02,9.01",1,1,188,2014-06-30;2015-06-30,,0,0,0,0,0,1,,,0,0,0,0,0,0,0,compensation only
0000950103-14-008968,1166691,2014-12-23,8-K,"5.02,9.01",1,1,1734,2014-12-22;2015-03-01;2019-12-31,,0,0,0,0,0,1,,,0,0,0,0,0,0,0,compensation only
0000950103-22-017696,1166691,2022-10-12,8-K,"5.02,9.01",1,1,543,2022-10-12,,1,1,0,1,0,0,,,0,0,0,0,0,0,0,departure
0000950103-22-021872,1166691,2022-12-30,8-K,5.02,1,1,3418,2022-12-28;2023-03-01;2027-12-31,,0,0,0,1,0,1,,,0,0,0,0,0,0,0,appointment
0000950103-23-000208,1166691,2023-01-06,8-K,"5.02,9.01",1,1,1633,2023-01-06,,1,0,0,1,0,1,,2023-01-06,0,0,0,0,0,0,0,departure
0000950103-23-004120,1166691,2023-03-15,8-K,"5.02,9.01",1,1,1625,,,0,0,0,0,1,1,,,0,0,0,0,0,0,0,election
0000950103-23-006065,1166691,2023-04-24,8-K,5.02,1,1,489,2023-04-23,,0,0,0,0,0,1,,,0,0,0,0,0,0,0,compensation only
0000950103-23-008707,1166691,2023-06-09,8-K,"5.02,5.07,9.01",1,1,1344,,,0,0,0,0,0,1,,,0,0,0,0,0,0,0,compensation only
0000950103-23-014572,1166691,2023-10-03,8-K,"5.02,9.01",1,1,1351,,,0,0,0,0,1,1,,,0,0,0,0,0,0,0,election
0000950103-23-017250,1166691,2023-12-06,8-K/A,5.02,1,1,343,,,0,0,0,0,1,0,,,0,0,0,0,0,0,0,election
0001166691-24-000019,1166691,2024-04-15,8-K,5.02,1,1,1209,,,0,0,0,0,1,1,,,0,0,0,0,0,0,0,election
0000950103-25-003639,1166691,2025-03-19,8-K,"5.02,9.01",1,1,677,2025-03-19,,0,0,0,1,0,0,,,0,0,0,0,0,0,0,appointment
0001193125-12-056765,1283699,2012-02-14,8-K,5.02,1,1,2662,,,0,0,0,1,0,1,,,0,0,0,0,0,0,0,appointment
0001445305-12-001909,1283699,2012-05-31,8-K,"5.02,5.07,9.01",1,1,1503,,,0,0,0,0,0,1,,,0,0,0,0,0,0,0,compensation only
0001283699-12-000010,1283699,2012-08-03,8-K,5.02,1,1,1214,2012-07-30,,0,0,1,0,0,1,2012-07-30,,0,0,1,0,0,0,0,departure
0001283699-12-000027,1283699,2012-10-03,8-K,"1.01,2.03,3.02,3.03,5.02,8.01,9.01",1,1,1893,,e,0,0,0,0,0,1,,,0,0,0,0,0,0,0,compensation only
0001283699-13-000011,1283699,2013-02-07,8-K,5.02,1,1,3102,,,0,0,0,1,0,1,,,0,0,0,0,0,0,0,appointment
0001193125-13-193449,1283699,2013-05-02,8-K,"1.01,2.03,3.02,4.01,5.01,5.02,5.03,7.01,9.01",1,1,13776,2013-03-12;2013-04-30;2014-05-01,,1,0,1,1,1,1,,2013-04-30,0,0,0,1,0,0,0,departure
0001193125-13-246944,1283699,2013-06-04,8-K,"5.02,5.07,9.01",1,1,2447,,,0,0,0,0,1,1,,,0,0,0,0,0,0,0,election
0001283699-13-000120,1283699,2013-10-25,8-K,"5.02,9.01",1,1,3524,2013-10-24;2013-11-15,"b,e",0,0,1,0,1,1,2013-10-24,2013-11-15,0,0,0,0,0,0,0,departure
0001283699-13-000134,1283699,2013-11-08,8-K,5.02,1,1,964,2013-10-24;2013-11-15,b,0,0,1,0,1,1,2013-10-24,2013-11-15,1,0,0,0,0,0,0,departure
0001193125-13-448555,1283699,2013-11-20,8-K,"1.01,5.02,8.01,9.01",1,1,1664,2013-11-20,"b,d",0,0,1,0,1,0,,,0,0,0,0,0,0,0,departure
0001193125-14-058782,1283699,2014-02-19,8-K,5.02,1,1,531,2014-02-13,b,0,0,1,0,0,0,2014-02-13,,0,0,0,0,0,0,0,departure
0001193125-15-052763,1283699,2015-02-18,8-K,5.02,1,1,2136,2014-02-25;2015-01-01;2015-02-17;2015-02-18;2015-03-13,"c,e",1,0,0,1,0,1,2015-02-17,2015-03-13,0,0,0,0,0,0,0,departure
0001193125-15-063256,1283699,2015-02-26,8-K,"5.02,9.01",1,1,1657,2012-09-22;2013-10-23;2015-02-25;2015-09-22;2017-09-22,e,0,0,0,0,0,1,,,0,0,0,0,0,0,0,compensation only
0001193125-16-470124,1283699,2016-02-19,8-K,5.02,1,1,457,2016-02-16;2016-03-18,"b,e",1,0,0,0,0,1,,2016-03-18,0,0,0,0,1,1,0,departure
0001193125-16-628913,1283699,2016-06-22,8-K,"5.02,5.07",1,1,2055,2016-06-20,"b,c",0,0,0,1,0,1,,,0,0,0,0,0,0,0,appointment
0001193125-17-056336,1283699,2017-02-24,8-K,5.02,1,1,4822,2015-02-17;2017-01-01;2017-02-17,,0,0,0,0,0,1,,,0,0,0,0,0,0,0,compensation only
0001193125-17-099960,1283699,2017-03-28,8-K,5.02,1,1,5964,2012-09-22;2017-03-28;2017-04-01,,0,0,0,0,0,1,,,0,0,0,0,0,0,0,compensation only
0001193125-17-377654,1283699,2017-12-22,8-K,5.02,1,1,6080,2013-01-25;2017-12-20;2019-03-01,,0,0,0,1,0,1,,,0,0,0,0,0,0,0,appointment
0001193125-18-051913,1283699,2018-02-21,8-K,5.02,1,1,431,,,0,0,0,0,1,1,,,0,0,0,0,0,0,0,election
0001104659-18-028086,1283699,2018-04-30,8-K,"1.01,5.02,8.01,9.01",1,1,11556,2017-04-01;2017-12-20;2018-02-15;2018-04-27;2018-04-29;2019-03-01;2020-04-30,,1,0,0,0,0,1,2018-04-29,,0,0,0,1,1,1,0,departure
0001283699-18-000031,1283699,2018-06-14,8-K,"5.02,5.07",1,1,2015,2017-04-01;2018-04-27;2018-04-29,,0,0,0,1,0,1,,,1,0,0,0,0,0,0,appointment
0001283699-18-000063,1283699,2018-11-02,8-K,5.02,1,1,667,2018-10-30;2018-12-01,,0,0,1,0,0,1,2018-10-30,2018-12-01,0,0,0,0,0,0,1,departure
0001283699-18-000071,1283699,2018-12-04,8-K,5.02,1,1,1131,2018-12-01,,0,0,1,1,0,1,2018-12-01,2018-12-01,1,0,0,0,0,0,0,departure
0001283699-19-000064,1283699,2019-03-29,8-K,5.02,1,1,3657,2017-12-20;2018-02-15;2018-04-29;2019-03-25;2019-12-31,,0,0,0,0,0,1,,,0,0,0,0,0,0,0,compensation only
0001283699-19-000066,1283699,2019-04-19,8-K,5.02,1,1,566,2019-04-15,b,0,0,1,0,0,0,,,0,0,0,0,0,0,1,departure
0001193125-19-294093,1283699,2019-11-18,8-K,"5.02,7.01,9.01",1,1,18932,2017-01-01;2017-12-20;2018-04-28;2018-04-29;2018-04-30;2019-04-26;2019-11-14;2019-11-15;2019-11-18;2020-01-01;2020-04-30;2020-05-01;2020-07-01;2020-12-01;2021-01-01;2021-11-15;2022-01-01,c,1,1,0,1,0,1,,2020-04-30,0,0,0,0,0,0,0,departure
0001193125-20-041926,1283699,2020-02-19,8-K,5.02,1,1,4504,2018-04-28;2018-04-30;2019-06-30;2019-07-26;2020-02-12;2020-07-01,,0,0,0,0,0,1,,,0,0,0,0,0,0,0,compensation only
0001193125-20-071678,1283699,2020-03-12,8-K,"5.02,7.01,9.01",1,1,458,2018-04-28;2020-02-12;2020-03-12;2020-04-30,,1,0,0,0,0,1,2020-03-12,2020-04-30,1,1,0,0,0,0,0,departure
0001283699-20-000064,1283699,2020-03-25,8-K,"5.02,9.01",1,1,2406,2018-04-29,,0,0,0,0,0,1,,,0,0,0,0,0,0,0,compensation only
0001193125-20-093622,1283699,2020-04-01,8-K,"1.01,1.02,2.01,2.03,3.03,5.02,5.03,7.01,9.01",1,1,8993,2017-04-01;2019-11-15;2020-03-26;2020-04-30,,1,1,1,1,1,1,2020-03-26,immediately,0,0,0,1,0,0,0,departure
0001193125-20-109354,1283699,2020-04-16,8-K,5.02,1,1,537,2020-03-12,,0,0,0,0,0,1,,,1,0,0,0,0,0,0,compensation only
0001193125-20-119230,1283699,2020-04-24,8-K,5.02,1,1,838,2020-04-01;2020-04-24;2020-06-04,,0,0,1,0,0,0,2020-04-24,immediately,0,0,0,0,0,0,0,departure
0001140361-20-014081,1283699,2020-06-17,8-K,"2.06,5.02,7.01,8.01,9.01",1,1,9182,2020-06-15;2020-07-01;2020-09-30;2020-12-31,,1,0,0,1,0,1,,2020-07-01,0,1,0,0,1,0,0,departure
0001140361-20-014470,1283699,2020-06-22,8-K,"1.01,5.02,8.01,9.01",1,1,476,2020-06-22,,0,0,1,0,0,1,,2020-06-22,0,0,0,0,0,0,0,departure
0001193125-20-291827,1283699,2020-11-12,8-K,5.02,1,1,1916,2020-11-10;2020-11-13,,0,0,1,0,1,0,2020-11-10,2020-11-13,0,0,0,0,0,0,1,departure
0001193125-21-076354,1283699,2021-03-10,8-K,5.02,1,1,6324,,,0,0,0,0,0,1,,,0,0,0,0,0,0,0,compensation only
0001193125-21-113210,1283699,2021-04-12,8-K,"5.02,7.01,8.01,9.01",1,1,449,2021-04-06,,0,0,1,0,0,0,2021-04-06,immediately,0,0,0,0,0,0,1,departure
0001193125-21-198692,1283699,2021-06-24,8-K,"5.02,7.01,9.01",1,1,1328,2021-04-06,,0,0,0,0,1,1,,,0,0,0,0,0,0,0,election
0001193125-21-275230,1283699,2021-09-16,8-K,"5.02,7.01,9.01",1,1,476,2021-09-10;2021-10-11;2022-04-01,,1,0,0,0,0,0,2021-09-10,2022-04-01,0,1,0,0,0,0,0,departure
0001193125-22-115091,1283699,2022-04-22,8-K,5.02,1,1,731,2022-04-20,,0,0,1,0,0,1,2022-04-20,immediately,0,0,0,0,0,0,1,departure
0001193125-22-239983,1283699,2022-09-07,8-K,5.02,1,1,777,,,0,0,0,0,1,1,,,0,0,0,0,0,0,0,election
0001193125-22-290740,1283699,2022-11-22,8-K,5.02,1,1,492,2022-11-18;2023-01-02,,0,0,1,0,0,0,2022-11-18,2023-01-02,0,0,0,0,0,0,1,departure
0001193125-23-024130,1283699,2023-02-03,8-K,5.02,1,1,591,2023-01-30,,0,0,1,0,0,0,2023-01-30,immediately,0,0,0,0,0,0,1,departure
0001193125-23-035719,1283699,2023-02-13,8-K,5.02,1,1,2624,2023-02-13,,1,0,0,0,0,1,,,0,1,1,0,0,1,0,departure
0001193125-23-066908,1283699,2023-03-10,8-K,5.02,1,1,9991,2019-11-15;2023-01-01;2023-02-15;2023-03-09;2023-04-01;2024-01-01;2025-01-01;2026-01-01;2027-01-01;2028-04-01,,0,0,0,0,0,1,,,0,0,0,0,0,0,0,compensation only
0001193125-23-171171,1283699,2023-06-21,8-K,"5.02,5.07,9.01",1,1,1077,,,0,0,0,0,0,1,,,0,0,0,0,0,0,0,compensation only
0001193125-23-185341,1283699,2023-07-11,8-K,5.02,1,1,4801,,,0,0,0,0,0,1,,,0,0,0,0,0,0,0,compensation only
0001193125-23-190499,1283699,2023-07-20,8-K,"5.02,7.01,9.01",1,1,1057,,,0,0,0,0,1,1,,,0,0,0,0,0,0,0,election
0001193125-23-231377,1283699,2023-09-08,8-K,5.02,1,1,2605,2023-09-06;2024-02-01,,1,0,0,0,0,1,,,0,1,1,0,0,1,0,departure
0001193125-12-293901,1326160,2012-07-03,8-K,"2.01,2.05,5.02,5.03,7.01,8.01,9.01",1,1,11981,2012-03-22;2012-06-27;2012-07-02;2012-07-03,,1,1,0,0,1,1,2012-07-03,,1,1,0,1,0,1,0,departure
0001104659-12-049132,1326160,2012-07-16,8-K,5.02,1,1,306,2012-07-13,,0,0,0,1,0,0,,,0,0,0,0,0,0,0,appointment
0000898822-12-000348,1326160,2012-07-27,8-K,"5.02,9.01",1,1,1047,2012-07-27,,0,0,1,0,0,1,2012-07-27,immediately,0,0,0,0,0,0,0,departure
0001104659-12-080906,1326160,2012-11-29,8-K,"1.01,5.02,9.01",1,1,5642,2012-12-31;2013-04-15;2013-07-01;2013-12-31,,1,0,1,0,0,1,,,0,1,0,1,1,0,0,departure
0001104659-12-084708,1326160,2012-12-17,8-K,"5.02,7.01",1,1,1140,2012-12-17,,0,0,0,0,0,0,,,0,0,0,0,0,0,0,other
0001104659-13-014407,1326160,2013-02-26,8-K,5.02,1,1,1547,,,0,0,0,0,1,1,,,0,0,0,0,0,0,0,election
0001104659-13-038285,1326160,2013-05-07,8-K,"5.02,5.07,9.01",1,1,1271,,,0,0,0,0,0,1,,,0,0,0,0,0,0,0,compensation only
0001104659-13-049764,1326160,2013-06-18,8-K,"5.02,9.01",1,1,7120,2008-08-26;2009-02-19;2013-06-17;2013-06-18;2013-07-01,,1,1,0,0,1,1,2009-02-19,2013-07-01,0,1,0,0,1,1,0,departure
0001104659-13-060144,1326160,2013-08-06,8-K,5.02,1,1,1408,2013-08-06,,0,0,0,1,0,1,,,0,0,0,0,0,0,0,appointment
0001104659-13-067275,1326160,2013-08-30,8-K,5.02,1,1,1582,2013-03-21;2013-08-30;2013-09-01,,0,0,0,1,0,1,,,0,0,0,0,0,0,0,appointment
0001104659-13-086631,1326160,2013-11-22,8-K,5.02,1,1,1659,,,0,0,0,0,1,1,,,0,0,0,0,0,0,0,election
0001104659-13-089600,1326160,2013-12-11,8-K/A,5.02,1,1,464,2013-11-22;2014-01-01,,0,0,0,0,1,0,,,0,0,0,0,0,0,0,election
0001104659-14-000076,1326160,2014-01-02,8-K,5.02,1,1,273,2014-01-01,,0,0,1,0,0,0,,,1,1,0,0,0,0,0,departure
0001104659-14-035262,1326160,2014-05-06,8-K,"5.02,5.07,9.01",1,1,1385,2014-03-20;2014-04-30;2014-07-03,,0,0,0,1,0,1,,,0,0,0,0,0,0,0,appointment
0001104659-14-053140,1326160,2014-07-24,8-K,5.02,1,1,1937,2014-07-24;2014-08-01,,0,0,0,1,0,0,,,0,0,0,0,0,0,0,appointment
0001193125-16-467698,1326160,2016-02-18,8-K,"2.02,5.02,9.01",1,1,381,,,0,0,0,0,0,1,,,0,0,0,0,0,0,0,compensation only
0001104659-16-100726,1326160,2016-02-29,8-K,5.02,1,1,1680,,,1,1,0,0,1,1,,,0,1,0,0,0,0,0,departure
0001104659-16-110903,1326160,2016-04-12,8-K,5.02,1,1,2444,2016-03-24;2016-04-12;2016-05-01;2016-05-16,,0,0,0,1,0,1,,,0,0,0,0,0,0,0,appointment
0001104659-16-119780,1326160,2016-05-10,8-K,"5.02,5.07",1,1,872,2016-04-12;2016-05-16,e,0,0,0,1,0,1,,,0,0,0,0,0,0,0,appointment
0001326160-16-000368,1326160,2016-08-25,8-K,5.02,1,1,2742,,,0,0,0,0,1,1,,,0,0,0,0,0,0,0,election
0001104659-16-148226,1326160,2016-10-03,8-K,"2.01,5.02,7.01,9.01",1,1,1643,,,0,0,0,0,1,1,,,0,0,0,0,0,0,0,election
0001326160-17-000011,1326160,2017-02-23,8-K,5.02,1,1,1857,,,0,0,0,0,1,1,,,0,0,0,0,0,0,0,election
0001104659-17-053547,1326160,2017-08-25,8-K,5.02,1,1,412,2017-08-24;2017-08-25,,0,0,1,0,0,0,2017-08-24,2017-08-25,0,0,0,0,0,0,1,departure
0001326160-17-000184,1326160,2017-12-14,8-K,5.02,1,1,2111,,,0,0,0,0,1,1,,,0,0,0,0,0,0,0,election
0001326160-19-000166,1326160,2019-06-26,8-K,5.02,1,1,2225,,,0,0,0,0,1,1,,,0,0,0,0,0,0,0,election
0001410578-19-000740,1326160,2019-08-09,8-K,5.02,1,1,1091,2019-08-09;2019-09-30,b,0,0,0,1,0,1,,,0,0,0,0,0,0,0,appointment
0001104659-20-108520,1326160,2020-09-25,8-K,"5.02,9.01",1,1,2481,,,0,0,0,0,0,1,,,0,0,0,0,0,0,0,compensation only
0001326160-21-000105,1326160,2021-03-03,8-K,5.02,1,1,575,2021-02-25,,0,0,1,0,0,0,,,0,0,0,0,0,0,0,departure
0001104659-21-043714,1326160,2021-03-30,8-K,5.02,1,1,1628,2021-03-23;2021-03-30;2021-05-16;2021-08-01,,0,0,0,1,0,1,,,0,0,0,0,0,0,0,appointment
0001104659-21-064570,1326160,2021-05-11,8-K,"5.02,5.07",1,1,881,2021-03-30;2021-05-16,e,0,0,0,1,0,1,,,0,0,0,0,0,0,0,appointment
0001326160-21-000219,1326160,2021-09-27,8-K,"5.02,9.01",1,1,493,2021-08-01;2021-09-22,,1,0,0,0,0,0,,2021-08-01,0,1,0,0,0,0,0,departure
0001104659-21-138544,1326160,2021-11-15,8-K,"1.01,5.02,8.01,9.01",1,1,1872,,,0,0,0,0,1,1,,,0,0,0,0,0,0,0,election
0001193125-12-277735,1341439,2012-06-21,8-K,5.02,1,1,404,,,1,0,0,0,0,0,,,0,0,0,0,0,0,0,departure
0001193125-13-037562,1341439,2013-02-05,8-K,5.02,1,1,299,2013-02-04,,0,0,1,0,0,0,2013-02-04,immediately,0,1,0,0,0,0,0,departure
0001373715-22-000239,1373715,2022-07-27,8-K,"2.02,5.02,9.01",1,1,768,,e,0,0,0,0,0,1,,,0,0,0,0,0,0,0,compensation only
0001373715-22-000309,1373715,2022-08-24,8-K,5.02,1,1,596,2022-08-22;2022-08-26,b,0,0,1,0,0,0,2022-08-22,2022-08-26,0,0,0,0,0,0,1,departure
0001373715-22-000329,1373715,2022-10-26,8-K,"2.02,5.02,9.01",1,1,792,2022-10-23;2022-12-01,,0,0,1,0,0,0,2022-10-23,2022-12-01,0,0,0,0,0,0,1,departure
0001373715-23-000016,1373715,2023-01-25,8-K,"2.02,5.02,9.01",1,1,1345,,,0,0,0,1,0,1,,,0,0,0,0,0,0,0,appointment
0001373715-23-000162,1373715,2023-04-26,8-K,"2.02,5.02,9.01",1,1,2258,2023-04-24;2023-05-31,,1,0,0,0,1,1,2023-04-24,2023-05-31,0,0,0,0,0,0,0,departure
0001373715-23-000282,1373715,2023-06-02,8-K,"5.02,5.07,9.01",1,1,747,,,0,0,0,0,0,1,,,0,0,0,0,0,0,0,compensation only
0001373715-24-000269,1373715,2024-07-24,8-K,"2.02,5.02,9.01",1,1,3974,2017-10-31;2021-04-30;2024-03-31;2024-07-24,,1,0,0,1,0,1,,,0,0,0,0,0,1,0,departure
0001373715-24-000342,1373715,2024-10-23,8-K,"2.02,5.02,9.01",1,1,4298,2024-09-17,,1,0,0,1,0,1,,,0,0,0,0,0,0,0,departure
0001193125-22-004090,1428439,2022-01-07,8-K,"5.02,9.01",1,1,458,2022-01-07,,1,0,0,0,0,0,2022-01-07,,0,0,0,0,0,0,0,departure
0001193125-22-244792,1428439,2022-09-14,8-K,"5.02,9.01",1,1,1240,,,0,0,0,0,0,1,,,0,0,0,0,0,0,0,compensation only
0001428439-22-000033,1428439,2022-11-02,8-K,"5.02,9.01",1,1,332,2022-10-31,,1,0,0,0,0,0,2022-10-31,,0,0,0,0,0,0,0,departure
0001428439-22-000038,1428439,2022-12-19,8-K,5.02,1,1,2096,,,0,0,0,1,0,1,,,0,0,0,0,0,0,0,appointment
0001193125-23-063903,1428439,2023-03-08,8-K,"5.02,9.01",1,1,2315,2023-03-08;2023-05-01,,1,0,0,1,0,1,,,0,0,0,0,0,0,0,departure
0001428439-23-000032,1428439,2023-08-11,8-K,5.02,1,1,1346,2017-09-18,,0,0,0,0,0,1,,,0,0,0,0,0,0,0,compensation only
0001428439-24-000027,1428439,2024-06-07,8-K,"5.02,5.07,9.01",1,1,1255,,,0,0,0,0,0,1,,,0,0,0,0,0,0,0,compensation only
0001193125-21-008667,1447669,2021-01-14,8-K,"5.02,9.01",1,1,2027,,,0,0,0,0,1,1,,,0,0,0,0,0,0,0,election
0001193125-21-049966,1447669,2021-02-22,8-K,"5.02,8.01,9.01",1,1,254,2021-02-16,b,1,0,0,0,0,0,2021-02-16,,0,0,0,0,0,0,0,departure
0001193125-21-091239,1447669,2021-03-23,8-K/A,5.02,1,1,935,2021-03-17;2021-04-01,,0,0,0,0,1,1,,,0,0,0,0,0,0,0,election
0001447669-21-000122,1447669,2021-05-05,8-K,"2.02,5.02,9.01",1,1,148,2021-04-30;2021-05-17,b,1,0,0,0,0,0,2021-04-30,2021-05-17,0,0,0,0,0,0,0,departure
0001447669-21-000263,1447669,2021-10-27,8-K,"2.02,5.02,9.01",1,1,1983,2021-10-25;2021-10-27;2022-01-03,"b,c",1,0,0,1,0,1,2021-10-25,,0,0,0,0,0,0,0,departure
0001447669-21-000296,1447669,2021-12-10,8-K,5.02,1,1,477,2021-12-08;2022-01-07,"b,e",1,0,0,0,0,1,2021-12-08,2022-01-07,0,0,0,0,0,0,0,departure
0001447669-22-000094,1447669,2022-05-04,8-K,"2.02,5.02,9.01",1,1,1184,2022-04-28,b,1,0,1,0,0,1,2022-04-28,immediately,0,0,0,0,0,0,1,departure
0001447669-22-000141,1447669,2022-08-04,8-K,"2.02,5.02,9.01",1,1,2014,,,0,0,0,0,1,1,,,0,0,0,0,0,0,0,election
0001447669-22-000212,1447669,2022-12-09,8-K/A,5.02,1,1,857,2022-12-08,,0,0,0,0,1,1,,,0,0,0,0,0,0,0,election
0001447669-23-000009,1447669,2023-02-03,8-K,5.02,1,1,501,2022-12-19;2023-02-02;2023-02-24,,0,0,0,0,0,1,,,0,0,0,0,0,0,0,compensation only
0001193125-23-034646,1447669,2023-02-13,8-K,"2.02,2.05,5.02,7.01,8.01,9.01",1,1,5546,2018-05-10;2021-02-26;2022-05-05;2022-12-31;2023-02-10,,1,0,0,1,0,1,,,0,0,0,0,0,0,0,departure
0001447669-23-000025,1447669,2023-02-15,8-K,"2.02,5.02,8.01,9.01",1,1,148,2023-02-14;2023-02-28,,1,0,0,0,0,0,2023-02-14,2023-02-28,0,0,0,0,0,0,0,departure
0001193125-23-045159,1447669,2023-02-23,8-K,"5.02,9.01",1,1,8337,,,0,0,0,1,0,1,,,0,0,0,0,0,0,0,appointment
0001447669-23-000075,1447669,2023-03-30,8-K,"5.02,9.01",1,1,3166,2023-03-27,,0,0,1,0,1,1,2023-03-27,,0,0,0,0,0,0,1,departure
0001447669-23-000224,1447669,2023-11-08,8-K,"2.02,5.02,9.01",1,1,504,2023-11-03;2023-12-15,,1,1,0,0,0,0,2023-11-03,2023-12-15,0,0,0,0,0,0,0,departure
0001447669-23-000241,1447669,2023-12-01,8-K,"5.02,9.01",1,1,3020,,,0,0,0,0,1,1,,,0,0,0,0,0,0,0,election
0001193125-24-004000,1447669,2024-01-08,8-K,"2.02,5.02,7.01,8.01,9.01",1,1,8222,2021-02-26;2023-02-23;2024-01-07,,1,1,0,0,0,1,,2024-01-08,0,0,0,0,0,1,1,departure
0001193125-24-082747,1447669,2024-04-01,8-K,"1.01,5.02,7.01,9.01",1,1,545,,,0,0,0,0,1,0,,,0,0,0,0,0,0,0,election
0001193125-24-086510,1447669,2024-04-04,8-K,"5.02,7.01,9.01",1,1,961,2024-04-03,,0,0,1,0,0,0,2024-04-03,,0,1,0,0,0,0,1,departure
0001193125-20-068719,1501585,2020-03-10,8-K,"5.02,9.01",1,1,650,2020-03-06;2020-03-31,,1,0,0,0,0,0,2020-03-06,2020-03-31,0,0,0,0,0,0,0,departure
0001193125-20-321598,1501585,2020-12-18,8-K,"5.02,5.05,9.01",1,1,2916,2021-02-12,,1,0,0,0,1,1,2021-02-12,2021-02-12,0,0,0,0,0,0,0,departure
0001193125-21-013212,1501585,2021-01-21,8-K,"5.02,9.01",1,1,2892,,,0,0,0,0,1,1,,,0,0,0,0,0,0,0,election
0001193125-21-072840,1501585,2021-03-08,8-K,"5.02,9.01",1,1,1093,2021-03-05;2021-04-01,,1,0,0,0,0,1,,2021-04-01,0,1,0,0,0,0,0,departure
0001193125-22-024572,1501585,2022-02-01,8-K,"5.02,9.01",1,1,2908,2021-12-07,d,0,0,0,0,1,1,,,0,0,0,0,0,0,0,election
0001193125-22-023552,1501585,2022-02-01,8-K,"5.02,9.01",1,1,2459,2022-03-01,d,1,1,0,0,1,1,,2022-03-01,0,1,0,0,0,0,0,departure
0001193125-22-065623,1501585,2022-03-04,8-K,5.02,1,1,734,2022-01-31;2022-03-01,e,1,1,0,0,0,1,,2022-03-01,0,1,0,0,0,0,0,departure
0001193125-22-065618,1501585,2022-03-04,8-K/A,5.02,1,1,466,,c,0,0,0,0,0,1,,,0,0,0,0,0,0,0,compensation only
0001193125-22-145035,1501585,2022-05-09,8-K,"5.02,9.01",1,1,1653,,,0,0,0,0,0,1,,,0,0,0,0,0,0,0,compensation only
0001193125-22-200081,1501585,2022-07-22,8-K,5.02,1,1,621,2022-07-20,b,0,0,1,0,0,0,2022-07-20,2022-07-20,0,0,0,0,0,0,1,departure
0001193125-22-301591,1501585,2022-12-09,8-K,"5.02,9.01",1,1,2301,,d,0,0,0,0,1,1,,,0,0,0,0,0,0,0,election
0001193125-22-309155,1501585,2022-12-20,8-K,5.02,1,1,381,2022-12-16;2022-12-31,b,1,0,0,0,0,0,2022-12-16,2022-12-31,0,1,0,0,0,0,1,departure
0001193125-23-251587,1501585,2023-10-05,8-K,"5.02,9.01",1,1,2622,,d,0,0,0,0,1,1,,,0,0,0,0,0,0,0,election
0001510295-17-000011,1510295,2017-02-01,8-K,5.02,1,1,733,2016-03-15,,0,0,0,0,1,1,,,1,0,0,0,0,0,0,election
0001510295-17-000019,1510295,2017-02-27,8-K/A,5.02,1,1,338,2017-02-22;2017-04-26,,0,0,0,0,0,0,,,0,0,0,0,0,0,0,other
0001510295-17-000028,1510295,2017-03-15,8-K,5.02,1,1,236,2017-03-15;2017-04-01,,1,0,0,0,0,0,2017-03-15,2017-04-01,0,1,0,0,0,0,0,departure
0001510295-17-000059,1510295,2017-06-05,8-K,"5.02,5.03,9.01",1,1,1621,,,1,0,0,1,1,1,,2017-07-01,0,1,1,0,0,1,0,departure
0001510295-18-000146,1510295,2018-08-10,8-K,"5.02,8.01,9.01",1,1,528,2018-08-10;2018-10-01;2019-01-01,,1,0,0,0,0,0,2018-08-10,2019-01-01,1,1,0,1,0,0,0,departure
0001193125-18-289740,1510295,2018-10-01,8-K,"1.02,2.01,2.03,5.02,5.03,7.01,9.01",1,1,2914,2018-03-15,,0,0,1,1,1,1,,,1,0,0,1,0,0,0,departure
0001510295-18-000225,1510295,2018-11-14,8-K,5.02,1,1,3949,2018-11-08,a,0,0,0,0,0,1,,,1,0,0,0,0,0,0,compensation only
0001510295-19-000007,1510295,2019-01-30,8-K,"5.02,9.01",1,1,4604,2018-11-08;2019-01-01,a,1,0,0,0,0,1,,,1,1,0,0,0,0,0,departure
0001510295-19-000078,1510295,2019-06-25,8-K,5.02,1,1,1704,2018-12-31;2019-02-28;2019-06-20,,1,0,0,1,0,1,,,0,1,0,0,0,0,0,departure
0001104659-20-045597,1535527,2020-04-10,8-K,5.02,1,1,5814,,"c,e",0,0,0,1,0,1,,,0,0,0,0,0,0,0,appointment
0001104659-20-074711,1535527,2020-06-18,8-K,5.02,1,1,164,2020-06-18;2020-06-30,b,0,0,1,0,0,0,2020-06-18,2020-06-30,0,0,0,0,0,0,0,departure
0001104659-20-132008,1535527,2020-12-03,8-K,5.02,1,1,2206,,d,0,0,0,0,1,1,,,0,0,0,0,0,0,0,election
0001104659-21-035670,1535527,2021-03-12,8-K,"5.02,9.01",1,1,2278,,e,0,0,0,0,0,1,,,0,0,0,0,0,0,0,compensation only
0001104659-21-048810,1535527,2021-04-09,8-K,5.02,1,1,1091,,e,0,0,0,0,0,1,,,0,0,0,0,0,0,0,compensation only
0001104659-21-101531,1535527,2021-08-06,8-K,5.02,1,1,229,2021-08-04;2021-09-20,b,1,0,0,0,0,0,2021-08-04,2021-09-20,0,0,0,0,0,0,0,departure
0001104659-21-117007,1535527,2021-09-17,8-K,5.02,1,1,845,2021-08-04;2021-09-20,c,1,0,0,0,0,0,2021-08-04,2021-09-20,1,0,0,0,0,0,1,departure
0001104659-21-129072,1535527,2021-10-22,8-K,5.02,1,1,607,2021-10-01,e,1,0,0,0,0,1,,,1,0,1,0,0,0,0,departure
0001104659-21-154724,1535527,2021-12-30,8-K,5.02,1,1,197,2021-12-27;2022-01-31,b,0,0,1,0,0,0,2021-12-27,2022-01-31,0,0,0,0,0,0,0,departure
0001104659-22-004504,1535527,2022-01-14,8-K,"5.02,9.01",1,1,4309,2022-02-01;2023-02-01;2024-02-01;2025-02-01,e,0,0,0,0,0,1,,,0,0,0,0,0,0,0,compensation only
0001104659-22-044351,1535527,2022-04-08,8-K,5.02,1,1,2847,,"c,e",0,0,0,1,0,1,,,0,0,0,0,0,0,0,appointment
0001104659-23-005624,1535527,2023-01-23,8-K,5.02,1,1,1728,,d,0,0,0,0,1,1,,,0,0,0,0,0,0,0,election
0001104659-23-028507,1535527,2023-03-03,8-K,"5.02,5.03,9.01",1,1,1730,,c,0,0,0,1,0,0,,,0,0,0,0,0,0,0,appointment
0001193125-19-157213,1543151,2019-05-24,8-K,5.02,1,1,1177,2019-05-23;2019-05-27,,0,0,1,0,0,0,2019-05-23,2019-05-27,0,0,0,0,0,0,1,departure
0001552781-19-000277,1543151,2019-06-07,8-K,5.02,1,1,902,2019-06-07,,1,0,0,0,0,0,,,0,0,0,0,0,0,0,departure
0001193125-19-201404,1543151,2019-07-24,8-K,5.02,1,1,995,2019-07-23;2019-07-24,,0,0,1,0,0,0,2019-07-23,2019-07-24,0,0,0,0,0,0,1,departure
0001193125-19-201403,1543151,2019-07-24,8-K,5.02,1,1,1161,2019-07-24,,0,0,1,0,0,0,2019-07-24,2019-07-24,0,0,0,0,0,0,1,departure
0001552781-19-000515,1543151,2019-12-26,8-K,5.02,1,1,2036,2019-12-23;2019-12-31,,0,0,1,0,0,0,2019-12-23,2019-12-31,0,0,0,0,0,0,1,departure
0001552781-20-000149,1543151,2020-02-19,8-K,"5.02,9.01",1,1,2305,2020-12-31,,0,0,0,0,1,1,,,1,0,0,0,0,0,0,election
0001552781-20-000209,1543151,2020-03-23,8-K,5.02,1,1,2805,2020-12-31,,0,0,0,1,1,1,,,1,0,0,0,0,0,0,appointment
0001552781-21-000144,1543151,2021-03-22,8-K,"5.02,9.01",1,1,2848,2021-12-31,,0,0,0,0,1,1,,,1,0,0,0,0,0,0,election
0001552781-23-000316,1543151,2023-06-30,8-K,"5.02,9.01",1,1,3969,2023-06-28,,0,0,0,0,0,1,,,0,0,0,0,0,0,0,compensation only
0001543151-23-000021,1543151,2023-08-01,8-K,"1.01,2.02,2.03,5.02,9.01",1,1,959,2023-08-01;2024-01-05,,1,0,0,0,0,1,2023-08-01,,0,0,0,0,1,1,1,departure
0001552781-23-000389,1543151,2023-09-28,8-K,"5.02,9.01",1,1,3076,2023-08-01;2023-09-25;2023-09-27;2023-11-13;2024-01-05,,1,0,0,1,0,1,,,1,0,0,0,0,0,0,departure
0001543151-23-000036,1543151,2023-11-07,8-K,"2.02,5.02,9.01",1,1,456,2023-09-27;2023-11-01,,1,0,0,1,0,0,,,0,0,0,0,0,0,0,departure
0001552781-23-000451,1543151,2023-11-17,8-K,5.02,1,1,3039,,,0,0,0,0,1,1,,,1,0,0,0,0,0,0,election
0001552781-25-000025,1543151,2025-02-07,8-K,5.02,1,1,845,2025-02-04,,0,0,1,0,0,0,2025-02-04,,0,0,0,0,0,0,1,departure
0001104659-16-153088,1553023,2016-10-31,8-K,"5.02,9.01",1,1,7613,2015-09-29;2015-10-19;2015-12-31;2016-10-31;2016-11-14;2016-11-30,,1,0,0,1,0,1,2016-10-31,2016-11-30,0,0,0,0,1,0,1,departure
0001553023-16-000216,1553023,2016-12-02,8-K/A,"5.02,9.01",1,1,1775,2015-09-29;2015-10-19;2016-11-30,,0,0,0,0,0,1,,,0,0,0,0,0,0,0,compensation only
0001553023-18-000025,1553023,2018-02-22,8-K,"2.02,5.02,7.01,9.01",1,1,1153,2018-02-16;2018-05-01,,1,0,0,1,0,1,2018-02-16,2018-05-01,0,1,0,0,0,0,0,departure
0001553023-18-000090,1553023,2018-06-25,8-K,5.02,1,1,294,2018-06-21,,0,0,0,0,0,0,,,0,0,0,0,0,0,0,other
0001564590-20-010661,1564408,2020-03-13,8-K,"5.02,9.01",1,1,1629,,,0,0,0,0,1,1,,,0,0,0,0,0,0,0,election
0001193125-20-291819,1564408,2020-11-12,8-K,5.02,1,1,464,2020-11-10,,0,0,1,0,0,0,2020-11-10,immediately,0,0,0,0,0,0,1,departure
0001193125-20-315448,1564408,2020-12-11,8-K,"5.02,9.01",1,1,1669,,,0,0,0,0,1,1,,,0,0,0,0,0,0,0,election
0001193125-21-284200,1564408,2021-09-27,8-K,5.02,1,1,226,2021-09-22;2021-12-31,,0,0,1,0,0,0,2021-09-22,2021-12-31,0,0,0,0,0,0,1,departure
0001564590-22-026167,1564408,2022-07-21,8-K,"1.01,2.02,5.02,5.03,5.07,8.01,9.01",1,1,2304,,,0,0,0,0,0,1,,,0,0,0,0,0,0,0,compensation only
0001193125-22-234696,1564408,2022-08-31,8-K,"2.02,2.05,5.02,7.01,9.01",1,1,1954,2022-08-26;2022-08-30,,1,0,0,0,0,1,2022-08-26,,0,0,0,0,0,0,0,departure
0001193125-21-305552,1590895,2021-10-22,8-K,"5.02,7.01,9.01",1,1,729,2021-10-22;2021-11-07,d,0,0,0,0,0,1,,,0,0,0,0,0,0,0,compensation only
0001193125-21-356883,1590895,2021-12-14,8-K/A,5.02,1,1,1203,2021-10-22;2021-11-07;2021-12-09;2022-01-01,d,0,0,0,0,0,0,,,0,0,0,0,0,0,0,other
0001590895-22-000004,1590895,2022-01-04,8-K,"5.02,9.01",1,1,5385,2021-12-28;2022-01-01;2025-01-01,,0,0,0,0,0,1,,,0,0,0,0,0,0,0,compensation only
0001590895-22-000078,1590895,2022-03-01,8-K,"5.02,9.01",1,1,4078,,,0,0,0,0,0,1,,,0,0,0,0,0,0,0,compensation only
0001193125-22-196372,1590895,2022-07-18,8-K,5.02,1,1,484,2022-07-15,b,1,0,1,0,0,0,2022-07-15,immediately,0,0,0,0,0,0,1,departure
0001590895-24-000004,1590895,2024-01-30,8-K,5.02,1,1,3897,2023-12-01;2024-01-26,,0,0,0,0,0,1,,,0,0,0,0,0,0,0,compensation only
0001609711-17-000280,1609711,2017-12-08,8-K,"3.02,5.02,8.01,9.01",1,1,2483,,,0,0,0,1,0,1,,,0,0,0,0,0,0,0,appointment
0001609711-18-000020,1609711,2018-02-02,8-K,"5.02,9.01",1,1,2079,2018-01-30;2018-02-01,,0,0,1,0,1,1,2018-01-30,2018-02-01,0,0,0,0,0,0,0,departure
0001609711-18-000127,1609711,2018-05-08,8-K,"2.02,5.02,9.01",1,1,435,2018-05-04,,0,0,1,1,0,0,2018-05-04,,0,0,0,0,0,0,0,departure
0001609711-18-000176,1609711,2018-08-02,8-K,"2.02,5.02,9.01",1,1,2178,,,0,0,0,0,1,1,,,0,0,0,0,0,0,0,election
0001609711-18-000218,1609711,2018-10-03,8-K,5.02,1,1,174,2018-09-30;2018-10-05,,0,0,1,0,0,0,2018-09-30,2018-10-05,0,0,0,0,0,0,0,departure
0001609711-19-000008,1609711,2019-02-14,8-K,5.02,1,1,4027,2018-04-25;2019-01-01;2019-02-08;2019-02-25;2019-02-28;2019-06-30;2019-12-31,"b,c",1,0,0,1,0,1,2019-02-08,2019-02-28,0,0,0,0,0,1,1,departure
0001609711-19-000176,1609711,2019-07-16,8-K,5.02,1,1,478,2019-07-12;2019-09-01,b,1,0,0,0,0,0,2019-07-12,2019-09-01,0,0,0,0,0,0,1,departure
0001609711-19-000190,1609711,2019-08-02,8-K,"5.02,7.01",1,1,9410,2015-02-24;2019-04-25;2019-07-30;2019-08-01;2019-09-04;2019-09-30,,1,1,0,1,1,1,2019-08-01,2019-09-04,0,1,1,0,0,0,0,departure
0001609711-19-000212,1609711,2019-09-09,8-K,5.02,1,1,2395,2019-09-04;2024-12-31,,0,0,0,0,0,1,,,0,0,0,0,0,0,0,compensation only
0001609711-19-000250,1609711,2019-12-06,8-K,5.02,1,1,3813,,,0,0,0,1,0,1,,,0,0,0,0,0,0,0,appointment
0001609711-20-000004,1609711,2020-02-10,8-K,"5.02,9.01",1,1,2215,2020-02-07;2020-02-09,,0,0,1,0,1,1,2020-02-07,2020-02-09,0,0,0,0,0,0,0,departure
0001609711-20-000053,1609711,2020-04-23,8-K,"5.02,9.01",1,1,505,,b,0,0,1,0,0,0,,immediately,0,0,0,0,0,0,0,departure
0001609711-20-000141,1609711,2020-11-04,8-K,"2.02,5.02,9.01",1,1,422,2020-10-30;2020-11-13,b,1,0,0,0,0,0,2020-10-30,2020-11-13,0,0,0,0,0,0,1,departure
0001609711-21-000008,1609711,2021-02-11,8-K,"2.02,5.02,7.01,9.01",1,1,5597,2018-02-23;2020-02-28;2021-02-10;2021-02-11;2021-06-30;2021-12-31;2022-03-01,,1,0,0,1,0,1,2021-02-11,2021-06-30,0,1,1,0,1,1,0,departure
0001609711-21-000052,1609711,2021-04-23,8-K/A,5.02,1,1,2914,2021-02-11;2021-04-21;2021-06-30;2021-12-31,,1,0,0,0,0,0,2021-02-11,2021-06-30,1,1,0,0,0,0,0,departure
0001609711-21-000059,1609711,2021-05-05,8-K,"2.02,5.02,7.01,9.01",1,1,16673,2021-01-01;2021-05-01;2021-07-12;2023-12-31,"c,e",0,0,0,1,0,1,,,0,0,0,0,0,0,0,appointment
0001609711-21-000126,1609711,2021-12-06,8-K,"5.02,9.01",1,1,1498,2022-01-01,"a,b",0,0,0,0,0,1,,,0,0,0,0,0,0,0,compensation only
0001609711-22-000003,1609711,2022-01-05,8-K,"5.02,9.01",1,1,1251,2022-01-03;2022-01-05,,0,0,0,1,0,1,,,0,0,0,0,0,0,0,appointment
0001609711-22-000011,1609711,2022-01-26,8-K/A,"5.02,9.01",1,1,5098,2021-05-05;2022-01-03;2022-01-05;2022-01-20,c,0,0,0,1,0,1,,,0,0,0,0,0,0,0,appointment
0001609711-22-000092,1609711,2022-07-08,8-K,"5.02,5.03,9.01",1,1,630,2022-07-07,,0,0,0,0,0,1,,,0,0,0,0,0,0,0,compensation only
0001609711-22-000118,1609711,2022-09-29,8-K,"5.02,9.01",1,1,651,2022-09-23,,0,0,1,0,1,0,2022-09-23,2022-09-30,0,1,0,0,0,0,1,departure
0001609711-23-000009,1609711,2023-01-25,8-K,"5.02,7.01,9.01",1,1,2657,2023-01-22;2023-01-24;2023-01-25,,0,0,1,0,1,1,2023-01-22,2023-01-25,0,0,0,0,0,0,0,departure
0001609711-23-000099,1609711,2023-06-08,8-K,"5.02,5.07",1,1,1028,2022-09-23;2023-06-06;2023-06-07;2025-01-30,,0,0,1,0,0,1,2022-09-23,,1,1,0,0,0,0,0,departure
0001609711-23-000153,1609711,2023-10-06,8-K,5.02,1,1,203,2023-10-05;2023-11-17,,1,0,0,0,0,0,2023-10-05,2023-11-17,0,0,0,0,0,0,0,departure
0000950157-17-000552,1632127,2017-05-04,8-K,"1.01,2.01,2.03,5.02,5.07,7.01,8.01,9.01",1,1,2280,2017-03-01;2017-03-28;2017-05-02,,0,0,0,1,0,1,,,1,0,0,0,0,0,0,appointment
0000950157-17-001405,1632127,2017-10-05,8-K,"5.02,7.01,9.01",1,1,195,2017-10-05;2017-12-29,,1,0,0,0,0,0,2017-10-05,2017-12-29,0,1,0,0,0,0,0,departure
0001437749-17-018584,1632127,2017-11-08,8-K,"5.02,7.01,9.01",1,1,958,2017-11-08;2017-12-31,,1,0,0,0,1,0,2017-11-08,2017-12-31,0,1,0,0,0,0,0,departure
0000950157-17-001559,1632127,2017-11-22,8-K,5.02,1,1,1737,2017-11-17;2017-12-29,,1,0,0,0,0,1,2017-12-29,2017-12-29,1,1,1,0,0,1,0,departure
0001437749-18-006058,1632127,2018-04-02,8-K,"5.02,7.01,9.01",1,1,854,2018-04-02,,1,0,0,0,0,0,2018-04-02,,0,1,0,0,0,0,0,departure
0001437749-18-012969,1632127,2018-07-05,8-K,"5.02,7.01,9.01",1,1,5540,2018-04-02;2018-04-03;2018-09-30;2019-01-04,,1,0,0,1,0,1,2018-04-02,,0,1,1,0,0,1,0,departure
0001437749-18-017917,1632127,2018-10-03,8-K,5.02,1,1,1786,,,0,0,0,1,0,1,,,1,0,0,0,0,0,0,appointment
0001437749-19-013104,1632127,2019-07-01,8-K,"5.02,7.01,9.01",1,1,1636,,,0,0,0,0,1,1,,,0,0,0,0,0,0,0,election
0001437749-19-018435,1632127,2019-09-16,8-K,"5.02,7.01,9.01",1,1,1645,,,0,0,0,0,1,1,,,0,0,0,0,0,0,0,election
0001640147-23-000044,1640147,2023-04-07,8-K,"5.02,9.01",1,1,6501,2023-04-05,,0,0,1,1,1,1,2023-04-05,immediately,0,0,0,0,0,0,0,departure
0001640147-23-000073,1640147,2023-05-24,8-K,"2.02,5.02,9.01",1,1,6473,2023-05-23,,0,0,1,0,1,1,2023-05-23,,0,0,0,0,0,0,1,departure
0001640147-23-000193,1640147,2023-08-23,8-K,"2.02,5.02,9.01",1,1,2592,2023-05-25,,0,0,0,0,0,1,,,0,0,0,0,0,0,0,compensation only
0001640147-24-000033,1640147,2024-02-28,8-K,"5.02,9.01",1,1,7144,,,1,1,0,1,0,1,,2024-02-27,0,1,0,0,0,0,0,departure
0001640147-24-000031,1640147,2024-02-28,8-K,"2.02,5.02,9.01",1,1,2885,,,0,0,0,1,0,1,,,0,0,0,0,0,0,0,appointment
0001640147-24-000183,1640147,2024-07-02,8-K,5.02,1,1,555,2024-06-30;2024-07-19,,0,0,0,0,0,0,,,0,0,0,0,0,0,1,other
0001645590-22-000002,1645590,2022-01-24,8-K,5.02,1,1,380,2022-01-18,,0,0,0,0,0,0,,,0,0,0,0,0,0,0,other
0001645590-22-000041,1645590,2022-06-21,8-K,5.02,1,1,5193,2022-06-17,,1,0,0,1,0,1,2022-06-17,,0,0,1,0,1,0,0,departure
0001645590-22-000055,1645590,2022-09-22,8-K,"5.02,9.01",1,1,1293,,,0,0,0,1,1,1,,,0,0,0,0,0,0,0,appointment
0001645590-23-000005,1645590,2023-01-10,8-K,"5.02,9.01",1,1,1259,,,0,0,0,1,1,1,,,0,0,0,0,0,0,0,appointment
0001645590-23-000008,1645590,2023-01-30,8-K,5.02,1,1,366,2023-01-27,,0,0,0,0,0,0,,,0,0,0,0,0,0,0,other
0001645590-23-000042,1645590,2023-04-06,8-K,"5.02,5.07,9.01",1,1,1238,,,0,0,0,0,0,1,,,0,0,0,0,0,0,0,compensation only
0001645590-23-000076,1645590,2023-06-14,8-K,"5.02,7.01,9.01",1,1,1150,2023-06-14,,0,0,0,0,1,1,,,0,0,0,0,0,0,0,election
0001645590-23-000079,1645590,2023-08-07,8-K,"2.02,5.02,7.01,9.01",1,1,2624,2023-08-03;2023-08-25,,1,1,0,1,0,1,2023-08-03,2023-08-25,0,0,0,0,0,0,1,departure
0001645590-23-000110,1645590,2023-12-15,8-K,"5.02,9.01",1,1,5918,,,0,0,0,1,0,1,,,0,0,0,0,0,0,0,appointment
0001645590-24-000004,1645590,2024-01-23,8-K,"5.02,7.01,9.01",1,1,826,2024-01-17;2024-02-01,,1,0,0,0,0,0,2024-01-17,2024-02-01,0,0,0,0,0,0,0,departure
0001645590-24-000016,1645590,2024-02-08,8-K,5.02,1,1,366,2024-02-06,,0,0,0,0,0,0,,,0,0,0,0,0,0,0,other
0001645590-24-000073,1645590,2024-04-01,8-K,5.02,1,1,1433,,,0,0,0,0,0,1,,,0,0,0,0,0,0,0,compensation only
0001645590-24-000078,1645590,2024-04-12,8-K,"5.02,5.03,5.07,9.01",1,1,1244,,,0,0,0,0,0,1,,,0,0,0,0,0,0,0,compensation only
0001645590-24-000125,1645590,2024-11-05,8-K,5.02,1,1,2520,,,0,0,0,0,0,1,,,1,0,0,0,0,0,0,compensation only
0001645590-25-000048,1645590,2025-04-04,8-K,"5.02,5.07,9.01",1,1,1829,,,0,0,0,0,0,1,,,0,0,0,0,0,0,0,compensation only
0001645590-25-000081,1645590,2025-07-16,8-K,"1.01,5.02,7.01,9.01",1,1,1246,,,0,0,0,0,1,1,,,0,0,0,0,0,0,0,election
0001193125-22-020651,1660134,2022-01-28,8-K,"5.02,9.01",1,1,1956,2021-06-01;2022-01-28,,0,0,0,1,0,1,,,0,0,0,0,0,0,0,appointment
0001193125-22-128099,1660134,2022-04-29,8-K,"5.02,9.01",1,1,590,2022-04-27,,0,0,1,0,0,0,2022-04-27,,0,0,0,0,0,0,1,departure
0001193125-22-196321,1660134,2022-07-18,8-K,"5.02,9.01",1,1,2484,2022-07-18;2022-08-15,,1,0,0,1,0,1,,,0,0,0,0,0,0,0,departure
0001193125-22-226462,1660134,2022-08-22,8-K,"5.02,9.01",1,1,1300,,,0,0,0,0,1,1,,,0,0,0,0,0,0,0,election
0001660134-22-000041,1660134,2022-08-31,8-K,"2.02,5.02,7.01,9.01",1,1,1766,2022-08-31,,0,0,0,0,0,1,,,0,0,0,0,0,0,0,compensation only
0001660134-22-000055,1660134,2022-11-30,8-K,"2.02,5.02,7.01,9.01",1,1,1524,2022-11-28;2022-11-30;2023-01-31;2023-02-01;2023-09-30,,1,0,0,0,0,1,2022-11-30,2023-01-31,0,1,0,0,0,1,0,departure
0001660134-23-000009,1660134,2023-03-01,8-K,"2.02,5.02,7.01,9.01",1,1,2390,2023-02-27;2023-03-01;2023-03-03;2023-04-30;2023-09-15,,1,0,0,1,0,1,2023-03-03,,0,0,0,0,0,0,0,departure
0001193125-23-127592,1660134,2023-04-28,8-K,"5.02,9.01",1,1,551,2023-04-25,,0,0,1,0,0,0,2023-04-25,,0,0,0,0,0,0,1,departure
0001660134-23-000044,1660134,2023-08-30,8-K,"2.02,5.02,7.01,9.01",1,1,627,2023-08-24;2023-10-31,,1,0,0,1,0,1,2023-08-24,,0,0,0,0,0,0,0,departure
0001193125-18-149450,1713683,2018-05-03,8-K,"5.02,8.01,9.01",1,1,272,2018-04-30;2018-05-14,,1,0,0,0,0,0,2018-04-30,2018-05-14,0,0,0,0,0,0,0,departure
0001628280-18-012442,1713683,2018-10-10,8-K,"5.02,9.01",1,1,6733,2018-02-16,e,0,0,0,0,0,1,,,0,0,0,0,0,0,0,compensation only
