accession,sub_row,person,title,role_class,action,verb,sentence
0000004904-17-000017,1,American Electric Power,Vice Chairman,other_exec,departure,retire,"On February 21, 2017, Robert P. Powers, Vice Chairman of American Electric Power Company, Inc. (AEP) indicated his intention to retire from AEP effective August 4, 2017."
0000004904-17-000017,2,Robert P. Powers,Vice Chairman,other_exec,departure,retirement,Mr. Powers will remain Vice Chairman of the Company until his retirement.
0000004904-19-000042,1,American Electric Power,director,director,election,elect,"On September 17, 2019, the Board of Directors (the “Board”) of American Electric Power Company, Inc. (the “Company”) elected Art Garcia to serve as a director of the Company."
0000950142-11-001005,1,Carlos A. Rodriguez,President,president,appointment,promotion,"Prior to his promotion in 2010 to President, Employer Services – National Account Services and Employer Services – International, he served as President, Small Business Services, Employer Services, from 2007 to 2010 and as President of TotalSource, Employer Services from 2000 to 2007."
0000008670-11-000020,1,Mr. Leon,Board of Directors,director,departure,retired,"(b) On August 9, 2011, Mr. Leon G. Cooperman, a director of the Registrant since 1991, retired from the Registrant’s Board of Directors."
0000950142-11-001591,1,Richard T. Clark,director,director,election,elect,"(d) On September 12, 2011, Richard T. Clark was elected to the Registrant’s Board of Directors."
0000950142-11-001656,1,Ms. Sharon,Board of Directors,director,departure,resign,"(b) On September 23, 2011, Ms. Sharon T. Rowlands, a director of the Registrant since 2008, notified the Registrant that she will resign from the Registrant’s Board of Directors effective September 23, 2011."
0000008670-11-000024,1,Automatic Data Processing,Board of Directors,director,departure,retired,"(b) On November 8, 2011, Gary C. Butler, Chief Executive Officer of Automatic Data Processing, Inc. (the “Company”) and a member of the Board of Directors, retired from the Company and resigned from the Board of Directors."
0000008670-11-000024,2,Carlos A. Rodriguez,President and Chief Operating Officer,COO,appointment,promotion,"Prior to his promotion in 2011 to President and Chief Operating Officer, he served as President, Employer Services – National Account Services and Employer Services – International from 2010 to 2011, as President, Small Business Services, Employer Services, from 2007 to 2010 and as President of TotalSource, Employer Services from 2000 to 2007."
0000008670-11-000024,3,Carlos A. Rodriguez,director,director,election,elect,"(d) On November 8, 2011, the Company’s Board of Directors elected Carlos A. Rodriguez to the Board of Directors."
0000950142-11-001898,1,Gary C. Butler,Chief Executive Officer,CEO,departure,retirement,"The Separation Agreement sets forth the terms of Mr. Butler’s retirement from the Company, including, among other things, his rights under the Company’s employee benefit plans and his rights to certain other payments in connection with his retirement, the treatment of his outstanding equity awards and certain non-competition, non-solicitation and confidentiality undertakings."
0000950142-11-002020,1,Mr. Rodriguez,President and Chief Executive Officer,CEO,appointment,will serve as,"On December 14, 2011, Automatic Data Processing Inc. (the “Company”) and Mr. Carlos Rodriguez entered into an employment letter agreement (the “Employment Agreement”) pursuant to which Mr. Rodriguez will serve as President and Chief Executive Officer of the Company for a three-year term beginning November 8, 2011."
0000950142-11-002022,1,Ellen Alemany,director,director,election,elect,"(d) On December 14, 2011, Ellen Alemany was elected to the Registrant’s Board of Directors."
0001171843-12-003874,1,Jan Siegmund,Chief Financial Officer,CFO,appointment,appointed,"(c) On November 1, 2012, the Company announced that Jan Siegmund, the Company's Chief Strategy Officer and President, Added Value Services, has been appointed Chief Financial Officer of the Company, effective November 5, 2012."
0001171843-12-003874,2,Jan Siegmund,Chief Strategy Officer,other_exec,appointment,promotion,"Prior to his promotion, he served as both Chief Strategy Officer, with overall responsibility for the Company's strategy, product management, marketing and corporate development, as well as President of the Added Value Services division, overseeing tax, compliance services and insurance services."
0000950142-13-001766,1,Mr. Enrique,director,director,departure,not stand for re-election,"(b) On August 6, 2013, Mr. Enrique T. Salem notified the Board of Directors of the Registrant that he will not stand for re-election as a director of the Registrant at the end of his current term, and intends to resign from the Registrant’s Board of Directors effective as of the date of the Registrant’s 2013 Annual Meeting of Shareholders."
0000012927-14-000070,1,Shephard W. Hill,"President, Boeing International and Senior Vice President",president,departure,retire,"On December 19, 2014, The Boeing Company (the “Company”) issued a press release with respect to the announcement by Shephard W. Hill, President, Boeing International and Senior Vice President, Business Development and Strategy, of his intention to retire from the Company effective April 1, 2015."
0000012927-15-000035,1,"James McNerney, Jr.",Chief Executive Officer,CEO,departure,step down,"On June 22, 2015, W. James McNerney, Jr. decided to step down as Chief Executive Officer of The Boeing Company (the “Company”) effective July 1, 2015 (the “Effective Date”) and Dennis A. Muilenburg was elected as President and Chief Executive Officer of the Company and a member of the Board of Directors (the “Board”) as of the Effective Date."
0000012927-15-000035,2,Dennis A. Muilenburg,Chief Executive Officer,CEO,appointment,to serve as,"In addition, Mr. Muilenburg will receive 18,709 restricted stock units, effective as of the Effective Date and upon his commencing to serve as the Company’s Chief Executive Officer on the Effective Date."
0000012927-15-000035,3,Dennis A. Muilenburg,director,director,election,elect,"The Board also appointed Mr. Muilenburg to serve as Chair of the Board’s Special Programs Committee and as the sole member of the Board’s Stock Plan Committee, in each case as of the Effective Date."
0000012927-15-000061,1,Lynn J. Good,director,director,election,elect,"On August 11, 2015, the Board of Directors (the “Board”) of The Boeing Company (the “Company”) elected Lynn J. Good, Vice Chairman, President and CEO of Duke Energy Corporation, as a new director."
0000012927-15-000083,1,Randall L. Stephenson,director,director,election,elect,"On December 14, 2015, the Board of Directors (the “Board”) of The Boeing Company (the “Company”) elected Randall L. Stephenson, Chairman and Chief Executive Officer of AT&T Inc., as a new director effective as of February 17, 2016 (the ""Effective Date"")."
0000012927-16-000105,1,"James McNerney, Jr.",Board of Directors (the “Board,director,departure,step down,"On February 18, 2016, W. James McNerney, Jr. decided to step down as Chairman and a member of the Board of Directors (the “Board”) of The Boeing Company (the “Company”) effective March 1, 2016."
0000012927-16-000105,2,Dennis A. Muilenburg,"Chief Executive Officer of the Company, to serve as Chairman of the Board",CEO,appointment,to serve as,"The Board elected Dennis A. Muilenburg, President and Chief Executive Officer of the Company, to serve as Chairman of the Board effective March 1, 2016."
0000012927-16-000147,1,Robert A. Bradway,director,director,election,elect,"On October 14, 2016, the Board of Directors (the “Board”) of The Boeing Company (the “Company”) elected Robert A. Bradway, Chairman and Chief Executive Officer of Amgen Inc., as a new director."
0000012927-16-000165,1,Raymond L. Conner,President and Chief Executive Officer,CEO,departure,step down,"On November 16, 2016, Raymond L. Conner notified The Boeing Company of his decision to step down as President and Chief Executive Officer, Boeing Commercial Airplanes."
0000012927-16-000165,2,Kevin G. McAllister,President and Chief Executive Officer,CEO,appointment,to serve as,"The Board of Directors has elected Kevin G. McAllister to serve as President and Chief Executive Officer, Boeing Commercial Airplanes effective November 21, 2016."
0000012927-17-000040,1,Gregory D. Smith,Chief Financial Officer and Executive Vice President,CFO,appointment,to serve as,"The Award was granted in connection with the expansion of Mr. Smith's responsibilities beginning July 1, 2017, at which time he will begin to serve as the Company’s Chief Financial Officer and Executive Vice President, Enterprise Performance & Strategy, as well as in recognition of his performance and as a retention vehicle."
0001193125-12-134562,1,Edward A. Mueller,Board of Directors,director,departure,resign,"On March 27, 2012, Edward A. Mueller announced his intention to resign from our Board of Directors, effective the date of our 2012 annual meeting of shareholders, which is scheduled for May 23, 2012."
0001193125-13-012088,1,James E. Ousley,Chief Executive Officer,CEO,appointment,to serve as,"Under the Extended Agreement, Mr. Ousley will continue to serve as Savvis’ Chief Executive Officer."
0001193125-13-124519,1,James E. Ousley,Chief Executive Officer,CEO,departure,retire,"(b) James E. Ousley, Chief Executive Officer, Savvis Operations, will retire effective April 1, 2013."
0001193125-13-124519,2,James E. Ousley,Chief Executive Officer,CEO,departure,retirement,A press release announcing his retirement is attached as Exhibit 99.1.
0001193125-15-210785,1,Karen A. Puckett,President,president,departure,departure,"(e) In connection with Ms. Puckett’s departure, the Compensation Committee of the Company’s Board of Directors has approved certain changes to her outstanding equity awards."
0001193125-15-378521,1,Although Ms,director,director,election,elect,"Although Ms. Landrieu has not yet been appointed to serve on any Board committee, the Board expects to do so as part of their regular 2016 committee assessment and appointment process."
0001193125-16-436965,1,,director,director,election,elect,"Appointment of New Director On January 19, 2016, the Board of Directors (the “Board”) of CenturyLink, Inc. (the “Company”), on the recommendation of its Nominating and Corporate Governance Committee, appointed Martha Bejar to the Board effective immediately."
0001193125-16-436965,2,Although Ms,director,director,election,elect,"Although Ms. Bejar has not yet been appointed to serve on any Board committee, the Board expects to do so as part of their regular 2016 committee assessment and appointment process."
0001193125-16-436965,3,Joseph Zimmel,"Director Separately, Joseph Zimmel advised the Board",director,departure,Resignation,"Resignation of Director Separately, Joseph Zimmel advised the Board on January 19, 2016 that he was resigning effective immediately."
0001193125-16-436965,4,Joseph Zimmel,Board,director,departure,resignation,"Mr. Zimmel’s resignation was the culmination of a series of conversations over a six week period between him and the Company’s Chairman of the Board (“Board Chairman”), between him and other Board members, between the Board Chairman and other Board members and, ultimately, a decision by the Nominating and Corporate Governance Committee (the “Committee”) not to include his name on the slate of directors it recommended to the Board for nomination at the Company’s 2016 Annual Meeting of Shareholder"
0001193125-16-436965,5,Joseph Zimmel,Board,director,departure,not to stand for re-election,2 It was the Board Chairman’s intent to make Mr. Zimmel aware of the issue before raising it with the full Committee or Board to provide Mr. Zimmel an opportunity to voluntarily decide not to stand for re-election.
0001193125-16-436965,6,Joseph Zimmel,director,director,election,elect,"After the new director was appointed and the Committee Chair and Board Chairman briefly introduced the topic of the 2016 slate, Mr. Zimmel was given the floor."
0001193125-16-436965,7,Joseph Zimmel,Board,director,departure,stepping down,"Among the items cited by Mr. Zimmel to support his position was that the Board Chairman had met with him in December 2015 to ask him to consider stepping down from the Board upon completion of his current term, having discussed the issue with a few directors that Mr. Zimmel described as self-interested and before the Committee had met to discuss the 2016 director slate."
0001193125-16-436965,8,Joseph Zimmel,Board,director,departure,resigned,"Upon completion of his comments, Mr. Zimmel resigned from the Board effectively immediately."
0001193125-16-436965,9,Joseph Zimmel,director,director,election,elect,"After summing up comments from the Board Chairman, the Board unanimously approved the slate recommended by the Committee, with the newly appointed director and the director who had spoken in support of Mr. Zimmel abstaining from the vote."
0001193125-16-436965,10,Joseph Zimmel,Board,director,departure,resignation,"Subsequent to his resignation, Mr. Zimmel has continued to express to the Company his view that the process leading to his omission from the 2016 slate was driven by a few self-interested directors and that it raised serious governance, transparency and honesty issues."
0001193125-16-436965,11,Joseph Zimmel,Board,director,departure,resignation,"He requested that the Company include a statement from him in the public disclosure relating to his resignation, a copy of which is filed with this Form 8-K as Exhibit 99.1."
0001193125-17-053977,1,,Directors of Certain Officers; Election of Directors,director,departure,Departure,"Departure of Directors of Certain Officers; Election of Directors; Appointment of Certain Officers; Compensatory Arrangements of Certain Officers On February 22, 2017, Gregory J. McCray, a director of CenturyLink, Inc. (the “Company”) since 2005, notified the Company of his decision to resign from the Company’s Board of Directors effective February 23, 2017, following his acceptance of a position with Access, an Alphabet subsidiary."
0001193125-17-053977,2,Gregory J. McCray,director,director,departure,resignation,A copy of the Company’s press release announcing Mr. McCray’s resignation is attached hereto as Exhibit 99.1 and is incorporated herein by reference.
0001193125-18-281219,1,Sunit S. Patel,Executive Vice President and Chief Financial Officer,CFO,departure,resign,"(b), (c) On September 21, 2018, Sunit S. Patel, Executive Vice President and Chief Financial Officer of CenturyLink, Inc. (the “Company”), notified the Company of his decision to resign from all positions with the Company and its subsidiaries, effective September 28, 2018."
0001193125-18-281219,2,Sunit S. Patel,chief financial officer,CFO,appointment,appointed,"In the meantime, the Company has appointed Indraneel (“Neel”) Dev to serve as interim chief financial officer effective upon Mr. Patel’s departure."
0001193125-18-319718,1,Amir Hussain,Executive Vice President and Chief Technology Officer,other_exec,departure,stepped down,"(b), (e) On November 6, 2018, Amir Hussain, who previously served as our Executive Vice President and Chief Technology Officer, stepped down from all positions with CenturyLink, Inc. (the “Company”) and its subsidiaries, effective immediately."
0001193125-18-319718,2,Amir Hussain,Executive Vice President Chief Technology Officer,other_exec,departure,departure,"However, the shares of time-based and performance-based restricted stock granted to him in February 2018 were forfeited upon his departure."
0001193125-18-319714,1,,Executive Vice President and Chief Financial Officer,CFO,appointment,appointed,"(c) On November 6, 2018, Indraneel (“Neel”) Dev was appointed to serve as Executive Vice President and Chief Financial Officer of CenturyLink, Inc. (the “Company”) and its subsidiaries, effective immediately."
0001193125-18-319714,2,Mr. Dev,"Chief Financial Officer, he served the Company as Group Vice President",CFO,appointment,appointment,"Prior to Mr. Dev’s appointment as interim Chief Financial Officer, he served the Company as Group Vice President, Finance, with responsibility for business unit finance support, supply chain and procurement, capital governance management, budgeting and financial performance analysis and management."
0001193125-19-325996,1,Although Mr,director,director,election,elect,"Although Mr. Jones has not yet been appointed to serve on any Board committee, the Board expects to do so as part of its regular 2020 committee assessment and appointment process."
0001193125-19-325996,2,Glen F. Post,board of directors,director,departure,retirement,"On December 30, 2019, the Company issued a press release announcing, among other things, the retirement of Mr. Post and Mr. Perry and the appointment of Mr. Jones."
0001193125-21-011905,1,Eric J. Mortensen,Senior Vice President Controller,PAO,departure,retirement,"(c) The Company has named Andrea Genschaw as Mr. Mortensen’s successor and plans to appoint her as Senior Vice President and Controller (and principal accounting officer) effective upon Mr. Mortensen’s retirement on or about May 14, 2021."
0001193125-21-056971,1,Although Mr,director,director,election,elect,"Although Mr. Allen has not yet been appointed to serve on any Board committee, the Board expects to do so as part of its regular 2021 committee assessment and appointment process."
0001193125-22-085992,1,Indraneel Dev,Executive Vice President and Chief Financial Officer of the Company and its principal subs,CFO,departure,succeed/replace,"(b), (c), (e) On March 28, 2022, Lumen Technologies, Inc. (the “Company”) announced that Christopher D. Stansbury would succeed Indraneel Dev as Executive Vice President and Chief Financial Officer of the Company and its principal subsidiaries, effective as of April 4, 2022 (the “Transition Date”)."
0001193125-22-243230,1,Jeffrey K. Storey,President and Chief Executive Officer of the Company and its principal subsidiaries and as,CEO,departure,succeed/replace,"On September 13, 2022, Lumen Technologies, Inc. (the “Company”) announced that Kate Johnson would succeed Jeffrey K. Storey as President and Chief Executive Officer of the Company and its principal subsidiaries and as a director on the Company’s Board of Directors (the “Board”), expected to be effective as of November 7, 2022 (such effective date, the “Transition Date”)."
0001193125-22-243230,2,Jeffrey K. Storey,Board,director,departure,resign,"Mr. Storey will resign as a member of the Board on the Transition Date, but will remain employed by the Company as its Senior Advisor to the Board and CEO from the Transition Date until December 31, 2022 (the “Transition Period”), after which he will retire from all remaining positions held with the Company and from substantially all remaining positions held with the Company’s subsidiaries."
0001193125-20-050127,1,Daniel McCarthy,"Chief Executive Officer in December 2019, succeeding CEO",CEO,departure,succeed/replace,"Mr. Han was named President and Chief Executive Officer in December 2019, succeeding CEO Daniel McCarthy, and his compensation under the 2020 program reflected herein is as set forth and previously disclosed in his Employment Agreement, dated December 3, 3019."
0001140361-20-028400,1,Nick Jeffery,Board intends to appoint Mr. Jeffery as President and Chief Executive Officer,CEO,appointment,appoint,"On December 7, 2020, the Board of Directors (the “ Board ”) of Frontier Communications Corporation (the “ Company ”) entered into an employment agreement (the “ Employment Agreement ”) with Nick Jeffery, pursuant to which the Board intends to appoint Mr. Jeffery as President and Chief Executive Officer of the Company, to be effective on March 1, 2021 (the “ Start Date ”)."
0001140361-20-028400,2,Nick Jeffery,director,director,election,elect,"In addition, on the later of the Start Date and the date of the Company’s emergence from chapter 11 bankruptcy, Mr. Jeffery will be appointed as a member of the Board."
0001140361-20-028400,3,Mr. John,"Board and to Mr. John Stratton, who will serve as Executive Chairman of the Board",other_exec,appointment,will serve as,"Mr. Jeffery will report to the Board and to Mr. John Stratton, who will serve as Executive Chairman of the Board upon emergence."
0001140361-20-028400,4,Bernard L. Han,President and Chief Executive Officer,CEO,departure,step down,"Mr. Jeffery will succeed Bernard L. Han, who will step down as President and Chief Executive Officer on the Start Date."
0001140361-20-028400,5,Bernard L. Han,President and Chief Executive Officer,CEO,departure,succeed/replace,"Mr. Jeffery will succeed Bernard L. Han, who will step down as President and Chief Executive Officer on the Start Date."
0001140361-21-005386,1,Nick Jeffery,Chief Executive Officer,CEO,appointment,appointed,"On February 16, 2021, the Board of Directors (the “Board”) of Frontier Communications Corporation (the “Company”) appointed Nick Jeffery to serve as Chief Executive Officer of the Company effective as of March 4, 2021, following a brief transition period commencing February 22, 2021."
0001140361-21-005386,2,Nick Jeffery,director,director,election,elect,Mr. Jeffery will be appointed as a member of the Board upon the Company’s emergence from Chapter 11 bankruptcy.
0001140361-21-005386,3,Bernard L. Han,President and Chief Executive Officer,CEO,departure,step down,"Mr. Jeffery will succeed Bernard L. Han, who will step down as President and Chief Executive Officer on March 4, 2021."
0001140361-21-005386,4,Bernard L. Han,President and Chief Executive Officer,CEO,departure,succeed/replace,"Mr. Jeffery will succeed Bernard L. Han, who will step down as President and Chief Executive Officer on March 4, 2021."
0001140361-21-005386,5,Bernard L. Han,President Chief Executive Officer,CEO,departure,separation from,"In addition, upon his separation from service, Mr. Han will also be entitled to a lump sum cash payment representing the deferred portion of his performance-based incentive plan awards for 2020."
0001140361-21-015200,1,John G. Stratton,Chief Marketing Officer,other_exec,appointment,named,"Mr. Stratton served as Verizon’s Chief Marketing Officer, and in 2009 was named as the No. 2 global “power player” by Ad Age magazine."
0001140361-21-015200,2,Old Frontier,executive officer,other_exec,appointment,appointed,"Executive Officers In accordance with the Plan, on the Effective Date, the following executive officers of Old Frontier were appointed as executive officers of the Company, in the following capacities: Name Age Current Position and Office Nick Jeffery 53 President, Chief Executive Officer Veronica Bloodworth 51 Executive Vice President, Chief Network Officer Sheldon L. Bruha 53 Executive Vice President, Chief Financial Officer Mark D. Nielsen 56 Executive Vice President, Chief Legal & Regulatory"
0001140361-21-015200,3,Old Frontier,executive officer,other_exec,appointment,named,"Biographical information for the other executive officers named above is set forth in Old Frontier’s Annual Report on Form 10-K for the year ended December 31, 2020, filed with the Commission on March 3, 2021, under the section entitled “Item 10."
0001193125-21-179930,1,Sheldon Bruha,Executive Vice President Chief Financial Officer,CFO,departure,Departure,"Departure of Sheldon Bruha On June 2, 2021, Frontier Communications Parent, Inc. (the “ Company ”) announced that Sheldon Bruha, Executive Vice President and Chief Financial Officer of the Company, will be departing from his position effective as of June 14, 2021, in order to pursue other opportunities."
0001193125-21-179930,2,Sheldon Bruha,Executive Vice President Chief Financial Officer,CFO,departure,departure,"Appointment of Scott C. Beasley as Chief Financial Officer In connection with Mr. Bruha’s departure, the Company announced today that Scott C. Beasley will join the Company as Executive Vice President and Chief Financial Officer of the Company, effective as of June 14, 2021."
0001193125-21-205666,1,Margaret M. Smyth,director,director,election,elect,"In addition, Ms. Smyth was appointed by the Board to serve as Chair of the Audit Committee (succeeding Maryann Turcke, who will remain a member of the Audit Committee) and to serve as a member of the Operations Committee."
0000020520-21-000008,1,,Executive Vice President and Chief Digital and Information Officer,other_exec,departure,Departure,"Departure of Certain Officers Steve Gable, Executive Vice President and Chief Digital and Information Officer, resigned from his position on May 12, 2021."
0000020520-21-000008,2,Ken Arndt,Executive Vice President and Chief Customer Operations Officer,other_exec,departure,resigned,"Ken Arndt, Executive Vice President and Chief Customer Operations Officer, resigned from his position on May 20, 2021."
0000020520-21-000008,3,Ken Arndt,Executive Vice President Chief Customer Operations Officer,other_exec,departure,left the Company,Both Mr. Gable and Mr. Arndt left the Company following a brief transition period.
0001140361-22-023997,1,William McGloin,"Vice President, Controller, has been appointed Chief Accounting Officer and Controller",PAO,appointment,appointed,"William McGloin, currently Frontier’s Vice President, Controller, has been appointed Chief Accounting Officer and Controller, effective June 24, 2022, with the roles of Chief Accounting Officer and Controller being combined."
0001019687-16-005064,1,Richard H. Anderson,Chief Executive Officer,CEO,departure,retire,"On February 3, 2016, the Board of Directors of Delta Air Lines, Inc. (“Delta”) announced that Richard H. Anderson has chosen to retire from his position as Chief Executive Officer of Delta effective May 2, 2016."
0001019687-16-005064,2,Francis S. Blake,director,director,election,elect,"The Board also appointed Francis S. Blake to serve as Lead Director effective May 2, 2016."
0001683168-16-000288,1,Richard H. Anderson,Board and the position of Executive Chairman,other_exec,departure,retirement,"On October 10, 2016, Richard H. Anderson, Executive Chairman of the Board of Directors of Delta Air Lines, Inc. (“Delta”), informed the Board of Directors of Delta of his retirement from the Board and the position of Executive Chairman."
0001683168-16-000288,2,Francis S. Blake,executive Chairman,other_exec,appointment,to serve as,"On October 11, 2016, the Board of Directors elected Francis S. Blake to serve as its non-executive Chairman effective immediately."
0001683168-17-000167,1,Jeanne P. Jackson,director,director,election,elect,"On January 25, 2017, the Board of Directors of Delta Air Lines, Inc. (“Delta”) elected Jeanne P. Jackson to Delta’s Board of Directors."
0001683168-17-000167,2,Jeanne P. Jackson,director,director,election,elect,The Board of Directors appointed Ms. Jackson to serve on the Board’s Audit Committee and Personnel & Compensation Committee.
0001683168-17-000876,1,Thomas E. Donilon,Board,director,departure,resigned,"(b) Thomas E. Donilon, a member of the Board of Directors of Delta Air Lines, Inc. (""Delta""), resigned from the Board effective as of April 7, 2017 due to other commitments."
0001683168-17-002723,1,Ash Carter,director,director,election,elect,"On October 23, 2017, the Board of Directors of Delta Air Lines, Inc. (“Delta”) elected Ash Carter to Delta’s Board of Directors."
0001683168-17-002723,2,Ash Carter,director,director,election,elect,The Board of Directors appointed Secretary Carter to serve on the Board’s Audit Committee and Safety and Security Committee.
0001683168-18-001046,1,Michael P. Huerta,director,director,election,elect,"On April 20, 2018, the Board of Directors of Delta Air Lines, Inc. (“Delta”) elected Michael P. Huerta to Delta’s Board of Directors."
0001683168-18-001046,2,Michael P. Huerta,director,director,election,elect,The Board of Directors appointed Mr. Huerta to serve on the Board’s Audit Committee and Safety & Security Committee.
0001144204-12-058285,1,Kent E. Mast,Vice President,other_exec,departure,retire,"On October 29, 2012, Equifax Inc. (the “Company”) was notified by Kent E. Mast, age 69, the current Corporate Vice President and Chief Legal Counsel of the Company, that he intends to retire from this position effective December 31, 2012, following 13 years of service as general counsel."
0001144204-12-058285,2,Kent E. Mast,Corporate Vice President and Chief Legal Counsel of the Company,president,departure,succeed/replace,"The Board of Directors has elected John J. Kelley, III to succeed Mr. Mast as Corporate Vice President and Chief Legal Counsel of the Company, effective as of January 1, 2013."
0001144204-13-027066,1,Young LLP,director,director,election,elect,The shareholders elected all of the Company’s nominees for director; ratified the appointment of Ernst & Young LLP as the Company’s independent registered public accounting firm for the fiscal year 2013; approved the Amended and Restated Omnibus Incentive Plan; approved the material terms of the performance goals under the 2008 Omnibus Incentive Plan; and approved the advisory vote on named executive officer compensation.
0001144204-13-055259,1,Robert D. Marcus,director,director,election,elect,"(d) On October 15, 2013, Equifax Inc. (the “Company”) announced that Robert D. Marcus has been appointed a member of the Board of Directors of the Company, effective November 1, 2013, for a term expiring at the next annual meeting of shareholders scheduled to be held in May 2014."
0001144204-13-055259,2,Robert D. Marcus,director,director,election,elect,"Mr. Marcus also has been appointed a member of the Governance Committee of the Board effective January 1, 2014."
0001144204-14-029598,1,Lee Adrean,Vice President Chief Financial Officer,CFO,departure,retire,"On May 12, 2014, Equifax Inc. (the “Company”) announced that Lee Adrean, age 62, the Company’s Corporate Vice President and Chief Financial Officer since 2006, will retire and that Mr. John W. Gamble, Jr. has been appointed to that position effective May 21, 2014."
0001193125-16-713479,1,Thomas Hough,director,director,election,elect,"On September 14, 2016, the Board of Directors of Equifax Inc. (the “Company”) elected G. Thomas Hough as a director, effective October 1, 2016, for a term expiring at the next annual meeting of shareholders."
0001193125-16-771552,1,,director,director,election,elect,"On November 18, 2016, the Board of Directors of Equifax Inc. (the “Company”) elected Elane B. Stock as a director, effective January 1, 2017, for a term expiring at the next annual meeting of shareholders."
0001193125-17-293765,1,Richard F. Smith,Chief Executive Officer and a director,CEO,departure,retire,"On September 26, 2017, Equifax Inc. (the “Company”) announced that Richard F. Smith (“Smith”) will retire as Chairman and Chief Executive Officer and a director of the Company."
0001193125-17-293765,2,"Rego Barros, Jr.",director,director,election,elect,"Effective September 26, 2017, the board of directors of the Company: (i) appointed Paulino do Rego Barros, Jr. as Interim Chief Executive Officer and (ii) appointed director Mark L. Feidler as Non-Executive Chairman."
0001193125-17-301130,1,"Rego Barros, Jr.",Chief Executive Officer,CEO,appointment,appointed,"On September 26, 2017, the board of directors of Equifax Inc. (the “Company”) entered into an arrangement with the Company’s newly appointed interim Chief Executive Officer, Paulino do Rego Barros, Jr. with respect to his compensation in connection with his new role."
0001193125-17-320321,1,Scott A. McGregor,director,director,election,elect,"On October 25, 2017, the Board of Directors of Equifax Inc. (the “Company”) elected Scott A. McGregor to the Board of Directors, for a term expiring at the next annual meeting of shareholders."
0001564590-21-037515,1,"Roger W. Ferguson, Jr.",Board of Directors,director,departure,decided not to stand,"On July 16, 2021, Roger W. Ferguson, Jr. informed the Company that he has decided not to stand for reelection to the Board of Directors at the Company’s 2021 Annual Meeting of Shareholders."
0001193125-21-350290,1,John R. Church,Chief Transformation & Enterprise Services Officer,other_exec,departure,retire,"On December 7, 2021, General Mills, Inc. (the “Company”) announced that John R. Church, Chief Transformation & Enterprise Services Officer, will retire from the Company effective January 31, 2022."
0001193125-22-185819,1,Kim Goodwin,director,director,election,elect,"On June 27, 2022, C. Kim Goodwin was appointed to the Board of Directors of General Mills, Inc. (the “Company”)."
0001193125-22-185819,2,Kim Goodwin,director,director,election,elect,Ms. Goodwin was appointed to the Compensation Committee and the Corporate Governance Committee of the Board.
0001193125-23-137156,1,David M. Cordani,Board of Directors,director,departure,decided not to stand,"On May 1, 2023, David M. Cordani informed the Company that he has decided not to stand for reelection to the Board of Directors at the Company’s 2023 Annual Meeting of Shareholders in September."
0001437749-15-014446,1,Gray Television,director,director,election,elect,"On July 31, 2015, the Board of Directors (the “Board”) of Gray Television, Inc. (the “Company”), increased the size of the Board by one to nine, and appointed Elizabeth (Beth) Neuhoff, the President and Chief Executive Officer of Neuhoff Communications, Inc., which is a privately owned radio and digital media company focused on small-to mid-size communities, as a member of the Board to serve until the Company’s annual meeting of shareholders in 2016."
0001437749-16-024501,1,Gray Television,Senior Vice President,other_exec,appointment,promotion,"On January 27, 2016, Gray Television, Inc. (“Gray,” the “Company” or “our”), announced the promotion of its five Senior Vice Presidents to new positions in response to the Company's growing scale, diversification and profile."
0001437749-16-024501,2,Bob Smith,Vice President,other_exec,appointment,named,Bob had a long career as a sales manager and general manager for various stations prior to being named a Regional Vice President for Gray in 2002.
0001437749-16-034694,1,Gray Television,director,director,election,elect,"Effective June 30, 2016, the Board of Directors (the “Board”) of Gray Television, Inc. (the “Company”), increased the size of the Board from eight to nine members, and appointed Luis A. Garcia to serve as a Director until the Company’s annual meeting of shareholders in 2017."
0001437749-16-038936,1,Gray Television,director,director,election,elect,"On September 20, 2016, Gray Television, Inc. (the “Company”) announced that the Company had increased the size of its Board of Directors from nine to ten members, and had appointed Richard B. Hare to serve as a Director until the Company’s annual meeting of shareholders in 2017."
0001437749-16-038936,2,Richard B. Hare,director,director,election,elect,Mr. Hare was also appointed to the Audit Committee of the Board.
0001193125-21-057034,1,Gray Television,director,director,election,elect,"Effective on February 25, 2021, the Board of Directors (the “Board”) of Gray Television, Inc. (the “Company”), upon the recommendation of the Nominating and Corporate Governance Committee, increased the size of the Board from nine to ten members and appointed Sterling A. Spainhour, Jr. to serve as a director."
0001193125-21-057034,2,Mr. Spainhour,director,director,election,elect,"There are no arrangements or understandings between Mr. Spainhour and any other persons pursuant to which Mr. Spainhour was appointed as a director, and Mr. Spainhour is not a party to any transaction with the Company reportable pursuant to Item 404(a) of Regulation S-K under the Securities Act of 1933."
0001437749-22-004783,1,Gray Television,director,director,election,elect,"On February 24, 2022, the Board of Directors (the “Board”) of Gray Television, Inc. (the “Company”), upon the recommendation of the Nominating and Corporate Governance Committee, increased the size of the Board from ten to eleven members and appointed Lorri McClain to serve as a director, effective March 1, 2022."
0001437749-22-004783,2,Lorri McClain,director,director,election,elect,"There are no arrangements or understandings between Ms. McClain and any other persons pursuant to which Ms. McClain was appointed as a director, and Ms. McClain is not a party to any transaction with the Company reportable pursuant to Item 404(a) of Regulation S-K under the Securities Act of 1933."
0000047111-23-000006,1,Wendy L. Schoppert,director,director,departure,not to stand for re-election,"On February 2, 2023, Wendy L. Schoppert, Chair of the Audit Committee of The Hershey Company (the “Company”), notified the Company of her intention not to stand for re-election as a director at the Company’s 2023 Annual Meeting of Stockholders, currently expected to be held on May 16, 2023."
0000047217-05-000167,1,"Robert E. Knowling, Jr.",Board of Directors,director,departure,retirement,"(b) On September 23, 2005, Robert E. Knowling, Jr. announced his retirement from the Board of Directors of HP, effective as of the adjournment of the HP Board meeting on September 23, 2005 (the “Effective Time”)."
0000047217-05-000167,2,Vercuity Solutions,directors,director,departure,resign,"Mr. Knowling indicated to the Board that as a result of his new duties at Vercuity Solutions, Inc., where he is now Chief Executive Officer, he intends to resign from the boards of directors of all public companies, including HP, on which he now sits."
0001104659-05-057353,1,John H. Hammergren,director,director,election,elect,"(d) (1) On November 18, 2005, the Board of Directors of HP (the “Board”) elected John H. Hammergren as a director effective November 22, 2005 (the “Effective Time”)."
0001104659-05-057353,2,John H. Hammergren,director,director,election,elect,"(3) At the time of this filing, Mr. Hammergren has not been named to serve on any committee of the Board, and the information about whether Mr. Hammergren is expected to be named to serve on any committees of the Board is unavailable at the time of this filing."
0001104659-06-002894,1,John H. Hammergren,director,director,election,elect,"Effective January 11, 2006, John H. Hammergren was appointed to the HR and Compensation Committee and the Technology Committee of the Board of Directors of Hewlett-Packard Company."
0001104659-06-036450,1,Thomas J. Perkins,director,director,departure,resignation,"(b) On May 18, 2006, Thomas J. Perkins announced his resignation as a director of Hewlett-Packard Company (“HP”), effective immediately."
0001104659-06-060568,1,Patricia C. Dunn,executive Chairman of the Board of Directors,other_exec,departure,resigned,"(b) On September 12, 2006, Patricia C. Dunn resigned as non-executive Chairman of the Board of Directors of Hewlett-Packard Company (“HP”) effective at the adjournment of the regularly scheduled meeting of the Board of Directors of HP to be held on January 18, 2007."
0001104659-06-060568,2,Keyworth II,director,director,departure,resigned,"Also on September 12, 2006, Dr. George A. Keyworth II resigned as a director of HP, effective immediately."
0001104659-06-060568,3,Dr. Keyworth,Board,director,departure,resignation,"Dr. Keyworth has confirmed to the HP Board that his resignation is not the result of any disagreement on any matter relating to HP’s operations, policies or practices."
0001104659-06-062623,1,Patricia C. Dunn,executive Chairman of the Board and director,other_exec,departure,resignation,"(b) On September 22, 2006, the Board of Directors of Hewlett-Packard Company (“HP”) accepted the resignation of Patricia C. Dunn as non-executive Chairman of the Board and director, effective immediately."
0001104659-06-062623,2,Patricia C. Dunn,Board,director,departure,Resigns,The text of HP’s press release entitled “Patricia Dunn Resigns from HP Board” is filed with this report as Exhibit 99.1.
0001104659-06-062623,3,Mark V. Hurd,director,director,election,elect,"The HP Board also has appointed Mark V. Hurd, Chief Executive Officer and President of HP, as Chairman of the Board, effective immediately."
0001104659-06-062623,4,Mark Hurd Named,President and CEO,CEO,appointment,Named,"The text of HP’s press release entitled “Mark Hurd Named HP Chairman, in Addition to His Roles as President and CEO” is filed with this report as Exhibit 99.2."
0001104659-06-075980,1,Kennedy Thompson,director,director,election,elect,"(d) On November 16, 2006, the Board of Directors of HP (the “Board”) elected G. Kennedy Thompson as a director effective November 16, 2006."
0001104659-06-075980,2,Kennedy Thompson,director,director,election,elect,"Mr. Thompson has not been named to serve on any committee of the Board, and the information about whether Mr. Thompson is expected to be named to serve on any committees of the Board has not been determined or is unavailable at the time of this filing."
0001104659-06-078068,1,Kennedy Thompson,director,director,election,elect,"Effective November 27, 2006, G. Kennedy Thompson was appointed to the Audit Committee and the Special Litigation Committee of the Board of Directors of HP."
0001104659-06-080577,1,Robert P. Wayman,Executive Vice President and Chief Financial Officer,CFO,departure,retire,"(b) On December 11, 2006, Hewlett-Packard Company (“HP”) announced that Robert P. Wayman will retire as Executive Vice President and Chief Financial Officer of HP effective on December 31, 2006."
0001104659-06-080577,2,Robert P. Wayman,"Executive Vice President and Chief Financial Officer, Mr. Wayman notified the HP board",CFO,departure,resignation,"In connection with his resignation as Executive Vice President and Chief Financial Officer, Mr. Wayman notified the HP board that he will not stand for re-election at the next annual meeting of stockholders."
0001104659-06-080577,3,Robert P. Wayman,Chief Financial Officer,CFO,departure,resignation,"(c) Also on December 11, 2006, HP announced that Catherine A. Lesjak will succeed Mr. Wayman as Executive Vice President and Chief Financial Officer effective upon the effectiveness of Mr. Wayman’s resignation."
0001104659-06-080577,4,Robert P. Wayman,Executive Vice President and Chief Financial Officer effective upon the effectiveness of M,CFO,departure,succeed/replace,"(c) Also on December 11, 2006, HP announced that Catherine A. Lesjak will succeed Mr. Wayman as Executive Vice President and Chief Financial Officer effective upon the effectiveness of Mr. Wayman’s resignation."
0001104659-06-080577,5,Catherine A. Lesjak,Executive Vice President and Chief Financial Officer,CFO,appointment,appointment,"In connection with her appointment as Executive Vice President and Chief Financial Officer, Ms. Lesjak’s salary will be increased to $550,000 per year and her target bonus opportunity for fiscal year 2007 will be increased to 100% of her salary."
0001104659-06-080577,6,Robert P. Wayman,Chief Financial Officer,CFO,departure,retirement,HP’s press release announcing Mr. Wayman’s retirement and Ms. Lesjak’s appointment is filed as Exhibit 99.1 to this report.
0001104659-07-003960,1,Jon E. Flaxman,Controller and Principal Accounting Officer,PAO,departure,resigned,"In connection with his election, Mr. Flaxman resigned his current positions of Controller and Principal Accounting Officer effective immediately prior to the effectiveness of the election of his successor in those positions."
0001104659-07-003960,2,James T. Murrin,Controller and Principal Accounting Officer,PAO,appointment,appointment,"In connection with his appointment as Controller and Principal Accounting Officer , Mr. Murrin’s salary will be increased to $425,000 per year and his target bonus opportunity for fiscal year 2007 will be increased to 75% of his salary."
0001104659-07-041277,1,Joel Z. Hyatt,director,director,election,elect,"On May 17, 2007, the Board of Directors of Hewlett-Packard Company (“HP”) elected Joel Z. Hyatt, the chief executive officer of Current Media, LLC, and John R. Joyce, a managing director at Silver Lake, to serve as directors of HP effective May 17, 2007 (the “Effective Time”)."
0001104659-08-060212,1,Rajiv L. Gupta,"chief executive officer of Rohm and Haas Company, to serve as a director",CEO,appointment,to serve as,"On September 19, 2008, the Board of Directors (the “Board”) of Hewlett-Packard Company (“HP”) elected Rajiv L. Gupta, the current chairman and chief executive officer of Rohm and Haas Company, to serve as a director of HP effective January 14, 2009."
0001104659-08-060212,2,Rajiv L. Gupta,director,director,election,elect,"Mr. Gupta has not been named to serve on any committee of the Board, and the information about whether Mr. Gupta is expected to be named to serve on any committees of the Board has not been determined or is unavailable at the time of this filing."
0000047217-09-000003,1,Richard A. Hackborn,Board of Directors (the “Board,director,departure,not stand for re-election,"(b) On January 14, 2009, Richard A. Hackborn notified the Board of Directors (the “Board”) of Hewlett-Packard Company (“HP”) that he will not stand for re-election at the next annual meeting of stockholders."
0000047217-09-000032,1,Marc L. Andreessen,director,director,election,elect,"On September 17, 2009, the Board of Directors (the “Board”) of Hewlett-Packard Company (“HP”) elected Marc L. Andreessen to serve as a director of HP effective immediately."
0000047217-09-000032,2,Marc L. Andreessen,director,director,election,elect,The Board also appointed Mr. Andreessen as chair of the Technology Committee of the Board.
0001047469-10-007177,1,Mark V. Hurd,"President, resigned as Chairman, Chief Executive Officer and President of HP and as a member of the Board",CEO,departure,resigned,"(b) On August 6, 2010, Mark V. Hurd, Chairman of the Board of Directors (the “Board”) of HP and HP’s Chief Executive Officer and President, resigned as Chairman, Chief Executive Officer and President of HP and as a member of the Board, effective immediately."
0001047469-10-007177,2,Catherine A. Lesjak,"Board appointed Catherine A. Lesjak, HP’s current Executive Vice President",other_exec,appointment,appointed,"(c) Effective as of that same date, the Board appointed Catherine A. Lesjak, HP’s current Executive Vice President and Chief Financial Officer, to serve as HP’s interim Chief Executive Officer."
0001047469-10-007177,3,Catherine A. Lesjak,Executive Vice President Chief Financial Officer,CFO,departure,resignation,"(e) In connection with Mr. Hurd’s resignation from HP, HP and Mr. Hurd entered into a Separation Agreement and Release (the “Separation Agreement”) that provides Mr. Hurd, in exchange for signing a general release of claims in favor of HP, with (i) a severance payment of $12,224,693 under the HP Severance Plan for Executive Officers; (ii) an extension until September 7, 2010 of the expiration date of his outstanding options to purchase up to 775,000 shares of HP common stock that were vested as "
0001047469-10-007177,4,Mark V. Hurd,Board of Directors,director,departure,departure,"In addition to the foregoing, Mr. Hurd will receive additional benefits customarily provided by HP in connection with the departure of all U.S. employees, including eligibility to receive HP’s continued group medical and dental coverage through the Consolidated Omnibus Budget Reconciliation Act of 1995, as amended, for up to 18 months."
0001104659-05-014582,1,Carlos Ghosn,Board of Directors,director,departure,resigned,"(b) Election of New Director: IBM today announced that Carlos Ghosn has resigned from the IBM Board of Directors effective April 1, 2005."
0001104659-05-014582,2,Carlos Ghosn,director,director,departure,resignation,"The press release is Exhibit 99 of this Form 8-K. With Ghosn’s resignation, there are now 12 director nominees for election at IBM’s 2005 Annual Meeting on April 26, 2005."
0001104659-05-045904,1,Shirley Ann Jackson,director,director,election,elect,"(d) Election of New Director: On September 26, 2005, IBM announced that Shirley Ann Jackson has been elected to the IBM Board of Directors."
0001104659-06-004976,1,James W. Owens,director,director,election,elect,"(d) Election of New Director: On January 31, 2006, IBM announced that the IBM Board of Directors elected James W. Owens to the Board effective March 1, 2006."
0001104659-07-005968,1,Dr. Charles,Director,director,departure,Departure,"(b) (Departure of Director) Dr. Charles M. Vest has decided not to stand for re-election to IBM’s Board of Directors at the Company’s Annual Meeting of Stockholders on April 24, 2007."
0001104659-07-049962,1,William R. Brody,director,director,election,elect,"(d) Election of New Director: On June 26, 2007, IBM announced that the IBM Board of Directors elected William R. Brody to the Board effective July 31, 2007."
0001104659-07-057720,1,William R. Brody,director,director,election,elect,"(d): On June 26, 2007, IBM announced that the IBM Board of Directors elected William R. Brody to the Board effective July 31, 2007."
0001104659-10-061274,1,,Director Cathleen Black has resigned from the IBM Board of Directors,director,departure,Departure,"(b) Departure of Director Cathleen Black has resigned from the IBM Board of Directors effective December 31, 2010."
0001193125-21-244798,1,Norma B. Clayton,director,director,election,elect,"(d) On August 11, 2021, the Board of Directors of Nucor Corporation (the “Company”) elected Norma B. Clayton as a director, effective September 1, 2021, with a term expiring at the Company’s 2022 annual meeting of stockholders."
0001193125-22-050075,1,James D. Frias,Board of Directors,director,departure,retire,"(b) On February 21, 2022, James D. Frias, Chief Financial Officer, Treasurer and Executive Vice President of Nucor Corporation (the “Company”), notified the Company’s Board of Directors that he will retire from the Company, effective June 11, 2022."
0001193125-22-050075,2,James D. Frias,Executive Vice President,other_exec,appointment,will serve as,"To provide for the orderly transition of his duties, effective March 6, 2022, Mr. Frias will serve as Executive Vice President and Special Advisor to the Chief Executive Officer."
0001193125-22-050075,3,James D. Frias,Chief Financial Officer Treasurer Executive Vice President,CFO,departure,retire,Mr. Frias’ decision to retire is voluntary and in accordance with the Company’s succession planning.
0001193125-22-050075,4,Stephen D. Laxton,Vice President,other_exec,appointment,promoted,"Mr. Laxton, age 51, began his career with the Company in 2003 as General Manager of Business Development and was promoted to Vice President in 2014."
0001193125-22-050075,5,Stephen D. Laxton,Executive Officer,other_exec,appointment,promotion,"In connection with Mr. Laxton’s election, effective March 6, 2022, (i) his annual base salary will be increased to $550,000, (ii) he will continue to participate in the Nucor Corporation Senior Officers Annual Incentive Plan and the Nucor Corporation Senior Officers Long-Term Incentive Plan, with the awards under such plans for the performance periods in progress as of the effective date of his promotion to be pro-rated to take into account the increase in his annual base salary and his target a"
0001193125-22-066230,1,Mr. Laxton,"Chief Financial Officer, Treasurer and Executive Vice President",CFO,appointment,promotion,"On March 4, 2022, the Company and Mr. Laxton entered into an Executive Employment Agreement (the “Executive Employment Agreement”), effective March 6, 2022, in connection with Mr. Laxton’s promotion to Chief Financial Officer, Treasurer and Executive Vice President of the Company."
0001193125-22-215713,1,Michael W. Lamach,director,director,election,elect,"(d) On August 8, 2022, the Board of Directors of Nucor Corporation (the “Company”) elected Michael W. Lamach as a director, effective September 1, 2022, with a term expiring at the Company’s 2023 annual meeting of stockholders."
0001193125-23-206313,1,Nicholas C. Gangestad,director,director,election,elect,"(d) On August 7, 2023, the Board of Directors of Nucor Corporation (the “Company”) elected Nicholas C. Gangestad as a director, effective September 1, 2023, with a term expiring at the Company’s 2024 annual meeting of stockholders."
0001193125-23-296305,1,,Executive Officer,other_exec,appointment,will become,An Executive Officer will become eligible to receive a normal retirement benefit under the amended and restated SERP upon his or her retirement after the earlier of (a) attaining age 60 or (b) attaining age 55 and completing seven years of service as an Executive Officer.
0001193125-16-789834,1,Robert J. Christensen,President and Chief Financial Officer,CFO,departure,retire,"On February 1, 2017, Robert J. Christensen, 60, President and Chief Financial Officer, will retire from the Company after 33 years of service."
0001193125-16-789834,2,Robert J. Christensen,Executive Vice President and Chief Financial Officer,CFO,appointment,promoted,"Harrie C. A. M. Schippers, 54, has been promoted to Executive Vice President and Chief Financial Officer, effective February 1, 2017."
0001193125-18-048187,1,Franklin L. Feder,director,director,election,elect,"On February 16, 2018, the PACCAR Inc Board of Directors elected Franklin L. Feder to the PACCAR Inc Board of Directors effective April 30, 2018."
0000076334-20-000124,1,Catherine A. Suever,Executive Vice President Chief Financial Officer,CFO,departure,retire,"On October 27, 2020, Catherine A. Suever, Executive Vice President – Finance and Administration and Chief Financial Officer of Parker-Hannifin Corporation (the “Company”) notified the Company of her intention to retire effective December 31, 2020."
0000076334-20-000124,2,Catherine A. Suever,Executive Vice President Chief Financial Officer,CFO,departure,retirement,"From October 27, 2020, until her retirement, Ms. Suever will remain as Executive Vice President – Finance and Administration and Chief Financial Officer of the Company."
0000076334-20-000124,3,Catherine A. Suever,Board of Directors,director,departure,retirement,"In connection with Ms. Suever’s notification of retirement, the Board of Directors of the Company elected Todd M. Leombruno, age 50, as Executive Vice President and Chief Financial Officer, effective January 1, 2021."
0000076334-20-000124,4,Catherine A. Suever,principal financial officer,CFO,departure,succeed/replace,Mr. Leombruno will succeed Ms. Suever as principal financial officer.
0000076334-20-000124,5,Todd M. Leombruno,Executive Vice President and Chief Financial Officer,CFO,appointment,appointment,"In connection with Mr. Leombruno's appointment as Executive Vice President and Chief Financial Officer, the Human Resources and Compensation Committee of the Board of Directors of the Company took the following actions regarding Mr. Leombruno’s compensation effective January 1, 2021: 1. approved an increase in Mr. Leombruno’s annual base salary to $670,000; 2. awarded an increase in Mr. Leombruno’s General RONA Bonus target payout amount to $301,500; 3. awarded an increase in Mr. Leombruno’s Tar"
0000076334-20-000124,6,Todd M. Leombruno,principal accounting officer of the Company,PAO,departure,succeed/replace,"In this position, Ms. Ives will succeed Mr. Leombruno as principal accounting officer of the Company."
0000076334-20-000124,7,Angela R. Ives,Vice President and Controller,PAO,appointment,appointment,"In connection with Ms. Ives' appointment as Vice President and Controller, the Human Resources and Compensation Committee of the Board of Directors of the Company took the following actions regarding Ms. Ives’ compensation effective January 1, 2021: 1. approved an increase in Ms. Ives’ annual base salary to $360,000; 2. awarded an increase in Ms. Ives’ General RONA Bonus target payout amount to $108,000; 3. awarded an increase in Ms. Ives’ Target Incentive Bonus target award to a target amount o"
0000076334-21-000006,1,Robert G. Bohn,Board,director,departure,retire,"On January 10, 2021, Robert G. Bohn notified the Board of Directors (the “Board”) of Parker Hannifin Corporation (the “Company”) of his decision to retire from the Board effective immediately."
0000076334-21-000048,1,William F. Lacey,director,director,election,elect,"On April 22, 2021, the Board of Directors of Parker-Hannifin Corporation (the “Company”) elected William F. Lacey as a Director of the Company, effective immediately, for a term expiring at the Annual Meeting of Shareholders in October 2021."
0001193125-21-246081,1,Jennifer A. Parmentier,Chief Operating Officer,COO,appointment,appointment,"In connection with Ms. Parmentier’s appointment as Chief Operating Officer of the Company, the Human Resources and Compensation Committee of the Board of Directors of the Company took the following actions regarding Ms. Parmentier’s compensation: 1. approved an increase in Ms. Parmentier’s annual base salary to $750,000; 2. awarded an increase in Ms. Parmentier’s General RONA Bonus target payout amount to $412,500; 3. awarded an increase in Ms. Parmentier’s Target Incentive Bonus target award to"
0001193125-21-247770,1,Jillian C. Evanko,director,director,election,elect,"that, among other things, reported that the Board of Directors (the “Board”) of the Company elected each of Jillian C. Evanko and Lance M. Fritz as a Director of the Company for a term expiring at the Annual Meeting of Shareholders in October 2021."
0001193125-21-247770,2,Jillian C. Evanko,director,director,election,elect,"No other changes have been made to Item 5.02 of the Original Form 8-K. On August 12, 2021, subject to and effective upon the election of each of Ms. Evanko and Mr. Fritz to the Board at the Annual Meeting of Shareholders in October 2021, the Board appointed (i) Ms. Evanko to the Audit Committee and the Human Resources and Compensation Committee of the Board and (ii) Mr. Fritz to the Human Resources and Compensation Committee and the Corporate Governance and Nominating Committee of the Board."
0001193125-21-247766,1,William F. Lacey,director,director,election,elect,"that, among other things, reported that the Board of Directors (the “Board”) of the Company elected William F. Lacey as a Director of the Company for a term expiring at the Annual Meeting of Shareholders in October 2021."
0001193125-21-247766,2,William F. Lacey,director,director,election,elect,"No other changes have been made to Item 5.02 of the Original Form 8-K. On August 12, 2021, subject to and effective upon the election of Mr. Lacey to the Board at the Annual Meeting of Shareholders in October 2021, the Board appointed Mr. Lacey to the Audit Committee and the Corporate Governance and Nominating Committee of the Board."
0001193125-22-204998,1,Andrew M. Weeks,Vice President,other_exec,departure,retirement,"Mr. Weeks will continue to serve as Vice President and President – Engineered Materials Group until his successor is named, and thereafter as Vice President until his retirement date."
0001193125-22-269129,1,Thomas L. Williams,Chief Executive Officer,CEO,departure,retire,"On October 26, 2022, Thomas L. Williams, Chairman of the Board and Chief Executive Officer of Parker-Hannifin Corporation (the “Company”), notified the Company of his intention to retire from his position as Chief Executive Officer on January 1, 2023 (the “Transition Date”) and from his position as Chairman of the Board on December 31, 2023."
0001193125-22-269129,2,Thomas L. Williams,"Board, Mr. Williams will be designated Executive Chairman",other_exec,appointment,designated,"After the Transition Date and prior to his retirement from the Board, Mr. Williams will be designated Executive Chairman."
0001193125-22-269129,3,Thomas L. Williams,Chief Executive Officer,CEO,departure,retire,Mr. Williams’ decision to retire is not related to the Company’s financial or operating results or to any disagreements or concerns regarding the Company’s financial or reporting practices.
0001193125-22-269129,4,Thomas L. Williams,principal executive officer,CEO,departure,succeed/replace,Ms. Parmentier will succeed Mr. Williams as principal executive officer.
0001193125-22-269129,5,Jennifer A. Parmentier,Chief Executive Officer,CEO,appointment,appointment,"In connection with Ms. Parmentier’s appointment as Chief Executive Officer, the Human Resources and Compensation Committee of the Board took the following actions regarding Ms. Parmentier’s compensation, effective on the Transition Date: 1. approved an increase in Ms. Parmentier’s annual base salary rate from $900,000 to $1,300,000; 2. awarded an increase in Ms. Parmentier’s Officer Annual Cash Incentive Plan target opportunity from 115% to 165% of base salary, which will be applied pro rata to "
0001193125-22-269129,6,Andrew D. Ross,Chief Operating Officer,COO,appointment,appointment,"In connection with Mr. Ross’s appointment as Chief Operating Officer, the Human Resources and Compensation Committee of the Board took the following actions regarding Mr. Ross’s compensation, effective on the Transition Date: 1. approved Mr. Ross’s annual base salary rate of $850,000; 2. approved Mr. Ross’s Officer Annual Cash Incentive Plan target opportunity of 115% of base salary, which will be applied pro rata to the total base salary actually paid to Mr. Ross for fiscal year 2023; and 3. gr"
0000077476-19-000020,1,,director,director,election,elect,": Election of Directors; Appointment of Certain Officers; Compensatory Arrangements of Certain Officers On March 6, 2019, the Board of Directors (the “Board”) of PepsiCo, Inc. (“PepsiCo”) elected Michelle Gass as an independent member of the Board."
0000077476-19-000022,1,Paula Santilli,President,president,appointment,appointed,"On March 14, 2019, PepsiCo appointed Paula Santilli, currently President, PepsiCo Mexico Foods, to assume the role of Chief Executive Officer, Latin America effective May 1, 2019, at which time Mr. Narasimhan will transition out of his interim role as Chief Executive Officer, Latin America."
0000077476-19-000051,1,Laxman Narasimhan,Chief Commercial Officer,other_exec,departure,resign,": Election of Directors; Appointment of Certain Officers; Compensatory Arrangements of Certain Officers On June 5, 2019, Laxman Narasimhan, Global Chief Commercial Officer of PepsiCo, Inc. (the “Company”), notified the Company of his intent to resign from the Company effective July 1, 2 019."
0000077476-20-000020,1,William R. Johnson,Board of Directors (the “Board,director,departure,not to stand for re-election,"On March 6, 2020, William R. Johnson notified PepsiCo, Inc. (“PepsiCo”) of his decision not to stand for re-election to the Board of Directors (the “Board”), to devote more time to his personal and other professional commitments, and to retire from the Board when his current term expires at PepsiCo’s 2020 Annual Meeting of Shareholders."
0000077476-20-000054,1,,director,director,election,elect,": Election of Directors; Appointment of Certain Officers; Compensatory Arrangements of Certain Officers On July 3, 2020, the Board of Directors (the “Board”) of PepsiCo, Inc. (“PepsiCo”) elected Segun Agbaje as an independent member of the Board, effective July 15, 2020."
0000077476-20-000075,1,Dave Lewis,director,director,election,elect,"On October 30, 2020, the Board of Directors (the “Board”) of PepsiCo, Inc. (“PepsiCo”) elected Dave Lewis as an independent member of the Board, effective November 13, 2020."
0000077476-21-000044,1,Edith W. Cooper,director,director,election,elect,"On August 3, 2021, the Board of Directors (the “Board”) of PepsiCo, Inc. (“PepsiCo”) elected Edith W. Cooper as an independent member of the Board, effective September 1, 2021."
0000078003-05-000040,1,Hank McKinnell,Chief Executive Officer,CEO,appointment,will join,"The three executives will continue to report to Pfizer’s Chairman and Chief Executive Officer, Hank McKinnell, and will join him on the newly formed Pfizer Executive Committee, which will be responsible for the strategic direction and operations of the Company."
0000078003-05-000040,2,Alan Levin,Senior Vice President and Chief Financial Officer,CFO,appointment,appointment,"In addition, the Company announced that the Board also approved, effective as of March 3, 2005, the appointment of Alan Levin as Senior Vice President and Chief Financial Officer (Principal Financial Officer) and of Sylvia Montero as Senior Vice President - Human Resources."
0000078003-05-000040,3,David Shedlarz,Senior Vice President,other_exec,appointment,appointed,Mr. Shedlarz was appointed a Senior Vice President in January 1997 with additional worldwide responsibility for our former Medical Technology Group.
0000078003-05-000040,4,Alan Levin,Treasurer in 1995 and in 1997 was named a Vice President,other_exec,appointment,named,He was elected Treasurer in 1995 and in 1997 was named a Vice President of the Company.
0000078003-05-000041,1,Franklin D. Raines,Board,director,departure,not to stand for re-election,"On February 24, 2005, the Board of Directors of Pfizer Inc. accepted the offer of Franklin D. Raines not to stand for re-election to the Board at Pfizer Inc.’s annual meeting of shareholders in April."
0000078003-05-000161,1,Paul Vallès,Board of Directors,director,departure,resigned,"On June 24, 2005, Pfizer Inc. issued a press release announcing that Jean-Paul Vallès, Ph.D., has resigned from its Board of Directors."
0000078003-06-000195,1,Jeffrey B. Kindler Pfizer,Board named Jeffrey B. Kindler Pfizer’s Chief Executive Officer,CEO,appointment,named,"On July 28, 2006, the Board named Jeffrey B. Kindler Pfizer’s Chief Executive Officer effective July 31, 2006."
0000078003-06-000195,2,Henry A. McKinnell,Chief Executive Officer,CEO,departure,succeed/replace,Mr. Kindler succeeds Henry A. McKinnell as Chief Executive Officer.
0000078003-06-000195,3,Mr. Kindler,director,director,election,elect,"On July 28, 2006, Mr. Kindler was appointed to the Board effective July 31, 2006."
0000078003-06-000195,4,Mr. Kindler,director,director,election,elect,Mr. Kindler was also named Chairman of the Executive Committee of the Board.
0000078003-06-000195,5,Henry A. McKinnell,officer,other_exec,departure,Departure,Departure of Dr. McKinnell The Company is currently negotiating the definitive terms of Dr. McKinnell’s departure as a principal officer.
0000078003-06-000195,6,Henry A. McKinnell,officer,other_exec,departure,departure,The Company will disclose the definitive terms of Dr. McKinnell’s departure as principal officer in a subsequent filing on Form 8-K.
0000078003-06-000352,1,Henry A. McKinnell,Chief Executive Officer,CEO,departure,Resignation,"On July 28, 2006, Pfizer announced that Jeffrey B. Kindler would succeed Dr. McKinnell as Chief Executive Officer of Pfizer effective July 31, 2006 (“Resignation Date”)."
0000078003-06-000352,2,Henry A. McKinnell,Chief Executive Officer of Pfizer effective July 31,CEO,departure,succeed/replace,"On July 28, 2006, Pfizer announced that Jeffrey B. Kindler would succeed Dr. McKinnell as Chief Executive Officer of Pfizer effective July 31, 2006 (“Resignation Date”)."
0000078003-06-000352,3,Henry A. McKinnell,Board,director,departure,resigned,"On December 18, 2006, Dr. McKinnell resigned from his position as Chairman of the Board."
0000078003-06-000352,4,Henry A. McKinnell,Board,director,departure,step down,"Under the Agreement, Dr. McKinnell has agreed to step down from his position on the Board and to retire from employment and all other positions with Pfizer then held by him on the Termination Date."
0000078003-07-000034,1,Ruth J. Simmons,Board,director,departure,not stand for re-election,"Ruth J. Simmons : On February 21, 2007, Ruth J. Simmons informed the Board of Directors that she will not stand for re-election to the Board at Pfizer's annual meeting of shareholders on April 26, 2007 due to her increased responsibilities as President of Brown University."
0000078003-07-000122,1,Pfizer Research,Senior Vice President; Chief Financial Officer,CFO,departure,retire,"On May 18, 2007, the Board of Directors authorized the Company to enter into agreements whereby Dr. John L. LaMattina, Senior Vice President; President - Pfizer Research and Development, will retire, and Mr. Alan G. Levin, Senior Vice President; Chief Financial Officer, will resign, from the Company when their successors are appointed but no later than December 31, 2007."
0000078003-07-000213,1,Mr. D'Amelio,Senior Vice President and Chief Financial Officer,CFO,appointment,appointed,"On August 7, 2007, the Board of Directors of Pfizer Inc. (the ""Company"") elected Frank A. D'Amelio Senior Vice President and Chief Financial Officer of the Company and appointed Mr. D'Amelio a member of the Company's Executive Leadership Team effective September 10, 2007 (the ""Effective Date""), subject to the Company reaching appropriate agreement with Mr. D'Amelio regarding his acceptance of such positions."
0000078003-07-000294,1,,Vice Chairman,other_exec,departure,retire,"On October 25, 2007, the Company issued a press release announcing that, after a 31-year career, Vice Chairman David L. Shedlarz will retire from Pfizer at the end of 2007."
0001299933-09-000511,1,,director,director,election,elect,"On January 26, 2009, the J. M. Smucker Company (the ""Company"") issued a press release announcing that its Board of Directors (the ""Board"") was increased to thirteen members and that the Board had elected Alex Shumate, Paul Smucker Wagstaff and Mark Smucker to serve on the Board, effective immediately."
0000950152-09-003994,1,"Donald D. Hurrle, Sr.",Vice President,other_exec,departure,Departure,"(b) Departure of Named Executive Officer On April 20, 2009, Donald D. Hurrle, Sr., Vice President, Sales, Grocery Market of The J. M. Smucker Company, notified the Company’s Board of Directors that he would be retiring effective June 30, 2009."
0000950123-09-020588,1,"Donald D. Hurrle, Sr.",Vice President,other_exec,departure,retired,"On July 7, 2009, The J. M. Smucker Company (the “Company”) entered into a consulting agreement (the “Agreement”) with Donald D. Hurrle, Sr., who retired as the Company’s Vice President, Sales, Grocery Market, effective June 30, 2009."
0001193125-21-116417,1,Richard K. Strege,Principal Accounting Officer,PAO,departure,retire,"On April 9, 2021, Richard K. Strege, the Principal Accounting Officer of Snap-on Incorporated (the “Company”), as well as its Vice President and Controller, informed the Company that he intends to retire on or about June 30, 2021."
0001193125-21-116417,2,Marty V. Ozolins,director,director,election,elect,"Marty V. Ozolins, currently Vice President, Internal Audit, was elected as Vice President and Controller, as well as Principal Accounting Officer, by the Company’s Board of Directors, effective upon Mr. Strege’s retirement."
0001193125-15-388118,1,Southwest Airlines Co,Board with notice of his resignation from the Board,director,departure,resignation,"(b) On November 20, 2015, Thomas M. Nealon, a member of the Southwest Airlines Co. Board of Directors (the “Board”), provided the Board with notice of his resignation from the Board, effective immediately."
0001193125-16-447087,1,Southwest Airlines Co,director,director,election,elect,"(d) On January 27, 2016, the Board of Directors (the “Board”) of Southwest Airlines Co. (the “Company”) appointed Grace Lieblein as a member of the Board, effective January 27, 2016."
0001193125-16-447087,2,Grace Lieblein,director,director,election,elect,"Ms. Lieblein has not yet been appointed to any Board committees, has no relationships requiring disclosure under Item 404 of Regulation S-K, and is not a party to any arrangement or understanding with any other person pursuant to which she was selected as a director."
0001193125-17-008419,1,Thomas M. Nealon,President,president,appointment,appointed,"On January 10, 2017, Thomas M. Nealon was appointed as President of Southwest Airlines Co. (the “Company”), effective the same day."
0001193125-17-008419,2,Gary C. Kelly,Chief Executive Officer,CEO,departure,no longer serve,"Gary C. Kelly, who has been with the Company for over 30 years and served as Chief Executive Officer for the last 12 years and as President for the last eight years, will no longer serve the Company as President, effective with Mr. Nealon’s appointment, but will continue in his role as Chief Executive Officer and as Chairman of the Board of Directors."
0001193125-17-183437,1,Southwest Airlines Co,Executive Vice President,other_exec,departure,resignation,"On May 22, 2017, Jeff Lamb, Executive Vice President of Corporate Services of Southwest Airlines Co. (the “Company”), submitted his resignation from the Company effective June 30, 2017."
0001193125-17-183437,2,Jeff Lamb,Executive Vice President,other_exec,departure,departure,"Concurrent with the Company’s announcement of Mr. Lamb’s departure, the Company announced that Bob Jordan, the Company’s Executive Vice President & Chief Commercial Officer, will assume the role of Executive Vice President of Corporate Services effective July 1, 2017."
0001193125-17-183437,3,Andrew Watterson,"Chief Revenue Officer, will be promoted to Executive Vice President & Chief Revenue Officer",other_exec,appointment,promoted,"The Company also announced that Andrew Watterson, the Company’s Senior Vice President & Chief Revenue Officer, will be promoted to Executive Vice President & Chief Revenue Officer effective July 1, 2017."
0001193125-21-203381,1,Mr. Hourican,President and CEO,CEO,appointment,appointment,"The goals for these PSU awards were established in July 2019, more than six months prior to Mr. Hourican’s appointment as President and CEO."
0001193125-21-203381,2,Mr. Hourican,CEO,CEO,appointment,appointment,"Although the Committee believes strongly in pay-for-performance, the circumstances surrounding the impact of the pandemic on Sysco’s business, which occurred almost immediately after Mr. Hourican’s appointment, were extraordinary, and the Committee believes it would be detrimental to the Company’s business to undermine the motivation and retention of its CEO by allowing his new hire PSUs to remain unachievable."
0001193125-21-252868,1,Mr. Joshua,Board of Directors,director,departure,resigned,"On August 20, 2021, each of Mr. Nelson Peltz and Mr. Joshua D. Frank resigned as members of the Board of Directors of Sysco Corporation (the “Company”)."
0001193125-21-362516,1,,director,director,election,elect,"(d) On December 17, 2021, the Board of Directors (the “ Board ”) of Sysco Corporation (“ Sysco ” or the “ Company ”) increased the size of the Board from ten to thirteen directors and elected Mr. Ali Dibadj, Ms. Jill Golder and Ms. Alison Kenney Paul to fill the resulting vacancies, effective on January 1, 2022."
0001193125-22-058196,1,Ms. Stephanie,Board of Directors (the “ Board,director,departure,resign,"On February 24, 2022, Ms. Stephanie A. Lundquist tendered her offer to resign from the Board of Directors (the “ Board ”) of Sysco Corporation (“ Sysco ” or the “ Company ”) in connection with an upcoming change in her principal occupation, as required by the Company’s Corporate Governance Guidelines."
0001193125-22-139528,1,Mr. Tim,Named Executive Officer,other_exec,departure,Departure,"Departure of Named Executive Officer (Item 5.02(b)) Mr. Tim Ørting Jørgensen, the Executive Vice President and President, Foodservice Operations, International of Sysco Corporation (“ Sysco ” or the “ Company ”), has departed the Company effective May 3, 2022."
0001193125-22-247448,1,,"Chief Accounting Officer On September 16, 2022, the Board of Directors",PAO,appointment,Appointment,"Appointment of Interim Chief Accounting Officer On September 16, 2022, the Board of Directors (the “ Board ”) of Sysco Corporation (“ Sysco ” or the “ Company ”) appointed Ms. Anita A. Zielinski, Senior Vice President and Chief Accounting Officer, to her new role as Senior Vice President, Chief Financial Officer – US Foodservice Operations of the Company, effective September 26, 2022 (the “ Effective Date ”)."
0001193125-22-247448,2,Mr. Scott,director,director,election,elect,"Mr. Scott B. Stone, the Company’s Vice President, Financial Reporting, has been appointed by the Board to serve as interim Chief Accounting Officer from the Effective Date until the appointment of Ms. Zielinski’s successor."
0001193125-22-247448,3,Regulation S-K,"Director John Cassaday On September 20, 2022, the Board",director,departure,Retirement,"There are no family relationships between Mr. Stone and any director or executive officer of the Company, and he is not a party to any transaction requiring disclosure under Item 404(a) of Regulation S-K. Retirement of Director John Cassaday On September 20, 2022, the Board announced that Mr. John M. Cassaday, a member of the Board and the Chair of the Compensation and Leadership Development Committee of the Board, will retire from his service as a director at the time of Sysco’s 2022 Annual Mee"
0001193125-22-305398,1,Mr. Aaron,Chief Financial Officer,CFO,departure,Departure,"Departure of Chief Financial Officer (Item 5.02(b)) On December 10, 2022, Mr. Aaron E. Alt, the Executive Vice President and Chief Financial Officer of Sysco Corporation (“ Sysco ” or the “ Company ”), resigned from his position with the Company effective January 6, 2023 (the “ Effective Date ”)."
0001193125-22-305398,2,Mr. Neil,director,director,election,elect,"Appointment of Interim Chief Financial Officer (Item 5.02(c)) Mr. Neil A. Russell, the Company’s Senior Vice President, Corporate Affairs and Chief Communications Officer, has been appointed by the Board to serve as interim Chief Financial Officer from the Effective Date until the appointment of Mr. Alt’s successor."
0000096021-23-000042,1,Mr. Kenny,Executive Vice President and Chief Financial Officer,CFO,appointment,named,"On March 24, 2023, the Board of Directors (the “ Board ”) of Sysco Corporation (“ Sysco ” or the “ Company ”) named Mr. Kenny Cheung as Sysco’s Executive Vice President and Chief Financial Officer, with an expected effective date of April 17, 2023 (the “ Effective Date ”)."
0000096021-23-000042,2,Mr. Neil A. Russell,Senior Vice President and Chief Administrative Officer,other_exec,departure,succeed/replace,"Mr. Cheung will succeed Mr. Neil A. Russell, who will be transitioning to serve as the Company’s Senior Vice President and Chief Administrative Officer as of the Effective Date."
0000096021-23-000042,3,Mr. Cheung,Executive Vice President and Chief Financial Officer,CFO,appointment,appointment,"Executive Vice President and Chief Financial Officer Compensation Arrangements In connection with Mr. Cheung’s appointment as Executive Vice President and Chief Financial Officer, Mr. Cheung and the Company entered into a letter agreement (the “ Cheung Agreement ”), pursuant to which Mr. Cheung will receive an annual base salary of $765,000 and will be eligible to receive: (i) a target annual cash incentive opportunity for fiscal year 2023 equal to 100% of his annual base salary, pro-rated from "
0000096021-23-000042,4,Mr. Russell,Senior Vice President and Chief Administrative Officer,other_exec,appointment,appointment,"Senior Vice President and Chief Administrative Officer Compensation Arrangements In connection with his appointment as Senior Vice President and Chief Administrative Officer, Mr. Russell’s (i) annual base salary will be increased to $525,000, (ii) target annual cash incentive opportunity will be equal to 100% of his annual base salary, and (iii) long-term incentive opportunity will be increased to an aggregate grant date fair value equal to 200% of his annual base salary."
0000096021-23-000120,1,,"Executive Vice President, Global Chief Operating Officer",COO,appointment,Appointment,"Appointment of Executive Vice President, Global Chief Operating Officer On August 23, 2023, the Board of Directors (the “ Board ”) of Sysco Corporation (“ Sysco ” or the “ Company ”) appointed Mr. Greg D. Bertrand, currently Sysco’s Executive Vice President, U.S. Foodservice Operations, as the Company’s Executive Vice President, Global Chief Operating Officer, effective September 1, 2023."
0000096021-23-000120,2,Mr. Bertrand,Executive Vice President,other_exec,appointment,promoted,He was promoted to Executive Vice President in 1999.
0000096021-23-000120,3,Sysco Eastern Wisconsin,President,president,appointment,named,"In 2005, he was named President-Sysco Eastern Wisconsin."
0000096021-23-000120,4,Sysco Chicago,Vice President-Midwest in 2010 and then to Senior Vice President,other_exec,appointment,promoted,He was promoted to Market Vice President-Midwest in 2010 and then to Senior Vice President – Foodservice Operations (West) in July 2012.
0000096021-23-000144,1,Ms. Judith,Executive Vice President and Chief Commercial Officer,other_exec,departure,retire,"On September 7, 2023, Ms. Judith S. Sansone, Executive Vice President and Chief Commercial Officer of Sysco Corporation (“ Sysco ” or the “ Company ”), notified the Company of her intention to retire from Sysco, effective October 2, 2023."
0000096021-23-000144,2,Ms. Sansone,Board of Directors,director,departure,retirement,The Company and its Board of Directors thank Ms. Sansone for her many contributions to Sysco over the years and wish her all the best as she transitions into her well-deserved retirement. - 2 -
0000096021-23-000165,1,Dr. Hans-Joachim,"Board, will retire from his service as a director",director,departure,retire,"On September 22, 2023, the Board announced that Dr. Hans-Joachim Koerber, a member of the Board, will retire from his service as a director at the time of Sysco’s 2023 Annual Meeting of Stockholders, currently scheduled for November 17, 2023."
0000096021-23-000165,2,Dr. Koerber,Board,director,departure,retirement,"Dr. Koerber’s retirement, following 15 years of distinguished service on the Board, is in accordance with the Company’s 15-year director tenure policy."
0000096021-23-000186,1,Ms. Judith,Executive Vice President and Chief Commercial Officer,other_exec,departure,retire,"On September 8, 2023, Sysco Corporation (“ Sysco ” or the “ Company ”) filed a Current Report on Form 8-K (the “ Original Form 8-K ”) disclosing that Ms. Judith S. Sansone, Sysco’s Executive Vice President and Chief Commercial Officer, intended to retire from Sysco, effective October 2, 2023."
0000096021-23-000190,1,,Senior Vice President and Chief Accounting Officer,PAO,appointment,Appointment,"Appointment of Senior Vice President and Chief Accounting Officer On October 12, 2023, the Board of Directors (the “ Board ”) of Sysco Corporation (“ Sysco ” or the “ Company ”) approved the appointment of Ms. Jennifer L. Johnson as Sysco’s Senior Vice President and Chief Accounting Officer, with an expected effective date of October 23, 2023 (the “ Effective Date ”)."
0000096021-23-000190,2,Ms. Johnson,Senior Vice President and Chief Accounting Officer,PAO,appointment,appointment,"There are no family relationships between Ms. Johnson and any director or executive officer of the Company, and there are no transactions since the beginning of the Company’s fiscal year 2023 in which the Company is a participant and in which Ms. Johnson or any of her immediate family members has any interests that are required to be reported under Item 404(a) of Regulation S-K. Senior Vice President and Chief Accounting Officer Compensation Arrangements In connection with Ms. Johnson’s appointm"
0000101830-07-000011,1,William E. Kennard,Board of Directors,director,departure,resigned,"On March 1, 2007, William E. Kennard resigned as a member of the Board of Directors of Sprint Nextel Corporation."
0000101830-07-000032,1,Larry C. Glasscock,director,director,election,elect,Messrs. Glasscock and O'Neal have not been appointed to any committees of the board.
0000101830-07-000036,1,Gary Forsee,president and chief executive officer,CEO,departure,stepping down,"Sprint Nextel Corporation (""Sprint Nextel"") announced that effective October 8, 2007 Gary Forsee is stepping down as the company's chairman, president and chief executive officer and is resigning from the Sprint Nextel Board of Directors effective immediately."
0000101830-07-000036,2,Sprint Nextel,chief executive officer,CEO,appointment,will serve as,"It also announced that Paul Saleh, current chief financial officer of Sprint Nextel, will serve as acting chief executive officer of Sprint Nextel until a permanent replacement for Mr. Forsee is named."
0000101830-07-000042,1,Sprint Nextel,director,director,election,elect,"On December 18, 2007, Sprint Nextel Corporation (""Sprint Nextel"") announced that Daniel R. Hesse, 54, has been elected as a director and appointed President and Chief Executive Officer of Sprint Nextel effective December 17, 2007 (the ""Effective Date"")."
0000101830-08-000006,1,Timothy E. Kelly,Chief Marketing Officer,other_exec,departure,will leave,"Sprint Nextel Corporation (""Sprint Nextel"") has announced that Paul N. Saleh, Chief Financial Officer, and Timothy E. Kelly, Chief Marketing Officer will leave the Company effective January 25, 2008, as more fully described in the press release filed as Exhibit 99.1, which is incorporated by reference herein."
0000101830-08-000006,2,Sprint Nextel,"Controller of Sprint Nextel, will serve as acting Chief Financial Officer",CFO,appointment,will serve as,"Sprint Nextel also announced that William G. Arendt, current Senior Vice President and Controller of Sprint Nextel, will serve as acting Chief Financial Officer of Sprint Nextel until a permanent replacement for Mr. Saleh is named."
0000101830-08-000006,3,William G. Arendt,Senior Vice President and Controller,PAO,appointment,appointed,"Mr. Arendt, age 50, was appointed Senior Vice President and Controller at the time of the Sprint-Nextel merger in August 2005."
0000101830-08-000008,1,Sprint Nextel,Board of Directors,director,departure,decided not to stand,"(b) On January 28, 2008, William H. Swanson sent a letter to James H. Hance, Jr., the Chairman of the Board of Directors of Sprint Nextel Corporation (""Sprint Nextel""), stating that, for personal reasons, he has decided not to stand for re-election at the next annual meeting of stockholders to be held May 13, 2008."
0000101830-08-000008,2,Sprint Nextel,director,director,election,elect,"(d) On February 11, 2008, the Board of Directors of Sprint Nextel appointed a new independent director, Ralph V. Whitworth."
0001193125-08-098764,1,Robert H. Brust,Chief Financial Officer,CFO,appointment,appointed,"(c) On May 1, 2008, Sprint Nextel Corporation (“Sprint Nextel”) announced that Robert H. Brust, 64, has been appointed as Chief Financial Officer of Sprint Nextel effective May 1, 2008."
0000101830-08-000026,1,Sprint Nextel,director,director,election,elect,"(d) On June 9, 2008, the Board of Directors of Sprint Nextel Corporation (""Sprint Nextel"") appointed a new independent director, William R. Nuti."
0000101830-08-000028,1,William Arendt,principal accounting officer,PAO,departure,succeeded by,"(b) On October 7, 2008, Sprint Nextel Corporation (""Sprint Nextel"") announced that William Arendt is being succeeded by Chris Gregoire as principal accounting officer effective October 2, 2008."
0000101830-08-000028,2,Christopher Gregoire,Vice President and Principal Accounting Officer,PAO,appointment,appointed,"(c) On October 7, 2008, Sprint Nextel announced that Christopher Gregoire, 39, has been appointed Vice President and Principal Accounting Officer of Sprint Nextel effective October 2, 2008."
0000101830-08-000030,1,Sprint Nextel,Board of Directors,director,departure,resign,"(b) On October 22, 2008, Ralph V. Whitworth sent a letter to James H. Hance, Jr., the Chairman of the Board of Directors of Sprint Nextel Corporation (""Sprint Nextel""), stating that, because of the need to turn his attention to other business matters, he has decided to resign from the Board of Directors effective October 23, 2008."
0000101830-08-000030,2,Sprint Nextel,director,director,election,elect,"(d) On October 23, 2008, the Board of Directors of Sprint Nextel appointed a new independent director, Sven-Christer Nilsson, with the appointment to be effective as of November 10, 2008."
0000950123-08-016627,1,Barry J. West,Chief Technology Officer and President,president,departure,stepped down,"(b) On November 28, 2008, Barry J. West stepped down from his position as Chief Technology Officer and President, Xohm Business Unit, of Sprint Nextel Corporation (“Sprint Nextel”)."
0000101830-09-000005,1,Christopher J. Gregoire,principal accounting officer of the Company effective March 3,PAO,departure,succeed/replace,"(b) On February 26, 2009, Sprint Nextel Corporation (the ""Company"") appointed Charles L. Hall, 59, to succeed Christopher J. Gregoire as principal accounting officer of the Company effective March 3, 2009."
0000101830-09-000005,2,Christopher J. Gregoire,Vice President and Assistant Controller,PAO,appointment,appointed,Mr. Gregoire has been appointed Vice President and Assistant Controller.
0000101830-09-000005,3,Charles L. Hall,Senior Vice President and Controller,PAO,appointment,appointed,"(c) On February 26, 2009, the Company appointed Charles L. Hall as Senior Vice President and Controller of the Company effective March 3, 2009."
0000101830-09-000005,4,Frank Ianna,director,director,election,elect,"(d) On February 26, 2009, the Board of Directors of the Company appointed a new independent director, Frank Ianna, with the appointment to be effective as of March 3, 2009."
0000101830-09-000014,1,Charles L. Hall,"Senior Vice President, Controller and Principal Accounting Officer",PAO,departure,resignation,"(b) On October 13, 2009, Charles L. Hall tendered his resignation to Sprint Nextel Corporation (""Sprint Nextel"") from his position as Senior Vice President, Controller and Principal Accounting Officer effective November 4, 2009."
0000101830-09-000016,1,Ryan H. Siurek,"Vice President, Controller",PAO,appointment,appointed,"(c) On November 6, 2009, Sprint Nextel Corporation (""Sprint Nextel"") announced that Ryan H. Siurek, 38, has been appointed as Vice President, Controller of Sprint Nextel effective November 6, 2009."
0000101830-10-000015,1,Daniel H. Schulman,President,president,departure,resignation,"On July 19, 2010, Daniel H. Schulman tendered his resignation to Sprint Nextel Corporation (“Sprint Nextel”) from his position as President - Prepaid effective August 23, 2010."
0000101830-11-000010,1,Daniel Schulman,named executive officer,other_exec,departure,resigned,"Daniel Schulman, who was a named executive officer of the Company in 2010, resigned on July 19, 2010 and is not eligible to participate."
0000101830-11-000010,2,Robert H. Brust,CFO,CFO,departure,retirement,"Long-Term Incentive Compensation Plan On February 23, 2011, the Compensation Committee of the Board of Directors of the Company established the terms, target opportunities and the 2011 performance objectives of the Company’s 2011 Long-Term Incentive Plan (the “2011 LTI Plan”) for officers and other eligible employees of the Company (except with respect to Mr. Brust, our CFO, who is not eligible for awards under the 2011 LTI Plan due to his pending retirement)."
0000101830-11-000010,3,Daniel Schulman,named executive officer,other_exec,departure,resigned,"Mr. Schulman, who was a named executive officer of the Company in 2010, resigned on July 19, 2010 and is not eligible to participate. ."
0000101830-11-000014,1,Joseph J. Euteneuer,Chief Financial Officer,CFO,appointment,appointed,"On April 4, 2011, Sprint Nextel Corporation (“Sprint”) announced that Joseph J. Euteneuer has been appointed as the company’s Chief Financial Officer effective April 4, 2011."
0000101830-11-000014,2,Robert H. Brust,Chief Financial Officer,CFO,departure,resign,"Mr. Euteneuer will succeed Robert H. Brust, who will resign as Chief Financial Officer on April 4, 2011."
0000101830-11-000014,3,Robert H. Brust,Chief Financial Officer,CFO,departure,succeed/replace,"Mr. Euteneuer will succeed Robert H. Brust, who will resign as Chief Financial Officer on April 4, 2011."
0000101830-11-000032,1,Robert L. Johnson,"Chief Service Officer, as its new Chief Service and Information Technology Officer",other_exec,appointment,appointed,"(e) On August 1, 2011, the Board of Directors of Sprint Nextel Corporation (the “Company”) appointed Robert L. Johnson, Chief Service Officer, as its new Chief Service and Information Technology Officer, effective August 1, 2011."
0000101830-12-000024,1,Robert H. Brust,named executive officer,other_exec,departure,left the Company,"Robert H. Brust, who was a named executive officer of the Company in 2011, left the Company on April 30, 2011 and is not eligible to participate."
0000101830-12-000024,2,Robert H. Brust,named executive officer,other_exec,departure,left the Company,"Robert H. Brust, who was a named executive officer of the Company in 2011, left the Company on April 30, 2011 and is not eligible to participate."
0000101830-13-000041,1,Sara Martinez Tucker,director,director,election,elect,"(d) On September 2, 2013, the Vacancy Resolution Committee of the Board of Directors (the “Board”) of the Company appointed a new director, Sara Martinez Tucker."
0000101830-13-000041,2,Sara Martinez Tucker,director,director,election,elect,There are no arrangements or understandings between Ms. Tucker and any other persons pursuant to which Ms. Tucker was appointed as a director.
0000101830-13-000041,3,Sara Martinez Tucker,director,director,election,elect,"After such evaluation, Ms. Tucker is expected to be appointed to the Audit Committee and the Nominating and Corporate Governance Committee of the Board."
0000101830-13-000053,1,Roaming Planning,"Vice President, Controller",PAO,appointment,appointed,"On December 17, 2013, Paul W. Schieber, Jr., Vice President, Access and Roaming Planning of Sprint Corporation (""Sprint""), was appointed Vice President, Controller."
0000101830-13-000053,2,Mr. Schieber,principal accounting officer,PAO,appointment,appointment,"As a result of this appointment, Mr. Schieber is now Sprint’s principal accounting officer and Ryan H. Siurek, formerly Sprint’s principal accounting officer, will serve as Sprint’s Vice President, Finance - Enterprise Solutions."
0000101830-13-000053,3,Mr. Schieber,director in Sprint’s Tax department and a director,director,departure,depart,He was also a director in Sprint’s Tax department and a director on its Mergers and Acquisitions team.
0000101830-14-000002,1,,director,director,election,elect,"On January 13, 2014, the Vacancy Resolution Committee of the Board of Directors (the “ Board ”) of Sprint Corporation (the “ Company ” or “ Sprint ”) appointed a new director, Marcelo Claure."
0000101830-14-000021,1,Steven L. Elfman,President,president,departure,retire,"On March 6, 2014, Steven L. Elfman, President - Network, Technology and Operations, of Sprint Corporation (the “Company”) announced changes in his organization as he expects to retire from the Company around the beginning of 2015 consistent with his agreement to remain with the Company through at least January 2, 2015 as described in his amended employment agreement, dated September 10, 2013."
0000101830-14-000049,1,Steven L. Elfman,President,president,departure,retirement,"Mr. Elfman has announced his retirement effective August 16, 2014."
0001193125-14-297076,1,Marcelo Claure,President and Chief Executive Officer (“CEO,CEO,appointment,named,"Management Transition On August 5, 2014, the Board of Directors of Sprint Corporation (the “Company”) named Marcelo Claure as the Company’s next President and Chief Executive Officer (“CEO”), effective as of August 11, 2014."
0001193125-14-297076,2,Daniel R. Hesse,"President and CEO, and as a member of the Board of Directors",CEO,departure,step down,"Mr. Claure will succeed Daniel R. Hesse, who will step down from his positions as the Company’s President and CEO, and as a member of the Board of Directors, effective as of August 11, 2014."
0001193125-14-297076,3,Daniel R. Hesse,"President and CEO, and as a member of the Board of Directors",CEO,departure,succeed/replace,"Mr. Claure will succeed Daniel R. Hesse, who will step down from his positions as the Company’s President and CEO, and as a member of the Board of Directors, effective as of August 11, 2014."
0001193125-14-297076,4,Daniel R. Hesse,President,president,departure,resignation,"A copy of the press release issued by the Company on August 6, 2014 announcing the resignation of Mr. Hesse and the appointment of Mr. Claure is filed as Exhibit 99.1 hereto and is incorporated herein by reference."
0001193125-14-297076,5,Marcelo Claure,President and CEO,CEO,appointment,will serve as,"Employment Agreement On August 5, 2014, the Company and Mr. Claure entered into a new employment agreement (the “Agreement”), under which Mr. Claure will serve as the Company’s President and CEO, effective as of August 11, 2014 (the “Effective Date”)."
0001193125-14-297076,6,Marcelo Claure,executive officer,other_exec,departure,terminates his employment,"If, not in connection with a change in control of the Company, the Company provides notice of non-renewal of the employment term and Mr. Claure’s employment under the Agreement terminates upon the resulting expiration of the employment term, Mr. Claure’s employment under the Agreement is terminated by the Company without cause (as defined in the Agreement), or Mr. Claure terminates his employment under the Agreement with good reason (as defined in the Agreement), Mr. Claure will be entitled to r"
0001193125-14-297076,7,Marcelo Claure,executive officer,other_exec,departure,resignation,"Mr. Claure was the founder of Brightstar, and, until his resignation is effective as of August 11, 2014, is the Chairman and CEO of Brightstar."
0000101830-14-000079,1,,director,director,election,elect,"On November 4, 2014, the Vacancy Resolution Committee of the Board of Directors (the “Board”) of Sprint Corporation (the “Company” or “Sprint”) appointed Nikesh Arora as a new director of the Board."
0000101830-14-000079,2,Nikesh Arora,director,director,election,elect,"Mr. Arora is Vice Chairman of the board of directors of SoftBank Corp. and Chief Executive Officer of SoftBank Internet and Media, Inc. He was appointed to serve as a member of the Finance Committee of the Board."
0000101830-14-000081,1,Overland Park,"President, Retail, Chief Service and IT Officer",president,departure,termination of employment,"The Committee also approved an interim living allowance of $50,000 per year, on a tax protected basis and payable monthly, for Robert L. Johnson, the Company’s Chief Experience Officer (formerly our President, Retail, Chief Service and IT Officer) up until he relocates to the Overland Park area or his earlier termination of employment."
0000101830-14-000081,2,Robert L. Johnson,Chief Experience Officer,other_exec,departure,resign,"The Committee further approved Mr. Johnson’s ability, conditioned on his continued employment through December, 2017 and his waiver of any 2017 long-term incentive compensation award, to resign effective January 2018 with 30 days’ written notice and receive the severance benefits provided under his employment agreement, dated December 31, 2008."
0001193125-15-275046,1,Joseph Euteneuer,Chief Financial Officer,CFO,departure,will leave,"Joseph Euteneuer, our current Chief Financial Officer, will leave Sprint following the orderly transition of responsibilities."
0000101830-15-000030,1,Michael Schwartz,Senior Vice President,other_exec,departure,Resignation,"Resignation On October 9, 2015, Michael Schwartz, Senior Vice President, Corporate Strategy and Development of Sprint Corporation (the “ Company ”) informed the Company of his decision to resign from the Company effective as of November 6, 2015."
0000101830-16-000070,1,Nikesh Arora,director,director,departure,resign,"On June 22, 2016, Nikesh Arora notified Sprint Corporation (the “Company”) that he will resign as a director of the Company effective immediately."
0000101830-16-000094,1,,director,director,election,elect,"(d) On December 1, 2016, the Vacancy Resolution Committee of the Board of Directors (the “Board”) of Sprint Corporation (the “Company”) appointed a new director, Patrick Doyle."
0000101830-16-000094,2,Patrick Doyle,director,director,election,elect,There are no arrangements or understandings between Mr. Doyle and any other persons pursuant to which Mr. Doyle was appointed as a director.
0000101830-16-000094,3,Patrick Doyle,director,director,election,elect,"After such evaluation, Mr. Doyle is expected to be appointed as the Chairman of the Audit Committee of the Board."
0000101830-17-000003,1,Nestor Cano,Chief Operating Officer,COO,appointment,Appointment,"Chief Operating Officer Appointment On January 24, 2017, Sprint Corporation (“Sprint”) announced that Nestor Cano, 52, has agreed to become Chief Operating Officer of Sprint effective on February 2, 2017 (the “Effective Date”)."
0000101830-17-000003,2,Nestor Cano,Executive Vice President,other_exec,appointment,appointed,"In March 1999, he was appointed Executive Vice President of U.S. Sales and Marketing, and in January 2000 was promoted to President, the Americas."
0000101830-17-000003,3,Nestor Cano,President,president,appointment,promoted,"Mr. Cano was promoted to President, Worldwide Operations in August 2000 and was appointed to President, Europe in June 2007."
0000101830-18-000003,1,Michel Combes,director,director,election,elect,"Management Transition On January 4, 2018, Sprint Corporation (“Sprint” or the “Company”) announced that Michel Combes, 55, has agreed to become Chief Financial Officer and President of Sprint effective on January 6, 2018, and we expect that Mr. Combes will be appointed to Sprint’s Board of Directors."
0000101830-18-000003,2,Tarek Robbiati,Chief Financial Officer,CFO,departure,will leave,"Tarek Robbiati, our current Chief Financial Officer, will assist with the orderly transition of responsibilities and will leave Sprint on or before January 31, 2018."
0000101830-18-000003,3,Michel Combes,President,president,appointment,appointment,"Other Management Changes In connection with Mr. Combes’s appointment as President, on January 4, 2018, Sprint and Marcelo Claure, currently Chief Executive Officer and President, entered into an amendment to the Amended and Restated Employment Agreement, entered into on August 7, 2015, by and between and Marcelo Claure (the “Claure Amendment”)."
0000101830-18-000003,4,Marcelo Claure,President,president,departure,step down,"Pursuant to this amendment to the Claure Employment Agreement, Mr. Claure will step down as President while remaining Chief Executive Officer to allow for Mr. Combes’s appointment as President effective January 6, 2018."
0000101830-18-000003,5,Crull Amendment,Chief Strategy Officer,other_exec,appointment,appointed,"Pursuant to the Crull Amendment, Sprint has agreed to employ Mr. Crull as Chief Strategy Officer, and Mr. Crull may resign for good reason (as defined in the Crull Amendment) before April 30, 2018 if he is not appointed to an expanded role."
0000101830-18-000005,1,,director,director,election,elect,"On January 16, 2018, the Vacancy Resolution Committee of the Board of Directors (the “Board”) of Sprint Corporation (the “Company”) appointed a new director, Michel Combes, who is currently President and Chief Financial Officer of the Company."
0000101830-18-000021,1,Marcelo Claure,Executive Chairman of the Board,other_exec,appointment,appointment,"On May 1, 2018, the Board of Directors (the “ Board ”) of Sprint Corporation (the “ Company ”) approved the appointment of Marcelo Claure as Executive Chairman of the Board of the Company and the cessation of his services as the Company’s Chief Executive Officer, and the appointment of Michel Combes as Chief Executive Officer of the Company and the cessation of his services as the Company’s Chief Financial Officer, each becoming effective on the earlier of (1) the date the Company has appointed "
0000101830-18-000027,1,,director,director,election,elect,"(d) On May 23, 2018, the Vacancy Resolution Committee of the Board of Directors (the “Board”) of Sprint Corporation (the “Company”) appointed a new director, Stephen R. Kappes, effective as of May 31, 2018."
0000101830-18-000027,2,Stephen R. Kappes,director,director,election,elect,There are no arrangements or understandings between Mr. Kappes and any other persons pursuant to which Mr. Kappes was appointed as a director.
0000101830-18-000027,3,Stephen R. Kappes,director,director,election,elect,"Mr. Kappes will be appointed as a member of the Compensation Committee of the Board, effective as of May 31, 2018."
0000101830-18-000027,4,Stephen R. Kappes,Board as the “Security Director,director,departure,Depart,"In addition, effective as of May 31, 2018, Mr. Kappes will serve on the Board as the “Security Director” under the National Security Agreement among the Company, SoftBank Group Corp. (f/k/a Softbank Corp.), the Department of Justice, the Department of Homeland Security, and the Department of Defense."
0000101830-18-000029,1,Andrew M. Davies,Chief Financial Officer,CFO,appointment,appointment,"Prior to his appointment at Verizon Wireless, Mr. Davies held several senior financial roles within Vodafone Group Plc, including Chief Financial Officer of Vodafone India and Vodafone Turkey as well as positions in Vodafone UK and Vodafone Japan, from 2003 until 2010."
0000101830-18-000029,2,Marcelo Claure,Chief Executive Officer (“CEO,CEO,departure,ceased to serve,"Amended and Restated Employment Agreements As previously disclosed, Marcelo Claure was appointed Executive Chairman of the Board of Directors of the Company and ceased to serve as the Company’s Chief Executive Officer (“CEO”), and Michel Combes, the Company’s President, was appointed CEO, in each case effective as of May 31, 2018."
0000101830-18-000029,3,Michel Combes,CEO,CEO,appointment,appointment,"In connection with his appointment as CEO, Mr. Combes’s compensation will generally remain unchanged."
0000101830-19-000017,1,Andrew M. Davies,CFO,CFO,appointment,appointment,"On May 16, 2019, the Compensation Committee of Sprint Corporation (the “Company”) granted a cash bonus award (the “Cash Award”) to Andrew M. Davies, the Company’s Chief Financial Officer (“CFO”), in the amount of $1,125,000, or 1.5 times Mr. Davies’s annual base salary, in recognition of his contributions to the Company and the fact that he was not offered a Turnaround Incentive Award upon his appointment as CFO."
0001193125-20-093630,1,Paul Schieber,Vice President Controller,PAO,departure,no longer serve,"In connection therewith, as of the Effective Time, Mr. Claure, Executive Chairman, Mr. Combes, President and Chief Executive Officer, Nestor Cano, Chief Operating Officer, John Saw, Chief Technology Officer, Andrew Davies, Chief Financial Officer, Jorge Gracia, Chief Legal Officer, and Paul Schieber, Vice President and Controller, no longer serve in such positions for Sprint; in each case, this cessation of service was not related to any disagreement with Sprint on any matter relating to Sprint’"
0001104659-16-137921,1,James T. Ryan,Chief Executive Officer of the Company (“ CEO,CEO,departure,succeed/replace,"On August 8, 2016, W.W. Grainger, Inc. (the “ Company ”) announced that, effective as of October 1, 2016, Donald G. Macpherson will become the Chief Executive Officer of the Company (“ CEO ”) replacing James T. Ryan who will continue to serve as Chairman of the Board of Directors of the Company (the “ Board ”)."
0001104659-16-137921,2,Donald G. Macpherson,director,director,election,elect,"On August 8, 2016, the Board also expanded its size to increase the number of directors to 11, and elected Mr. Macpherson to the Board, in each case, effective as of October 1, 2016."
0001104659-16-137921,3,Donald G. Macpherson,"CEO, the independent directors of the Board",CEO,appointment,appointment,"In connection with Mr. Macpherson’s appointment to the position of CEO, the independent directors of the Board met in executive session without management participation and, upon the prior approval and recommendation of the Compensation Committee of the Board, approved an award to Mr. Macpherson of such number of performance vested restricted stock units (“ PRSUs ”) determined by dividing $2 million by the closing price of the shares of common stock, $0.50 par value per share, of the Company on "
0000277135-16-000057,1,William Lomax,principal accounting officer,PAO,departure,resigned,"Effective October 1, 2016, William Lomax, Vice President and Controller of W.W. Grainger, Inc. (the “ Company ”) and the Company’s principal accounting officer, resigned from his current position at the Company."
0000277135-17-000023,1,Beatriz R. Perez,director,director,election,elect,"On July 25, 2017, the Board of Directors (the “Board”) of W.W. Grainger, Inc. (the “Company”) appointed Beatriz R. Perez as a director, effective immediately."
0000277135-17-000023,2,Beatriz R. Perez,director,director,election,elect,"The Board also appointed Ms. Perez to its Board Affairs and Nominating Committee, and Compensation Committee."
0000277135-17-000028,1,James T. Ryan,"Board ”) of his retirement as a director, officer",other_exec,departure,retirement,"On August 2, 2017, James T. Ryan, Chairman of the Board of W.W. Grainger, Inc. (the “ Company ”), notified the Board of Directors of the Company (the “ Board ”) of his retirement as a director, officer and employee of the Company effective as of October 1, 2017."
0000277135-17-000028,2,James T. Ryan,Board,director,departure,retirement,"On August 2, 2017, the Board also decreased the number of directors to 10 in connection with Mr. Ryan’s retirement, and appointed D.G. Macpherson to succeed Mr. Ryan as Chairman of the Board, in each case, effective as of October 1, 2017."
0000277135-17-000044,1,Lucas E. Watson,director,director,election,elect,"On December 12, 2017, the Board of Directors (the “Board”) of W.W. Grainger, Inc. (the “Company”) appointed Lucas E. Watson as a director, effective immediately."
0000277135-17-000044,2,Lucas E. Watson,director,director,election,elect,"The Board also appointed Mr. Watson to its Board Affairs and Nominating Committee, and Audit Committee."
0001104659-18-021832,1,Ronald L. Jadin,"Chief Financial Officer, and principal financial officer",CFO,departure,retire,"On April 2, 2018, W.W. Grainger, Inc. (the “Company”) announced that, effective May 2, 2018, Thomas B. Okray will become the Company’s new Senior Vice President and Chief Financial Officer, and principal financial officer, succeeding Ronald L. Jadin, who will retire from the Company effective May 2, 2018."
0001104659-18-021832,2,Ronald L. Jadin,"Chief Financial Officer, and principal financial officer",CFO,departure,succeed/replace,"On April 2, 2018, W.W. Grainger, Inc. (the “Company”) announced that, effective May 2, 2018, Thomas B. Okray will become the Company’s new Senior Vice President and Chief Financial Officer, and principal financial officer, succeeding Ronald L. Jadin, who will retire from the Company effective May 2, 2018."
0001104659-18-021832,3,Thomas B. Okray,Chief Financial Officer,CFO,appointment,will become,"To execute a smooth transition of the Chief Financial Officer role, Mr. Okray will become an employee of the Company effective April 16, 2018."
0001104659-18-021832,4,Joseph C. High,Senior Vice President Chief People Officer,other_exec,departure,retire,"On April 2, 2018, the Company also announced that Joseph C. High, the Company’s Senior Vice President and Chief People Officer, will retire."
0001104659-18-021832,5,Joseph C. High,executive officer,other_exec,departure,resign,"Mr. High will resign as an executive officer but will continue as an employee providing advisory services through August 31, 2018 to assist in the leadership transition."
0001193125-19-165112,1,Peter Lieb,"Executive Vice President, General Counsel, and Secretary",other_exec,departure,retirement,"Aon Corporation entered into a transition and separation agreement with Peter Lieb, Executive Vice President, General Counsel, and Secretary of Aon plc (“Aon” or the “Company”), with respect to Mr. Lieb’s retirement from the Company effective as of December 31, 2020."
0001193125-20-045455,1,Michael O’Connor,President,president,departure,step down,"On February 20, 2020, Michael O’Connor notified Aon plc (the “Company”) of his decision to step down from his position as Co-President of the Company, effective immediately."
0001193125-20-045455,2,Eric Andersen,"President of the Company, is being named President",president,appointment,named,"Eric Andersen, current Co-President of the Company, is being named President of the Company, effective immediately."
0001193125-20-093512,1,Aon UK,Directors,director,departure,Resignation,"Election of Directors and Appointment of Officers; Resignation of Directors Effective at the Effective Time: (i) each of the directors of Aon UK immediately prior to the Effective Time, except for Gregory C. Case, resigned; (ii) Rogier Sparreboom was appointed as a director of Aon UK; (iii) each of the directors of Aon UK immediately prior to the Effective Time was elected as a director of Aon Ireland; and (iv) each of the executive officers of Aon UK immediately prior to the Effective Time was "
0001193125-20-282544,1,Byron Spruell,director,director,election,elect,"Effective October 27, 2020, the Board appointed Byron Spruell as a director of the Company."
0001193125-20-282544,2,Byron Spruell,director,director,election,elect,The Board has appointed Mr. Spruell to the Audit and Governance/Nominating Committees of the Board.
0001193125-21-022598,1,John Bruno,Chief Operating Officer,COO,departure,step down,"On January 25, 2021, John Bruno notified Aon plc (the “Company”) of his decision to step down from his position as the Company’s Chief Operating Officer, effective immediately."
0001193125-21-022598,2,James Platt,Chief Operating Officer,COO,appointment,will serve as,"James Platt will assume certain of Mr. Bruno’s responsibilities immediately, and as announced on January 27, 2021, Mr. Platt, age 49, will serve as the Company’s Chief Operating Officer, effective upon the closing of the previously announced combination of the Company and Willis Towers Watson Public Limited Company and subject to approval by the Company’s board of directors."
0001193125-21-206409,1,James Platt,Chief Operating Officer,COO,appointment,appointed,"On June 25, 2021, Aon plc (the “Company”) appointed James Platt to the position of Chief Operating Officer of the Company."
0001193125-21-206409,2,Anthony Goland,officer,other_exec,departure,stepping down,"Also on June 25, 2021, the Company announced Anthony Goland is stepping down as a Section 16 officer."
0001193125-19-272011,1,Peter H. Griffith,Executive Vice President and Chief Financial Officer,CFO,appointment,appointment,"On October 22, 2019, Amgen Inc. (the “Company”) publicly announced the appointment of Peter H. Griffith, age 60, to serve as the Company’s Executive Vice President and Chief Financial Officer, effective as of January 1, 2020."
0001193125-19-272011,2,David W. Meline,Executive Vice President and Chief Financial Officer,CFO,departure,no longer serve,"In connection with the appointment of Mr. Griffith, David W. Meline, age 61, will no longer serve as Executive Vice President and Chief Financial Officer as of the end of the day on December 31, 2019, but will continue as a non-executive officer to facilitate the transition."
0001193125-19-272011,3,Peter H. Griffith,"Chief Financial Officer On October 22, 2019, the Board of Directors",CFO,appointment,Appointment,"(c) Appointment of Chief Financial Officer On October 22, 2019, the Board of Directors of the Company (the “Board”) appointed Mr. Griffith to serve as the Company’s Executive Vice President and Chief Financial Officer, effective as of January 1, 2020, and to serve as Executive Vice President, Finance, effective as of his Hire Date."
0001193125-19-272011,4,Additional Information There,Chief Financial Officer,CFO,departure,Departure,"(b) Departure of Acting Chief Financial Officer Mr. Meline will no longer serve as the Company’s Chief Financial Officer effective as of the end of the day of December 31, 2019."
0001193125-19-272011,5,David W. Meline,executive officer,other_exec,departure,retire,"Mr. Meline will continue to serve as an Executive Vice President, Finance, of the Company, a non-executive officer position, and assist with Mr. Griffith’s transition at the Company, after which Mr. Meline expects to retire from the Company."
0001193125-19-272011,6,Peter H. Griffith,Executive Vice President Chief Financial Officer,CFO,departure,retirement,A copy of the press release announcing the appointment of Mr. Griffith and retirement of Mr. Meline is attached as Exhibit 99.1 to this Current Report on Form 8-K.
0001193125-20-197795,1,Amy E. Miles,director,director,election,elect,"On July 22, 2020, the Board of Directors (the “Board”) of Amgen Inc. (the “Company”) appointed Amy E. Miles as a director of the Company, effective July 23, 2020."
0001193125-20-197795,2,Amy E. Miles,director,director,election,elect,There are no transactions between Ms. Miles (or any member of her immediate family) and the Company (or any of its subsidiaries) and there is no arrangement or understanding between Ms. Miles and any other persons or entities pursuant to which Ms. Miles was appointed as a director of the Company.
0001193125-21-229599,1,Omar Ishrak,director,director,election,elect,"On July 29, 2021, the Board of Directors (the “Board”) of Amgen Inc. (the “Company”) appointed S. Omar Ishrak as a director of the Company, effective immediately."
0001193125-21-229599,2,Omar Ishrak,director,director,election,elect,There are no transactions between Dr. Ishrak (or any member of his immediate family) and the Company (or any of its subsidiaries) and there is no arrangement or understanding between Dr. Ishrak and any other persons or entities pursuant to which Dr. Ishrak was appointed as a director of the Company.
0001193125-22-211269,1,Michael V. Drake,director,director,election,elect,"On August 3, 2022, the Board of Directors (the “Board”) of Amgen Inc. (the “Company”) appointed Michael V. Drake as a director of the Company, effective immediately."
0001193125-22-211269,2,Michael V. Drake,director,director,election,elect,There are no transactions between Dr. Drake (or any member of his immediate family) and the Company (or any of its subsidiaries) and there is no arrangement or understanding between Dr. Drake and any other persons or entities pursuant to which Dr. Drake was appointed as a director of the Company.
0001193125-23-203033,1,Linda H. Louie,Chief Accounting Officer,PAO,departure,step down,"Linda H. Louie, the Company’s current CAO, has served in this role since July 2020, and effective August 14, 2023, as part of the Company’s leadership development activities, Ms. Louie will move to the role of the Company’s Vice President, Finance, with responsibility for corporate financial planning and analysis, and will step down as the Company’s Chief Accounting Officer."
0001193125-23-295027,1,James Bradner,Executive Vice President,other_exec,appointment,hired,"James Bradner, M.D., has been hired as the Company’s Executive Vice President, Research and Development, and Chief Scientific Officer, an executive officer position."
0001181431-09-037492,1,Dr. Eric,Board of Directors,director,departure,resigned,"(b) Dr. Eric Schmidt resigned from the Board of Directors of Apple Inc. effective July 31, 2009."
0001181431-10-056327,1,Dr. Ronald,director,director,election,elect,"(d) On November 16, 2010, the Board of Directors (the ""Board"") of Apple Inc. (the ""Company"") appointed Dr. Ronald D. Sugar to the Board to fill an existing vacancy."
0001181431-11-047179,1,Steve Jobs,Chief Executive Officer,CEO,departure,resigned,"(b), (c), (d), (e) On August 24, 2011: - Steve Jobs resigned as Chief Executive Officer of Apple Inc. (""Apple"")."
0001181431-11-047179,2,Steve Jobs,director,director,election,elect,"Mr. Jobs will continue to serve as an employee; - The Board of Directors (the ""Board"") appointed Mr. Jobs as Chairman of the Board; - The Board promoted Chief Operating Officer Timothy D. Cook to Chief Executive Officer; and - The Board appointed Mr. Cook to the Board to fill an existing vacancy."
0001181431-11-047179,3,Timothy D. Cook,"Chief Executive Officer, the Board",CEO,appointment,appointment,"In connection with Mr. Cook's appointment as Chief Executive Officer, the Board awarded Mr. Cook 1,000,000 restricted stock units."
0001181431-11-056354,1,Robert A. Iger,director,director,election,elect,"(d) On November 15, 2011, the Board of Directors (the ""Board"") of Apple Inc. (the ""Company"") appointed Robert A. Iger to the Board."
0001181431-12-038301,1,Betsy Rafael,"Vice President, Corporate Controller and Principal Accounting Officer",PAO,departure,retire,"(b) Betsy Rafael, Apple Inc.'s Vice President, Corporate Controller and Principal Accounting Officer, will retire from Apple effective October 19, 2012."
0001181431-13-041847,1,Bob Mansfield,Senior Vice President,other_exec,departure,no longer on Apple's executive team,"Effective July 25, 2013, Bob Mansfield, Apple Inc.'s Senior Vice President, Technologies, is no longer on Apple's executive team but will remain at Apple to work on future products."
0001193125-14-084697,1,Peter Oppenheimer,Senior Vice President Chief Financial Officer,CFO,departure,retire,"(b),(c) On March 4, 2014, Apple Inc. (the “Company”) announced that Peter Oppenheimer, the Company’s Senior Vice President, Chief Financial Officer, will retire at the end of September and Luca Maestri, the Company’s Vice President of Finance and Corporate Controller, will be appointed as CFO and will transition into that role in June."
0001181431-14-021923,1,Luca Maestri,"Senior Vice President, Chief Financial Officer",CFO,appointment,appointed,"(Exact name of registrant as specified in its charter) Commission File Number: 000-10030 CA 94-2404110 (State or other jurisdiction of (IRS Employer incorporation) Identification No.) 1 Infinite Loop, Cupertino, CA 95014 (Address of principal executive offices, including zip code) (408) 996-1010 (Registrant’s telephone number, including area code) (Former name or former address, if changed since last report) Check the appropriate box below if the Form 8-K filing is intended to simultaneously sat"
0001181431-14-021923,2,Peter Oppenheimer,CFO,CFO,departure,retirement,"Mr. Maestri succeeds Peter Oppenheimer in the role of CFO, and Mr. Oppenheimer will transition the balance of his responsibilities over the summer until his planned retirement at the end of September."
0001181431-14-021923,3,Peter Oppenheimer,CFO,CFO,departure,succeed/replace,"Mr. Maestri succeeds Peter Oppenheimer in the role of CFO, and Mr. Oppenheimer will transition the balance of his responsibilities over the summer until his planned retirement at the end of September."
0001181431-14-021923,4,Luca Maestri,CFO,CFO,appointment,appointment,"In connection with Mr. Maestri's appointment as CFO, he will receive an annual salary of $1 million and will be eligible to participate in Apple's performance-based cash bonus program for executive officers on a pro rata basis for fiscal 2014."
0001193125-14-271698,1,Susan L. Wagner,director,director,departure,retirement,"(b), (d) On July 15, 2014, the Board of Directors of Apple Inc. (“Apple”) appointed Susan L. Wagner to the Board concurrently with the retirement of William V. Campbell."
0001193125-15-336615,1,James A. Bell,director,director,election,elect,"(d) On October 1, 2015, the Board of Directors of Apple Inc. appointed James A. Bell to Apple’s Board."
0001193125-15-406279,1,Jeff Williams,"Senior Vice President, Operations, to the role of Chief Operating Officer",COO,appointment,appointed,"(d) On December 16, 2015, Apple Inc. appointed Jeff Williams, Senior Vice President, Operations, to the role of Chief Operating Officer."
0001193125-17-308859,1,Bruce Sewell,Senior Vice President General Counsel Secretary,other_exec,departure,succeeded by,"Mr. Sewell will be succeeded by Katherine Adams, who will assume the role of General Counsel and Senior Vice President of the company, effective November 13, 2017."
0000320193-19-000026,1,Angela Ahrendts,Senior Vice President,other_exec,departure,depart,"(b) On February 5, 2019, Apple Inc. announced that Angela Ahrendts, Senior Vice President, Retail, would depart Apple, effective April 15, 2019."
0000320193-19-000026,2,Angela Ahrendts,Senior Vice President,other_exec,departure,succeeded by,"Ms. Ahrendts is succeeded by Deirdre O’Brien, who assumed the role of Senior Vice President, Retail + People, effective February 5, 2019."
0000320193-19-000093,1,Bob Iger,Board of Directors,director,departure,resigned,"(b) On September 10, 2019, Bob Iger resigned from the Board of Directors of Apple Inc."
0001193125-21-001982,1,Ms. Monica,director,director,election,elect,"On December 29, 2020, the Board of Directors (the “Board”) of Apple Inc. appointed Ms. Monica Lozano to Apple’s Board, effective as of January 4, 2021."
0001193125-16-442035,1,Ralph J. Nicoletti,director,director,election,elect,"In order to fill the resulting vacancy, the Board appointed Ralph J. Nicoletti as a director of Gallagher, to serve until he stands for election at the 2016 Annual Meeting of Stockholders."
0001193125-16-442035,2,Ralph J. Nicoletti,director,director,election,elect,"Concurrently with his appointment to the Board, Mr. Nicoletti was appointed to serve on the Audit Committee of the Board."
0000354950-12-000027,1,Mr. Mark,director,director,election,elect,"On September 20, 20 12, the Board of Directors of The Home Depot, Inc. (the ""Company"") elected Mr. Mark Vadon as a director of the Company upon the recommendation of the Nominating and Corporate Governance Committee."
0000354950-12-000027,2,Mr. Vadon,director,director,election,elect,The Board of Directors also appointed Mr. Vadon to serve on the Audit Committee and the Finance Committee of the Board.
0000354950-12-000032,1,Ronald L. Sargent,Board of Directors,director,departure,resigned,"On November 15, 2012, Ronald L. Sargent informed the Company that he resigned from the Company's Board of Directors, effective immediately."
0000354950-13-000017,1,,Directors and Certain Officers; Election of Directors,director,departure,Departure,Departure of Directors and Certain Officers; Election of Directors; Appointment of Certain Officers; Compensatory Arrangements of Certain Officers.
0000354950-13-000037,1,Ms. Helena,director,director,election,elect,"On September 20, 2013, the Board of Directors of The Home Depot, Inc. (the ""Company"") elected Ms. Helena B. Foulkes as a director of the Company upon the recommendation of the Nominating and Corporate Governance Committee."
0000354950-14-000030,1,Francis S. Blake,CEO Francis S. Blake will step down from the CEO,CEO,departure,step down,"Current Chairman and CEO Francis S. Blake will step down from the CEO position, effective November 1, 2014, and remain as Chairman."
0000723254-19-000015,1,,director,director,election,elect,"On July 1, 2019, the Board of Directors (the Board) of Cintas Corporation (the Company or Cintas), upon the recommendation of the Nominating and Corporate Governance Committee of the Board, expanded the Board from eight members to nine members and appointed Karen L. Carnahan to the Board, effective immediately."
0000723254-19-000015,2,Arthur Andersen,"vice president & treasurer, vice president",other_exec,departure,depart,"She first joined the company’s finance and treasury department after completing several years with Arthur Andersen & Co. Ms. Carnahan served Cintas at an executive level for more than 20 years, including in the roles of vice president & treasurer, vice president of corporate development and president & chief operating officer of Cintas’ document management division."
0000723254-19-000015,3,Karen L. Carnahan,director,director,election,elect,There is no arrangement or understanding between Ms. Carnahan and any other person pursuant to which Ms. Carnahan was elected as a director of the Company.
0000723254-19-000019,1,Karen L. Carnahan,director,director,election,elect,"On July 1, 2019, the Board of Directors (the Board) of Cintas Corporation (the Company or Cintas) appointed Karen L. Carnahan as a member of the Board."
0000723254-19-000019,2,Karen L. Carnahan,director,director,election,elect,"At the Board Meeting on July 23, 2019, Ms. Carnahan was appointed to the Audit Committee of the Board and the Nominating and Corporate Governance Committee of the Board."
0000723254-21-000012,1,Thomas E. Frooman,Senior Vice President General Counsel Secretary,other_exec,departure,retire,"On April 23, 2021, as part of succession planning, Thomas E. Frooman, Senior Vice President, General Counsel and Secretary of Cintas Corporation (the “Company”), notified the Company that he would retire, effective as of July 31, 2021."
0000723254-21-000012,2,Thomas E. Frooman,Senior Vice President,president,departure,succeed/replace,"D. Brock Denton will replace Mr. Frooman as Senior Vice President, General Counsel and Secretary of the Company beginning August 1, 2021."
0001193125-06-248715,1,John W. Snow,director,director,election,elect,"On December 7, 2006, Verizon’s Board of Directors elected John W. Snow as a Director, effective February 1, 2007."
0001193125-06-251425,1,Babbio Jr,President Lawrence T. Babbio Jr. has notified the Board of Directors,president,departure,retire,"On December 11, 2006, Verizon announced that Vice Chairman and President Lawrence T. Babbio Jr. has notified the Board of Directors of his intention to retire by the end of the first quarter 2007."
0001193125-06-256227,1,Dennis F. Strigl,President and Chief Operating Officer,COO,appointment,will become,"Effective January 1, 2007, Dennis F. Strigl will become President and Chief Operating Officer of Verizon Communications Inc. Compensation changes associated with Mr. Strigl’s appointment have not yet been determined."
0001193125-07-020398,1,Dennis F. Strigl,President and Chief Operating Officer,COO,appointment,appointment,"In order to take into account the broader scope of responsibilities that Dennis F. Strigl assumed upon his appointment as the President and Chief Operating Officer of Verizon Communications Inc., the Human Resources Committee of Verizon’s Board of Directors considered relevant market data and approved an increase in Mr. Strigl’s annual base salary from $1.125 million to $1.25 million."
0001193125-07-199004,1,James R. Barker,Board of Directors,director,departure,retired,"On September 6, 2007, James R. Barker retired from the Board of Directors of Verizon Communications Inc., pursuant to the Board’s retirement policy as set forth in its Corporate Governance Guidelines."
0001193125-07-261097,1,Walter V. Shipley,Board of Directors,director,departure,retired,"On December 6, 2007, Walter V. Shipley retired from the Board of Directors of Verizon Communications Inc., pursuant to the Board’s retirement policy as set forth in its Corporate Governance Guidelines."
0001193125-08-204660,1,William P. Barr,Executive Vice President General Counsel,other_exec,departure,retire,"On September 29, 2008, William P. Barr, Executive Vice President and General Counsel of Verizon Communications Inc., announced his plans to retire, effective at year-end."
0001193125-12-493313,1,Kathryn A. Tesija,director,director,election,elect,Ms. Tesija has not yet been named to a Board committee.
0001193125-13-043053,1,Gregory D. Wasson,director,director,election,elect,"Election of Director On February 7, 2013, the Board of Directors of Verizon Communications Inc. (Verizon) elected Gregory D. Wasson, President and Chief Executive Officer of Walgreen Co., as a director, effective March 1, 2013."
0001193125-13-043053,2,Gregory D. Wasson,director,director,election,elect,Mr. Wasson has not yet been named to a Board committee.
0001193125-13-357857,1,,director,director,election,elect,"Verizon Communications Inc. (Verizon) previously filed a Current Report on Form 8-K (the Original Filing) to report that on February 7, 2013, the Verizon Board of Directors elected Gregory D. Wasson as a Director, effective March 1, 2013."
0001193125-13-357855,1,,director,director,election,elect,"Verizon Communications Inc. (Verizon) previously filed a Current Report on Form 8-K (the Original Filing) to report that on December 6, 2012, the Verizon Board of Directors elected Kathryn A. Tesija as a Director, effective on that date."
0001193125-13-432495,1,Shellye Archambeau,director,director,election,elect,"Election of Director On November 7, 2013, the Board of Directors of Verizon Communications Inc. (Verizon) elected Shellye Archambeau, Chief Executive Officer of Metricstream, Inc., as a director, effective December 1, 2013."
0001193125-13-432495,2,Shellye Archambeau,director,director,election,elect,Ms. Archambeau has not yet been named to a Board committee.
0001193125-14-331837,1,,director,director,election,elect,"Verizon Communications Inc. (Verizon) previously filed a Current Report on Form 8-K (the Original Filing) to report that on November 7, 2013, the Verizon Board of Directors elected Shellye L. Archambeau as a director, effective December 1, 2013."
0001193125-14-436511,1,Randal S. Milch,Chief Executive Officer,CEO,appointment,will become,"Effective January 1, 2015, Mr. Milch will become strategic policy advisor to Mr. Lowell C. McAdam, Verizon’s Chairman and Chief Executive Officer, and will oversee strategic policy initiatives."
0001193125-15-010064,1,Robert W. Lane,Board of Directors,director,departure,not stand for re-election,"On January 9, 2015, Robert W. Lane, a member of the Board of Directors of Verizon Communications Inc. (the Company), indicated that he will not stand for re-election when his term expires at the Company’s 2015 Annual Meeting of Shareholders on May 7, 2015."
0001193125-15-035447,1,Mark T. Bertolini,director,director,election,elect,"On February 5, 2015, the Board of Directors of Verizon Communications Inc. (Verizon) elected Mark T. Bertolini, Chairman and Chief Executive Officer of Aetna Inc., as a director, effective immediately."
0001193125-15-035447,2,Mark T. Bertolini,director,director,election,elect,Mr. Bertolini has not yet been named to a Board committee.
0001193125-15-051424,1,Consumer Wireline,Executive Vice President and President,president,appointment,appointed,"John G. Stratton, age 53, formerly Verizon’s Executive Vice President and President – Global Enterprise and Consumer Wireline, has been appointed to a new role as Executive Vice President and President of Operations, with operational responsibility for Verizon’s wireless and wireline businesses."
0001193125-15-051424,2,Daniel S. Mead,Executive Vice President and President,president,appointment,appointed,"Daniel S. Mead, age 61, formerly Verizon’s Executive Vice President and President and Chief Executive Officer – Verizon Wireless, has been appointed to a new role as Executive Vice President and President of Strategic Initiatives, with responsibility for directing the transfer of Verizon’s wireline operations in California, Florida and Texas to Frontier Communications Corporation."
0001193125-15-051424,3,Daniel S. Mead,Executive Vice President President,president,departure,retire,Mr. Mead expects to retire following the completion of the strategic initiatives on which he is working.
0001193125-15-185255,1,Mr. Lowell,Chief Executive Officer,CEO,departure,retire,"On May 12, 2015, Randal S. Milch, executive vice president and strategic policy advisor to Mr. Lowell C. McAdam, Verizon’s Chairman and Chief Executive Officer, announced his plans to retire, effective later in May 2015."
0001193125-15-311636,1,Gregory G. Weaver,director,director,election,elect,"On September 2, 2015, the Board of Directors of Verizon Communications Inc. (Verizon) elected Gregory G. Weaver, former Chairman and Chief Executive Officer of Deloitte & Touche LLP, as a director, effective immediately."
0001193125-15-311636,2,Gregory G. Weaver,director,director,election,elect,Mr. Weaver has not yet been named to a Board committee.
0001193125-15-367882,1,Ludwig Kley,director,director,election,elect,"On November 5, 2015, the Board of Directors of Verizon Communications Inc. (Verizon) elected Karl-Ludwig Kley, Chairman of the Executive Board and Chief Executive Officer of Merck KGaA, as a director, effective immediately."
0001193125-15-367882,2,Ludwig Kley,director,director,election,elect,Dr. Kley has not yet been named to a Board committee.
0001193125-15-394003,1,,director,director,election,elect,"Verizon Communications Inc. (Verizon) previously filed a Current Report on Form 8-K (the Original Filing) to report that on February 5, 2015, the Verizon Board of Directors elected Mark T. Bertolini as a Director, effective immediately."
0001193125-16-610887,1,,director,director,election,elect,"Verizon Communications Inc. (Verizon) previously filed a Current Report on Form 8-K (the Original Filing) to report that on September 2, 2015, the Verizon Board of Directors elected Gregory G. Weaver as a director, effective immediately."
0001193125-16-617604,1,Daniel S. Mead,Executive Vice President President,president,departure,retire,"On June 8, 2016, Daniel S. Mead, Verizon’s Executive Vice President and President of Strategic Initiatives, announced his plans to retire, effective July 1, 2016."
0001193125-16-699639,1,Francis J. Shammo,Chief Financial Officer,CFO,departure,step down,"On September 1, 2016, Francis J. Shammo, Verizon’s Executive Vice President and Chief Financial Officer, announced his plans to step down as Verizon’s Chief Financial Officer, effective November 1, 2016 and to retire from the company at the end of 2016."
0001193125-16-699639,2,Francis J. Shammo,Verizon’s Executive Vice President and Chief Financial Officer effective November 1,CFO,departure,succeed/replace,"On September 1, 2016, the Verizon Board of Directors appointed Matthew D. Ellis to succeed Mr. Shammo as Verizon’s Executive Vice President and Chief Financial Officer effective November 1, 2016."
0001193125-16-798875,1,Donald T. Nicolaisen,Board,director,departure,resigning,"On December 19, 2016, Donald T. Nicolaisen, a member of the Board of Directors (the Board) of Verizon Communications Inc. (the Company), informed the Company that he is resigning from the Board, effective December 31, 2016."
0001193125-16-798875,2,Donald T. Nicolaisen,Board of Directors,director,departure,resign,Mr. Nicolaisen’s decision to resign is not the result of any disagreement with the Company.
0001193125-17-303383,1,Lowell McAdam,Chief Executive Officer,CEO,departure,will leave,"Following that date, she will report to Lowell McAdam, the Chairman and Chief Executive Officer of Verizon, as a strategic advisor and will leave the company in February 2018."
0001193125-18-187324,1,Lowell C. McAdam,Executive Chairman,other_exec,departure,resignation,"The Board of Directors (the Board) of Verizon Communications Inc. (Verizon) announced that as of June 7, 2018: • The Board accepted the resignation of Lowell C. McAdam as Chief Executive Officer of Verizon, which resignation is effective as of August 1, 2018."
0001193125-18-187324,2,Lowell C. McAdam,Executive Chairman,other_exec,departure,retire,"On December 31, 2018, Mr. McAdam will retire as an employee of Verizon and remain on the Board thereafter as Non-Executive Chairman."
0001193125-18-187324,3,Hans E. Vestberg,director,director,election,elect,• The Board elected Mr. Vestberg as a Director of Verizon.
0001193125-18-187324,4,John G. Stratton,Executive Vice President President,president,departure,retire,Mr. Stratton announced his plans to retire by the end of the year.
0001193125-18-187324,5,Lowell C. McAdam,Executive Chairman,other_exec,departure,retirement,"All other functions reporting to Mr. McAdam will continue to report to him until his retirement, at which time they will report to Mr. Vestberg."
0001193125-18-187324,6,Hans E. Vestberg,Chief Executive Officer,CEO,appointment,appointment,"In connection with Mr. Vestberg’s appointment as Chief Executive Officer, the Human Resources Committee (the Committee) of the Board recommended, and the independent members of the Board approved, a compensation increase for Mr. Vestberg."
0001193125-18-187324,7,Hans E. Vestberg,Chief Executive Officer,CEO,appointment,appointment,"In connection with Mr. Vestberg’s appointment as Chief Executive Officer, the Committee recommended, and the independent members of the Board approved, a special one-time equity award to Mr. Vestberg with a grant date of August 1, 2018, with 100% of the award opportunity in the form of performance stock units (PSUs)."
0001193125-18-187324,8,Lowell C. McAdam,Executive Chairman of the Board,other_exec,departure,retirement,"On January 1, 2019, after his retirement from Verizon, Mr. McAdam will become the Non-Executive Chairman of the Board."
0001193125-18-268028,1,Daniel H. Schulman,director,director,election,elect,"On September 6, 2018, the Board of Directors of Verizon Communications Inc. (Verizon) elected Daniel H. Schulman, President and Chief Executive Officer of PayPal Holding, Inc., as a director, effective immediately."
0001193125-18-268028,2,Daniel H. Schulman,director,director,election,elect,Mr. Schulman has not yet been named to a Board committee.
0001193125-18-292824,1,Gregory D. Wasson,Board,director,departure,resigning,"On October 1, 2018, Gregory D. Wasson, a member of the Board of Directors (the Board) of Verizon Communications Inc. (the Company), informed the Company that he is resigning from the Board, effective October 1, 2018."
0001193125-18-292824,2,Gregory D. Wasson,Board of Directors,director,departure,resign,Mr. Wasson’s decision to resign is not the result of any disagreement with the Company.
0001193125-19-031481,1,,director,director,election,elect,"Verizon Communications Inc. (Verizon) previously filed a Current Report on Form 8-K (the Original Filing) to report that on September 6, 2018, the Verizon Board of Directors elected Daniel H. Schulman as a director, effective immediately."
0001193125-19-031476,1,Richard L. Carrión,Board of Directors,director,departure,not stand for re-election,"On February 6, 2019, Richard L. Carrión, a member of the Board of Directors of Verizon Communications Inc. (Verizon or the Company), informed the Board that he will not stand for re-election when his term expires at the Company’s 2019 annual meeting of shareholders on May 2, 2019."
0001193125-19-031476,2,Lowell C. McAdam,Board of Directors,director,departure,not stand for re-election,"On February 7, 2019, Lowell C. McAdam, Chairman of the Verizon Board of Directors, informed the Board that he will not stand for re-election when his terms expires at the Company’s 2019 annual meeting of shareholders on May 2, 2019, and he tendered his resignation as Chairman."
0001193125-19-031476,3,Lowell C. McAdam,Board,director,departure,resignation,"The Board accepted Mr. McAdam’s resignation as Chairman, effective as of March 8, 2019, and elected Hans E. Vestberg, Chief Executive Officer of Verizon, as Chairman of the Board, effective as of March 8, 2019."
0001193125-19-031476,4,"Clarence Otis, Jr.",director,director,election,elect,"On February 7, 2019, the Verizon Board elected Clarence Otis, Jr. to serve as Lead Director of the Board, effective March 8, 2019."
0001193125-19-031476,5,Frances Keeth,Board Board,director,departure,retirement,"Mr. Otis is assuming the role from M. Frances Keeth, who is retiring from the Board in accordance with the Board’s mandatory retirement policy when her terms expires at the Company’s annual meeting of shareholders on May 2, 2019."
0001193125-19-307167,1,Carol B. Tomé,director,director,election,elect,Ms. Tomé has not yet been named to a Board committee.
0001193125-19-307167,2,Vittorio Colao,director,director,election,elect,"On May 2, 2019, Vittorio Colao was elected to the Board of Directors of Verizon at the company’s Annual Meeting of Shareholders."
0001193125-19-307167,3,Vittorio Colao,director,director,election,elect,"On December 5, 2019, the Board of Directors of Verizon appointed Mr. Colao to the Corporate Governance and Policy and Finance Committees of the Board, effective on that date."
0001193125-20-025340,1,Kathryn A. Tesija,Board of Directors,director,departure,not stand for re-election,"On February 5, 2020, Kathryn A. Tesija, a member of the Board of Directors of Verizon Communications Inc. informed the Board that she will not stand for re-election when her term expires at the Company’s 2020 annual meeting of shareholders."
0001193125-20-072475,1,Carol Tomé,Chief Executive Officer,CEO,appointment,appointed,"On March 12, 2020, Carol Tomé, a Director of Verizon Communications Inc. (Company), informed the Company that she has been appointed as Chief Executive Officer of United Parcel Service, Inc., that her new position would render her overboarded under Verizon’s Corporate Governance Guidelines, and that, as a result, she was resigning from the Company’s Board effective on that date."
0001193125-21-160418,1,,director,director,election,elect,"Verizon Communications Inc. (Verizon) previously filed a Current Report on Form 8-K (the Original Filing) to report that on October 2, 2020, the Verizon Board of Directors elected Roxanne S. Austin as a director, effective immediately."
0001193125-21-199523,1,Laxman Narasimhan,director,director,election,elect,"On June 24, 2021, the Board of Directors of Verizon Communications Inc. (Verizon) elected Laxman Narasimhan, Group Chief Executive Officer of Reckitt Benckiser Group PLC, as a director, effective July 1, 2021."
0001193125-21-199523,2,Laxman Narasimhan,director,director,election,elect,Mr. Narasimhan has not yet been named to a Board committee.
0001193125-21-245801,1,Carol B. Tomé,director,director,election,elect,"On August 12, 2021, the Board of Directors of Verizon Communications Inc. (Verizon) elected Carol B. Tomé, Chief Executive Officer of United Parcel Service, Inc., as a director, effective September 1, 2021."
0001193125-21-245801,2,Carol B. Tomé,director,director,election,elect,Ms. Tomé has not yet been named to a Board committee.
0001193125-21-262922,1,Mr. Guru,executive officer,other_exec,departure,ceased to serve,"On September 1, 2021, upon the completion of the Sale (as defined in Item 8.01 of this Form 8-K), Mr. Guru Gowrappan ceased to serve in his capacity as an executive officer of Verizon Communications Inc. (“ Verizon ”) with the title of Executive Vice President and Group CEO - Verizon Media."
0001193125-21-323046,1,Ronan Dunne,Chief Executive Officer,CEO,appointment,will serve as,"Effective January 1, 2022, Mr. Dunne will serve as a strategic advisor to Hans E. Vestberg, Chairman and Chief Executive Officer of Verizon."
0001193125-21-346654,1,,director,director,election,elect,"Verizon Communications Inc. (Verizon) previously filed a Current Report on Form 8-K (the Original Filing) to report that on June 24, 2021, the Verizon Board of Directors elected Laxman Narasimhan as a director, effective July 1, 2021."
0001193125-21-346650,1,,director,director,election,elect,"Verizon Communications Inc. (Verizon) previously filed a Current Report on Form 8-K (the Original Filing) to report that on August 12, 2021, the Verizon Board of Directors elected Carol B. Tomé as a director, effective September 1, 2021."
0001193125-22-151826,1,Hans Vestberg,Chief Executive Officer,CEO,departure,departure,"Ms. Erwin will continue in her current position until her successor is appointed, after which she will report to Hans Vestberg, the Chairman and Chief Executive Officer of Verizon, as a strategic advisor until her departure."
0001193125-22-168378,1,Tami A. Erwin,Executive Vice President and Group CEO,CEO,departure,step down,"Verizon Communications Inc. (“Verizon”) announced that Tami A. Erwin, Verizon’s Executive Vice President and Group CEO - Verizon Business, would step down from her current position effective July 1, 2022."
0001193125-22-230055,1,Verizon Consumer,Executive Vice President and Group CEO,CEO,departure,depart,"Ronan Dunne, Strategic Advisor to the Chairman and Chief Executive Officer of Verizon Communications Inc. (Verizon) Hans Vestberg and former Executive Vice President and Group CEO - Verizon Consumer, will depart from Verizon effective September 30, 2022."
0001193125-23-058988,1,Matthew D. Ellis,Verizon’s Executive Vice President and Chief Financial Officer,CFO,departure,succeed/replace,"On March 2, 2023, the Verizon Board of Directors appointed Anthony T. Skiadas, Verizon’s Senior Vice President and Controller, to succeed Matthew D. Ellis as Verizon’s Executive Vice President and Chief Financial Officer, effective May 1, 2023."
0001193125-23-058988,2,Anthony T. Skiadas,Verizon’s Senior Vice President and Controller,PAO,departure,succeed/replace,"On March 2, 2023, the Verizon Board of Directors appointed Mary-Lee Stillwell to succeed Mr. Skiadas as Verizon’s Senior Vice President and Controller, effective May 1, 2023."
0001193125-23-058988,3,Kyle Malady,Executive Vice President and President,president,departure,ceased to serve,"On that day, Mr. Malady ceased to serve as Verizon’s Executive Vice President and President - Global Networks & Technology."
0001193125-24-013874,1,Melanie L. Healey,Board of Directors,director,departure,not stand for re-election,"On January 18, 2024, Melanie L. Healey, a member of the Board of Directors of Verizon Communications Inc. (Verizon), informed Verizon that she will not stand for re-election when her term expires at Verizon’s 2024 annual meeting of shareholders."
0001193125-24-146021,1,Craig L. Silliman,Executive Vice President and President,president,departure,step down,"Verizon Communications Inc. (“Verizon”) announced that Craig L. Silliman, Verizon’s Executive Vice President and President - Verizon Global Services, would step down from his current position effective July 1, 2024."
0001193125-24-170544,1,Caroline A. Litchfield,director,director,election,elect,Ms. Litchfield has not yet been named to a Board committee.
0000950123-06-015733,1,Reuben V. Anderson,director,director,election,elect,"On December 29, 2006, the Board of Directors of AT&T increased the size of the board from 17 to 20 members and appointed Reuben V. Anderson, James H. Blanchard and James P. Kelly, each of whom previously served as a Director of BellSouth, as Directors of AT&T, effective as of December 29, 2006."
0000950123-06-015733,2,Reuben V. Anderson,director,director,election,elect,"The Board took this action pursuant to the terms of the Merger Agreement, which requires AT&T to appoint three members of the Board of Directors of BellSouth selected by mutual agreement of AT&T and BellSouth, to the Board of Directors of AT&T. As of the time of the filing of this Report, Messrs. Anderson, Blanchard and Kelly had not been appointed to any committees of the Board of Directors of AT&T and AT&T had not determined to which committees, if any, Messrs. Anderson, Blanchard and Kelly ma"
0000732717-07-000007,1,Reuben V. Anderson,director,director,election,elect,"A Form 8-K was filed on December 29, 2006 to report that each of Messrs. Anderson, Blanchard and Kelly were elected to the Board of Directors on December 29, 2006."
0000732717-07-000028,1,"Edward E. Whitacre, Jr.",Board of Directors and as Chief Executive Officer and President,CEO,departure,retire,"On April 27, 2007, Edward E. Whitacre, Jr. announced his intention to retire from the Board of Directors and as Chief Executive Officer and President of AT&T Inc. (“AT&T”) effective as of June 3, 2007, and James D. Ellis announced his intention to retire as Senior Executive Vice President and General Counsel of AT&T effective as of June 3, 2007."
0000732717-07-000028,2,Randall L. Stephenson,director,director,election,elect,"Also on April 27, 2007, the Board of Directors of AT&T appointed Randall L. Stephenson to the positions of Chairman of the Board of Directors, Chief Executive Officer and President of AT&T effective as of June 4, 2007."
0000732717-07-000038,1,Randall L. Stephenson,director,director,election,elect,"AT&T Inc. (“AT&T”) filed a current report on Form 8-K on April 30, 2007 to report that the Board of Directors of AT&T had appointed Randall L. Stephenson to the positions of Chairman of the Board of Directors, Chief Executive Officer and President of AT&T effective as of June 4, 2007."
0000732717-07-000084,1,Stan Sigman,President and Chief Executive Officer,CEO,departure,retirement,"On October 11, 2007, AT&T Inc. announced the retirement of Stan Sigman as President and Chief Executive Officer-AT&T Mobility."
0000732717-08-000070,1,Jaime Chico Pardo,director,director,election,elect,"On September 26, 2008, the Board of Directors of AT&T Inc. increased the size of the board from 14 to 15 members and elected Jaime Chico Pardo as a Director and a member of the Audit Committee."
0000732717-10-000011,1,William F. Aldinger III,Director,director,departure,not stand for re-election,"On February 17, 2010, William F. Aldinger III informed AT&T Inc. (“AT&T”) that he will not stand for re-election as a Director at AT&T’s 2010 Annual Meeting of Stockholders."
0000732717-10-000082,1,Matthew K. Rose,director,director,election,elect,"On September 24, 2010, the Board of Directors of AT&T Inc. increased the size of the Board from 12 to 13 members and elected Matthew K. Rose as a Director to fill the resulting vacancy."
0000732717-10-000082,2,Matthew K. Rose,director,director,election,elect,The Board has not yet appointed Mr. Rose to any Board committee.
0000732717-10-000097,1,Matthew K. Rose,director,director,election,elect,"AT&T filed a current report on Form 8-K on September 30, 2010 to report that Mr. Rose was elected to the Board of Directors of AT&T on September 24, 2010."
0000732717-11-000016,1,Richard G. Lindner,Executive Vice President and Chief Financial Officer,CFO,departure,retire,"On March 4, 2011, Richard G. Lindner announced his intention to retire as Senior Executive Vice President and Chief Financial Officer of AT&T Inc. (“AT&T”) effective as of June 1, 2011."
0000732717-11-000016,2,John J. Stephens,Executive Vice President and Chief Financial Officer,CFO,appointment,appointed,"Also on March 4, 2011, AT&T announced that John J. Stephens will be appointed as Senior Executive Vice President and Chief Financial Officer of AT&T effective as of June 1, 2011."
0000732717-11-000033,1,Richard G. Lindner,Executive Vice President and Chief Financial Officer,CFO,departure,retire,"On March 7, 2011, AT&T Inc. (“AT&T”) filed a current report on Form 8-K to report that Richard G. Lindner had announced his intention to retire as Senior Executive Vice President and Chief Financial Officer of AT&T and that John J. Stephens would be appointed as Senior Executive Vice President and Chief Financial Officer of AT&T, each effective as of June 1, 2011."
0000732717-12-000063,1,Scott T. Ford,director,director,election,elect,"On June 29, 2012, the Board of Directors of AT&T Inc. increased the size of the Board from 11 to 12 members and elected Scott T. Ford as a Director to fill the resulting vacancy."
0000732717-13-000012,1,Michael B. McCallister,director,director,election,elect,"On February 1, 2013, the Board of Directors of AT&T Inc. increased the size of the Board from 12 to 13 members and elected Michael B. McCallister as a Director to fill the resulting vacancy."
0000732717-13-000058,1,Cynthia B. Taylor,director,director,election,elect,"On June 28, 2013, the Board of Directors of AT&T Inc. increased the size of the Board from 13 to 14 members and elected Cynthia B. Taylor as a Director to fill the resulting vacancy."
0000732717-13-000077,1,Gilbert F. Amelio,Director,director,departure,retire,"On July 19, 2013, Gilbert F. Amelio notified AT&T Inc. of his plan to retire as a Director of AT&T Inc. effective July 25, 2013."
0000732717-13-000090,1,Beth E. Mooney,director,director,election,elect,"On September 27, 2013, the Board of Directors of AT&T Inc. increased the size of the Board from 13 to 14 members and elected Beth E. Mooney as a Director to fill the resulting vacancy."
0000732717-14-000094,1,,director,director,election,elect,"Election of Directors On June 27, 2014, the Board of Directors of AT&T Inc. (“AT&T”) increased the size of the Board from 13 to 14 members and elected Glenn H. Hutchins as a Director to fill the resulting vacancy."
0000732717-14-000126,1,William E. Kennard,director,director,election,elect,"On November 7, 2014, the Board of Directors of AT&T Inc. (“AT&T”) increased the size of the Board from 14 to 15 members and elected William E. Kennard as a Director to fill the resulting vacancy."
0000732717-15-000056,1,Richard W. Fisher,director,director,election,elect,"On June 26, 2015, the Board of Directors of AT&T Inc. increased the size of the Board from 12 to 13 members and elected Richard W. Fisher as a Director to fill the resulting vacancy."
0000732717-15-000073,1,"Samuel A. Di Piazza, Jr.",director,director,election,elect,"On July 30, 2015, the Board of Directors of AT&T Inc. increased the size of the Board from 13 to 14 members and elected Samuel A. Di Piazza, Jr. as a Director to fill the resulting vacancy."
0000732717-15-000089,1,John Stankey,CEO,CEO,appointment,named,"Following the acquisition of DIRECTV, John Stankey was named CEO -AT&T Entertainment and Internet Services, which includes among other responsibilities, overseeing DIRECTV operations."
0000732717-15-000089,2,Wayne Watts,Executive Vice President and General Counsel,other_exec,departure,retire,"On August 19, 2015, D. Wayne Watts announced his intention to retire as Senior Executive Vice President and General Counsel of AT&T, effective as of September 30, 2015."
0000732717-15-000089,3,Wayne Watts,Board of Directors,director,departure,retirement,"In connection with his retirement, Mr. Watts and the Company entered into an agreement pursuant to which the Human Resources Committee of the Board of Directors approved the removal of the automatic proration at retirement for Mr. Watts’s outstanding grants of performance shares and Mr. Watts agreed to not compete with the company and not solicit the Company’s employees, customers, or vendors for 24 months, and to maintain the confidentiality of AT&T’s trade secrets and other confidential inform"
0000732717-15-000089,4,David R. McAtee II,Executive Vice President and General Counsel,other_exec,appointment,appointed,"In addition, AT&T announced that David R. McAtee II will be appointed as Senior Executive Vice President and General Counsel of AT&T, effective as of October 1, 2015."
0000732717-16-000186,1,Geoffrey Y. Yang,director,director,election,elect,"On June 24, 2016, the Board of Directors of AT&T Inc. increased the size of the Board from 12 to 13 members and elected Geoffrey Y. Yang as a Director to fill the resulting vacancy."
0000732717-16-000251,1,,Vice Chairman,other_exec,departure,retire,"On December 8, 2016, Ralph de la Vega announced his intention to retire as Vice Chairman of AT&T, effective as of December 31, 2016."
0000732717-16-000251,2,Thaddeus Arroyo,CEO,CEO,appointment,appointed,"In addition, AT&T announced that Thaddeus Arroyo will be appointed as CEO of Business Solutions and International, AT&T Inc., effective as of January 1, 2017."
0000732717-16-000257,1,,Vice Chairman,other_exec,departure,retire,"On December 8, 2016, Ralph de la Vega announced his intention to retire as Vice Chairman of AT&T Inc., effective as of December 31, 2016."
0000732717-16-000257,2,,Board of Directors,director,departure,retirement,"In connection with his retirement, Mr. de la Vega and a subsidiary of AT&T Inc. entered in to an agreement on December 15, 2016, pursuant to which Mr. de la Vega agreed to not compete with the company and not solicit the company's employees, customers, or vendors for 24 months, and to maintain the confidentiality of the company's trade secrets and other confidential information and to other terms customary for such agreements, and the Human Resources Committee of the Board of Directors approved "
0000732717-19-000034,1,Debra L. Lee,director,director,election,elect,"On July 26, 2019, the Board of Directors of AT&T Inc. increased the size of the Board from 12 to 13 members and elected Debra L. Lee as a Director to fill the resulting vacancy."
0001193125-19-236682,1,John Stankey,President & Chief Operating Officer,COO,appointment,appointed,"On September 3, 2019, the Board of Directors of AT&T Inc. (“AT&T” or the “Company”) appointed John Stankey (age 56) as the Company’s President & Chief Operating Officer effective October 1, 2019."
0001193125-19-236682,2,Jeff McElfresh,CEO,CEO,appointment,will become,"On October 1, 2019, Jeff McElfresh (age 48), will become CEO of AT&T Communications, LLC, replacing John Donovan, who is leaving the Company."
0001193125-19-236682,3,John Stankey,President & Chief Operating Officer,COO,appointment,appointment,Mr. Stankey’s compensation in connection with his appointment as President & Chief Operating Officer has not been determined at this time.
0000732717-19-000054,1,Stephen J. Luczo,director,director,election,elect,"On November 1, 2019, the Board of Directors (the “Board”) of AT&T Inc. increased the size of the Board from 13 to 14 members and elected Stephen J. Luczo as a Director to fill the resulting vacancy, effective immediately."
0001193125-20-123202,1,,director,director,election,elect,"On April 23, 2020, the Board of Directors (the “Board”) of AT&T Inc. (the “Company”) adopted a resolution that effective June 1, 2020, the size of the Board would increase from 13 to 14 members and John Stankey, the Company’s President and Chief Operating Officer, would be elected a Director to fill the resulting vacancy."
0001193125-20-123202,2,John Stankey,Board appointed Mr. Stankey to be Chief Executive Officer,CEO,appointment,appointed,"In addition, effective July 1, 2020, the Board appointed Mr. Stankey to be Chief Executive Officer and President and Randall Stephenson to be Executive Chairman of the Board."
0001193125-20-123202,3,Randall Stephenson,Executive Chairman of the Board,other_exec,departure,retirement,Mr. Stephenson announced his intention to serve as Executive Chairman of the Board until his retirement from the Company in January 2021.
0001193125-20-296128,1,John Stephens,Executive Vice President and Chief Financial Officer,CFO,departure,retire,"On November 11, 2020, John Stephens announced his intention to retire as Senior Executive Vice President and Chief Financial Officer of AT&T Inc. (the “Company”) effective March 31, 2021."
0001193125-20-296128,2,John Stephens,the Company’s Senior Executive Vice President and Chief Financial Officer effective April ,CFO,departure,succeed/replace,"On November 12, 2020, the Company’s Board of Directors appointed Pascal Desroches to replace Mr. Stephens as the Company’s Senior Executive Vice President and Chief Financial Officer effective April 1, 2021."
0001193125-20-296128,3,Pascal Desroches,Executive Vice President,other_exec,appointment,appointed,"Mr. Desroches, age 56, was appointed Senior Executive Vice President - Finance of AT&T Inc. on November 12, 2020."
0001193125-20-296128,4,Pascal Desroches,Chief Financial Officer,CFO,appointment,appointment,"Prior to this appointment, he served as Chief Financial Officer of WarnerMedia (June 2018 to November 2020) and before that, he was Executive Vice President and Chief Financial Officer of Turner Broadcasting (January 2015 to July 2018) and Senior Vice President and Controller of Time Warner Inc. (January 2008 to January 2015)."
0001193125-21-015737,1,Randall Stephenson,Executive Chairman,other_exec,departure,retire,"On January 19, 2021, Randall Stephenson, Executive Chairman of the Board of Directors (the “Board”) of AT&T Inc. (the “Company”), notified the Company that he will retire on January 21, 2021."
0001193125-21-015737,2,Randall Stephenson,Executive Chairman,other_exec,departure,retirement,"In connection with Mr. Stephenson’s retirement, the Company has entered into a one-year Consulting Services Agreement with Mr. Stephenson (the “Agreement”), dated January 20, 2021."
0001193125-21-100281,1,John Stephens,Executive Vice President Chief Financial Officer,CFO,departure,retire,"As previously announced, John Stephens, Senior Executive Vice President and Chief Financial Officer of AT&T Inc. (the “Company”), will retire on March 31, 2021."
0001193125-21-100281,2,John Stephens,Executive Vice President Chief Financial Officer,CFO,departure,retirement,"In connection with Mr. Stephens’ retirement, the Company has entered into a one-year Consulting Services Agreement with Mr. Stephens (the “Agreement”), dated March 30, 2021."
0001193125-21-199754,1,Luis A. Ubiñas,director,director,election,elect,"On June 25, 2021, the Board of Directors (the “Board”) of AT&T Inc. increased the size of the Board from 12 to 13 members and elected Luis A. Ubiñas as a Director to fill the resulting vacancy, effective immediately."
0000732717-21-000088,1,,director,director,election,elect,"On November 5, 2021, the Board of Directors (the “Board”) of AT&T Inc. (the “Company”) amended the Company’s Non-Employee Director Stock and Deferral Plan to provide for a pro-rated grant of deferred stock units to a director who is initially elected to the Board on a day other than the day of the annual meeting of stockholders."
0001193125-22-076137,1,Geoffrey Y. Yang,directors,director,departure,resign,"In connection with being designated by AT&T to serve on the WBD Board as of the Effective Time, Samuel A. Di Piazza, Jr., Debra L. Lee and Geoffrey Y. Yang will resign from their respective positions as directors of AT&T effective as of immediately following the Effective Time, subject to and conditioned upon the occurrence of the consummation of the Transactions and being appointed to the WBD Board."
0000732717-22-000073,1,Debra L. Dial,Senior Vice President - Chief Accounting Officer and Controller,PAO,appointment,appointed,"On June 30, 2022, AT&T Inc., a Delaware corporation (the “Company”), appointed Debra L. Dial to the position of Senior Vice President - Chief Accounting Officer and Controller, and Ms. Dial assumed the responsibilities of principal accounting officer."
0000732717-22-000073,2,Debra L. Dial,"Chief Financial Officer, acted as the Company's principal accounting officer",CFO,appointment,appointment,"Pascal Desroches, the Company's Senior Executive Vice President and Chief Financial Officer, acted as the Company's principal accounting officer prior to Ms. Dial's appointment."
0000732717-22-000091,1,Debra L. Dial,Senior Vice President - Chief Accounting Officer and Controller,PAO,appointment,appointed,"On June 30, 2022, AT&T Inc., a Delaware corporation (the “Company”), appointed Debra L. Dial to the position of Senior Vice President - Chief Accounting Officer and Controller, and Ms. Dial assumed the responsibilities of principal accounting officer."
0000732717-22-000091,2,Debra L. Dial,"Chief Financial Officer, acted as the Company's principal accounting officer",CFO,appointment,appointment,"Pascal Desroches, the Company's Senior Executive Vice President and Chief Financial Officer, acted as the Company's principal accounting officer prior to Ms. Dial's appointment."
0001193125-23-022845,1,Debra L. Dial,Senior Vice President - Chief Accounting Officer and Controller,PAO,departure,retire,"On January 27, 2023, Debra L. Dial announced her intention to retire as Senior Vice President - Chief Accounting Officer and Controller of AT&T Inc. (the “Company”) effective March 31, 2023."
0001193125-23-022845,2,Debra L. Dial,the Company’s Senior Vice President – Chief Accounting Officer and Controller effective Ap,PAO,departure,succeed/replace,"On the same day, the Board of Directors of the Company appointed Sabrina Sanders to replace Ms. Dial as the Company’s Senior Vice President – Chief Accounting Officer and Controller effective April 1, 2023."
0001193125-23-022845,3,Sabrina Sanders,principal accounting officer,PAO,appointment,appointment,"Upon the effective date of her appointment, Ms. Sanders will assume the responsibilities of principal accounting officer, which are currently held by Ms. Dial."
0000732717-24-000012,1,Marissa A. Mayer,director,director,election,elect,"On March 1, 2024, the Board of Directors (the “Board”) of AT&T Inc. increased the size of the Board from 10 to 11 members and elected Marissa A. Mayer as a Director to fill the resulting vacancy, effective immediately."
0000950117-04-004470,1,Dr. Harold,director,director,election,elect,"On December 15, 2004, Altria Group, Inc. (“Altria”) issued a press release announcing that Altria’s Board of Directors has elected Dr. Harold Brown to serve on its Board of Directors, effective immediately."
0001193125-05-040688,1,Mr. George,director,director,election,elect,"As previously reported on the Current Report on Form 8-K filed by Altria Group, Inc. on October 29, 2004, Altria’s Board of Directors elected Mr. George Muñoz to serve on its Board of Directors."
0001193125-05-040688,2,Mr. Muñoz,director,director,election,elect,"Altria Group, Inc. is filing this Form 8-K/A to report that on February 24, 2005, Mr. Muñoz was elected to the Audit and Public Affairs and Social Responsibility Committees of its Board of Directors."
0001193125-05-040686,1,Dr. Harold,director,director,election,elect,"As previously reported on the Current Report on Form 8-K filed by Altria Group, Inc. on December 17, 2004, Altria’s Board of Directors elected Dr. Harold Brown to serve on its Board of Directors."
0001193125-05-040686,2,Dr. Brown,director,director,election,elect,"Altria Group, Inc. is filing this Form 8-K/A to report that on February 24, 2005, Dr. Brown was elected to serve on the Compensation and Finance Committees of its Board of Directors."
0000930413-19-002021,1,John J. Tus,Vice President and Controller and Principal Accounting Officer,PAO,departure,retire,"On July 8, 2019, Honeywell International Inc. (the “Company”) announced that John J. Tus, the Company’s interim Vice President and Controller and Principal Accounting Officer, has communicated his intention to retire from the Company."
0000930413-19-002021,2,John J. Tus,the Company’s Vice President and Controller and Principal Accounting Officer,PAO,departure,succeed/replace,"The Company also announced that subject to and upon appointment by the Company’s Board of Directors, Robert Mailloux, age 52, will succeed Mr. Tus as the Company’s Vice President and Controller and Principal Accounting Officer."
0000773840-19-000018,1,John J. Tus,Vice President and Controller of the Company and to serve as the Company’s Principal Accou,PAO,departure,succeed/replace,"On July 26, 2019, Honeywell International Inc. (the “Company”) appointed Robert Mailloux to succeed John J. Tus as Vice President and Controller of the Company and to serve as the Company’s Principal Accounting Officer, effective immediately."
0000930413-19-002643,1,Deborah Flint,director,director,election,elect,"On October 7, 2019, Deborah Flint, 52, chief executive officer of Los Angeles World Airports (LAWA), was appointed to the Board of Directors of Honeywell International Inc. (the “Company”) as an independent Director, with immediate effect."
0000930413-19-002693,1,Mr. Michael,President and CEO,CEO,appointment,to serve as,"Effective October 15, 2019, the Board of Directors (the “Board”) of Honeywell International Inc. (the “Company”) elected Mr. Michael Madsen, age 56, to serve as President and CEO of Honeywell Aerospace."
0000930413-19-002693,2,Mr. Madsen,executive officer and report to the Chairman and CEO,CEO,appointment,will serve as,"Mr. Madsen will serve as a Company executive officer and report to the Chairman and CEO of the Company, Mr. Darius Adamczyk."
0000930413-19-002693,3,Mr. Timothy Mahoney,Senior Vice President,other_exec,departure,succeed/replace,"Mr. Madsen succeeds Mr. Timothy Mahoney, age 63, who has been appointed to the newly-created position of Senior Vice President, Enterprise Transformation, effective October 15, 2019."
0000773840-19-000029,1,Chico Pardo,Board of Directors,director,departure,retire,"On December 4, 2019, Mr. Jaime Chico Pardo communicated his intent to retire from the Board of Directors of Honeywell International Inc. (the “Company”)."
0000773840-19-000029,2,Scott Davis,director,director,election,elect,"On December 6, 2019, the Board elected independent director Mr. D. Scott Davis to succeed Mr. Chico Pardo as the Company’s Lead Director, effective as of April 27, 2020, to serve until the Company’s 2022 annual meeting of shareowners."
0000773840-20-000011,1,,Board of Directors,director,departure,Retired,"On February 28, 2020 , Retired U.S. Army General Raymond T. Odierno, 65, was appointed to the Board of Directors of Honeywell International Inc. (the “Company”) as an independent Director, with immediate effect."
0000773840-20-000031,1,Mark R. James,Chief Human Resources Officer,other_exec,departure,retire,"On June 5, 2020, Mark R. James, Senior Vice President, Human Resources and Communications (the “Chief Human Resources Officer”) of Honeywell International Inc. (the “Company”), communicated his intention to retire from the Company effective as of August 1, 2020 (the “Retirement Date”)."
0000773840-20-000031,2,Mark R. James,Senior Vice President and Chief Human Resources Officer will be Karen Mattimore,president,departure,succeed/replace,Succeeding Mr. James as Senior Vice President and Chief Human Resources Officer will be Karen Mattimore.
0000773840-20-000031,3,Karen Mattimore,executive officer,other_exec,appointment,appointment,"Ms. Mattimore’s appointment was effective as of June 10, 2020, and she will serve as an executive officer of the Company."
0000773840-20-000031,4,Mark R. James,Senior Vice President,other_exec,departure,Retirement,"Prior to the Retirement Date, Mr. James and Ms. Mattimore will work closely together to ensure a smooth transition of responsibilities."
0001193125-21-215278,1,Rajeev Gautam,President and Chief Executive Officer,CEO,departure,retire,"On July 14, 2021, Rajeev Gautam, President and Chief Executive Officer of the Performance Materials and Technologies segment (“PMT”) of Honeywell International Inc. (the “Company”), communicated his intent to retire from the Company effective as of August 13, 2021 (the “Retirement Date”)."
0001193125-21-215278,2,Rajeev Gautam,President Chief Executive Officer,CEO,departure,Retirement,"Following the Retirement Date and through the end of January 2022, Mr. Gautam will serve as President Emeritus, Honeywell PMT, with responsibility for ensuring smooth customer transitions across PMT and helping enable growth within the Honeywell UOP business unit."
0001193125-21-215278,3,Mr. Vimal,President and Chief Executive Officer,CEO,appointment,appointed,"Mr. Vimal Kapur, age 55, has been appointed to succeed Mr. Gautam as President and Chief Executive Officer of PMT."
0001193125-21-215278,4,Mr. Doug,President and Chief Executive Officer,CEO,appointment,appointed,"Mr. Doug Wright, age 51, has been appointed to succeed Mr. Kapur as President and Chief Executive Officer of HBT."
0001193125-21-215278,5,Rajeev Gautam,President Chief Executive Officer,CEO,departure,Retirement,The terms of Mr. Gautam’s consulting agreement following the Retirement Date have not yet been finalized.
0000773840-22-000003,1,Mr. George,director,director,election,elect,"On January 5, 2022, Honeywell International Inc. (“Honeywell” or the “Company”) announced that Mr. George Koutsaftes, age 52, has been appointed Chief Operating Officer of its Safety and Productivity Solutions segment (“SPS”), effective immediately, and has been elected by the Board of Directors to succeed Mr. John F. Waldron, age 46, as President and Chief Executive Officer of SPS and as an executive officer of the Company, effective April 1, 2022."
0001193125-22-011376,1,Rose Lee,director,director,election,elect,"On January 18, 2022, Rose Lee, 56, president and CEO of Cornerstone Building Brands, Inc., was appointed to the Board of Directors of Honeywell International Inc. (the “Company”) as an independent Director, with immediate effect."
0001193125-22-204108,1,Mr. Kapur,President and Chief Operating Officer,COO,appointment,appointed,There are no arrangements or understandings between Mr. Kapur and any other persons pursuant to which he was appointed the Company’s President and Chief Operating Officer.
0001193125-22-248396,1,Mr. Vimal Kapur,President and Chief Executive Officer,CEO,departure,succeed/replace,"On September 21, 2022, Honeywell International Inc. (“Honeywell” or the “Company”) announced that Mr. Lucian Boldea, age 51, has been named to succeed Mr. Vimal Kapur, age 56, as President and Chief Executive Officer of its Performance Materials and Technologies segment (“PMT”) and as an executive officer of the Company, in each case effective October 3, 2022."
0001193125-22-248396,2,Mr. Kapur,executive officer,other_exec,appointment,to serve as,Mr. Kapur will continue to serve as the Company’s Chief Operating Officer and as an executive officer of the Company.
0000773840-22-000062,1,Mr. Robin,director,director,election,elect,"On September 30, 2022, Mr. Robin Watson was appointed to the Audit Committee of the Board of Directors of Honeywell International Inc. (the “Company”) effective as of October 1, 2022."
0001193125-23-069598,1,Mr. Vimal,director,director,election,elect,"On March 13, 2023, Mr. Vimal Kapur, age 57, was appointed to the Board of Directors (the “Board”) of Honeywell International Inc. (“Honeywell” or the “Company”)."
0001193125-23-069598,2,Honeywell’s,"CEO, Mr. Darius Adamczyk, as CEO",CEO,departure,succeed/replace,"The appointment of Mr. Kapur to Honeywell’s Board is part of the Company’s Chief Executive Officer (“CEO”) succession plan announced today whereby Mr. Kapur will succeed Honeywell’s current Chairman and CEO, Mr. Darius Adamczyk, as CEO effective June 1, 2023 (the “Effective Date”)."
0001193125-23-069598,3,Mr. Adamczyk,CEO,CEO,departure,succeed/replace,"Mr. Kapur is currently Honeywell’s President and Chief Operating Officer, a position he will continue to hold until he succeeds Mr. Adamczyk as CEO."
0001193125-23-069598,4,While Mr,Executive Chairman of the Board,other_exec,appointment,Designated,"While Mr. Adamczyk serves as Executive Chairman of the Board, he will continue to be covered by the Company’s Severance Plan for Designated Officers, as amended and restated effective as of February 11, 2021 (the “Severance Plan”), provided that his severance protection under the Severance Plan will mirror the protection provided to the Company’s CEO but with his severance pay based on his compensation in the Executive Chairman role."
0001193125-23-069598,5,Mr. Adamczyk,Board,director,departure,resignation,"During his first five years in the Senior Advisor role, Mr. Adamczyk’s employment relationship will cease only upon his death, his resignation, or termination by the Company for Cause (as defined in the Severance Plan)."
0001193125-23-069598,6,Mr. Kapur,CEO,CEO,appointment,promotion,"In connection with his promotion to CEO and beginning on the Effective Date, Mr. Kapur will receive a base salary of $1,500,000 and shall have a target annual incentive compensation opportunity of 175% of base salary."
0001193125-23-069598,7,Mr. Kapur,director,director,election,elect,There are no arrangements or understandings between Mr. Kapur and any other persons pursuant to which he was appointed to the Board or as the Company’s CEO.
0000773840-23-000063,1,Mr. Michael,President and Chief Executive Officer,CEO,departure,retire,"On June 15, 2023, Honeywell International Inc. (the “Company”) announced that Mr. Michael Madsen, age 60, has elected to retire as President and Chief Executive Officer of the Company’s Aerospace segment (“Aerospace”)."
0000773840-23-000076,1,Lucian Boldea,President and Chief Executive Officer,CEO,appointment,appointed,"In the Press Release, the Company also announced that Lucian Boldea, age 52, has been appointed to the newly created position of President and Chief Executive Officer of Industrial Automation, and Ken West, age 46, has been appointed to the newly created position of President and Chief Executive Officer of Energy and Sustainability Solutions."
0000773840-23-000088,1,Michael W. Lamach,director,director,election,elect,"On Nov ember 28, 2023, Michael W. Lamach, 60, former Chairman and Chief Executive Officer of Trane Technologies plc, was appointed to the Board of Directors of Honeywell International Inc. (the “Company”) as an independent director and member of the Audit Comm ittee, effective December 1, 2023."
0000773840-24-000006,1,,director,director,election,elect,"On January 30, 2024, the Board of Directors (the “Board”) of Honeywell International Inc. (the “Company”) unanimously elected the Company’s Chief Executive Officer and a current director, Mr. Vimal Kapur, age 58, to succeed Mr. Darius Adamczyk as Chairman of the Board, effective as of June 7, 2024."
0000773840-24-000006,2,Mr. Adamczyk,Board,director,departure,retire,"At such time, Mr. Adamczyk will retire from the Board and serve as Senior Advisor to the Company."
0000773840-24-000006,3,Mr. William,director,director,election,elect,"In addition, the Company’s independent directors have unanimously elected Mr. William S. Ayer to succeed Mr. D. Scott Davis as independent Lead Director, effective as of the Company’s Annual Meeting of Shareowners on May 14, 2024."
0000773840-24-000006,4,Mr. Kapur,director,director,election,elect,There are no arrangements or understandings between Mr. Kapur and any other persons pursuant to which he was elected Chairman of the Board.
0001193125-15-318450,1,Bradford L. Smith,President and Chief Legal Officer,president,appointment,appointed,"(c) Effective September 11, 2015, Bradford L. Smith was appointed to the position of President and Chief Legal Officer of Microsoft Corporation."
0001193125-16-643151,1,Kevin Turner,Chief Operating Officer,COO,departure,resigning,"(b) On June 30, 2016, Kevin Turner provided notice he was resigning his position as Chief Operating Officer of Microsoft."
0001193125-17-082168,1,Reid Hoffman,director,director,election,elect,"(d) On March 14, 2017, Microsoft Corporation (“Microsoft”) issued a press release to announce that the Microsoft Board of Directors appointed Reid Hoffman to the Microsoft Board of Directors, effective immediately."
0001193125-17-288464,1,,Director,director,departure,retirement,(b) Director retirement.
0001193125-17-288464,2,Mason Morfit,Board,director,departure,retire,"Mason Morfit, who has served on the Microsoft Board of Directors since 2014, has informed the Company he has decided to retire from the Board and will not seek re-election at the 2017 annual shareholders meeting."
0001193125-17-288464,3,Mason Morfit,Board of Directors,director,departure,retirement,His retirement will be effective on that date.
0001193125-17-288464,4,Hugh Johnston,director,director,election,elect,"On September 19, 2017, Microsoft Corporation (“Microsoft”) issued a press release to announce that the Microsoft Board of Directors appointed Hugh Johnston to the Microsoft Board of Directors, effective immediately."
0001193125-19-249565,1,,Director,director,departure,retirement,(b) Director retirement.
0001193125-19-249565,2,Helmut Panke,Board,director,departure,retire,"Charles H. Noski and Helmut Panke, each of whom has served on the Microsoft Board of Directors since 2003, have informed the Company they have decided to retire from the Board and will not seek re-election at the 2019 annual shareholders meeting on December 4, 2019."
0001193125-20-073072,1,Bill Gates,"Board of Directors of Microsoft, resigned from the Board",director,departure,resigned,"(b) Bill Gates, co-founder and member of the Board of Directors of Microsoft, resigned from the Board effective March 13, 2020."
0001193125-20-184744,1,Frank H. Brod,Chief Accounting Officer (the Company’s principal accounting officer,PAO,departure,step down,"Mr. Brod will step down from his role as Chief Accounting Officer (the Company’s principal accounting officer) on July 31, 2020, but will remain with the Company through September 30, 2020 to assist in transition of the Company’s new Chief Accounting Officer."
0001193125-20-184744,2,Alice L. Jolla,Vice President and Chief Accounting Officer,PAO,appointment,will become,"On July 1, 2020 the Company also announced that Alice L. Jolla, age 54, will become Corporate Vice President and Chief Accounting Officer effective July 31, 2020."
0001193125-20-184744,3,Alice L. Jolla,Chief Accounting Officer,PAO,appointment,appointment,"In connection with her appointment as Chief Accounting Officer, Ms. Jolla will receive a stock award of $1.5 million under the Microsoft Corporation 2017 Stock Plan, which will vest 6.25% every quarter, provided Ms. Jolla remains continuously employed."
0001193125-20-188481,1,Margaret L. Johnson,Executive Vice President,other_exec,departure,resigning,"On July 1, 2020 Margaret L. Johnson, Executive Vice President, Business Development, informed the Company that she was resigning from her position at the Company, effective July 1, 2020."
0001193125-18-084015,1,Jan Swartz,director,director,election,elect,"(d) On March 14, 2018, the Board of Directors of MGM Resorts International, a Delaware corporation (the “Company”), appointed Jan Swartz to serve as a member of the Company’s Board of Directors (the “Board”) until the Company’s next annual meeting or until a successor is elected and qualified."
0001193125-18-255165,1,Paul Salem,director,director,election,elect,"(d) On August 22, 2018, the Board of Directors of MGM Resorts International, a Delaware corporation (the “Company”), appointed Paul Salem to serve as a member of the Company’s Board of Directors (the “Board”) until the Company’s next annual meeting or until a successor is elected and qualified."
0001193125-18-255165,2,Paul Salem,director,director,election,elect,Mr. Salem was also appointed to the audit and corporate social responsibility committees of the Board.
0001193125-18-297663,1,Robert Baldwin,Chief Customer Development Officer,other_exec,departure,stepping down,"(b) On October 4, 2018, MGM Resorts International, a Delaware corporation (the “Company”), announced that Robert Baldwin will be stepping down as Chief Customer Development Officer of the Company."
0001193125-18-297663,2,Robert Baldwin,Board of Directors (the “Board,director,departure,resigned,"In addition, on October 10, 2018, he resigned as a member the Company’s Board of Directors (the “Board”) effective as of October 10, 2018 and Mr. Baldwin’s termination of employment will be effective as of December 11, 2018 (the “Separation Date”)."
0001193125-18-297663,3,Robert Baldwin,Chief Customer Development Officer,other_exec,departure,termination of employment,"(e) On October 10, 2018, Mr. Baldwin and the Company entered into a Separation Agreement and Complete Release of Claims (the “Separation Agreement”) in connection with Mr. Baldwin’s termination of employment by the Company as a result of the Company’s elimination of his position of Chief Customer Development Officer."
0001193125-19-012788,1,Keith A. Meister,director,director,election,elect,"(d) On January 17, 2019, the Board of Directors of MGM Resorts International, a Delaware corporation (the “Company”), appointed Keith A. Meister, effective January 18, 2019, to serve as a member of the Company’s Board of Directors (the “Board”) until the Company’s next annual meeting or until a successor is elected and qualified."
0001193125-19-048428,1,Daniel J. D’Arrigo,"Executive Vice President, Chief Financial Officer and Treasurer",CFO,departure,resignation,"(b) On February 21, 2019, MGM Resorts International, a Delaware corporation (the “Company”), announced that Daniel J. D’Arrigo has chosen to take advantage of the voluntary resignation program offered as part of MGM 2020 and will be resigning as Executive Vice President, Chief Financial Officer and Treasurer of the Company, effective March 1, 2019, but will remain in an advisory role until March 22, 2019 (the “Separation Date”)."
0001193125-19-048428,2,Corey Sanders,Chief Financial Officer,CFO,appointment,appointed,"(c) On February 21, 2019, the Company announced that Corey Sanders has been appointed Chief Financial Officer of the Company and Bill Hornbuckle has been appointed President and Chief Operating Officer on February 18, 2019, each effective March 1, 2019."
0001193125-20-038441,1,Jim Murren,Chief Executive Officer,CEO,departure,step down,"On February 12, 2020, MGM Resorts International (the “Company”) announced that Jim Murren, Chairman and Chief Executive Officer, has informed the Company’s Board of Directors that he will step down from his position as Chairman and Chief Executive Officer of the Company prior to the expiration of his contract."
0001193125-20-038441,2,Jim Murren,CEO,CEO,departure,resignation,"Pursuant to the terms of the Transition Agreement, during the period between Mr. Murren’s resignation as CEO and through December 31, 2020 (the “Transition Period”), Mr. Murren will continue to be employed by the Company as a Senior Advisor, and will be entitled to the following compensation and benefits: (a) continuation of his current annual base salary of $2,000,000; (b) payment of a fixed bonus of $4,000,000 in cash at the end of 2020, consistent with the target bonus amount under his employ"
0001193125-20-038441,3,Jim Murren,Chief Executive Officer,CEO,appointment,appointed,"The above compensation relating to the Transition Period and the Consulting Period are payable to Mr. Murren in the event of his death, permanent disability, a termination by the Company without good cause (as defined in the Transition Agreement), a termination by Mr. Murren for good cause prior to the Transition Period or if a successor Chief Executive Officer is not appointed by December 31, 2020."
0001193125-21-370665,1,John Kilroy,board of directors,director,departure,resigning,"(b) On December 29, 2021, John Kilroy informed MGM Resorts International (the “Company”) that he was resigning as a member of the board of directors of the Company, effective December 31, 2021."
0000789570-22-000020,1,Tilak Mandadi,Officer,other_exec,departure,resigned,"(b) On June 20, 2022, Tilak Mandadi, the Company’s Chief Strategy, Innovation and Technology Officer resigned from the Company to pursue other opportunities."
0001193125-22-226494,1,Agreements William Hornbuckle,President Chief Executive Officer,CEO,departure,termination of employment,The Hornbuckle Employment Agreement also contains a non-compete covenant generally prohibiting Mr. Hornbuckle from providing services to a competitor or soliciting employees or business contacts for 12 months following his termination of employment or for 12 months following the term of the Hornbuckle Employment Agreement.
0001193125-22-226494,2,Agreements William Hornbuckle,President Chief Executive Officer,CEO,departure,termination of employment,"In addition, the Hornbuckle Employment Agreement mandates that Mr. Hornbuckle’s confidentiality obligations continue even after his termination of employment."
0001193125-22-226494,3,Corey Sanders,Chief Operating Officer,COO,departure,termination of employment,The Sanders Employment Agreement also contains a non-compete covenant generally prohibiting Mr. Sanders from providing services to a competitor or soliciting employees or business contacts for 12 months following his termination of employment or for 12 months following the term of the Sanders Employment Agreement.
0001193125-22-226494,4,Corey Sanders,Chief Operating Officer,COO,departure,termination of employment,"In addition, the Sanders Employment Agreement mandates that Mr. Sanders’ confidentiality obligations continue even after his termination of employment."
0001193125-22-226494,5,Jonathan S. Halkyard,Chief Financial Officer Treasurer,CFO,departure,termination of employment,The Halkyard Employment Agreement also contains a non-compete covenant generally prohibiting Mr. Halkyard from providing services to a competitor or soliciting employees or business contacts for 12 months following his termination of employment or for 12 months following the term of the Halkyard Employment Agreement.
0001193125-22-226494,6,Jonathan S. Halkyard,Chief Financial Officer Treasurer,CFO,departure,termination of employment,"In addition, the Halkyard Employment Agreement mandates that Mr. Halkyard’s confidentiality obligations continue even after his termination of employment."
0001193125-22-226494,7,John McManus,Chief Legal and Administrative Officer Secretary,other_exec,departure,termination of employment,The McManus Employment Agreement also contains a non-compete covenant generally prohibiting Mr. McManus from providing services to a competitor or soliciting employees or business contacts for 12 months following his termination of employment or for 12 months following the term of the McManus Employment Agreement.
0001193125-22-226494,8,John McManus,Chief Legal and Administrative Officer Secretary,other_exec,departure,termination of employment,"In addition, the McManus Employment Agreement mandates that Mr. McManus’ confidentiality obligations continue even after his termination of employment."
0001193125-23-056496,1,,director,director,election,elect,"(d) On March 1, 2023, the Board of Directors (the “Board”) of MGM Resorts International (the “Company”) increased the number of directors of the Company from eleven to twelve and appointed Benjamin (“Ben”) S. Winston, as a member of the Board."
0001104659-12-036984,1,Amy Banse,director,director,election,elect,"(d) On May14, 2012, the Board of Directors appointed Amy Banse, Frank Calderoni and Laura Desmond to our Board of Directors."
0001104659-12-047044,1,Amy Banse,director,director,election,elect,"The New Directors were appointed to the Board on May 14, 2012."
0001104659-12-082162,1,Adobe Systems Incorporated,director,director,election,elect,"(d) On December 4, 2012, the Board of Directors (the “Board”) of Adobe Systems Incorporated (the “Company”) increased the size of the Board from twelve to thirteen directors and the Company entered into a Nomination and Standstill Agreement (the “Agreement) with VA Partners I, LLC, ValueAct Capital Master Fund, L.P., ValueAct Capital Management, L.P., ValueAct Capital Management, LLC, ValueAct Holdings, L.P., ValueAct Holdings GP, LLC and Kelly J. Barlow (collectively, the “ValueAct Group”)."
0001104659-12-082162,2,Kelly J. Barlow,director,director,election,elect,"Pursuant to the Agreement, the Board appointed Kelly J. Barlow as a member of the Board, effective immediately, to serve until the Company’s 2013 annual meeting of stockholders (the “2013 Annual Meeting”) and the election and qualification of his successor or, if earlier, his death or resignation or removal from the Board."
0000796343-13-000017,1,Digital Media,Executive officer,other_exec,appointment,designated,Executive officers of the Company specifically designated by the Company who are employed by the Company during the Company’s 2013 fiscal year and are Senior Vice President level or above are eligible to participate in the Incentive Plan.
0000796343-13-000030,1,Kevin Lynch,"Executive Vice President, Chief Technology Officer",other_exec,departure,resigned,"(b) On March 18, 2013, Kevin Lynch resigned from his position as Executive Vice President, Chief Technology Officer, of Adobe Systems Incorporated, effective March 22, 2013 , to pursue other opportunities."
0000796343-14-000007,1,Digital Media,Executive officers specifically designated by the Board,other_exec,appointment,designated,Executive officers specifically designated by the Board who are employed by the Company during its 2014 fiscal year and are Senior Vice President level or above are eligible to participate in the Incentive Plan.
0000796343-18-000039,1,Mark Garrett,Executive Vice President and Chief Financial Officer,CFO,departure,retire,"Officer ** Title Target Award Maximum Award Shantanu Narayen Chairman, President and Chief Executive Officer 61,345 122,690 Bryan Lamkin Executive Vice President and GM, Digital Media 16,615 33,230 Bradley Rencher Executive Vice President and GM, Experience Cloud 15,975 31,950 Matthew Thompson Executive Vice President, Worldwide Field Operations 15,340 30,680 * For purposes of this filing, the term “named executive officer” refers to executive officers for whom disclosure was required in our mos"
0000796343-18-000039,2,Mark Garrett,Executive officers designated by the Board as an officer,other_exec,appointment,designated,"Executive officers designated by the Board as an officer for purposes of Section 16 of the Securities and Exchange Act of 1934, as amended, who are Senior Vice President level or above, and who are employed by the Company during its 2018 fiscal year are eligible to participate in the Incentive Plan."
0000796343-18-000072,1,John F. Murphy,Executive Vice President and Chief Financial Officer,CFO,appointment,appointed,"(b) and (c) On April 4, 2018, John F. Murphy was appointed to the position of Executive Vice President and Chief Financial Officer of Adobe Systems Incorporated (“Adobe” or the “Company”), effective April 9, 2018 (the “Effective Date”)."
0000796343-18-000072,2,Mark Garrett,Executive Vice President and Chief Financial Officer,CFO,departure,retire,"Mr. Murphy will assume the role from Mark Garrett, who will retire from his position as the Company’s Executive Vice President and Chief Financial Officer on the Effective Date."
0000796343-18-000072,3,Mark Garrett,Executive Vice President,other_exec,departure,retire,"Mr. Garrett announced his intent to retire in January, as reported in Adobe's Annual Report on Form 10-K filed on January 22, 2018."
0000796343-18-000072,4,John F. Murphy,Executive Vice President and Chief Financial Officer,CFO,appointment,appointment,A copy of our press release announcing the appointment of Mr. Murphy as the Company's Executive Vice President and Chief Financial Officer is attached as Exhibit 99.1 and incorporated herein by reference.
0000796343-18-000088,1,Adobe Systems Incorporated,director,director,election,elect,"(d) Election of New Director and Non-Employee Director Compensation On April 12, 2018, the Board of Directors (the “Board”) of Adobe Systems Incorporated (“Adobe” or the “Company”) appointed David A. Ricks to the Board immediately after Adobe’s 2018 Annual Meeting of Stockholders (“Annual Meeting”)."
0000796343-18-000088,2,David A. Ricks,director,director,election,elect,Mr. Ricks was also appointed to the Executive Compensation Committee of the Board.
0000796343-18-000179,1,Mark S. Garfield,"Vice President, Chief Accounting Officer and Corporate Controller",PAO,appointment,appointed,"(c) On November 19, 2018, Mark S. Garfield was appointed to the position of Vice President, Chief Accounting Officer and Corporate Controller (Principal Accounting Officer) of Adobe Inc. (“ Adobe ” or the “ Company ”), effective upon his commencement of employment with Adobe on December 3, 2018."
0000796343-18-000179,2,John Murphy,Chief Financial Officer,CFO,appointment,to serve as,"John Murphy, Adobe’s Chief Financial Officer, will continue to serve as interim Principal Accounting Officer until the commencement of Mr. Garfield’s employment with the Company."
0000796343-19-000008,1,Dheeraj Pandey,director,director,election,elect,"(d) On January 22, 2019, the Board of Directors (the “ Board ”) of Adobe Inc. (“ Adobe ” or the “ Company ”) appointed Kathleen (“Leeny”) Oberg and Dheeraj Pandey to the Board."
0000796343-19-000008,2,Ms. Oberg,director,director,election,elect,Ms. Oberg and Mr. Pandey were also appointed to the Audit Committee of the Board.
0000796343-19-000008,3,Robert Burgess,Board of Directors,director,departure,not to stand for re-election,"(b) On January 17, 2019, Edward Barnholt and Robert Burgess informed the Board of their decisions not to stand for re-election to Adobe’s Board of Directors at the Annual Meeting."
0000796343-19-000008,4,Brad Rencher,Executive Vice President,other_exec,departure,stepping down,"On January 24, 2019, Adobe announced that Brad Rencher is stepping down from his position as Executive Vice President and General Manager, Digital Experience, effective March 1, 2019."
0000796343-19-000024,1,John Murphy,Executive Vice President and Chief Financial Officer,CFO,appointment,appointed,"Officer ** Title Target Award Maximum Award Shantanu Narayen Chairman, President and Chief Executive Officer 92,807 185,614 John Murphy Executive Vice President and Chief Financial Officer 12,375 24,750 Bryan Lamkin Executive Vice President and GM, Digital Media 12,375 24,750 Matthew Thompson Executive Vice President, Worldwide Field Operations 11,344 22,688 * For purposes of this filing, the term “named executive officer” refers to executive officers for whom disclosure was required in our most"
0000796343-19-000024,2,Brad Rencher,executive officer,other_exec,departure,resigned,"Additionally, as noted in the 8-K filed on January 24, 2019, Brad Rencher resigned as an executive officer and is not included in this table."
0000796343-19-000024,3,Brad Rencher,Executive officers designated by the Board as an officer,other_exec,appointment,designated,"Executive officers designated by the Board as an officer for purposes of Section 16 of the Securities and Exchange Act of 1934, as amended, who are Senior Vice President level or above, and who are employed by the Company during its 2019 fiscal year are eligible to participate in the Incentive Plan."
0000796343-20-000040,1,Digital Media,Executive officers designated by the Board as an officer,other_exec,appointment,designated,"Executive officers designated by the Board as an officer for purposes of Section 16 of the Securities and Exchange Act of 1934, as amended, and employees who are Vice President level or above, and who are employed by the Company during its 2020 fiscal year are eligible to participate in the Incentive Plan."
0000796343-20-000085,1,Charles M. Geschke,Board,director,departure,not stand for re-election,"(b) On April 6, 2020, Charles M. Geschke informed the Board of Directors (the "" Board "") of Adobe Inc. (the "" Company "") of his decision to not stand for re-election to the Board at the Company's 2020 Annual Meeting of Stockholders on April 9, 2020 (the "" Annual Meeting "")."
0000796343-20-000085,2,Charles M. Geschke,Board,director,departure,retirement,"Dr. Geschke's retirement was effective immediately following the Annual Meeting, at which time the Board was reduced in size to ten members."
0000796343-20-000085,3,Charles M. Geschke,director,director,election,elect,"Upon his retirement, Dr. Geschke was named director emeritus, and he is expected to continue to participate in Company activities and observe Board meetings from time to time."
0000815097-20-000033,1,Jeffrey J. Gearhart,General Counsel,other_exec,departure,depart,"In 2007, he became Senior Vice President and Deputy General Counsel, and then took over as the head of the company’s legal department when he was promoted to General Counsel in 2009."
0000815097-20-000033,2,Jeffrey J. Gearhart,secretary,other_exec,appointment,appointed,"Mr. Gearhart was appointed corporate secretary in 2010, and in 2012 his responsibilities were expanded to include oversight of compliance, ethics and investigations, in addition to legal."
0000815097-21-000033,1,Arnaldo Perez,General Counsel,other_exec,departure,stepped down,"(b) On March 1, 2021, Arnaldo Perez stepped down as General Counsel of Carnival Corporation and Carnival plc (together, the “Company”), effective March 1, 2021."
0000815097-21-000033,2,Arnaldo Perez,Secretary,other_exec,appointment,to serve as,Mr. Perez will continue to serve as Senior Vice President and Company Secretary of the Company.
0001104659-22-061290,1,Peter C. Anderson,Chief Ethics and Compliance Officer named executive officer,other_exec,departure,Resignation,"(b) Resignation of Named Executive Officer Peter C. Anderson, Chief Ethics and Compliance Officer and a named executive officer of Carnival Corporation and Carnival plc (together, the “Companies”), notified the Companies on May 13, 2022, that he is resigning effective May 16, 2022."
0001104659-22-061290,2,Peter C. Anderson,Chief Risk and Compliance Officer,other_exec,departure,succeed/replace,"Richard Brilliant, currently Chief Audit Officer of the Companies, will replace Mr. Anderson, assuming a new role of Chief Risk and Compliance Officer."
0000815097-22-000047,1,Josh Weinstein,Chief Operations Officer,other_exec,appointment,appointed,"On June 23, 2022, the Boards of Directors of Carnival Corporation and Carnival plc (together, the “Companies”) appointed Josh Weinstein, currently Chief Operations Officer, to serve as an executive member of the Boards of Directors, effective August 1, 2022."
0001410578-19-000883,1,Waste Management,director,director,election,elect,"On August 19, 2019, the Board of Directors of Waste Management, Inc. elected William B. Plummer as a member of the Board, with a term expiring at the 2020 annual meeting of stockholders."
0001410578-19-000883,2,William B. Plummer,director,director,election,elect,"Additionally, Mr. Plummer was appointed to the Audit Committee and the Management Development & Compensation Committee of the Board of Directors."
0001410578-19-000883,3,William B. Plummer,Executive Vice President,other_exec,departure,retired,"Mr. Plummer, age 60, was most recently employed as the Executive Vice President and Chief Financial Officer of United Rentals, Inc. for approximately ten years, having retired in January 2019."
0001104659-21-036763,1,Waste Management,director,director,election,elect,"On March 15, 2021, the Board of Directors (the “Board”) of Waste Management, Inc. (the “Company”) increased its size to ten members and elected Mr. Sean E. Menke and Ms. Maryrose T. Sylvester as members of the Board, with terms expiring at the 2021 annual meeting of stockholders (the “2021 Annual Meeting”)."
0001104659-21-036763,2,Mr. Menke,director,director,election,elect,"Additionally, Mr. Menke was appointed to the Audit Committee of the Board, and Ms. Sylvester was appointed to the Management Development & Compensation Committee of the Board."
0001104659-21-036763,3,Mr. Menke,Director,director,departure,retirement,"Director Frank M. Clark, Jr. has reached the retirement age set forth in the Company’s Corporate Governance Guidelines; therefore, he will not stand for re-election and his term as a director of the Company will expire at the 2021 Annual Meeting."
0000831259-21-000035,1,Marcela E. Donadio,director,director,election,elect,"On November 1, 2021, the Board appointed Ms. Donadio to serve on the Governance Committee of the Board and Ms. Lewis to serve on the Audit Committee of the Board."
0000831259-21-000040,1,,director,director,election,elect,"On December 9, 2021, the Board of Directors (the “Board”) of Freeport-McMoRan Inc. (“FCX”) increased the size of the Board and appointed Hugh Grant to serve as a director of FCX, effective immediately."
0000831259-21-000040,2,,director,director,election,elect,There is no arrangement or understanding between Mr. Grant and any other person pursuant to which he was appointed as a director.
0000831259-22-000006,1,Mr. Grant,director,director,election,elect,"On February 7, 2022, the Board appointed Mr. Grant to serve on the Compensation Committee of the Board effective February 8, 2022."
0000831259-22-000015,1,,Vice President and Controller,PAO,departure,retirement,"(b) and (c) On March 9, 2022, Freeport-McMoRan Inc. (FCX) announced the planned retirement of C. Donald “Don” Whitmire, Jr. as Vice President and Controller."
0000831259-22-000015,2,Ellie Mikes,Vice President and Chief Accounting Officer,PAO,appointment,appointed,Ellie Mikes is expected to be appointed Vice President and Chief Accounting Officer upon Mr. Whitmire's retirement.
0000831259-23-000007,1,,director,director,election,elect,"On February 7, 2023, the Board of Directors (the “Board”) of Freeport-McMoRan Inc. (“FCX”), upon the recommendation of the Governance Committee of the Board, increased the size of the Board and appointed Kathleen L. Quirk, FCX’s President, to serve as a director of FCX, effective immediately."
0000831259-23-000007,2,Kathleen L. Quirk,director,director,election,elect,There is no arrangement or understanding between Ms. Quirk and any other person pursuant to which she was appointed as a director.
0000831259-24-000005,1,Richard C. Adkerson,Chief Executive Officer (CEO,CEO,departure,succeed/replace,"(b), (c) and (e) On February 6, 2024, Freeport-McMoRan Inc. (FCX) announced that Kathleen L. Quirk, FCX’s President, will assume the additional role of Chief Executive Officer (CEO) effective as of FCX’s 2024 annual meeting of stockholders on June 11, 2024 (such annual meeting date being the Transition Date), succeeding Richard C. Adkerson in this role."
0001193125-11-043592,1,Cisco Systems,Chief Operating Officer,COO,appointment,appointed,"On February 21, 2011, the Board of Directors of Cisco Systems, Inc. (“Cisco”) appointed Gary B. Moore as Chief Operating Officer of Cisco."
0001193125-11-043592,2,Gary B. Moore,Executive Vice President,other_exec,appointment,appointment,"Prior to his new appointment, Mr. Moore, 61, served as Executive Vice President, Cisco Services."
0001193125-11-043592,3,Gary B. Moore,Executive Vice President,other_exec,appointment,promoted,"In May 2010, he was promoted to Executive Vice President, Cisco Services."
0001193125-11-067985,1,Michael K. Powell,Board of Directors,director,departure,resign,"On March 15, 2011, in accordance with the requirements of his appointment as President & Chief Executive Officer of the National Cable & Telecommunications Association (NCTA), Michael K. Powell notified the Company of his decision to resign from the Company’s Board of Directors effective April 1, 2011."
0001193125-11-073802,1,Gary B. Moore,Chief Operating Officer,COO,appointment,appointment,to report the appointment of Gary B. Moore as Chief Operating Officer of Cisco.
0001193125-11-073802,2,Gary B. Moore,Chief Operating Officer,COO,appointment,appointment,"On March 17, 2011, in connection with Mr. Moore’s appointment as Chief Operating Officer of Cisco, the Compensation and Management Development Committee of the Board of Directors granted Mr. Moore 200,000 restricted stock units."
0001193125-12-332045,1,Cisco Systems,Chief Executive Officer,CEO,appointment,appointed,"On August 1, 2012, Cisco Systems, Inc. (“Cisco”) appointed Marc Benioff, Chairman and Chief Executive Officer of salesforce.com, inc., and Kristina M. Johnson, Ph.D., Chief Executive Officer of Enduring Hydro, LLC, to its Board of Directors (the “Board”)."
0001193125-12-332045,2,Marc Benioff,director,director,election,elect,"If appointed to serve on any committees of the Board, they also would receive fees of $2,000 per committee meeting attended."
0001193125-12-396875,1,Cisco Systems,Board”) of his decision to retire from the Board,director,departure,retire,"On September 13, 2012, Jerry Yang notified Cisco Systems, Inc. (“Cisco”) and its Board of Directors (the “Board”) of his decision to retire from the Board to more fully pursue new personal and business interests and not to stand for re-election at the 2012 Annual Meeting of Shareholders."
0001193125-12-396875,2,Jerry Yang,Board has reduced the size of the Board,director,departure,retirement,The Board has reduced the size of the Board to thirteen members effective with Mr. Yang’s retirement at the 2012 Annual Meeting of Shareholders.
0001193125-12-415386,1,Cisco Systems,President,president,appointment,appointed,"On October 3, 2012, the Board of Directors of Cisco Systems, Inc. (“Cisco”) appointed Robert W. Lloyd as President, Development and Sales of Cisco and Gary B. Moore as President and Chief Operating Officer of Cisco."
0001193125-12-415386,2,Robert W. Lloyd,Executive Vice President,other_exec,appointment,appointment,"Prior to his new appointment, Mr. Lloyd, 56, had served as Executive Vice President, Worldwide Operations since April 2009."
0001193125-12-415386,3,Middle East,Vice President,other_exec,appointment,promoted,"In October 1998, he was promoted to Vice President, EMEA (Europe, Middle East and Africa); in February 2001, he was promoted to Senior Vice President, EMEA; and in July 2005, Mr. Lloyd was appointed Senior Vice President, US, Canada and Japan."
0001193125-12-415386,4,Gary B. Moore,Executive Vice President,other_exec,appointment,appointment,"Prior to his new appointment, he served as an Executive Vice President."
0001193125-12-415386,5,Gary B. Moore,Executive Vice President,other_exec,appointment,promoted,"In May 2010, he was promoted to Executive Vice President, Cisco Services."
0001206774-10-002373,1,Regeneron Pharmaceuticals,director,director,election,elect,"(d) Election of Directors On November 12, 2010, the Board of Directors of Regeneron Pharmaceuticals, Inc. appointed Ms. Christine A. Poon as a director of Regeneron, effective immediately."
0000950134-06-016417,1,Diane Greene,director,director,election,elect,"On August 15, 2006, Diane Greene was named to the Board of Directors of Intuit Inc. (“Intuit”) and the number of directors was increased from nine to ten members."
0000950134-06-019813,1,Donna L. Dubinsky,director,director,departure,not stand for re-election,"On October 25, 2006, Donna L. Dubinsky informed the Board of Directors of Intuit Inc. that she will not stand for re-election at Intuit’s annual meeting of stockholders on December 15, 2006."
0000950134-07-013435,1,,Senior Vice President,other_exec,departure,resigned,(Brad) Henske resigned as Senior Vice President and General Manager of the Consumer Tax Group of Intuit Inc. (“Intuit”).
0000950134-07-013435,2,Kiran M. Patel,Senior Vice President,other_exec,appointment,appointed,"In his place, Intuit has appointed Kiran M. Patel as Senior Vice President and General Manager of the Consumer Tax Group."
0000950134-07-013435,3,Kiran M. Patel,Chief Financial Officer,CFO,appointment,appointment,Mr. Patel will continue to act as Intuit’s Chief Financial Officer until the appointment of a new Chief Financial Officer.
0000950134-07-016170,1,Scott D. Cook,named executive officer,other_exec,appointment,designated,"The following table sets forth the Fiscal 2007 bonus and the Fiscal 2008 annual base salary approved for each person designated as a “named executive officer” in our 2006 annual proxy statement, and Scott D. Cook and William V. Campbell, members of Intuit's Board of Directors who are also employees."
0000891618-07-000516,1,Stephen M. Bennett,President and Chief Executive Officer,CEO,departure,stepping down,"On August 22, 2007, Intuit announced that on January 1, 2008 Stephen M. Bennett will be stepping down as President and Chief Executive Officer of Intuit, and will continue as a member of Intuit’s Board of Directors."
0000950134-07-020924,1,Brad D. Smith,President and Chief Executive Officer,CEO,appointment,appointment,"In connection with the appointment of Brad D. Smith as Intuit’s President and Chief Executive Officer, effective January 1, 2008, Intuit has entered into an employment agreement with Mr. Smith dated October 1, 2007."
0000950134-07-022010,1,John Doerr,Board of Directors,director,departure,not stand for re-election,"On October 24, 2007, L. John Doerr informed the Board of Directors of Intuit Inc. that he will not stand for re-election at Intuit’s annual meeting of stockholders on December 14, 2007."
0000950134-07-023354,1,Intuit’s,Chief Financial Officer,CFO,departure,succeed/replace,"Mr. Williams will assume his new role at Intuit on January 7, 2008, replacing Intuit’s current Chief Financial Officer, Kiran Patel, who will continue in his position as Senior Vice President and General Manager of Intuit’s Consumer Tax Group."
0000950134-08-021520,1,Kiran M. Patel,Executive Vice President,other_exec,appointment,promotion,"On November 26, 2008, the Compensation and Organizational Development Committee (the “Committee”) of the Board of Directors of Intuit Inc. approved the promotion of Kiran M. Patel to the role of Executive Vice President of Intuit’s Small Business Ecosystem division, effective December 2, 2008."
0001193125-12-186061,1,Jeff Weiner,director,director,election,elect,"On April 26, 2012, Jeff Weiner was named to the Board of Directors of Intuit Inc. (“Intuit”) and the number of directors was increased from eight to nine members."
0000896878-13-000062,1,Kiran M. Patel,Executive Vice President,other_exec,departure,retirement,"Mr. Patel's retirement will be effective September 15, 2013."
0001193125-13-295758,1,Jeff Hank,Vice President Chief Accounting Officer,PAO,departure,retire,"Jeff Hank, Vice President, Finance and Chief Accounting Officer of Intuit Inc. (the “Company”), has advised the Company that he will retire effective September 30, 2013."
0000896878-14-000030,1,Mark J. Flournoy,Corporate Controller,PAO,appointment,named,Mr. Flournoy joined Intuit in 2003 as director of general accounting and internal controls and was named Corporate Controller in 2012.
0001193125-14-284196,1,Daniel Maurer,Senior Vice President,other_exec,departure,retirement,"Mr. Maurer will be serving in a transitional non-executive role beginning on August 1, 2014 through his date of retirement on August 26, 2014."
0001193125-14-394221,1,Christopher W. Brody,Board of Directors,director,departure,retire,"On October 29, 2014, Christopher W. Brody decided to retire from the Board of Directors of Intuit Inc. (“Intuit”)."
0001193125-15-360231,1,William V. Campbell,Board of Directors (the “Board,director,departure,retire,"On October 27, 2015, William V. Campbell decided to retire as Chairman of the Board of Directors (the “Board”) of Intuit Inc. (“Intuit”) and an employee of Intuit."
0001193125-15-360231,2,Edward A. Kangas,Board,director,departure,retire,"On October 27, 2015, Edward A. Kangas decided to retire from the Board."
0000896878-16-000219,1,Raul Vazquez,director,director,election,elect,"On May 4, 2016, Raul Vazquez was named to the Board of Directors (the “Board”) of Intuit Inc. (“Intuit”), and the number of directors was increased from eight to nine members."
0000896878-16-000219,2,Raul Vazquez,director,director,election,elect,Mr. Vazquez was appointed to serve on the Audit and Risk Committee and the Acquisition Committee of the Board.
0000896878-17-000080,1,Deborah Liu,director,director,election,elect,"On July 20, 2017, Deborah Liu was named to the Board of Directors (the “Board”) of Intuit Inc. (“Intuit”), and the number of directors was increased from nine to ten members."
0000896878-17-000117,1,Neil Williams,Executive Vice President and Chief Financial Officer,CFO,departure,stepping down,"On August 22, 2017, Intuit Inc. announced that its Executive Vice President and Chief Financial Officer, R. Neil Williams, provided notice on August 17, 2017 that he will be stepping down from his position with the Company, effective January 31, 2018."
0000896878-17-000117,2,Michelle Clatterbuck,Executive Vice President and Chief Financial Officer,CFO,appointment,appointment,"On August 22, 2017, Intuit also announced that the Compensation and Organizational Development Committee of the Company’s Board of Directors on August 19, 2017 approved the appointment of Michelle Clatterbuck, as Executive Vice President and Chief Financial Officer of Intuit, effective February 1, 2018."
0000896878-17-000117,3,Michelle Clatterbuck,"director in October 2004, became Vice President",other_exec,appointment,promoted,"Ms. Clatterbuck, 49, joined Intuit in March 2003 as a senior finance manager, was promoted to finance director in October 2004, became Vice President of finance for the Professional Tax business in 2006, and led finance for the Consumer Tax Group beginning in September 2012."
0000896878-17-000117,4,Michelle Clatterbuck,Senior Vice President,other_exec,appointment,promoted,Ms. Clatterbuck was promoted to Senior Vice President for Intuit’s Consumer Tax Group in August 2016 and has served as acting finance leader for Intuit’s Small Business Group since June 2017.
0000896878-17-000162,1,Diane B. Greene,Board of Directors,director,departure,step down,"On October 19, 2017, Diane B. Greene decided to step down from the Board of Directors of Intuit Inc. (“Intuit”)."
0000896878-18-000025,1,Michelle Clatterbuck,Executive Vice President and Chief Financial Officer,CFO,appointment,appointment,"In connection with the previously announced appointment of Michelle Clatterbuck as Executive Vice President and Chief Financial Officer of Intuit, effective February 1, 2018, Intuit has entered into an employment agreement with Ms. Clatterbuck dated January 19, 2018, and effective February 1, 2018."
0000896878-18-000073,1,Dan Wernikoff,Executive Vice President,other_exec,departure,step down,"(b) On May 22, 2018, Intuit Inc. also announced that its Executive Vice President and General Manager, Consumer Group, Dan Wernikoff, had submitted written notice on May 21, 2018 of his decision to step down from his current position at the end of the fiscal year, on July 31, 2018."
0000896878-18-000073,2,Dan Wernikoff,senior vice president,other_exec,departure,succeed/replace,"The Company also announced that Greg Johnson, currently senior vice president of marketing, will succeed Mr. Wernikoff as general manager of the Consumer Group."
0000896878-18-000162,1,Brad Smith,President and Chief Executive Officer,CEO,departure,stepping down,"On August 23, 2018, Intuit announced that, effective January 1, 2019, Brad Smith will be stepping down as President and Chief Executive Officer of Intuit, at which time he will become Executive Chairman of Intuit’s Board of Directors."
0000896878-18-000162,2,Brad Smith,President and Chief Executive Officer,CEO,departure,stepping down,"In addition, on August 21, 2018, Intuit’s Board of Directors appointed Sasan Goodarzi to become Intuit’s next President and Chief Executive Officer, effective as of January 1, 2019, upon Mr. Smith’s stepping down from his current executive positions at the Company and assuming the role of Executive Chairman of the Board of Directors."
0000896878-18-000162,3,Sasan Goodarzi,Senior Vice President and Chief Product and Platform Officer,other_exec,departure,succeeded by,"Mr. Goodarzi will continue as Executive Vice President and General Manager, Small Business & Self-Employed Group through December 31, 2018, after which he will be succeeded by Alex Chriss, the Company’s Senior Vice President and Chief Product and Platform Officer, Small Business and Self Employed Group."
0000896878-18-000162,4,Tayloe Stansbury,Executive Vice President and Chief Technology Officer,other_exec,departure,stepping down,"There have been no related party transactions between the Company or any of its subsidiaries and Mr. Goodarzi reportable under Item 404(a) of Regulation S-K. On August 23, 2018, Intuit also announced that, effective January 1, 2019, Tayloe Stansbury will be stepping down as Executive Vice President and Chief Technology Officer of Intuit, and that Marianna Tessel, who currently serves as Intuit’s Senior Vice President and Chief Product Development Officer, Small Business & Self-Employed Group, wi"
0000896878-18-000162,5,Tayloe Stansbury,Intuit’s Chief Technology Officer,other_exec,departure,succeed/replace,"There have been no related party transactions between the Company or any of its subsidiaries and Mr. Goodarzi reportable under Item 404(a) of Regulation S-K. On August 23, 2018, Intuit also announced that, effective January 1, 2019, Tayloe Stansbury will be stepping down as Executive Vice President and Chief Technology Officer of Intuit, and that Marianna Tessel, who currently serves as Intuit’s Senior Vice President and Chief Product Development Officer, Small Business & Self-Employed Group, wi"
0000896878-18-000207,1,Brad D. Smith,President and Chief Executive Officer,CEO,departure,step down,"New Compensation Arrangements for Brad D. Smith and Sasan Goodarzi On August 23, 2018, Intuit announced that Brad D. Smith would step down as President and Chief Executive Officer, effective January 1, 2019, and would be appointed Executive Chairman of the Board of Directors on that date."
0000896878-18-000207,2,Brad D. Smith,President and Chief Executive Officer of Intuit,CEO,departure,succeed/replace,"At the same time, Intuit announced that Sasan Goodarzi, Executive Vice President and General Manager of Intuit’s Small Business and Self Employed Group, would succeed Mr. Smith as President and Chief Executive Officer of Intuit, effective January 1, 2019."
0000896878-20-000202,1,Tekedra Mawakana,director,director,election,elect,"On October 16, 2020, the Board of Directors (the “Board”) of Intuit Inc. (“Intuit”) appointed Tekedra Mawakana as a director of Intuit, and the number of directors constituting the full Board was increased from eleven to twelve."
0000896878-21-000255,1,Mark J. Flournoy,Senior Vice President Chief Accounting Officer,PAO,departure,departure,"Also on November 4, 2021, the Compensation and Organizational Development Committee (the “Compensation Committee”) of the Company’s Board of Directors approved the appointment of Lauren D. Hotz as Vice President and Chief Accounting Officer of the Company, effective February 28, 2022, to succeed Mr. Flournoy upon his departure."
0000896878-21-000255,2,Mark J. Flournoy,Vice President and Chief Accounting Officer,PAO,departure,succeed/replace,"Also on November 4, 2021, the Compensation and Organizational Development Committee (the “Compensation Committee”) of the Company’s Board of Directors approved the appointment of Lauren D. Hotz as Vice President and Chief Accounting Officer of the Company, effective February 28, 2022, to succeed Mr. Flournoy upon his departure."
0000896878-22-000019,1,Gregory Johnson,Executive Vice President,other_exec,departure,stepping down,"On May 24, 2022, Intuit also announced that Gregory Johnson will be stepping down as Intuit’s Executive Vice President and General Manager of the Consumer Group, effective May 31, 2022."
0000896878-22-000019,2,Gregory Johnson,Chief Executive Officer,CEO,departure,departing,"Mr. Johnson is departing the Company to join McAfee, Inc. as its Chief Executive Officer."
0000896878-22-000019,3,Growth Products,Executive Vice President,other_exec,appointment,appointed,"Intuit also announced that Varun Krishna, Senior Vice President and General Manager of Growth Products, Consumer Group will be appointed as Executive Vice President and General Manager of the Consumer Group, effective May 31, 2022."
0000896878-23-000016,1,Ryan Roslansky,director,director,election,elect,Mr. Roslansky was appointed to serve on the Acquisition Committee and Mr. Yuan was appointed to serve on the Audit and Risk Committee and the Nominating and Governance Committee of the Board.
0000896878-23-000028,1,Marianna Tessel,Executive Vice President,other_exec,appointment,appointed,"On August 14, 2023, Intuit Inc. (the “Company”) announced that Marianna Tessel, Executive Vice President and Chief Technology Officer, will be appointed as the Company’s Executive Vice President and General Manager, Small Business and Self-Employed Group, effective September 5, 2023."
0000896878-23-000028,2,Alex Chriss,Executive Vice President,other_exec,departure,stepping down,"Ms. Tessel will be replacing Alex Chriss, who will be stepping down on September 5, 2023 as Intuit’s Executive Vice President and General Manager, Small Business and Self-Employed Group, to join PayPal, Inc. as its Chief Executive Officer."
0000896878-23-000028,3,Alex Chriss,Executive Vice President,other_exec,departure,succeed/replace,"Ms. Tessel will be replacing Alex Chriss, who will be stepping down on September 5, 2023 as Intuit’s Executive Vice President and General Manager, Small Business and Self-Employed Group, to join PayPal, Inc. as its Chief Executive Officer."
0000896878-23-000028,4,Alex Balazs,Executive Vice President and Chief Technology Officer,other_exec,appointment,appointed,"Intuit also announced that Alex Balazs, Senior Vice President and Chief Technology Architect, will be appointed as Executive Vice President and Chief Technology Officer, effective September 5, 2023."
0000896878-24-000021,1,Vasant Prabhu,director,director,election,elect,"On May 2, 2024, the Board of Directors (the “Board”) of Intuit Inc. (the “Company”) appointed Vasant Prabhu as a director of the Company, and the number of directors constituting the full Board was increased from 11 to 12."
0000896878-24-000021,2,Vasant Prabhu,director,director,election,elect,Mr. Prabhu was appointed to serve on the Acquisition Committee and the Audit and Risk Committee of the Board.
0000896878-24-000032,1,Forrest Norrod,director,director,election,elect,"On July 24, 2024, the Board of Directors (the “Board”) of Intuit Inc. (the “Company”) appointed Forrest Norrod as a director of the Company, and the number of directors constituting the full Board was increased from 12 to 13."
0000896878-24-000032,2,Forrest Norrod,director,director,election,elect,Mr. Norrod was appointed to serve on the Acquisition Committee and the Audit and Risk Committee of the Board.
0000896878-25-000027,1,Caryl Hilliard,Chief People & Places Officer,other_exec,appointment,will serve as,"The Company announced that Caryl Hilliard, the Company’s Senior Vice President, People & Places, will serve as the Company’s Chief People & Places Officer effective August 1, 2025."
0000950123-11-034955,1,Liberty Radio,director,director,election,elect,"On April 12, 2011, Liberty Radio, LLC, a subsidiary of Liberty Media Corporation, appointed Ms. Vanessa A. Wittman and Mr. Carl E. Vogel to our board of directors."
0000950123-11-034955,2,Liberty Radio,director,director,election,elect,"Liberty Radio, LLC previously appointed John C. Malone, Gregory B. Maffei and David J.A. Flowers to our board of directors."
0000950123-11-034955,3,Vanessa A. Wittman,director,director,election,elect,"Ms. Wittman is expected to be appointed to the Audit Committee of our board, and Mr. Vogel is anticipated to be appointed to the Compensation Committee and the Nominating and Corporate Governance Committee of our board."
0000930413-11-004876,1,David J. Frear,Chief Financial Officer,CFO,appointment,to serve as,"On July 21, 2011, we entered into a new employment agreement (the “Employment Agreement”) with David J. Frear to continue to serve as our Executive Vice President and Chief Financial Officer through July 20, 2015."
0000930413-11-005668,1,Dara F. Altman,Chief Administrative Officer,other_exec,appointment,to serve as,"On August 23, 2011, we entered into a new employment agreement (the “Employment Agreement”) with Dara F. Altman to continue to serve as our Executive Vice President and Chief Administrative Officer through August 22, 2015."
0000930413-12-001340,1,James E. Meyer,President,president,departure,retire,"On March 5, 2012, we entered into an amendment to our employment agreement with James E. Meyer, our President, Operations and Sales, to change the date that Mr. Meyer may elect to retire from May 2012 to May 2013."
0000930413-14-004831,1,,Director,director,departure,Departure,"Departure of Director On December 10, 2014, David J.A. Flowers resigned as a member of our board of directors."
0000930413-14-004831,2,Mr. Flowers,director,director,election,elect,"Appointment of Director To fill the vacancies resulting from the resignation described above, our board of directors on December 10, 2014 unanimously appointed Mark D. Carleton as a member of our board of directors."
0000930413-15-002882,1,Dara F. Altman,Chief Administrative Officer,other_exec,appointment,to serve as,"On June 19, 2015, Sirius XM Radio Inc. entered into a new employment agreement (the “Employment Agreement”) with Dara F. Altman to continue to serve as the Executive Vice President and Chief Administrative Officer of both Sirius XM Radio Inc. and Sirius XM Holdings Inc. through June 18, 2018."
0000930413-15-002950,1,Enrique Rodriguez,Executive Vice President,other_exec,departure,Resignation,Resignation of Enrique Rodriguez .
0000930413-15-002950,2,Connected Vehicle,Executive Vice President,other_exec,departure,resignation,"On June 26, 2015, Enrique Rodriguez, our Executive Vice President, Operations, Products and Connected Vehicle, delivered to us his resignation from all positions he holds with us and our subsidiaries in order to accept a senior leadership position with another company."
0000930413-15-002950,3,Enrique Rodriguez,Executive Vice President,other_exec,departure,resignation,"Mr. Rodriguez’s resignation is effective on July 17, 2015."
0000930413-15-002950,4,Enrique Rodriguez,Executive Vice President,other_exec,departure,succeed/replace,"Sirius XM Radio Inc., our subsidiary, has entered into an agreement (the “Agreement”) with James A. Cady to serve as Executive Vice President, Operations, Products and Connected Vehicle, replacing Mr. Rodriguez."
0000930413-16-005595,1,Anthony J. Bates,Director,director,departure,Departure,"Departure of Director On February 18, 2016, Anthony J. Bates gave notice of his resignation as a member of our board of directors."
0000908937-18-000008,1,Michael Rapino,Board of Directors,director,departure,resignation,"On January 23, 2018, our Board of Directors unanimously appointed Michael Rapino as a member of our Board of Directors, effective as of January 23, 2018, to hold office until the Corporation’s 2018 annual meeting of stockholders, his successor has been duly elected and qualified or his earlier death, resignation or removal."
0001140361-13-030591,1,Bryan Hunt,Vice President and Chief Accounting Officer (principal accounting officer,PAO,departure,resignation,"On August 2, 2013, Bryan Hunt gave notice of his resignation, ending his position as First Vice President and Chief Accounting Officer (principal accounting officer) of Essex Property Trust, Inc. (the “Company”)."
0001140361-14-003902,1,Irving F. Lyons,director,director,election,elect,Mr. Lyons has been a director of BRE since 2006 and was appointed Chairman of the BRE Board in May 2009.
0001140361-14-015094,1,Introductory Note,director,director,election,elect,"As previously disclosed in the Current Report on Form 8-K filed by Essex with the SEC on January 31, 2014, consistent with and as required by the Merger Agreement, as of the Effective Time, the board of directors of Essex (the “Essex Board”) was increased from 10 to 13 members and the following former members of the board of directors of BRE were appointed to the Essex Board: Irving F. Lyons, III, Thomas E. Robinson and Thomas P. Sullivan (collectively, the “BRE Designees”), each to serve until "
0001140361-14-046028,1,John Farias,"Vice President, Chief Accounting Officer",PAO,appointment,appointment,"On December 19, 2014, Essex Property Trust, Inc. (the “Company”), announced the appointment of John Farias, age 46, as Group Vice President, Chief Accounting Officer (“CAO”) and principal accounting officer for purposes of the Securities Exchange Act of 1934, as amended."
0000920522-15-000011,1,Angela Kleiman,Chief Financial Officer,CFO,appointment,will become,"She will become Chief Financial Officer effective as of September 30, 2015."
0000920522-15-000011,2,Angela Kleiman,Senior Vice President,other_exec,departure,depart,"Since joining the Company, she has assumed additional responsibilities such as leading the economic research, financial planning and analysis and investor relations departments."
0000920522-15-000011,3,Angela Kleiman,Chief Financial Officer,CFO,appointment,appointed,There is no arrangement or understanding between Ms. Kleiman and any other person pursuant to which Ms. Kleiman was appointed as the Chief Financial Officer of the Company.
0001140361-15-032543,1,Thomas E. Randlett,director,director,departure,passed away,"On August 14, 2015, Essex Property Trust, Inc. (the “Company”) was informed that Thomas E. Randlett, a director of the Company, had passed away on that date."
0001140361-20-012015,1,,director,director,election,elect,"Board and Management Appointments On May 14, 2020, the Board of Directors (the “Board”) of Westinghouse Air Brake Technologies Corporation (the “Company”) appointed Albert J. Neupaver to the position of Chairman of the Company’s Board, effective July 1, 2020."
0001140361-20-012015,2,Emilio A. Fernandez,Board,director,departure,retired,"On May 15, 2020, Board members Philippe Alfroid and Emilio A. Fernandez retired from the Board, as previously disclosed on Form 8-K filed February 13, 2020."
0001140361-20-017477,1,Scott E. Wahlstrom,Chief Human Resources Officer,other_exec,departure,step down,"On August 3, 2020, Scott E. Wahlstrom announced that he has decided to step down from his role as Wabtec’s Chief Human Resources Officer later this year after nearly 30 years of service to the Company."
0001140361-20-027975,1,Lee C. Banks,director,director,election,elect,"On December 7, 2020, Lee C. Banks was elected to serve as a member of the board of directors of Westinghouse Air Brake Technologies Corporation (“Wabtec”)."
0001140361-20-027975,2,Lee C. Banks,director,director,election,elect,Mr. Banks was also appointed to the Compensation and Nominating and Corporate Governance Committees of the Board.
0001140361-21-005371,1,Erwan Faiveley,Director,director,departure,not stand for re-election,"On February 11, 2021, Erwan Faiveley notified the Board of Directors (the “Board”) of Westinghouse Air Brake Technologies Corporation (the “Company”) that he will not stand for re-election as a Director of the Company at the end of his current term and will retire from the Board effective as of the Company’s 2021 annual meeting of stockholders."
0001140361-21-018288,1,Erwan Faiveley,Board,director,departure,retired,"On May 19, 2021, Erwan Faiveley, a member of the Board of Directors (the “Board”) of Westinghouse Air Brake Technologies Corporation (the “Company”), retired from the Board, as previously disclosed in the Current Report on Form 8-K filed by the Company on February 18, 2021 (the “Prior Form 8-K”)."
0001140361-21-023780,1,Byron Foster,director,director,election,elect,"On July 8, 2021, Byron Foster was elected to serve as a member of the board of directors of Westinghouse Air Brake Technologies Corporation (“Wabtec”)."
0001140361-21-023780,2,Byron Foster,director,director,election,elect,Mr. Foster was also appointed to the Compensation and Audit Committees of the Board.
0001140361-21-028111,1,John A. Olin,Executive Vice President and Chief Financial Officer,CFO,appointment,will join,Mr. Olin will join Wabtec as Executive Vice President and Chief Financial Officer of the Company.
0001140361-21-028111,2,Patrick A. Dugan,Executive Vice President Chief Financial Officer,CFO,departure,leave the Company,"Mr. Olin will also enter into an employment continuation agreement consistent with those described in the Company’s definitive proxy statement filed with the Securities and Exchange Commission on April 7, 2021, under the caption “Employment Continuation Agreements with Certain Executive Officers.” Mr. Dugan is expected to leave the Company sometime in the fourth quarter of 2021 and he will work closely with Mr. Olin through then to ensure a seamless transition."
0001140361-21-028111,3,Patrick A. Dugan,Executive Vice President Chief Financial Officer,CFO,departure,termination of his employment,"As of the filing of this Current Report on Form 8-K, the Company has not determined the final terms of the severance compensation to be granted to Mr. Dugan in connection with the termination of his employment."
0001140361-21-031241,1,Patrick A. Dugan,Executive Vice President Chief Financial Officer,CFO,departure,will leave,"As previously announced by Westinghouse Air Brake Technologies Corporation (the “Company”) on August 11, 2021, Patrick A. Dugan, Executive Vice President Finance and Chief Financial Officer, will leave the Company to pursue other opportunities, and is expected to do so in the fourth quarter of 2021."
0001140361-22-020352,1,Mr. Michael,Board,director,departure,retired,"On May 18, 2022, Mr. Lee B. Foster and Mr. Michael Howell, each a member of the Board of Directors (the “Board”) of Westinghouse Air Brake Technologies Corporation (the “Company”), retired from the Board."
0001140361-22-024697,1,Beverly Babcock,director,director,election,elect,"On July 1, 2022, Beverly Babcock was elected to serve as a member of the board of directors of Westinghouse Air Brake Technologies Corporation (“Wabtec”)."
0001140361-22-044669,1,,Directors or Certain Executives; Election of Directors,director,departure,Departure,Departure of Directors or Certain Executives; Election of Directors; Appointment of Certain Executives; Compensatory Arrangements of Certain Executives.
0001140361-22-044669,2,,Executive Vice President and Chief Technology Officer,other_exec,departure,termination of employment,"Westinghouse Air Brake Technologies Corporation (the “ Company ”) entered into Severance and Employment Continuation Agreements (each, a Continuation Agreement and collectively, the “ Continuation Agreements ”) with the following individuals who are the Company’s named executive officers from its most recent proxy statement (each, an “ Executive ”) effective December 5, 2022: Rafael Santana President and Chief Executive Officer John Olin Executive Vice President and Chief Financial Officer David"
0001193125-21-350793,1,Barry J. Alperin,board of directors of the Company (the “Board,director,departure,retire,"(b) On December 8, 2021, Henry Schein, Inc. (the “Company”) announced that Barry J. Alperin intends to retire from the board of directors of the Company (the “Board”) at the end of his current term and not stand for re-election to the Board at the Company’s 2022 Annual Meeting of Stockholders (the “Annual Meeting”)."
0001193125-21-350793,2,Henry Schein,"director resignation policy, directors",director,departure,resignation,"Under the Company’s director resignation policy, directors are expected to retire from the Board at the end of the term during which they reach the age of 80."
0001193125-21-350793,3,Scott Serota,director,director,election,elect,"(d) On December 7, 2021, upon the recommendation of the Nominating and Governance Committee, the Board appointed Scott Serota as a director of the Company, effective immediately."
0001193125-21-350793,4,Scott Serota,director,director,election,elect,The Board has also appointed Mr. Serota as a member of the Board’s Strategic Advisory Committee.
0001193125-22-002148,1,Steven Paladino,Executive Vice President and Chief Financial Officer,CFO,departure,retire,"On January 5, 2022, Henry Schein, Inc. (the “Company”) announced that Steven Paladino will retire as Executive Vice President and Chief Financial Officer of the Company, effective April 29, 2022."
0001193125-22-002148,2,Steven Paladino,Senior Vice President and Chief Financial Officer,CFO,departure,retirement,"On January 4, 2022, the Company’s Board of Directors appointed Ronald N. South, 60, to succeed Mr. Paladino as Senior Vice President and Chief Financial Officer of the Company, effective upon Mr. Paladino’s retirement on April 29, 2022, and Mr. South will replace Mr. Paladino as the Company’s principal financial officer and principal accounting officer."
0001193125-22-002148,3,Steven Paladino,Senior Vice President and Chief Financial Officer of the Company,CFO,departure,succeed/replace,"On January 4, 2022, the Company’s Board of Directors appointed Ronald N. South, 60, to succeed Mr. Paladino as Senior Vice President and Chief Financial Officer of the Company, effective upon Mr. Paladino’s retirement on April 29, 2022, and Mr. South will replace Mr. Paladino as the Company’s principal financial officer and principal accounting officer."
0001193125-22-002148,4,Steven Paladino,the Company’s principal financial officer and principal accounting officer,CFO,departure,succeed/replace,"On January 4, 2022, the Company’s Board of Directors appointed Ronald N. South, 60, to succeed Mr. Paladino as Senior Vice President and Chief Financial Officer of the Company, effective upon Mr. Paladino’s retirement on April 29, 2022, and Mr. South will replace Mr. Paladino as the Company’s principal financial officer and principal accounting officer."
0001193125-22-002148,5,Ronald N. South,Vice President,president,departure,succeed/replace,"Additionally, Olga Timoshkina, who joined the Company this past September as Vice President, Corporate Controller, will succeed Mr. South as Vice President, Corporate Finance and Chief Accounting Officer, reporting to Mr. South."
0001193125-22-094333,1,Gerald A. Benjamin,Executive Vice President and Chief Administrative Officer,other_exec,departure,retire,"(b) On April 4, 2022, Henry Schein, Inc. (the “Company”) announced that Gerald A. Benjamin will retire as Executive Vice President and Chief Administrative Officer of the Company, effective July 1, 2022, and will not stand for reelection to the board of directors of the Company (the “Board of Directors”) at its 2022 Annual Meeting of Stockholders (the “Annual Meeting”)."
0001193125-22-094333,2,Gerald A. Benjamin,Executive Vice President and Chief Operating Officer,COO,departure,retirement,"(c) On March 30, 2022, the Board of Directors appointed Michael S. Ettinger, 61, as Executive Vice President and Chief Operating Officer, effective upon Mr. Benjamin’s retirement on July 1, 2022."
0001193125-23-297629,1,Carole T. Faig,director,director,election,elect,"Appointment of Carole T. Faig as a Director On December 13, 2023, upon the recommendation of the Nominating and Governance Committee of the Board of Directors (the “Board”) of Henry Schein, Inc. (the “Company”), the Board increased the size of the Board to fifteen directors and appointed Carole T. Faig as a new independent director to fill the resulting vacancy, effective immediately."
0001001082-22-000006,1,Afshin Mohebbi,Board of Directors (the “Board,director,departure,stepped down,"(b) Afshin Mohebbi stepped down and no longer serves on the Board of Directors (the “Board”) of DISH Network Corporation (“DISH or the “Corporation”) and its committees as of December 31, 2021."
0001001082-22-000006,2,Erik Carlson,director,director,election,elect,"(d) The Board appointed W. Erik Carlson as a member of the Board also as of December 31, 2021."
0001001082-22-000013,1,Mr. Iyengar,principal operating officer,COO,appointment,will serve as,"Mr. Iyengar will serve as the principal operating officer of DISH Network taking over those responsibilities from Mr. John W. Swieringa, President and Chief Operating Officer of DISH Wireless."
0001001082-23-000008,1,Stephen Bye,director,director,election,elect,"(d) On January 9, 2023, the Board of Directors (the “Board”) of DISH Network Corporation (“DISH”) appointed Stephen Bye a member of the Board effective January 18, 2023."
0001001082-23-000031,1,Mr. Narayan,Executive Vice President and Chief Operating Officer,COO,departure,resigning,"On June 19, 2023, Mr. Narayan R. Iyengar notified DISH Network Corporation that he was resigning as Executive Vice President and Chief Operating Officer effective June 23, 2023."
0001104659-23-088620,1,Erik Carlson,Chief Executive Officer,CEO,departure,step down,Mr. W. Erik Carlson will step down as Chief Executive Officer of DISH as of the Effective Time.
0001104659-23-114464,1,Erik Carlson,President and Chief Executive Officer,CEO,departure,resign,"On November 3, 2023, Mr. W. Erik Carlson notified DISH Network Corporation (“DISH”) that he intends to resign as President and Chief Executive Officer effective November 12, 2023."
0001104659-23-114464,2,Erik Carlson,board of directors,director,departure,resigning,Mr. Carlson is not resigning due to any disagreement with the board of directors or management of DISH.
0001104659-23-114464,3,Mr. Hamid,Chief Executive Officer and President,CEO,appointment,appoint,"DISH intends to work with EchoStar to appoint Mr. Hamid Akhavan, the current Chief Executive Officer and President of EchoStar, to the additional post of President and Chief Executive Officer of DISH effective as of November 13, 2023."
0001104659-23-116755,1,Mr. Hamid,Chief Executive Officer and President,CEO,appointment,appointed,"On November 9, 2023, DISH Network Corporation (“DISH”) appointed Mr. Hamid Akhavan, the current Chief Executive Officer and President of EchoStar Corporation (“EchoStar”), to the additional role of President and Chief Executive Officer of DISH effective as of November 13, 2023."
0001104659-23-116755,2,Mr. Carlson,President and Chief Executive Officer,CEO,departure,resign,"As previously disclosed, Mr. Carlson notified DISH of his intention to resign as President and Chief Executive Officer of DISH effective as of November 12, 2023, but will remain on the board of directors of DISH (the “DISH Board”) through the closing of the previously announced merger between DISH and EchoStar (the “Merger”)."
0001001250-21-000111,1,"Irvine O. Hockaday, Jr.",Director,director,departure,Departure,"(b) Departure of Director On July 13, 2021, Irvine O. Hockaday, Jr., a member of the Board of Directors of The Estée Lauder Companies Inc. (the “Company”), notified the Company that he will serve the remainder of his term, which ends on November 12, 2021, and he will not stand for re-election at the Company’s 2021 Annual Meeting of Stockholders on that date."
0001001250-21-000168,1,,Directors or Certain Executive Officer,other_exec,departure,Departure,"Departure of Directors or Certain Executive Officers; Election of Directors; Appointment of Certain Officers; Compensatory Arrangements of Certain Officers On October 21, 2021, Cedric Prouvé, who is Group President, International, The Estée Lauder Companies Inc. (the “Company”), and is a Named Executive Officer in the Company’s 2021 Proxy Statement, notified the Company of his decision to retire, effective on or about June 30, 2022."
0001001250-22-000023,1,John Demsey,Group President,other_exec,departure,leave the Company,"Mr. Demsey was informed he must leave the Company, and he will retire, effective March 4, 2022."
0001001250-22-000048,1,,director,director,election,elect,"(d) Election of Directors On April 25, 2022, the Board of Directors (the “Board”) of The Estée Lauder Companies Inc. (the “Company”) increased its size to sixteen (16) members, increased the size of its Audit Committee to five (5) members, and elected Arturo Nuñez as (i) a member of the Board and (ii) a member of the Audit Committee, in each case effective as of April 25, 2022."
0001001250-22-000105,1,,director,director,election,elect,"(d) Election of Directors On July 11, 2022, the Board of Directors (the “Board”) of The Estée Lauder Companies Inc. (the “Company”) increased its size to seventeen (17) members, increased the size of its Audit Committee to six (6) members, and elected Angela Wei Dong as (i) a member of the Board and (ii) a member of the Audit Committee, in each case effective as of July 11, 2022."
0001001250-22-000114,1,Rose Marie Bravo,Director,director,departure,Departure,"(b) Departure of Director On July 18, 2022, Rose Marie Bravo, a member of the Board of Directors (the “Board”) of The Estée Lauder Companies Inc. (the “Company”), notified the Company that she will retire from the Board, effective November 17, 2022."
0001001250-23-000119,1,Leonard A. Lauder,Directors,director,departure,Departure,"(b) Departure of Directors On August 22, 2023, Leonard A. Lauder (“Mr. L. Lauder”), who has been a member of the Board of Directors (the “Board”) since 1958, and Wei Sun Christianson (“Ms. Christianson”), who has been a member of the Board since 2011, notified The Estée Lauder Companies Inc. (the “Company”) of their decisions not to stand for re-election as Class III directors at the Company’s 2023 Annual Meeting of Stockholders on November 17, 2023 (the “2023 Annual Meeting”)."
0001041061-21-000003,1,Tracy Skeans,"Chief Transformation and People Officer, to the role of Chief Operating Officer",COO,appointment,appointed,"Brands, Inc. (the “Company”) has appointed Tracy Skeans, currently its Chief Transformation and People Officer, to the role of Chief Operating Officer and Chief People Officer, effective January 29, 2021."
0001041061-21-000048,1,Mr. Tony,Chief Executive Officer,CEO,departure,resign,"Brands, Inc. (the “Company”), informed the Company that he plans to resign as Chief Executive Officer of KFC on December 31, 2021."
0001041061-21-000048,2,David Gibbs,Chief Executive Officer,CEO,departure,retirement,"Mr. Lowings will continue to report to David Gibbs, the Chief Executive Officer of the Company, in another capacity until his retirement in March 2022 and will assist the Company with transition needs through that date."
0001041061-21-000048,3,Sabir Sami,"Director of KFC Asia, will become Chief Executive Officer",CEO,appointment,will become,"Sabir Sami, currently KFC Division Chief Operating Officer and Managing Director of KFC Asia, will become Chief Executive Officer of the KFC Division on January 1, 2022."
0001104659-22-129816,1,,director,director,departure,resignation,"(b) On December 22, 2022, Elane B. Stock submitted her resignation as a director of Yum!"
0001041061-23-000033,1,Taco Bell,Chief Executive Officer,CEO,departure,retire,"Brands, Inc. (the “Company”), informed the Company that he plans to retire as Chief Executive Officer of Taco Bell on December 31, 2023."
0001041061-23-000033,2,Sean Tresvant,"Chief Brand and Strategy Officer, will become Chief Executive Officer",CEO,appointment,will become,"Sean Tresvant, currently the Taco Bell Global Chief Brand and Strategy Officer, will become Chief Executive Officer of Taco Bell on January 1, 2024."
0001041061-23-000035,1,Brett Biggs,director,director,election,elect,"As of the date of this filing, neither Mr. Biggs nor Ms. Doniz has been appointed to a committee of the Board."
0001041061-23-000043,1,Brett Biggs,director,director,election,elect,"On August 17, 2023, the Board appointed Mr. Biggs and Ms. Doniz to the Board’s Audit Committee, effective immediately."
0000950123-09-012599,1,Ambassador Susan,director,director,election,elect,"(d) Election of New Director: On June 8, 2009, the Board of Directors of FedEx Corporation elected Ambassador Susan C. Schwab as a director, effective immediately."
0000950123-09-044728,1,Douglas G. Duncan,President and Chief Executive Officer,CEO,departure,retire,"Effective February 28, 2010, Douglas G. Duncan will retire from his position as President and Chief Executive Officer of FedEx Freight Corporation, a wholly owned subsidiary of FedEx Corporation."
0000950123-09-056728,1,Douglas G. Duncan,President and Chief Executive Officer,CEO,departure,retirement,"William J. Logue has been appointed to succeed Douglas G. Duncan as President and Chief Executive Officer of FedEx Freight Corporation (“FedEx Freight”), a wholly owned subsidiary of FedEx Corporation, on March 1, 2010, following Mr. Duncan’s previously announced retirement from the position."
0000950123-09-056728,2,Douglas G. Duncan,President and Chief Executive Officer of FedEx Freight Corporation (“FedEx Freight”),CEO,departure,succeed/replace,"William J. Logue has been appointed to succeed Douglas G. Duncan as President and Chief Executive Officer of FedEx Freight Corporation (“FedEx Freight”), a wholly owned subsidiary of FedEx Corporation, on March 1, 2010, following Mr. Duncan’s previously announced retirement from the position."
0000950123-09-056728,3,William J. Logue,President,president,appointment,will serve as,"For a transitional period from December 1, 2009 through February 28, 2010, Mr. Logue will serve as President of FedEx Freight and Mr. Duncan will remain Chief Executive Officer of FedEx Freight."
0000950123-09-056728,4,Regulation S-K,director or executive officer,other_exec,appointment,appointment,"There have been no transactions since the beginning of FedEx’s last fiscal year, and there are no currently proposed transactions, in which FedEx was or is to be a participant and in which Mr. Logue or any member of his immediate family had or will have any interest, that are required to be reported under Item 404(a) of Regulation S-K. The appointment of Mr. Logue was not pursuant to any arrangement or understanding between him and any person, other than a director or executive officer of FedEx "
0000950123-10-058498,1,Judith L. Estrin,Board of Directors,director,departure,retire,"Judith L. Estrin has provided notice of her decision to retire from the Board of Directors of FedEx Corporation, effective immediately before the annual meeting of FedEx’s stockholders on September 27, 2010, and not stand for reelection."
0000950123-10-090493,1,,Director,director,departure,Retirement,"(b) Retirement of Director: J.R. Hyde, III has provided notice of his decision to retire from the Board of Directors of FedEx Corporation, effective immediately before the next annual meeting of FedEx’s stockholders on September 26, 2011, and not stand for reelection."
0001193125-12-078385,1,David C. Abrams,director of the board of directors (“Board,director,departure,resigned,"(b) On February 23, 2012, David C. Abrams resigned as a director of the board of directors (“Board”) of Crown Castle International Corp. (“Company”), effective as of February 23, 2012."
0001193125-14-062781,1,,director,director,election,elect,"(d) On February 20, 2014, the Board of Directors (“Board”) of Crown Castle International Corp. (“Company”) increased the number of directors on the Board to 11 and appointed P. Robert Bartolo to the Board as a Class I director."
0001193125-14-062781,2,Robert Bartolo,director,director,election,elect,"Mr. Bartolo has not yet been appointed to any committees of the Board, although the Board may appoint him to one or more committees in the future."
0001058290-18-000044,1,Betsy S. Atkins,Board of Directors,director,departure,resigned,"On October 30, 2018, Betsy S. Atkins resigned from the Board of Directors of Cognizant Technology Solutions Corporation."
0001058290-19-000006,1,,director,director,election,elect,"Appointment of New Chief Executive Officer - Brian Humphries On February 6, 2019, the Company announced that the Board of Directors (the “Board”) has appointed Brian Humphries as the Company’s Chief Executive Officer and as a member of the Board, in each case effective April 1, 2019 (the “Effective Date”)."
0001058290-19-000006,2,Brian Humphries,director,director,election,elect,There is no arrangement or understanding between Mr. Humphries and any other person pursuant to which Mr. Humphries was elected as Chief Executive Officer or as a director of the Company.
0001058290-19-000006,3,Brian Humphries,Chief Executive Officer,CEO,appointment,appointment,"In connection with his appointment as Chief Executive Officer, the Company provided Mr. Humphries with an offer letter (the “Offer Letter”) pursuant to which Mr. Humphries has agreed to serve as the Company’s Chief Executive Officer on an at-will basis."
0001058290-19-000006,4,Francisco D’Souza,Chief Executive Officer,CEO,departure,step down,"Current Chief Executive Officer Transition Agreement - Francisco D’Souza On February 6, 2019, the Company also announced that Francisco D’Souza will step down as the Company’s Chief Executive Officer, effective April 1, 2019, and has agreed to serve as an advisor to the new Chief Executive Officer with the title of “Executive Vice Chairman” from April 1, 2019 through June 30, 2019 (the “Transition Period”)."
0001058290-19-000006,5,Rajeev Mehta,President,president,departure,step down,"Current President Letter Agreement - Rajeev Mehta On February 6, 2019, the Company also announced that Rajeev Mehta will step down as the Company’s President, effective on April 1, 2019, and will thereafter serve as an advisor to the new Chief Executive Officer from April 1, 2019 through May 1, 2019 (the “Separation Date”), at which point Mr. Mehta’s employment with the Company will terminate."
0001058290-19-000021,1,Sandra Wijnberg,director,director,election,elect,"On July 16, 2019, the Board of Directors (the “Board”) of Cognizant Technology Solutions Corporation (the “Company”) appointed Sandra Wijnberg to the Board to fill a newly created vacancy following an increase in the size of the Board to 12 directors."
0001058290-19-000021,2,Sandra Wijnberg,director,director,election,elect,"In connection with the appointment of Ms. Wijnberg to the Board, she was also appointed to serve as a member of the Board’s Audit Committee and has been determined by the Board to be an “audit committee financial expert” as defined in Item 407(d)(5)(ii) of Regulation S-K. Ms. Wijnberg was selected as a director based on her extensive leadership experience, including as a Chief Financial Officer and as a public company director, as summarized below."
0001058290-19-000028,1,Jonathan Chadwick,Board,director,departure,will leave,"On September 16, 2019, Jonathan Chadwick informed the Board of Directors (the “Board”) of Cognizant Technology Solutions Corporation that he will leave the Board effective December 31, 2019."
0001058290-19-000030,1,Jonathan Chadwick,Board,director,departure,will leave,"On September 16, 2019, Jonathan Chadwick informed the Board of Directors (the “Board”) of Cognizant Technology Solutions Corporation that he will leave the Board effective December 31, 2019."
0001058290-19-000038,1,John E. Klein,Board,director,departure,will leave,"On December 2, 2019, John E. Klein informed the Board of Directors (the “Board”) of Cognizant Technology Solutions Corporation that he will leave the Board effective March 1, 2020."
0001058290-20-000004,1,Francisco D’Souza,Board”) of the Company that he will leave the Board,director,departure,will leave,"On February 2, 2020, Francisco D’Souza informed the Board of Directors (the “Board”) of the Company that he will leave the Board effective March 31, 2020."
0001058290-20-000004,2,Vinita Bali,director,director,election,elect,"On February 3, 2020, the Board appointed Vinita Bali to the Board to fill a current vacancy effective February 24, 2020."
0001058290-20-000013,1,Archana Deskus,director,director,election,elect,"On March 5, 2020, the Board appointed Archana Deskus to the Board to fill a current vacancy, effective immediately."
0001206774-20-002232,1,Mr. Jan,Chief Financial Officer,CFO,appointment,appointment,"On July 29, 2020, Cognizant Technology Solutions Corporation (the “Company”) announced the appointment of Mr. Jan Siegmund as Chief Financial Officer, effective September 1, 2020."
0001206774-20-002232,2,Mr. Siegmund,Chief Financial Officer,CFO,appointment,appointment,"Prior to his appointment as Chief Financial Officer, he served in various positions of increasing responsibility with ADP, including as ADP’s President - Added Value Services from 2007 to 2012 and Chief Strategy Officer from 2004 to 2012."
0001193125-11-350759,1,Kevin C. Walbridge,Executive Vice President,other_exec,departure,departure,"On December 21, 2011, Republic Services, Inc. (the “Company”) entered into an agreement with Kevin C. Walbridge, Executive Vice President – Operations, relating to Mr. Walbridge’s departure from the Company effective November 28, 2011 (“Separation Agreement”)."
0001193125-11-350759,2,Kevin C. Walbridge,Executive Vice President,other_exec,departure,separation from,The Separation Agreement sets forth the terms of Mr. Walbridge’s separation from the Company.
0001193125-12-144048,1,Good Reason,director,director,election,elect,The 2012 Slager Agreement retains this part of the definition but also specifies that “Good Reason” includes Mr. Slager’s departure from the Board as the result of his failure to receive the required votes by the Company’s stockholders to be re-elected to the Board.
0001193125-12-186198,1,Tod C. Holmes,Executive Vice President and Chief Financial Officer,CFO,departure,retire,"On April 26, 2012, Republic Services, Inc. (the Company) announced that Tod C. Holmes has submitted notice of his intent to retire from his position as Executive Vice President and Chief Financial Officer effective May 1, 2013."
0001193125-12-282327,1,Tod C. Holmes,Executive Vice President and Chief Financial Officer,CFO,departure,retire,"Republic Services, Inc. (the “Company”) previously announced that Tod C. Holmes submitted notice of his intent to retire from his position as Executive Vice President and Chief Financial Officer effective May 1, 2013, that the Company has a well established succession plan, and that the search for Mr. Holmes’s successor is underway."
0001193125-12-282327,2,Tod C. Holmes,Board,director,departure,Retirement,"On June 22, 2012, Mr. Holmes and the Company entered into a Retirement Agreement, effective immediately."
0001193125-12-282327,3,Tod C. Holmes,Board,director,departure,Retirement,"The Retirement Agreement supplements Mr. Holmes’s May 14, 2009 Amended and Restated Employment Agreement (the “Employment Agreement”)."
0001193125-12-282327,4,Tod C. Holmes,Chief Financial Officer,CFO,departure,Retirement,The Retirement Agreement contains the following provisions: (1) Mr. Holmes will assist in selecting his successor as the Company’s Chief Financial Officer and will provide transition assistance to his successor.
0001193125-12-282327,5,Tod C. Holmes,Board,director,departure,Retirement,"(4) Mr. Holmes will receive promptly after execution of the Retirement Agreement an Accelerated Restricted Stock Award, which is in lieu of a discretionary annual equity grant for 2013."
0001060391-12-000012,1,Robert Boucher,Senior Vice President,other_exec,appointment,appointed,"The Company has appointed Robert Boucher, current Senior Vice President, Southern Operations of the Company, as the Company's Executive Vice President — Operations, to be effective on or about August 24, 2012."
0001060391-12-000012,2,Robert Boucher,Senior Vice President,other_exec,appointment,named,"Mr. Boucher, 47, was named Senior Vice President – Southern Operations in January 2011."
0001060391-12-000012,3,Robert Boucher,Executive Vice President,other_exec,appointment,will become,"The Offer Letter provides that Mr. Boucher will become Executive Vice President — Operations of the Company on or about August 24, 2012, at which time his base salary will increase from $400,000 to $475,000."
0001060391-12-000012,4,Robert Boucher,Executive Vice President,other_exec,appointment,appointment,"A copy of the press release dated August 20, 2012 announcing Mr. Boucher’s appointment as Executive Vice President — Operations of the Company is attached as Exhibit 99.1 to this report and incorporated herein by reference."
0001060391-12-000023,1,Glenn A. Culpepper,Executive Vice President - Chief Financial Officer,CFO,appointment,will become,"The Offer Letter provides that Mr. Culpepper will become Executive Vice President - Chief Financial Officer of the Company on January 9, 2013, or as mutually agreed."
0001060391-12-000023,2,Tod C. Holmes,Executive Vice President Chief Financial Officer,CFO,departure,retire,"In addition, Tod C. Holmes, Executive Vice President - Chief Financial Officer, will retire effective January 9, 2013, in accordance with the terms of his Retirement Agreement."
0001060391-12-000023,3,Tod C. Holmes,Executive Vice President Chief Financial Officer,CFO,departure,Retirement,"Mr. Holmes' Retirement Agreement was filed as Exhibit 10.1 to the Company's Current Report on Form 8-K, filed June 25, 2012."
0001060391-12-000023,4,Tod C. Holmes,Executive Vice President Chief Financial Officer,CFO,departure,retirement,"A copy of the press release dated December 18, 2012 announcing Mr. Culpepper's appointment as Executive Vice President - Chief Financial Officer of the Company, and announcing the effective date of Mr. Holmes' retirement, is attached as Exhibit 99.1 to this report and incorporated herein by reference."
0001060391-13-000021,1,Charles F. Serianni,Chief Accounting Officer,PAO,departure,resigning,"Charles F. Serianni, currently serving as the Company’s Senior Vice President and Chief Accounting Officer, has accepted another position within the Company and will therefore be resigning as Chief Accounting Officer effective April 29, 2013."
0001060391-13-000021,2,Brian A. Goebel,"Vice President, Chief Accounting Officer",PAO,appointment,will become,"The Offer Letter provides that Mr. Goebel will become Vice President, Chief Accounting Officer of the Company with a base salary of $250,000 annually."
0001060391-13-000035,1,Tomago Collins,Board,director,departure,retired,"On August 23, 2013, the Board of Directors (the “Board”) of Republic Services, Inc. (“Republic”) elected retired United States Army General Ann E. Dunwoody, 60, and Tomago Collins, 41, to serve on the Board, effective immediately."
0001060391-13-000038,1,Robert Boucher,Executive Vice President – Operations (principal operating officer,COO,departure,resigned,"On October 10, 2013, Republic Services, Inc. (the Company) announced that Robert Boucher resigned as the Company’s Executive Vice President – Operations (principal operating officer) effective October 10, 2013."
0001060391-14-000007,1,Michael W. Wickham,Director,director,departure,resigning,"On February 6, 2014, Michael W. Wickham notified Republic Services, Inc. that, for health reasons, he is resigning as a Director of the company."
0001060391-17-000013,1,Sandra M. Volpe,director,director,election,elect,"On February 14, 2017, the Board appointed Ms. Volpe to the Board’s Audit Committee and Sustainability and Corporate Responsibility Committee, effective immediately."
0001060391-17-000013,2,Sandra M. Volpe,director,director,election,elect,"Effective April 1, 2017, the Board appointed Ms. Volpe to the Board’s Nominating and Corporate Governance Committee, and she will continue on the Board’s Sustainability and Corporate Responsibility Committee."
0001060391-17-000039,1,Kim S. Pegula,director,director,election,elect,"On July 25, 2017, the Board of Directors (the “Board”) of Republic Services, Inc. (“Republic”) elected Kim S. Pegula, 48, to serve on the Board."
0001193125-17-363416,1,Jon Vander Ark,"Executive Vice President, Chief Operating Officer",COO,appointment,named,"Republic Services, Inc. (the “Company”) has named Jon Vander Ark as the Company’s Executive Vice President, Chief Operating Officer, to be effective on January 1, 2018."
0001193125-17-363416,2,Mr. Vander,"Executive Vice President, Chief Operating Officer",COO,appointment,appointment,"A copy of the press release dated December 7, 2017 announcing Mr. Vander Ark’s appointment as Executive Vice President, Chief Operating Officer is attached as Exhibit 99.1 to this report and incorporated herein by reference."
0001193125-18-219719,1,James P. Snee,director,director,election,elect,"On July 16, 2018, the Board of Directors (the “Board”) of Republic Services, Inc. (“Republic”) appointed James P. Snee, 51, to serve on the Board, effective immediately."
0001193125-18-288678,1,Katharine Weymouth,director,director,election,elect,"On October 1, 2018, the Board of Directors (the “Board”) of Republic Services, Inc. (“Republic”) appointed Katharine Weymouth, 52, to serve on the Board, effective immediately."
0001193125-19-133178,1,Jon Vander Ark,President,president,appointment,named,"Republic Services, Inc. (the “Company”) has named Jon Vander Ark as the Company’s President and has named Timothy E. Stuart as the Company’s Executive Vice President, Chief Operating Officer, each effective on May 1, 2019."
0001193125-20-060522,1,Jeffrey A. Hughes,Executive Vice President and Chief Administrative Officer,other_exec,departure,retire,"On February 27, 2020, Jeffrey A. Hughes submitted notice of his intent to retire from his position as Executive Vice President and Chief Administrative Officer effective March 1, 2021."
0001060391-20-000039,1,Charles F. Serianni,Executive Vice President and Chief Financial Officer to the role of Special Advisor to the CEO,CEO,departure,transition from his role,"Effective June 1, 2020, Mr. Serianni will transition from his role as Executive Vice President and Chief Financial Officer to the role of Special Advisor to the CEO."
0001060391-20-000039,2,Charles F. Serianni,Executive Vice President and Chief Financial Officer,CFO,departure,succeed/replace,"On May 20, 2020, the Company also announced that Brian M. DelGhiaccio has been appointed to the position of Executive Vice President and Chief Financial Officer effective June 1, 2020, succeeding Mr. Serianni."
0001060391-20-000048,1,Michael A. Duffy,director,director,election,elect,"On July 28, 2020, the Board of Directors (the ""Board"") of Republic Services, Inc. (""Republic"") elected Michael A. Duffy, 50, to serve on the Board, effective immediately."
0001193125-21-095518,1,Brian S. Tyler,director,director,election,elect,"On March 23, 2021, the Board of Directors (the “Board”) of Republic Services, Inc. (“Republic”) elected Brian S. Tyler, 54, to serve on the Board, effective April 1, 2021."
0001193125-21-100584,1,Donald W. Slager,Chief Executive Officer,CEO,departure,retire,"CEO Transition On March 26, 2021, Donald W. Slager, the Chief Executive Officer of Republic Services, Inc. (the “Company”), gave his one-year notice of his intent to retire from the Company pursuant to his employment agreement."
0001193125-21-100584,2,Donald W. Slager,Board of Directors (the “Board,director,departure,retirement,The Board of Directors (the “Board”) of the Company accepted the notice of retirement from Mr. Slager and waived the one-year notice requirement.
0001193125-21-100584,3,Donald W. Slager,Chief Executive Officer,CEO,departure,succeed/replace,"The Board elected Jon Vander Ark, the Company’s President, to succeed Mr. Slager as Chief Executive Officer, effective June 25, 2021."
0001193125-21-100584,4,Mr. Vander,director,director,election,elect,"Mr. Vander Ark will remain President of the Company and will be appointed to the Board effective July 1, 2021."
0001193125-21-100584,5,Donald W. Slager,Chief Executive Officer,CEO,departure,retirement,"On March 26, 2021, the Company and Mr. Slager entered into a Transition Agreement (the “Transition Agreement”) setting forth his and the Company’s rights and obligations upon his retirement as Chief Executive Officer of the Company on June 25, 2021 (the “Retirement Date”)."
0001193125-21-100584,6,Mr. Vander,Chief Executive Officer,CEO,appointment,will become,"The Offer Letter provides that Mr. Vander Ark will become the Chief Executive Officer and continue as President effective as of June 25, 2021."
0001193125-21-100584,7,Donald W. Slager,Chief Executive Officer,CEO,departure,retirement,"A copy of the press release dated March 30, 2021 announcing Mr. Slager’s retirement and Mr. Vander Ark’s appointment as Chief Executive Officer is attached as Exhibit 99.1 to this report and incorporated herein by reference."
0001060391-21-000027,1,Donald W. Slager,Chief Executive Officer,CEO,departure,retired,"As previously announced, effective June 25, 2021, Donald W. Slager retired from his position as Chief Executive Officer of Republic Services, Inc., a Delaware corporation (the ""Company""), and Jon Vander Ark became the Company's Chief Executive Officer."
0001060391-21-000027,2,Mr. Vander,director,director,election,elect,"On June 25, 2021, the Board of Directors (the ""Board"") of the Company elected Mr. Vander Ark to serve on the Board, effective July 1, 2021."
0001091667-07-000050,1,Sue Ann,Executive Vice President,other_exec,departure,termination of her employment,"On March 14, 2007, Charter Communications, Inc. (""Charter"") entered into an agreement with Sue Ann R. Hamilton, Executive Vice President, Programming of Charter, governing the terms and conditions of the termination of her employment with Charter, as of March 31, 2007 (the ""Separation Agreement"")."
0001091667-08-000035,1,Jeffrey T. Fisher,Executive Vice President Chief Financial Officer,CFO,departure,resign,"On March 11, 2008, Charter Communications, Inc. (""Charter"") announced that Jeffrey T. Fisher, Executive Vice President and Chief Financial Officer, intends to resign effective April 4, 2008."
0001091667-08-000035,2,Jeffrey T. Fisher,Executive Vice President Chief Financial Officer,CFO,departure,resignation,The press release announcing Mr. Fisher's resignation and Ms. Schmitz's appointment is attached hereto as Exhibit 99.1.
0001091667-08-000129,1,,DIRECTORS OR CERTAIN OFFICERS; ELECTION OF DIRECTORS,director,departure,DEPARTURE,DEPARTURE OF CERTAIN DIRECTORS OR CERTAIN OFFICERS; ELECTION OF DIRECTORS; APPOINTMENT OF CERTAIN OFFICERS; COMPENSATORY ARRANGEMENTS OF CERTAIN OFFICERS.
0001091667-08-000129,2,,Executive Vice President and Chief Financial Officer,CFO,appointment,named,"On June 19, 2008, Charter Communications, Inc. (""Charter"") announced that it has named Eloise E. Schmitz Executive Vice President and Chief Financial Officer of Charter effective July 1, 2008."
0001091667-08-000129,3,Robert A. Quigley,Executive Vice President Chief Marketing Officer,other_exec,departure,resigning,"Charter also announced that Robert A. Quigley, Executive Vice President and Chief Marketing Officer, is resigning his position, effective July 1, 2008."
0001091667-08-000129,4,Robert A. Quigley,Executive Vice President Chief Marketing Officer,other_exec,departure,retires,Mr. Quigley will remain with Charter as an employee in an advisory role until he retires at the end of the year.
0001091667-08-000129,5,Robert A. Quigley,Executive Vice President Chief Marketing Officer,other_exec,departure,retirement,"The press releases announcing Ms. Schmitz's appointment and Mr. Quigley's retirement are attached hereto as Exhibits 99.1 and 99.2, respectively."
0001091667-08-000143,1,,DIRECTORS OR CERTAIN OFFICERS; ELECTION OF DIRECTORS,director,departure,DEPARTURE,DEPARTURE OF CERTAIN DIRECTORS OR CERTAIN OFFICERS; ELECTION OF DIRECTORS; APPOINTMENT OF CERTAIN OFFICERS; COMPENSATORY ARRANGEMENTS OF CERTAIN OFFICERS.
0001091667-08-000143,2,Robert A. Quigley,Executive Vice President and Chief Marketing Officer,other_exec,departure,resigned,"Also, on July 1, 2008, as previously announced, Robert A. Quigley resigned as Executive Vice President and Chief Marketing Officer, although he will remain as an advisor to Charter and retire at the end of the year."
0001091667-08-000171,1,Jonathan L. Dolgen,Board of Directors,director,departure,resigned,"(a) Effective September 29, 2008, Jonathan L. Dolgen resigned as a member of the Board of Directors of Charter Communications, Inc. (the ""Company"")."
0001091667-08-000197,1,Marc B. Nathanson,Board of Directors,director,departure,resigned,"Effective December 1, 2008, Marc B. Nathanson resigned as a member of the Board of Directors of Charter Communications, Inc. Attached as Exhibit 99.1 is a copy of the press release announcing Mr. Nathanson's resignation."
0001091667-08-000201,1,Nathaniel A. Davis,director,director,departure,resignation,"Exhibit Number Description 99.1* Press release announcing Nathaniel A. Davis' resignation as a director of Charter Communications, Inc. * filed herewith"
0001091667-09-000003,1,,director,director,election,elect,"In connection with the initiation of such discussions and to provide incentives to management to maximize enterprise value during this process, the Company has made certain modifications to the compensation packages of its named executive officers as described in this Form 8-K. On January 9, 2009, the Company’s Board of Directors (the ""Board"") on recommendation of its Compensation and Benefits Committee (the ""Committee"") and the Committee’s executive compensation consultant, approved the conditi"
0001091667-11-000130,1,Michael J. Lovett,Chief Executive Officer and President,CEO,departure,resigning,"On October 11, 2011, Charter Communications, Inc. (the “Company”) announced that Michael J. Lovett, the Company’s Chief Executive Officer and President, will be resigning from his positions at the Company following a transition period."
0001091667-11-000162,1,Thomas Rutledge,President and Chief Executive Officer,CEO,appointment,will become,"Employment Agreement and Equity Award Agreements for New CEO On December 19, 2011, Charter Communications, Inc. (the “Company”) entered into an Employment Agreement with Thomas Rutledge pursuant to which Mr. Rutledge will become the President and Chief Executive Officer of the Company effective February 13, 2012 (the “CEO Effective Date”) and a part-time employee effective December 19, 2011 (the “Employment Agreement”)."
0001091667-12-000014,1,Thomas M. Rutledge,director,director,election,elect,"As Charter Communications, Inc. (the “Company”) has previously announced, Thomas M. Rutledge was appointed President and Chief Executive Officer of the Company by the Company’s Board of Directors to be effective February 13, 2012."
0001091667-12-000014,2,Michael J. Lovett,President and Chief Executive Officer and as a member of the Board of Directors,CEO,departure,resigned,"Mr. Rutledge has succeeded Michael J. Lovett, who resigned as President and Chief Executive Officer and as a member of the Board of Directors of Charter on February 13, 2012."
0001091667-12-000100,1,Steve Apodaca,President,president,departure,will leave,"On June 7, 2012, Charter Communications, Inc. (the “Company”) announced that Steve Apodaca, President, Operations, will leave the Company."
0001091667-12-000100,2,Steve Apodaca,President,president,departure,departure,The press release announcing Mr. Apodaca's departure is attached as Exhibit 99.1.
0001091667-12-000122,1,Steve Apodaca,President,president,departure,separation from,"On August 3, 2012, the Company entered into an agreement with Mr. Apodaca governing the terms and conditions of separation from the Company (the “Separation Agreement”)."
0001091667-13-000058,1,Stan Parker,board,director,departure,resignation,"The board appointments were made in conjunction with the resignation of Stan Parker, Darren Glatt, Bruce Karsh and Edgar Lee from Charter's board."
0001091667-13-000176,1,Mr. Jeffrey,Board of Directors,director,departure,resignation,"(b) On November 8, 2013, Mr. Jeffrey A. Marcus tendered his resignation from the Board of Directors of Charter Communications, Inc. (the “Company”) and related responsibilities on the Nominating and Corporate Governance Committee, effective immediately."
0001091667-21-000143,1,John Bickham,"Vice Chairman, Chris Winfrey as Chief Operating Officer",COO,appointment,appointed,"Effective October 19, 2021, Charter Communications, Inc. (“Charter”) appointed John Bickham to the position of Vice Chairman, Chris Winfrey as Chief Operating Officer, and Jessica Fischer as Chief Financial Officer, and expanded the responsibilities of Rich DiGeronimo, Charter’s Chief Product and Technology Officer, to include Network Operations."
0001091667-21-000143,2,Jessica Fischer,Chief Financial Officer,CFO,appointment,promotion,"In consideration for Ms. Fischer’s services and in connection with her promotion to Chief Financial Officer, the Employment Agreement provides for an annual base salary of $700,000, a target annual bonus opportunity of 150% of annual base salary and participation in employee benefit plans generally on the same terms as our other senior executives."
0001091667-22-000104,1,Thomas M. Rutledge,Executive Chairman and as a member of the Board,other_exec,appointment,will serve as,"Mr. Rutledge will serve as the Executive Chairman and as a member of the Board until November 30, 2023."
0001091667-22-000104,2,Richard J. DiGeronimo,President,president,appointment,appointment,"The Company also announced the appointment of Richard J. DiGeronimo to the position of President, Product and Technology, also effective December 1, 2022."
0001091667-22-000104,3,Thomas M. Rutledge,Executive Chairman,other_exec,departure,termination of employment,"The Rutledge Employment Agreement provides for Mr. Rutledge’s appointment as Executive Chairman effective December 1, 2022 and has a term ending on November 30, 2023 (or upon an earlier termination of employment)."
0001091667-22-000104,4,Christopher L. Winfrey,President and Chief Executive Officer,CEO,departure,termination of employment,"The Winfrey Employment Agreement provides for Mr. Winfrey’s appointment as President and Chief Executive Officer of the Company effective December 1, 2022 and has a term ending on December 1, 2025, subject to renewal by the Company (or upon an earlier termination of employment)."
0001091667-22-000104,5,Christopher L. Winfrey,director,director,election,elect,"In addition, Mr. Winfrey will be appointed as a member of the Board on or before December 31, 2023 and will be a non-voting observer of the Board from September 20, 2022 until his appointment to the Board."
0001091667-22-000104,6,Christopher L. Winfrey,President and Chief Executive Officer,CEO,appointment,will become,"Pursuant to the Winfrey Employment Agreement, Mr. Winfrey will receive an annual base salary of at least $1,700,000 and a target annual bonus opportunity of 250% of his annual base salary, which adjustments will become effective on September 20, 2022 in recognition of his expanded duties from and following such date in preparation for his transition to the role of President and Chief Executive Officer."
0001091667-22-000104,7,Richard J. DiGeronimo,President,president,departure,termination of employment,"The DiGeronimo Employment Agreement provides for Mr. DiGeronimo’s appointment as President, Product and Technology of the Company effective December 1, 2022 and has a term ending on December 1, 2025, subject to renewal by the Company (or upon an earlier termination of employment)."
0001091667-22-000104,8,Richard J. DiGeronimo,President,president,appointment,will become,"Pursuant to the DiGeronimo Employment Agreement, Mr. DiGeronimo will receive an annual base salary of at least $1,450,000 and a target annual bonus opportunity of 200% of his annual base salary, which adjustments will become effective on September 20, 2022 in recognition of his expanded duties from and following such date in preparation for his transition to the role of President, Product and Technology."
0001091667-23-000137,1,Thomas M. Rutledge,Executive Chairman of the Board of Directors,other_exec,departure,retire,"On October 25, 2023, Charter Communications, Inc. (the “Company”) announced that Thomas M. Rutledge will retire as Executive Chairman of the Board of Directors of the Company (the “Board”) effective November 30, 2023, as contemplated by his amended and restated employment agreement, but will continue to serve as a director emeritus."
0001091667-23-000137,2,Thomas M. Rutledge,Executive Chairman,other_exec,departure,retirement,"Mr. Rutledge’s previously announced retirement as Executive Chairman was not the result of any dispute or disagreement with the Company on any matter relating to the operations, policies or practices of the Company."
0001091667-23-000137,3,Thomas M. Rutledge,director,director,election,elect,"In conjunction with Mr. Rutledge’s retirement from the Board, on October 24, 2023 the Board appointed Christopher L. Winfrey to the Board effective November 30, 2023 to fill the vacancy resulting from Mr. Rutledge’s resignation."
0001091667-23-000137,4,Eric L. Zinterhofer,Executive Chairman,other_exec,departure,retirement,"On October 24, 2023, the Board also appointed Eric L. Zinterhofer as Non-Executive Chairman of the Board effective November 30, 2023 upon the retirement of Mr. Rutledge as Executive Chairman."
0001091667-24-000030,1,Craig A. Jacobson,Board,director,departure,not to stand for re-election,"To fill the vacancy that will result from Mr. Jacobson’s decision not to stand for re-election, the Board intends to nominate Carolyn J. Slaski for election to the Board at the 2024 Annual Meeting."
0001193125-06-123693,1,Steve Cakebread,Executive Vice President and Chief Financial Officer,CFO,departure,retire,(the “Company”) issued a press release announcing that Steve Cakebread will retire as Executive Vice President and Chief Financial Officer of the Company by the end of the 2006 calendar year.
0001193125-06-174639,1,Steve Cakebread,Chief Financial Officer,CFO,departure,resignation,Steve Cakebread has withdrawn his resignation and will continue to serve as the Company’s Executive Vice President and Chief Financial Officer.
0001193125-06-187910,1,Mr. Maynard,director,director,election,elect,"On September 7, 2006, the Company’s Board of Directors appointed Mr. Maynard Webb to serve as a Class II member of the Company’s Board of Directors, with a term expiring at the 2009 annual meeting of stockholders, and increased the size of the Board of Directors from eight (8) to nine (9) directors."
0001193125-06-187910,2,Mr. Webb,director,director,election,elect,Mr. Webb has not been named to any board committees at this time.
0001193125-07-072263,1,,director,director,election,elect,"The following table sets forth the bonus amounts paid on March 30, 2007 to the Company’s named executive officers as approved by the Compensation Committee of the Company’s Board of Directors and the Company’s Chief Executive Officer: Named Executive Officer Position Bonus Amount Marc Benioff Chairman of the Board and Chief Executive Officer $ 0 Steve Cakebread (1) Executive Vice President and Chief Financial Officer $ 184,476 Kenneth Juster (2) Executive Vice President of Law, Policy, and Corpo"
0001193125-07-078925,1,William Dewes,principal accounting officer,PAO,appointment,appointed,"(the “Company”) appointed William Dewes to serve as the Company’s principal accounting officer effective as of April 9, 2007."
0001193125-07-078925,2,Steve Cakebread,Executive Vice President and Chief Financial Officer,CFO,appointment,to serve as,"Steve Cakebread, Executive Vice President and Chief Financial Officer, will continue to serve as the Company’s principal financial officer."
0001193125-07-078925,3,William Dewes,principal accounting officer,PAO,appointment,appointment,Mr. Dewes will not be receiving any additional compensation for his appointment as principal accounting officer.
0001193125-07-134937,1,Sanford Robertson,director,director,election,elect,"Appointment of Lead Director On June 7, 2007, our Board of Directors appointed Sanford Robertson as its lead independent director."
0001193125-07-155725,1,William Dewes,"Chief Accounting Officer, and principal accounting officer",PAO,departure,resigned,"On July 12, 2007, William Dewes, Senior Vice President of Finance and Chief Accounting Officer, and principal accounting officer, resigned from salesforce.com, inc."
0001193125-07-155725,2,William Dewes,Senior Vice President Chief Accounting Officer principal accounting officer,PAO,departure,resignation,"The resignation is for personal reasons and does not involve any controversy or disagreement with the Company regarding the Company’s financial reporting or accounting policies, practices or principles."
0001193125-07-208064,1,Mr. John,President,president,departure,resigned,"On September 26, 2007, Mr. John Freeland resigned from his position as President, Worldwide Operations of salesforce.com, inc."
0001193125-07-208064,2,Mr. Freeland,directors,director,departure,resignation,"In addition, under the Agreement, Mr. Freeland has agreed to a customary release of any claims he has or may have against the Company and its past and present directors, officers and employees, and to customary restrictions on his activities and use of the Company’s proprietary information following his resignation."
0001193125-07-210111,1,,director,director,election,elect,"The following table sets forth the bonus amounts paid to the Company’s named executive officers as approved by the Compensation Committee of the Company’s Board of Directors and the Company’s Chief Executive Officer: Named Executive Officer Position Bonus Amount Marc Benioff Chairman of the Board and Chief Executive Officer $ 0 Steve Cakebread Executive Vice President and Chief Financial Officer $ 67,500 Kenneth Juster Executive Vice President of Law, Policy, and Corporate Strategy $ 45,000 Jim "
0001193125-08-050327,1,Graham Smith,"Chief Financial Officer, principal financial officer",CFO,appointment,appointed,"(the “Company”) appointed Graham Smith as the Company’s Chief Financial Officer, principal financial officer and principal accounting officer, effective immediately."
0001193125-08-050327,2,Steve Cakebread,President and Chief Strategy Officer,president,departure,succeed/replace,"Mr. Smith replaces Steve Cakebread, who will now serve as the Company’s President and Chief Strategy Officer."
0001193125-08-071264,1,,director,director,election,elect,"The following table sets forth the bonus amounts paid on March 31, 2008 to the Company’s named executive officers as approved by the Compensation Committee of the Company’s Board of Directors and the Company’s Chief Executive Officer: Named Executive Officer Position Bonus Amount Marc Benioff Chairman of the Board and Chief Executive Officer $ 0 Steve Cakebread (1) President and Chief Strategy Officer (2) $ 262,500 Kenneth Juster (3) Executive Vice President of Law, Policy, and Corporate Strateg"
0001123360-12-000041,1,Joseph Hyde,President,president,departure,resign,"Joseph Hyde will resign his position as President - International effective August 1, 2012."
0001193125-05-239862,1,Charles T. Doyle,board,director,departure,resignation,"On December 9, 2005, Certegy Inc. (“Certegy”) announced the resignation of board member Charles T. Doyle, effective December 8, 2005."
0001104659-06-006239,1,Richard N. Child,directors,director,departure,resigned,"In connection therewith, the following directors of the registrant resigned on February 1, 2006: Richard N. Child, Kathy Brittain White, and Kenneth A. Guenther."
0001104659-06-006239,2,Lee A. Kennedy,President and Chief Executive Officer,CEO,appointment,appointed,"In their place, the registrant appointed Lee A. Kennedy as its President and Chief Executive Officer, and Jeffrey S. Carbiener as its Executive Vice President and Chief Financial Officer, effective February 1, 2006."
0001104659-06-006239,3,Lee A. Kennedy,director and the registrant’s Chief Executive Officer,CEO,appointment,appointment,"Lee A. Kennedy , a director and the registrant’s President and Chief Executive Officer, served as a director and the registrant’s Chief Executive Officer from March 2001 to February 2006, and served as the registrant’s Chairman from his appointment to this position in February 2002 until February 2006."
0000892569-06-000649,1,James K. Hunt,director,director,election,elect,"Election of Directors On April 26, 2006, James K. Hunt was elected to the Board of Directors of Fidelity National Information Services, Inc. (“FIS” or the “Company”) to fill the vacancy created by the resignation of Terry Christensen."
0000892569-06-000649,2,James K. Hunt,director,director,election,elect,Mr. Hunt has not been appointed to any committees of the Board of FIS at this time.
0000892569-06-000846,1,Phillip B. Lassiter,Board of Directors,director,departure,resigned,"(a) Phillip B. Lassiter resigned from the Board of Directors of Fidelity National Information Services, Inc. (“FIS”), effective as of July 1, 2006."
0000892569-06-000846,2,Robert M. Clements,director,director,election,elect,"(b) On July 1, 2006, Robert M. Clements was elected to the Board of Directors of FIS."
0000892569-06-000846,3,Fidelity National Title,Board to join the FIS Board,director,departure,resign,"Mr. Clements was previously elected to the Board of Directors of Fidelity National Title Group, Inc. (“FNT”), an affiliate of FIS, in April 2006, but will resign from the FNT Board to join the FIS Board."
0000892569-06-000846,4,Robert M. Clements,director,director,election,elect,Mr. Clements was appointed to the audit committee of the Board of Directors of FIS.
0000892569-07-001428,1,Gary A. Norcross,President,president,appointment,APPOINTMENT,"APPOINTMENT OF CERTAIN OFFICERS; COMPENSATORY ARRANGEMENTS OF CERTAIN OFFICERS Effective November 16, 2007, Gary A. Norcross, the President of the Company’s Integrated Financial Solutions division, was promoted to President and Chief Operations Officer of the Transaction Processing Services segment, and Francis R. Sanchez, the President of the Company’s Enterprise Banking Solutions division, was promoted to President of Strategic Development."
0000892569-08-000017,1,Lee A. Kennedy,Chief Executive Officer,CEO,departure,retirement,"Prior to the amendment, SERP benefits were payable upon normal or early retirement and were payable in a life annuity, a joint and survivor annuity or other actuarially equivalent forms, including a lump sum."
0001136893-21-000145,1,Mark J. Hawkins,Board of Directors,director,departure,resignation,"On June 8, 2021, the Board of Directors of Fidelity National Information Services, Inc. (“FIS”) appointed Mark J. Hawkins to its Board of Directors to serve until the next annual meeting of shareholders of the Company, or until his earlier resignation or removal."
0001136893-21-000196,1,Fidelity National Information,Board,director,departure,resignation,"On August 31, 2021, Mark J. Hawkins, a Director on the Board of Directors (the “ Board ”) of Fidelity National Information Services, Inc. (the “ Corporation ”), notified the Corporation of his resignation from the Board."
0001136893-21-000196,2,Mark J. Hawkins,Director Board of Directors,director,departure,resignation,Mr. Hawkins letter of resignation is attached as Exhibit 99.1.
0001136893-21-000203,1,Fidelity National Information,Chief Administrative Officer,other_exec,appointment,appointed,"The Board of Directors of Fidelity National Information Services, Inc. (the “Corporation”) appointed Stephanie Ferris to be Chief Administrative Officer of the Corporation effective September 2, 2021."
0001136893-22-000005,1,Bruce Lowthers,President,president,departure,resignation,"On January 11, 2022, Bruce Lowthers provided notice of his resignation from his position as President of Fidelity National Information Services, Inc. (the “Corporation”) effective on January 31, 2021."
0001136893-22-000028,1,Fidelity National Information,President,president,appointment,appointed,"Effective February 8, 2022, the Board of Directors of Fidelity National Information Services, Inc. (the “Corporation”) appointed Stephanie Ferris as the Corporation’s President."
0001136893-22-000056,1,Kenneth T. Lamneck,CEO,CEO,departure,resignation,"On March 16, 2022, the Board of Directors of Fidelity National Information Services, Inc. (“FIS”) appointed Vijay D’Silva and Kenneth T. Lamneck to its Board of Directors to serve until the next annual meeting of shareholders of the Company on May 25, 2022, or until their respective earlier resignation or removal."
0001136893-22-000056,2,Insight Enterprises,Chief Executive Officer and President,CEO,departure,retired,"Mr. Lamneck served as Chief Executive Officer and President of Insight Enterprises (NASDAQ:NSIT) from January 2010 until he retired from that position on December 31, 2021."
0001136893-22-000056,3,Kenneth T. Lamneck,"CEO, Mr. Lamneck serves as a special advisor and Executive Vice President",CEO,departure,retirement,"Since his retirement as CEO, Mr. Lamneck serves as a special advisor and Executive Vice President of Insight Enterprises."
0001136893-22-000155,1,Martin R. Boyd,President,president,departure,retire,"Martin R. Boyd provided notice of his intention to retire from his position as President, Banking Solutions of Fidelity National Information Services, Inc. (“Company”), effective September 1, 2022, after serving in various roles with the Company for over 25 years."
0001136893-22-000173,1,Gary A. Norcross,Chief Executive Officer,CEO,departure,step down,"On October 18, 2022, Fidelity National Information Services, Inc. (the “Company”) announced that Gary A. Norcross will step down from his position as Chief Executive Officer, effective December 31, 2022 (the “Transition Date”) and assume a new role as Executive Chairman of the Company’s Board of Directors on January 1, 2023."
0001136893-22-000173,2,Stephanie L. Ferris,director,director,election,elect,"The Company also announced that Stephanie L. Ferris, currently the Company’s President, has been appointed to the Company’s Board of Directors, effective October 18, 2022 and Stephanie Ferris will assume the role of President and Chief Executive Officer, effective January 1, 2023."
0001193125-22-305874,1,,director,director,election,elect,"Director Appointments Pursuant to the Cooperation Agreement, effective December 19, 2022, the New Director was appointed to the Board, with an initial term expiring at the 2023 Annual Meeting."
0001193125-22-305874,2,Proxy Statement,director,director,election,elect,There are no arrangements or understandings between the New Director and any other person pursuant to which the New Director was appointed as a director other than with respect to the matters referred to in
0001193125-23-011458,1,Fidelity National Information,director,director,election,elect,"Director Appointments On January 20, 2023, Fidelity National Information Services, Inc. (the “ Company ”) announced that Lee Adrean and Mark D. Benjamin (each a “ New Director ”) were appointed to the board of directors of the Company (the “ Board ”), effective as of January 20, 2023, each with an initial term expiring at the 2023 annual meeting of shareholders (the “ 2023 Annual Meeting ”)."
0001193125-23-011458,2,Lee Adrean,director,director,election,elect,There are no arrangements or understandings between any New Director and any other person pursuant to which such New Director was appointed as a director (except as set forth below with respect to Mr. Benjamin).
0001193125-23-011458,3,Mark A. Ernst,Board,director,departure,stepping down,Mr. Ernst advised the Company that he is stepping down from the Board in order to avoid the distraction and expense of a potential litigation.
0001193125-23-011458,4,Mark A. Ernst,Board,director,departure,resignation,"In connection with Mr. Ernst’s resignation, as described above, the Board has appointed Mr. Benjamin as a mutually agreed replacement director, pursuant to the terms of that certain cooperation agreement, dated as of December 14, 2022, between the Company, D. E. Shaw Oculus Portfolios, L.L.C. and D. E. Shaw Valence Portfolios, L.L.C., entities within the D. E. Shaw group."
0001193125-23-015151,1,Keith W. Hughes,"Board On January 19, 2023, Keith W. Hughes, a director",director,departure,Departure,"Departure of Keith W. Hughes from the Board On January 19, 2023, Keith W. Hughes, a director on the board of directors (the “ Board ”) of Fidelity National Information Services, Inc. (the “ Company ”), notified the Company of his resignation from the Board."
0001193125-23-015151,2,Keith W. Hughes,Board,director,departure,retire,"As previously disclosed last year, Mr. Hughes had been scheduled to retire from the Board and not stand for re-election at the Company’s upcoming annual meeting of shareholders in accordance with Company’s mandatory retirement age policies."
0001136893-23-000069,1,Ido Gileadi,"Executive Vice President, Chief Operating Officer",COO,departure,cease to serve,"In connection with a planned reorganization of certain senior management positions, on April 17, 2023, Fidelity National Information Services, Inc. (the “Company”) announced that Ido Gileadi, Corporate Executive Vice President, Chief Operating Officer would transition from the Company and will cease to serve as Corporate Executive Vice President, Chief Operating Officer, effective December 31, 2023 (the “Transition Date”)."
0001136893-23-000090,1,Fidelity National Information,Chief Accounting Officer,PAO,appointment,appointed,"Effective as of May 22, 2023, the Board of Directors of Fidelity National Information Services, Inc. (the “Company”) appointed Christopher A. Thompson as the Chief Accounting Officer of the Company."
0001136893-23-000090,2,Finance Segment,Chief Accounting Officer,PAO,appointment,appointment,"Mr. Thompson, age 59, served as Senior Vice President, Finance Segment of the Company from March 2023 until his appointment as Chief Accounting Officer of the Company on May 22, 2023."
0001136893-23-000090,3,Christopher A. Thompson,Chief Accounting Officer,PAO,appointment,appointment,"In connection with Mr. Thompson’s appointment as Chief Accounting Officer of the Company, Thomas K. Warren has left his position as Chief Accounting Officer of the Company, effective as of May 22, 2023, to pursue other opportunities."
0001193125-23-218012,1,Fidelity National Information,Chief Financial Officer,CFO,appointment,appointed,"Effective as of August 21, 2023, the Board of Directors of Fidelity National Information Services, Inc. (the “Company”) appointed James Kehoe as the Chief Financial Officer of the Company."
0001193125-23-218012,2,James Kehoe,Chief Financial Officer,CFO,appointment,appointment,"In connection with Mr. Kehoe’s appointment as Chief Financial Officer of the Company, Erik D. Hoag has left his position as Chief Financial Officer of the Company, effective as of August 21, 2023 to pursue other opportunities."
0001193125-24-044681,1,Erik D. Hoag,Chief Financial Officer,CFO,appointment,appointment,"On August 21, 2023, Fidelity National Information Services, Inc. (the “Company” or “FIS”) announced that Erik D. Hoag had left the position of Chief Financial Officer of the Company in connection with the Company’s appointment of James Kehoe as Chief Financial Officer of the Company but would remain with the Company as a non-executive officer through the end of the year."
0001193125-24-044681,2,Erik D. Hoag,Chief Integration Officer,other_exec,appointment,appointed,"Mr. Hoag was appointed as Chief Integration Officer of the Company, effective February 20, 2024."
0001193125-24-044681,3,Ido Gileadi,Chief Operating Officer,COO,departure,cease to serve,"On April 17, 2023, the Company announced that Ido Gileadi would transition from the Company and cease to serve as Chief Operating Officer effective December 31, 2023."
0001193125-24-069200,1,Ellen Alemany,Board of Directors (the “Board,director,departure,not to stand for re-election,"On March 11, 2024, Fidelity National Information Services, Inc. (the “Company”) was notified by Ellen Alemany, a member of the Company’s Board of Directors (the “Board”), of her decision not to stand for re-election at the Company’s 2024 annual meeting of shareholders."
0001193125-24-088508,1,Brian T. Shea,Board of Directors (the “Board,director,departure,not to stand for re-election,"On April 1, 2024, Fidelity National Information Services, Inc. (the “Company”) was notified by Brian T. Shea, a member of the Company’s Board of Directors (the “Board”), of his decision not to stand for re-election at the Company’s 2024 annual meeting of shareholders."
0001104659-15-052507,1,Philip G. Brace,President,president,appointment,Appointment,"(c) Appointment of President of CSES On July 22, 2015, Philip G. Brace was appointed President of the Cloud Systems and Electronics Solutions group (“CSES”) of Seagate Technology plc (the “Company”)."
0001104659-15-052507,2,Silicon Solutions,President,president,appointment,promoted,"Mr. Brace, age 44, joined the Company on September 2, 2014, as Executive Vice President and Chief Technology Officer of Silicon Solutions, and was promoted to Interim President of CSES on April 30, 2015."
0001104659-15-052507,3,Philip G. Brace,President,president,appointment,appointment,"No changes were made to Mr. Brace’s compensation arrangements in connection with his appointment as President, CSES."
0001104659-15-057159,1,Philip G. Brace,President,president,appointment,appointed,"Mr. Brace was appointed the Company’s President of Cloud Systems and Electronics Solutions (“CSES”) on July 22, 2015."
0001104659-15-057159,2,Philip G. Brace,President,president,appointment,appointment,No other changes were made to Mr. Brace’s compensation arrangements in connection with his appointment as President of CSES.
0001104659-16-129505,1,William D. Mosley,President and Chief Operating Officer,COO,appointment,appointed,"On June 27, 2016, Seagate Technology plc (the “Company”) appointed William D. Mosley to the position of President and Chief Operating Officer."
0001104659-16-131749,1,Kris Onken,Board,director,departure,retire,"On July 6, 2016, Kris Onken notified the Board of Directors (the “Board”) of Seagate Technology plc (the “Company”) that she will retire from the Board, and will not stand for reelection at the 2016 Annual General Meeting of Shareholders (the “2016 AGM”)."
0001104659-16-135046,1,William D. Mosley,President and Chief Operating Officer,COO,appointment,appointed,"Mr. Mosley was appointed the Company’s President and Chief Operating Officer on June 27, 2016."
0001104659-16-135046,2,William D. Mosley,President and Chief Operating Officer,COO,appointment,appointment,No other changes were made to Mr. Mosley’s compensation arrangements in connection with his appointment as President and Chief Operating Officer.
0001193125-17-013685,1,Mark W. Adams,director,director,election,elect,"On January 19, 2017 (the “ Effective Date ”), the Board of Directors (the “ Board ”) of Seagate Technology plc (“ Seagate ”) appointed Mark W. Adams to serve as a director of Seagate."
0001193125-17-013685,2,Mark W. Adams,director,director,election,elect,Mr. Adams has also been appointed to serve on the Audit Committee of the Board.
0001193125-17-192960,1,Cloud Systems,President,president,departure,will leave,"On June 2, 2017, Seagate Technology plc (the “ Company ”) announced that Philip G. Brace, President, Cloud Systems and Silicon Group, will leave the Company."
0001193125-17-192960,2,Philip G. Brace,President,president,departure,departure,The effective date of his departure has not yet been determined.
0001193125-17-234440,1,William D. Mosley,Board of Directors (the “Board”) appointed William D. Mosley as Chief Executive Officer,CEO,appointment,appointed,"On July 25, 2017 the Company’s Board of Directors (the “Board”) appointed William D. Mosley as Chief Executive Officer, effective October 1, 2017."
0001193125-17-234440,2,William D. Mosley,director,director,election,elect,"The Board also appointed Mr. Mosley as a Director of the Company, effective July 25, 2017."
0001193125-17-234440,3,William D. Mosley,"Chief Executive Officer, however, the Board",CEO,appointment,appointment,"Effective on the date of his appointment as Chief Executive Officer, however, the Board approved an annualized base salary increase to $1,000,000 and bonus target increase to 150% of his base salary."
0001193125-17-234440,4,Stephen J. Luczo,Chief Executive Officer,CEO,departure,step down,"On July 25, 2017, the Company also announced that Stephen J. Luczo will step down from his position as Chief Executive Officer, effective October 1, 2017."
0001193125-17-234440,5,Stephen J. Luczo,Executive Chairman,other_exec,appointment,to serve as,Mr. Luczo will remain with the Company in the role of Executive Chairman and will continue to serve as Chairman of the Board.
0001193125-17-234440,6,Philip G. Brace,President,president,departure,departure,"On July 20, 2017, the Company and Mr. Brace agreed that the effective date of his departure will be October 2, 2017."
0001140859-22-000054,1,Lorence H. Kim,director,director,election,elect,"On September 22, 2022, the Board of Directors (the “Board”) of AmerisourceBergen Corporation (the “Company”) elected Lorence H. Kim, M.D., 48, to serve on the Board, effective October 1, 2022."
0001140859-22-000064,1,Robert P. Mauch,Executive Vice President and Chief Operating Officer,COO,appointment,appointment,"On November 3, 2022, AmerisourceBergen Corporation (the “Company”) announced the appointment of Robert P. Mauch as Executive Vice President and Chief Operating Officer effective October 1, 2022."
0001104659-22-119574,1,Robert P. Mauch,Executive Vice President and Chief Operating Officer,COO,appointment,appointment,the appointment of Robert P. Mauch as Executive Vice President and Chief Operating Officer of the Company.
0001104659-22-119574,2,Robert P. Mauch,Executive Vice President and Chief Operating Officer,COO,appointment,appointment,"At the time of filing of the Original Form 8-K, the Compensation and Succession Planning Committee of the Company’s Board of Directors (the “Committee”) had not yet finalized the compensation arrangements pertaining to Mr. Mauch in connection with his appointment as Executive Vice President and Chief Operating Officer."
0001104659-22-119574,3,Robert P. Mauch,Executive Vice President and Chief Operating Officer,COO,appointment,appointment,"Accordingly, the sole purpose of this Amendment is to provide Mr. Mauch’s compensation in connection with his appointment as Executive Vice President and Chief Operating Officer."
0001104659-22-119574,4,Robert P. Mauch,Executive Vice President and Chief Operating Officer,COO,appointment,appointment,"On November 9, 2022, the Committee approved an increase in compensation for Mr. Mauch in connection with his appointment as Executive Vice President and Chief Operating Officer of the Company."
0001140859-22-000095,1,Redonda G. Miller,director,director,election,elect,"On November 9, 2022, the Board of Directors (the “Board”) of AmerisourceBergen Corporation (the “Company”) elected Redonda G. Miller, M.D., 56, to serve on the Board, effective January 1, 2023."
0001140859-23-000021,1,Jane E. Henney,directors,director,departure,retire,"On January 23, 2023, two members of the Board of Directors (the “Board”) of AmerisourceBergen Corporation (the “Company”), Jane E. Henney, M.D. and Michael J. Long, each informed the Company of their intent to retire as directors at the upcoming Annual Meeting of Stockholders to be held on March 9, 2023 (the “Annual Meeting”)."
0001140859-23-000021,2,Jane E. Henney,Board,director,departure,retire,"Dr. Henney and Mr. Long each indicated an intent to continue to serve as a director of the Company until the Annual Meeting, and advised the Company that there were no disagreements between the Company and them relative to their intent to retire from the Board."
0001140859-23-000125,1,Werner Baumann,director,director,election,elect,"On August 9, 2023, the Board of Directors (the “Board”) of AmerisourceBergen Corporation (the “Company”) elected Werner Baumann, 60, and Lauren Tyler, 61, to serve on the Board, effective October 1, 2023."
0001140859-24-000012,1,Henry W. McGee,Board of Directors,director,departure,retire,"On January 12, 2024, Henry W. McGee, a member of the Board of Directors (the “Board”) of Cencora, Inc. (the “Company”), informed the Board of his intent to retire and not stand for re-election as a director when his term expires at the Company's 2024 Annual Meeting of Stockholders to be held on March 12, 2024 (the “2024 Annual Meeting”)."
0001104659-24-033278,1,Steven H. Collis,the Company’s President and Chief Executive Officer (“CEO”),CEO,departure,succeed/replace,"On March 11, 2024, the Board of Directors (the “Board”) of Cencora, Inc. (the “Company”) unanimously selected Robert P. Mauch to succeed Steven H. Collis as the Company’s President and Chief Executive Officer (“CEO”), effective October 1, 2024 (the “Effective Date”), at which time he will also join the Board."
0001104659-24-033278,2,Steven H. Collis,"CEO since July 2011, will retire from the role of CEO and become Executive Chairman of the Board",CEO,departure,retire,"Mr. Collis, who has served as CEO since July 2011, will retire from the role of CEO and become Executive Chairman of the Board as of the Effective Date, to serve for a period of one year."
0001104659-24-035045,1,Steven H. Collis,Chief Executive Officer (“CEO,CEO,departure,retire,"of the Current Report on Form 8-K filed on March 12, 2024 (the “Original Form 8-K”) by Cencora, Inc. (the “Company”), which disclosed (i) that Steven H. Collis will retire from the role of Chief Executive Officer (“CEO”) effective October 1, 2024 (the “Effective Date”) and become Executive Chairman of the Board of Directors of the Company (the “Board”) as of such date and (ii) the appointment of Robert P. Mauch as the Company’s President and CEO, as of the Effective Date, at which time Mr. Mauch"
0001104659-24-035045,2,Steven H. Collis,President and CEO,CEO,appointment,to serve as,"Pursuant to the Collis Employment Agreement, Mr. Collis will continue to serve as Chairman, President and CEO of the Company until September 30, 2024 (the “Transition Period”)."
0001104659-24-035045,3,Steven H. Collis,Executive Chairman of the Board (the “Executive Chairman,other_exec,appointment,will serve as,"For a period of one year from the Effective Date, Mr. Collis will serve as Executive Chairman of the Board (the “Executive Chairman Period”)."
0001140859-24-000081,1,Gina K. Clark,Executive Vice President and Chief Communications & Administrative Officer,other_exec,departure,retire,"On April 30, 2024, Gina K. Clark, Executive Vice President and Chief Communications & Administrative Officer of Cencora, Inc. (the “Company”), informed the Company that she intends to retire from her position, effective September 30, 2024."
0001140859-24-000081,2,Gina K. Clark,Board of Directors,director,departure,retire,"Ms. Clark’s decision to retire from her position was not the result of any disagreements with the Company’s management or Board of Directors as to any matter relating to the Company’s operations, finances, policies, or practices."
0001104659-24-089929,1,Frank Clyburn,director,director,election,elect,"Director Appointment On August 13, 2024, the Board of Directors (the “Board”) of Cencora, Inc. (the “Company”) appointed Frank Clyburn to serve on the Board (the “Appointment”), with such Appointment to be effective as of October 1, 2024 (the “Effective Date”)."
0001104659-24-089929,2,Frank Clyburn,director,director,election,elect,There are no arrangements or understandings between Mr. Clyburn and any other persons pursuant to which Mr. Clyburn was appointed as a director.
0000950103-06-002700,1,Mr. Lawrence,Executive Vice President and Co-Chief Financial Officer,CFO,departure,retire,"On November 27, 2006, Mr. Lawrence S. Smith, our Executive Vice President and Co-Chief Financial Officer, announced his intention to retire from these positions, effective March 28, 2007."
0000950103-06-002700,2,Mr. Smith,executive officer,other_exec,departure,retirement,"Under the terms of his current employment agreement, which contemplated a potential relinquishment of executive duties by Mr. Smith as he approached retirement age, Mr. Smith is entitled to change his status from executive officer to part-time non-executive employee after December 31, 2006."
0000950103-06-002700,3,Mr. John,"Executive Vice President, Co-Chief Financial Officer and Treasurer",CFO,departure,retire,"On this same date, Mr. John R. Alchin, our Executive Vice President, Co-Chief Financial Officer and Treasurer announced his intention to retire from these positions, effective early in 2008."
0000950103-06-002700,4,Mr. Alchin,Chief Financial Officer,CFO,departure,retires,"Mr. Angelakis will become our Executive Vice President and Co-Chief Financial Officer beginning on March 28, 2007 and will become our Chief Financial Officer on the date that Mr. Alchin retires from his current positions (as described above)."
0000950103-07-003148,1,Mr. John,"Executive Vice President, Co-Chief Financial Officer and Treasurer",CFO,departure,retire,"In our Form 8-K filed November 28, 2006, we reported the decision by Mr. John R. Alchin to retire as our Executive Vice President, Co-Chief Financial Officer and Treasurer."
0000950103-07-003148,2,Mr. Michael,Chief Financial Officer and Treasurer,CFO,appointment,will become,"As previously reported Mr. Michael J. Angelakis became our Executive Vice President and Co-Chief Financial Officer as of March 28, 2007 and will become our Chief Financial Officer and Treasurer effective January 1, 2008."
0000950103-08-002956,1,Ralph J. Roberts,director,director,election,elect,The Board also elected Ralph J. Roberts as Founder and Chairman Emeritus of the Board of Directors in lieu of his current position as Chair of the Executive and Finance Committee of the Board.
0000950103-11-000353,1,Stephen B. Burke,Chief Operating Officer,COO,departure,resigned,"Upon the closing of the NBCUniversal transaction, Stephen B. Burke became NBCUniversal Holdings’ and NBCUniversal’s President and Chief Executive Officer and resigned from his position as our Chief Operating Officer."
0000950103-11-000353,2,Neil Smit,Executive Vice President,other_exec,appointment,appointed,"In addition, upon the closing of the NBCUniversal transaction, Neil Smit was appointed Executive Vice President of Comcast Corporation."
0000950103-11-000772,1,Michael I. Sovern,Board of Directors,director,departure,retire,"In addition, on February 23, 2011, two of the Company’s directors, Julian A. Brodsky and Michael I. Sovern, informed the Board of Directors that they intend to retire, effective as of the date of the Company ’ s 2011 annual meeting of shareholders ."
0001193125-11-254480,1,Decker Anstrom,Board of Directors,director,departure,resigned,"Following over ten years of outstanding service, S. Decker Anstrom, a member of the Board of Directors of Comcast Corporation (the “Company”), the Chair of the Governance and Directors Nominating Committee and a member of the Compensation Committee, resigned from the Board of Directors on September 20, 2011 in order to satisfy other professional commitments that, among other things, will involve significant foreign travel."
0001193125-11-254480,2,Johnathan Rodgers,director,director,election,elect,"On September 22, 2011, Johnathan Rodgers was appointed to the Board of Directors."
0001193125-11-254480,3,Johnathan Rodgers,President and Chief Executive Officer,CEO,departure,retirement,"From January 2004 until his retirement in July 2011, Mr. Rodgers was the President and Chief Executive Officer of TV One, a cable network that delivers real life and entertainment programming from the African American point of view."
0001193125-11-285508,1,Johnathan A. Rodgers,director,director,election,elect,"As previously reported in the Form 8-K filed by Comcast Corporation on September 22, 2011, Johnathan A. Rodgers was appointed to the Comcast Corporation Board of Directors."
0001193125-11-299646,1,Edward D. Breen,Board of Directors,director,departure,resigning,"Following over six years of outstanding service, Edward D. Breen, a member of the Board of Directors of Comcast Corporation (the “Company”), the Governance and Directors Nominating Committee and the Compensation Committee, informed the Company on November 3, 2011 that he would be resigning from the Board of Directors, effective November 11, 2011, for the reasons described in his resignation letter, which is attached as Exhibit 99.1."
0000950103-14-001112,1,Edward D. Breen,director,director,election,elect,"On February 13, 2014, Edward D. Breen was appointed to Comcast Corporation’s Board of Directors and to the Audit and Compensation Committees of the Board."
0000950103-14-001112,2,Edward D. Breen,director,director,departure,resigned,"Mr. Breen previously served as a director of Comcast for over six years until November 2011, when he resigned due to time constraints stemming from his responsibilities as Tyco International Ltd.’s Chairman and Chief Executive Officer."
0000950103-14-001112,3,Edward D. Breen,CEO,CEO,departure,stepped down,Mr. Breen stepped down from his role as Tyco International’s CEO in September 2012 and continues as Chairman of Tyco International’s board of directors.
0000950103-22-017696,1,Michael J. Cavanagh,President,president,appointment,appointed,"On October 11, 2022, Comcast Corporation (the “Company”) appointed Michael J. Cavanagh as the President of the Company, with immediate effect."
0000950103-22-017696,2,Brian L. Roberts,"Chief Executive Officer, but will no longer serve as President",CEO,departure,no longer serve,"Brian L. Roberts will remain as the Company’s Chairman of the Board and Chief Executive Officer, but will no longer serve as President."
0000950103-22-021872,1,Michael J. Cavanagh,President,president,appointment,appointment,"On December 28, 2022, Comcast Corporation (the “Company”) entered into a new employment agreement (the “Agreement”) with Michael J. Cavanagh in connection with his recent appointment as President of the Company."
0000950103-23-000208,1,Michael J. Cavanagh,the Chief Financial Officer of the Company,CFO,departure,succeed/replace,"Comcast Corporation (the “Company”) appointed Jason Armstrong to succeed Michael J. Cavanagh as the Chief Financial Officer of the Company, effective January 6, 2023."
0000950103-23-000208,2,Michael J. Cavanagh,Chief Financial Officer,CFO,departure,resigned,Mr. Cavanagh has resigned from the position as Chief Financial Officer.
0000950103-23-000208,3,Jason Armstrong,Chief Financial Officer,CFO,appointment,appointment,"In connection with his appointment as Chief Financial Officer, the Company has entered into a new employment agreement (the “Agreement”) with Mr. Armstrong pursuant to which Mr. Armstrong is entitled to an annual base salary of $1,800,000 and is also eligible for an annual performance-based cash bonus under the Company’s short-term incentive plan with a target bonus equal to 200% of his base salary."
0000950103-23-004120,1,"Thomas J. Baltimore, Jr.",director,director,election,elect,"On March 15, 2023, Thomas J. Baltimore, Jr. was appointed as a director of Comcast Corporation (the “Company”), effective immediately."
0000950103-23-004120,2,Mr. Baltimore,director,director,election,elect,He has not yet been appointed to serve as a member of any Board committee.
0000950103-23-014572,1,Louise F. Brady,director,director,election,elect,"On October 3, 2023, Louise F. Brady was appointed as a director of Comcast Corporation (the “Company”)."
0000950103-23-014572,2,Louise F. Brady,director,director,election,elect,She has not yet been appointed to serve as a member of any Board committee.
0000950103-23-017250,1,Ms. Brady,director,director,election,elect,"On December 5, 2023, the Board appointed Ms. Brady to serve on the Audit Committee of the Board, effective immediately."
0001166691-24-000019,1,Wonya Y. Lucas,director,director,election,elect,"On April 15, 2024, Wonya Y. Lucas was appointed as a director of Comcast Corporation (the “Company”)."
0001166691-24-000019,2,Wonya Y. Lucas,director,director,election,elect,She has not yet been appointed to serve as a member of any Board committee.
0000950103-25-003639,1,David Novak,"director of Comcast, will become non-executive Chairman of the Board of Directors",other_exec,appointment,will become,"In connection with Comcast Corporation’s planned spin-off of a strong portfolio of cable channels and complementary digital assets (“SpinCo”), Comcast announced on March 19, 2025 that David Novak, a director of Comcast, will become non-executive Chairman of the Board of Directors of SpinCo upon completion of the spin-off, which is expected to occur by the end of 2025."
0001193125-12-056765,1,,named executive officer,other_exec,appointment,will become,"All of the Options and shares of Restricted Stock will vest over four years from the Grant Date as follows: twenty-five percent (25%) of the Options and shares of Restricted Stock will vest and, in the case of the Options, will become exercisable, on February 7, 2013; the remainder of the Options will vest and become exercisable upon the named executive officer’s completion of each additional month of service with the Company in a series of thirty-six (36) successive, equal monthly installments;"
0001283699-12-000010,1,Kevin Landry,director,director,departure,not to stand for reelection,"On July 30, 2012, Mr. C. Kevin Landry, a member of the Board of Directors of MetroPCS Communications, Inc. (the “Company”), notified the Company of his decision not to stand for reelection as a Class III director of the Company upon the expiration of his current term, which expires at the conclusion of the Company's 2013 Annual Meeting of Stockholders."
0001283699-12-000010,2,Kevin Landry,Board of Directors,director,departure,not stand for reelection,"Mr. Landry's decision to not stand for reelection is not as a result of any disagreement with the Company on any matter relating to the Company's operations, policies or practices."
0001283699-12-000010,3,Kevin Landry,Board of Directors,director,departure,not stand for reelection,"Mr. Landry stated that his decision to not stand for reelection is based on, among other things, health issues and the fact that the funds which are associated with TA Associates, L.P., for which Mr. Landry is Chairman, have substantially reduced their equity holdings in the Company."
0001283699-13-000011,1,,named executive officer,other_exec,appointment,will become,"All of the Options and shares of Restricted Stock will vest over four years from the Grant Date as follows: twenty-five percent (25%) of the Options and shares of Restricted Stock will vest and, in the case of the Options, will become exercisable, on February 5, 2014; the remainder of the Options will vest and become exercisable upon the named executive officer's completion of each additional month of service with the Company in a series of thirty-six (36) successive, equal monthly installments;"
0001193125-13-193449,1,Kevin Landry,directors,director,departure,resigned,"Board of Directors On April 30, 2013, in connection with the consummation of the Transaction and the Mergers, the Board was increased to 11 members, and Roger D. Linquist, Arthur C. Patterson, John (Jack) F. Callahan, Jr., and C. Kevin Landry resigned from their positions as directors of the Company."
0001193125-13-193449,2,Michael Barnes,director,director,election,elect,"Effective April 30, 2013, the following individuals were appointed by the Board as directors of the Company pursuant to the terms of the Business Combination Agreement and the Stockholder’s Agreement, to fill the vacancies resulting from the resignations of the individuals referred to above and an increase in the size of the Board: Srikant Datar, Lawrence H. Guffey, Timotheus Höttges, Raphael Kübler, Thorsten Langheim, John J. Legere, René Obermann, Teresa A. Taylor, and Kelvin R. Westbrook."
0001193125-13-193449,3,Braxton Carter,Chief Accounting Officer,PAO,departure,resigned,"Executive Officers In connection with the consummation of the Transactions and the Mergers, effective April 30, 2013, the following individuals were appointed by the Board to serve as executive officers of the Company (the “Executive Officers”): • John J. Legere, President and Chief Executive Officer • James (Jim) C. Alling, Executive Vice President and Chief Operating Officer T-Mobile Business • David R. Carey, Executive Vice President, Corporate Services - 11 - • J. Braxton Carter, Executive V"
0001193125-13-193449,4,Malcolm M. Lorang,executive officer,other_exec,departure,resigned,"Mr. Kelton received a Bachelor of Science degree in electronics and electrical engineering from the University of Western Scotland. - 12 - On April 30, 2013, Roger D. Linquist, Mark A. Stachiw, Dennis T. Currier, Christine B. Kornegay, and Malcolm M. Lorang resigned as executive officers of the Company."
0001193125-13-193449,5,Dennis T. Currier,Senior Vice President,other_exec,appointment,will serve as,Under the offer letter Mr. Currier will serve as Senior Vice President of Human Resources.
0001193125-13-246944,1,,director,director,election,elect,"The 2013 Plan may be administered by the Board, or by a committee appointed by the Board or such committee’s delegate (each referred to as the “ Committee ”)."
0001283699-13-000120,1,René Obermann,director,director,departure,resignation,"(b) On October 24, 2013, René Obermann tendered his resignation as a director of T-Mobile US, Inc. (the “ Company ”), with such resignation to be effective as of November 15, 2013."
0001283699-13-000120,2,René Obermann,director,director,election,elect,"Mr. Obermann was elected to the Company’s Board of Directors (the “ Board ”) as a designee of Deutsche Telekom AG (“ Deutsche Telekom ”), the Company’s majority stockholder, pursuant to Deutsche Telekom’s rights under the Company’s certificate of incorporation and a Stockholder’s Agreement entered into as of April 30, 2013."
0001283699-13-000120,3,René Obermann,director,director,election,elect,It is anticipated that Deutsche Telekom will designate another candidate to be appointed by the Board to fill the vacancy resulting from Mr. Obermann’s resignation on the Board during the fourth quarter of 2013.
0001283699-13-000134,1,René Obermann,director,director,departure,resignation,"(b) As previously disclosed, on October 24, 2013 René Obermann tendered his resignation as a director of T-Mobile US, Inc. (the “ Company ”), with such resignation to be effective as of November 15, 2013."
0001283699-13-000134,2,Thomas Dannenfeldt,director,director,election,elect,"On November 7, 2013 the Board of Directors of the Company appointed Thomas Dannenfeldt as a director, effective November 15, 2013, to fill the vacancy resulting from Mr. Obermann’s resignation."
0001193125-13-448555,1,,board of directors (the “ Board,director,departure,resign,"Pursuant to the certificate of incorporation and the Stockholder’s Agreement, the reduction in Deutsche Telekom’s stock ownership percentage obligated Deutsche Telekom to cause a director previously designated by Deutsche Telekom to resign from the Company’s board of directors (the “ Board ”)."
0001193125-13-448555,2,Srikant M. Datar,"director, resigned from the Board",director,departure,resigned,"Accordingly, on November 20, 2013, Srikant M. Datar, an independent member of the Board who had been previously designated by Deutsche Telekom to serve as a director, resigned from the Board."
0001193125-13-448555,3,Srikant M. Datar,director,director,election,elect,"(d) Effective immediately following Mr. Datar’s resignation, the Board re-appointed Mr. Datar as a director of the Company, to fill the vacancy resulting from his resignation, and as a member and the Chair of the Audit Committee of the Board."
0001193125-14-058782,1,"James N. Perry, Jr.",director,director,departure,not stand for reelection,"(b) On February 13, 2014, James N. Perry, Jr. informed T-Mobile US, Inc. (the “Company”) that he has determined he will not stand for reelection as a director of the Company at its upcoming 2014 Annual Meeting of Stockholders."
0001193125-15-052763,1,Mr. Sievert,Chief Operating Officer,COO,appointment,appointed,"Mike Sievert On February 13, 2015, Mr. Sievert was appointed Chief Operating Officer."
0001193125-15-052763,2,Mr. Keys,President,president,appointment,appointed,"Tom Keys On February 13, 2015, Mr. Keys was appointed President T-Mobile Indirect Channels."
0001193125-15-052763,3,Mr. Alling,officer,other_exec,departure,resigning,"Jim Alling On February 17, 2015, Mr. Alling, who has served as Executive Vice President and Chief Operating Officer, T-Mobile Business, since April 2013, informed the Company that he is resigning as an officer of the Company, effective March 13, 2015."
0001193125-16-470124,1,Gary A. King,Executive Vice President Chief Information Officer,other_exec,departure,terminate his employment,"(b) and (e) Changes to Executive Management Team and Modifications to Compensatory Arrangements On February 16, 2016, T-Mobile US, Inc. (the “Company”) and Gary A. King, Executive Vice President and Chief Information Officer, agreed that Mr. King will terminate his employment with the Company effective on March 18, 2016."
0001193125-16-628913,1,Michael J. Morgan,Senior Vice President,other_exec,appointment,will serve as,"(b) Effective as of June 20, 2016, Michael J. Morgan, who previously served as Senior Vice President, Finance & Chief Accounting Officer of T-Mobile US, Inc. (the “Company”), transitioned into a new position with the Company and will serve as the Company’s Senior Vice President — Finance, Customer Financial Services and will oversee the Company’s Financial Services team that develops and supports our core consumer financing products."
0001193125-16-628913,2,Peter Osvaldik,"Senior Vice President, Finance & Chief Accounting Officer",PAO,appointment,appointed,"(c) Effective as of June 20, 2016, Peter Osvaldik was appointed Senior Vice President, Finance & Chief Accounting Officer of the Company."
0001193125-17-377654,1,Braxton Carter,Chief Financial Officer,CFO,appointment,to serve as,"On and effective as of December 20, 2017 (the “Effective Date”), T-Mobile US, Inc. (the “Company”) entered into an amended and restated employment agreement (the “Employment Agreement”) with J. Braxton Carter, pursuant to which Mr. Carter will continue to serve as the Company’s Executive Vice President and Chief Financial Officer."
0001193125-18-051913,1,,director,director,election,elect,"On February 14, 2018, the Board of Directors (the “Board”) of T-Mobile US, Inc. (the “Company”) increased the size of the Board from eleven to twelve directors and elected G. Michael Sievert, the Company’s Chief Operating Officer, to fill the vacancy created by such increase, effective immediately."
0001104659-18-028086,1,John J. Legere,President upon ratification by the T-Mobile board of directors,president,departure,succeed/replace,"5 On April 29, 2018, T-Mobile announced that Mr. Sievert will succeed Mr. Legere as President upon ratification by the T-Mobile board of directors."
0001104659-18-028086,2,Michael Sievert,Chief Operating Officer,COO,departure,termination of the employment,"The Sievert Amendment also amends Mr. Sievert’s compensation term sheet to provide that, upon Mr. Sievert’s termination of the employment by T-Mobile without “cause” or due to a “constructive termination” (each as defined in Mr. Sievert’s compensation term sheet), then, subject to his timely execution and non-revocation of a release of claims in favor of T-Mobile, Mr. Sievert will be entitled to receive the same severance payments and benefits provided under the Letter Agreements described above"
0001283699-18-000031,1,Michael Sievert,President,president,appointment,appointment,"On June 13, 2018, the Board of Directors (the “Board”) of T-Mobile US, Inc. (the “Company”) ratified the appointment of G. Michael Sievert as the Company’s President."
0001283699-18-000031,2,John J. Legere,President,president,appointment,to serve as,"Effective immediately, Mr. Sievert has assumed the office of President from John J. Legere, who continues to serve as the Company’s Chief Executive Officer."
0001283699-18-000031,3,Michael Sievert,President,president,appointment,appointment,Mr. Sievert will not receive any additional compensation in connection with the Board’s ratification of his appointment as the Company’s President.
0001283699-18-000063,1,Thomas Dannenfeldt,Board,director,departure,resign,"On October 30, 2018, Thomas Dannenfeldt, a member of the board of directors (the “Board”) of T-Mobile US, Inc. (the “Company”), notified the Company of his decision to resign from the Board effective December 1, 2018."
0001283699-18-000063,2,Thomas Dannenfeldt,Board,director,departure,resignation,Mr. Dannenfeldt’s resignation from the Board did not result from any disagreements with management or the Board.
0001283699-18-000071,1,Thomas Dannenfeldt,Board,director,departure,resign,"As previously disclosed, Thomas Dannenfeldt, a member of the board of directors (the “Board”) of T-Mobile US, Inc. (the “Company”), notified the Company of his decision to resign from the Board effective December 1, 2018."
0001283699-18-000071,2,Dr. Illek,Chief Financial Officer,CFO,appointment,appointed,Dr. Illek currently serves on the board of management of Deutsche Telekom as the Board Member for Human Resources and has been appointed to serve as the Chief Financial Officer of Deutsche Telekom effective January 2019.
0001283699-19-000066,1,Mr. Swantee,Board or any committee of the Board,director,departure,not to stand for re-election,"Mr. Swantee’s decision not to stand for re-election was not a result of any disagreement with the Company, its Board or any committee of the Board or its management, or with respect to any matter relating to the Company’s operations, policies or practices."
0001193125-19-294093,1,Michael Sievert,Chief Executive Officer (“CEO,CEO,appointment,appointed,"On November 18, 2019, the Board of Directors (the “Board”) of T-Mobile US, Inc. (“T-Mobile” or the “Company”), following a multi-year, comprehensive leadership succession planning process, announced that G. Michael Sievert, age 50, has been appointed as Chief Executive Officer (“CEO”) of T-Mobile, effective as of May 1, 2020."
0001193125-19-294093,2,John Legere,"CEO, will cease to serve as CEO",CEO,departure,cease to serve,"John Legere, the current CEO, will cease to serve as CEO of T-Mobile effective as of April 30, 2020, upon the conclusion of his current employment agreement with T-Mobile."
0001193125-19-294093,3,Michael Sievert,CEO,CEO,appointment,appointment,"In connection with Mr. Sievert’s appointment as CEO, on and effective as of November 15, 2019, T-Mobile entered into an employment agreement (the “Sievert Employment Agreement”) with Mr. Sievert, which supersedes and replaces the prior compensation term sheet between T-Mobile and Mr. Sievert, dated as of January 1, 2017, as amended."
0001193125-19-294093,4,Michael Sievert,President and Chief Operating Officer,COO,appointment,to serve as,"Sievert Employment Agreement Pursuant to the Sievert Employment Agreement, Mr. Sievert will continue to serve as T-Mobile’s President and Chief Operating Officer through April 30, 2020."
0001193125-19-294093,5,Michael Sievert,President and CEO,CEO,appointment,will serve as,"Effective May 1, 2020, Mr. Sievert will serve as T-Mobile’s President and CEO."
0001193125-19-294093,6,Neville Ray,"Chief Technology Officer, will serve as the President",president,appointment,will serve as,"Ray Term Sheet Pursuant to the Ray Term Sheet, Mr. Ray, currently T-Mobile’s Executive Vice President and Chief Technology Officer, will serve as the President, Technology of T-Mobile."
0001193125-20-071678,1,David Carey,Executive Vice President,other_exec,departure,retire,"On March 12, 2020, T-Mobile US, Inc., a Delaware corporation (“T-Mobile”), announced that David Carey, Executive Vice President, Corporate Services of T-Mobile will retire from his position effective April 30, 2020."
0001193125-20-093622,1,Bruno Jacobfeuerborn,Director,director,departure,Resignation,"Resignation of Director On March 26, 2020, in connection with the transactions contemplated by the Business Combination Agreement, Bruno Jacobfeuerborn submitted his resignation from his position as a director of T-Mobile, effective as of the Effective Time."
0001193125-20-093622,2,Srikant Madhav Datar,director,director,election,elect,"The three directors designated by SoftBank pursuant to the Business Combination Agreement and the Amended and Restated Stockholders’ Agreement, each of whom was appointed by the Board to fill the vacancies resulting from the resignation of the individual referred to above and the increase in the size of the Board referred to above, in each case effective from and after the Effective Time, are as follows: Marcelo Claure, Stephen Kappes and Ronald Fisher."
0001193125-20-093622,3,Stephen Kappes,director,director,election,elect,"It is anticipated that one additional director will be designated by SoftBank, and appointed by the Board, following the Closing, such that, effective from and after such time, SoftBank will have four designees on the Board, in accordance with the terms of the Amended and Restated Stockholders’ Agreement."
0001193125-20-093622,4,John J. Legere,Chief Executive Officer of T-Mobile effective as of immediately following the Closing,CEO,departure,succeed/replace,"CEO Transition As described below, the Board has named Mr. Sievert to succeed Mr. Legere as Chief Executive Officer of T-Mobile effective as of immediately following the Closing."
0001193125-20-093622,5,John J. Legere,Chief Executive Officer,CEO,appointment,to serve as,"Legere Amendment The Legere Amendment amended Mr. Legere’s employment agreement to provide that he would continue to serve as T-Mobile’s Chief Executive Officer through the earlier of (i) immediately following the Closing and (ii) April 30, 2020 (the earlier such time or date, the “Termination Date”)."
0001193125-20-093622,6,Michael Sievert,President and Chief Operating Officer,COO,appointment,to serve as,"Sievert Amendment The Sievert Amendment amended Mr. Sievert’s employment agreement to provide that he would continue to serve as T-Mobile’s President and Chief Operating Officer through the earlier of (i) immediately following the Closing and (ii) April 30, 2020 (the earlier such time or date, the “CEO Start Date”)."
0001193125-20-119230,1,John Legere,Board of Directors (the “Board,director,departure,resigning,"On April 24, 2020, John Legere notified T-Mobile US, Inc. (the “Company”) that he was resigning from the Board of Directors (the “Board”) of the Company, effective immediately, to pursue other options."
0001193125-20-119230,2,John Legere,Board,director,departure,resigning,Mr. Legere noted that he was not resigning because of any disagreement with management or the Board on any matter.
0001140361-20-014081,1,Braxton Carter,Executive Vice President and CFO,CFO,departure,retire,"On June 15, 2020, the Board of Directors (the “Board”) of T-Mobile appointed Peter Osvaldik, who currently serves as Senior Vice President, Finance and Chief Accounting Officer of T-Mobile, to Executive Vice President and Chief Financial Officer (“CFO”) of T-Mobile, effective as of July 1, 2020, replacing J. Braxton Carter, who will retire from his position as Executive Vice President and CFO of T-Mobile, effective as of July 1, 2020."
0001140361-20-014081,2,Braxton Carter,Executive Vice President and CFO,CFO,departure,succeed/replace,"On June 15, 2020, the Board of Directors (the “Board”) of T-Mobile appointed Peter Osvaldik, who currently serves as Senior Vice President, Finance and Chief Accounting Officer of T-Mobile, to Executive Vice President and Chief Financial Officer (“CFO”) of T-Mobile, effective as of July 1, 2020, replacing J. Braxton Carter, who will retire from his position as Executive Vice President and CFO of T-Mobile, effective as of July 1, 2020."
0001140361-20-014081,3,Braxton Carter,Executive Vice President CFO,CFO,departure,retirement,"To facilitate a smooth transition, Mr. Carter will provide certain consulting services to T-Mobile for a period of up to six months following his retirement."
0001140361-20-014081,4,Dara Bazzano,Board appointed Dara Bazzano as Senior Vice President,other_exec,appointment,appointed,"Also on June 15, 2020, the Board appointed Dara Bazzano as Senior Vice President and Chief Accounting Officer (“CAO”) of T-Mobile, effective as of July 20, 2020."
0001140361-20-014081,5,Braxton Carter,Executive Vice President and CFO,CFO,departure,retirement,"In addition, on June 15, 2020, the Compensation Committee (the “Committee”) of the Board approved (i) new compensation terms for Mr. Osvaldik (the “Osvaldik Compensation”) that will take effect upon his commencement as Executive Vice President and CFO, (ii) an offer of employment letter with Ms. Bazzano (the “Bazzano Offer Letter”) that will govern the terms of Ms. Bazzano’s service as Senior Vice President and CAO of T-Mobile and (iii) the terms of a consulting agreement between Mr. Carter and "
0001140361-20-014081,6,Peter Osvaldik,Executive Vice President and CFO,CFO,appointment,appointment,"Osvaldik Compensation In connection with Mr. Osvaldik’s appointment as Executive Vice President and CFO of T-Mobile, effective July 1, 2020, Mr. Osvaldik will receive an annual base salary of $750,000 and an annual short-term incentive (“STI”) award targeted at 150% of base salary."
0001140361-20-014081,7,Dara Bazzano,Senior Vice President,other_exec,appointment,will serve as,"Bazzano Offer Letter The Bazzano Offer Letter provides that Ms. Bazzano will serve as T-Mobile’s Senior Vice President and CAO, effective July 20, 2020."
0001140361-20-014081,8,Braxton Carter,Executive Vice President and CFO,CFO,departure,retires,"Carter Consulting Agreement Pursuant to the Carter Consulting Agreement, Mr. Carter will provide consulting services to T-Mobile during the period beginning on July 1, 2020, the date on which he retires as Executive Vice President and CFO of T-Mobile, and ending on September 30, 2020, with the option by T-Mobile to extend the term for an additional three months."
0001140361-20-014470,1,Ronald D. Fisher,Board as a director,director,departure,resigned,"Concurrently with the execution of the Second Amended and Restated Stockholders’ Agreement, effective June 22, 2020, Ronald D. Fisher resigned from the Board as a director."
0001193125-20-291827,1,Srini Gopalan,Director,director,departure,Resignation,"Resignation of Director On November 10, 2020, Srini Gopalan notified the Board of Directors (the “Board”) of T-Mobile US, Inc. (the “Company”) of his decision to resign from the Board and the Nominating and Corporate Governance Committee (the “Committee”) of the Board, effective November 13, 2020."
0001193125-20-291827,2,Srini Gopalan,director,director,election,elect,"Appointment of New Directors On November 12, 2020, pursuant to that certain Second Amended and Restated Stockholders’ Agreement (the “Stockholders’ Agreement”), dated as of June 22, 2020, by and among the Company, Deutsche Telekom AG (“DT”) and SoftBank Group Corp., the Board increased the size of the Board to 14 directors and appointed each of Dominique Leroy, Omar Tazi and Michael Wilkens (collectively, the “New Directors”) to the Board, effective November 13, 2020."
0001193125-20-291827,3,Dominique Leroy,director,director,election,elect,Messrs. Tazi and Wilkens have not been appointed to serve on any Board committees at this time.
0001193125-21-113210,1,Stephen Kappes,Board,director,departure,resign,"On April 6, 2021, Stephen Kappes notified the Board of Directors (the “Board”) of T-Mobile US, Inc. (the “Company”) of his decision to resign from the Board and the Nominating and Corporate Governance Committee of the Board, effective immediately."
0001193125-21-198692,1,,director,director,election,elect,"On June 22, 2021, Letitia Long was appointed to the Board of Directors (the “Board”) of T-Mobile US, Inc. (the “Company”), effective immediately."
0001193125-21-275230,1,David A. Miller,"Executive Vice President, General Counsel and Secretary",other_exec,departure,retire,"On September 10, 2021, David A. Miller, Executive Vice President, General Counsel and Secretary of T-Mobile US, Inc. (the “Company”) notified the Company that he will retire from the Company effective April 1, 2022."
0001193125-21-275230,2,David A. Miller,Executive Vice President General Counsel Secretary,other_exec,departure,retirement,"Mr. Miller will transition out of his current position as the Company’s Executive Vice President, General Counsel and Secretary effective October 11, 2021, but remain with the Company as Executive Vice President and Strategic Advisor until his retirement date."
0001193125-22-115091,1,Michael Wilkens,Board of Directors (the “Board,director,departure,not to stand for re-election,"On April 20, 2022, Michael Wilkens notified T-Mobile US, Inc. (the “Company”) of his decision not to stand for re-election to the Board of Directors (the “Board”) of the Company at the 2022 Annual Meeting of Stockholders (the “Annual Meeting”), in connection with his announced departure from Deutsche Telekom AG."
0001193125-22-115091,2,Michael Wilkens,Board,director,departure,departure,"Mr. Wilkens’ departure from the Board and its Compensation Committee will be effective immediately after the conclusion of the Annual Meeting, at which time the size of the Board will be reduced to 13 directors."
0001193125-22-239983,1,Srinivasan Gopalan,director,director,election,elect,"On August 31, 2022, Srinivasan Gopalan was appointed to the Board of Directors (the “Board”) of T-Mobile US, Inc. (the “Company”), effective immediately."
0001193125-22-239983,2,Srinivasan Gopalan,director,director,election,elect,"Mr. Gopalan was selected as a designee of Deutsche Telekom AG (“DT”) pursuant to that certain Second Amended and Restated Stockholders’ Agreement, dated June 22, 2020, by and among the Company, DT and SoftBank Group Corp. Mr. Gopalan was also appointed to the Compensation Committee of the Board, effective immediately."
0001193125-22-290740,1,Omar Tazi,Board,director,departure,resign,"On November 18, 2022, Omar Tazi notified the Board of Directors (the “Board”) of T-Mobile US, Inc. (the “Company”) of his decision to resign from the Board, effective January 2, 2023, due to his acceptance of a new role at the Company as the Company’s Executive Vice President and Chief Product Officer."
0001193125-22-290740,2,Omar Tazi,Board,director,departure,resignation,"Mr. Tazi’s resignation from the Board is not the result of any disagreement between Mr. Tazi and the Company on any matter relating to the operations, policies or practices of the Company."
0001193125-23-024130,1,Bavan Holloway,Board of Directors (the “Board,director,departure,not to stand for re-election,"On January 30, 2023, Bavan Holloway notified T-Mobile US, Inc. (the “Company”) of her decision not to stand for re-election to the Board of Directors (the “Board”) of the Company at the 2023 Annual Meeting of Stockholders (the “Annual Meeting”)."
0001193125-23-024130,2,Bavan Holloway,Board,director,departure,departure,Ms. Holloway’s departure from the Board and its Audit Committee will be effective immediately after the conclusion of the Annual Meeting.
0001193125-23-035719,1,Neville Ray,President,president,departure,retirement,"The Company and Mr. Ray have agreed that Mr. Ray’s retirement date will be on or about October 1, 2023."
0001193125-23-035719,2,Neville Ray,President,president,departure,retirement,"In addition, pursuant to the Ray Letter Agreement, no further RSUs or PRSUs will be granted to Mr. Ray in the period that is 12 months prior to the retirement date."
0001193125-23-190499,1,James J. Kavanaugh,director,director,election,elect,"On July 18, 2023, James J. Kavanaugh was elected to the Board of Directors (the “Board”) of T-Mobile US, Inc. (the “Company”), effective immediately."
0001193125-23-190499,2,James J. Kavanaugh,director,director,election,elect,"Mr. Kavanaugh was selected as a designee of Deutsche Telekom AG (“Deutsche Telekom”) pursuant to that certain Second Amended and Restated Stockholders’ Agreement, dated June 22, 2020, by and among the Company, Deutsche Telekom and SoftBank Group Corp. Mr. Kavanaugh was also appointed to the Audit Committee of the Board (the “Audit Committee”), effective on August 1, 2023, replacing Mr. Kelvin Westbrook who has served on the Audit Committee since June 16, 2023."
0001193125-23-231377,1,Peter Ewens,Executive Vice President,other_exec,departure,retirement,"On September 6, 2023, T-Mobile US, Inc. (the “Company”) entered into a letter agreement (the “Ewens Letter Agreement”) with Peter Ewens, the Company’s Executive Vice President, Corporate Strategy & Development, setting forth certain benefits Mr. Ewens will be entitled to receive from the Company upon his retirement on February 1, 2024."
0001193125-12-293901,1,William D. Johnson,President and Chief Executive Officer,CEO,departure,resigned,Mr. Johnson subsequently resigned as the President and Chief Executive Officer of Duke Energy.
0001193125-12-293901,2,William D. Johnson,President Chief Executive Officer,CEO,departure,Resignation,"See disclosure below under the heading “Resignation of Mr. Johnson and Reappointment of Mr. Rogers.” Employment Agreement with William D. Johnson On June 27, 2012, Duke Energy entered into a three-year employment agreement with - 2 - William D. Johnson (the “ Johnson Employment Agreement ”) that provided for his employment as Duke Energy’s President and Chief Executive Officer and President, effective as of the closing of the Merger on July 2, 2012."
0001193125-12-293901,3,William D. Johnson,President Chief Executive Officer,CEO,departure,Resignation,"Resignation of Mr. Johnson and Reappointment of Mr. Rogers On July 3, 2012, Duke Energy announced that Mr. Johnson has resigned from all of his positions at Duke Energy and will no longer serve as President and Chief Executive Officer of Duke Energy or as a member of Duke Energy’s Board of Directors (the “ Duke Energy Board ”), effective as of 12:01 a.m. on July 3, 2012 (the “ Effective Date ”)."
0001193125-12-293901,4,Progress Energy,President Chief Executive Officer,CEO,departure,retirement,"In addition, Mr. Johnson will be entitled to his accrued and unpaid benefits under Progress Energy’s retirement and deferred compensation plans."
0001193125-12-293901,5,Progress Energy,director,director,election,elect,"The Duke Energy Board appointed the following former members of the Progress Energy board of directors to fill the seven newly created directorships: Mr. Johnson, John D. Baker II, Harris E. DeLoach, Jr., James B. Hyler, Jr., E. Marie McKee, Carlos A. Saladrigas and Theresa M. Stone."
0001193125-12-293901,6,William D. Johnson,Board of Directors,director,departure,resigned,"As described in greater detail above, Mr. Johnson has subsequently resigned from the Duke Energy Board of Directors."
0001104659-12-049132,1,Duke Energy,Executive Vice President,other_exec,appointment,appointment,"On July 13, 2012, Duke Energy Corporation (“Duke Energy”) announced the appointment of B. Keith Trent as Executive Vice President of Duke Energy’s Regulated Utilities."
0001104659-12-049132,2,Keith Trent,Executive Vice President and President,president,appointment,appointment,"Prior to his new appointment, Mr. Trent had been Executive Vice President and President of Duke Energy’s Commercial Business since 2009."
0000898822-12-000348,1,Theresa M. Stone,Board of Directors of the Company (the “Board,director,departure,resigning,"On July 27, 2012, John D. Baker II and Theresa M. Stone, each directors of Duke Energy Corporation (the “Company”), informed the Company that they are resigning from the Board of Directors of the Company (the “Board”), effective immediately."
0000898822-12-000348,2,Theresa M. Stone,directors,director,departure,resignation,"Based on Mr. Baker’s and Ms. Stone’s resignation letters, it is the Company’s understanding that they determined to resign, in part, due to the Board’s actions on July 2, 2012 regarding the decision to make a change in the Chief Executive Officer of the Company."
0000898822-12-000348,3,Theresa M. Stone,directors,director,departure,resignation,"Mr. Baker’s and Ms. Stone’s resignation letters are filed herewith as Exhibits 17.1 and 17.2, respectively, and are incorporated herein by reference."
0001104659-12-080906,1,Jim Rogers,Board,director,departure,retire,"Pursuant to the Settlement Agreement, the Settling Parties agreed to the following terms. · The Company will maintain at least 1,000 employees in Raleigh, North Carolina for at least 5 years from date of the Settlement Agreement. · The Company will create and maintain a Regulatory Policy and Operations Committee (“RPOC”) of the Board of Directors (the “Board”) of the Company to meet with and discuss activities and actions with the NCUC. · The Company will guarantee an additional $25 million in f"
0001104659-12-080906,2,Marc Manly,Chief Legal Officer,other_exec,departure,succeed/replace,"Pursuant to the Settlement Agreement, the Settling Parties agreed to the following terms. · The Company will maintain at least 1,000 employees in Raleigh, North Carolina for at least 5 years from date of the Settlement Agreement. · The Company will create and maintain a Regulatory Policy and Operations Committee (“RPOC”) of the Board of Directors (the “Board”) of the Company to meet with and discuss activities and actions with the NCUC. · The Company will guarantee an additional $25 million in f"
0001104659-12-080906,3,Dr. James,Board as such directors,director,departure,retire,"The special committee will use its best efforts to recommend a successor to Jim Rogers to the full Board by July 1, 2013 but in no event later than December 31, 2013. · The Board will elect one new Board member no later than April 15, 2013 and a second new Board member within twelve months from the date of the Settlement Agreement. · The Company will cause the current Board members, other than Dr. James T. Rhodes, to retire from the Board as such directors reach mandatory retirement age, pursuan"
0001104659-13-014407,1,John T. Herron,director,director,election,elect,"On February 26, 2013, John T. Herron, President, Chief Executive Officer and Chief Nuclear Officer of Entergy Nuclear, was appointed to the Board of Directors (the “Board”) of Duke Energy Corporation (the “Company”), effective March 1, 2013."
0001104659-13-014407,2,John T. Herron,director,director,election,elect,Mr. Herron has also been appointed to the Leadership Development Committee and the Nuclear Oversight Committee of the Board.
0001104659-13-049764,1,Duke Energy,director,director,election,elect,"Appointment of Principal Executive Officer and Director of Duke Energy Corporation On June 18, 2013, Duke Energy Corporation (“Duke Energy” or the “Corporation”) announced that Ms. Lynn J. Good was appointed as the President and Chief Executive Officer and a Director of Duke Energy, effective July 1, 2013."
0001104659-13-049764,2,Ms. Good,Executive Vice President Chief Financial Officer,CFO,departure,termination of employment,The non-competition and non-solicitation obligations survive for two years following Ms. Good’s termination of employment.
0001104659-13-049764,3,Duke Energy,President and Chief Executive Officer,CEO,departure,Retirement,"Retirement of James E. Rogers On June 18, 2013, Duke Energy announced that Mr. James E. Rogers will retire as President and Chief Executive Officer effective July 1, 2013 and as Chairman and Director of Duke Energy when his employment agreement, dated February 19, 2009, as amended, expires at the end of 2013."
0001104659-13-060144,1,Mr. Steven,Executive Vice President and Chief Financial Officer,CFO,appointment,appointed,"On August 6, 2013, Duke Energy Corporation (the “Corporation”) announced that Mr. Steven K. Young, Vice President, Chief Accounting Officer and Controller , was appointed as Executive Vice President and Chief Financial Officer of the Corporation, effective August 6, 2013."
0001104659-13-060144,2,Mr. Young,Controller,PAO,appointment,to serve as,Mr. Young will continue to serve as Chief Accounting Officer and Controller until his successor is named.
0001104659-13-060144,3,Mr. Young,Executive Vice President and Chief Financial Officer,CFO,appointment,appointment,"In connection with the appointment of Mr. Young to Executive Vice President and Chief Financial Officer, the Compensation Committee of the Board of Directors of the Corporation, effective as of August 6, 2013, approved an increase in his annual base salary from $333,952 to $525,000, an increase in his short-term incentive opportunity from 50% to 70% of his annual base salary, and an increase in his long-term incentive opportunity from 100% to 150% of his annual base salary."
0001104659-13-067275,1,Mr. Brian,"Vice President, Chief Accounting Officer and Controller",PAO,appointment,appointed,"On August 30, 2013, Duke Energy Corporation (the “Corporation”) announced that Mr. Brian D. Savoy was appointed as Vice President, Chief Accounting Officer and Controller, effective September 1, 2013."
0001104659-13-067275,2,Mr. Savoy,"Vice President, Chief Accounting Officer and Controller",PAO,appointment,appointment,"In connection with the appointment of Mr. Savoy to Vice President, Chief Accounting Officer and Controller, the Compensation Committee of the Board of Directors of the Corporation, effective as of September 1, 2013, approved an increase in his annual base salary from $219,910 to $260,000, an increase in his short-term incentive opportunity from 40% to 50% of his annual base salary, and an increase in his long-term incentive opportunity from 40% to 80% of his annual base salary."
0001104659-13-086631,1,William E. Kennard,director,director,election,elect,"On November 22, 2013, William E. Kennard was appointed to the Board of Directors (the “Board”) of Duke Energy Corporation (the “Company”), effective January 1, 2014."
0001104659-13-086631,2,William E. Kennard,director,director,election,elect,Mr. Kennard has not been appointed to any committees of the Board as of the date of this filing.
0001104659-13-089600,1,William E. Kennard,director,director,election,elect,"On December 10, 2013, the Board appointed Mr. Kennard to the Finance and Risk Management Committee of the Board, effective January 1, 2014."
0001104659-14-000076,1,James E. Rogers,Board of Directors,director,departure,retired,"On December 31, 2013, James E. Rogers retired as Chairman of the Board of Directors of Duke Energy Corporation (“the Company”)."
0001104659-14-035262,1,Mr. Yates,executive officers who report to the Chief Executive Officer,CEO,appointment,will become,"In addition, effective July 3, 2014, Mr. Yates automatically will become a “Tier I” participant under the terms of the Duke Energy Corporation Executive Severance Plan (the “Plan”) on the same terms and conditions as apply to other executive officers who report to the Chief Executive Officer."
0001104659-14-053140,1,Duke Energy,Principal Operating Officer,COO,appointment,Appointment,"Appointment of Principal Operating Officer On July 24, 2014, Duke Energy Corporation (“Duke Energy”) announced a change in the responsibilities of Mr. B. Keith Trent and Mr. Lloyd M. Yates, effective August 1, 2014."
0001104659-14-053140,2,Keith Trent,"Executive Vice President, Grid Solutions and President",president,appointment,will become,"Mr. Trent, age 54, will become Executive Vice President, Grid Solutions and President, Midwest and Florida Regions."
0001104659-14-053140,3,Mr. Yates,"Executive Vice President, Market Solutions and President",president,appointment,will become,"Mr. Yates, age 53, will become Executive Vice President, Market Solutions and President, Carolinas Region."
0001104659-16-100726,1,Charles W. Moorman,director,director,election,elect,"On February 25, 2016, Charles W. Moorman was appointed to the Board of Directors (the “Board”) of Duke Energy Corporation (the “Corporation”), effective March 1, 2016."
0001104659-16-100726,2,Charles W. Moorman,Chief Executive Officer,CEO,departure,retired,"On December 31, 2015, Mr. Moorman retired as Chairman and Chief Executive Officer of Norfolk Southern Corporation where he was named President and Chief Executive Officer in 2005, Chairman, President and Chief Executive Officer in 2006, and Chairman and Chief Executive Officer in June 2013."
0001104659-16-110903,1,Mr. Dhiaa,Executive Vice President and Chief Operating Officer,COO,appointment,appointed,"On April 12, 2016, Duke Energy Corporation (the “Corporation”) announced that Mr. Dhiaa M. Jamil has been appointed as Executive Vice President and Chief Operating Officer, effective May 1, 2016, and that Mr. William E. Currens Jr. has been appointed as Senior Vice President, Chief Accounting Officer and Controller, effective May 16, 2016."
0001104659-16-110903,2,Mr. Brian,"Controller, has been appointed as Senior Vice President",PAO,appointment,appointed,"Mr. Brian D. Savoy, currently Senior Vice President, Chief Accounting Officer and Controller, has been appointed as Senior Vice President, Business Transformation and Technology, also effective May 16, 2016."
0001104659-16-119780,1,Currens Jr,"Senior Vice President, Chief Accounting Officer and Controller",PAO,appointment,appointed,"(e) On April 12, 2016, Duke Energy Corporation (“Duke Energy”) announced that Mr. William E. Currens Jr. has been appointed to the position of Senior Vice President, Chief Accounting Officer and Controller, effective May 16, 2016."
0001326160-16-000368,1,"William E. Webster, Jr.",director,director,election,elect,"On August 25, 2016, William E. Webster, Jr. was appointed to the Board of Directors (the “Board”) of Duke Energy Corporation (the “Corporation”), effective September 1, 2016."
0001326160-16-000368,2,Mr. Webster,director,director,election,elect,"Mr. Webster has been appointed to the Nuclear Oversight Committee and Regulatory Policy and Operations Committee of the Board effective September 1, 2016."
0001104659-16-148226,1,Mr. Skains,director,director,election,elect,"Pursuant to the Merger Agreement, Mr. Skains was appointed to the Board of Directors of Duke Energy (the “ Board ”), effective as of the Effective Time."
0001326160-17-000011,1,"Theodore F. Craver, Jr.",director,director,election,elect,"On February 23, 2017, Theodore F. Craver, Jr. was appointed to the Board of Directors (the “Board”) of Duke Energy Corporation (the “Corporation”), effective March 1, 2017."
0001326160-17-000011,2,Mr. Craver,director,director,election,elect,"Mr. Craver has been appointed to the Finance and Risk Management Committee and Regulatory Policy and Operations Committee of the Board, effective March 1, 2017."
0001104659-17-053547,1,Michael J. Angelakis,Board of Directors,director,departure,resign,"On August 24, 2017, director Michael J. Angelakis notified Duke Energy Corporation (the “Corporation”) that effective August 25, 2017, he would resign from the Corporation’s Board of Directors due to increased external business commitments."
0001326160-17-000184,1,Robert M. Davis,director,director,election,elect,"On December 14, 2017, Robert M. Davis was appointed to the Board of Directors (the “Board”) of Duke Energy Corporation (the “Corporation”), effective January 8, 2018."
0001326160-17-000184,2,Robert M. Davis,director,director,election,elect,Mr. Davis has been appointed to the Board’s Audit Committee and Finance and Risk Management Committee.
0001326160-19-000166,1,Nicholas C. Fanandakis,director,director,election,elect,"On June 26, 2019, Nicholas C. Fanandakis was appointed to the Board of Directors (the “Board”) of Duke Energy Corporation (”Duke Energy”), effective immediately."
0001326160-19-000166,2,Nicholas C. Fanandakis,director,director,election,elect,Mr. Fanandakis has been appointed to the Board’s Audit Committee and Finance and Risk Management Committee.
0001410578-19-000740,1,External Affairs,"Chief Legal Officer, will become Executive Vice President, External Affairs and President",president,appointment,will become,"Effective October 1, 2019, Ms. Julie S. Janson, currently Executive Vice President, External Affairs and Chief Legal Officer, will become Executive Vice President, External Affairs and President, Carolinas Region."
0001326160-21-000105,1,William E. Kennard,director,director,departure,not to stand for re-election,"Neither director’s decision not to stand for re-election was the result of any disagreement with the Corporation on any matter relating to the operation, policies, or practices of the Corporation."
0001104659-21-043714,1,Mr. Dwight,"Controller, has been appointed as Senior Vice President, Supply Chain and Chief Procurement Officer",PAO,appointment,appointed,"On March 30, 2021, the Corporation also announced that Mr. Dwight L. Jacobs, currently Senior Vice President, Tax, Chief Accounting Officer and Controller, has been appointed as Senior Vice President, Supply Chain and Chief Procurement Officer, effective May 16, 2021, and that Ms. Cynthia S. Lee has been appointed as Vice President, Chief Accounting Officer and Controller, also effective May 16, 2021."
0001104659-21-064570,1,Ms. Cynthia,"Vice President, Chief Accounting Officer and Controller",PAO,appointment,appointed,"(e) On March 30, 2021, Duke Energy Corporation (the “Corporation”) announced that Ms. Cynthia S. Lee has been appointed to the position of Vice President, Chief Accounting Officer and Controller, effective May 16, 2021."
0001326160-21-000219,1,Mr. Douglas,"Executive Vice President, Energy Solutions and President",president,departure,retired,"On September 22, 2021, Duke Energy Business Services, LLC, a subsidiary of Duke Energy Corporation, entered into a Consulting Agreement (the “Consulting Agreement”) with Mr. Douglas F Esamann, who retired as Executive Vice President, Energy Solutions and President, Midwest/Florida Regions and Natural Gas Business effective August 1, 2021."
0001104659-21-138544,1,Dr. Kesner,director,director,election,elect,"New Director On November 13, 2021 the Board appointed Dr. Kesner to the Board, effective November 15, 2021, with an initial term expiring at the 2022 Annual Meeting."
0001104659-21-138544,2,Dr. Kesner,director,director,election,elect,"There are no arrangements or understandings between Dr. Kesner and any other person pursuant to which Dr. Kesner was elected to the Board, other than with respect to the matters referred to in"
0001193125-12-277735,1,North America Sales,Executive Vice President,other_exec,departure,decided to leave,"Keith Block, Executive Vice President, North America Sales and Consulting, and a named executive officer of Oracle Corporation (“Oracle”), has decided to leave Oracle and pursue other opportunities."
0001193125-13-037562,1,Donald L. Lucas,Board of Directors,director,departure,resignation,"On February 4, 2013, Donald L. Lucas notified Oracle Corporation (the “Corporation”) that, after more than 30 years of service to the Corporation, he is retiring and has tendered his resignation as a member of the Corporation’s Board of Directors and any committees thereof, effective immediately."
0001373715-22-000309,1,Dennis M. Woodside,Board of Directors (the “Board,director,departure,resignation,"(b) On August 22, 2022, Dennis M. Woodside informed ServiceNow, Inc. (the “Company”) of his resignation from the Board of Directors (the “Board”), effective as of August 26, 2022."
0001373715-22-000329,1,Sukumar Rathnam,"Board of Directors (the ""Board",director,departure,resignation,"On October 23, 2022, Sukumar Rathnam informed ServiceNow, Inc. of his resignation from the Board of Directors (the ""Board""), effective as of December 1, 2022."
0001373715-23-000016,1,Mr. Desai,President and Chief Operating Officer,COO,appointment,promoted,There are no arrangements or understandings between Mr. Desai and any other person pursuant to which Mr. Desai was promoted as President and Chief Operating Officer.
0001373715-23-000162,1,,director,director,election,elect,"On April 25, 2023, the Board of Directors (the “Board”) of the ServiceNow, Inc. (the “Company”) expanded the size of the Board from ten to eleven members and appointed Deborah Black to serve as a director."
0001373715-23-000162,2,Deborah Black,director,director,election,elect,"Ms. Black has not been, and is not expected to be, named to any committee of the Board at this time."
0001373715-23-000162,3,Lara Caimi,Chief Customer Officer,other_exec,departure,resign,"Separately, on April 24, 2023, Lara Caimi notified the Company of her decision to resign as Chief Customer Officer and GM, Impact and Services, effective May 31, 2023, in order to pursue another career opportunity."
0001373715-24-000269,1,Mr. Desai,President and Chief Operating Officer,COO,departure,resignation,"Separation Agreement with President and Chief Operating Officer In connection with his mutually agreed resignation, Mr. Desai and the Company entered into a separation and release agreement (the “Separation Agreement”), dated as of July 24, 2024."
0001373715-24-000269,2,Chris Bedi,Chief Product Officer,other_exec,appointment,Appointment,"Appointment of Interim Chief Product Officer The Company has appointed Chris Bedi as Interim Chief Product Officer, effective immediately."
0001373715-24-000342,1,Amit Zavery,President Chief Product Officer Chief Operating Officer,COO,departure,departure,"In addition, to replace the estimated value of outstanding equity from his prior employer that will be forfeited upon his departure, the Employment Agreement provides that Mr. Zavery is eligible to receive a grant of Company equity with a grant date value of $29,000,000 that will consist of a time-based restricted stock unit award (the “ RSU Grant ”) and a performance-based restricted stock unit award (the “ PRSU Grant ”)."
0001373715-24-000342,2,Amit Zavery,"President, Chief Product Officer and Chief Operating Officer",COO,appointment,appointed,"There are no arrangements or understandings between Mr. Zavery and any other persons, pursuant to which he was appointed President, Chief Product Officer and Chief Operating Officer."
0001193125-22-004090,1,Scott Rosenberg,Senior Vice President,other_exec,departure,step down,"On January 7, 2022, Roku, Inc. (the “Company”) announced that Scott Rosenberg, Senior Vice President and General Manager of Platform Business, advised the Company that he plans to step down sometime in the spring of 2022."
0001193125-22-004090,2,Scott Rosenberg,Senior Vice President,other_exec,departure,departure,A copy of the Company’s press release announcing Mr. Rosenberg’s expected departure is attached hereto as Exhibit 99.1 and is incorporated herein by reference.
0001428439-22-000033,1,Steve Louden,Chief Financial Officer,CFO,departure,leave the Company,"On October 31, 2022, Steve Louden, Chief Financial Officer of Roku, Inc. (the “Company”), advised us that after helping us recruit and transition his role to a successor he plans to leave the Company."
0001428439-22-000038,1,Matthew Banks,"Vice President, Corporate Controller and Chief Accounting Officer",PAO,appointment,appointed,"On December 13, 2022, Roku, Inc. (the “Company”) appointed Matthew Banks as the Company’s Vice President, Corporate Controller and Chief Accounting Officer."
0001428439-22-000038,2,Matthew Banks,principal accounting officer,PAO,appointment,will serve as,"In his new role, Mr. Banks will serve as the Company’s principal accounting officer."
0001193125-23-063903,1,Dan Jedda,Chief Financial Officer,CFO,appointment,appointment,"On March 8, 2023, Roku, Inc. (the “Company”) announced the appointment of Dan Jedda, 51, as the Company’s Chief Financial Officer, effective May 1, 2023 (the “Effective Date”)."
0001193125-23-063903,2,Stitch Fix,Chief Financial Officer,CFO,departure,step down,"Mr. Jedda has served as the Chief Financial Officer of Stitch Fix, Inc. since December 2020 and will step down from that role in April 2023."
0001193125-21-008667,1,Deval Patrick,director,director,election,elect,"Appointment of New Director On January 13, 2021, the Board of Directors (the “Board”) of Twilio Inc. (“Twilio”) appointed Deval Patrick to the Board as a Class III director."
0001193125-21-008667,2,Deval Patrick,director,director,election,elect,There is no arrangement or understanding between Mr. Patrick and any other persons pursuant to which Mr. Patrick was appointed as a director.
0001193125-21-049966,1,Karyn Smith,General Counsel,other_exec,departure,resign,"(b) On February 16, 2021, Karyn Smith, General Counsel of Twilio Inc. (the “ Company ”), informed the Company of her intent to resign from her position."
0001193125-21-091239,1,Deval Patrick,director,director,election,elect,"On January 13, 2021, the Board of Directors (the “Board”) of Twilio Inc. (“Twilio”) appointed Deval Patrick to the Board as a Class III director."
0001193125-21-091239,2,Deval Patrick,director,director,election,elect,"This Current Report on Form 8-K/A amends the Initial Form 8-K to disclose that on March 17, 2021, the Board of Twilio appointed Mr. Patrick to serve on the Compensation Committee of the Board effective April 1, 2021 to fill the vacancy created by Richard Dalzell’s resignation from the Compensation Committee effective April 1, 2021."
0001447669-21-000122,1,Chee Chew,Chief Product Officer,other_exec,departure,resign,"(b) On April 30, 2021, Chee Chew informed the Company of his intention to resign from his position as Chief Product Officer, effective May 17, 2021."
0001447669-21-000263,1,George Hu,Chief Operating Officer,COO,departure,resign,"(b) On October 25, 2021, George Hu informed the Company of his intention to resign from his position as Chief Operating Officer."
0001447669-21-000263,2,George Hu,Chief Operating Officer,COO,appointment,to serve as,"Mr. Hu agreed to serve as Chief Operating Officer until October 27, 2021, following which he will remain at the Company as a strategic advisor to help with the transition until January 3, 2022."
0001447669-21-000263,3,Khozema Shipchandler,Chief Operating Officer,COO,appointment,appointed,"(c) Effective October 27, 2021, Khozema Shipchandler, who has served as the Company’s Chief Financial Officer since November 1, 2018, has been appointed to the position of Chief Operating Officer."
0001447669-21-000296,1,Karyn Smith,General Counsel,other_exec,departure,resignation,"(b) On December 8, 2021, Karyn Smith, General Counsel of Twilio Inc. (the “ Company ”), informed the Company that her resignation from her position will be effective January 7, 2022."
0001447669-22-000094,1,Elena Donio,board of directors (the “Board,director,departure,resign,"(b) On April 28, 2022, Elena Donio, informed the Company of her intention to resign from the Company’s board of directors (the “Board”) and the Company’s Compensation and Talent Management Committee."
0001447669-22-000094,2,Elena Donio,board of directors,director,departure,resignation,"The Board accepted Ms. Donio’s resignation on April 29, 2022."
0001447669-22-000094,3,Elena Donio,board of directors,director,departure,resignation,"Ms. Donio’s resignation did not result from any disagreements with the Company on any matter relating to its operations, policies or practices."
0001447669-22-000094,4,Elena Donio,Board reduced the size of the Board,director,departure,resignation,"Effective as of the time of Ms. Donio’s resignation on April 29, 2022, the Board reduced the size of the Board to eight members."
0001447669-22-000094,5,Marc D. Boroditsky,Chief Revenue Officer,other_exec,departure,resign,"On April 28, 2022, Marc D. Boroditsky notified the Company of his intention to resign from his position as the Chief Revenue Officer of the Company effective immediately."
0001447669-22-000141,1,Miyuki Suzuki,director,director,election,elect,"Appointment of New Director On August 4, 2022, the Board of Directors (the “Board”) of Twilio appointed Miyuki Suzuki to the Board as a Class III director."
0001447669-22-000141,2,Miyuki Suzuki,director,director,election,elect,There is no arrangement or understanding between Ms. Suzuki and any other persons pursuant to which Ms. Suzuki was appointed as a director.
0001447669-22-000212,1,Miyuki Suzuki,director,director,election,elect,"On August 4, 2022, the Board of Directors (the “Board”) of Twilio Inc. (“Twilio”) appointed Miyuki Suzuki to the Board as a Class III director."
0001447669-22-000212,2,Miyuki Suzuki,director,director,election,elect,"This Current Report on Form 8-K/A amends the Initial Form 8-K to disclose that on December 8, 2022, the Board appointed Ms. Suzuki to serve on the Compensation and Talent Management Committee of the Board (the “Compensation Committee”), effective December 8, 2022."
0001193125-23-034646,1,Twilio Data,President of Twilio Data & Applications and President,president,appointment,Appointment,"Appointment of President of Twilio Data & Applications and President of Twilio Communications On February 10, 2023, in connection with the Reorganization (as defined below), the Company’s board of directors (the “ Board ”) appointed Elena Donio as President, Twilio Data & Applications, effective March 1, 2023."
0001193125-23-034646,2,Elena Donio,President,president,departure,cease serving,"When her appointment as President, Twilio Data & Analytics takes effect, Ms. Donio will cease serving as President of Revenue."
0001193125-23-034646,3,Khozema Shipchandler,Board appointed Khozema Shipchandler as President,president,appointment,appointed,"On February 10, 2023, in connection with the Reorganization (as defined below), the Board appointed Khozema Shipchandler as President, Twilio Communications, effective March 1, 2023."
0001193125-23-034646,4,Khozema Shipchandler,"Chief Operating Officer, principal financial and accounting officer",COO,departure,cease serving,"When his appointment as President, Twilio Communications takes effect, Mr. Shipchandler will cease serving as Chief Operating Officer, principal financial and accounting officer."
0001193125-23-034646,5,Aidan Viggiano,"Chief Financial Officer On February 10, 2023, the Board",CFO,appointment,Appointment,"Appointment of Chief Financial Officer On February 10, 2023, the Board appointed Aidan Viggiano, 43, as the Company’s Chief Financial Officer, effective March 1, 2023."
0001193125-23-034646,6,Aidan Viggiano,Chief Financial Officer,CFO,appointment,appointment,"In connection with and subject to Ms. Viggiano’s appointment as Chief Financial Officer, the Compensation and Talent Management Committee approved the terms of an offer letter (the “ CFO Offer Letter ”), which the Company entered into with Ms. Viggiano on February 10, 2023, setting forth the terms of her employment and compensation."
0001193125-23-034646,7,Aidan Viggiano,Chief Financial Officer,CFO,appointment,appointment,"Further, upon the effective date of her appointment as Chief Financial Officer, Ms. Viggiano will be eligible to receive an award of restricted stock units (the “ RSU Award ”) with an aggregate value of approximately $3,000,000."
0001193125-23-034646,8,Aidan Viggiano,Chief Financial Officer,CFO,appointment,appointment,"Ms. Viggiano will also enter into the Company’s standard form of indemnification agreement on or prior to the effective date of her appointment as Chief Financial Officer, a copy of which is has previously been filed on February 26, 2021, as Exhibit 10.1 to the Company’s Annual Report on Form 10-K and will continue as a participant in the Company’s Key Executive Severance Plan, a copy of which has previously been filed on May 10, 2018, as Exhibit 10.2 to the Company’s Quarterly Report on Form 10"
0001193125-23-034646,9,Aidan Viggiano,Chief Financial Officer,CFO,appointment,appointed,There are no other arrangements or understandings between Ms. Viggiano and any other persons pursuant to which Ms. Viggiano was appointed as the Company’s Chief Financial Officer.
0001447669-23-000025,1,Eyal Manor,Chief Product Officer,other_exec,departure,resign,"On February 14, 2023, Eyal Manor informed the Company of his decision to resign as the Company’s Chief Product Officer, effective February 28, 2023."
0001193125-23-045159,1,Aidan Viggiano,Chief Financial Officer,CFO,appointment,will become,"Compensation Arrangements of Certain Officers On February 22, 2023, the Committee approved the grant of cash-based awards to certain of its named executive officers as well as to Aidan Viggiano, who will become the Company’s Chief Financial Officer effective March 1, 2023 (together, the “Cash Awards”)."
0001447669-23-000075,1,Richard Dalzell,Director,director,departure,Resignation,"Resignation of Director On March 27, 2023, Richard Dalzell notified Twilio Inc. (the “Company”) of his decision to not stand for re-election as a member of the Company’s Board of Directors (the “Board”) at the Company’s 2023 Annual Meeting of Stockholders (the “Annual Meeting”)."
0001447669-23-000075,2,Charles Bell,director,director,election,elect,"Appointment of New Director On March 28, 2023, the Board, upon the recommendation of its Nominating and Corporate Governance Committee, appointed Charles Bell to the Board as a Class I director."
0001447669-23-000075,3,Charles Bell,director,director,election,elect,"In connection with Mr. Bell’s appointment, the Company temporarily increased the size of the Board from nine to ten members and the size of Class I of the Board to four directors until the Annual Meeting."
0001447669-23-000075,4,Richard Dalzell,Board will be automatically decreased to nine directors,director,departure,not to stand for re-election,"In connection with the decision of Mr. Dalzell not to stand for re-election, the size of the Board will be automatically decreased to nine directors, with the size of Class I decreased to three directors, effective as of the Annual Meeting."
0001447669-23-000075,5,Charles Bell,director,director,election,elect,There is no arrangement or understanding between Mr. Bell and any other persons pursuant to which Mr. Bell was appointed as a director.
0001447669-23-000224,1,Elena Donio,President,president,departure,resign,"On November 3, 2023, Elena Donio informed the Company of her intention to resign as President, Twilio Data & Applications, effective December 15, 2023."
0001447669-23-000224,2,Elena Donio,Chief Executive Officer,CEO,departure,resignation,"Upon the effectiveness of Ms. Donio’s resignation, Jeff Lawson, the Company’s Chief Executive Officer, will run the Twilio Data & Applications business unit until Ms. Donio’s replacement is appointed."
0001447669-23-000241,1,,director,director,election,elect,The Plan is administered by the Board or a committee appointed by the Board (the “ Administrator ”).
0001193125-24-004000,1,Jeff Lawson,CEO and Director,CEO,departure,Resignation,"Resignation of Jeff Lawson and Appointment of Khozema Shipchandler as CEO and Director On January 7, 2024, Jeff Lawson resigned as the Company’s Chief Executive Officer (“ CEO ”) and as a member of the Company’s Board of Directors (the “ Board ”) and as Board Chair, in each case, effective January 8, 2024."
0001193125-24-004000,2,Jeff Lawson,Board,director,departure,resign,"Mr. Lawson’s decision to resign from the Board did not result from any disagreement with the Company on any matter relating to the Company’s operations, policies or practices."
0001193125-24-004000,3,Khozema Shipchandler,"President, Twilio Communications upon his promotion to CEO",CEO,departure,cease serving,"Mr. Shipchandler will not be entitled to compensation in connection with his Board service and will cease serving as President, Twilio Communications upon his promotion to CEO."
0001193125-24-004000,4,Jeff Lawson,CEO,CEO,departure,resignation,"Mr. Shipchandler previously entered into the Company’s standard form of indemnification agreement, a copy of which has previously been filed on February 26, 2021, as Exhibit 10.1 to the Company’s Annual Report on Form 10-K. Lawson Separation Agreement The Company entered into a separation agreement with Mr. Lawson (the “ Lawson Separation Agreement ”) in connection with his resignation as CEO."
0001193125-24-082747,1,Andy J. Stafman,director,director,election,elect,"On March 30, 2024, Andy J. Stafman was appointed to the Board as a Class II director, effective immediately."
0001193125-24-082747,2,Andy J. Stafman,director,director,election,elect,"There is no arrangement or understanding between Mr. Stafman and any other persons pursuant to which Mr. Stafman was appointed as a director, other than with respect to the matters referred to in"
0001193125-24-086510,1,Byron Deeter,board of directors,director,departure,retire,"On April 3, 2024, Byron Deeter, an independent member of the board of directors (the “Board”) of Twilio Inc. (“we,” “us,” “our,” the “Company” and other similar terms), notified the Board of his decision to retire from, and not stand for re-election to, the Board effective as of the expiration of his current term immediately prior to the Company’s 2024 annual meeting of stockholders (the “2024 Annual Meeting”)."
0001193125-24-086510,2,Byron Deeter,Board,director,departure,retire,"Mr. Deeter’s decision to retire from the Board was not due to any disagreement with the Company, the Board or management of the Company regarding any matter related to the Company’s operations, policies, practices or otherwise."
0001193125-24-086510,3,Byron Deeter,Board,director,departure,retirement,"Following Mr. Deeter’s retirement, the size of the Board will be reduced from ten to nine members and the size of Class II of the Board will be reduced from four to three directors."
0001193125-20-068719,1,Kellye L. Walker,Executive Vice President and Chief Legal Officer,other_exec,departure,depart,"On March 6, 2020, Kellye L. Walker, Executive Vice President and Chief Legal Officer, notified Huntington Ingalls Industries, Inc. (the “Company”) that she intends to depart from the Company effective on March 31, 2020 in order to pursue other opportunities."
0001193125-20-068719,2,Kellye L. Walker,Executive Vice President and Chief Legal Officer,president,departure,succeed/replace,"Chad Boudreaux, who currently serves as Corporate Vice President and Chief Litigation, Compliance and Privacy Officer, will succeed Ms. Walker as Executive Vice President and Chief Legal Officer, effective on April 1, 2020."
0001193125-20-321598,1,Christopher D. Kastner,director,director,election,elect,"Huntington Ingalls Industries, Inc. (the “Company”) has announced that Christopher D. Kastner, Executive Vice President and Chief Financial Officer, has been elected by the board of directors to a newly created position, Executive Vice President and Chief Operating Officer, effective as of February 12, 2021."
0001193125-20-321598,2,Christopher D. Kastner,Executive Vice President and Chief Financial Officer,CFO,departure,succeed/replace,"The Company also announced that Thomas E. Stiehle, Vice President and Chief Financial Officer of the Company’s Ingalls Shipbuilding division, has been elected by the board of directors to succeed Mr. Kastner as Executive Vice President and Chief Financial Officer, effective as of February 12, 2021."
0001193125-21-013212,1,Stephanie L. O’Sullivan,director,director,election,elect,"On January 15, 2021, the Board of Directors of Huntington Ingalls Industries, Inc. (the “Company”) elected Stephanie L. O’Sullivan as a member of the Board of Directors, effective immediately, with a term expiring at the 2021 annual meeting of stockholders."
0001193125-21-072840,1,Brian J. Cuccias,Executive Vice President President,president,departure,retirement,"In connection with Mr. Cuccias’ retirement, the Compensation Committee of the Company’s Board of Directors approved a grant of restricted stock rights (RSRs”) to Mr. Cuccias valued at $200,000 to be issued on April 1, 2021."
0001193125-21-072840,2,Brian J. Cuccias,Executive Vice President and President,president,departure,succeed/replace,"Kara R. Wilkinson was elected by the Company’s Board of Directors to succeed Mr. Cuccias as Executive Vice President and President, Ingalls Shipbuilding, effective April 1, 2021."
0001193125-21-072840,3,Kara R. Wilkinson,Vice President,other_exec,departure,retirement,"Ms. Wilkinson currently serves as Vice President, Programs, Ingalls Shipbuilding, A copy of the Company’s press release announcing the retirement of Mr. Cuccias is attached hereto as Exhibit 99.1 and incorporated herein by reference."
0001193125-22-024572,1,Frank R. Jimenez,director,director,election,elect,"(d) On January 27, 2022, the Board of Directors (the “Board”) of Huntington Ingalls Industries, Inc. (the “Company”) elected Frank R. Jimenez as a member of the Board, effective immediately, with a term expiring at the 2022 annual meeting of stockholders."
0001193125-22-023552,1,Christopher D. Kastner,director,director,election,elect,"(b) – (d) Huntington Ingalls Industries, Inc. (the “Company”) has announced that Christopher D. Kastner, currently Executive Vice President and Chief Operating Officer of the Company, has been elected by the Company’s board of directors (the “Board”) to become (i) President and Chief Executive Officer of the Company and (ii) a member of the Board, both effective as of March 1, 2022."
0001193125-22-023552,2,Michael Petters,President and Chief Executive Officer (Principal Executive Officer,CEO,departure,retire,"He replaces C. Michael Petters, who will retire from his role as President and Chief Executive Officer (Principal Executive Officer) effective as of March 1, 2022."
0001193125-22-023552,3,Michael Petters,President and Chief Executive Officer (Principal Executive Officer,CEO,departure,succeed/replace,"He replaces C. Michael Petters, who will retire from his role as President and Chief Executive Officer (Principal Executive Officer) effective as of March 1, 2022."
0001193125-22-023552,4,Michael Petters,Chief Executive Officer,CEO,departure,stepping down,"After stepping down from the Chief Executive Officer position, Mr. Petters will continue as an employee of the Company for a transition period, under compensation terms to be established at the next meeting of the Compensation Committee of the Board."
0001193125-22-023552,5,Michael Petters,director,director,election,elect,"The Company also announced that Mr. Petters has been elected by the Board to become Executive Vice Chairman of the Board, effective as of March 1, 2022."
0001193125-22-065623,1,Michael Petters,President and Chief Executive Officer (Principal Executive Officer,CEO,departure,retire,"(e) On January 31, 2022, Huntington Ingalls Industries, Inc. (the “Company”) filed a Current Report on Form 8-K disclosing that C. Michael Petters would retire from his position as President and Chief Executive Officer (Principal Executive Officer) and transition to his new position as an employee of the Company and Executive Vice Chairman of the Board of Directors, effective March 1, 2022."
0001193125-22-200081,1,Philip M. Bilden,Board of Directors,director,departure,resign,"(b) On and effective July 20, 2022, Philip M. Bilden informed Huntington Ingalls Industries, Inc. (the “Company”) of his decision to resign from the Company’s Board of Directors."
0001193125-22-301591,1,Leo P. Denault,director,director,election,elect,"(d) On December 5, 2022, the Board of Directors (the “Board”) of Huntington Ingalls Industries, Inc. (the “Company”) elected Leo P. Denault as a member of the Board, effective immediately, with a term expiring at the 2023 annual meeting of stockholders."
0001193125-22-309155,1,Michael Petters,Board of Directors,director,departure,retire,"(b) On December 16, 2022, C. Michael Petters informed Huntington Ingalls Industries, Inc. (the “Company”) of his decision to retire from the Company’s Board of Directors effective December 31, 2022."
0001193125-22-309155,2,Michael Petters,Executive Vice President and Vice Chair,other_exec,departure,retire,He will also retire from his position as Executive Vice President and Vice Chair.
0001193125-23-251587,1,Admiral Craig,director,director,election,elect,"(d) On October 2, 2023, the Board of Directors (the “Board”) of Huntington Ingalls Industries, Inc. (the “Company”) elected Admiral Craig S. Faller (RET) as a member of the Board, effective October 3, 2023, with a term expiring at the 2024 annual meeting of stockholders."
0001510295-17-000011,1,,director,director,election,elect,"On January 27, 2017, the Board of Directors (the “Board”) of Marathon Petroleum Corporation (the “Company”) increased the size of the Board to twelve members and elected J. Michael Stice as a director of the Company, with such increase in the size of the Board and election effective as of February 22, 2017."
0001510295-17-000028,1,Randy S. Nickerson,Executive Vice President named executive officer,other_exec,departure,retire,"On March 15, 2017, Marathon Petroleum Corporation (""MPC"") announced that Randy S. Nickerson, Executive Vice President, Corporate Strategy, and a named executive officer in MPC's 2016 proxy statement, will retire effective April 1, 2017."
0001510295-17-000059,1,Donald C. Templin,president,president,appointment,appointed,"On May 30, 2017, the board of directors of the Marathon Petroleum Corporation (the “Company”) appointed Donald C. Templin to serve as president of the Company, effective July 1, 2017."
0001510295-17-000059,2,Donald C. Templin,director,director,election,elect,"Mr. Templin was appointed vice president, chief financial officer and elected a member of the board of directors of the General Partner in June 2012."
0001510295-17-000059,3,Donald C. Templin,executive vice president,other_exec,appointment,appointed,"He was appointed executive vice president of the General Partner and executive vice president, supply, transportation and marketing of the Company in March 2015, and assumed his current positions in January 2016."
0001510295-17-000059,4,Donald C. Templin,president,president,departure,cease to serve,"Mr. Templin will cease to serve as president of the General Partner on June 20, 2017 but will continue to serve on the board of directors of the General Partner."
0001510295-17-000059,5,Donald C. Templin,executive vice president,other_exec,departure,retirement,"Mr. Templin will continue to receive an annual base salary from MPC and is eligible to participate in MPC’s annual cash bonus program and long-term incentive compensation plan, as well as other benefit plans and programs such as health and life insurance, income protection by means of long-term and short-term disability and retirement and severance benefits plans."
0001510295-17-000059,6,Gary R. Heminger,president,president,departure,cease to serve,"Effective July 1, 2017, Gary R. Heminger will cease to serve as president of the Company but will continue to serve as chairman of board directors and chief executive officer."
0001510295-18-000146,1,Michael Palmer,Senior Vice President named executive officer,other_exec,departure,retire,"On August 10, 2018, Marathon Petroleum Corporation (“MPC”) announced that C. Michael Palmer, Senior Vice President, Supply, Distribution, and Planning, and a named executive officer in MPC’s 2018 annual meeting proxy statement, will retire effective January 1, 2019."
0001193125-18-289740,1,Frank M. Semple,Board,director,departure,no longer serve,"Upon such appointments and pursuant to MPC’s requirements under the Merger Agreement, Donna A. James and Frank M. Semple will no longer serve as members of the MPC Board."
0001193125-18-289740,2,Donna A. James,Board,director,departure,departure,"Neither of these departures were as a result of any disagreement with MPC, its management or the MPC Board."
0001193125-18-289740,3,Frank M. Semple,director,director,election,elect,"Additionally, Mr. Semple has been appointed to serve on the board of directors of the general partner of Andeavor Logistics LP."
0001193125-18-289740,4,Gregory J. Goff,director,director,election,elect,Mr. Goff was appointed by the MPC Board to the position of Executive Vice Chairman of MPC.
0001193125-18-289740,5,Donald C. Templin,Board appointed Donald C. Templin as President,president,appointment,appointed,"Effective October 1, 2018, the MPC Board appointed Donald C. Templin as President of Refining, Marketing and Supply."
0001193125-18-289740,6,Donald C. Templin,President,president,appointment,appointment,"Prior to this appointment, Mr. Templin served as President of MPC."
0001510295-19-000007,1,Michael Palmer,Executive Vice President,other_exec,departure,retired,"C. Michael Palmer Award Acceleration Consistent with previous disclosure by the Company, C. Michael Palmer, Executive Vice President, retired on January 1, 2019."
0001510295-19-000078,1,Timothy T. Griffith,"Chief Financial Officer, has been appointed as MPC's President",CFO,appointment,appointed,"Timothy T. Griffith, currently MPC's Senior Vice President and Chief Financial Officer, has been appointed as MPC's President, Speedway LLC, effective July 1, 2019."
0001510295-19-000078,2,Anthony R. Kenney,Executive Vice President,other_exec,departure,retirement,Mr. Kenney will become Executive Vice President supporting the Speedway transition and other strategic projects until his retirement.
0001510295-19-000078,3,Timothy T. Griffith,principal financial officer,CFO,departure,cease to serve,"Upon the effectiveness of this appointment, Mr. Griffith will cease to serve as principal financial officer of MPC."
0001510295-19-000078,4,Donald C. Templin,Executive Vice President and Chief Financial Officer,CFO,appointment,appointed,"Donald C. Templin, currently MPC's President, Refining, Marketing and Supply, has been appointed as MPC’s Executive Vice President and Chief Financial Officer, effective July 1, 2019."
0001510295-19-000078,5,Donald C. Templin,principal financial officer,CFO,appointment,will serve as,"Mr. Templin will serve as the principal financial officer of MPC effective July 1, 2019."
0001104659-20-045597,1,Abhishek Maheshwari,principal accounting officer,PAO,appointment,appointed,"(c) On April 9, 2020, the Board of Directors (the “Board”) of CrowdStrike Holdings, Inc. (the “Company” or “CrowdStrike”) appointed Abhishek Maheshwari as CrowdStrike’s principal accounting officer, effective immediately."
0001104659-20-045597,2,Abhishek Maheshwari,principal accounting officer,PAO,appointment,appointment,"There were no new compensatory arrangements or modifications to existing compensatory arrangements, nor were there any grants or awards made to Mr. Maheshwari, in connection with his appointment as the Company’s principal accounting officer."
0001104659-20-045597,3,Abhishek Maheshwari,principal accounting officer,PAO,appointment,appointed,"There is no arrangement or understanding with any person pursuant to which Mr. Maheshwari was appointed as principal accounting officer, and there are no family relationships between Mr. Maheshwari and any director or executive officer of CrowdStrike."
0001104659-20-074711,1,Joseph Landy,Board of Directors,director,departure,resign,"(b) On June 18, 2020, Joseph Landy announced his decision to resign as a member of the Board of Directors of CrowdStrike Holdings, Inc., effective on June 30, 2020."
0001104659-20-132008,1,Laura J. Schumacher,director,director,election,elect,"(d) On November 30, 2020, the Board of Directors (the “Board”) of CrowdStrike Holdings, Inc. (the “Company”) appointed Laura J. Schumacher as a member of the Board to serve until the 2022 annual meeting of the Company’s stockholders, effective immediately, and increased the number of directors serving on the Board from eight to nine."
0001104659-20-132008,2,Laura J. Schumacher,director,director,election,elect,"Upon her appointment to the Board, Ms. Schumacher was also appointed as a member of the Nominating and Corporate Governance Committee of the Board."
0001104659-20-132008,3,Laura J. Schumacher,director,director,election,elect,"There is no arrangement or understanding with any person pursuant to which Ms. Schumacher was appointed as a member of the Board, and there are no family relationships between Ms. Schumacher and any director or executive officer of the Company."
0001104659-21-101531,1,Abhishek Maheshwari,Chief Accounting Officer principal accounting officer,PAO,departure,resign,"(b) On August 4, 2021, Abhishek Maheshwari, the Chief Accounting Officer and principal accounting officer of CrowdStrike Holdings, Inc. (“CrowdStrike”), notified CrowdStrike of his decision to resign effective September 20, 2021."
0001104659-21-117007,1,Abhishek Maheshwari,Chief Accounting Officer principal accounting officer,PAO,departure,resign,"(c) As previously reported, on August 4, 2021, Abhishek Maheshwari, the Chief Accounting Officer and principal accounting officer of CrowdStrike Holdings, Inc. (the “Company”) notified the Company of his decision to resign effective as of September 20, 2021, in order to pursue other career opportunities."
0001104659-21-117007,2,Abhishek Maheshwari,Chief Accounting Officer principal accounting officer,PAO,departure,decision to leave,"Mr. Maheshwari’s decision to leave the Company is not a result of any disagreement with the Company’s independent auditors or any member of management on any matter of accounting principles or practices, financial statement disclosure or internal controls."
0001104659-21-117007,3,Abhishek Maheshwari,Chief Accounting Officer principal accounting officer,PAO,departure,resignation,"In connection with Mr. Maheshwari’s resignation, Burt W. Podbere, the Company’s Chief Financial Officer, has been appointed as the Company’s principal accounting officer effective as of September 20, 2021."
0001104659-21-129072,1,Colin Black,Chief Operating Officer and as an executive officer,COO,departure,ceased serving,"(e) As previously reported, on October 1, 2021, Colin Black, a named executive officer for CrowdStrike Holdings, Inc. (“CrowdStrike”), transitioned to a part-time role and ceased serving as CrowdStrike’s Chief Operating Officer and as an executive officer, for personal health reasons."
0001104659-21-154724,1,Joseph Sexton,board of directors,director,departure,resign,"(b) On December 27, 2021, Joseph Sexton notified CrowdStrike Holdings, Inc. (the “Company”) of his decision to resign as a member of the Company’s board of directors, effective on January 31, 2022."
0001104659-22-044351,1,Anurag Saha,Chief Accounting Officer and principal accounting officer,PAO,appointment,appointed,"(c) On April 6, 2022, the Board of Directors (the “Board”) of CrowdStrike Holdings, Inc. (the “Company” or “CrowdStrike”) appointed Anurag Saha as CrowdStrike’s Chief Accounting Officer and principal accounting officer, effective immediately."
0001104659-22-044351,2,Finance Transformation,Chief Accounting Officer,PAO,appointment,appointed,"Mr. Saha, 43, served as the Company’s Senior Vice President of Finance Transformation since September 2021 prior to being appointed as Chief Accounting Officer."
0001104659-22-044351,3,Anurag Saha,Chief Accounting Officer and principal accounting officer,PAO,appointment,appointment,"There were no new compensatory arrangements or modifications to existing compensatory arrangements, nor were there any grants or awards made to Mr. Saha, in connection with his appointment as the Company’s Chief Accounting Officer and principal accounting officer."
0001104659-22-044351,4,Anurag Saha,Chief Accounting Officer and principal accounting officer,PAO,appointment,appointed,"There is no arrangement or understanding with any person pursuant to which Mr. Saha was appointed as Chief Accounting Officer and principal accounting officer, and there are no family relationships between Mr. Saha and any director or executive officer of CrowdStrike."
0001104659-23-005624,1,Johanna Flower,director,director,election,elect,"(d) On January 18, 2023, the Board of Directors (the “Board”) of CrowdStrike Holdings, Inc. (the “Company”) appointed Johanna Flower as a member of the Board to serve until the 2023 annual meeting of the Company’s stockholders, effective immediately, and increased the number of directors serving on the Board from eight to nine."
0001104659-23-005624,2,Johanna Flower,director,director,election,elect,"There is no arrangement or understanding with any person pursuant to which Ms. Flower was appointed as a member of the Board, and there are no family relationships between Ms. Flower and any director or executive officer of the Company."
0001104659-23-028507,1,Michael Sentonas,executive officer,other_exec,appointment,appointed,"(c) On March 1, 2023, the Board of Directors (the “Board”) of CrowdStrike Holdings, Inc. (the “Company”) appointed Michael Sentonas as an executive officer for purposes of Rule 3b-7 under the Securities Exchange Act of 1934 and Item 401(b) of Regulation S-K and as the Company’s President under the Amended and Restated Bylaws of the Company, effective immediately."
0001104659-23-028507,2,Michael Sentonas,"President, Mr. Sentonas, 49, served as our Chief Technology Officer",president,appointment,appointed,"Prior to being appointed President, Mr. Sentonas, 49, served as our Chief Technology Officer since February 2020, and as our Vice President, Technology Strategy from May 2016 to February 2020."
0001104659-23-028507,3,Michael Sentonas,directors or executive officer,other_exec,appointment,appointed,"There is no arrangement or understanding with any person pursuant to which Mr. Sentonas was appointed, and there are no family relationships between Mr. Sentonas and any of our directors or executive officers."
0001193125-19-157213,1,Uber Technologies,board of directors,director,departure,resign,"On May 23, 2019, Ryan Graves informed Uber Technologies, Inc. (the “Company”) of his intention to resign as a member of the Company’s board of directors, effective as of May 27, 2019, including any committees of the board of directors on which he serves."
0001193125-19-157213,2,Ryan Graves,board of directors,director,departure,resignation,"Mr. Graves’ resignation was not the result of any disagreement between Mr. Graves and the Company, its management, board of directors or any committee thereof, or with respect to any matter relating to the Company’s operations, policies or practices."
0001193125-19-157213,3,Ron Sugar,board of directors,director,departure,departure,"In a note to the board of directors regarding the departure, Ron Sugar, the Company’s independent chairperson of the board of directors, stated: “Ryan was one of the key people who helped shape Uber into the company that it is today."
0001193125-19-157213,4,Ron Sugar,board of directors,director,departure,step down,"While this is a bittersweet moment, we accept his personal decision that this is the right time for him to step down."
0001552781-19-000277,1,Andrew Macdonald,Senior Vice President,other_exec,departure,departure,"In connection with these departures, Andrew Macdonald has been promoted to Senior Vice President, Global Rides, where he will oversee teams that manage the Global Rides business, Community Operations, Safety and Insurance, and Uber for Business."
0001193125-19-201404,1,Matt Cohler,board of directors,director,departure,resign,"On July 23, 2019, Matt Cohler informed the Company of his intention to resign as a member of its board of directors, effective as of July 24, 2019."
0001193125-19-201404,2,Matt Cohler,Board,director,departure,departure,"In a note to the Board regarding Mr. Cohler’s departure, Dr. Sugar stated: “Matt and Benchmark’s immeasurable contributions have helped make Uber the company it is today."
0001193125-19-201404,3,Matt Cohler,directors,director,departure,resignation,"I’m thrilled with the company’s position, excited for the road ahead, and extend my deepest thanks to all of Uber’s past and present employees, directors, drivers, and customers.” Mr. Cohler’s resignation was not the result of any disagreement between Mr. Cohler and the Company, its management, board of directors or any committee thereof, or with respect to any matter relating to the Company’s operations, policies or practices."
0001193125-19-201403,1,Arianna Huffington,board of directors,director,departure,resign,"On July 24, 2019, Arianna Huffington informed the Company of her intention to resign as a member of its board of directors, effective as of July 24, 2019."
0001193125-19-201403,2,Arianna Huffington,Board,director,departure,departure,"In a note to the Board regarding Ms. Huffington’s departure, Ron Sugar, the Company’s independent chairperson of the board, stated: “Arianna has been a dynamic and invaluable board member and we are grateful for her service."
0001193125-19-201403,3,Given Thrive,board,director,departure,stepping down,"I understand her decision to devote more of her energy to Thrive Global, and we remain excited to watch her continued progress.” Ms. Huffington stated: “Given Thrive’s growth, it has become clear to me that I will no longer be able to give my Uber board duties the attention they deserve, so I will be stepping down."
0001193125-19-201403,4,Arianna Huffington,board of directors,director,departure,resignation,"It has been an unforgettable three-year ride, and I’m grateful to have been able to work alongside my fellow board members and witness the incredible work of thousands of Uber employees around the world.” Ms. Huffington’s resignation was not the result of any disagreement between Ms. Huffington and the Company, its management, board of directors or any committee thereof, or with respect to any matter relating to the Company’s operations, policies or practices."
0001552781-19-000515,1,Uber Technologies,board of directors,director,departure,resign,"On December 23, 2019, Travis Kalanick informed Uber Technologies, Inc. (the “Company”) of his intention to resign as a member of the Company’s board of directors, effective as of December 31, 2019."
0001552781-19-000515,2,Travis Kalanick,board of directors,director,departure,resignation,"Mr. Kalanick’s resignation was not the result of any disagreement between Mr. Kalanick and the Company, its management, board of directors or any committee thereof, or with respect to any matter relating to the Company’s operations, policies or practices."
0001552781-19-000515,3,Travis Kalanick,board of directors,director,departure,departure,"In a note to the board of directors regarding his departure, Mr. Kalanick stated that “I am resigning from the board effective December 31."
0001552781-20-000149,1,Uber Technologies,director,director,election,elect,"On February 14, 2020, the Board of Directors (the “Board”) of Uber Technologies, Inc. (the “Company”), appointed Ms. Amanda Ginsberg to the Board."
0001552781-20-000209,1,Uber Technologies,director,director,election,elect,"On March 20, 2020, the Board of Directors (the “Board”) of Uber Technologies, Inc. (the “Company”) appointed Robert Eckert to the Board as an independent director."
0001552781-20-000209,2,Robert Eckert,Chief Executive Officer,CEO,appointment,to serve as,"He was Mattel’s Chairman and Chief Executive Officer from May 2000 until December 2011, and he continued to serve as its Chairman until December 2012."
0001552781-21-000144,1,Uber Technologies,director,director,election,elect,"On March 22, 2021, the Board of Directors (the “Board”) of Uber Technologies, Inc. (the “Company”), appointed Alexander Wynaendts to the Board."
0001552781-21-000144,2,Alexander Wynaendts,director,director,election,elect,"He was appointed as a member of Aegon's Executive Board in 2003, overseeing the company's international growth strategy."
0001543151-23-000021,1,Nelson Chai,Chief Financial Officer,CFO,departure,will leave,"On August 1, 2023, the Company announced that Nelson Chai, Chief Financial Officer, will leave the Company on January 5, 2024."
0001543151-23-000021,2,Nelson Chai,Chief Financial Officer,CFO,departure,departure,"In announcing Mr. Chai’s departure, Dara Khosrowshahi, CEO, said: “Nelson has been a huge part of Uber’s success."
0001552781-23-000389,1,Uber Technologies,Chief Financial Officer (“CFO,CFO,appointment,appointment,"On September 27, 2023, Uber Technologies, Inc. (the “Company”) announced the appointment of Prashanth Mahendra-Rajah as the Chief Financial Officer (“CFO”) of the Company, effective on November 13, 2023 (the “Effective Date”)."
0001552781-23-000389,2,Nelson Chai,"CFO, will cease serving as CFO",CFO,departure,cease serving,"Nelson Chai, the Company’s current CFO, will cease serving as CFO as of the Effective Date, and as previously disclosed on a Form 8-K filed on August 1, 2023, Mr. Chai will stay with the Company through January 5, 2024 to assist with the transition of his duties."
0001552781-23-000389,3,Prashanth Mahendra-Rajah,"Senior Vice President, Finance and CFO",CFO,appointment,appointed,"There are no arrangements or understandings between Mr. Mahendra-Rajah and any other person pursuant to which Mr. Mahendra-Rajah was appointed as Senior Vice President, Finance and CFO of the Company."
0001543151-23-000036,1,Prashanth Mahendra-Rajah,Senior Vice President,other_exec,appointment,will serve as,"On September 27, 2023, the Company announced that Prashanth Mahendra-Rajah will serve as Senior Vice President, Finance beginning on November 1, 2023."
0001543151-23-000036,2,Nelson Chai,CFO,CFO,departure,cease serving,"Nelson Chai will cease serving as CFO as of the Effective Date, and will remain with the Company through January 5, 2024 to assist with the transition of his duties."
0001552781-23-000451,1,Uber Technologies,director,director,election,elect,"On November 16, 2023, the Board of Directors (the “Board”) of Uber Technologies, Inc. (the “Company”), appointed Turqi Alnowaiser to the Board."
0001552781-25-000025,1,Uber Technologies,board of directors,director,departure,not to stand for re-election,"On February 4, 2025, Wan Ling Martello, a member of the board of directors of Uber Technologies, Inc. (the “Company”), informed the Company of her intention not to stand for re-election at the Company’s 2025 Annual Meeting of Shareholders in May."
0001104659-16-153088,1,Gregory R. Andrews,Chief Financial Officer,CFO,departure,succeeded by,"On October 31, 2016, CyrusOne Inc. (the “Company”) announced that its Chief Financial Officer, Gregory R. Andrews, will be leaving the Company to pursue other interests, effective as of November 30, 2016 (the “Termination Date”), and will be succeeded by Diane M. Morefield."
0001104659-16-153088,2,Diane M. Morefield,Executive Vice President and Chief Financial Officer,CFO,appointment,will join,"Ms. Morefield will join the Company as Executive Vice President and Chief Financial Officer effective November 14, 2016."
0001553023-18-000025,1,Amitabh Rai,Senior Vice President and Chief Accounting Officer,PAO,departure,retire,"On February 16, 2018, Amitabh Rai, Senior Vice President and Chief Accounting Officer of Cyrus One Inc. (the “Company”), advised the Company of his intention to retire from the Company effective May 1, 2018."
0001553023-18-000025,2,Amitabh Rai,Chief Accounting Officer,PAO,departure,resign,"Mr. Rai will resign as Chief Accounting Officer of the Company on February 26, 2018, and remain an employee until his retirement to assist in the transition."
0001553023-18-000025,3,Howard Garfield,Board of Directors appointed Howard Garfield as Senior Vice President,other_exec,appointment,appointed,"On February 16, 2018, the Company’s Board of Directors appointed Howard Garfield as Senior Vice President and Chief Accounting Officer of the Company, effective on February 26, 2018."
0001564590-20-010661,1,Kelly Coffey,director,director,election,elect,Ms. Coffey has not been appointed to serve on any committees of the board of directors.
0001564590-20-010661,2,Kelly Coffey,director,director,election,elect,"There are no family relationships between Ms. Coffey and any of our directors or executive officers, and she has no direct or indirect material interest in any transaction required to be disclosed pursuant to Item 404(a) of Regulation S-K. Further, there is no arrangement or understanding between Ms. Coffey and any other persons or entities pursuant to which Ms. Coffey was appointed as a director."
0001193125-20-291819,1,Chris Young,board of directors,director,departure,resign,"On November 10, 2020, Chris Young notified us of his decision to resign as a member of our board of directors, effective immediately."
0001193125-20-315448,1,,director,director,election,elect,"On December 10, 2020, our board of directors appointed Elizabeth (Liz) Jenkins to join the board of directors, effective immediately."
0001193125-20-315448,2,Ms. Jenkins,director,director,election,elect,"There are no family relationships between Ms. Jenkins and any of our directors or executive officers, and she has no direct or indirect material interest in any transaction required to be disclosed pursuant to Item 404(a) of Regulation S-K. Further, there is no arrangement or understanding between Ms. Jenkins and any other persons or entities pursuant to which Ms. Jenkins was appointed as a director."
0001193125-21-284200,1,,board of directors,director,departure,resign,"On September 22, 2021, A.G. Lafley notified us of his decision to resign as a member of our board of directors, effective December 31, 2021."
0001193125-22-234696,1,Jeremi Gorman,Chief Business Officer,other_exec,departure,will leave,"On August 26, 2022, Jeremi Gorman, our Chief Business Officer, notified us that she will leave Snap to pursue a new opportunity."
0001193125-22-196372,1,Caesars Entertainment,Board,director,departure,resigning,"(b) On July 15, 2022, Sandra Douglass Morgan informed the Executive Chairman of the Board of Directors (the “Board”) of Caesars Entertainment, Inc., a Delaware corporation (the “Company”), that she is resigning from the Board effective immediately."
0001193125-22-196372,2,Sandra Douglass Morgan,President,president,departure,resignation,"Ms. Morgan’s resignation was due to her recent appointment as the President of the Las Vegas Raiders and was not the result of any disagreement with the Company on any matter relating to the Company’s operations, policies or practices."
0001609711-17-000280,1,Rebecca Morrow,principal accounting officer,PAO,appointment,appointment,"Ray Winborne, our current principal accounting officer, will cease to serve in the capacity of principal accounting officer upon the effectiveness of Ms. Morrow’s appointment as principal accounting officer, but shall continue to serve the Company in the capacity of Chief Financial Officer."
0001609711-17-000280,2,Rebecca Morrow,"principal accounting officer, the Board",PAO,appointment,appointment,"In connection with Ms. Morrow’s appointment as principal accounting officer, the Board approved (i) an increase in Ms. Morrow’s annual base salary to $300,000, effective as of October 19, 2017, and (ii) an opportunity to earn an annual cash incentive bonus, initially with a target of 40% of her base salary for 2017."
0001609711-18-000020,1,Richard H. Kimball,Board,director,departure,resignation,"On January 30, 2018, Richard H. Kimball notified the board of directors (the “Board”) of GoDaddy Inc. (the “Company”) of his resignation as a member of the Board, effective as of February 1, 2018."
0001609711-18-000020,2,Mark Garrett,director,director,election,elect,"In addition, Mr. Garrett was appointed as a member of the Audit Committee of the Board (the “Audit Committee”), effective immediately."
0001609711-18-000020,3,Mark Garrett,director,director,election,elect,There is no arrangement or understanding between Mr. Garrett and any other person pursuant to which Mr. Garrett was elected as a director of the Company.
0001609711-18-000127,1,Elizabeth S. Rafael,Chief Transformation Officer,other_exec,appointment,appointed,"On May 4, 2018, Elizabeth S. Rafael was appointed as the Chief Transformation Officer of GoDaddy Inc., with such appointment to be effective as of May 14, 2018 (the Effective Date)."
0001609711-18-000127,2,Elizabeth S. Rafael,Board) of her resignation as a member of the Board,director,departure,resignation,"In connection with her appointment as Chief Transformation Officer, on May 4, 2018, Ms. Rafael notified GoDaddy Inc.’s board of directors (the Board) of her resignation as a member of the Board, such resignation to be effective as of the Effective Date."
0001609711-18-000176,1,Ryan Roslansky,director,director,election,elect,"On July 30, 2018, the Board appointed Ryan Roslansky and Caroline Donahue to its Board of Directors, effective immediately."
0001609711-18-000176,2,Caroline Donahue,director,director,election,elect,"In addition, Ms. Donahue was appointed as a member of the Audit and Finance Committee of the Board (the “Audit Committee”), effective immediately; she will replace Brian Sharples on the Audit Committee."
0001609711-18-000176,3,Caroline Donahue,director,director,election,elect,There is no arrangement or understanding between either Ms. Donahue or Mr. Roslansky and any other person pursuant to which Ms. Donahue or Mr. Roslansky was elected as a director of the Company.
0001609711-18-000218,1,Bob Parsons,Board,director,departure,resignation,"On September 30, 2018, Bob Parsons notified the board of directors (the “Board”) of GoDaddy Inc. of his resignation as a member of the Board, effective as of October 5, 2018."
0001609711-19-000008,1,Steven Aldrich,Chief Product Officer,other_exec,departure,Departure,"(b) Departure of Officers On February 8, 2019, Steven Aldrich informed GoDaddy Inc. (the “Company”) that he will step down from his role as Chief Product Officer of the Company, effective February 28, 2019."
0001609711-19-000008,2,Arne M. Josefsberg,"Executive Vice President, Chief Infrastructure Officer",other_exec,departure,step down,"On February 8, 2019, Arne M. Josefsberg informed the Company that he intends to step down from his role as Executive Vice President, Chief Infrastructure Officer and Chief Information Officer of the Company, effective June 30, 2019."
0001609711-19-000008,3,Andrew N. Low Ah,"Officer On February 11, 2019, the board of directors",other_exec,appointment,Appointment,"(c) Appointment of Officer On February 11, 2019, the board of directors of the Company (the “Board”) promoted Andrew N. Low Ah Kee from Chief Revenue Officer to the Company’s Chief Operating Officer, effective February 25, 2019."
0001609711-19-000176,1,Rebecca Morrow,Chief Accounting Officer,PAO,departure,Departure,"(b) Departure of Officers On July 12, 2019, Rebecca Morrow informed GoDaddy Inc. (the “Company”) she will resign from her role as Chief Accounting Officer effective September 1, 2019 (the “Effective Date”)."
0001609711-19-000190,1,Scott W. Wagner,Chief Executive Officer,CEO,departure,retirement,"Chief Executive Officer; Director On August 1, 2019, GoDaddy Inc. (the ""Company"") announced the retirement of Scott W. Wagner as the Company’s Chief Executive Officer and as a member of the Company’s board of directors (the ""Board""), effective as of September 4, 2019 (the ""Resignation Date""), due to personal health reasons."
0001609711-19-000190,2,Scott W. Wagner,Board,director,departure,resignation,"The Board has accepted Mr. Wagner’s resignation and has appointed Aman Bhutani to serve as Mr. Wagner’s successor, effective as of September 4, 2019 (the ""Effective Date"")."
0001609711-19-000190,3,Aman Bhutani,Chief Executive Officer,CEO,appointment,appointment,"In connection with Mr. Bhutani’s appointment as the Company’s Chief Executive Officer, on July 30, 2019, the Company and certain of its affiliates entered into an employment agreement with Mr. Bhutani, effective as of the Effective Date (the ""Bhutani Employment Agreement"")."
0001609711-19-000190,4,Aman Bhutani,director,director,election,elect,"On July 30, 2019, the Board appointed Mr. Bhutani to serve as a member of the Board, commencing on the Effective Date."
0001609711-19-000190,5,Aman Bhutani,Chief Executive Officer,CEO,appointment,appointment,"Effective upon his appointment as Chief Executive Officer of the Company, Mr. Bhutani will be designated as an ""officer"" as such term is used within the meaning of Section 16 of the Securities Act of 1934, as amended."
0001609711-19-000190,6,Aman Bhutani,director,director,election,elect,There is no arrangement or understanding between Mr. Bhutani and any other person pursuant to which Mr. Bhutani was elected as a director of the Company.
0001609711-19-000190,7,Ray Winborne,"Principal Accounting Officer On July 30, 2019, the Board appointed Ray Winborne, the Company’s Chief Financial Officer",CFO,appointment,appointed,"Principal Accounting Officer On July 30, 2019, the Board appointed Ray Winborne, the Company’s Chief Financial Officer, to serve as the Company’s principal accounting officer, effective September 1, 2019."
0001609711-19-000250,1,Nick Daddario,board of directors of GoDaddy Inc. (the “Board”) appointed Nick Daddario to serve as the Chief Accounting Officer,PAO,appointment,appointed,"Principal Accounting Officer On December 4, 2019, the board of directors of GoDaddy Inc. (the “Board”) appointed Nick Daddario to serve as the Chief Accounting Officer and principal accounting officer of GoDaddy Inc. (the “Company”), effective December 4, 2019."
0001609711-19-000250,2,Nick Daddario,principal accounting officer,PAO,appointment,appointment,"Ray Winborne ceased serving in the capacity of principal accounting officer upon the effectiveness of Mr. Daddario’s appointment as principal accounting officer, but shall continue to serve the Company in the capacity of Chief Financial Officer and principal financial officer."
0001609711-20-000004,1,Greg Mondre,Director,director,departure,Resignation,"Resignation and Appointment of Director On February 7, 2020, Greg Mondre notified the board of directors (the “Board”) of GoDaddy Inc. (the “Company”) of his resignation as a member of the Board, effective as of February 9, 2020 (the “Effective Date”)."
0001609711-20-000004,2,Leah Sweet,director,director,election,elect,The Board appointed Leah Sweet to its Board as of the Effective Date to fill the vacancy created by Mr. Mondre’s departure.
0001609711-20-000004,3,Leah Sweet,director,director,election,elect,There is no arrangement or understanding between Ms. Sweet and any other person pursuant to which Ms. Sweet was elected as a director of the Company.
0001609711-20-000053,1,James Carroll,board of directors,director,departure,Departure,"(b) Departure of Officers On March 5, 2020, the board of directors of GoDaddy Inc. (the “Company”) determined James Carroll will no longer be deemed an executive officer of the Company for purposes of Item 401 of Regulation S-K and Section 16 of the Securities Exchange Act of 1934, as amended, effective immediately."
0001609711-20-000141,1,Andrew Low Ah,Officer,other_exec,departure,Departure,"(b) Departure of Officer On October 30, 2020, Andrew Low Ah Kee informed GoDaddy Inc. that he will resign from his role as Chief Operating Officer effective November 13, 2020."
0001609711-21-000008,1,Raymond E. Winborne,Chief Financial Officer and principal financial officer,CFO,departure,retire,"Chief Financial Officer and Principal Financial Officer On February 11, 2021, the Company announced that Raymond E. Winborne, the Company’s Chief Financial Officer and principal financial officer, would retire from his positions with the Company effective as of June 30, 2021, or such earlier date as a new Chief Financial Officer of the Company is appointed (the ""Winborne Transition Date"")."
0001609711-21-000008,2,Raymond E. Winborne,Chief Financial Officer principal financial officer,CFO,departure,resignation,"The Board has accepted Mr. Winborne’s resignation, effective as the Winborne Transition Date."
0001609711-21-000008,3,Raymond E. Winborne,Chief Financial Officer principal financial officer,CFO,departure,retirement,"In connection with the announcement of Mr. Winborne’s retirement, on February 10, 2021, the Company and certain of its affiliates entered into a transition agreement with Mr. Winborne (the ""Winborne Transition Agreement"") that sets forth the terms of Mr. Winborne’s employment through June 30, 2021 (the ""Winborne Retirement Date"")."
0001609711-21-000008,4,Raymond E. Winborne,"Chief Financial Officer and, if a new Chief Financial Officer",CFO,appointment,appointed,"The Winborne Transition Agreement provides that Mr. Winborne will remain an employee on a full-time basis through the Winborne Transition Date as Chief Financial Officer and, if a new Chief Financial Officer of the Company is appointed prior to Winborne Transition Date, thereafter as a strategic advisor through the Winborne Retirement Date."
0001609711-21-000008,5,Raymond E. Winborne,Chief Financial Officer principal financial officer,CFO,departure,Retirement,"Mr. Winborne will continue to receive his current compensation and benefits (including Company equity award vesting) through the Winborne Retirement Date, other than as described in this paragraph."
0001609711-21-000008,6,Raymond E. Winborne,Chief Financial Officer principal financial officer,CFO,departure,Retirement,"On the Winborne Retirement Date, Mr. Winborne will become entitled to receive the following separation consideration, subject to him signing and not revoking a release of claims with the Company, (i) a lump sum cash payment equal to $262,500, which amount equals a pro-rated amount of his target bonus opportunity for 2021, (ii) payment of premiums for continuation coverage for Mr. Winborne and his eligible dependents under the Consolidated Omnibus Budget Reconciliation Act of 1985, as amended (""C"
0001609711-21-000008,7,Nima J. Kelly,"Chief Legal Officer, Executive Vice President and Secretary",other_exec,departure,retire,"Chief Legal Officer, Executive Vice President and Secretary On February 11, 2021, the Company also announced that Nima J. Kelly, the Company’s Chief Legal Officer, Executive Vice President and Secretary, would retire from her positions with the Company effective as of June 30, 2021, or such earlier date as a new Chief Legal Officer of the Company is appointed (the ""Kelly Transition Date"")."
0001609711-21-000008,8,Nima J. Kelly,"Board has accepted Ms. Kelly’s resignation as Chief Legal Officer, Executive Vice President and Secretary",other_exec,departure,resignation,"The Board has accepted Ms. Kelly’s resignation as Chief Legal Officer, Executive Vice President and Secretary, effective as the Kelly Transition Date."
0001609711-21-000008,9,Nima J. Kelly,Chief Legal Officer Executive Vice President Secretary,other_exec,departure,retirement,"In connection with the announcement of Ms. Kelly’s retirement, on February 10, 2021, the Company and certain of its affiliates entered into a transition agreement with Ms. Kelly (the ""Kelly Transition Agreement"") that sets forth the terms of Ms. Kelly’s employment through December 31, 2021 (the ""Kelly Retirement Date"")."
0001609711-21-000008,10,Nima J. Kelly,"Executive Vice President and Secretary and, if a new Chief Legal Officer",other_exec,appointment,appointed,"The Kelly Transition Agreement provides that Ms. Kelly will remain an employee on a full-time basis through the Kelly Transition Date as Chief Legal Officer, Executive Vice President and Secretary and, if a new Chief Legal Officer of the Company is appointed prior to Kelly Transition Date, thereafter as a strategic advisor."
0001609711-21-000008,11,Nima J. Kelly,Chief Legal Officer Executive Vice President Secretary,other_exec,departure,Retirement,"On the Kelly Transition Date, Ms. Kelly will be employed as a strategic advisor on a part-time basis through the Kelly Retirement Date."
0001609711-21-000008,12,Nima J. Kelly,Chief Legal Officer Executive Vice President Secretary,other_exec,departure,Retirement,"Between the Kelly Transition Date and the Kelly Retirement Date, Ms. Kelly will receive a gross monthly salary of $20,000, continue to vest in her Company equity awards in accordance with the equity documents, and participate in employee benefit plans."
0001609711-21-000008,13,Nima J. Kelly,Chief Legal Officer Executive Vice President Secretary,other_exec,departure,Retirement,"On the Kelly Retirement Date, 100% of her equity award with a grant date of February 23, 2018 will immediately vest as to 779 shares, and Ms. Kelly will become entitled to receive the following separation consideration, subject to her signing and not revoking a release of claims with the Company, (i) a lump sum cash payment equal to $262,500, which payment equals a pro-rated amount of her target bonus opportunity for 2021 and (ii) the portion of her equity award with a grant date of February 28,"
0001609711-21-000008,14,Nima J. Kelly,Executive Vice President and Secretary,other_exec,appointment,to serve as,"Ms. Kelly will continue to serve as the Company’s Chief Legal Officer, Executive Vice President and Secretary until the Kelly Transition Date."
0001609711-21-000052,1,Nima J. Kelly,"Chief Legal Officer, Executive Vice President and Secretary",other_exec,departure,retire,"Emerging growth company ☐ If an emerging growth company, indicate by check mark if the registrant has elected not to use the extended transition period for complying with any new or revised financial accounting standards provided pursuant to Section 13(a) of the Exchange Act. ¨ Chief Legal Officer, Executive Vice President and Secretary On February 11, 2021, GoDaddy Inc. (the ""Company"") announced that Nima J. Kelly, the Company’s Chief Legal Officer, Executive Vice President and Secretary, would"
0001609711-21-000052,2,Nima J. Kelly,Chief Legal Officer Executive Vice President Secretary,other_exec,departure,transitioned from the role,"As of April 21, 2021, Ms. Kelly transitioned from the role of the Company’s Chief Legal Officer, Executive Vice President and Secretary to the role of strategic advisor, in accordance with the previously disclosed terms of the Kelly Transition Agreement."
0001609711-21-000052,3,Nima J. Kelly,Chief Legal Officer Executive Vice President Secretary,other_exec,departure,Retirement,"The Kelly Retirement Date of December 31, 2021 and all other terms of the Kelly Transition Agreement are identical to that which was set forth in the initial Form 8-K filing."
0001609711-21-000059,1,Mark D. McCaffrey,"Chief Financial Officer On May 1, 2021, the board of directors",CFO,appointment,Appointment,"(c) Appointment of Chief Financial Officer On May 1, 2021, the board of directors of the Company (the ""Board"") appointed Mark D. McCaffrey to serve as the Company’s Chief Financial Officer and principal financial officer, effective June 2, 2021 (the ""CFO Effective Date"")."
0001609711-21-000059,2,Mr. Winborne,principal financial officer until the CFO,CFO,appointment,to serve as,Mr. Winborne will continue to serve as the Company’s Chief Financial Officer and principal financial officer until the CFO Effective Date.
0001609711-21-000059,3,Mark D. McCaffrey,Chief Financial Officer,CFO,appointment,appointment,"Effective upon his appointment as Chief Financial Officer of the Company, Mr. McCaffrey will be designated as an ""officer"" as such term is used within the meaning of Section 16 of the Exchange Act."
0001609711-21-000059,4,Michele Lau,"Chief Legal Officer On May 1, 2021, the Board",other_exec,appointment,Appointment,"(c) Appointment of Chief Legal Officer On May 1, 2021, the Board appointed Michele Lau to serve as the Company’s Chief Legal Officer, effective July 12, 2021 (the ""CLO Effective Date"")."
0001609711-21-000059,5,Michele Lau,Chief Legal Officer,other_exec,appointment,appointment,"Effective upon her appointment as Chief Legal Officer of the Company, Ms. Lau will be designated as an ""officer"" as such term is used within the meaning of Section 16 of the Exchange Act."
0001609711-21-000059,6,Michele Lau,executive officer,other_exec,appointment,designated,"(e) Adoption of Change in Control and Severance Agreement Form On May 1, 2021, the Board adopted a form of change in control and severance agreement for certain executive officers and other key employees of the Company and its affiliates who are designated by the Committee."
0001609711-22-000003,1,Roger Chen,Chief Operating Officer,COO,appointment,appointed,"On December 8, 2021, the board of directors of GoDaddy Inc. (the “Company”) appointed Roger Chen to serve as the Company’s Chief Operating Officer."
0001609711-22-000003,2,Roger Chen,COO,COO,appointment,appointment,"The effective date of his appointment was January 3, 2022 (the “COO Effective Date”), and the Company publicly announced the appointment on January 5, 2022."
0001609711-22-000003,3,Roger Chen,officer,other_exec,appointment,designated,"Upon the COO Effective Date, Mr. Chen was designated as an ""officer"" as such term is used within the meaning of Section 16 of the Securities Exchange Act of 1934, as amended."
0001609711-22-000003,4,Roger Chen,Senior Vice President,other_exec,appointment,promoted,"Mr. Chen joined the Company in 2015 as Vice President of Asia, and in 2018, he was promoted to Senior Vice President of the Asia Pacific region."
0001609711-22-000003,5,Domain Registrars,Chief Operating Officer,COO,appointment,appointment,"In 2020, he became President of the Company’s Domain Registrars and Investors Business and served in such role until his appointment as Chief Operating Officer."
0001609711-22-000011,1,Roger Chen,Chief Operating Officer,COO,appointment,Appointment,"(c) Appointment of Chief Operating Officer On January 5, 2022, the Company announced the appointment of Roger Chen to serve as the Company’s Chief Operating Officer, effective January 3, 2022."
0001609711-22-000011,2,Roger Chen,Chief Operating Officer,COO,appointment,appointment,"Effective upon his appointment as Chief Operating Officer of the Company, Mr. Chen was designated as an “officer” as such term is used within the meaning of Section 16 of the Exchange Act."
0001609711-22-000118,1,Chuck Robel,Board of Directors (the “Board,director,departure,retire,"On September 23, 2022, Chuck Robel informed GoDaddy Inc. (the “Company”) of his decision to retire from the Board of Directors (the “Board”) as of the Company’s 2023 annual meeting stockholders."
0001609711-22-000118,2,Chuck Robel,Board,director,departure,resign,"In support of this transition, Mr. Robel will continue to serve as a director but will resign from his roles as Chair of the Board and as a member of the Audit and Finance Committee, effective September 30, 2022."
0001609711-22-000118,3,Brian Sharples,director,director,election,elect,"On September 26 , 2022, the Board appointed Brian Sharples as the Chair of the Board effective September 30, 2022."
0001609711-23-000009,1,Ryan Roslansky,Directors,director,departure,Departure,"Departure of Directors On January 22, 2023 Ryan Roslansky and on January 24, 2023 Lee Wittlinger each notified the board of directors (the “Board”) of GoDaddy Inc. (the “Company”) of their resignation as a member of the Board, effective as of January 25, 2023 (the “Effective Date”)."
0001609711-23-000009,2,Srini Tallapragada,director,director,election,elect,"Appointment of New Directors On January 25, 2023, the Board appointed Srini Tallapragada and Sigal Zarmi to its Board as of the Effective Date to fill the vacancies created by Mr. Roslansky and Wittlinger’s departures."
0001609711-23-000009,3,Srini Tallapragada,director,director,election,elect,"In addition, both Mr. Tallapragada and Ms. Zarmi were appointed by the Board as members of the Governance Committee as of the Effective Date."
0001609711-23-000009,4,Srini Tallapragada,director,director,election,elect,There are no arrangements or understandings between either Mr. Tallapragada or Ms. Zarmi and any other person pursuant to which they were elected as a director of the Company.
0001609711-23-000099,1,Chuck Robel,Board,director,departure,retire,"As previously announced, on September 23, 2022, Chuck Robel, Chair of the Board of Directors (the “Board”) of GoDaddy Inc. (the “Company”), informed the Company of his decision to retire from the Board as of the Company’s 2023 annual meeting of stockholders (the “Annual Meeting”), which was held on June 7, 2023."
0001609711-23-000153,1,Michele Lau,Chief Legal Officer and Corporate Secretary,other_exec,departure,resign,"On October 5, 2023, Michele Lau, Chief Legal Officer and Corporate Secretary of GoDaddy Inc. (the “Company”), informed the Company of her decision to resign from the Company, effective November 17, 2023."
0000950157-17-000552,1,Michael E. Bowker,"Chief Operating Officer On May 2, 2017, the Board of Directors",COO,appointment,Appointment,"Appointment of Chief Operating Officer On May 2, 2017, the Board of Directors (the “Board”) appointed Michael E. Bowker, the current Senior Vice President, Chief Sales and Marketing Officer of the Company, as Chief Operating Officer of the Company."
0000950157-17-000552,2,Michael E. Bowker,Chief Operating Officer,COO,appointment,promotion,"In connection with Mr. Bowker’s promotion to Chief Operating Officer , effective May 8, 2017, his annual base salary was increased to $350,000, and his target annual cash incentive award with respect to fiscal year 2017 was increased to 75% of his annual base salary, or $262,500, subject to pro-ration based on the effective date of his appointment."
0000950157-17-001405,1,Alan H. Silverman,Senior Vice President General Counsel Secretary,other_exec,departure,retire,"On October 5, 2017, Cable One, Inc. (the “Company”) announced that Alan H. Silverman, Senior Vice President, General Counsel and Secretary of the Company, will retire effective December 29, 2017."
0001437749-17-018584,1,Thomas O. Might,Executive Chairman,other_exec,departure,retire,"On November 8, 2017, Cable One, Inc. (the “Company”) announced that Thomas O. Might will retire effective December 31, 2017 from his position as Executive Chairman of the Company."
0001437749-17-018584,2,Thomas O. Might,Board of Directors (the “Board,director,departure,retirement,Mr. Might will continue to serve as a member of the Company’s Board of Directors (the “Board”) following his retirement.
0001437749-17-018584,3,Julia M. Laulis,director,director,election,elect,"The Board has elected Julia M. Laulis, President and Chief Executive Officer of the Company, as Chair of the Board effective upon Mr. Might’s retirement."
0000950157-17-001559,1,Alan H. Silverman,Senior Vice President General Counsel Secretary,other_exec,departure,retirement,"In connection with the previously announced retirement, effective December 29, 2017 (the “Retirement Date”), of Alan H. Silverman, Senior Vice President, General Counsel and Secretary of Cable One, Inc. (the “Company”), and in consideration of his 34 years of service to the Company, his assistance on transition matters and his agreement to certain restrictive covenants (including execution of a Company-standard irrevocable release and covenants regarding noncompetition, non-solicitation, no-hire"
0000950157-17-001559,2,Alan H. Silverman,Senior Vice President General Counsel Secretary,other_exec,departure,Retirement,"In accordance with the terms of the applicable award agreement, Mr. Silverman will vest as of the Retirement Date in a prorated portion of his unvested equity awards granted prior to 2017, based on the percentage of the vesting period that has elapsed as of the Retirement Date."
0000950157-17-001559,3,Alan H. Silverman,Senior Vice President General Counsel Secretary,other_exec,departure,Retirement,"The remaining unvested portion of these awards will be canceled, and Mr. Silverman will receive cash consideration in respect of the canceled portion, the amount of which will be determined based on the closing price of the Company’s common stock on the Retirement Date."
0000950157-17-001559,4,Alan H. Silverman,Senior Vice President General Counsel Secretary,other_exec,departure,Retirement,"The separation agreement, entered into by the Company and Mr. Silverman on November 17, 2017, will become effective on the eighth day following Mr. Silverman’s execution of the irrevocable release described above, which is anticipated to occur on the Retirement Date."
0001437749-18-006058,1,Kevin P. Coyle,Senior Vice President Chief Financial Officer,CFO,departure,retire,"On April 2, 2018, Cable One, Inc. (the “Company”) announced that Kevin P. Coyle, Senior Vice President and Chief Financial Officer of the Company, intends to retire in early 2019."
0001437749-18-006058,2,Kevin P. Coyle,Senior Vice President Chief Financial Officer,CFO,departure,retirement,"On April 2, 2018, the Company issued a press release announcing Mr. Coyle’s retirement."
0001437749-18-012969,1,Cable One,Senior Vice President and Chief Financial Officer,CFO,appointment,Appointment,"Appointment of Senior Vice President and Chief Financial Officer The Board of Directors (the “Board”) of Cable One, Inc. (the “Company”) has appointed Steven S. Cochran as Senior Vice President of the Company, effective August 6, 2018, and as Chief Financial Officer of the Company, effective August 13, 2018."
0001437749-18-012969,2,Kevin P. Coyle,Senior Vice President and Chief Financial Officer,CFO,departure,succeed/replace,"Mr. Cochran will succeed Kevin P. Coyle, the Company’s current Senior Vice President and Chief Financial Officer, as Chief Financial Officer."
0001437749-18-012969,3,Steven S. Cochran,Senior Vice President and Chief Financial Officer,CFO,appointment,appointment,"In connection with his hiring and appointment as Senior Vice President and Chief Financial Officer, on July 2, 2018, the Company and Mr. Cochran agreed to an offer letter that was approved by the Compensation Committee of the Board."
0001437749-18-012969,4,Kevin P. Coyle,Senior Vice President Chief Financial Officer,CFO,departure,retire,"Separation Agreement with Kevin P. Coyle On April 2, 2018, the Company announced that Mr. Coyle intended to retire in early 2019."
0001437749-18-012969,5,Kevin P. Coyle,Senior Vice President Chief Financial Officer,CFO,departure,separation from,"In connection with his separation from service with the Company, and in consideration of his assistance on transition matters and his agreement to certain restrictive covenants (including execution of standard irrevocable releases and his acknowledgement of and continued compliance with covenants regarding noncompetition, non-solicitation, no-hire and confidentiality), the Compensation Committee of the Board has approved a separation agreement, which provides for payment in two roughly equal ins"
0001437749-18-017917,1,Cable One,Senior Vice President and Chief Financial Officer,CFO,appointment,appointed,"As previously announced, the Board of Directors (the “Board”) of Cable One, Inc. (the “Company”) appointed Steven S. Cochran as Senior Vice President and Chief Financial Officer of the Company in August 2018 and, in connection with his hiring and appointment, Mr. Cochran received a new-hire grant of 1,065 time-based restricted shares, representing a value of approximately $785,000 based on the closing price of the Company’s common stock on Mr. Cochran’s hire date (the “Initial RSAs”)."
0001437749-19-013104,1,Cable One,director,director,election,elect,"On July 1, 2019, the board of directors (the “Board”) of Cable One, Inc. (the “Company”), upon the recommendation of the Nominating and Corporate Governance Committee of the Board, increased the number of directors constituting the Board from eight to nine and elected Mary E. Meduski, 60, to serve as a director of the Company, effective immediately, filling the vacancy resulting from the increase."
0001437749-19-013104,2,Mary E. Meduski,director,director,election,elect,"Ms. Meduski was elected as a Class II director, with a term expiring at the 2020 Annual Meeting of Stockholders."
0001437749-19-013104,3,Mary E. Meduski,director,director,election,elect,There is no other arrangement or understanding between Ms. Meduski or any other person pursuant to which she was elected as a director of the Company.
0001437749-19-018435,1,Cable One,director,director,election,elect,"On September 16, 2019, the board of directors (the “Board”) of Cable One, Inc. (the “Company”), upon the recommendation of the Nominating and Corporate Governance Committee of the Board, increased the number of directors constituting the Board from nine to ten and elected Kristine E. Miller, 55, to serve as a director of the Company, effective immediately, filling the vacancy resulting from the increase."
0001437749-19-018435,2,Kristine E. Miller,director,director,election,elect,"Ms. Miller was elected as a Class III director, with a term expiring at the 2021 Annual Meeting of Stockholders."
0001437749-19-018435,3,Kristine E. Miller,director,director,election,elect,There is no other arrangement or understanding between Ms. Miller or any other person pursuant to which she was elected as a director of the Company.
0001640147-23-000044,1,,director,director,election,elect,"The A&R Director Compensation Policy reflects the following changes: (i) upon appointment to the Board, each non-employee director will automatically receive a restricted stock unit award for the Company’s Class A common stock (“ Class A common stock ”) under the Company’s 2020 Equity Incentive Plan (the “ Plan ”), having a value of $1,000,000.00 based on the Fair Market Value (as defined in the Plan) of the underlying Class A common stock as of the date of grant (the “ Initial RSU ”); and (ii) "
0001640147-23-000044,2,Carl M. Eschenbach,Director,director,departure,Departure,"Departure of Director On April 5, 2023, Carl M. Eschenbach, a Class III director of the Board and a member of the Compensation Committee of the Board (the “ Compensation Committee ”), provided notice of his resignation as a member of the Board and any committees thereof, effective as of immediately prior to the appointment of his successor to the Board (the “ Effective Time ”)."
0001640147-23-000044,3,Carl M. Eschenbach,director Board,director,departure,resignation,"Mr. Eschenbach’s resignation was not the result of a disagreement with the Company or the Board on any matter relating to the Company’s operations, policies, or practices."
0001640147-23-000044,4,Mark D. McLaughlin,director,director,election,elect,"Appointment of Director On April 5, 2023, the Board, upon recommendation of the Nominating and Governance Committee of the Board, appointed Mark D. McLaughlin as a Class III director whose term will expire at the Company’s 2023 annual meeting of stockholders, effective immediately."
0001640147-23-000044,5,National Security Telecommunications,President,president,appointment,appointed,"President Barack Obama appointed him to serve on the President’s National Security Telecommunications Advisory Committee in January 2011, and he served on this Committee until April 2023."
0001640147-23-000044,6,Mark D. McLaughlin,director,director,election,elect,There is no arrangement or understanding between Mr. McLaughlin and the Company or any other person pursuant to which Mr. McLaughlin was elected as a director.
0001640147-23-000073,1,,director,director,election,elect,"Appointment of Director On May 23, 2023, the Board of Directors (the “ Board ”) of the Company, upon recommendation of the nominating and governance committee of the Board (the “ Nominating and Governance Committee ”), increased the size of the Board from ten to eleven members and appointed Stephen B. Burke as a Class I director whose term will expire at the Company’s 2024 annual meeting of stockholders, effective immediately."
0001640147-23-000073,2,Stephen B. Burke,director,director,election,elect,"Mr. Burke has also been appointed as a member of the compensation committee of the Board (the “ Compensation Committee ”), as a member of the equity award compensation subcommittee of the Compensation Committee, and as a member of the Nominating and Governance Committee."
0001640147-23-000073,3,Stephen B. Burke,director,director,election,elect,There is no arrangement or understanding between Mr. Burke and the Company or any other person pursuant to which Mr. Burke was elected as a director.
0001640147-23-000073,4,John D. McMahon,Director,director,departure,Departure,"Departure of Director On May 23, 2023, John D. McMahon, a Class III director of the Board, a member of the Compensation Committee, and a member of the Nominating and Governance Committee, notified the Company that he will not stand for re-election as a director of the Company."
0001640147-23-000073,5,John D. McMahon,director,director,departure,not stand for re-election,"Mr. McMahon has informed the Company that his decision to not stand for re-election as a director was not due to any disagreements with the Company on any matter relating to the Company’s operations, policies, or practices."
0001640147-24-000033,1,Frank Slootman,Chief Executive Officer,CEO,departure,retired,"Effective February 27, 2024, Frank Slootman retired as Chief Executive Officer of Snowflake Inc. (the “ Company ”), and Sridhar Ramaswamy was appointed to succeed Mr. Slootman as the Company’s new Chief Executive Officer."
0001640147-24-000033,2,Frank Slootman,the Company’s new Chief Executive Officer,CEO,departure,succeed/replace,"Effective February 27, 2024, Frank Slootman retired as Chief Executive Officer of Snowflake Inc. (the “ Company ”), and Sridhar Ramaswamy was appointed to succeed Mr. Slootman as the Company’s new Chief Executive Officer."
0001640147-24-000033,3,Sridhar Ramaswamy,Chief Executive Officer,CEO,appointment,appointment,"Prior to his appointment as Chief Executive Officer, Mr. Ramaswamy, age 57, served in various roles at the Company, including as Senior Vice President, Artificial Intelligence, since May 2023."
0001640147-24-000033,4,Sridhar Ramaswamy,Chief Executive Officer,CEO,appointment,appointment,"The Company entered into an amended and restated offer letter with Mr. Ramaswamy, dated February 27, 2024, in connection with his appointment as Chief Executive Officer."
0001640147-24-000033,5,Sridhar Ramaswamy,Chief Executive Officer,CEO,appointment,Appointment,"In addition, the offer letter provides for, among other things: (i) an annual base salary of $750,000, (ii) an annual incentive bonus under the Company’s Cash Incentive Bonus Plan with a target amount equal to 100% of Mr. Ramaswamy’s annual base salary, subject to the achievement of performance goals as determined from time to time by the compensation committee of the Board (the “ Compensation Committee ”), and (iii) the following equity awards for shares of the Company’s Class A common stock, e"
0001640147-24-000033,6,Sridhar Ramaswamy,Chief Executive Officer,CEO,appointment,appointment,"If the Qualifying Termination occurs prior to the first anniversary of Mr. Ramaswamy’s appointment as Chief Executive Officer, 100% of the unvested portion of the PRSU Award will accelerate and if the Qualifying Termination occurs between the first and second anniversaries of his appointment, 50% of the unvested portion of the PRSU Award will accelerate."
0001640147-24-000033,7,Sridhar Ramaswamy,Board for so long as he serves as the Company’s Chief Executive Officer,CEO,appointment,to serve as,"Further, Mr. Ramaswamy will continue to be nominated to serve as a member of the Board for so long as he serves as the Company’s Chief Executive Officer."
0001640147-24-000033,8,Sridhar Ramaswamy,Chief Executive Officer,CEO,appointment,appointed,"Other than the offer letter, there is no arrangement or understanding between Mr. Ramaswamy and the Company or any other person pursuant to which Mr. Ramaswamy was appointed as Chief Executive Officer of the Company that would require disclosure under Item 401(b) of Regulation S-K under the Securities Act of 1933, as amended."
0001640147-24-000031,1,Emily Ho,"Chief Accounting Officer, as principal accounting officer",PAO,appointment,appointed,"On February 27, 2024, the Company appointed Emily Ho, Chief Accounting Officer, as principal accounting officer for purposes of the Exchange Act."
0001640147-24-000031,2,Michael P. Scarpelli,Chief Financial Officer,CFO,appointment,to serve as,"Ms. Ho assumes the designation of principal accounting officer from Michael P. Scarpelli, who continues, in his capacity as Chief Financial Officer, to serve as the Company’s principal financial officer."
0001640147-24-000031,3,Emily Ho,Chief Accounting Officer,PAO,appointment,appointed,"Ms. Ho, age 44, was appointed as the Company’s Chief Accounting Officer in February 2024."
0001640147-24-000031,4,Emily Ho,principal accounting officer,PAO,appointment,appointment,"In connection with her appointment as principal accounting officer, the compensation committee of the Company's board of directors designated Ms. Ho as a “Tier 2 Covered Employee” under the Company’s Severance and Change in Control Plan (the “ Severance Plan ”), and she will therefore be entitled to the severance terms provided to Tier 2 Covered Employees in the Severance Plan, as described in the section titled “Executive Compensation—Potential Payments Upon Termination or Change in Control” in"
0001640147-24-000031,5,Emily Ho,principal accounting officer,PAO,appointment,appointment,"The Severance Plan is attached as Exhibit 10.7 to the August 2023 8-K. There is no other material plan, contract, or arrangement (whether or not written) to which Ms. Ho is a party or a participant that was entered into or materially amended in connection with her appointment as principal accounting officer, or any grant or award to Ms. Ho or modification thereto, under any such plan, contract or arrangement in connection with her appointment."
0001640147-24-000031,6,Emily Ho,principal accounting officer,PAO,appointment,appointed,There is no arrangement or understanding between Ms. Ho and the Company or any other person pursuant to which Ms. Ho was appointed as principal accounting officer of the Company that would require disclosure under Item 401(b) of Regulation S-K promulgated by the SEC under the Securities Act.
0001645590-22-000041,1,Jeff T. Ricci,"Senior Vice President, Controller and Principal Accounting Officer",PAO,departure,resign,"On June 17, 2022, Jeff T. Ricci notified Hewlett Packard Enterprise Company (the ""Company"") of his intention to resign as the Company's Senior Vice President, Controller and Principal Accounting Officer."
0001645590-22-000041,2,Jeremy Cox,Corporate Controller and Chief Tax Officer,PAO,appointment,appointed,"On June 17, 2022, Jeremy Cox, 45, the Company's current Senior Vice President, Global Tax and Head of Products and Services Finance, was appointed as HPE Corporate Controller and Chief Tax Officer, effective as of the Effective Date."
0001645590-22-000041,3,Jeremy Cox,Senior Vice President,other_exec,appointment,appointment,"Prior to his appointment as Senior Vice President, Global Tax and Head of Products and Services Finance in May 2021, Mr. Cox served as Senior Vice President, Global Tax, Financial Planning and Analysis, and Global Functions Finance from November 2018 to May 2021 and prior to that, as Senior Vice President Global Tax and Internal Audit from September 2017 to November 2018."
0001645590-22-000041,4,Jeremy Cox,Principal Accounting Officer,PAO,appointment,appointment,"As of the date of this Current Report on Form 8-K, no new or other compensatory arrangements have been entered into with Mr. Cox in connection with his appointment as the Company’s Principal Accounting Officer."
0001645590-22-000041,5,Jeremy Cox,Senior Vice President,other_exec,departure,termination of employment,"In all cases, the SPEO cash benefit will not exceed 2.99 times the sum of the executive’s base salary plus target annual incentive as in effect immediately prior to the termination of employment."
0001645590-22-000055,1,Regina E. Dugan,President and CEO,CEO,appointment,appointed,"Effective as of September 22, 2022, the Board of Directors (the “Board”) of Hewlett Packard Enterprise Company (“Hewlett Packard Enterprise”) has appointed Regina E. Dugan, President and CEO of Wellcome Leap Inc., a U.S. non-profit organization that accelerates discovery and innovation for the benefit of human health, to serve as a director of Hewlett Packard Enterprise."
0001645590-22-000055,2,Regina E. Dugan,director,director,election,elect,"In addition, Ms. Dugan was appointed to serve as a member the Technology Committee of the Board, effective as of the same date."
0001645590-23-000005,1,Frank A. D'Amelio,Executive Vice President and CFO,CFO,appointment,appointed,"Effective as of January 10, 2023, the Board of Directors (the “Board”) of Hewlett Packard Enterprise Company (“Hewlett Packard Enterprise”) has appointed Frank A. D'Amelio, the former Executive Vice President and CFO of Pfizer Inc., a research-based global biopharmaceutical company, to serve as a director of Hewlett Packard Enterprise."
0001645590-23-000005,2,Frank A. D'Amelio,director,director,election,elect,"In addition, Mr. D'Amelio was appointed to serve as a member the Audit Committee of the Board, effective as of the same date."
0001645590-23-000076,1,Bethany Mayer,director,director,election,elect,"In addition, Ms. Mayer was appointed to serve as a member the Technology Committee of the Board, effective as of the same date."
0001645590-23-000079,1,Tarek Robbiati,Executive Vice President and Chief Financial Officer,CFO,departure,resign,"On August 3, 2023, Tarek Robbiati notified HPE of his intention to resign as Executive Vice President and Chief Financial Officer of HPE, effective as of August 25, 2023."
0001645590-23-000079,2,Tarek Robbiati,Chief Executive Officer,CEO,departure,departing,"Mr. Robbiati is departing HPE to become the Chief Executive Officer of RingCentral, Inc. Mr. Robbiati’s decision to resign is not a result of any disagreements with the Company, its Board of Directors, or its management on any matter relating to its operations, policies, or practices or any issues regarding financial statements, disclosures (financial or otherwise), financial condition or performance, accounting, or legal matters."
0001645590-23-000079,3,Jeremy K. Cox,"Corporate Controller, Chief Tax Officer and Principal Accounting Officer",PAO,appointment,to serve as,"Mr. Cox will continue to serve as HPE’s Senior Vice President, Corporate Controller, Chief Tax Officer and Principal Accounting Officer."
0001645590-23-000079,4,Jeremy K. Cox,Chief Financial Officer,CFO,appointment,will become,There are no arrangements or understandings between Mr. Cox and any other persons pursuant to which he will become HPE’s Interim Chief Financial Officer.
0001645590-23-000079,5,Jeremy K. Cox,Chief Financial Officer,CFO,appointment,appointment,"As of the date of this Current Report on Form 8-K, no new or other compensatory arrangements have been entered into with Mr. Cox in connection with his appointment as Interim Chief Financial Officer."
0001645590-23-000110,1,Marie Myers,Executive Vice President and Chief Financial Officer,CFO,appointment,appointed,"On December 13, 2023, the Board of Directors (the “Board”) of Hewlett Packard Enterprise Company (“HPE” or the “Company”) appointed Marie Myers to serve as HPE's Executive Vice President and Chief Financial Officer, effective as of January 15, 2024 (the “Effective Date”)."
0001645590-23-000110,2,Jeremy K. Cox,Principal Financial Officer,CFO,appointment,to serve as,"Jeremy K. Cox will continue to serve as Interim Chief Financial Officer and Principal Financial Officer of HPE until the Effective Date, after which, he will continue to serve as HPE's Senior Vice President, Corporate Controller, Chief Tax Officer and Principal Accounting Officer."
0001645590-23-000110,3,Marie Myers,Chief Financial Officer,CFO,appointment,will become,There are no arrangements or understandings between Ms. Myers and any other persons pursuant to which she will become HPE’s Chief Financial Officer.
0001645590-23-000110,4,Marie Myers,Executive Vice President and Chief Financial Officer,CFO,appointment,appointment,"In connection with the appointment of Ms. Myers as Executive Vice President and Chief Financial Officer of HPE, the Company and Ms. Myers have entered into a compensation arrangement providing (i) an initial annual base salary of $850,000; (ii) an annual bonus opportunity with a target of 150% of base salary, up to a maximum of 200% of the target bonus; (iii) a performance-based restricted stock unit grant to be made shortly after the Effective Date that will vest 50% after two years and 50% aft"
0001645590-24-000004,1,,Executive Vice President and Chief People Officer,other_exec,departure,resign,"On January 17, 2024, Alan May notified Hewlett Packard Enterprise Company (“HPE” or the “Company”) of his intention to resign from his role as Executive Vice President and Chief People Officer of HPE, effective as of February 1, 2024."
0001645590-24-000004,2,,executive officer,other_exec,departure,stepping down,"Upon stepping down from such role, Mr. May will cease to be an executive officer of HPE as of such date."
0001645590-25-000081,1,Mr. Calderoni,director,director,election,elect,"Pursuant to the Cooperation Agreement, Mr. Calderoni has been appointed to the Board, the Strategy Committee (as chair) and the Integration Committee (as member) of the Board effective immediately."
0001645590-25-000081,2,Mr. Calderoni,director,director,election,elect,"Mr. Calderoni is not party to any transaction requiring disclosure under Item 404(a) of Regulation S-K. Additionally, there are no arrangements or understandings between Mr. Calderoni and any other person pursuant to which he was appointed as a director, other than with respect to the matters referred to in"
0001193125-22-020651,1,Brett Tighe,Chief Financial Officer,CFO,appointment,Appointment,"Chief Financial Officer Appointment On January 28, 2022, Okta, Inc. (the “ Company ”) announced that Brett Tighe, age 42, who had been serving as the Company’s Chief Financial Officer on an interim basis since June 1, 2021, was appointed as the Company’s permanent Chief Financial Officer effective January 28, 2022."
0001193125-22-020651,2,Brett Tighe,Chief Financial Officer,CFO,appointment,appointment,"In connection with Mr. Tighe’s appointment as Chief Financial Officer, the Compensation Committee (“Compensation Committee”) of the Company’s Board of Directors will grant equity awards covering shares of Company Class A common stock valued at $18 million to Mr. Tighe in the Company’s upcoming executive officer merit cycle, that will vest, subject to Mr. Tighe’s continued employment with the Company on the applicable vesting dates as determined by the Compensation Committee."
0001193125-22-020651,3,Brett Tighe,Chief Financial Officer,CFO,appointment,appointed,There are no arrangements or understandings between Mr. Tighe and any other persons pursuant to which he was appointed as the Chief Financial Officer of the Company.
0001193125-22-128099,1,Michelle Wilson,Board of Directors of the Company (the “Board,director,departure,not stand for re-election,"On April 27, 2022, Michelle Wilson informed Okta, Inc. (the “Company”) that she will not stand for re-election to the Board of Directors of the Company (the “Board”) at the Company’s 2022 Annual Meeting of Stockholders (the “Annual Meeting”) to focus more time on her family."
0001193125-22-196321,1,Shibu Ninan,Principal Accounting Officer,PAO,appointment,Appointment,"Appointment of Principal Accounting Officer On July 18, 2022, Okta, Inc. (the “ Company ”) announced that Shibu Ninan was appointed to the position of Chief Accounting Officer effective August 15, 2022."
0001193125-22-196321,2,Shibu Ninan,principal accounting officer,PAO,appointment,will serve as,"In this position, he will serve as the Company’s principal accounting officer."
0001193125-22-196321,3,Christopher Kramer,principal accounting officer,PAO,departure,cease serving,Christopher Kramer will cease serving in the capacity of principal accounting officer of the Company upon the effective date of Mr. Ninan’s appointment and will assume a role on the Company’s Financial Planning & Analysis team.
0001193125-22-196321,4,Shibu Ninan,Chief Accounting Officer,PAO,appointment,appointment,"In connection with Mr. Ninan’s appointment as Chief Accounting Officer, he will (i) receive an annual base salary of $380,000, (ii) participate in the Company’s Amended and Restated Senior Executive Incentive Bonus Plan with an annual target amount of 45% of his base salary and (iii) participate in the Company’s Executive Severance Plan."
0001193125-22-196321,5,Shibu Ninan,Chief Accounting Officer,PAO,appointment,appointed,There are no arrangements or understandings between Mr. Ninan and any other persons pursuant to which he was appointed as Chief Accounting Officer of the Company.
0001193125-22-226462,1,,director,director,election,elect,"Appointment of New Director Effective August 19, 2022, the Board of Directors (the “ Board ”) of Okta, Inc. (the “ Company ”), upon the recommendation of the Board’s Nominating and Corporate Governance Committee, expanded the size of the Board to ten members and appointed Emilie Choi to the Board as a Class I director."
0001193125-22-226462,2,Emilie Choi,director,director,election,elect,There is no arrangement or understanding between Ms. Choi and any other persons pursuant to which she was appointed as a director.
0001660134-22-000055,1,Susan St,President,president,departure,retire,"On November 30, 2022, the Company announced that Susan St. Ledger, President, Worldwide Field Operations, intends to retire from her position with the Company effective as of January 31, 2023, the end of the Company’s fiscal year 2023."
0001660134-23-000009,1,Jonathan Runyan,Chief Legal Officer and Corporate Secretary,other_exec,departure,succeed/replace,"The Company also announced that Larissa Schwartz, age 51, will succeed Mr. Runyan and become the Company’s new Chief Legal Officer and Corporate Secretary on March 3, 2023."
0001660134-23-000009,2,Larissa Schwartz,Chief Legal Officer and Corporate Secretary,other_exec,appointment,appointed,There are no arrangements or understandings between Ms. Schwartz and any other persons pursuant to which she was appointed as the Chief Legal Officer and Corporate Secretary of the Company.
0001193125-23-127592,1,Patrick Grady,Board of Directors of the Company (the “Board,director,departure,not stand for re-election,"On April 25, 2023, Patrick Grady informed Okta, Inc. (the “Company”) that he will not stand for re-election to the Board of Directors of the Company (the “Board”) at the Company’s 2023 Annual Meeting of Stockholders (the “Annual Meeting”)."
0001660134-23-000044,1,Frederic Kerrest,"Vice Chairman, Chief Operating Officer",COO,departure,will not return,"On August 24, 2023, J. Frederic Kerrest, the Company’s Executive Vice Chairman, Chief Operating Officer and Co-founder, notified the Company that he will not return as an employee from his current sabbatical, which ends on October 31, 2023."
0001660134-23-000044,2,Frederic Kerrest,board of directors as Vice Chairman,other_exec,appointment,to serve as,Mr. Kerrest will continue to serve as a member of the Company’s board of directors as Vice Chairman.
0001193125-18-149450,1,William Welch,chief operating officer,COO,departure,Resignation,"Resignation of William Welch as Chief Operating Officer On April 30, 2018, William Welch, chief operating officer of Zscaler, Inc. (the “Company”), notified the Company that he will resign from his position as the Company’s chief operating officer, effective May 14, 2018."
