final_cik,breach_date,org_name,reported_date,fcc_form499,permno,immediate_disclosure,firm_size_log,leverage,roa,prior_breaches_1yr,health_breach,rs_exec_departure_30_rd,rs_ceo_departure_30_rd,rs_director_departure_30_rd,any_502_30_rd,rs_exec_departure_nopre_30_rd,rs_exec_departure_90_rd,rs_ceo_departure_90_rd,rs_director_departure_90_rd,any_502_90_rd,rs_exec_departure_nopre_90_rd,rs_exec_departure_180_rd,rs_ceo_departure_180_rd,rs_director_departure_180_rd,any_502_180_rd,rs_exec_departure_nopre_180_rd,rs_days_to_first_exec_departure_rd,rs_placebo_exec_departure_rd,rs_baseline_exec_departures_rd,rs_baseline_exec_rate_py_rd,rs_exec_departure_30_bd,rs_ceo_departure_30_bd,rs_director_departure_30_bd,any_502_30_bd,rs_exec_departure_nopre_30_bd,rs_exec_departure_90_bd,rs_ceo_departure_90_bd,rs_director_departure_90_bd,any_502_90_bd,rs_exec_departure_nopre_90_bd,rs_exec_departure_180_bd,rs_ceo_departure_180_bd,rs_director_departure_180_bd,any_502_180_bd,rs_exec_departure_nopre_180_bd,rs_days_to_first_exec_departure_bd,rs_placebo_exec_departure_bd,rs_baseline_exec_departures_bd,rs_baseline_exec_rate_py_bd,exec_departure_30_rd,ceo_departure_30_rd,director_departure_30_rd,exec_departure_nopre_30_rd,exec_departure_90_rd,ceo_departure_90_rd,director_departure_90_rd,exec_departure_nopre_90_rd,exec_departure_180_rd,ceo_departure_180_rd,director_departure_180_rd,exec_departure_nopre_180_rd,days_to_first_exec_departure_rd,placebo_exec_departure_rd,baseline_exec_departures_rd,baseline_exec_rate_py_rd,exec_departure_30_bd,ceo_departure_30_bd,director_departure_30_bd,exec_departure_nopre_30_bd,exec_departure_90_bd,ceo_departure_90_bd,director_departure_90_bd,exec_departure_nopre_90_bd,exec_departure_180_bd,ceo_departure_180_bd,director_departure_180_bd,exec_departure_nopre_180_bd,days_to_first_exec_departure_bd,placebo_exec_departure_bd,baseline_exec_departures_bd,baseline_exec_rate_py_bd,outcome_cik,has_8k_activity,prior12m_mktadj_ret_rd,prior12m_ndays_rd,prior12m_mktadj_ret_bd,prior12m_ndays_bd,sic2,reported_year,breach_year,in_analysis_sample,bd180_before_rd
4904,2018-12-09,American Electric Power,2019-04-26 00:00:00,0,24109.0,0.0,11.078,0.7169,0.0295,0,0,0,0,0,0,0,0,0,0,0,0,0,0,1,1,0,,0,0,0.0,0,0,0,0,0,0,0,0,0,0,0,0,0,0,0,,0,1,0.6636,0,0,0,0,0,0,0,0,0,0,1,0,,0,0,0.0,0,0,0,0,0,0,0,0,0,0,0,0,,0,2,1.3273,4904,1,0.16410170138478186,251,0.07255763211416655,250,49,2019,2018,1,0
4904,2019-02-18,American Electric Power,2019-04-26 00:00:00,0,24109.0,0.0,11.139,0.7214,0.028,1,0,0,0,0,0,0,0,0,0,0,0,0,0,1,1,0,,0,0,0.0,0,0,0,0,0,0,0,0,0,0,0,0,0,0,0,,0,1,0.6636,0,0,0,0,0,0,0,0,0,0,1,0,,0,0,0.0,0,0,0,0,0,0,0,0,0,0,0,0,,0,2,1.3273,4904,1,0.16410170138478186,251,0.1922104459664773,250,49,2019,2019,1,0
8670,2013-04-29,"Automatic Data Processing, Inc.",2013-06-04 00:00:00,0,44644.0,0.0,10.3358,0.8016,0.0451,0,0,0,0,0,0,0,0,0,1,1,0,0,0,1,1,0,,0,1,0.6636,0,0,0,0,0,0,0,0,0,0,0,0,1,1,0,,0,1,0.6636,0,0,0,0,0,0,1,0,0,0,1,0,,0,1,0.6636,0,0,0,0,0,0,0,0,0,0,1,0,,0,1,0.6636,8670,1,0.10397294012485347,250,0.08755085497268333,249,34,2013,2013,1,0
12927,2016-11-21,The Boeing Company,2017-02-09 00:00:00,0,19561.0,0.0,11.4554,0.9322,0.0548,0,0,0,0,0,0,0,0,0,0,0,0,0,0,0,1,0,,1,1,0.6636,0,0,0,0,0,0,0,0,0,0,0,0,0,0,0,,1,2,1.3273,0,0,0,0,0,0,0,0,0,0,0,0,,1,1,0.6636,0,0,0,0,0,0,0,0,0,0,0,0,,1,2,1.3273,12927,1,0.14266994068068017,252,-0.059181393852639985,251,34,2017,2016,1,0
18926,2013-12-27,CenturyLink,2014-05-28 00:00:00,1,60599.0,0.0,10.8971,0.6429,0.0144,0,0,0,0,0,1,0,0,0,0,1,0,0,0,0,1,0,,0,1,0.6636,0,0,0,0,0,0,0,0,0,0,0,0,0,1,0,,0,1,0.6636,0,0,0,0,0,0,0,0,0,0,0,0,,0,1,0.6636,0,0,0,0,0,0,0,0,0,0,0,0,,0,1,0.6636,18926,1,-0.10696507896959262,252,-0.4390626329236216,252,48,2014,2013,1,0
18926,2017-01-30,CenturyLink,2017-02-20 00:00:00,1,60599.0,0.0,10.7583,0.715,0.0133,0,0,0,0,1,1,0,0,0,1,1,0,0,0,1,1,0,,0,1,0.6636,0,0,1,1,0,0,0,1,1,0,0,0,1,1,0,,0,1,0.6636,0,0,1,0,0,0,1,0,0,0,1,0,,0,1,0.6636,0,0,1,0,0,0,1,0,0,0,1,0,,0,1,0.6636,18926,1,-0.39217700508194797,252,-0.12472231268101153,251,48,2017,2017,1,0
18926,2017-02-28,CenturyLink,2017-02-28 00:00:00,1,60599.0,1.0,10.7583,0.715,0.0133,1,0,0,0,0,0,0,0,0,0,0,0,0,0,0,1,0,,0,1,0.6636,0,0,0,0,0,0,0,0,0,0,0,0,0,1,0,,0,1,0.6636,0,0,0,0,0,0,0,0,0,0,0,0,,0,1,0.6636,0,0,0,0,0,0,0,0,0,0,0,0,,0,1,0.6636,18926,1,-0.37678346873980395,252,-0.37678346873980395,252,48,2017,2017,1,0
18926,2020-08-20,CenturyLink Communications,2020-09-25 00:00:00,1,60599.0,0.0,11.0782,0.7919,-0.0814,0,0,0,0,0,0,0,0,0,0,0,0,1,0,0,1,1,117.0,0,1,0.6636,0,0,0,0,0,0,0,0,0,0,1,0,0,1,1,153.0,0,2,1.3273,0,0,0,0,0,0,0,0,1,0,0,1,117.0,0,1,0.6636,0,0,0,0,0,0,0,0,1,0,0,1,153.0,0,2,1.3273,18926,1,-0.2400485985168913,252,-0.07817425797510946,252,48,2020,2020,1,0
18926,2022-03-15,Centurylink Communications,2022-04-21 00:00:00,1,60599.0,0.0,10.9681,0.7958,0.0351,0,0,0,0,0,0,0,0,0,0,0,0,1,1,0,1,1,145.0,1,1,0.6636,1,0,0,1,1,1,0,0,1,1,1,0,0,1,1,13.0,0,1,0.6636,0,0,0,0,0,0,0,0,1,1,0,1,145.0,1,1,0.6636,1,0,0,1,1,0,0,1,1,0,0,1,13.0,0,1,0.6636,18926,1,-0.05781846224917797,253,-0.18109495033688572,253,48,2022,2022,1,0
20520,2022-02-24,Frontier Communications,2022-05-04 00:00:00,1,21297.0,0.0,9.71,0.7209,0.3006,0,0,0,0,0,0,0,1,0,0,1,1,1,0,0,1,1,51.0,0,5,3.3182,0,0,0,0,0,0,0,0,0,0,1,0,0,1,1,120.0,0,6,3.9818,0,0,0,0,1,0,0,1,1,0,0,1,51.0,0,5,3.3182,0,0,0,0,0,0,0,0,1,0,0,1,120.0,0,6,3.9818,20520,1,-0.013426937182566268,252,-0.031855235706626184,204,48,2022,2022,1,0
20520,2023-12-18,"Frontier Communications Parent, Inc.",2024-06-12 00:00:00,1,21297.0,0.0,9.8322,0.7243,0.0237,0,0,0,0,0,0,0,0,0,0,0,0,0,0,0,0,0,,0,1,0.6636,0,0,0,0,0,0,0,0,1,0,0,0,0,1,0,,0,1,0.6636,0,0,0,0,0,0,0,0,0,0,0,0,,0,1,0.6636,0,0,0,0,0,0,0,0,0,0,0,0,,0,1,0.6636,20520,1,0.24947791477823378,251,-0.19654183205820042,250,48,2024,2023,1,0
20520,2024-04-13,"Frontier Communications Parent, Inc.",2024-06-06 00:00:00,1,21297.0,0.0,9.9376,0.7449,0.0014,1,0,0,0,0,0,0,0,0,0,0,0,0,0,0,0,0,,0,1,0.6636,0,0,0,0,0,0,0,0,1,0,0,0,0,1,0,,0,1,0.6636,0,0,0,0,0,0,0,0,0,0,0,0,,0,1,0.6636,0,0,0,0,0,0,0,0,0,0,0,0,,0,1,0.6636,20520,1,0.45272480125043724,251,-0.1584292073564273,251,48,2024,2024,1,0
20520,2024-06-10,"Frontier Communications Parent, Inc.",2024-06-10 00:00:00,1,21297.0,1.0,9.9376,0.7449,0.0014,2,0,0,0,0,0,0,0,0,0,0,0,0,0,0,0,0,,0,1,0.6636,0,0,0,0,0,0,0,0,0,0,0,0,0,0,0,,0,1,0.6636,0,0,0,0,0,0,0,0,0,0,0,0,,0,1,0.6636,0,0,0,0,0,0,0,0,0,0,0,0,,0,1,0.6636,20520,1,0.3298754347758852,250,0.3298754347758852,250,48,2024,2024,1,0
27904,2017-09-01,"Delta Air Lines, Inc.",2018-04-13 00:00:00,0,91926.0,0.0,10.8447,0.7603,0.0853,0,0,0,0,0,1,0,0,0,0,1,0,0,0,0,1,0,,0,1,0.6636,0,0,0,0,0,0,0,0,1,0,0,0,0,1,0,,0,2,1.3273,0,0,0,0,0,0,0,0,0,0,0,0,,0,0,0.0,0,0,0,0,0,0,0,0,0,0,0,0,,0,1,0.6636,27904,1,0.053800689193113316,251,0.15174773486497228,252,34,2018,2017,1,1
27904,2017-09-26,"Delta Air Lines, Inc.",2018-04-13 00:00:00,0,91926.0,0.0,10.8447,0.7603,0.0853,1,0,0,0,0,1,0,0,0,0,1,0,0,0,0,1,0,,0,1,0.6636,0,0,0,1,0,0,0,0,1,0,0,0,0,1,0,,0,2,1.3273,0,0,0,0,0,0,0,0,0,0,0,0,,0,0,0.0,0,0,0,0,0,0,0,0,0,0,0,0,,0,1,0.6636,27904,1,0.053800689193113316,251,0.09844527939294778,252,34,2018,2017,1,1
33185,2014-01-31,"Equifax, Inc.",2014-03-05 00:00:00,0,52476.0,0.0,8.4207,0.4843,0.0775,0,0,0,0,0,0,0,1,0,0,1,1,1,0,0,1,1,68.0,0,1,0.6636,0,0,0,0,0,0,0,0,0,0,1,0,0,1,1,101.0,0,1,0.6636,0,0,0,0,1,0,0,1,1,0,0,1,68.0,0,1,0.6636,0,0,0,0,0,0,0,0,1,0,0,1,101.0,0,1,0.6636,33185,1,0.023408433845264254,252,0.014289995473472983,252,34,2014,2014,1,0
33185,2016-01-01,TALX Corporation,2017-05-15 00:00:00,0,52476.0,0.0,8.4138,0.4787,0.0952,0,0,0,0,0,0,0,0,0,0,0,0,1,1,0,1,1,134.0,0,0,0.0,0,0,0,0,0,0,0,0,0,0,0,0,0,0,0,,0,1,0.6636,0,0,0,0,0,0,0,0,1,1,0,1,134.0,0,0,0.0,0,0,0,0,0,0,0,0,0,0,0,0,,0,1,0.6636,33185,1,-0.08033579014236802,251,0.40932821439379496,252,34,2017,2016,1,1
33185,2016-04-18,TALX Corporation,2017-07-21 00:00:00,0,52476.0,0.0,8.4138,0.4787,0.0952,1,0,0,0,0,0,0,1,1,0,1,1,1,1,0,1,1,67.0,0,0,0.0,0,0,0,0,0,0,0,0,0,0,0,0,0,1,0,,0,1,0.6636,0,0,0,0,1,1,0,1,1,1,0,1,67.0,0,0,0.0,0,0,0,0,0,0,0,0,0,0,0,0,,0,1,0.6636,33185,1,-0.09810201221208881,252,0.2997307966461814,251,34,2017,2016,1,1
33185,2017-03-09,TALX Corporation,2017-05-19 00:00:00,0,52476.0,0.0,8.8045,0.5916,0.0733,1,0,0,0,0,0,0,0,0,0,0,0,1,1,0,1,1,130.0,0,0,0.0,0,0,0,0,0,0,0,0,0,0,0,0,0,0,0,,0,0,0.0,0,0,0,0,0,0,0,0,1,1,0,1,130.0,0,0,0.0,0,0,0,0,0,0,0,0,0,0,0,0,,0,0,0.0,33185,1,-0.06450558919870297,252,0.034144279530827104,252,34,2017,2017,1,0
40704,2022-11-18,"General Mills, Inc.",2023-01-12 00:00:00,0,17144.0,0.0,10.3446,0.653,0.0871,0,0,0,0,0,0,0,0,0,0,0,0,0,0,1,1,0,,0,1,0.6636,0,0,0,0,0,0,0,0,0,0,0,0,1,1,0,,0,1,0.6636,0,0,0,0,0,0,0,0,0,0,1,0,,0,1,0.6636,0,0,0,0,0,0,0,0,0,0,1,0,,0,1,0.6636,40704,1,0.41306095190161507,251,0.47818439685407177,252,20,2023,2022,1,0
43196,2016-02-16,"Gray Television, Inc.",2016-08-31 00:00:00,0,83989.0,0.0,7.67,0.7997,0.0183,0,0,0,0,0,1,0,0,0,0,1,0,0,0,0,1,0,,0,0,0.0,0,0,0,0,0,0,0,0,0,0,0,0,0,1,0,,0,0,0.0,0,0,0,0,0,0,0,0,0,0,0,0,,0,0,0.0,0,0,0,0,0,0,0,0,0,0,0,0,,0,0,0.0,43196,1,-0.14333576448354513,252,0.1567636833718169,251,48,2016,2016,1,1
43196,2016-08-08,Gray Television,2016-08-31 00:00:00,0,83989.0,0.0,7.67,0.7997,0.0183,1,0,0,0,0,1,0,0,0,0,1,0,0,0,0,1,0,,0,0,0.0,0,0,0,0,0,0,0,0,1,0,0,0,0,1,0,,0,0,0.0,0,0,0,0,0,0,0,0,0,0,0,0,,0,0,0.0,0,0,0,0,0,0,0,0,0,0,0,0,,0,0,0.0,43196,1,-0.14333576448354513,252,-0.2821056512959388,251,48,2016,2016,1,0
43196,2021-09-01,"Gray Television, Inc.",2022-02-21 00:00:00,0,83989.0,0.0,8.9415,0.6856,0.0536,0,0,0,0,0,1,0,0,0,0,1,0,0,0,0,1,0,,0,0,0.0,0,0,0,0,0,0,0,0,0,0,0,0,0,0,0,,0,0,0.0,0,0,0,0,0,0,0,0,0,0,0,0,,0,0,0.0,0,0,0,0,0,0,0,0,0,0,0,0,,0,0,0.0,43196,1,0.10058532438487533,253,0.15535635827512784,252,48,2022,2021,1,0
47111,2023-09-03,The Hershey Company,2023-12-07 00:00:00,0,16600.0,0.0,9.301,0.6986,0.1502,0,1,0,0,0,0,0,0,0,0,0,0,0,0,0,0,0,,0,0,0.0,0,0,0,0,0,0,0,0,0,0,0,0,0,0,0,,0,0,0.0,0,0,0,0,0,0,0,0,0,0,0,0,,0,0,0.0,0,0,0,0,0,0,0,0,0,0,0,0,,0,0,0.0,47111,1,-0.3199126458949809,251,-0.17668700213368682,250,20,2023,2023,1,0
47217,2007-07-01,Hewlett-Packard Company,2007-08-16 00:00:00,0,27828.0,0.0,11.3142,0.5347,0.0756,0,0,0,0,0,0,0,0,0,0,0,0,0,0,0,1,0,,0,4,2.6545,0,0,0,0,0,0,0,0,0,0,0,0,0,0,0,,1,3,1.9909,0,0,0,0,0,0,0,0,0,0,0,0,,0,3,1.9909,0,0,0,0,0,0,0,0,0,0,0,0,,1,2,1.3273,47217,1,0.24468012025716313,251,0.20652024633056132,250,35,2007,2007,1,0
47217,2007-08-16,Hewlett Packard Company,2007-08-16 00:00:00,0,27828.0,1.0,11.3142,0.5347,0.0756,1,0,0,0,0,0,0,0,0,0,0,0,0,0,0,1,0,,0,4,2.6545,0,0,0,0,0,0,0,0,0,0,0,0,0,1,0,,0,4,2.6545,0,0,0,0,0,0,0,0,0,0,0,0,,0,3,1.9909,0,0,0,0,0,0,0,0,0,0,0,0,,0,3,1.9909,47217,1,0.24468012025716313,251,0.24468012025716313,251,35,2007,2007,1,0
47217,2008-12-04,Hewlett-Packard Company,2008-12-04 00:00:00,0,27828.0,1.0,11.6381,0.6564,0.0735,0,0,0,0,0,0,0,0,0,1,1,0,0,0,1,1,0,,0,2,1.3273,0,0,0,0,0,0,0,1,1,0,0,0,1,1,0,,0,2,1.3273,0,0,0,0,0,0,1,0,0,0,1,0,,0,2,1.3273,0,0,0,0,0,0,1,0,0,0,1,0,,0,2,1.3273,47217,1,0.10104990586868567,252,0.10104990586868567,252,35,2008,2008,1,0
47217,2008-12-08,Hewlett-Packard Company,2008-12-08 00:00:00,0,27828.0,1.0,11.6381,0.6564,0.0735,1,0,0,0,0,0,0,0,0,1,1,0,0,0,1,1,0,,0,2,1.3273,0,0,0,0,0,0,0,1,1,0,0,0,1,1,0,,0,2,1.3273,0,0,0,0,0,0,1,0,0,0,1,0,,0,2,1.3273,0,0,0,0,0,0,1,0,0,0,1,0,,0,2,1.3273,47217,1,0.0753994412988892,251,0.0753994412988892,251,35,2008,2008,1,0
47217,2010-02-09,Hewlett-Packard Company,2010-02-09 00:00:00,0,27828.0,1.0,11.6509,0.6471,0.0667,0,0,0,0,0,0,0,0,0,0,1,0,1,1,0,1,0,178.0,0,0,0.0,0,0,0,0,0,0,0,0,1,0,1,1,0,1,0,178.0,0,0,0.0,0,0,0,0,0,0,0,0,1,1,0,0,178.0,0,0,0.0,0,0,0,0,0,0,0,0,1,1,0,0,178.0,0,0,0.0,47217,1,0.02176464720698723,252,0.02176464720698723,252,35,2010,2010,1,0
51143,2007-02-23,IBM,2007-04-26 00:00:00,0,12490.0,0.0,11.5448,0.7239,0.0919,0,0,0,0,0,0,0,0,0,0,1,0,0,0,0,1,0,,0,0,0.0,0,0,0,0,0,0,0,0,0,0,0,0,0,1,0,,0,0,0.0,0,0,0,0,0,0,0,0,0,0,0,0,,0,0,0.0,0,0,0,0,0,0,0,0,0,0,0,0,,0,0,0.0,51143,1,0.07774435546320002,251,0.07165154148865249,251,35,2007,2007,1,0
51143,2011-04-14,IBM,2011-04-14 00:00:00,0,12490.0,1.0,11.6391,0.7958,0.1307,0,0,0,0,0,0,0,0,0,0,0,0,0,0,0,0,0,,0,0,0.0,0,0,0,0,0,0,0,0,0,0,0,0,0,0,0,,0,0,0.0,0,0,0,0,0,0,0,0,0,0,0,0,,0,0,0.0,0,0,0,0,0,0,0,0,0,0,0,0,,0,0,0.0,51143,1,0.1567621930682117,254,0.1567621930682117,254,35,2011,2011,1,0
73309,2023-05-26,Nucor Corporation,2023-06-28 00:00:00,0,34817.0,0.0,10.3884,0.3975,0.2342,0,0,0,0,0,0,0,0,0,0,1,0,0,0,0,1,0,,0,1,0.6636,0,0,0,0,0,0,0,0,1,0,0,0,0,1,0,,0,1,0.6636,0,0,0,0,0,0,0,0,0,0,0,0,,0,1,0.6636,0,0,0,0,0,0,0,0,0,0,0,0,,0,1,0.6636,73309,1,0.3635164773344921,251,0.023512949549076678,251,10,2023,2023,1,0
75362,2018-01-22,PACCAR,2018-02-14 00:00:00,0,60506.0,0.0,10.0622,0.6566,0.0715,0,0,0,0,1,1,0,0,0,1,1,0,0,0,1,1,0,,0,1,0.6636,0,0,1,1,0,0,0,1,1,0,0,0,1,1,0,,0,1,0.6636,0,0,1,0,0,0,1,0,0,0,1,0,,0,1,0.6636,0,0,1,0,0,0,1,0,0,0,1,0,,0,1,0.6636,75362,1,-0.1404768225963544,252,-0.03214785964200395,251,34,2018,2018,1,0
76334,2022-03-11,Parker-Hannifin Corporation,2022-05-12 00:00:00,0,41355.0,0.0,9.9204,0.5864,0.0858,0,1,0,0,0,0,0,1,0,0,1,0,1,1,0,1,1,77.0,0,1,0.6636,0,0,0,0,0,0,0,0,0,0,1,0,0,1,0,139.0,0,1,0.6636,0,0,0,0,1,0,0,0,1,1,0,1,77.0,0,2,1.3273,0,0,0,0,0,0,0,0,1,0,0,0,139.0,0,2,1.3273,76334,1,-0.05610198248523646,253,-0.13781251067997324,253,34,2022,2022,1,0
77476,2021-02-24,"PepsiCo, Inc.",2022-10-07 00:00:00,0,13856.0,0.0,11.4395,0.8542,0.0766,0,0,0,0,0,0,0,0,0,0,0,0,0,0,0,0,0,,0,0,0.0,0,0,0,0,0,0,0,0,0,0,0,0,0,1,0,,0,1,0.6636,0,0,0,0,0,0,0,0,0,0,0,0,,0,0,0.0,0,0,0,0,0,0,0,0,0,0,0,0,,0,1,0.6636,77476,1,0.23775097213099194,252,-0.30441589431053306,252,20,2022,2021,1,1
78003,2006-12-01,Pfizer Inc,2007-08-24 00:00:00,0,21936.0,0.0,11.6747,0.4418,0.0688,0,0,0,0,0,0,0,1,0,0,1,1,1,0,0,1,1,67.0,1,2,1.3273,1,1,0,1,0,1,1,1,1,0,1,1,1,1,1,20.0,1,0,0.0,0,0,0,0,1,0,0,1,1,0,0,1,67.0,1,1,0.6636,0,0,0,0,0,0,1,0,1,0,1,1,173.0,1,0,0.0,78003,1,-0.216903413110482,251,0.19124559129118035,252,28,2007,2006,1,1
91419,2010-04-05,The J.M. Smucker Company,2010-04-29 00:00:00,0,42585.0,0.0,9.0109,0.397,0.0325,0,0,0,0,0,0,0,0,0,0,0,0,0,0,0,1,0,,0,2,1.3273,0,0,0,0,0,0,0,0,0,0,0,0,0,1,0,,0,2,1.3273,0,0,0,0,0,0,0,0,0,0,0,0,,0,1,0.6636,0,0,0,0,0,0,0,0,0,0,0,0,,0,1,0.6636,91419,1,0.21380503414916285,252,0.1673116559915342,250,20,2010,2010,1,0
91440,2022-03-01,Snap-on Incorporated,2022-04-07 00:00:00,0,60206.0,0.0,8.8187,0.3781,0.1214,0,1,0,0,0,0,0,0,0,0,0,0,0,0,0,0,0,,0,1,0.6636,0,0,0,0,0,0,0,0,0,0,0,0,0,0,0,,0,1,0.6636,0,0,0,0,0,0,0,0,0,0,0,0,,0,1,0.6636,0,0,0,0,0,0,0,0,0,0,0,0,,0,1,0.6636,91440,1,-0.150358509750543,254,-0.039869602038103524,253,34,2022,2022,1,0
92380,2017-10-01,Southwest Airlines Co.,2018-04-20 00:00:00,0,58683.0,0.0,10.0556,0.6375,0.0964,0,0,0,0,0,0,0,0,0,0,0,0,0,0,0,0,0,,0,2,1.3273,0,0,0,0,0,0,0,0,0,0,0,0,0,0,0,,1,1,0.6636,0,0,0,0,0,0,0,0,0,0,0,0,,0,3,1.9909,0,0,0,0,0,0,0,0,0,0,0,0,,1,1,0.6636,92380,1,-0.15345350536698588,252,0.2703065730636258,251,34,2018,2017,1,1
92380,2018-03-01,Southwest Airlines Co.,2018-04-20 00:00:00,0,58683.0,0.0,10.131,0.5846,0.1389,1,0,0,0,0,0,0,0,0,0,0,0,0,0,0,0,0,,0,2,1.3273,0,0,0,0,0,0,0,0,0,0,0,0,0,0,0,,0,2,1.3273,0,0,0,0,0,0,0,0,0,0,0,0,,0,3,1.9909,0,0,0,0,0,0,0,0,0,0,0,0,,0,3,1.9909,92380,1,-0.15345350536698588,252,-0.14509544215620007,252,34,2018,2018,1,0
96021,2023-01-14,Sysco Corporation,2023-05-16 00:00:00,0,52038.0,0.0,10.0027,0.936,0.0615,0,0,0,0,0,0,0,0,0,0,1,0,1,0,1,1,1,115.0,1,1,0.6636,0,0,0,0,0,1,0,0,1,1,1,0,0,1,1,73.0,1,1,0.6636,0,0,0,0,0,0,0,0,1,0,1,1,115.0,1,1,0.6636,0,0,0,0,1,0,0,1,1,0,0,1,73.0,1,1,0.6636,96021,1,-0.13245282685368298,251,0.1576546102287817,251,20,2023,2023,1,0
101830,2009-02-01,Sprint Nextel,2009-06-12 00:00:00,1,39087.0,0.0,10.9725,0.6634,-0.048,0,0,0,0,0,0,0,0,0,0,1,0,1,0,0,1,1,126.0,1,4,2.6545,1,0,0,1,1,1,0,0,1,1,1,0,0,1,1,30.0,1,2,1.3273,0,0,0,0,0,0,0,0,1,0,0,1,126.0,1,4,2.6545,1,0,0,1,1,0,0,1,1,0,0,1,30.0,1,2,1.3273,101830,1,-0.12515888948680665,252,-0.36511315534277744,251,48,2009,2009,1,0
101830,2012-08-01,Sprint Nextel,2009-03-30 00:00:00,1,39087.0,,10.8074,0.7686,-0.0585,0,0,0,0,0,0,0,0,0,0,0,0,0,0,0,1,0,,1,2,1.3273,0,0,0,1,0,0,0,0,1,0,0,0,0,1,0,,1,2,1.3273,0,0,0,0,0,0,0,0,0,0,0,0,,1,2,1.3273,0,0,0,0,0,0,0,0,0,0,0,0,,0,1,0.6636,101830,1,-0.01322827254931791,252,-0.03513812099993485,252,48,2009,2012,1,0
101830,2015-08-17,Sprint Corporation,2020-04-09 00:00:00,1,14040.0,0.0,11.327,0.7385,-0.0403,0,0,0,0,0,0,0,0,0,0,0,0,0,0,0,0,0,,1,1,0.6636,0,0,0,0,0,1,0,0,1,1,1,0,0,1,1,59.0,1,4,2.6545,0,0,0,0,0,0,0,0,0,0,0,0,,1,0,0.0,0,0,0,0,1,0,0,1,1,0,0,1,59.0,1,5,3.3182,101830,1,0.594774121767626,246,-0.32609459825095877,251,48,2020,2015,1,1
101830,2017-05-01,Sprint Corporation,2017-09-20 00:00:00,1,14040.0,0.0,11.3519,0.779,-0.0142,0,0,0,0,0,0,0,0,0,0,0,0,1,0,0,1,0,106.0,0,1,0.6636,0,0,0,0,0,0,0,0,0,0,0,0,0,0,0,,0,2,1.3273,0,0,0,0,0,0,0,0,1,1,0,0,106.0,0,1,0.6636,0,0,0,0,0,0,0,0,0,0,0,0,,0,2,1.3273,101830,1,0.04299833441850609,252,1.4550985324258343,251,48,2017,2017,1,0
101830,2017-05-07,Sprint,2017-09-20 00:00:00,1,14040.0,0.0,11.3519,0.779,-0.0142,1,0,0,0,0,0,0,0,0,0,0,0,1,0,0,1,0,106.0,0,1,0.6636,0,0,0,0,0,0,0,0,0,0,0,0,0,0,0,,0,2,1.3273,0,0,0,0,0,0,0,0,1,1,0,0,106.0,0,1,0.6636,0,0,0,0,0,0,0,0,0,0,0,0,,0,2,1.3273,101830,1,0.04299833441850609,252,1.0791152850301347,251,48,2017,2017,1,0
101830,2018-03-02,Sprint Corporation,2018-03-30 00:00:00,1,14040.0,0.0,11.3519,0.779,-0.0142,2,0,0,0,0,0,0,0,0,1,1,0,1,1,1,1,0,94.0,1,0,0.0,0,0,0,0,0,0,0,1,1,0,1,1,1,1,0,122.0,1,0,0.0,0,0,0,0,0,0,1,0,0,0,1,0,,1,0,0.0,0,0,0,0,0,0,1,0,0,0,1,0,,1,0,0.0,101830,1,-0.5566276742159515,252,-0.5326123417980937,252,48,2018,2018,1,0
101830,2019-03-14,Sprint Corporation,2019-05-09 00:00:00,1,14040.0,0.0,11.3558,0.6909,0.0865,0,0,0,0,0,1,0,0,0,0,1,0,0,0,0,1,0,,0,2,1.3273,0,0,0,0,0,0,0,0,1,0,0,0,0,1,0,,0,2,1.3273,0,0,0,0,0,0,0,0,0,0,0,0,,0,2,1.3273,0,0,0,0,0,0,0,0,0,0,0,0,,0,2,1.3273,101830,1,0.012208783664117151,251,0.1635662817220791,251,48,2019,2019,1,0
101830,2019-05-09,Sprint Corporation,2019-05-09 00:00:00,1,14040.0,1.0,11.3457,0.6912,-0.023,1,0,0,0,0,1,0,0,0,0,1,0,0,0,0,1,0,,0,2,1.3273,0,0,0,1,0,0,0,0,1,0,0,0,0,1,0,,0,2,1.3273,0,0,0,0,0,0,0,0,0,0,0,0,,0,2,1.3273,0,0,0,0,0,0,0,0,0,0,0,0,,0,2,1.3273,101830,1,0.012208783664117151,251,0.012208783664117151,251,48,2019,2019,1,0
101830,2019-06-02,Sprint,2019-07-11 00:00:00,1,14040.0,0.0,11.3457,0.6912,-0.023,2,0,0,0,0,0,0,0,0,0,0,0,0,0,0,0,0,,0,2,1.3273,0,0,0,0,0,0,0,0,0,0,0,0,0,0,0,,0,2,1.3273,0,0,0,0,0,0,0,0,0,0,0,0,,0,2,1.3273,0,0,0,0,0,0,0,0,0,0,0,0,,0,2,1.3273,101830,1,0.2028996775094165,251,0.31293491105863214,250,48,2019,2019,1,0
101830,2019-06-08,Sprint,2019-06-08 00:00:00,1,14040.0,1.0,11.3457,0.6912,-0.023,3,0,0,0,0,0,0,0,0,0,0,0,0,0,0,0,0,,0,2,1.3273,0,0,0,0,0,0,0,0,0,0,0,0,0,0,0,,0,2,1.3273,0,0,0,0,0,0,0,0,0,0,0,0,,0,2,1.3273,0,0,0,0,0,0,0,0,0,0,0,0,,0,2,1.3273,101830,1,0.3244297301942842,251,0.3244297301942842,251,48,2019,2019,1,0
101830,2019-06-22,Sprint,2019-07-11 00:00:00,1,14040.0,0.0,11.3457,0.6912,-0.023,4,0,0,0,0,0,0,0,0,0,0,0,0,0,0,0,0,,0,2,1.3273,0,0,0,0,0,0,0,0,0,0,0,0,0,0,0,,0,2,1.3273,0,0,0,0,0,0,0,0,0,0,0,0,,0,2,1.3273,0,0,0,0,0,0,0,0,0,0,0,0,,0,2,1.3273,101830,1,0.2028996775094165,251,0.21559944827860522,251,48,2019,2019,1,0
101830,2019-08-13,Sprint Corporation,2020-03-31 00:00:00,1,14040.0,0.0,11.3457,0.6912,-0.023,5,0,1,0,0,1,1,1,0,0,1,1,1,0,0,1,1,1.0,0,1,0.6636,0,0,0,0,0,0,0,0,0,0,0,0,0,0,0,,0,2,1.3273,1,0,0,1,1,0,0,1,1,0,0,1,1.0,0,0,0.0,0,0,0,0,0,0,0,0,0,0,0,0,,0,2,1.3273,101830,1,0.5851931502578949,252,0.10120514273972647,251,48,2020,2019,1,1
277135,2017-08-23,"W.W. Grainger, Inc.",2017-09-18 00:00:00,0,52695.0,0.0,8.6472,0.6653,0.1064,0,0,0,0,0,0,0,0,0,0,1,0,0,0,0,1,0,,1,2,1.3273,0,0,0,0,0,0,0,0,0,0,0,0,0,1,0,,1,2,1.3273,0,0,0,0,0,0,0,0,0,0,0,0,,1,2,1.3273,0,0,0,0,0,0,0,0,0,0,0,0,,1,2,1.3273,277135,1,-0.3942928737241679,251,-0.40819489660868513,252,34,2017,2017,1,0
277135,2017-09-26,W.W. Grainger Inc.,2018-04-20 00:00:00,0,52695.0,0.0,8.6472,0.6653,0.1064,1,0,0,0,0,0,0,0,0,0,0,0,0,0,0,0,0,,1,4,2.6545,0,0,0,0,0,0,0,0,1,0,0,0,0,1,0,,1,2,1.3273,0,0,0,0,0,0,0,0,0,0,0,0,,1,3,1.9909,0,0,0,0,0,0,0,0,0,0,0,0,,1,2,1.3273,277135,1,0.41014269413580484,252,-0.32519486325015656,252,34,2018,2017,1,1
315293,2020-12-17,Aon Corporation,2021-05-21 00:00:00,0,61735.0,0.0,10.2889,0.8827,0.0521,0,0,0,0,0,0,0,1,0,0,1,1,1,0,0,1,1,41.0,1,2,1.3273,0,0,0,0,0,1,0,0,1,0,1,0,0,1,0,43.0,0,2,1.3273,0,0,0,0,1,0,0,1,1,0,0,1,41.0,1,2,1.3273,0,0,0,0,1,0,0,0,1,0,0,0,43.0,0,2,1.3273,315293,1,-0.13690495511623313,252,-0.187646731891274,252,62,2021,2020,1,0
318154,2021-04-21,Amgen Inc.,2021-06-22 00:00:00,0,14008.0,0.0,11.0501,0.8505,0.1154,0,0,0,0,0,0,0,0,0,0,1,0,0,0,0,1,0,,0,1,0.6636,0,0,0,0,0,0,0,0,0,0,0,0,0,1,0,,0,1,0.6636,0,0,0,0,0,0,0,0,0,0,0,0,,0,3,1.9909,0,0,0,0,0,0,0,0,0,0,0,0,,0,3,1.9909,318154,1,-0.37784515247329176,252,-0.40906911859838924,252,28,2021,2021,1,0
318154,2023-08-16,Amgen Inc.,2024-09-25 00:00:00,0,14008.0,0.0,11.084,0.9438,0.1006,0,0,0,0,0,0,0,0,0,0,0,0,0,0,0,0,0,,0,1,0.6636,0,0,0,0,0,0,0,0,0,0,0,0,0,1,0,,1,0,0.0,0,0,0,0,0,0,0,0,0,0,0,0,,0,1,0.6636,0,0,0,0,0,0,0,0,0,0,0,0,,1,0,0.0,318154,1,-0.03923143536400131,251,0.0642347057650432,251,28,2024,2023,1,1
320193,2010-06-01,Apple Inc.,2010-06-09 00:00:00,0,14593.0,0.0,10.7685,0.3339,0.1734,0,0,0,0,0,0,0,0,0,0,0,0,0,0,0,1,0,,0,0,0.0,0,0,0,0,0,0,0,0,0,0,0,0,0,1,0,,0,0,0.0,0,0,0,0,0,0,0,0,0,0,0,0,,0,0,0.0,0,0,0,0,0,0,0,0,0,0,0,0,,0,0,0.0,320193,1,0.5694033839709152,252,0.6687386006060589,252,35,2010,2010,1,0
320193,2013-07-18,Apple Inc.,2013-07-21 00:00:00,0,14593.0,1.0,12.0786,0.3286,0.237,0,0,1,0,0,1,1,1,0,0,1,1,1,0,0,1,1,9.0,0,2,1.3273,1,0,0,1,1,1,0,0,1,1,1,0,0,1,1,12.0,0,2,1.3273,1,0,0,1,1,0,0,1,1,0,0,1,9.0,0,2,1.3273,1,0,0,1,1,0,0,1,1,0,0,1,12.0,0,2,1.3273,320193,1,-0.5457860802144471,249,-0.5300207462969696,250,35,2013,2013,1,0
320193,2014-08-31,Apple Inc.,2014-08-31 00:00:00,0,14593.0,1.0,12.2405,0.4031,0.1789,0,0,0,0,0,0,0,0,0,0,0,0,0,0,0,0,0,,1,1,0.6636,0,0,0,0,0,0,0,0,0,0,0,0,0,0,0,,1,1,0.6636,0,0,0,0,0,0,0,0,0,0,0,0,,1,1,0.6636,0,0,0,0,0,0,0,0,0,0,0,0,,1,1,0.6636,320193,1,0.2677887568373478,251,0.2677887568373478,251,35,2014,2014,1,0
320193,2015-07-01,Apple Inc.,2015-08-25 00:00:00,0,14593.0,0.0,12.3538,0.5189,0.1704,1,0,0,0,0,0,0,0,0,0,1,0,0,0,0,1,0,,0,2,1.3273,0,0,0,0,0,0,0,0,0,0,0,0,0,1,0,,0,3,1.9909,0,0,0,0,0,0,0,0,0,0,0,0,,0,1,0.6636,0,0,0,0,0,0,0,0,0,0,0,0,,0,2,1.3273,320193,1,0.08715786591666674,252,0.324352277372415,252,35,2015,2015,1,0
320193,2015-09-18,Apple Inc.,2015-09-16 00:00:00,0,14593.0,1.0,12.3538,0.5189,0.1704,1,0,0,0,0,1,0,0,0,0,1,0,0,0,0,1,0,,0,2,1.3273,0,0,0,1,0,0,0,0,1,0,0,0,0,1,0,,0,2,1.3273,0,0,0,0,0,0,0,0,0,0,0,0,,0,1,0.6636,0,0,0,0,0,0,0,0,0,0,0,0,,0,1,0.6636,320193,1,0.17051361725334546,252,0.1464787907156645,252,35,2015,2015,1,0
320193,2019-02-02,Apple Inc.,2019-05-30 00:00:00,0,14593.0,0.0,12.8096,0.707,0.1628,0,0,0,0,0,0,0,0,0,0,0,0,0,0,1,1,0,,1,1,0.6636,1,0,0,1,1,1,0,0,1,1,1,0,0,1,1,4.0,0,1,0.6636,0,0,0,0,0,0,0,0,0,0,1,0,,1,1,0.6636,1,0,0,1,1,0,0,1,1,0,0,1,4.0,0,1,0.6636,320193,1,-0.07683836304843394,251,0.034814189668658235,251,35,2019,2019,1,0
320193,2020-11-01,Apple Inc.,2020-11-01 00:00:00,0,14593.0,1.0,12.6882,0.7983,0.1773,0,0,0,0,0,0,0,0,0,0,1,0,0,0,0,1,0,,0,1,0.6636,0,0,0,0,0,0,0,0,1,0,0,0,0,1,0,,0,1,0.6636,0,0,0,0,0,0,0,0,0,0,0,0,,0,1,0.6636,0,0,0,0,0,0,0,0,0,0,0,0,,0,1,0.6636,320193,1,0.6355135875229592,251,0.6355135875229592,251,35,2020,2020,1,0
354190,2017-06-01,Gallagher NAC,2017-11-13 00:00:00,0,38093.0,0.0,9.3492,0.6818,0.0361,0,0,0,0,0,0,0,0,0,0,0,0,0,0,0,0,0,,0,0,0.0,0,0,0,0,0,0,0,0,0,0,0,0,0,0,0,,0,0,0.0,0,0,0,0,0,0,0,0,0,0,0,0,,0,0,0.0,0,0,0,0,0,0,0,0,0,0,0,0,,0,0,0.0,354190,1,0.06924109497827335,251,0.045943581415127666,252,62,2017,2017,1,0
354190,2017-06-18,Gallagher NAC,2017-11-13 00:00:00,0,38093.0,0.0,9.3492,0.6818,0.0361,1,0,0,0,0,0,0,0,0,0,0,0,0,0,0,0,0,,0,0,0.0,0,0,0,0,0,0,0,0,0,0,0,0,0,0,0,,0,0,0.0,0,0,0,0,0,0,0,0,0,0,0,0,,0,0,0.0,0,0,0,0,0,0,0,0,0,0,0,0,,0,0,0.0,354190,1,0.06924109497827335,251,0.10774983729606769,251,62,2017,2017,1,0
354950,2014-02-10,The Home Depot,2014-03-14 00:00:00,0,66181.0,0.0,10.6095,0.691,0.1329,0,0,0,0,0,0,0,0,0,0,0,0,1,1,0,1,1,160.0,0,0,0.0,0,0,0,1,0,0,0,0,1,0,0,0,0,1,0,,0,0,0.0,0,0,0,0,0,0,0,0,1,1,0,1,160.0,0,0,0.0,0,0,0,0,0,0,0,0,0,0,0,0,,0,0,0.0,354950,1,-0.06966021218209217,252,-0.029388434847755107,251,50,2014,2014,1,0
723254,2020-09-16,Cintas Corporation,2021-02-18 00:00:00,0,23660.0,0.0,8.9451,0.5782,0.1142,0,0,0,0,0,0,0,1,0,0,1,1,1,0,0,1,1,67.0,0,1,0.6636,0,0,0,0,0,0,0,0,0,0,0,0,0,0,0,,0,1,0.6636,0,0,0,0,1,0,0,1,1,0,0,1,67.0,0,1,0.6636,0,0,0,0,0,0,0,0,0,0,0,0,,0,1,0.6636,723254,1,-0.09685649371092064,252,0.20065683169480608,252,34,2021,2020,1,0
732712,2008-06-27,Verizon,2008-06-27 00:00:00,1,65875.0,1.0,12.1386,0.5568,0.0295,0,0,0,0,0,0,0,0,0,0,0,0,1,0,0,1,1,96.0,0,1,0.6636,0,0,0,0,0,0,0,0,0,0,1,0,0,1,1,96.0,0,1,0.6636,0,0,0,0,0,0,0,0,1,0,0,1,96.0,0,1,0.6636,0,0,0,0,0,0,0,0,1,0,0,1,96.0,0,1,0.6636,732712,1,-0.01828737700057892,252,-0.01828737700057892,252,48,2008,2008,1,0
732712,2014-01-20,Verizon Corporate Services Group Inc.,2014-02-25 00:00:00,1,65875.0,0.0,12.5212,0.6519,0.0419,0,0,0,0,0,0,0,0,0,0,0,0,0,0,0,0,0,,0,0,0.0,0,0,0,1,0,0,0,0,1,0,0,0,0,1,0,,0,0,0.0,0,0,0,0,0,0,0,0,0,0,0,0,,0,0,0.0,0,0,0,0,0,0,0,0,0,0,0,0,,0,0,0.0,732712,1,-0.175217892173692,252,-0.06032123370954068,251,48,2014,2014,1,0
732712,2014-02-26,Verizon,2014-02-26 00:00:00,1,65875.0,1.0,12.5212,0.6519,0.0419,1,0,0,0,0,0,0,0,0,0,0,0,0,0,0,0,0,,0,0,0.0,0,0,0,0,0,0,0,0,0,0,0,0,0,0,0,,0,0,0.0,0,0,0,0,0,0,0,0,0,0,0,0,,0,0,0.0,0,0,0,0,0,0,0,0,0,0,0,0,,0,0,0.0,732712,1,-0.201301896848882,252,-0.201301896848882,252,48,2014,2014,1,0
732712,2016-08-10,Verizon,2017-07-20 00:00:00,1,65875.0,0.0,12.4075,0.9271,0.0731,0,0,0,0,0,0,0,1,1,0,1,1,1,1,0,1,1,76.0,0,2,1.3273,1,0,0,1,1,1,0,0,1,1,1,0,1,1,1,22.0,1,2,1.3273,0,0,0,0,1,1,0,1,1,1,0,1,76.0,0,1,0.6636,1,0,0,1,1,0,0,1,1,0,1,1,22.0,0,2,1.3273,732712,1,-0.35109552254070353,252,0.15030885992750065,252,48,2017,2016,1,1
732712,2017-07-20,Verizon,2017-07-20 00:00:00,1,65875.0,1.0,12.4057,0.9016,0.0538,1,0,0,0,0,0,0,1,1,0,1,1,1,1,0,1,1,76.0,0,2,1.3273,0,0,0,0,0,1,1,0,1,1,1,1,0,1,1,76.0,0,2,1.3273,0,0,0,0,1,1,0,1,1,1,0,1,76.0,0,1,0.6636,0,0,0,0,1,1,0,1,1,1,0,1,76.0,0,1,0.6636,732712,1,-0.35109552254070353,252,-0.35109552254070353,252,48,2017,2017,1,0
732712,2019-03-12,Verizon Media,2019-10-07 00:00:00,0,65875.0,0.0,12.4868,0.7934,0.0586,0,0,0,0,0,0,0,0,0,0,1,0,0,0,1,1,0,,0,1,0.6636,0,0,0,0,0,0,0,0,1,0,0,0,0,1,0,,0,2,1.3273,0,0,0,0,0,0,0,0,0,0,1,0,,0,1,0.6636,0,0,0,0,0,0,0,0,0,0,0,0,,0,2,1.3273,732712,1,0.10796810289291914,250,0.2179437212232116,251,48,2019,2019,1,1
732712,2019-04-24,Verizon,2019-05-31 00:00:00,1,65875.0,0.0,12.4868,0.7934,0.0586,1,0,0,0,0,0,0,0,0,0,0,0,0,0,0,0,0,,0,2,1.3273,0,0,0,1,0,0,0,0,1,0,0,0,0,1,0,,0,2,1.3273,0,0,0,0,0,0,0,0,0,0,0,0,,0,2,1.3273,0,0,0,0,0,0,0,0,0,0,0,0,,0,2,1.3273,732712,1,0.19767018048192453,251,0.12628372561678458,251,48,2019,2019,1,0
732712,2019-06-03,Verizon,2019-06-03 00:00:00,1,65875.0,1.0,12.4868,0.7934,0.0586,2,0,0,0,0,0,0,0,0,0,0,0,0,0,0,0,0,,0,2,1.3273,0,0,0,0,0,0,0,0,0,0,0,0,0,0,0,,0,2,1.3273,0,0,0,0,0,0,0,0,0,0,0,0,,0,2,1.3273,0,0,0,0,0,0,0,0,0,0,0,0,,0,2,1.3273,732712,1,0.17880556832734706,250,0.17880556832734706,250,48,2019,2019,1,0
732712,2023-05-11,Verizon,2023-05-11 00:00:00,1,65875.0,1.0,12.8471,0.7565,0.056,0,0,0,0,0,0,0,0,0,0,0,0,0,0,0,0,0,,1,4,2.6545,0,0,0,0,0,0,0,0,0,0,0,0,0,0,0,,1,4,2.6545,0,0,0,0,0,0,0,0,0,0,0,0,,1,4,2.6545,0,0,0,0,0,0,0,0,0,0,0,0,,1,4,2.6545,732712,1,-0.2126347631769997,251,-0.2126347631769997,251,48,2023,2023,1,0
732712,2023-09-21,Verizon Communications Inc.,2024-02-05 00:00:00,1,65875.0,0.0,12.8471,0.7565,0.056,1,0,0,0,0,0,0,0,0,0,0,0,1,0,0,1,1,108.0,0,4,2.6545,0,0,0,0,0,0,0,0,0,0,0,0,1,1,0,,0,4,2.6545,0,0,0,0,0,0,0,0,1,0,0,1,108.0,0,6,3.9818,0,0,0,0,0,0,0,0,0,0,1,0,,0,6,3.9818,732712,1,-0.08329361367870813,250,-0.2500777502279997,251,48,2024,2023,1,0
732712,2024-02-06,Verizon Communications Inc.,2024-02-06 00:00:00,1,65875.0,1.0,12.8486,0.7533,0.0305,2,0,0,0,0,0,0,0,0,0,0,0,1,0,0,1,1,107.0,0,4,2.6545,0,0,0,0,0,0,0,0,0,0,1,0,0,1,1,107.0,0,4,2.6545,0,0,0,0,0,0,0,0,1,0,0,1,107.0,0,6,3.9818,0,0,0,0,0,0,0,0,1,0,0,1,107.0,0,6,3.9818,732712,1,-0.0968560485074077,251,-0.0968560485074077,251,48,2024,2024,1,0
732717,2008-05-23,AT&T,2008-05-23 00:00:00,1,66093.0,1.0,12.5269,0.5815,0.0434,0,0,0,0,0,0,0,0,0,0,0,0,0,0,0,1,0,,0,2,1.3273,0,0,0,0,0,0,0,0,0,0,0,0,0,1,0,,0,2,1.3273,0,0,0,0,0,0,0,0,0,0,0,0,,0,2,1.3273,0,0,0,0,0,0,0,0,0,0,0,0,,0,2,1.3273,732717,1,0.05162715820744457,252,0.05162715820744457,252,48,2008,2008,1,0
732717,2012-01-01,AT&T,2012-02-13 00:00:00,1,66093.0,0.0,12.5075,0.6087,0.0146,0,0,0,0,0,0,0,0,0,0,0,0,0,0,0,1,0,,0,2,1.3273,0,0,0,0,0,0,0,0,0,0,0,0,0,1,0,,0,2,1.3273,0,0,0,0,0,0,0,0,0,0,0,0,,0,1,0.6636,0,0,0,0,0,0,0,0,0,0,0,0,,0,1,0.6636,732717,1,0.09907970457857918,251,0.10114325118102951,252,48,2012,2012,1,0
732717,2013-01-01,AT&T,2015-04-21 00:00:00,1,66093.0,0.0,12.5147,0.6596,0.0267,0,0,0,0,0,0,0,0,0,0,1,0,1,0,0,1,1,121.0,0,0,0.0,0,0,0,0,0,0,0,0,1,0,0,0,0,1,0,,0,2,1.3273,0,0,0,0,0,0,0,0,1,0,0,1,121.0,0,0,0.0,0,0,0,0,0,0,0,0,0,0,0,0,,0,1,0.6636,732717,1,-0.16736591216236707,252,0.017432936088852102,250,48,2015,2013,1,1
732717,2013-11-05,AT&T,2014-06-11 00:00:00,1,66093.0,0.0,12.5147,0.6596,0.0267,1,0,0,0,0,1,0,0,0,0,1,0,0,0,0,1,0,,0,0,0.0,0,0,0,0,0,0,0,0,1,0,0,0,0,1,0,,0,0,0.0,0,0,0,0,0,0,0,0,0,0,0,0,,0,0,0.0,0,0,0,0,0,0,0,0,0,0,0,0,,0,0,0.0,732717,1,-0.18363469911100028,252,-0.17161164519561978,252,48,2014,2013,1,1
732717,2014-02-01,AT&T,2015-04-20 00:00:00,1,66093.0,0.0,12.5346,0.6707,0.0657,1,0,0,0,0,0,0,0,0,0,1,0,1,0,0,1,1,122.0,0,0,0.0,0,0,0,0,0,0,0,0,0,0,0,0,0,1,0,,0,0,0.0,0,0,0,0,0,0,0,0,1,0,0,1,122.0,0,0,0.0,0,0,0,0,0,0,0,0,0,0,0,0,,0,0,0.0,732717,1,-0.1676932379293713,251,-0.19249079857181206,252,48,2015,2014,1,1
732717,2014-04-01,AT&T,2014-06-13 00:00:00,1,66093.0,0.0,12.5346,0.6707,0.0657,2,0,0,0,0,1,0,0,0,0,1,0,0,0,0,1,0,,0,0,0.0,0,0,0,0,0,0,0,0,1,0,0,0,0,1,0,,0,0,0.0,0,0,0,0,0,0,0,0,0,0,0,0,,0,0,0.0,0,0,0,0,0,0,0,0,0,0,0,0,,0,0,0.0,732717,1,-0.18881573403979424,252,-0.20260897888596108,253,48,2014,2014,1,0
732717,2014-04-09,"AT&T Services, Inc.",2014-06-05 00:00:00,1,66093.0,0.0,12.5346,0.6707,0.0657,3,0,0,0,0,1,0,0,0,0,1,0,0,0,0,1,0,,0,0,0.0,0,0,0,0,0,0,0,0,1,0,0,0,0,1,0,,0,0,0.0,0,0,0,0,0,0,0,0,0,0,0,0,,0,0,0.0,0,0,0,0,0,0,0,0,0,0,0,0,,0,0,0.0,732717,1,-0.16292893493541394,252,-0.2167489612071518,253,48,2014,2014,1,0
732717,2014-06-05,"AT&T Services, Inc.",2015-04-20 00:00:00,1,66093.0,0.0,12.5346,0.6707,0.0657,4,0,0,0,0,0,0,0,0,0,1,0,1,0,0,1,1,122.0,0,0,0.0,0,0,0,1,0,0,0,0,1,0,0,0,0,1,0,,0,0,0.0,0,0,0,0,0,0,0,0,1,0,0,1,122.0,0,0,0.0,0,0,0,0,0,0,0,0,0,0,0,0,,0,0,0.0,732717,1,-0.1676932379293713,251,-0.16292893493541394,252,48,2015,2014,1,1
732717,2014-06-11,AT&T,2015-04-20 00:00:00,1,66093.0,0.0,12.5346,0.6707,0.0657,5,0,0,0,0,0,0,0,0,0,1,0,1,0,0,1,1,122.0,0,0,0.0,0,0,0,1,0,0,0,0,1,0,0,0,0,1,0,,0,0,0.0,0,0,0,0,0,0,0,0,1,0,0,1,122.0,0,0,0.0,0,0,0,0,0,0,0,0,0,0,0,0,,0,0,0.0,732717,1,-0.1676932379293713,251,-0.18363469911100028,252,48,2015,2014,1,1
732717,2014-08-05,ATT-Breach Notification,2014-10-02 00:00:00,0,66093.0,0.0,12.5346,0.6707,0.0657,6,0,0,0,0,0,0,0,0,0,1,0,0,0,0,1,0,,0,0,0.0,0,0,0,0,0,0,0,0,0,0,0,0,0,1,0,,0,0,0.0,0,0,0,0,0,0,0,0,0,0,0,0,,0,0,0.0,0,0,0,0,0,0,0,0,0,0,0,0,,0,0,0.0,732717,1,-0.056370433710318135,252,-0.10317956620122826,252,48,2014,2014,1,0
732717,2014-08-11,"AT&T Services, Inc.",2014-10-01 00:00:00,1,66093.0,0.0,12.5346,0.6707,0.0657,7,0,0,0,0,0,0,0,0,0,1,0,0,0,0,1,0,,0,0,0.0,0,0,0,0,0,0,0,0,1,0,0,0,0,1,0,,0,0,0.0,0,0,0,0,0,0,0,0,0,0,0,0,,0,0,0.0,0,0,0,0,0,0,0,0,0,0,0,0,,0,0,0.0,732717,1,-0.06491882216180178,252,-0.10985318538857358,251,48,2014,2014,1,0
732717,2014-10-09,AT&T,2014-10-09 00:00:00,1,66093.0,1.0,12.5346,0.6707,0.0657,8,0,0,0,0,1,0,0,0,0,1,0,0,0,0,1,0,,0,0,0.0,0,0,0,1,0,0,0,0,1,0,0,0,0,1,0,,0,0,0.0,0,0,0,0,0,0,0,0,0,0,0,0,,0,0,0.0,0,0,0,0,0,0,0,0,0,0,0,0,,0,0,0.0,732717,1,-0.0582191753623329,252,-0.0582191753623329,252,48,2014,2014,1,0
732717,2014-10-16,ATT-Breach Notification,2014-12-19 00:00:00,0,66093.0,0.0,12.5346,0.6707,0.0657,9,0,0,0,0,0,0,0,0,0,0,0,0,0,0,0,0,,0,0,0.0,0,0,0,1,0,0,0,0,1,0,0,0,0,1,0,,0,0,0.0,0,0,0,0,0,0,0,0,0,0,0,0,,0,0,0.0,0,0,0,0,0,0,0,0,0,0,0,0,,0,0,0.0,732717,1,-0.1023847295362057,252,-0.030874920671695394,252,48,2014,2014,1,0
732717,2017-01-01,"AT&T Services, Inc.",2017-05-19 00:00:00,1,66093.0,0.0,12.9087,0.6927,0.0321,0,0,0,0,0,0,0,0,0,0,0,0,0,0,0,1,0,,1,1,0.6636,0,0,0,0,0,0,0,0,0,0,0,0,0,0,0,,1,1,0.6636,0,0,0,0,0,0,0,0,0,0,0,0,,1,1,0.6636,0,0,0,0,0,0,0,0,0,0,0,0,,1,1,0.6636,732717,1,-0.14707041682899447,252,0.1717996222550222,252,48,2017,2017,1,0
732717,2017-01-25,AT&T,2017-05-19 00:00:00,1,66093.0,0.0,12.9087,0.6927,0.0321,1,0,0,0,0,0,0,0,0,0,0,0,0,0,0,1,0,,1,1,0.6636,0,0,0,0,0,0,0,0,0,0,0,0,0,0,0,,1,1,0.6636,0,0,0,0,0,0,0,0,0,0,0,0,,1,1,0.6636,0,0,0,0,0,0,0,0,0,0,0,0,,1,1,0.6636,732717,1,-0.14707041682899447,252,-0.026560357412966473,252,48,2017,2017,1,0
732717,2017-02-01,AT&T Services,2017-09-14 00:00:00,1,66093.0,0.0,12.9087,0.6927,0.0321,2,0,0,0,0,1,0,0,0,0,1,0,0,0,0,1,0,,0,2,1.3273,0,0,0,0,0,0,0,0,0,0,0,0,0,0,0,,1,1,0.6636,0,0,0,0,0,0,0,0,0,0,0,0,,0,2,1.3273,0,0,0,0,0,0,0,0,0,0,0,0,,1,1,0.6636,732717,1,-0.23273500815339654,252,-0.00018157193813617134,252,48,2017,2017,1,1
732717,2018-08-17,Cricket Wireless LLC,2018-08-17 00:00:00,1,66093.0,1.0,13.0038,0.6802,0.0663,0,0,0,0,0,0,0,0,0,0,0,0,0,0,0,0,0,,0,2,1.3273,0,0,0,0,0,0,0,0,0,0,0,0,0,0,0,,0,2,1.3273,0,0,0,0,0,0,0,0,0,0,0,0,,0,2,1.3273,0,0,0,0,0,0,0,0,0,0,0,0,,0,2,1.3273,732717,1,-0.24995220932761297,252,-0.24995220932761297,252,48,2018,2018,1,0
732717,2018-08-21,Cricket Wireless LLC,2018-08-21 00:00:00,1,66093.0,1.0,13.0038,0.6802,0.0663,1,0,0,0,0,0,0,0,0,0,0,0,0,0,0,0,0,,0,2,1.3273,0,0,0,0,0,0,0,0,0,0,0,0,0,0,0,,0,2,1.3273,0,0,0,0,0,0,0,0,0,0,0,0,,0,2,1.3273,0,0,0,0,0,0,0,0,0,0,0,0,,0,2,1.3273,732717,1,-0.2548860911797527,252,-0.2548860911797527,252,48,2018,2018,1,0
732717,2019-01-01,"AT&T, Inc.",2024-04-01 00:00:00,1,66093.0,0.0,13.1841,0.6355,0.0364,2,0,0,0,0,0,0,0,0,0,0,0,0,0,0,0,0,,0,1,0.6636,0,0,0,0,0,0,0,0,0,0,0,0,0,0,0,,0,0,0.0,0,0,0,0,0,0,0,0,0,0,0,0,,0,1,0.6636,0,0,0,0,0,0,0,0,0,0,0,0,,0,0,0.0,732717,1,-0.2915711011918761,249,-0.15994881906352965,251,48,2024,2019,1,1
732717,2022-06-01,AT&T,2024-03-30 00:00:00,1,66093.0,0.0,13.2206,0.6667,0.0364,0,0,0,0,0,0,0,0,0,0,0,0,0,0,0,0,0,,0,1,0.6636,0,0,0,1,0,0,0,0,1,0,0,0,0,1,0,,0,3,1.9909,0,0,0,0,0,0,0,0,0,0,0,0,,0,1,0.6636,0,0,0,0,0,0,0,0,0,0,0,0,,0,1,0.6636,732717,1,-0.3014080224473007,250,0.06714147013170324,253,48,2024,2022,1,1
732717,2022-08-30,"AT&T Services, Inc.",2023-02-24 00:00:00,1,66093.0,0.0,13.2206,0.6667,0.0364,1,0,0,0,0,0,0,0,0,0,0,0,0,0,0,0,0,,1,1,0.6636,0,0,0,0,0,0,0,0,0,0,1,0,0,1,1,156.0,0,3,1.9909,0,0,0,0,0,0,0,0,0,0,0,0,,1,0,0.0,0,0,0,0,0,0,0,0,1,0,0,1,156.0,0,1,0.6636,732717,1,0.18190040321649992,251,0.039406129490527686,252,48,2023,2022,1,0
732717,2023-03-01,"AT&T Services, Inc.",2023-03-01 00:00:00,1,66093.0,1.0,12.9063,0.7357,-0.0195,2,0,0,0,0,0,0,0,0,0,0,0,0,0,0,0,0,,1,1,0.6636,0,0,0,0,0,0,0,0,0,0,0,0,0,0,0,,1,1,0.6636,0,0,0,0,0,0,0,0,0,0,0,0,,1,0,0.0,0,0,0,0,0,0,0,0,0,0,0,0,,1,0,0.0,732717,1,0.19145716514096245,251,0.19145716514096245,251,48,2023,2023,1,0
732717,2024-03-17,AT&T Inc.,2024-04-09 00:00:00,1,66093.0,0.0,12.9167,0.7066,0.0354,0,0,0,0,0,0,0,0,0,0,0,0,0,0,0,0,0,,0,1,0.6636,0,0,0,0,0,0,0,0,0,0,0,0,0,0,0,,0,1,0.6636,0,0,0,0,0,0,0,0,0,0,0,0,,0,1,0.6636,0,0,0,0,0,0,0,0,0,0,0,0,,0,1,0.6636,732717,1,-0.3372474144350658,251,-0.29083878432860844,250,48,2024,2024,1,0
732717,2024-03-26,AT&T Inc.,2024-04-09 00:00:00,1,66093.0,0.0,12.9167,0.7066,0.0354,1,0,0,0,0,0,0,0,0,0,0,0,0,0,0,0,0,,0,1,0.6636,0,0,0,0,0,0,0,0,0,0,0,0,0,0,0,,0,1,0.6636,0,0,0,0,0,0,0,0,0,0,0,0,,0,1,0.6636,0,0,0,0,0,0,0,0,0,0,0,0,,0,1,0.6636,732717,1,-0.3372474144350658,251,-0.32102411162058697,251,48,2024,2024,1,0
732717,2024-04-09,AT&T Inc,2024-04-09 00:00:00,1,66093.0,1.0,12.9167,0.7066,0.0354,2,0,0,0,0,0,0,0,0,0,0,0,0,0,0,0,0,,0,1,0.6636,0,0,0,0,0,0,0,0,0,0,0,0,0,0,0,,0,1,0.6636,0,0,0,0,0,0,0,0,0,0,0,0,,0,1,0.6636,0,0,0,0,0,0,0,0,0,0,0,0,,0,1,0.6636,732717,1,-0.3372474144350658,251,-0.3372474144350658,251,48,2024,2024,1,0
732717,2024-04-14,AT&T Inc.,2024-04-10 00:00:00,1,66093.0,1.0,12.9167,0.7066,0.0354,3,0,0,0,0,0,0,0,0,0,0,0,0,0,0,0,0,,0,1,0.6636,0,0,0,0,0,0,0,0,0,0,0,0,0,0,0,,0,1,0.6636,0,0,0,0,0,0,0,0,0,0,0,0,,0,1,0.6636,0,0,0,0,0,0,0,0,0,0,0,0,,0,1,0.6636,732717,1,-0.3369177211900425,251,-0.3508954645031851,250,48,2024,2024,1,0
764180,2006-12-01,"Altria Group, Inc.",2007-01-10 00:00:00,0,13901.0,0.0,11.5894,0.6309,0.0967,0,0,0,0,0,1,0,0,0,0,1,0,0,0,0,1,0,,0,0,0.0,0,0,0,0,0,0,0,0,1,0,0,0,0,1,0,,0,0,0.0,0,0,0,0,0,0,0,0,0,0,0,0,,0,0,0.0,0,0,0,0,0,0,0,0,0,0,0,0,,0,0,0.0,764180,1,0.09152207384051758,251,0.05384753851519797,252,20,2007,2006,1,0
773840,2021-02-16,Honeywell International Inc.,2021-05-03 00:00:00,0,10145.0,0.0,11.0758,0.7244,0.074,0,1,0,0,0,0,0,1,1,0,1,1,1,1,0,1,1,72.0,0,4,2.6545,0,0,0,0,0,0,0,0,0,0,1,1,0,1,1,148.0,0,4,2.6545,0,0,0,0,1,1,0,1,1,1,0,1,72.0,0,3,1.9909,0,0,0,0,0,0,0,0,1,1,0,1,148.0,0,3,1.9909,773840,1,0.11464014421658475,251,-0.08170362226169892,251,34,2021,2021,1,0
773840,2023-05-27,"Honeywell International, Inc.",2023-09-13 00:00:00,0,10145.0,0.0,11.0393,0.7218,0.0797,0,0,0,0,0,1,0,0,0,0,1,0,0,0,1,1,0,,1,2,1.3273,1,1,0,1,1,1,1,0,1,1,1,1,0,1,1,19.0,1,2,1.3273,0,0,0,0,0,0,0,0,0,0,0,0,,1,3,1.9909,1,1,0,1,1,1,0,1,1,1,0,1,19.0,1,2,1.3273,773840,1,-0.07418325565671524,251,-0.009511563175614413,251,34,2023,2023,1,0
773840,2023-06-03,Honeywell International Inc.,2023-09-18 00:00:00,0,10145.0,0.0,11.0393,0.7218,0.0797,1,0,0,0,0,1,0,0,0,0,1,0,0,0,1,1,0,,1,2,1.3273,1,1,0,1,1,1,1,0,1,1,1,1,0,1,1,12.0,1,2,1.3273,0,0,0,0,0,0,0,0,0,0,0,0,,1,3,1.9909,1,1,0,1,1,1,0,1,1,1,0,1,12.0,1,2,1.3273,773840,1,-0.03071715496343197,250,0.0067148661011282584,251,34,2023,2023,1,0
789019,2017-07-05,Microsoft Corporation,2017-10-17 00:00:00,0,10107.0,0.0,12.3929,0.6997,0.088,0,0,0,0,0,0,0,0,0,0,1,0,0,0,0,1,0,,0,1,0.6636,0,0,0,0,0,0,0,1,1,0,0,0,1,1,0,,0,1,0.6636,0,0,0,0,0,0,0,0,0,0,0,0,,0,1,0.6636,0,0,0,0,0,0,1,0,0,0,1,0,,0,1,0.6636,789019,1,0.16409608257487185,252,0.18586816525580252,252,65,2017,2017,1,0
789019,2019-12-05,Microsoft Corporation,2020-01-22 00:00:00,0,10107.0,0.0,12.5657,0.6429,0.1369,0,0,0,0,0,0,0,0,0,1,1,0,1,0,1,1,1,161.0,0,0,0.0,0,0,0,0,0,0,0,0,0,0,0,0,1,1,0,,0,0,0.0,0,0,0,0,0,0,1,0,1,0,1,1,161.0,0,0,0.0,0,0,0,0,0,0,0,0,0,0,1,0,,0,0,0.0,789019,1,0.3301800885792512,252,0.2420300663844437,251,65,2020,2019,1,0
789019,2022-03-01,Microsoft Corporation,2022-03-22 00:00:00,0,10107.0,0.0,12.7182,0.5746,0.1836,0,0,0,0,0,0,0,0,0,0,0,0,0,0,0,0,0,,0,3,1.9909,0,0,0,0,0,0,0,0,0,0,0,0,0,0,0,,0,3,1.9909,0,0,0,0,0,0,0,0,0,0,0,0,,0,3,1.9909,0,0,0,0,0,0,0,0,0,0,0,0,,0,3,1.9909,789019,1,0.2186398159123668,253,0.19649534473067698,253,65,2022,2022,1,0
789019,2022-09-24,Microsoft Corporation,2022-10-19 00:00:00,0,10107.0,0.0,12.8072,0.5435,0.1994,1,0,0,0,0,0,0,0,0,0,0,0,0,0,0,0,0,,0,1,0.6636,0,0,0,0,0,0,0,0,0,0,0,0,0,0,0,,0,1,0.6636,0,0,0,0,0,0,0,0,0,0,0,0,,0,1,0.6636,0,0,0,0,0,0,0,0,0,0,0,0,,0,1,0.6636,789019,1,-0.026333775433358242,252,-0.005898465120480423,252,65,2022,2022,1,0
789019,2023-05-28,"Nuance Communications, Inc.",2023-09-15 00:00:00,0,10107.0,0.0,12.8072,0.5435,0.1994,1,1,0,0,0,0,0,0,0,0,0,0,0,0,0,0,0,,0,0,0.0,0,0,0,0,0,0,0,0,0,0,0,0,0,0,0,,0,0,0.0,0,0,0,0,0,0,0,0,0,0,0,0,,0,0,0.0,0,0,0,0,0,0,0,0,0,0,0,0,,0,0,0.0,789019,1,0.2242376499395995,251,0.22121851731775966,250,65,2023,2023,1,0
789570,2019-07-07,MGM Resorts International,2019-09-04 00:00:00,0,11891.0,0.0,10.316,0.6501,0.0147,0,0,0,0,0,0,0,0,0,0,0,0,1,1,0,1,0,163.0,0,2,1.3273,0,0,0,0,0,0,0,0,0,0,0,0,0,0,0,,1,1,0.6636,0,0,0,0,0,0,0,0,1,1,0,0,163.0,0,2,1.3273,0,0,0,0,0,0,0,0,0,0,0,0,,1,1,0.6636,789570,1,-0.04846288049528813,251,-0.05158675616274433,250,50,2019,2019,1,0
789570,2023-09-08,MGM Resorts International,2023-10-05 00:00:00,0,11891.0,0.0,10.7297,0.8825,0.0315,0,0,0,0,0,0,0,0,0,0,0,0,0,0,0,0,0,,0,2,1.3273,0,0,0,0,0,0,0,0,0,0,0,0,0,0,0,,0,2,1.3273,0,0,0,0,0,0,0,0,0,0,0,0,,0,5,3.3182,0,0,0,0,0,0,0,0,0,0,0,0,,0,5,3.3182,789570,1,-0.04197822955391639,251,0.17681325867937536,251,50,2023,2023,1,0
796343,2013-09-11,Adobe Systems Incorporated,2013-10-03 00:00:00,0,75510.0,0.0,9.2078,0.3318,0.0835,0,0,0,0,0,0,0,0,0,0,0,0,0,0,0,1,0,,0,1,0.6636,0,0,0,0,0,0,0,0,0,0,0,0,0,1,0,,1,0,0.0,0,0,0,0,0,0,0,0,0,0,0,0,,0,1,0.6636,0,0,0,0,0,0,0,0,0,0,0,0,,1,0,0.0,796343,1,0.37829342206287175,250,0.29234570442748,250,73,2013,2013,1,0
796343,2013-09-17,Adobe Systems Incorporated,2013-10-02 00:00:00,0,75510.0,0.0,9.2078,0.3318,0.0835,1,0,0,0,0,0,0,0,0,0,0,0,0,0,0,1,0,,0,1,0.6636,0,0,0,0,0,0,0,0,0,0,0,0,0,1,0,,0,1,0.6636,0,0,0,0,0,0,0,0,0,0,0,0,,0,1,0.6636,0,0,0,0,0,0,0,0,0,0,0,0,,0,1,0.6636,796343,1,0.4015320944032845,250,0.26651231799856423,250,73,2013,2013,1,0
796343,2019-10-19,Adobe Systems Incorporated,2019-10-19 00:00:00,0,75510.0,1.0,9.8399,0.5012,0.138,0,0,0,0,0,0,0,0,0,0,0,0,0,0,1,1,0,,0,4,2.6545,0,0,0,0,0,0,0,0,0,0,0,0,1,1,0,,0,4,2.6545,0,0,0,0,0,0,0,0,0,0,1,0,,0,2,1.3273,0,0,0,0,0,0,0,0,0,0,1,0,,0,2,1.3273,796343,1,-0.023712682178407496,251,-0.023712682178407496,251,73,2019,2019,1,0
815097,2020-12-25,Carnival Corporation,2022-01-31 00:00:00,0,75154.0,0.0,10.8892,0.6165,-0.191,0,0,0,0,0,0,0,0,0,0,1,0,1,0,0,1,1,105.0,0,2,1.3273,0,0,0,0,0,1,0,0,1,1,1,0,0,1,1,68.0,0,1,0.6636,0,0,0,0,0,0,0,0,1,0,0,1,105.0,0,2,1.3273,0,0,0,0,1,0,0,1,1,0,0,1,68.0,0,1,0.6636,815097,1,-0.11572241576653752,252,-0.7871459642841249,253,50,2022,2020,1,1
815097,2021-03-19,Carnival Corporation,2021-05-25 00:00:00,0,75154.0,0.0,10.8892,0.6165,-0.191,1,1,0,0,0,0,0,0,0,0,0,0,0,0,0,0,0,,1,1,0.6636,0,0,0,0,0,0,0,0,0,0,0,0,0,0,0,,1,1,0.6636,0,0,0,0,0,0,0,0,0,0,0,0,,1,1,0.6636,0,0,0,0,0,0,0,0,0,0,0,0,,1,1,0.6636,815097,1,0.4576962443272994,252,1.2783255504876354,252,50,2021,2021,1,0
823768,2021-01-21,"USA Waste-Management Resources, LLC",2021-05-28 00:00:00,0,11955.0,0.0,10.2869,0.746,0.051,0,1,0,0,0,0,0,0,0,0,0,0,0,0,0,0,0,,0,1,0.6636,0,0,0,0,0,0,0,1,1,0,0,0,1,1,0,,0,1,0.6636,0,0,0,0,0,0,0,0,0,0,0,0,,0,1,0.6636,0,0,0,0,0,0,1,0,0,0,1,0,,0,1,0.6636,823768,1,-0.06262544031943196,253,-0.2449739933050915,252,34,2021,2021,1,0
831259,2023-08-08,Freeport-McMoRan Inc.,2023-09-08 00:00:00,0,81774.0,0.0,10.8414,0.5132,0.0679,0,0,0,0,0,0,0,0,0,0,0,0,1,1,0,1,1,154.0,0,1,0.6636,0,0,0,0,0,0,0,0,0,0,0,0,0,0,0,,0,1,0.6636,0,0,0,0,0,0,0,0,1,1,0,1,154.0,0,1,0.6636,0,0,0,0,0,0,0,0,0,0,0,0,,0,1,0.6636,831259,1,0.30740079539733145,251,0.32861636814066864,251,10,2023,2023,1,0
858877,2012-03-26,"Cisco Systems, Inc.",2012-04-09 00:00:00,0,76076.0,0.0,11.3748,0.4574,0.0745,0,0,0,0,0,0,0,0,0,0,0,0,0,0,1,1,0,,0,0,0.0,0,0,0,0,0,0,0,0,0,0,0,0,1,1,0,,0,0,0.0,0,0,0,0,0,0,0,0,0,0,1,0,,0,0,0.0,0,0,0,0,0,0,0,0,0,0,1,0,,0,0,0.0,858877,1,0.12924337284818743,250,0.1526816700120026,251,35,2012,2012,1,0
858877,2012-04-13,"Cisco Systems, Inc.",2012-04-13 00:00:00,0,76076.0,1.0,11.3748,0.4574,0.0745,1,0,0,0,0,0,0,0,0,0,0,0,0,0,1,1,0,,0,0,0.0,0,0,0,0,0,0,0,0,0,0,0,0,1,1,0,,0,0,0.0,0,0,0,0,0,0,0,0,0,0,1,0,,0,0,0.0,0,0,0,0,0,0,0,0,0,0,1,0,,0,0,0.0,858877,1,0.1399769665341668,251,0.1399769665341668,251,35,2012,2012,1,0
860731,2020-09-21,"Tyler Technologies, Inc.",2021-01-18 00:00:00,0,76185.0,0.0,7.6924,0.2622,0.0669,0,0,0,0,0,0,0,0,0,0,0,0,0,0,0,0,0,,0,0,0.0,0,0,0,0,0,0,0,0,0,0,0,0,0,0,0,,0,0,0.0,0,0,0,0,0,0,0,0,0,0,0,0,,0,0,0.0,0,0,0,0,0,0,0,0,0,0,0,0,,0,0,0.0,860731,1,0.17595519536194826,251,0.16813167022025333,251,73,2021,2020,1,0
872589,2010-06-18,"Regeneron Pharmaceuticals, Inc.",2010-07-26 00:00:00,0,76614.0,0.0,6.6083,0.4647,-0.0915,0,0,0,0,0,0,0,0,0,0,0,0,0,0,0,1,0,,0,0,0.0,0,0,0,0,0,0,0,0,0,0,0,0,0,1,0,,0,0,0.0,0,0,0,0,0,0,0,0,0,0,0,0,,0,0,0.0,0,0,0,0,0,0,0,0,0,0,0,0,,0,0,0.0,872589,1,-0.004537143493758888,251,0.33014083842958586,252,28,2010,2010,1,0
896878,2008-05-26,"Intuit, Inc.",2008-09-05 00:00:00,0,78975.0,0.0,8.3552,0.5211,0.1035,0,0,0,0,0,0,0,0,0,0,1,0,0,0,0,1,0,,0,3,1.9909,0,0,0,0,0,0,0,0,1,0,0,0,0,1,0,,0,3,1.9909,0,0,0,0,0,0,0,0,0,0,0,0,,0,3,1.9909,0,0,0,0,0,0,0,0,0,0,0,0,,0,3,1.9909,896878,1,0.21538970812524583,252,-0.03986484044913219,251,73,2008,2008,1,0
896878,2008-09-24,Intuit,2008-09-24 00:00:00,0,78975.0,1.0,8.4482,0.5543,0.1022,1,0,0,0,0,0,0,0,0,0,1,0,0,0,0,1,0,,0,3,1.9909,0,0,0,0,0,0,0,0,1,0,0,0,0,1,0,,0,3,1.9909,0,0,0,0,0,0,0,0,0,0,0,0,,0,3,1.9909,0,0,0,0,0,0,0,0,0,0,0,0,,0,3,1.9909,896878,1,0.2371814361896274,252,0.2371814361896274,252,73,2008,2008,1,0
896878,2014-02-01,"Intuit, Inc.",2015-04-07 00:00:00,0,78975.0,0.0,8.61,0.3564,0.1564,0,0,0,0,0,0,0,0,0,0,0,0,0,0,0,0,0,,0,3,1.9909,0,0,0,1,0,0,0,0,1,0,1,0,0,1,1,178.0,0,2,1.3273,0,0,0,0,0,0,0,0,0,0,0,0,,0,3,1.9909,0,0,0,0,0,0,0,0,1,0,0,1,178.0,0,2,1.3273,896878,1,0.16503371746580298,251,-0.01372594918458403,252,73,2015,2014,1,1
896878,2014-04-01,Intuit Inc.,2015-02-15 00:00:00,0,78975.0,0.0,8.61,0.3564,0.1564,1,0,0,0,0,0,0,0,0,0,0,0,0,0,0,0,0,,0,3,1.9909,0,0,0,0,0,0,0,0,0,0,1,0,0,1,1,119.0,0,2,1.3273,0,0,0,0,0,0,0,0,0,0,0,0,,0,3,1.9909,0,0,0,0,0,0,0,0,1,0,0,1,119.0,0,2,1.3273,896878,1,0.14284877407512453,251,-0.01216403287516088,253,73,2015,2014,1,1
896878,2014-04-18,Intuit Inc.,2015-02-15 00:00:00,0,78975.0,0.0,8.61,0.3564,0.1564,2,0,0,0,0,0,0,0,0,0,0,0,0,0,0,0,0,,0,3,1.9909,0,0,0,0,0,0,0,0,0,0,1,0,0,1,1,102.0,0,2,1.3273,0,0,0,0,0,0,0,0,0,0,0,0,,0,3,1.9909,0,0,0,0,0,0,0,0,1,0,0,1,102.0,0,2,1.3273,896878,1,0.14284877407512453,251,-0.03775174273441406,253,73,2015,2014,1,1
896878,2015-04-07,Intuit,2015-04-07 00:00:00,0,78975.0,1.0,8.5566,0.4082,0.1744,1,0,0,0,0,0,0,0,0,0,0,0,0,0,0,0,0,,0,3,1.9909,0,0,0,0,0,0,0,0,0,0,0,0,0,0,0,,0,3,1.9909,0,0,0,0,0,0,0,0,0,0,0,0,,0,3,1.9909,0,0,0,0,0,0,0,0,0,0,0,0,,0,3,1.9909,896878,1,0.16503371746580298,251,0.16503371746580298,251,73,2015,2015,1,0
896878,2015-04-14,Intuit,2015-04-14 00:00:00,0,78975.0,1.0,8.5566,0.4082,0.1744,2,0,0,0,0,0,0,0,0,0,0,0,0,0,0,0,0,,0,3,1.9909,0,0,0,0,0,0,0,0,0,0,0,0,0,0,0,,0,3,1.9909,0,0,0,0,0,0,0,0,0,0,0,0,,0,3,1.9909,0,0,0,0,0,0,0,0,0,0,0,0,,0,3,1.9909,896878,1,0.21225963766896316,251,0.21225963766896316,251,73,2015,2015,1,0
896878,2015-05-20,Intuit,2015-05-20 00:00:00,0,78975.0,1.0,8.5566,0.4082,0.1744,2,0,0,0,0,0,0,0,0,0,0,0,0,0,1,1,0,,0,3,1.9909,0,0,0,0,0,0,0,0,0,0,0,0,1,1,0,,0,3,1.9909,0,0,0,0,0,0,0,0,0,0,1,0,,0,3,1.9909,0,0,0,0,0,0,0,0,0,0,1,0,,0,3,1.9909,896878,1,0.22390036075945385,252,0.22390036075945385,252,73,2015,2015,1,0
896878,2015-09-18,Intuit Inc,2015-10-27 00:00:00,0,78975.0,0.0,8.5108,0.5306,0.0735,3,0,0,0,1,1,0,0,0,1,1,0,0,0,1,1,0,,0,1,0.6636,0,0,0,0,0,0,0,1,1,0,0,0,1,1,0,,0,1,0.6636,0,0,1,0,0,0,1,0,0,0,1,0,,0,1,0.6636,0,0,0,0,0,0,1,0,0,0,1,0,,0,1,0.6636,896878,1,0.11821233530634534,252,0.03423473604578897,252,73,2015,2015,1,0
896878,2015-10-12,Intuit Inc,2015-11-17 00:00:00,0,78975.0,0.0,8.5108,0.5306,0.0735,4,0,0,0,0,0,0,0,0,0,0,0,0,0,0,1,0,,0,1,0.6636,0,0,1,1,0,0,0,1,1,0,0,0,1,1,0,,0,1,0.6636,0,0,0,0,0,0,0,0,0,0,0,0,,0,1,0.6636,0,0,1,0,0,0,1,0,0,0,1,0,,0,1,0.6636,896878,1,0.08267088148796664,252,0.10547599225033988,251,73,2015,2015,1,0
896878,2015-12-01,Intuit,2015-12-23 00:00:00,0,78975.0,0.0,8.5108,0.5306,0.0735,5,0,0,0,0,0,0,0,0,0,0,0,0,0,0,1,0,,0,1,0.6636,0,0,0,0,0,0,0,0,0,0,0,0,0,1,0,,0,1,0.6636,0,0,0,0,0,0,0,0,0,0,0,0,,0,1,0.6636,0,0,0,0,0,0,0,0,0,0,0,0,,0,1,0.6636,896878,1,0.06352259270779592,252,0.07699837700842083,252,73,2015,2015,1,0
896878,2015-12-07,Intuit Inc.,2015-12-07 00:00:00,0,78975.0,1.0,8.5108,0.5306,0.0735,6,0,0,0,0,0,0,0,0,0,0,0,0,0,0,1,0,,0,1,0.6636,0,0,0,0,0,0,0,0,0,0,0,0,0,1,0,,0,1,0.6636,0,0,0,0,0,0,0,0,0,0,0,0,,0,1,0.6636,0,0,0,0,0,0,0,0,0,0,0,0,,0,1,0.6636,896878,1,0.06300978888530628,251,0.06300978888530628,251,73,2015,2015,1,0
896878,2015-12-31,"Intuit, Inc.",2016-01-15 00:00:00,0,78975.0,0.0,8.5108,0.5306,0.0735,7,0,0,0,0,0,0,0,0,0,0,0,0,0,0,1,0,,0,1,0.6636,0,0,0,0,0,0,0,0,0,0,0,0,0,1,0,,0,1,0.6636,0,0,0,0,0,0,0,0,0,0,0,0,,0,1,0.6636,0,0,0,0,0,0,0,0,0,0,0,0,,0,1,0.6636,896878,1,0.16677489864103678,252,0.08437745098419647,252,73,2016,2015,1,0
896878,2016-01-21,Intuit Inc.,2016-02-09 00:00:00,0,78975.0,0.0,8.5108,0.5306,0.0735,8,0,0,0,0,0,0,0,0,0,1,0,0,0,0,1,0,,0,1,0.6636,0,0,0,0,0,0,0,0,0,0,0,0,0,1,0,,0,1,0.6636,0,0,0,0,0,0,0,0,0,0,0,0,,0,1,0.6636,0,0,0,0,0,0,0,0,0,0,0,0,,0,1,0.6636,896878,1,0.16583972979393602,252,0.16136205107816393,252,73,2016,2016,1,0
896878,2016-02-04,Intuit,2016-03-02 00:00:00,0,78975.0,0.0,8.5108,0.5306,0.0735,9,0,0,0,0,0,0,0,0,0,1,0,0,0,0,1,0,,0,1,0.6636,0,0,0,0,0,0,0,0,0,0,0,0,0,1,0,,0,1,0.6636,0,0,0,0,0,0,0,0,0,0,0,0,,0,1,0.6636,0,0,0,0,0,0,0,0,0,0,0,0,,0,1,0.6636,896878,1,0.0947462127834986,252,0.1575736623167061,252,73,2016,2016,1,0
896878,2016-02-24,Intuit,2016-03-14 00:00:00,0,78975.0,0.0,8.5108,0.5306,0.0735,10,0,0,0,0,0,0,0,0,0,1,0,0,0,0,1,0,,0,1,0.6636,0,0,0,0,0,0,0,0,1,0,0,0,0,1,0,,0,1,0.6636,0,0,0,0,0,0,0,0,0,0,0,0,,0,1,0.6636,0,0,0,0,0,0,0,0,0,0,0,0,,0,1,0.6636,896878,1,0.06525629909785491,251,0.12910633282946082,252,73,2016,2016,1,0
896878,2016-02-29,Intuit Inc,2016-03-16 00:00:00,0,78975.0,0.0,8.5108,0.5306,0.0735,11,0,0,0,0,0,0,0,0,0,1,0,0,0,0,1,0,,0,1,0.6636,0,0,0,0,0,0,0,0,1,0,0,0,0,1,0,,0,1,0.6636,0,0,0,0,0,0,0,0,0,0,0,0,,0,1,0.6636,0,0,0,0,0,0,0,0,0,0,0,0,,0,1,0.6636,896878,1,0.05912859491412681,252,0.08326392312082664,251,73,2016,2016,1,0
896878,2016-03-07,"Intuit, Inc.",2016-04-01 00:00:00,0,78975.0,0.0,8.5108,0.5306,0.0735,12,0,0,0,0,0,0,0,0,0,1,0,0,0,0,1,0,,0,1,0.6636,0,0,0,0,0,0,0,0,1,0,0,0,0,1,0,,0,1,0.6636,0,0,0,0,0,0,0,0,0,0,0,0,,0,1,0.6636,0,0,0,0,0,0,0,0,0,0,0,0,,0,1,0.6636,896878,1,0.09737246862506177,251,0.0779972295975504,251,73,2016,2016,1,0
896878,2016-03-17,Intuit,2016-03-17 00:00:00,0,78975.0,1.0,8.5108,0.5306,0.0735,13,0,0,0,0,0,0,0,0,0,1,0,0,0,0,1,0,,0,1,0.6636,0,0,0,0,0,0,0,0,1,0,0,0,0,1,0,,0,1,0.6636,0,0,0,0,0,0,0,0,0,0,0,0,,0,1,0.6636,0,0,0,0,0,0,0,0,0,0,0,0,,0,1,0.6636,896878,1,0.0642095549709556,252,0.0642095549709556,252,73,2016,2016,1,0
896878,2016-03-22,Intuit Inc.,2016-04-28 00:00:00,0,78975.0,0.0,8.5108,0.5306,0.0735,14,0,0,0,0,1,0,0,0,0,1,0,0,0,0,1,0,,0,1,0.6636,0,0,0,0,0,0,0,0,1,0,0,0,0,1,0,,0,1,0.6636,0,0,0,0,0,0,0,0,0,0,0,0,,0,1,0.6636,0,0,0,0,0,0,0,0,0,0,0,0,,0,1,0.6636,896878,1,0.05186939557355952,252,0.07075989446566755,252,73,2016,2016,1,0
896878,2016-03-29,Intuit Inc,2016-10-17 00:00:00,0,78975.0,0.0,8.5108,0.5306,0.0735,15,0,0,0,0,0,0,0,0,0,0,0,0,0,0,0,0,,0,0,0.0,0,0,0,0,0,0,0,0,1,0,0,0,0,1,0,,0,1,0.6636,0,0,0,0,0,0,0,0,0,0,0,0,,0,0,0.0,0,0,0,0,0,0,0,0,0,0,0,0,,0,1,0.6636,896878,1,0.09643167345845294,251,0.09637912877330446,251,73,2016,2016,1,1
896878,2016-04-06,Intuit,2016-05-09 00:00:00,0,78975.0,0.0,8.5108,0.5306,0.0735,16,0,0,0,0,0,0,0,0,0,0,0,0,0,0,0,0,,0,1,0.6636,0,0,0,0,0,0,0,0,1,0,0,0,0,1,0,,0,1,0.6636,0,0,0,0,0,0,0,0,0,0,0,0,,0,1,0.6636,0,0,0,0,0,0,0,0,0,0,0,0,,0,1,0.6636,896878,1,0.03451981403206439,251,0.11405655834851725,252,73,2016,2016,1,0
896878,2016-04-14,Intuit Inc.,2016-04-14 00:00:00,0,78975.0,1.0,8.5108,0.5306,0.0735,15,0,0,0,0,1,0,0,0,0,1,0,0,0,0,1,0,,0,1,0.6636,0,0,0,1,0,0,0,0,1,0,0,0,0,1,0,,0,1,0.6636,0,0,0,0,0,0,0,0,0,0,0,0,,0,1,0.6636,0,0,0,0,0,0,0,0,0,0,0,0,,0,1,0.6636,896878,1,0.09267332104714432,252,0.09267332104714432,252,73,2016,2016,1,0
896878,2016-04-29,Intuit,2016-04-29 00:00:00,0,78975.0,1.0,8.5108,0.5306,0.0735,16,0,0,0,0,1,0,0,0,0,1,0,0,0,0,1,0,,0,1,0.6636,0,0,0,1,0,0,0,0,1,0,0,0,0,1,0,,0,1,0.6636,0,0,0,0,0,0,0,0,0,0,0,0,,0,1,0.6636,0,0,0,0,0,0,0,0,0,0,0,0,,0,1,0.6636,896878,1,0.03981917653270328,252,0.03981917653270328,252,73,2016,2016,1,0
896878,2016-05-17,Intuit,2016-06-10 00:00:00,0,78975.0,0.0,8.5108,0.5306,0.0735,17,0,0,0,0,0,0,0,0,0,0,0,0,0,0,0,0,,0,1,0.6636,0,0,0,0,0,0,0,0,0,0,0,0,0,0,0,,0,1,0.6636,0,0,0,0,0,0,0,0,0,0,0,0,,0,1,0.6636,0,0,0,0,0,0,0,0,0,0,0,0,,0,1,0.6636,896878,1,0.015790700853101303,252,0.06481651929220944,252,73,2016,2016,1,0
896878,2016-05-27,Intuit,2016-05-27 00:00:00,0,78975.0,1.0,8.5108,0.5306,0.0735,17,0,0,0,0,0,0,0,0,0,0,0,0,0,0,0,0,,0,1,0.6636,0,0,0,0,0,0,0,0,0,0,0,0,0,0,0,,0,1,0.6636,0,0,0,0,0,0,0,0,0,0,0,0,,0,1,0.6636,0,0,0,0,0,0,0,0,0,0,0,0,,0,1,0.6636,896878,1,0.054444695356610784,253,0.054444695356610784,253,73,2016,2016,1,0
896878,2016-06-01,"Intuit, Inc.",2016-07-11 00:00:00,0,78975.0,0.0,8.5108,0.5306,0.0735,18,0,0,0,0,0,0,0,0,0,0,0,0,0,0,0,0,,0,1,0.6636,0,0,0,0,0,0,0,0,0,0,0,0,0,0,0,,0,1,0.6636,0,0,0,0,0,0,0,0,0,0,0,0,,0,1,0.6636,0,0,0,0,0,0,0,0,0,0,0,0,,0,1,0.6636,896878,1,0.10258258745622273,251,0.031629830393030356,252,73,2016,2016,1,0
896878,2016-06-09,Intuit Inc,2016-06-21 00:00:00,0,78975.0,0.0,8.5108,0.5306,0.0735,19,0,0,0,0,0,0,0,0,0,0,0,0,0,0,0,0,,0,1,0.6636,0,0,0,0,0,0,0,0,0,0,0,0,0,0,0,,0,1,0.6636,0,0,0,0,0,0,0,0,0,0,0,0,,0,1,0.6636,0,0,0,0,0,0,0,0,0,0,0,0,,0,1,0.6636,896878,1,0.06260375865932255,252,0.028082807725531067,252,73,2016,2016,1,0
896878,2016-08-03,Intuit Inc.,2016-08-19 00:00:00,0,78975.0,0.0,8.3547,0.7268,0.2304,20,0,0,0,0,0,0,0,0,0,0,0,0,0,0,0,0,,0,0,0.0,0,0,0,0,0,0,0,0,0,0,0,0,0,0,0,,0,0,0.0,0,0,0,0,0,0,0,0,0,0,0,0,,0,0,0.0,0,0,0,0,0,0,0,0,0,0,0,0,,0,0,0.0,896878,1,0.013825766953114105,252,0.02536614142784721,252,73,2016,2016,1,0
896878,2016-08-22,Intuit Inc.,2016-09-15 00:00:00,0,78975.0,0.0,8.3547,0.7268,0.2304,21,0,0,0,0,0,0,0,0,0,0,0,0,0,0,0,0,,0,0,0.0,0,0,0,0,0,0,0,0,0,0,0,0,0,0,0,,0,0,0.0,0,0,0,0,0,0,0,0,0,0,0,0,,0,0,0.0,0,0,0,0,0,0,0,0,0,0,0,0,,0,0,0.0,896878,1,0.15065170820944518,252,0.16819913950417442,251,73,2016,2016,1,0
896878,2016-09-12,Intuit Inc,2016-09-23 00:00:00,0,78975.0,0.0,8.3547,0.7268,0.2304,22,0,0,0,0,0,0,0,0,0,0,0,0,0,0,0,0,,0,0,0.0,0,0,0,0,0,0,0,0,0,0,0,0,0,0,0,,0,0,0.0,0,0,0,0,0,0,0,0,0,0,0,0,,0,0,0.0,0,0,0,0,0,0,0,0,0,0,0,0,,0,0,0.0,896878,1,0.14860948337548008,252,0.14791519281800003,251,73,2016,2016,1,0
896878,2016-09-26,Intuit Inc.,2016-09-26 00:00:00,0,78975.0,1.0,8.3547,0.7268,0.2304,22,0,0,0,0,0,0,0,0,0,0,0,0,0,0,0,0,,0,0,0.0,0,0,0,0,0,0,0,0,0,0,0,0,0,0,0,,0,0,0.0,0,0,0,0,0,0,0,0,0,0,0,0,,0,0,0.0,0,0,0,0,0,0,0,0,0,0,0,0,,0,0,0.0,896878,1,0.13462175008134825,251,0.13462175008134825,251,73,2016,2016,1,0
896878,2016-10-18,Intuit,2016-10-18 00:00:00,0,78975.0,1.0,8.3547,0.7268,0.2304,22,0,0,0,0,0,0,0,0,0,0,0,0,0,0,0,0,,0,0,0.0,0,0,0,0,0,0,0,0,0,0,0,0,0,0,0,,0,0,0.0,0,0,0,0,0,0,0,0,0,0,0,0,,0,0,0.0,0,0,0,0,0,0,0,0,0,0,0,0,,0,0,0.0,896878,1,0.09791928039863684,252,0.09791928039863684,252,73,2016,2016,1,0
896878,2016-10-23,Intuit Inc.,2016-11-18 00:00:00,0,78975.0,0.0,8.3547,0.7268,0.2304,23,0,0,0,0,0,0,0,0,0,0,0,0,0,0,0,0,,0,0,0.0,0,0,0,0,0,0,0,0,0,0,0,0,0,0,0,,0,0,0.0,0,0,0,0,0,0,0,0,0,0,0,0,,0,0,0.0,0,0,0,0,0,0,0,0,0,0,0,0,,0,0,0.0,896878,1,0.11621301928601269,252,0.06908986673608397,251,73,2016,2016,1,0
896878,2016-10-30,Intuit Inc,2016-11-10 00:00:00,0,78975.0,0.0,8.3547,0.7268,0.2304,24,0,0,0,0,0,0,0,0,0,0,0,0,0,0,0,0,,0,0,0.0,0,0,0,0,0,0,0,0,0,0,0,0,0,0,0,,0,0,0.0,0,0,0,0,0,0,0,0,0,0,0,0,,0,0,0.0,0,0,0,0,0,0,0,0,0,0,0,0,,0,0,0.0,896878,1,0.0613769663317385,252,0.08180519124131269,251,73,2016,2016,1,0
896878,2016-11-22,Intuit Inc,2016-12-12 00:00:00,0,78975.0,0.0,8.3547,0.7268,0.2304,25,0,0,0,0,0,0,0,0,0,0,0,0,0,0,0,0,,0,0,0.0,0,0,0,0,0,0,0,0,0,0,0,0,0,0,0,,0,0,0.0,0,0,0,0,0,0,0,0,0,0,0,0,,0,0,0.0,0,0,0,0,0,0,0,0,0,0,0,0,,0,0,0.0,896878,1,0.07315081645152888,251,0.05384510602461523,252,73,2016,2016,1,0
896878,2016-12-05,"Intuit, Inc.",2016-12-05 00:00:00,0,78975.0,1.0,8.3547,0.7268,0.2304,25,0,0,0,0,0,0,0,0,0,0,0,0,0,0,0,0,,0,0,0.0,0,0,0,0,0,0,0,0,0,0,0,0,0,0,0,,0,0,0.0,0,0,0,0,0,0,0,0,0,0,0,0,,0,0,0.0,0,0,0,0,0,0,0,0,0,0,0,0,,0,0,0.0,896878,1,0.08470257269012249,251,0.08470257269012249,251,73,2016,2016,1,0
896878,2016-12-13,"Intuit, Inc.",2016-12-13 00:00:00,0,78975.0,1.0,8.3547,0.7268,0.2304,25,0,0,0,0,0,0,0,0,0,0,0,0,0,0,0,0,,0,0,0.0,0,0,0,0,0,0,0,0,0,0,0,0,0,0,0,,0,0,0.0,0,0,0,0,0,0,0,0,0,0,0,0,,0,0,0.0,0,0,0,0,0,0,0,0,0,0,0,0,,0,0,0.0,896878,1,0.0659914232026757,252,0.0659914232026757,252,73,2016,2016,1,0
896878,2017-01-01,Intuit Inc.,2017-06-13 00:00:00,0,78975.0,0.0,8.3547,0.7268,0.2304,25,0,0,0,0,0,0,1,0,0,1,1,1,0,1,1,1,70.0,0,0,0.0,0,0,0,0,0,0,0,0,0,0,0,0,0,0,0,,0,0,0.0,0,0,0,0,1,0,0,1,1,0,1,1,70.0,0,0,0.0,0,0,0,0,0,0,0,0,0,0,0,0,,0,0,0.0,896878,1,0.14725955482690734,252,0.07473250693173461,252,73,2017,2017,1,0
896878,2017-01-12,Intuit Inc.,2017-01-26 00:00:00,0,78975.0,0.0,8.3547,0.7268,0.2304,26,0,0,0,0,0,0,0,0,0,0,0,0,0,0,1,0,,0,0,0.0,0,0,0,0,0,0,0,0,0,0,0,0,0,0,0,,0,0,0.0,0,0,0,0,0,0,0,0,0,0,0,0,,0,0,0.0,0,0,0,0,0,0,0,0,0,0,0,0,,0,0,0.0,896878,1,0.05460397215773338,252,0.02387474294165237,252,73,2017,2017,1,0
896878,2017-01-27,Intuit,2017-01-27 00:00:00,0,78975.0,1.0,8.3547,0.7268,0.2304,26,0,0,0,0,0,0,0,0,0,0,0,0,0,0,1,0,,0,0,0.0,0,0,0,0,0,0,0,0,0,0,0,0,0,1,0,,0,0,0.0,0,0,0,0,0,0,0,0,0,0,0,0,,0,0,0.0,0,0,0,0,0,0,0,0,0,0,0,0,,0,0,0.0,896878,1,0.05240148135733036,252,0.05240148135733036,252,73,2017,2017,1,0
896878,2017-02-13,"Intuit, Inc.",2017-02-21 00:00:00,0,78975.0,0.0,8.3547,0.7268,0.2304,26,0,0,0,0,0,0,0,0,0,0,0,0,0,0,1,0,,0,0,0.0,0,0,0,0,0,0,0,0,0,0,0,0,0,1,0,,0,0,0.0,0,0,0,0,0,0,0,0,0,0,0,0,,0,0,0.0,0,0,0,0,0,0,0,0,0,0,0,0,,0,0,0.0,896878,1,-0.027904313829993033,252,-0.04012043939265375,251,73,2017,2017,1,0
896878,2017-02-20,Intuit Inc.,2017-03-10 00:00:00,0,78975.0,0.0,8.3547,0.7268,0.2304,27,0,0,0,0,0,0,0,0,0,0,0,1,0,0,1,1,165.0,0,0,0.0,0,0,0,0,0,0,0,0,0,0,0,0,0,1,0,,0,0,0.0,0,0,0,0,0,0,0,0,1,0,0,1,165.0,0,0,0.0,0,0,0,0,0,0,0,0,0,0,0,0,,0,0,0.0,896878,1,0.052935598080537716,252,-0.027904313829993033,252,73,2017,2017,1,0
896878,2017-02-28,Intuit Inc.,2017-03-17 00:00:00,0,78975.0,0.0,8.3547,0.7268,0.2304,27,0,0,0,0,0,0,0,0,0,0,0,1,0,0,1,1,158.0,0,0,0.0,0,0,0,0,0,0,0,0,0,0,1,0,0,1,1,175.0,0,0,0.0,0,0,0,0,0,0,0,0,1,0,0,1,158.0,0,0,0.0,0,0,0,0,0,0,0,0,1,0,0,1,175.0,0,0,0.0,896878,1,0.046972965618053086,252,0.0705853620717829,252,73,2017,2017,1,0
896878,2017-03-12,Intuit Inc.,2017-03-29 00:00:00,0,78975.0,0.0,8.3547,0.7268,0.2304,26,0,0,0,0,0,0,0,0,0,0,0,1,0,0,1,1,146.0,0,0,0.0,0,0,0,0,0,0,0,0,0,0,1,0,0,1,1,163.0,0,0,0.0,0,0,0,0,0,0,0,0,1,0,0,1,146.0,0,0,0.0,0,0,0,0,0,0,0,0,1,0,0,1,163.0,0,0,0.0,896878,1,-0.02309569095757702,253,0.0637247771237377,251,73,2017,2017,1,0
896878,2017-04-02,"Intuit, Inc.",2017-04-17 00:00:00,0,78975.0,0.0,8.3547,0.7268,0.2304,24,0,0,0,0,0,0,0,0,0,0,0,1,0,0,1,1,127.0,0,0,0.0,0,0,0,0,0,0,0,0,0,0,1,0,0,1,1,142.0,0,0,0.0,0,0,0,0,0,0,0,0,1,0,0,1,127.0,0,0,0.0,0,0,0,0,0,0,0,0,1,0,0,1,142.0,0,0,0.0,896878,1,0.01046677240416849,251,-0.053705997580203,252,73,2017,2017,1,0
896878,2017-04-17,Intuit Inc,2017-05-05 00:00:00,0,78975.0,0.0,8.3547,0.7268,0.2304,23,0,0,0,0,0,0,0,0,0,1,0,1,0,1,1,1,109.0,0,0,0.0,0,0,0,0,0,0,0,0,0,0,1,0,0,1,1,127.0,0,0,0.0,0,0,0,0,0,0,0,0,1,0,1,1,109.0,0,0,0.0,0,0,0,0,0,0,0,0,1,0,0,1,127.0,0,0,0.0,896878,1,0.08663546496561114,252,0.01046677240416849,251,73,2017,2017,1,0
896878,2017-04-30,Intuit Inc,2017-05-17 00:00:00,0,78975.0,0.0,8.3547,0.7268,0.2304,23,0,0,0,0,0,0,0,0,0,1,0,1,0,1,1,1,97.0,0,0,0.0,0,0,0,0,0,0,0,0,1,0,1,0,1,1,1,114.0,0,0,0.0,0,0,0,0,0,0,0,0,1,0,1,1,97.0,0,0,0.0,0,0,0,0,0,0,0,0,1,0,1,1,114.0,0,0,0.0,896878,1,0.055291106474833596,252,0.07786396556613351,251,73,2017,2017,1,0
896878,2017-06-01,Intuit Inc.,2017-07-21 00:00:00,0,78975.0,0.0,8.3547,0.7268,0.2304,22,0,0,0,0,0,0,1,0,1,1,1,1,0,1,1,1,32.0,0,0,0.0,0,0,0,0,0,1,0,0,1,1,1,0,1,1,1,82.0,0,0,0.0,0,0,0,0,1,0,1,1,1,0,1,1,32.0,0,0,0.0,0,0,0,0,1,0,0,1,1,0,1,1,82.0,0,0,0.0,896878,1,0.029199155951487477,252,0.16215934149297806,252,73,2017,2017,1,0
896878,2017-06-14,"Intuit, Inc.",2017-06-14 00:00:00,0,78975.0,1.0,8.3547,0.7268,0.2304,21,0,0,0,0,0,0,1,0,0,1,1,1,0,1,1,1,69.0,0,0,0.0,0,0,0,0,0,1,0,0,1,1,1,0,1,1,1,69.0,0,0,0.0,0,0,0,0,1,0,0,1,1,0,1,1,69.0,0,0,0.0,0,0,0,0,1,0,0,1,1,0,1,1,69.0,0,0,0.0,896878,1,0.14237650326147588,252,0.14237650326147588,252,73,2017,2017,1,0
896878,2017-07-30,"Intuit, Inc.",2017-08-15 00:00:00,0,78975.0,0.0,8.3547,0.7268,0.2304,22,0,1,0,0,1,1,1,0,1,1,1,1,0,1,1,1,7.0,0,0,0.0,1,0,0,1,1,1,0,1,1,1,1,0,1,1,1,23.0,0,0,0.0,1,0,0,1,1,0,1,1,1,0,1,1,7.0,0,0,0.0,1,0,0,1,1,0,1,1,1,0,1,1,23.0,0,0,0.0,896878,1,0.10832967444382868,252,0.07676859242875134,251,73,2017,2017,1,0
896878,2017-08-08,Intuit Inc.,2017-08-08 00:00:00,0,78975.0,1.0,8.3109,0.6672,0.2387,22,0,1,0,0,1,1,1,0,1,1,1,1,0,1,1,1,14.0,0,0,0.0,1,0,0,1,1,1,0,1,1,1,1,0,1,1,1,14.0,0,0,0.0,1,0,0,1,1,0,1,1,1,0,1,1,14.0,0,0,0.0,1,0,0,1,1,0,1,1,1,0,1,1,14.0,0,0,0.0,896878,1,0.08279615106566363,252,0.08279615106566363,252,73,2017,2017,1,0
896878,2017-08-16,Intuit Inc.,2017-08-16 00:00:00,0,78975.0,1.0,8.3109,0.6672,0.2387,23,0,1,0,0,1,1,1,0,1,1,1,1,0,1,1,1,6.0,0,0,0.0,1,0,0,1,1,1,0,1,1,1,1,0,1,1,1,6.0,0,0,0.0,1,0,0,1,1,0,1,1,1,0,1,1,6.0,0,0,0.0,1,0,0,1,1,0,1,1,1,0,1,1,6.0,0,0,0.0,896878,1,0.08827408211236132,252,0.08827408211236132,252,73,2017,2017,1,0
896878,2017-08-25,Intuit Inc.,2017-08-25 00:00:00,0,78975.0,1.0,8.3109,0.6672,0.2387,23,0,0,0,0,0,0,0,0,1,1,0,0,0,1,1,0,,1,0,0.0,0,0,0,0,0,0,0,1,1,0,0,0,1,1,0,,1,0,0.0,0,0,0,0,0,0,1,0,0,0,1,0,,1,0,0.0,0,0,0,0,0,0,1,0,0,0,1,0,,1,0,0.0,896878,1,0.10733873803290228,252,0.10733873803290228,252,73,2017,2017,1,0
896878,2017-09-01,Intuit Inc,2017-09-01 00:00:00,0,78975.0,1.0,8.3109,0.6672,0.2387,24,0,0,0,0,0,0,0,0,1,1,0,0,0,1,1,0,,1,0,0.0,0,0,0,0,0,0,0,1,1,0,0,0,1,1,0,,1,0,0.0,0,0,0,0,0,0,1,0,0,0,1,0,,1,0,0.0,0,0,0,0,0,0,1,0,0,0,1,0,,1,0,0.0,896878,1,0.12676721636386756,252,0.12676721636386756,252,73,2017,2017,1,0
896878,2017-10-17,Intuit,2017-10-17 00:00:00,0,78975.0,1.0,8.3109,0.6672,0.2387,23,0,0,0,1,1,0,0,0,1,1,0,0,0,1,1,0,,1,0,0.0,0,0,1,1,0,0,0,1,1,0,0,0,1,1,0,,1,0,0.0,0,0,1,0,0,0,1,0,0,0,1,0,,1,0,0.0,0,0,1,0,0,0,1,0,0,0,1,0,,1,0,0.0,896878,1,0.14747896023593832,252,0.14747896023593832,252,73,2017,2017,1,0
896878,2018-02-06,Intuit Inc.,2018-03-05 00:00:00,0,78975.0,0.0,8.3109,0.6672,0.2387,15,0,0,0,0,0,0,1,0,0,1,1,1,1,0,1,1,78.0,0,1,0.6636,0,0,0,0,0,0,0,0,0,0,1,0,0,1,1,105.0,1,0,0.0,0,0,0,0,1,0,0,1,1,1,0,1,78.0,0,1,0.6636,0,0,0,0,0,0,0,0,1,0,0,1,105.0,1,0,0.0,896878,1,0.2095083094456638,251,0.1878847447784029,252,73,2018,2018,1,0
896878,2018-03-14,Intuit Inc.,2018-03-14 00:00:00,0,78975.0,1.0,8.3109,0.6672,0.2387,12,0,0,0,0,0,0,1,0,0,1,1,1,1,0,1,1,69.0,0,1,0.6636,0,0,0,0,0,1,0,0,1,1,1,1,0,1,1,69.0,0,1,0.6636,0,0,0,0,1,0,0,1,1,1,0,1,69.0,0,1,0.6636,0,0,0,0,1,0,0,1,1,1,0,1,69.0,0,1,0.6636,896878,1,0.25867546901213223,252,0.25867546901213223,252,73,2018,2018,1,0
896878,2018-04-26,Intuit,2018-04-26 00:00:00,0,78975.0,1.0,8.3109,0.6672,0.2387,11,0,1,0,0,1,1,1,0,0,1,1,1,1,0,1,1,26.0,0,1,0.6636,1,0,0,1,1,1,0,0,1,1,1,1,0,1,1,26.0,0,1,0.6636,1,0,0,1,1,0,0,1,1,1,0,1,26.0,0,1,0.6636,1,0,0,1,1,0,0,1,1,1,0,1,26.0,0,1,0.6636,896878,1,0.3768161591075512,252,0.3768161591075512,252,73,2018,2018,1,0
896878,2018-05-16,Intuit,2018-05-16 00:00:00,0,78975.0,1.0,8.3109,0.6672,0.2387,11,0,1,0,0,1,1,1,0,0,1,1,1,1,0,1,1,6.0,0,1,0.6636,1,0,0,1,1,1,0,0,1,1,1,1,0,1,1,6.0,0,1,0.6636,1,0,0,1,1,0,0,1,1,1,0,1,6.0,0,1,0.6636,1,0,0,1,1,0,0,1,1,1,0,1,6.0,0,1,0.6636,896878,1,0.35641643614004126,252,0.35641643614004126,252,73,2018,2018,1,0
896878,2018-06-15,Intuit Inc,2018-06-15 00:00:00,0,78975.0,1.0,8.3109,0.6672,0.2387,10,0,0,0,0,0,0,1,1,0,1,1,1,1,0,1,1,69.0,1,1,0.6636,0,0,0,0,0,1,1,0,1,1,1,1,0,1,1,69.0,1,1,0.6636,0,0,0,0,1,1,0,1,1,1,0,1,69.0,1,1,0.6636,0,0,0,0,1,1,0,1,1,1,0,1,69.0,1,1,0.6636,896878,1,0.3448048352484463,252,0.3448048352484463,252,73,2018,2018,1,0
896878,2019-01-29,"Intuit, Inc.",2019-02-26 00:00:00,0,78975.0,0.0,8.5522,0.5454,0.2339,5,0,0,0,0,0,0,0,0,0,0,0,0,0,0,0,0,,1,3,1.9909,0,0,0,0,0,0,0,0,0,0,0,0,0,0,0,,1,2,1.3273,0,0,0,0,0,0,0,0,0,0,0,0,,0,5,3.3182,0,0,0,0,0,0,0,0,0,0,0,0,,1,2,1.3273,896878,1,0.4210406049276465,251,0.31500940229399976,251,73,2019,2019,1,0
896878,2019-02-21,"Intuit, Inc.",2019-03-12 00:00:00,0,78975.0,0.0,8.5522,0.5454,0.2339,5,0,0,0,0,0,0,0,0,0,0,0,0,0,0,0,0,,1,3,1.9909,0,0,0,0,0,0,0,0,0,0,0,0,0,0,0,,1,3,1.9909,0,0,0,0,0,0,0,0,0,0,0,0,,0,5,3.3182,0,0,0,0,0,0,0,0,0,0,0,0,,0,5,3.3182,896878,1,0.4148055758575484,251,0.3313385634474777,251,73,2019,2019,1,0
896878,2019-03-21,Intuit Inc.,2019-07-26 00:00:00,0,78975.0,0.0,8.5522,0.5454,0.2339,5,0,0,0,0,0,0,0,0,0,0,0,0,0,0,0,0,,0,4,2.6545,0,0,0,0,0,0,0,0,0,0,0,0,0,0,0,,1,3,1.9909,0,0,0,0,0,0,0,0,0,0,0,0,,0,5,3.3182,0,0,0,0,0,0,0,0,0,0,0,0,,0,5,3.3182,896878,1,0.24917362221482775,251,0.401073684916182,251,73,2019,2019,1,0
896878,2019-03-26,"Intuit, Inc.",2019-03-26 00:00:00,0,78975.0,1.0,8.5522,0.5454,0.2339,6,0,0,0,0,0,0,0,0,0,0,0,0,0,0,0,0,,1,3,1.9909,0,0,0,0,0,0,0,0,0,0,0,0,0,0,0,,1,3,1.9909,0,0,0,0,0,0,0,0,0,0,0,0,,0,5,3.3182,0,0,0,0,0,0,0,0,0,0,0,0,,0,5,3.3182,896878,1,0.4241740398986389,251,0.4241740398986389,251,73,2019,2019,1,0
896878,2019-04-07,Intuit Inc.,2019-04-16 00:00:00,0,78975.0,0.0,8.5522,0.5454,0.2339,7,0,0,0,0,0,0,0,0,0,0,0,0,0,0,0,0,,1,3,1.9909,0,0,0,0,0,0,0,0,0,0,0,0,0,0,0,,1,3,1.9909,0,0,0,0,0,0,0,0,0,0,0,0,,0,5,3.3182,0,0,0,0,0,0,0,0,0,0,0,0,,0,5,3.3182,896878,1,0.43098241693548967,252,0.4600837572077503,251,73,2019,2019,1,0
896878,2019-04-16,Intuit,2019-04-16 00:00:00,0,78975.0,1.0,8.5522,0.5454,0.2339,8,0,0,0,0,0,0,0,0,0,0,0,0,0,0,0,0,,1,3,1.9909,0,0,0,0,0,0,0,0,0,0,0,0,0,0,0,,1,3,1.9909,0,0,0,0,0,0,0,0,0,0,0,0,,0,5,3.3182,0,0,0,0,0,0,0,0,0,0,0,0,,0,5,3.3182,896878,1,0.43098241693548967,252,0.43098241693548967,252,73,2019,2019,1,0
896878,2019-09-20,Intuit Inc,2020-02-21 00:00:00,0,78975.0,0.0,8.7456,0.4033,0.2478,6,0,0,0,0,0,0,0,0,0,0,0,0,0,0,0,0,,0,3,1.9909,0,0,0,0,0,0,0,0,0,0,0,0,0,0,0,,0,3,1.9909,0,0,0,0,0,0,0,0,0,0,0,0,,0,4,2.6545,0,0,0,0,0,0,0,0,0,0,0,0,,0,4,2.6545,896878,1,0.08166872924026536,252,0.1951100312428644,251,73,2020,2019,1,0
896878,2020-03-31,Intuit,2020-03-31 00:00:00,0,78975.0,1.0,8.7456,0.4033,0.2478,3,0,0,0,0,0,0,0,0,0,0,0,0,0,0,0,0,,0,3,1.9909,0,0,0,0,0,0,0,0,0,0,0,0,0,0,0,,0,3,1.9909,0,0,0,0,0,0,0,0,0,0,0,0,,0,4,2.6545,0,0,0,0,0,0,0,0,0,0,0,0,,0,4,2.6545,896878,1,0.008860894546275588,252,0.008860894546275588,252,73,2020,2020,1,0
896878,2020-04-12,Intuit Inc.,2020-05-13 00:00:00,0,78975.0,0.0,8.7456,0.4033,0.2478,3,0,0,0,0,0,0,0,0,0,0,0,0,0,0,1,0,,0,3,1.9909,0,0,0,0,0,0,0,0,0,0,0,0,0,0,0,,0,3,1.9909,0,0,0,0,0,0,0,0,0,0,0,0,,0,4,2.6545,0,0,0,0,0,0,0,0,0,0,0,0,,0,4,2.6545,896878,1,0.18849204360672833,252,0.0349089066458359,250,73,2020,2020,1,0
896878,2022-02-06,Intuit Inc,2022-04-14 00:00:00,0,78975.0,0.0,9.6496,0.3639,0.1329,0,0,0,0,0,0,0,1,1,0,1,1,1,1,0,1,1,40.0,1,0,0.0,0,0,0,0,0,0,0,0,0,0,1,1,0,1,1,107.0,1,0,0.0,0,0,0,0,1,1,0,1,1,1,0,1,40.0,1,0,0.0,0,0,0,0,0,0,0,0,1,1,0,1,107.0,1,0,0.0,896878,1,0.08820682720407613,254,0.306566790596978,252,73,2022,2022,1,0
896878,2022-04-15,Intuit Inc.,2022-04-15 00:00:00,0,78975.0,1.0,9.6496,0.3639,0.1329,1,0,0,0,0,0,0,1,1,0,1,1,1,1,0,1,1,39.0,1,0,0.0,0,0,0,0,0,1,1,0,1,1,1,1,0,1,1,39.0,1,0,0.0,0,0,0,0,1,1,0,1,1,1,0,1,39.0,1,0,0.0,0,0,0,0,1,1,0,1,1,1,0,1,39.0,1,0,0.0,896878,1,0.10541645910814568,254,0.10541645910814568,254,73,2022,2022,1,0
896878,2023-01-01,Intuit Inc.,2023-09-15 00:00:00,0,78975.0,0.0,10.2304,0.4072,0.0745,2,0,0,0,0,0,0,0,0,0,0,0,0,0,0,0,0,,1,2,1.3273,0,0,0,0,0,0,0,0,1,0,0,0,0,1,0,,0,2,1.3273,0,0,0,0,0,0,0,0,0,0,0,0,,1,2,1.3273,0,0,0,0,0,0,0,0,0,0,0,0,,0,2,1.3273,896878,1,0.1311748344322965,251,-0.19589264750802948,251,73,2023,2023,1,1
896878,2023-06-04,Intuit Inc,2024-03-15 00:00:00,0,78975.0,0.0,10.2304,0.4072,0.0745,1,0,0,0,0,0,0,0,0,0,1,0,0,0,0,1,0,,0,2,1.3273,0,0,0,0,0,1,0,0,1,1,1,0,0,1,1,71.0,0,2,1.3273,0,0,0,0,0,0,0,0,0,0,0,0,,0,2,1.3273,0,0,0,0,1,0,0,1,1,0,0,1,71.0,0,2,1.3273,896878,1,0.30245088581499435,251,0.021113131826752563,250,73,2024,2023,1,1
896878,2023-12-01,Intuit Inc.,2024-03-15 00:00:00,0,78975.0,0.0,10.2321,0.3784,0.0858,2,0,0,0,0,0,0,0,0,0,1,0,0,0,0,1,0,,0,2,1.3273,0,0,0,0,0,0,0,0,0,0,0,0,0,1,0,,1,1,0.6636,0,0,0,0,0,0,0,0,0,0,0,0,,0,2,1.3273,0,0,0,0,0,0,0,0,0,0,0,0,,1,1,0.6636,896878,1,0.30245088581499435,251,0.30031412735165297,251,73,2024,2023,1,0
896878,2024-01-29,Intuit Inc.,2024-11-08 00:00:00,0,78975.0,0.0,10.2321,0.3784,0.0858,2,0,0,0,0,0,0,0,0,0,0,0,0,0,0,0,0,,0,1,0.6636,0,0,0,0,0,0,0,0,0,0,0,0,0,1,0,,1,1,0.6636,0,0,0,0,0,0,0,0,0,0,0,0,,0,1,0.6636,0,0,0,0,0,0,0,0,0,0,0,0,,1,1,0.6636,896878,1,-0.0712535918481283,251,0.3466326238244233,250,73,2024,2024,1,1
896878,2024-03-05,Intuit Inc,2024-12-20 00:00:00,0,78975.0,0.0,10.2321,0.3784,0.0858,3,0,0,0,0,0,0,0,0,0,0,0,0,0,0,1,0,,0,1,0.6636,0,0,0,0,0,0,0,0,1,0,0,0,0,1,0,,0,2,1.3273,0,0,0,0,0,0,0,0,0,0,0,0,,0,1,0.6636,0,0,0,0,0,0,0,0,0,0,0,0,,0,2,1.3273,896878,1,-0.19779009136295223,251,0.4036914958931266,251,73,2024,2024,1,1
896878,2024-12-20,Intuit Inc.,2024-12-20 00:00:00,0,78975.0,1.0,10.3776,0.4262,0.0922,2,0,0,0,0,0,0,0,0,0,0,0,0,0,0,1,0,,0,1,0.6636,0,0,0,0,0,0,0,0,0,0,0,0,0,1,0,,0,1,0.6636,0,0,0,0,0,0,0,0,0,0,0,0,,0,1,0.6636,0,0,0,0,0,0,0,0,0,0,0,0,,0,1,0.6636,896878,1,-0.19779009136295223,251,-0.19779009136295223,251,73,2024,2024,1,0
908937,2012-03-19,Sirius XM Radio Inc.,2012-04-06 00:00:00,0,80924.0,0.0,8.9221,0.9061,0.057,0,0,0,0,0,0,0,0,0,0,0,0,0,0,0,0,0,,1,1,0.6636,0,0,0,0,0,0,0,0,0,0,0,0,0,0,0,,1,1,0.6636,0,0,0,0,0,0,0,0,0,0,0,0,,0,1,0.6636,0,0,0,0,0,0,0,0,0,0,0,0,,0,1,0.6636,908937,1,0.24964242320048657,252,0.23393443989798524,251,48,2012,2012,1,0
908937,2012-04-12,Sirius XM Satellite Radio,2012-04-12 00:00:00,0,80924.0,1.0,8.9221,0.9061,0.057,1,0,0,0,0,0,0,0,0,0,0,0,0,0,0,0,0,,1,1,0.6636,0,0,0,0,0,0,0,0,0,0,0,0,0,0,0,,1,1,0.6636,0,0,0,0,0,0,0,0,0,0,0,0,,0,1,0.6636,0,0,0,0,0,0,0,0,0,0,0,0,,0,1,0.6636,908937,1,0.2170600645474856,251,0.2170600645474856,251,48,2012,2012,1,0
908937,2016-02-01,Sirius XM Radio Inc.,2016-03-17 00:00:00,0,80924.0,0.0,8.993,1.0207,0.0633,0,0,0,0,0,0,0,0,0,0,0,0,0,0,0,0,0,,0,1,0.6636,0,0,1,1,0,0,0,1,1,0,0,0,1,1,0,,0,1,0.6636,0,0,0,0,0,0,0,0,0,0,0,0,,0,2,1.3273,0,0,1,0,0,0,1,0,0,0,1,0,,0,2,1.3273,908937,1,0.03932837963369451,252,0.08894687828932346,251,48,2016,2016,1,0
908937,2016-04-05,Sirius XM Radio Inc.,2016-04-05 00:00:00,0,80924.0,1.0,8.993,1.0207,0.0633,1,0,0,0,0,0,0,0,0,0,0,0,0,0,0,0,0,,0,1,0.6636,0,0,0,0,0,0,0,0,0,0,0,0,0,0,0,,0,1,0.6636,0,0,0,0,0,0,0,0,0,0,0,0,,0,2,1.3273,0,0,0,0,0,0,0,0,0,0,0,0,,0,2,1.3273,908937,1,0.020104876093267388,252,0.020104876093267388,252,48,2016,2016,1,0
908937,2016-08-20,Sirius XM Radio Inc.,2016-09-14 00:00:00,0,80924.0,0.0,8.993,1.0207,0.0633,2,0,0,0,0,0,0,0,0,0,0,0,0,0,0,0,0,,0,1,0.6636,0,0,0,0,0,0,0,0,0,0,0,0,0,0,0,,0,1,0.6636,0,0,0,0,0,0,0,0,0,0,0,0,,0,2,1.3273,0,0,0,0,0,0,0,0,0,0,0,0,,0,2,1.3273,908937,1,-0.023839605925663365,252,0.023281061887709287,252,48,2016,2016,1,0
908937,2016-09-26,Sirius XM Radio Inc,2016-10-03 00:00:00,0,80924.0,1.0,8.993,1.0207,0.0633,3,0,0,0,0,0,0,0,0,0,0,0,0,0,0,0,0,,0,1,0.6636,0,0,0,0,0,0,0,0,0,0,0,0,0,0,0,,0,1,0.6636,0,0,0,0,0,0,0,0,0,0,0,0,,0,2,1.3273,0,0,0,0,0,0,0,0,0,0,0,0,,0,2,1.3273,908937,1,-0.035632773362352044,251,-0.024423535720929923,251,48,2016,2016,1,0
908937,2016-10-04,"Sirius XM Radio, Inc.",2016-10-04 00:00:00,0,80924.0,1.0,8.993,1.0207,0.0633,4,0,0,0,0,0,0,0,0,0,0,0,0,0,0,0,0,,0,1,0.6636,0,0,0,0,0,0,0,0,0,0,0,0,0,0,0,,0,1,0.6636,0,0,0,0,0,0,0,0,0,0,0,0,,0,2,1.3273,0,0,0,0,0,0,0,0,0,0,0,0,,0,2,1.3273,908937,1,-0.026981594701470213,252,-0.026981594701470213,252,48,2016,2016,1,0
908937,2016-10-31,Sirius XM Radio Inc.,2016-11-10 00:00:00,0,80924.0,0.0,8.993,1.0207,0.0633,5,0,0,0,0,0,0,0,0,0,0,0,0,0,0,0,0,,0,1,0.6636,0,0,0,0,0,0,0,0,0,0,0,0,0,0,0,,0,1,0.6636,0,0,0,0,0,0,0,0,0,0,0,0,,0,2,1.3273,0,0,0,0,0,0,0,0,0,0,0,0,,0,2,1.3273,908937,1,-0.01904808569082106,252,-0.03425572120871556,251,48,2016,2016,1,0
908937,2016-11-15,Sirius XM Radio Inc.,2016-11-15 00:00:00,0,80924.0,1.0,8.993,1.0207,0.0633,6,0,0,0,0,0,0,0,0,0,0,0,0,0,0,0,0,,0,1,0.6636,0,0,0,0,0,0,0,0,0,0,0,0,0,0,0,,0,1,0.6636,0,0,0,0,0,0,0,0,0,0,0,0,,0,2,1.3273,0,0,0,0,0,0,0,0,0,0,0,0,,0,2,1.3273,908937,1,0.00840742287469154,252,0.00840742287469154,252,48,2016,2016,1,0
908937,2016-12-04,Sirius XM Radio Inc,2016-12-16 00:00:00,0,80924.0,0.0,8.993,1.0207,0.0633,7,0,0,0,0,0,0,0,0,0,0,0,0,0,0,0,0,,0,1,0.6636,0,0,0,0,0,0,0,0,0,0,0,0,0,0,0,,0,1,0.6636,0,0,0,0,0,0,0,0,0,0,0,0,,0,2,1.3273,0,0,0,0,0,0,0,0,0,0,0,0,,0,2,1.3273,908937,1,-0.023223011512745195,252,-0.02341658739360919,251,48,2016,2016,1,0
908937,2016-12-19,"Sirius XM Radio, Inc.",2016-12-19 00:00:00,0,80924.0,1.0,8.993,1.0207,0.0633,8,0,0,0,0,0,0,0,0,0,0,0,0,0,0,0,0,,0,1,0.6636,0,0,0,0,0,0,0,0,0,0,0,0,0,0,0,,0,1,0.6636,0,0,0,0,0,0,0,0,0,0,0,0,,0,2,1.3273,0,0,0,0,0,0,0,0,0,0,0,0,,0,2,1.3273,908937,1,-0.020806566673602145,251,-0.020806566673602145,251,48,2016,2016,1,0
908937,2017-01-06,Sirius XM Radio Inc.,2017-01-25 00:00:00,0,80924.0,0.0,8.9876,1.099,0.0932,9,0,0,0,0,0,0,0,0,0,0,0,0,0,0,0,0,,0,1,0.6636,0,0,0,0,0,0,0,0,0,0,0,0,0,0,0,,0,1,0.6636,0,0,0,0,0,0,0,0,0,0,0,0,,0,2,1.3273,0,0,0,0,0,0,0,0,0,0,0,0,,0,2,1.3273,908937,1,0.005877686992630693,252,0.018724745261494924,252,48,2017,2017,1,0
908937,2017-01-25,"Sirius XM Radio, Inc.",2017-01-25 00:00:00,0,80924.0,1.0,8.9876,1.099,0.0932,10,0,0,0,0,0,0,0,0,0,0,0,0,0,0,0,0,,0,1,0.6636,0,0,0,0,0,0,0,0,0,0,0,0,0,0,0,,0,1,0.6636,0,0,0,0,0,0,0,0,0,0,0,0,,0,2,1.3273,0,0,0,0,0,0,0,0,0,0,0,0,,0,2,1.3273,908937,1,0.005877686992630693,252,0.005877686992630693,252,48,2017,2017,1,0
908937,2017-08-06,Sirius XM Radio Inc.,2017-08-31 00:00:00,0,80924.0,0.0,8.9876,1.099,0.0932,9,0,0,0,0,0,0,0,0,0,0,0,0,0,1,1,0,,0,0,0.0,0,0,0,0,0,0,0,0,0,0,0,0,1,1,0,,0,0,0.0,0,0,0,0,0,0,0,0,0,0,1,0,,0,0,0.0,0,0,0,0,0,0,0,0,0,0,1,0,,0,0,0.0,908937,1,0.2354016384704578,252,0.16444416489997105,251,48,2017,2017,1,0
908937,2017-09-18,Sirius XM Radio Inc.,2017-09-18 00:00:00,0,80924.0,1.0,8.9876,1.099,0.0932,9,0,0,0,0,0,0,0,0,0,0,0,0,0,1,1,0,,0,0,0.0,0,0,0,0,0,0,0,0,0,0,0,0,1,1,0,,0,0,0.0,0,0,0,0,0,0,0,0,0,0,1,0,,0,0,0.0,0,0,0,0,0,0,0,0,0,0,1,0,,0,0,0.0,908937,1,0.16377922450574123,251,0.16377922450574123,251,48,2017,2017,1,0
920522,2013-08-13,"Essex Property Trust, Inc.",2015-04-01 00:00:00,0,80681.0,0.0,8.4862,0.6112,0.0258,0,0,0,0,0,0,0,1,0,0,1,1,1,0,1,1,1,36.0,0,1,0.6636,0,0,0,0,0,0,0,0,0,0,0,0,0,1,0,,1,0,0.0,0,0,0,0,1,0,0,1,1,0,1,1,36.0,0,1,0.6636,0,0,0,0,0,0,0,0,0,0,0,0,,1,0,0.0,920522,1,0.2861393315044294,252,-0.1655793528878584,250,65,2015,2013,1,1
924613,2013-07-22,Nokia Inc.,2013-07-22 00:00:00,0,87128.0,1.0,10.5838,0.6846,-0.1037,0,0,0,0,0,0,0,0,0,0,0,0,0,0,0,0,0,,0,0,0.0,0,0,0,0,0,0,0,0,0,0,0,0,0,0,0,,0,0,0.0,0,0,0,0,0,0,0,0,0,0,0,0,,0,0,0.0,0,0,0,0,0,0,0,0,0,0,0,0,,0,0,0.0,924613,0,1.086723664192164,249,1.086723664192164,249,36,2013,2013,0,0
926480,2008-07-29,The Walt Disney Company,2008-07-29 00:00:00,0,26403.0,1.0,11.0174,0.474,0.0769,0,0,0,0,0,0,0,0,0,0,1,0,0,0,0,1,0,,0,0,0.0,0,0,0,0,0,0,0,0,1,0,0,0,0,1,0,,0,0,0.0,0,0,0,0,0,0,0,0,0,0,0,0,,0,0,0.0,0,0,0,0,0,0,0,0,0,0,0,0,,0,0,0.0,1001039,1,0.028151348009905486,252,0.028151348009905486,252,78,2008,2008,1,0
943452,2022-03-15,Wabtec Corporation,2022-12-30 00:00:00,0,81677.0,0.0,9.823,0.4452,0.0302,0,0,0,0,0,0,0,0,0,0,0,0,0,0,0,0,0,,1,2,1.3273,0,0,0,1,0,0,0,1,1,0,0,0,1,1,0,,0,3,1.9909,0,0,0,0,0,0,0,0,0,0,0,0,,1,1,0.6636,0,0,0,0,0,0,1,0,0,0,1,0,,0,2,1.3273,943452,1,0.2946745803235017,252,0.13865488450429142,253,34,2022,2022,1,1
1000228,2023-09-27,"Henry Schein, Inc.",2023-12-06 00:00:00,0,82581.0,0.0,9.0603,0.4573,0.0625,0,1,0,0,0,1,0,0,0,0,1,0,0,0,0,1,0,,0,2,1.3273,0,0,0,0,0,0,0,0,1,0,0,0,0,1,0,,0,2,1.3273,0,0,0,0,0,0,0,0,0,0,0,0,,0,3,1.9909,0,0,0,0,0,0,0,0,0,0,0,0,,0,3,1.9909,1000228,1,-0.2798676570108444,251,-0.054110364925457954,251,28,2023,2023,1,0
1001082,2023-02-22,"DISH Network, LLC",2023-05-15 00:00:00,1,81696.0,0.0,10.8706,0.6501,0.0438,0,0,0,0,0,0,0,1,1,0,1,1,1,1,0,1,1,39.0,0,0,0.0,0,0,0,0,0,0,0,0,0,0,1,1,0,1,1,121.0,0,0,0.0,0,0,0,0,1,1,0,1,1,1,0,1,39.0,0,0,0.0,0,0,0,0,0,0,0,0,1,1,0,1,121.0,0,0,0.0,1001082,1,-0.7330100824713435,250,-0.48045839123881773,251,48,2023,2023,1,0
1001082,2023-05-17,"DISH Network, LLC",2023-05-17 00:00:00,1,81696.0,1.0,10.8706,0.6501,0.0438,1,0,0,0,0,0,0,1,1,0,1,1,1,1,0,1,1,37.0,0,0,0.0,0,0,0,0,0,1,1,0,1,1,1,1,0,1,1,37.0,0,0,0.0,0,0,0,0,1,1,0,1,1,1,0,1,37.0,0,0,0.0,0,0,0,0,1,1,0,1,1,1,0,1,37.0,0,0,0.0,1001082,1,-0.713689811666456,251,-0.713689811666456,251,48,2023,2023,1,0
1001250,2023-05-01,The EstÃ©e Lauder Companies Inc.,2023-10-19 00:00:00,0,82642.0,0.0,9.948,0.6924,0.1143,0,0,0,0,0,0,0,0,0,0,0,0,0,0,0,0,0,,0,2,1.3273,0,0,0,0,0,0,0,0,0,0,0,0,1,1,0,,0,2,1.3273,0,0,0,0,0,0,0,0,0,0,0,0,,0,2,1.3273,0,0,0,0,0,0,0,0,0,0,1,0,,0,2,1.3273,1001250,1,-0.49436345120298886,251,-0.06298369009340743,250,20,2023,2023,1,0
1001250,2023-05-30,The EstÃ©e Lauder Companies Inc.,2023-10-18 00:00:00,0,82642.0,0.0,9.948,0.6924,0.1143,1,0,0,0,0,0,0,0,0,0,0,0,0,0,0,0,0,,0,2,1.3273,0,0,0,0,0,0,0,1,1,0,0,0,1,1,0,,0,2,1.3273,0,0,0,0,0,0,0,0,0,0,0,0,,0,2,1.3273,0,0,0,0,0,0,1,0,0,0,1,0,,0,2,1.3273,1001250,1,-0.49872695485387175,251,-0.23056783033602857,250,20,2023,2023,1,0
1001250,2023-07-11,The EstÃ©e Lauder Companies Inc.,2023-08-31 00:00:00,0,82642.0,0.0,10.0611,0.7259,0.043,2,0,0,0,0,0,0,0,0,0,0,0,0,0,0,0,0,,0,2,1.3273,0,0,0,0,0,0,0,1,1,0,0,0,1,1,0,,0,2,1.3273,0,0,0,0,0,0,0,0,0,0,0,0,,0,2,1.3273,0,0,0,0,0,0,1,0,0,0,1,0,,0,2,1.3273,1001250,1,-0.48303703675188703,251,-0.35632778816514055,251,20,2023,2023,1,0
1041061,2023-01-13,"Yum! Brands, Inc.",2023-04-07 00:00:00,0,85348.0,0.0,8.6735,2.5183,0.2267,0,1,0,0,0,0,0,1,1,0,1,1,1,1,0,1,1,83.0,0,1,0.6636,0,0,0,0,0,0,0,0,0,0,1,1,0,1,1,167.0,0,1,0.6636,0,0,0,0,1,1,0,1,1,1,0,1,83.0,0,2,1.3273,0,0,0,0,0,0,0,0,1,1,0,1,167.0,0,2,1.3273,1041061,1,0.21812226597382423,251,0.16717910188354024,251,50,2023,2023,1,0
1048911,2011-05-01,"FedEx Ground Package System, Inc.",2011-06-24 00:00:00,0,60628.0,0.0,10.1227,0.4454,0.0475,0,0,0,0,0,0,0,0,0,0,0,0,0,0,0,0,0,,0,2,1.3273,0,0,0,0,0,0,0,0,0,0,0,0,0,0,0,,0,2,1.3273,0,0,0,0,0,0,0,0,0,0,0,0,,0,1,0.6636,0,0,0,0,0,0,0,0,0,0,0,0,,0,1,0.6636,1048911,1,0.012644443961451035,253,-0.11991443428281023,252,34,2011,2011,1,0
1051470,2013-10-31,Crown Castle,2013-11-15 00:00:00,0,86339.0,0.0,9.6859,0.8166,0.0117,0,0,0,0,0,0,0,0,0,0,0,0,0,0,0,1,0,,0,0,0.0,0,0,0,0,0,0,0,0,0,0,0,0,0,1,0,,0,0,0.0,0,0,0,0,0,0,0,0,0,0,0,0,,0,0,0.0,0,0,0,0,0,0,0,0,0,0,0,0,,0,0,0.0,1051470,1,-0.18269687599120266,252,-0.12114847552292818,252,67,2013,2013,1,0
1051470,2013-11-19,Crown Castle,2013-11-19 00:00:00,0,86339.0,1.0,9.6859,0.8166,0.0117,1,0,0,0,0,0,0,0,0,0,0,0,0,0,0,1,0,,0,0,0.0,0,0,0,0,0,0,0,0,0,0,0,0,0,1,0,,0,0,0.0,0,0,0,0,0,0,0,0,0,0,0,0,,0,0,0.0,0,0,0,0,0,0,0,0,0,0,0,0,,0,0,0.0,1051470,1,-0.16085058435018862,252,-0.16085058435018862,252,67,2013,2013,1,0
1058290,2020-04-09,Cognizant Technology Solutions Corporation,2020-07-01 00:00:00,0,86158.0,0.0,9.693,0.3198,0.1137,0,0,0,0,0,1,0,0,0,0,1,0,0,0,0,1,0,,0,1,0.6636,0,0,0,0,0,0,0,0,0,0,0,0,0,1,0,,0,1,0.6636,0,0,0,0,0,0,0,0,0,0,0,0,,0,2,1.3273,0,0,0,0,0,0,0,0,0,0,0,0,,0,2,1.3273,1058290,1,-0.15052856122420988,252,-0.23548928358757182,252,73,2020,2020,1,0
1060391,2013-08-10,Republic Services,2013-08-26 00:00:00,0,86228.0,0.0,9.8841,0.6072,0.0291,0,0,0,0,0,0,0,1,0,0,1,1,1,0,1,1,1,45.0,1,4,2.6545,0,0,1,1,0,1,0,1,1,1,1,0,1,1,1,61.0,1,4,2.6545,0,0,0,0,1,0,0,1,1,0,1,1,45.0,1,2,1.3273,0,0,1,0,1,0,1,1,1,0,1,1,61.0,1,2,1.3273,1060391,1,0.044893667222224654,249,0.015294565169759355,250,49,2013,2013,1,0
1060391,2013-08-26,Republic Services,2013-08-26 00:00:00,0,86228.0,1.0,9.8841,0.6072,0.0291,1,0,0,0,0,0,0,1,0,0,1,1,1,0,1,1,1,45.0,1,4,2.6545,0,0,0,0,0,1,0,0,1,1,1,0,1,1,1,45.0,1,4,2.6545,0,0,0,0,1,0,0,1,1,0,1,1,45.0,1,2,1.3273,0,0,0,0,1,0,0,1,1,0,1,1,45.0,1,2,1.3273,1060391,1,0.044893667222224654,249,0.044893667222224654,249,49,2013,2013,1,0
1060391,2019-02-01,"Republic Services, Inc.",2021-09-19 00:00:00,0,86228.0,0.0,9.9812,0.6332,0.048,0,0,0,0,0,0,0,0,0,0,0,0,0,0,0,0,0,,1,2,1.3273,0,0,0,0,0,0,0,0,1,0,0,0,0,1,0,,0,0,0.0,0,0,0,0,0,0,0,0,0,0,0,0,,1,2,1.3273,0,0,0,0,0,0,0,0,0,0,0,0,,0,0,0.0,1060391,1,-0.048385626175767804,251,0.1672100328952304,251,49,2021,2019,1,1
1060391,2021-09-20,"Republic Services, Inc.",2021-09-20 00:00:00,0,86228.0,1.0,10.0619,0.6378,0.0413,0,0,0,0,0,0,0,0,0,0,0,0,0,0,0,0,0,,1,2,1.3273,0,0,0,0,0,0,0,0,0,0,0,0,0,0,0,,1,2,1.3273,0,0,0,0,0,0,0,0,0,0,0,0,,1,2,1.3273,0,0,0,0,0,0,0,0,0,0,0,0,,1,2,1.3273,1060391,1,-0.048385626175767804,251,-0.048385626175767804,251,49,2021,2021,1,0
1060391,2022-04-09,"Republic Services, Inc.",2022-06-03 00:00:00,0,86228.0,0.0,10.1248,0.6402,0.0517,1,0,0,0,0,0,0,0,0,0,0,0,0,0,0,0,0,,0,2,1.3273,0,0,0,0,0,0,0,0,0,0,0,0,0,0,0,,0,3,1.9909,0,0,0,0,0,0,0,0,0,0,0,0,,0,1,0.6636,0,0,0,0,0,0,0,0,0,0,0,0,,0,2,1.3273,1060391,1,0.3046822810443519,253,0.29275485661017076,254,49,2022,2022,1,0
1091667,2008-07-14,"Charter Communications, Inc.",2008-08-05 00:00:00,1,87378.0,0.0,9.5933,1.5242,-0.1102,0,0,0,0,0,0,0,0,0,1,1,0,0,0,1,1,0,,1,1,0.6636,0,0,0,0,0,0,0,1,1,0,0,0,1,1,0,,1,1,0.6636,0,0,0,0,0,0,1,0,0,0,1,0,,1,1,0.6636,0,0,0,0,0,0,1,0,0,0,1,0,,1,1,0.6636,1091667,1,-0.5283416071592486,252,-0.6027323970758377,251,48,2008,2008,1,0
1091667,2008-08-11,Charter Communications,2008-08-11 00:00:00,1,87378.0,1.0,9.5933,1.5242,-0.1102,1,0,0,0,0,0,0,0,0,1,1,0,0,0,1,1,0,,1,1,0.6636,0,0,0,0,0,0,0,1,1,0,0,0,1,1,0,,1,1,0.6636,0,0,0,0,0,0,1,0,0,0,1,0,,1,1,0.6636,0,0,0,0,0,0,1,0,0,0,1,0,,1,1,0.6636,1091667,1,-0.5237431970488446,251,-0.5237431970488446,251,48,2008,2008,1,0
1091667,2013-04-26,"Charter Communications, Inc.",2013-04-26 00:00:00,1,12308.0,1.0,9.655,0.9904,-0.0195,0,0,0,0,1,1,0,0,0,1,1,0,0,0,1,1,0,,0,4,2.6545,0,0,1,1,0,0,0,1,1,0,0,0,1,1,0,,0,4,2.6545,0,0,1,0,0,0,1,0,0,0,1,0,,0,2,1.3273,0,0,1,0,0,0,1,0,0,0,1,0,,0,2,1.3273,1091667,1,0.5123129694182003,250,0.5123129694182003,250,48,2013,2013,1,0
1091667,2014-01-21,"Charter Communications, Inc.",2014-01-21 00:00:00,1,12308.0,1.0,9.7582,0.9913,-0.0098,1,0,0,0,0,1,0,0,0,0,1,0,0,0,0,1,0,,0,3,1.9909,0,0,0,1,0,0,0,0,1,0,0,0,0,1,0,,0,3,1.9909,0,0,0,0,0,0,0,0,0,0,0,0,,0,1,0.6636,0,0,0,0,0,0,0,0,0,0,0,0,,0,1,0.6636,1091667,1,0.4570761634707601,251,0.4570761634707601,251,48,2014,2014,1,0
1091667,2014-09-30,Charter Communication,2014-09-30 00:00:00,1,12308.0,1.0,9.7582,0.9913,-0.0098,1,0,0,0,0,0,0,0,0,0,0,0,0,0,0,1,0,,0,0,0.0,0,0,0,0,0,0,0,0,0,0,0,0,0,1,0,,0,0,0.0,0,0,0,0,0,0,0,0,0,0,0,0,,0,0,0.0,0,0,0,0,0,0,0,0,0,0,0,0,,0,0,0.0,1091667,1,0.002442244912916447,252,0.002442244912916447,252,48,2014,2014,1,0
1091667,2022-12-21,Charter Communications,2023-02-10 00:00:00,1,12308.0,0.0,11.867,0.8726,0.0327,0,0,0,0,0,1,0,0,0,0,1,0,0,0,0,1,0,,1,0,0.0,0,0,0,0,0,0,0,0,1,0,0,0,0,1,0,,1,0,0.0,0,0,0,0,0,0,0,0,0,0,0,0,,1,0,0.0,0,0,0,0,0,0,0,0,0,0,0,0,,1,0,0.0,1091667,1,-0.257493846095592,251,-0.3573601371297605,252,48,2023,2022,1,0
1091667,2023-01-01,"Charter Communications, Inc.",2023-01-01 00:00:00,1,12308.0,1.0,11.8812,0.9132,0.035,1,0,0,0,0,0,0,0,0,0,1,0,0,0,0,1,0,,1,0,0.0,0,0,0,0,0,0,0,0,1,0,0,0,0,1,0,,1,0,0.0,0,0,0,0,0,0,0,0,0,0,0,0,,1,0,0.0,0,0,0,0,0,0,0,0,0,0,0,0,,1,0,0.0,1091667,1,-0.2846349449580191,251,-0.2846349449580191,251,48,2023,2023,1,0
1091667,2023-09-01,"Charter Communications, Inc.",2023-09-01 00:00:00,1,12308.0,1.0,11.8812,0.9132,0.035,2,0,0,0,0,0,0,1,0,0,1,0,1,0,1,1,0,54.0,0,1,0.6636,0,0,0,0,0,1,0,0,1,0,1,0,1,1,0,54.0,0,1,0.6636,0,0,0,0,1,0,0,0,1,0,1,0,54.0,0,3,1.9909,0,0,0,0,1,0,0,0,1,0,1,0,54.0,0,3,1.9909,1091667,1,-0.07289520594283583,251,-0.07289520594283583,251,48,2023,2023,1,0
1108524,2008-02-07,Salesforce.com,2008-02-07 00:00:00,0,90215.0,1.0,6.9936,0.5769,0.0168,0,0,1,0,0,1,1,1,0,0,1,1,1,0,0,1,1,29.0,1,3,1.9909,1,0,0,1,1,1,0,0,1,1,1,0,0,1,1,29.0,1,3,1.9909,1,0,0,1,1,0,0,1,1,0,0,1,29.0,1,2,1.3273,1,0,0,1,1,0,0,1,1,0,0,1,29.0,1,2,1.3273,1108524,1,0.06873174179206376,252,0.06873174179206376,252,73,2008,2008,1,0
1123360,2012-06-22,"Global Payments, Inc.",2012-06-22 00:00:00,0,88873.0,1.0,7.8966,0.4623,0.07,0,0,1,0,0,1,1,1,0,0,1,1,1,0,0,1,1,26.0,0,0,0.0,1,0,0,1,1,1,0,0,1,1,1,0,0,1,1,26.0,0,0,0.0,1,0,0,1,1,0,0,1,1,0,0,1,26.0,0,0,0.0,1,0,0,1,1,0,0,1,1,0,0,1,26.0,0,0,0.0,1123360,1,-0.19418560605347723,252,-0.19418560605347723,252,73,2012,2012,1,0
1123360,2012-07-25,Global Payments Inc.,2012-07-25 00:00:00,0,88873.0,1.0,7.8966,0.4623,0.07,1,0,0,0,0,0,0,0,0,0,0,0,0,0,0,0,0,,1,0,0.0,0,0,0,0,0,0,0,0,0,0,0,0,0,0,0,,1,0,0.0,0,0,0,0,0,0,0,0,0,0,0,0,,1,0,0.0,0,0,0,0,0,0,0,0,0,0,0,0,,1,0,0.0,1123360,1,-0.11282566921272918,252,-0.11282566921272918,252,73,2012,2012,1,0
1136893,2007-09-24,"Fidelity National Information Services, Inc.",2007-09-27 00:00:00,0,89003.0,1.0,8.9399,0.5864,0.034,0,0,0,0,0,0,0,0,0,0,1,0,1,1,0,1,0,97.0,0,0,0.0,0,0,0,0,0,0,0,0,1,0,1,1,0,1,0,100.0,0,0,0.0,0,0,0,0,0,0,0,0,1,1,0,0,97.0,0,0,0.0,0,0,0,0,0,0,0,0,1,1,0,0,100.0,0,0,0.0,1136893,1,0.020412418640864516,251,0.033759153035594736,250,73,2007,2007,1,0
1136893,2023-05-01,"Fidelity National Information Services, Inc.",2023-10-04 00:00:00,0,89003.0,0.0,11.0553,0.5669,-0.2642,0,0,0,0,0,0,0,0,0,0,0,0,1,0,1,1,0,142.0,1,4,2.6545,1,0,0,1,1,1,0,0,1,1,1,0,0,1,1,25.0,1,4,2.6545,0,0,0,0,0,0,0,0,0,0,1,0,,1,5,3.3182,1,0,0,1,1,0,0,1,1,0,0,1,25.0,1,5,3.3182,1136893,1,-0.4105766296208362,251,-0.3996107009790061,250,73,2023,2023,1,0
1136893,2023-05-27,"Fidelity National Information Services, Inc.",2023-08-11 00:00:00,0,89003.0,0.0,11.0553,0.5669,-0.2642,1,0,1,0,0,1,0,1,0,0,1,0,1,0,1,1,0,11.0,1,4,2.6545,0,0,0,0,0,1,0,0,1,1,1,0,0,1,1,87.0,1,4,2.6545,1,0,0,0,1,0,0,0,1,0,1,0,11.0,1,5,3.3182,0,0,0,0,1,0,0,1,1,0,0,1,87.0,1,5,3.3182,1136893,1,-0.4683904271421516,251,-0.4973965040647568,251,73,2023,2023,1,0
1136893,2023-06-21,"Fidelity National Information Services, Inc.",2023-06-21 00:00:00,0,89003.0,1.0,11.0553,0.5669,-0.2642,2,0,0,0,0,0,0,1,0,0,1,1,1,0,0,1,1,62.0,1,4,2.6545,0,0,0,0,0,1,0,0,1,1,1,0,0,1,1,62.0,1,4,2.6545,0,0,0,0,1,0,0,1,1,0,0,1,62.0,1,5,3.3182,0,0,0,0,1,0,0,1,1,0,0,1,62.0,1,5,3.3182,1136893,1,-0.5764330519113212,251,-0.5764330519113212,251,73,2023,2023,1,0
1136893,2023-06-26,"Fidelity National Information Services, Inc.",2023-06-26 00:00:00,0,89003.0,1.0,11.0553,0.5669,-0.2642,3,0,0,0,0,0,0,1,0,0,1,1,1,0,0,1,1,57.0,1,4,2.6545,0,0,0,0,0,1,0,0,1,1,1,0,0,1,1,57.0,1,4,2.6545,0,0,0,0,1,0,0,1,1,0,0,1,57.0,1,5,3.3182,0,0,0,0,1,0,0,1,1,0,0,1,57.0,1,5,3.3182,1136893,1,-0.558112504615882,250,-0.558112504615882,250,73,2023,2023,1,0
1136893,2023-07-17,"Fidelity National Information Services, Inc.",2023-07-17 00:00:00,0,89003.0,1.0,11.0553,0.5669,-0.2642,4,0,0,0,0,0,0,1,0,0,1,1,1,0,0,1,1,36.0,1,4,2.6545,0,0,0,0,0,1,0,0,1,1,1,0,0,1,1,36.0,1,4,2.6545,0,0,0,0,1,0,0,1,1,0,0,1,36.0,1,5,3.3182,0,0,0,0,1,0,0,1,1,0,0,1,36.0,1,5,3.3182,1136893,1,-0.5321270432532693,250,-0.5321270432532693,250,73,2023,2023,1,0
1136893,2023-07-21,"Fidelity National Information Services, Inc.",2023-07-21 00:00:00,0,89003.0,1.0,11.0553,0.5669,-0.2642,5,0,0,0,0,0,0,1,0,0,1,0,1,0,0,1,0,32.0,1,4,2.6545,0,0,0,0,0,1,0,0,1,0,1,0,0,1,0,32.0,1,4,2.6545,0,0,0,0,1,0,0,0,1,0,0,0,32.0,1,5,3.3182,0,0,0,0,1,0,0,0,1,0,0,0,32.0,1,5,3.3182,1136893,1,-0.4992102335024875,251,-0.4992102335024875,251,73,2023,2023,1,0
1136893,2023-09-08,"Fidelity National Information Services, Inc.",2023-09-08 00:00:00,0,89003.0,1.0,11.0553,0.5669,-0.2642,6,0,0,0,0,0,0,0,0,0,0,0,1,0,1,1,0,168.0,1,4,2.6545,0,0,0,0,0,0,0,0,0,0,1,0,1,1,0,168.0,1,4,2.6545,0,0,0,0,0,0,0,0,0,0,1,0,,1,5,3.3182,0,0,0,0,0,0,0,0,0,0,1,0,,1,5,3.3182,1136893,1,-0.49272723711832245,251,-0.49272723711832245,251,73,2023,2023,1,0
1136893,2023-09-19,"Fidelity National Information Services, Inc.",2023-09-19 00:00:00,0,89003.0,1.0,11.0553,0.5669,-0.2642,7,0,0,0,0,0,0,0,0,0,0,0,1,0,1,1,0,157.0,1,4,2.6545,0,0,0,0,0,0,0,0,0,0,1,0,1,1,0,157.0,1,4,2.6545,0,0,0,0,0,0,0,0,0,0,1,0,,1,5,3.3182,0,0,0,0,0,0,0,0,0,0,1,0,,1,5,3.3182,1136893,1,-0.4383838983720125,251,-0.4383838983720125,251,73,2023,2023,1,0
1136893,2023-10-04,"Fidelity National Information Services, Inc.",2023-10-04 00:00:00,0,89003.0,1.0,11.0553,0.5669,-0.2642,8,0,0,0,0,0,0,0,0,0,0,0,1,0,1,1,0,142.0,1,4,2.6545,0,0,0,0,0,0,0,0,0,0,1,0,1,1,0,142.0,1,4,2.6545,0,0,0,0,0,0,0,0,0,0,1,0,,1,5,3.3182,0,0,0,0,0,0,0,0,0,0,1,0,,1,5,3.3182,1136893,1,-0.4105766296208362,251,-0.4105766296208362,251,73,2023,2023,1,0
1136893,2023-11-09,"Fidelity National Information Services, Inc.",2023-11-09 00:00:00,0,89003.0,1.0,11.0553,0.5669,-0.2642,9,0,0,0,0,0,0,0,0,1,1,0,1,0,1,1,0,106.0,1,5,3.3182,0,0,0,0,0,0,0,1,1,0,1,0,1,1,0,106.0,1,5,3.3182,0,0,0,0,0,0,1,0,0,0,1,0,,1,6,3.9818,0,0,0,0,0,0,1,0,0,0,1,0,,1,6,3.9818,1136893,1,-0.2539860970954845,251,-0.2539860970954845,251,73,2023,2023,1,0
1136893,2023-11-20,"Fidelity National Information Services, Inc.",2023-11-20 00:00:00,0,89003.0,1.0,11.0553,0.5669,-0.2642,10,0,0,0,0,0,0,0,0,1,1,0,1,0,1,1,0,95.0,1,5,3.3182,0,0,0,0,0,0,0,1,1,0,1,0,1,1,0,95.0,1,5,3.3182,0,0,0,0,0,0,1,0,0,0,1,0,,1,6,3.9818,0,0,0,0,0,0,1,0,0,0,1,0,,1,6,3.9818,1136893,1,-0.20557211487220473,250,-0.20557211487220473,250,73,2023,2023,1,0
1137789,2017-07-08,Seagate Technology LLC,2017-07-08 00:00:00,0,89641.0,1.0,9.1343,0.8528,0.0833,0,0,1,1,0,1,0,1,1,0,1,0,1,1,0,1,0,17.0,1,0,0.0,1,1,0,1,0,1,1,0,1,0,1,1,0,1,0,17.0,1,0,0.0,1,1,0,0,1,1,0,0,1,1,0,0,17.0,1,0,0.0,1,1,0,0,1,1,0,0,1,1,0,0,17.0,1,0,0.0,1137789,1,0.5322337195746927,252,0.5322337195746927,252,35,2017,2017,1,0
1140859,2024-02-21,"Cencora, Inc.",2024-05-15 00:00:00,0,81540.0,0.0,11.0439,0.9893,0.0279,0,1,0,0,0,0,0,0,0,0,0,0,0,0,0,1,0,,1,0,0.0,1,1,0,1,1,1,1,0,1,1,1,1,0,1,1,20.0,0,0,0.0,0,0,0,0,0,0,0,0,0,0,0,0,,1,0,0.0,1,1,0,1,1,1,0,1,1,1,0,1,20.0,0,0,0.0,1140859,1,0.07777124003789848,178,,119,51,2024,2024,1,0
1140859,2024-04-10,"Cencora, Inc.",2024-05-15 00:00:00,0,81540.0,0.0,11.0439,0.9893,0.0279,1,1,0,0,0,0,0,0,0,0,0,0,0,0,0,1,0,,1,0,0.0,1,0,0,1,1,1,0,0,1,1,1,0,0,1,1,23.0,1,0,0.0,0,0,0,0,0,0,0,0,0,0,0,0,,1,0,0.0,1,0,0,1,1,0,0,1,1,0,0,1,23.0,1,0,0.0,1140859,1,0.07777124003789848,178,0.1748955056011623,153,51,2024,2024,1,0
1140859,2024-05-08,"Cencora, Inc.",2024-06-20 00:00:00,0,81540.0,0.0,11.0439,0.9893,0.0279,2,0,0,0,0,0,0,0,0,0,1,0,0,0,0,1,0,,1,0,0.0,0,0,0,0,0,0,0,0,0,0,0,0,0,1,0,,1,0,0.0,0,0,0,0,0,0,0,0,0,0,0,0,,1,0,0.0,0,0,0,0,0,0,0,0,0,0,0,0,,1,0,0.0,1140859,1,0.12633907007296474,202,0.11486862440926782,173,51,2024,2024,1,0
1166691,2008-01-29,Comcast,2008-01-29 00:00:00,1,89525.0,1.0,11.6388,0.6333,0.0228,0,0,0,0,0,1,0,0,0,0,1,0,0,0,0,1,0,,1,1,0.6636,0,0,0,1,0,0,0,0,1,0,0,0,0,1,0,,1,1,0.6636,0,0,0,0,0,0,0,0,0,0,0,0,,0,4,2.6545,0,0,0,0,0,0,0,0,0,0,0,0,,0,4,2.6545,1166691,1,-0.37103627735164224,252,-0.37103627735164224,252,48,2008,2008,1,0
1166691,2009-05-11,"Comcast Cable Communications, Inc.",2009-05-11 00:00:00,1,89525.0,1.0,11.6353,0.6395,0.0225,0,0,0,0,0,0,0,0,0,0,0,0,0,0,0,0,0,,0,1,0.6636,0,0,0,0,0,0,0,0,0,0,0,0,0,0,0,,0,1,0.6636,0,0,0,0,0,0,0,0,0,0,0,0,,0,0,0.0,0,0,0,0,0,0,0,0,0,0,0,0,,0,0,0.0,1166691,1,0.05161514323342775,251,0.05161514323342775,251,48,2009,2009,1,0
1166691,2009-06-22,"Comcast Cable Communications, Inc.",2009-06-22 00:00:00,1,89525.0,1.0,11.6353,0.6395,0.0225,1,0,0,0,0,0,0,0,0,0,0,0,0,0,0,0,0,,0,1,0.6636,0,0,0,0,0,0,0,0,0,0,0,0,0,0,0,,0,1,0.6636,0,0,0,0,0,0,0,0,0,0,0,0,,0,0,0.0,0,0,0,0,0,0,0,0,0,0,0,0,,0,0,0.0,1166691,1,0.006060403220675137,251,0.006060403220675137,251,48,2009,2009,1,0
1166691,2012-08-24,NBC Sports Group,2013-10-14 00:00:00,0,89525.0,0.0,11.9692,0.5966,0.0264,0,0,0,0,0,0,0,0,0,0,0,0,1,1,0,1,1,123.0,0,0,0.0,0,0,0,1,0,0,0,0,1,0,0,0,0,1,0,,0,2,1.3273,0,0,0,0,0,0,0,0,1,1,0,1,123.0,0,0,0.0,0,0,0,0,0,0,0,0,0,0,0,0,,0,2,1.3273,1166691,1,0.0900134906780059,249,0.5045142887614344,252,48,2013,2012,1,1
1166691,2013-08-24,NBC Sports Group,2013-10-14 00:00:00,0,89525.0,0.0,12.0135,0.5951,0.0376,1,0,0,0,0,0,0,0,0,0,0,0,1,1,0,1,1,123.0,0,0,0.0,0,0,0,0,0,0,0,0,0,0,1,1,0,1,1,174.0,0,1,0.6636,0,0,0,0,0,0,0,0,1,1,0,1,123.0,0,0,0.0,0,0,0,0,0,0,0,0,1,1,0,1,174.0,0,1,0.6636,1166691,1,0.0900134906780059,249,0.04326059849810848,250,48,2013,2013,1,0
1166691,2013-10-15,NBC Sports Group,2013-10-15 00:00:00,0,89525.0,1.0,12.0135,0.5951,0.0376,1,0,0,0,0,0,0,0,0,0,0,0,1,1,0,1,1,122.0,0,0,0.0,0,0,0,0,0,0,0,0,0,0,1,1,0,1,1,122.0,0,0,0.0,0,0,0,0,0,0,0,0,1,1,0,1,122.0,0,0,0.0,0,0,0,0,0,0,0,0,1,1,0,1,122.0,0,0,0.0,1166691,1,0.09656014138667435,250,0.09656014138667435,250,48,2013,2013,1,0
1166691,2014-09-29,Comcast,2014-09-29 00:00:00,1,89525.0,1.0,11.9755,0.6725,0.0429,1,0,0,0,0,0,0,0,0,0,1,0,0,0,0,1,0,,0,1,0.6636,0,0,0,0,0,0,0,0,1,0,0,0,0,1,0,,0,1,0.6636,0,0,0,0,0,0,0,0,0,0,0,0,,0,1,0.6636,0,0,0,0,0,0,0,0,0,0,0,0,,0,1,0.6636,1166691,1,0.06763467772838538,251,0.06763467772838538,251,48,2014,2014,1,0
1166691,2022-01-04,NBCUniversal,2022-04-21 00:00:00,1,89525.0,0.0,12.5278,0.6448,0.0513,0,0,0,0,0,0,0,0,0,0,0,0,1,1,0,1,1,174.0,0,0,0.0,0,0,0,0,0,0,0,0,0,0,0,0,0,0,0,,0,0,0.0,0,0,0,0,0,0,0,0,1,1,0,1,174.0,0,0,0.0,0,0,0,0,0,0,0,0,0,0,0,0,,0,0,0.0,1166691,1,-0.15622994781895538,253,-0.2518151916228947,253,48,2022,2022,1,0
1166691,2023-10-16,Comcast Cable Communications LLC,2023-12-18 00:00:00,1,89525.0,0.0,12.4579,0.6811,0.0209,0,0,0,0,0,0,0,0,0,0,0,0,0,0,0,1,0,,0,2,1.3273,0,0,0,0,0,0,0,0,1,0,0,0,0,1,0,,0,2,1.3273,0,0,0,0,0,0,0,0,0,0,0,0,,0,2,1.3273,0,0,0,0,0,0,0,0,0,0,0,0,,0,2,1.3273,1166691,1,0.10425934082343291,250,0.3058670697988033,250,48,2023,2023,1,0
1166691,2024-01-26,Comcast Cable Communications LLC,2024-01-26 00:00:00,1,89525.0,1.0,12.4868,0.6848,0.0581,1,0,0,0,0,0,0,0,0,0,1,0,0,0,0,1,0,,0,2,1.3273,0,0,0,0,0,0,0,0,1,0,0,0,0,1,0,,0,2,1.3273,0,0,0,0,0,0,0,0,0,0,0,0,,0,2,1.3273,0,0,0,0,0,0,0,0,0,0,0,0,,0,2,1.3273,1166691,1,-0.03673123102220521,251,-0.03673123102220521,251,48,2024,2024,1,0
1166691,2024-02-14,Comcast Cable Communications LLC,2024-10-03 00:00:00,1,89525.0,0.0,12.4868,0.6848,0.0581,2,0,0,0,0,0,0,0,0,0,0,0,0,0,0,1,0,,0,2,1.3273,0,0,0,0,0,0,0,0,1,0,0,0,0,1,0,,0,2,1.3273,0,0,0,0,0,0,0,0,0,0,0,0,,0,2,1.3273,0,0,0,0,0,0,0,0,0,0,0,0,,0,2,1.3273,1166691,1,-0.36814180618097236,251,-0.07539409487185211,251,48,2024,2024,1,1
1166691,2024-10-04,Comcast Cable Communications LLC,2024-10-04 00:00:00,1,89525.0,1.0,12.4868,0.6848,0.0581,3,0,0,0,0,0,0,0,0,0,0,0,0,0,0,1,0,,0,2,1.3273,0,0,0,0,0,0,0,0,0,0,0,0,0,1,0,,0,2,1.3273,0,0,0,0,0,0,0,0,0,0,0,0,,0,2,1.3273,0,0,0,0,0,0,0,0,0,0,0,0,,0,2,1.3273,1166691,1,-0.36729440944723313,251,-0.36729440944723313,251,48,2024,2024,1,0
1283699,2014-01-02,"T-Mobile USA, Inc.",2014-01-02 00:00:00,1,91937.0,1.0,10.8188,0.7148,0.0007,2,0,0,0,0,0,0,0,0,1,1,0,0,0,1,1,0,,0,1,0.6636,0,0,0,0,0,0,0,1,1,0,0,0,1,1,0,,0,1,0.6636,0,0,0,0,0,0,1,0,0,0,1,0,,0,2,1.3273,0,0,0,0,0,0,1,0,0,0,1,0,,0,2,1.3273,1283699,1,0.9487736193896843,170,0.9487736193896843,170,48,2014,2014,1,0
1283699,2015-09-14,"T-Mobile USA, Inc.",2015-10-01 00:00:00,1,91937.0,0.0,10.9447,0.7235,0.0044,0,0,0,0,0,0,0,0,0,0,0,0,1,0,0,1,1,141.0,0,1,0.6636,0,0,0,0,0,0,0,0,0,0,1,0,0,1,1,158.0,0,1,0.6636,0,0,0,0,0,0,0,0,1,0,0,1,141.0,0,1,0.6636,0,0,0,0,0,0,0,0,1,0,0,1,158.0,0,1,0.6636,1283699,1,0.4079621096733538,252,0.3083865319128587,251,48,2015,2015,1,0
1283699,2015-10-01,T-Mobile USA Inc.,2015-10-01 00:00:00,1,91937.0,1.0,10.9447,0.7235,0.0044,1,0,0,0,0,0,0,0,0,0,0,0,1,0,0,1,1,141.0,0,1,0.6636,0,0,0,0,0,0,0,0,0,0,1,0,0,1,1,141.0,0,1,0.6636,0,0,0,0,0,0,0,0,1,0,0,1,141.0,0,1,0.6636,0,0,0,0,0,0,0,0,1,0,0,1,141.0,0,1,0.6636,1283699,1,0.4079621096733538,252,0.4079621096733538,252,48,2015,2015,1,0
1283699,2015-11-04,T-Mobile USA Inc,2015-11-04 00:00:00,1,91937.0,1.0,10.9447,0.7235,0.0044,2,0,0,0,0,0,0,0,0,0,0,0,1,0,0,1,1,107.0,0,1,0.6636,0,0,0,0,0,0,0,0,0,0,1,0,0,1,1,107.0,0,1,0.6636,0,0,0,0,0,0,0,0,1,0,0,1,107.0,0,1,0.6636,0,0,0,0,0,0,0,0,1,0,0,1,107.0,0,1,0.6636,1283699,1,0.28131815620102096,252,0.28131815620102096,252,48,2015,2015,1,0
1283699,2017-04-01,T-Mobile,2017-06-09 00:00:00,1,91937.0,0.0,11.0958,0.7232,0.0222,0,0,0,0,0,0,0,0,0,0,0,0,0,0,0,0,0,,0,1,0.6636,0,0,0,0,0,0,0,0,0,0,0,0,0,0,0,,0,1,0.6636,0,0,0,0,0,0,0,0,0,0,0,0,,0,1,0.6636,0,0,0,0,0,0,0,0,0,0,0,0,,0,1,0.6636,1283699,1,0.3301237204264107,252,0.5064550400496257,253,48,2017,2017,1,0
1283699,2017-08-24,"T-Mobile USA, Inc.",2017-09-14 00:00:00,1,91937.0,0.0,11.0958,0.7232,0.0222,1,0,0,0,0,0,0,0,0,0,0,0,0,0,0,1,0,,0,1,0.6636,0,0,0,0,0,0,0,0,0,0,0,0,0,1,0,,0,1,0.6636,0,0,0,0,0,0,0,0,0,0,0,0,,0,1,0.6636,0,0,0,0,0,0,0,0,0,0,0,0,,0,1,0.6636,1283699,1,0.19194454720998166,252,0.23334454110245684,252,48,2017,2017,1,0
1283699,2017-09-16,"T-Mobile USA, Inc.",2017-10-02 00:00:00,1,91937.0,0.0,11.0958,0.7232,0.0222,2,0,0,0,0,0,0,0,0,0,1,0,0,0,0,1,0,,0,1,0.6636,0,0,0,0,0,0,0,0,0,0,0,0,0,1,0,,0,1,0.6636,0,0,0,0,0,0,0,0,0,0,0,0,,0,1,0.6636,0,0,0,0,0,0,0,0,0,0,0,0,,0,1,0.6636,1283699,1,0.13873514117178387,251,0.11310704553489614,252,48,2017,2017,1,0
1283699,2018-08-20,T-Mobile USA Inc.,2018-08-23 00:00:00,1,91937.0,1.0,11.1643,0.6803,0.0643,2,0,0,0,0,0,0,0,0,1,1,0,0,0,1,1,0,,1,0,0.0,0,0,0,0,0,0,0,1,1,0,0,0,1,1,0,,1,0,0.0,0,0,0,0,0,0,1,0,0,0,1,0,,1,0,0.0,0,0,0,0,0,0,1,0,0,0,1,0,,1,0,0.0,1283699,1,-0.16161238401249367,252,-0.14198653909312164,251,48,2018,2018,1,0
1283699,2019-11-26,T-Mobile USA,2020-03-02 00:00:00,1,91937.0,0.0,11.1909,0.6589,0.0399,0,0,1,1,1,1,0,1,1,1,1,1,1,1,1,1,1,10.0,1,1,0.6636,0,0,0,0,0,1,0,0,1,0,1,1,1,1,1,85.0,1,1,0.6636,0,0,1,0,0,0,1,0,0,0,1,0,,1,2,1.3273,0,0,0,0,1,0,0,0,1,0,1,0,85.0,1,2,1.3273,1283699,1,0.19315721478585202,251,-0.028070728376847986,252,48,2020,2019,1,0
1283699,2020-04-02,Sprint,2020-04-02 00:00:00,1,91937.0,1.0,11.3728,0.6688,0.0399,1,0,1,1,0,1,0,1,1,1,1,1,1,1,1,1,1,14.0,1,1,0.6636,1,1,0,1,0,1,1,1,1,1,1,1,1,1,1,14.0,1,1,0.6636,0,0,0,0,0,0,1,0,0,0,1,0,,1,2,1.3273,0,0,0,0,0,0,1,0,0,0,1,0,,1,2,1.3273,1283699,1,0.3731913272698111,252,0.3731913272698111,252,48,2020,2020,1,0
1283699,2020-04-15,Sprint,2020-04-15 00:00:00,1,91937.0,1.0,11.3728,0.6688,0.0399,2,0,1,1,0,1,0,1,1,1,1,1,1,1,1,1,1,1.0,1,1,0.6636,1,1,0,1,0,1,1,1,1,1,1,1,1,1,1,1.0,1,1,0.6636,0,0,0,0,0,0,1,0,0,0,1,0,,1,2,1.3273,0,0,0,0,0,0,1,0,0,0,1,0,,1,2,1.3273,1283699,1,0.2547970214341566,251,0.2547970214341566,251,48,2020,2020,1,0
1283699,2020-08-27,"T-Mobile US, Inc.",2020-12-08 00:00:00,1,91937.0,0.0,11.3728,0.6688,0.0399,3,0,0,0,0,0,0,0,0,0,0,0,0,0,1,1,0,,1,6,3.9818,0,0,0,0,0,0,0,1,1,0,0,0,1,1,0,,1,2,1.3273,0,0,0,0,0,0,0,0,0,0,1,0,,0,3,1.9909,0,0,0,0,0,0,1,0,0,0,1,0,,0,3,1.9909,1283699,1,0.5010233960085098,252,0.29818893368214083,252,48,2020,2020,1,0
1283699,2020-08-31,T-Mobile,2020-10-09 00:00:00,1,91937.0,0.0,11.3728,0.6688,0.0399,4,0,0,0,0,0,0,0,0,1,1,0,0,0,1,1,0,,1,4,2.6545,0,0,0,0,0,0,0,1,1,0,0,0,1,1,0,,1,2,1.3273,0,0,0,0,0,0,1,0,0,0,1,0,,0,3,1.9909,0,0,0,0,0,0,1,0,0,0,1,0,,0,3,1.9909,1283699,1,0.29146896862117755,252,0.2941560802450476,251,48,2020,2020,1,0
1283699,2021-01-18,T-Mobile,2021-02-09 00:00:00,1,91937.0,0.0,12.2069,0.6735,0.0153,4,0,0,0,0,1,0,0,0,1,1,0,0,0,1,1,0,,0,7,4.6455,0,0,0,0,0,0,0,1,1,0,0,0,1,1,0,,0,7,4.6455,0,0,0,0,0,0,1,0,0,0,1,0,,0,3,1.9909,0,0,0,0,0,0,1,0,0,0,1,0,,0,3,1.9909,1283699,1,0.23445332790971318,252,0.3639967263997972,251,48,2021,2021,1,0
1283699,2021-02-12,"T-Mobile USA, Inc.",2021-03-16 00:00:00,1,91937.0,0.0,12.2069,0.6735,0.0153,5,0,0,0,1,1,0,0,0,1,1,0,0,0,1,1,0,,0,7,4.6455,0,0,0,1,0,0,0,1,1,0,0,0,1,1,0,,0,7,4.6455,0,0,1,0,0,0,1,0,0,0,1,0,,0,3,1.9909,0,0,0,0,0,0,1,0,0,0,1,0,,0,3,1.9909,1283699,1,-0.0912308741165595,252,0.07557204295048447,252,48,2021,2021,1,0
1283699,2021-02-20,T-Mobile,2021-03-31 00:00:00,1,91937.0,0.0,12.2069,0.6735,0.0153,6,0,0,0,1,1,0,0,0,1,1,0,1,0,1,1,1,169.0,0,7,4.6455,0,0,0,1,0,0,0,1,1,0,0,0,1,1,0,,0,7,4.6455,0,0,1,0,0,0,1,0,1,0,1,1,169.0,0,3,1.9909,0,0,0,0,0,0,1,0,0,0,1,0,,0,3,1.9909,1283699,1,-0.08608675946591804,252,-0.012868636499530961,252,48,2021,2021,1,0
1283699,2021-03-01,"T-Mobile USA, Inc.",2021-08-16 00:00:00,1,91937.0,0.0,12.2069,0.6735,0.0153,7,0,0,0,0,0,0,1,0,0,1,1,1,0,0,1,1,31.0,0,7,4.6455,0,0,0,1,0,0,0,1,1,0,0,0,1,1,0,,0,7,4.6455,0,0,0,0,1,0,0,1,1,0,0,1,31.0,0,3,1.9909,0,0,0,0,0,0,1,0,0,0,1,0,,0,3,1.9909,1283699,1,-0.09507479181111433,251,-0.013954457233112949,251,48,2021,2021,1,0
1283699,2021-03-31,T-Mobile,2021-03-31 00:00:00,1,91937.0,1.0,12.2069,0.6735,0.0153,8,0,0,0,1,1,0,0,0,1,1,0,1,0,1,1,1,169.0,0,7,4.6455,0,0,1,1,0,0,0,1,1,0,1,0,1,1,1,169.0,0,7,4.6455,0,0,1,0,0,0,1,0,1,0,1,1,169.0,0,3,1.9909,0,0,1,0,0,0,1,0,1,0,1,1,169.0,0,3,1.9909,1283699,1,-0.08608675946591804,252,-0.08608675946591804,252,48,2021,2021,1,0
1283699,2021-08-13,"T-Mobile USA, Inc.",2021-08-16 00:00:00,1,91937.0,1.0,12.2069,0.6735,0.0153,7,0,0,0,0,0,0,1,0,0,1,1,1,0,0,1,1,31.0,0,7,4.6455,0,0,0,0,0,1,0,0,1,1,1,0,0,1,1,34.0,0,7,4.6455,0,0,0,0,1,0,0,1,1,0,0,1,31.0,0,3,1.9909,0,0,0,0,1,0,0,1,1,0,0,1,34.0,0,3,1.9909,1283699,1,-0.09507479181111433,251,-0.09211671702448498,252,48,2021,2021,1,0
1283699,2021-08-17,T-Mobile USA,2021-08-19 00:00:00,1,91937.0,1.0,12.2069,0.6735,0.0153,8,0,1,0,0,1,1,1,0,0,1,1,1,0,0,1,1,28.0,0,7,4.6455,1,0,0,1,1,1,0,0,1,1,1,0,0,1,1,30.0,0,7,4.6455,1,0,0,1,1,0,0,1,1,0,0,1,28.0,0,3,1.9909,1,0,0,1,1,0,0,1,1,0,0,1,30.0,0,3,1.9909,1283699,1,-0.11283276593402758,252,-0.13039049370150035,252,48,2021,2021,1,0
1283699,2021-08-26,T-Mobile USA,2021-08-26 00:00:00,1,91937.0,1.0,12.2069,0.6735,0.0153,9,0,1,0,0,1,1,1,0,0,1,1,1,0,0,1,1,21.0,0,7,4.6455,1,0,0,1,1,1,0,0,1,1,1,0,0,1,1,21.0,0,7,4.6455,1,0,0,1,1,0,0,1,1,0,0,1,21.0,0,3,1.9909,1,0,0,1,1,0,0,1,1,0,0,1,21.0,0,3,1.9909,1283699,1,-0.12127376501961318,252,-0.12127376501961318,252,48,2021,2021,1,0
1283699,2022-03-08,T-Mobile,2022-03-08 00:00:00,1,91937.0,1.0,12.2384,0.6655,0.0146,4,0,0,0,0,0,0,0,0,1,1,0,0,0,1,1,0,,1,5,3.3182,0,0,0,0,0,0,0,1,1,0,0,0,1,1,0,,1,5,3.3182,0,0,0,0,0,0,1,0,0,0,1,0,,1,0,0.0,0,0,0,0,0,0,1,0,0,0,1,0,,1,0,0.0,1283699,1,-0.06885306315850603,253,-0.06885306315850603,253,48,2022,2022,1,0
1283699,2022-11-25,T-Mobile USA,2023-01-19 00:00:00,1,91937.0,0.0,12.2384,0.6655,0.0146,1,0,1,0,1,1,1,1,0,1,1,1,1,0,1,1,1,25.0,0,1,0.6636,0,0,0,0,0,1,0,1,1,1,1,0,1,1,1,80.0,0,1,0.6636,1,0,1,1,1,0,1,1,1,0,1,1,25.0,0,1,0.6636,0,0,0,0,1,0,1,1,1,0,1,1,80.0,0,1,0.6636,1283699,1,0.4952549985910998,251,0.46807613979301665,251,48,2023,2022,1,0
1283699,2023-02-01,"T-Mobile USA, Inc.",2023-04-28 00:00:00,1,91937.0,0.0,12.2612,0.6704,0.0123,2,0,0,0,0,0,0,0,0,0,1,0,1,0,0,1,1,133.0,1,1,0.6636,1,0,1,1,1,1,0,1,1,1,1,0,1,1,1,12.0,0,1,0.6636,0,0,0,0,0,0,0,0,1,0,0,1,133.0,1,1,0.6636,1,0,1,1,1,0,1,1,1,0,1,1,12.0,0,1,0.6636,1283699,1,0.1670276955127209,251,0.46292965324305957,251,48,2023,2023,1,0
1283699,2023-02-24,T-Mobile,2023-04-28 00:00:00,1,91937.0,0.0,12.2612,0.6704,0.0123,3,0,0,0,0,0,0,0,0,0,1,0,1,0,0,1,1,133.0,1,1,0.6636,0,0,0,1,0,0,0,0,1,0,0,0,0,1,0,,1,1,0.6636,0,0,0,0,0,0,0,0,1,0,0,1,133.0,1,1,0.6636,0,0,0,0,0,0,0,0,0,0,0,0,,1,1,0.6636,1283699,1,0.1670276955127209,251,0.23299625910678445,251,48,2023,2023,1,0
1283699,2023-04-28,T-Mobile USA,2023-04-28 00:00:00,1,91937.0,1.0,12.2612,0.6704,0.0123,3,0,0,0,0,0,0,0,0,0,1,0,1,0,0,1,1,133.0,1,1,0.6636,0,0,0,0,0,0,0,0,1,0,1,0,0,1,1,133.0,1,1,0.6636,0,0,0,0,0,0,0,0,1,0,0,1,133.0,1,1,0.6636,0,0,0,0,0,0,0,0,1,0,0,1,133.0,1,1,0.6636,1283699,1,0.1670276955127209,251,0.1670276955127209,251,48,2023,2023,1,0
1326160,2014-03-24,Duke Energy Corporation,2014-04-10 00:00:00,0,27959.0,0.0,11.6508,0.6392,0.0232,0,0,0,0,0,1,0,0,0,0,1,0,0,0,0,1,0,,0,3,1.9909,0,0,0,0,0,0,0,0,1,0,0,0,0,1,0,,0,3,1.9909,0,0,0,0,0,0,0,0,0,0,0,0,,0,5,3.3182,0,0,0,0,0,0,0,0,0,0,0,0,,0,5,3.3182,1326160,1,-0.18068342474609844,253,-0.1945673359860718,251,49,2014,2014,1,0
1326160,2017-11-10,Duke Energy,2017-11-10 00:00:00,0,27959.0,1.0,11.7963,0.6909,0.0162,0,0,0,0,0,0,0,0,0,0,1,0,0,0,0,1,0,,0,1,0.6636,0,0,0,0,0,0,0,0,1,0,0,0,0,1,0,,0,1,0.6636,0,0,0,0,0,0,0,0,0,0,0,0,,0,1,0.6636,0,0,0,0,0,0,0,0,0,0,0,0,,0,1,0.6636,1326160,1,-0.002254497452139903,252,-0.002254497452139903,252,49,2017,2017,1,0
1326160,2021-05-28,Duke Energy Corporation,2021-08-06 00:00:00,0,27959.0,0.0,11.9977,0.6971,0.0085,0,0,0,0,0,0,0,1,0,0,1,0,1,0,0,1,0,52.0,1,1,0.6636,0,0,0,0,0,0,0,0,0,0,1,0,0,1,1,122.0,1,1,0.6636,0,0,0,0,1,0,0,0,1,0,0,0,52.0,1,1,0.6636,0,0,0,0,0,0,0,0,1,0,0,1,122.0,1,1,0.6636,1326160,1,-0.009962842077102962,252,-0.19103345165305274,253,49,2021,2021,1,0
1341439,2013-07-10,Oracle Corporation,2013-07-31 00:00:00,0,10104.0,0.0,11.3122,0.4482,0.1335,0,0,0,0,0,0,0,0,0,0,0,0,0,0,0,0,0,,0,1,0.6636,0,0,0,0,0,0,0,0,0,0,0,0,0,0,0,,0,1,0.6636,0,0,0,0,0,0,0,0,0,0,0,0,,0,1,0.6636,0,0,0,0,0,0,0,0,0,0,0,0,,0,1,0.6636,1341439,1,-0.16618102691827707,250,-0.14358044229900613,250,73,2013,2013,1,0
1373715,2024-05-14,ServiceNow Inc.,2024-05-14 00:00:00,0,13447.0,1.0,9.7635,0.5613,0.0996,0,0,0,0,0,0,0,1,0,0,1,0,1,0,0,1,0,71.0,0,1,0.6636,0,0,0,0,0,1,0,0,1,0,1,0,0,1,0,71.0,0,1,0.6636,0,0,0,0,1,0,0,0,1,0,0,0,71.0,0,1,0.6636,0,0,0,0,1,0,0,0,1,0,0,0,71.0,0,1,0.6636,1373715,1,0.3427367468887821,251,0.3427367468887821,251,73,2024,2024,1,0
1428439,2023-12-01,Roku Inc.,2024-03-08 00:00:00,0,16932.0,0.0,8.3922,0.4002,-0.1129,0,0,0,0,0,0,0,0,0,0,0,0,0,0,0,1,0,,0,2,1.3273,0,0,0,0,0,0,0,0,0,0,0,0,0,0,0,,0,3,1.9909,0,0,0,0,0,0,0,0,0,0,0,0,,0,2,1.3273,0,0,0,0,0,0,0,0,0,0,0,0,,0,3,1.9909,1428439,1,-0.27300855235903054,251,0.6432266902782435,251,73,2024,2023,1,0
1428439,2023-12-28,Roku Inc,2023-12-28 00:00:00,0,16932.0,1.0,8.3922,0.4002,-0.1129,1,0,0,0,0,0,0,0,0,0,0,0,0,0,0,1,0,,0,3,1.9909,0,0,0,0,0,0,0,0,0,0,0,0,0,1,0,,0,3,1.9909,0,0,0,0,0,0,0,0,0,0,0,0,,0,3,1.9909,0,0,0,0,0,0,0,0,0,0,0,0,,0,3,1.9909,1428439,1,1.1501937120770758,251,1.1501937120770758,251,73,2023,2023,1,0
1428439,2024-02-29,"Roku, Inc.",2024-02-29 00:00:00,0,16932.0,1.0,8.3574,0.4541,-0.1665,2,0,0,0,0,0,0,0,0,0,0,0,0,0,0,1,0,,0,2,1.3273,0,0,0,0,0,0,0,0,0,0,0,0,0,1,0,,0,2,1.3273,0,0,0,0,0,0,0,0,0,0,0,0,,0,2,1.3273,0,0,0,0,0,0,0,0,0,0,0,0,,0,2,1.3273,1428439,1,-0.26662810931362724,251,-0.26662810931362724,251,73,2024,2024,1,0
1447669,2022-08-04,Twilio,2022-08-04 00:00:00,1,16140.0,1.0,9.4726,0.1513,-0.0731,0,0,0,0,0,0,0,0,0,0,0,0,0,0,0,1,0,,1,4,2.6545,0,0,0,0,0,0,0,0,0,0,0,0,0,1,0,,1,4,2.6545,0,0,0,0,0,0,0,0,0,0,0,0,,1,3,1.9909,0,0,0,0,0,0,0,0,0,0,0,0,,1,3,1.9909,1447669,1,-0.6511147558057986,252,-0.6511147558057986,252,73,2022,2022,1,0
1447669,2024-04-01,Twilio,2024-04-01 00:00:00,1,16140.0,1.0,9.3596,0.1617,-0.0875,0,0,0,0,1,1,0,0,0,1,1,0,0,0,1,1,0,,1,3,1.9909,0,0,1,1,0,0,0,1,1,0,0,0,1,1,0,,1,3,1.9909,0,0,1,0,0,0,1,0,0,0,1,0,,1,4,2.6545,0,0,1,0,0,0,1,0,0,0,1,0,,1,4,2.6545,1447669,1,-0.35135902756172643,249,-0.35135902756172643,249,73,2024,2024,1,0
1501585,2022-03-01,"Huntington Ingalls Industries, Inc.",2023-04-18 00:00:00,0,12623.0,0.0,9.2712,0.7358,0.0512,0,1,0,0,0,0,0,0,0,0,0,0,0,0,1,1,0,,1,2,1.3273,1,1,0,1,0,1,1,0,1,0,1,1,1,1,0,3.0,1,3,1.9909,0,0,0,0,0,0,0,0,0,0,1,0,,0,1,0.6636,0,0,0,0,0,0,0,0,0,0,1,0,,1,4,2.6545,1501585,1,0.025076563293900178,251,0.0895483391085714,253,34,2023,2022,1,1
1510295,2018-11-28,Marathon Petroleum Company LP,2019-04-08 00:00:00,0,12872.0,0.0,10.8005,0.555,0.07,0,0,0,0,0,0,0,1,0,0,1,0,1,0,0,1,0,78.0,1,2,1.3273,0,0,0,0,0,1,0,0,1,0,1,0,0,1,0,63.0,1,2,1.3273,0,0,0,0,1,0,0,0,1,0,0,0,78.0,0,3,1.9909,0,0,0,0,0,0,0,0,0,0,0,0,,1,3,1.9909,1510295,1,-0.21374610330648236,251,0.02701921664490925,252,13,2019,2018,1,0
1535527,2022-04-01,"CrowdStrike Holdings, Inc.",2022-05-15 00:00:00,0,18726.0,0.0,8.1938,0.7132,-0.0649,0,0,0,0,0,0,0,0,0,0,0,0,0,0,0,0,0,,0,3,1.9909,0,0,0,1,0,0,0,0,1,0,0,0,0,1,0,,1,2,1.3273,0,0,0,0,0,0,0,0,0,0,0,0,,0,2,1.3273,0,0,0,0,0,0,0,0,0,0,0,0,,1,1,0.6636,1535527,1,-0.11376844578658452,252,0.14418680146281715,253,73,2022,2022,1,0
1535527,2024-07-19,CrowdStrike Holdings Inc.,2024-07-19 00:00:00,0,18726.0,1.0,8.8018,0.6484,0.0134,0,0,0,0,0,0,0,0,0,0,0,0,0,0,0,0,0,,0,0,0.0,0,0,0,0,0,0,0,0,0,0,0,0,0,0,0,,0,0,0.0,0,0,0,0,0,0,0,0,0,0,0,0,,0,0,0.0,0,0,0,0,0,0,0,0,0,0,0,0,,0,0,0.0,1535527,1,0.9760906868186845,251,0.9760906868186845,251,73,2024,2024,1,0
1543151,2019-10-28,"Uber Technologies, Inc.",2019-10-28 00:00:00,0,18576.0,1.0,10.0853,0.7169,0.0416,1,0,0,0,0,0,0,0,0,1,1,0,0,0,1,1,0,,1,0,0.0,0,0,0,0,0,0,0,1,1,0,0,0,1,1,0,,1,0,0.0,0,0,0,0,0,0,1,0,0,0,1,0,,1,0,0.0,0,0,0,0,0,0,1,0,0,0,1,0,,1,0,0.0,1543151,1,,117,,117,73,2019,2019,0,0
1543151,2023-01-23,"Uber Technologies, Inc.",2023-03-30 00:00:00,0,18576.0,0.0,10.3769,0.7352,-0.2847,0,0,0,0,0,0,0,0,0,0,0,0,1,0,0,1,1,124.0,0,0,0.0,0,0,0,0,0,0,0,0,0,0,0,0,0,1,0,,0,0,0.0,0,0,0,0,0,0,0,0,1,0,0,1,124.0,0,0,0.0,0,0,0,0,0,0,0,0,0,0,0,0,,0,0,0.0,1543151,1,-0.04094687619509274,251,-0.07019304147446259,250,73,2023,2023,1,0
1543151,2023-03-31,"Uber Technologies, Inc.",2023-03-31 00:00:00,0,18576.0,1.0,10.3769,0.7352,-0.2847,1,0,0,0,0,0,0,0,0,0,0,0,1,0,0,1,1,123.0,0,0,0.0,0,0,0,0,0,0,0,0,0,0,1,0,0,1,1,123.0,0,0,0.0,0,0,0,0,0,0,0,0,1,0,0,1,123.0,0,0,0.0,0,0,0,0,0,0,0,0,1,0,0,1,123.0,0,0,0.0,1543151,1,-0.029925612213437813,251,-0.029925612213437813,251,73,2023,2023,1,0
1543151,2024-08-23,"Uber Technologies, Inc.",2024-08-23 00:00:00,0,18576.0,1.0,10.5636,0.6723,0.0488,0,0,0,0,0,0,0,0,0,0,0,0,0,0,1,1,0,,0,3,1.9909,0,0,0,0,0,0,0,0,0,0,0,0,1,1,0,,0,3,1.9909,0,0,0,0,0,0,0,0,0,0,1,0,,0,1,0.6636,0,0,0,0,0,0,0,0,0,0,1,0,,0,1,0.6636,1543151,1,0.3771514017398503,251,0.3771514017398503,251,73,2024,2024,1,0
1553023,2017-10-18,"CyrusOne, Inc.",2018-01-08 00:00:00,0,13752.0,0.0,7.9559,0.5926,0.007,0,0,0,0,0,0,0,1,0,0,1,1,1,0,0,1,1,45.0,0,1,0.6636,0,0,0,0,0,0,0,0,0,0,1,0,0,1,1,127.0,0,1,0.6636,0,0,0,0,1,0,0,1,1,0,0,1,45.0,0,1,0.6636,0,0,0,0,0,0,0,0,1,0,0,1,127.0,0,1,0.6636,1553023,1,0.0362825509045388,251,0.09355195704114339,252,67,2018,2017,1,0
1564408,2022-03-01,Snap Inc.,2022-09-08 00:00:00,0,16595.0,0.0,8.9275,0.4971,-0.0647,0,1,0,0,0,0,0,0,0,0,0,0,0,0,0,0,0,,1,0,0.0,0,0,0,0,0,0,0,0,0,0,0,0,0,1,0,,0,0,0.0,0,0,0,0,0,0,0,0,0,0,0,0,,1,0,0.0,0,0,0,0,0,0,0,0,0,0,0,0,,0,0,0.0,1564408,1,-0.7081764837200166,252,-0.4914828187715611,253,73,2022,2022,1,1
1590895,2023-08-23,"Caesars Entertainment, Inc.",2023-10-06 00:00:00,0,14882.0,0.0,10.4201,0.8881,-0.0268,0,0,0,0,0,0,0,0,0,0,0,0,0,0,0,1,0,,0,1,0.6636,0,0,0,0,0,0,0,0,0,0,0,0,0,1,0,,0,1,0.6636,0,0,0,0,0,0,0,0,0,0,0,0,,0,1,0.6636,0,0,0,0,0,0,0,0,0,0,0,0,,0,1,0.6636,1590895,1,0.019867208678372217,251,0.09665172615471773,251,50,2023,2023,1,0
1609711,2019-10-16,GoDaddy.com LLC,2023-05-17 00:00:00,1,15315.0,0.0,8.7133,0.8645,0.0127,0,0,0,0,1,1,0,0,0,1,1,0,1,0,1,1,1,142.0,0,0,0.0,0,0,0,0,0,0,0,0,1,0,0,0,1,1,0,,1,1,0.6636,0,0,0,0,0,0,0,0,1,0,0,1,142.0,0,0,0.0,0,0,0,0,0,0,0,0,0,0,1,0,,1,2,1.3273,1609711,1,-0.02631098219572059,251,-0.24349350245118384,251,73,2023,2019,1,1
1609711,2021-09-06,"GoDaddy.com, LLC",2021-11-07 00:00:00,1,15315.0,0.0,8.7692,1.0018,-0.077,0,0,0,0,0,1,0,0,0,0,1,0,0,0,0,1,0,,0,3,1.9909,0,0,0,0,0,0,0,0,0,0,0,0,0,1,0,,1,2,1.3273,0,0,0,0,0,0,0,0,0,0,0,0,,0,3,1.9909,0,0,0,0,0,0,0,0,0,0,0,0,,0,3,1.9909,1609711,1,-0.3855760624004124,251,-0.41585246330682024,251,73,2021,2021,1,0
1609711,2022-03-14,"GoDaddy.com, LLC",2022-06-01 00:00:00,1,15315.0,0.0,8.9115,0.9888,0.0327,1,0,0,0,0,0,0,0,0,0,1,0,0,0,1,1,0,,0,3,1.9909,0,0,0,0,0,0,0,0,0,0,0,0,0,1,0,,0,3,1.9909,0,0,0,0,0,0,0,0,0,0,1,0,,0,3,1.9909,0,0,0,0,0,0,0,0,0,0,0,0,,0,3,1.9909,1609711,1,-0.019741463414639004,253,0.060917486174775215,252,73,2022,2022,1,0
1632127,2019-03-01,"Cable One, Inc.",2019-08-08 00:00:00,1,15395.0,0.0,7.7421,0.6634,0.0715,0,0,0,0,0,0,0,0,0,0,1,0,0,0,0,1,0,,0,5,3.3182,0,0,0,0,0,0,0,0,0,0,0,0,0,1,0,,0,5,3.3182,0,0,0,0,0,0,0,0,0,0,0,0,,0,3,1.9909,0,0,0,0,0,0,0,0,0,0,0,0,,0,3,1.9909,1632127,1,0.6118347633559118,251,0.36316926284922135,251,48,2019,2019,1,0
1632127,2019-08-08,"Cable One, Inc.",2019-08-08 00:00:00,1,15395.0,1.0,7.7421,0.6634,0.0715,1,0,0,0,0,0,0,0,0,0,1,0,0,0,0,1,0,,0,5,3.3182,0,0,0,0,0,0,0,0,1,0,0,0,0,1,0,,0,5,3.3182,0,0,0,0,0,0,0,0,0,0,0,0,,0,3,1.9909,0,0,0,0,0,0,0,0,0,0,0,0,,0,3,1.9909,1632127,1,0.6118347633559118,251,0.6118347633559118,251,48,2019,2019,1,0
1640147,2024-03-01,Snowflake Inc.,2024-03-01 00:00:00,0,19654.0,1.0,9.0147,0.3688,-0.1017,0,0,0,0,0,0,0,0,0,0,0,0,0,0,0,1,0,,1,0,0.0,0,0,0,0,0,0,0,0,0,0,0,0,0,1,0,,1,0,0.0,0,0,0,0,0,0,0,0,0,0,0,0,,1,0,0.0,0,0,0,0,0,0,0,0,0,0,0,0,,1,0,0.0,1640147,1,-0.043555408529256434,251,-0.043555408529256434,251,73,2024,2024,1,0
1640147,2024-04-14,Snowflake Inc.,2024-05-23 00:00:00,0,19654.0,0.0,9.0147,0.3688,-0.1017,1,0,0,0,0,0,0,0,0,0,1,0,0,0,0,1,0,,1,0,0.0,0,0,0,0,0,0,0,0,1,0,0,0,0,1,0,,1,0,0.0,0,0,0,0,0,0,0,0,0,0,0,0,,1,0,0.0,0,0,0,0,0,0,0,0,0,0,0,0,,1,0,0.0,1640147,1,-0.33910125861577134,251,-0.11227293195449062,250,73,2024,2024,1,0
1645590,2023-12-12,Hewlett Packard Enterprise Company,2025-02-05 00:00:00,0,15707.0,0.0,10.9535,0.6284,0.0354,0,0,0,0,0,0,0,0,0,0,1,0,0,0,0,1,0,,0,2,1.3273,0,0,0,1,0,1,0,1,1,1,1,0,1,1,1,42.0,1,1,0.6636,0,0,0,0,0,0,0,0,0,0,0,0,,0,3,1.9909,0,0,0,0,1,0,1,1,1,0,1,1,42.0,1,2,1.3273,1645590,1,0.23955129137872988,228,-0.10677856550393261,251,35,2025,2023,1,1
1660134,2023-09-23,"Okta, Inc.",2023-11-01 00:00:00,0,16649.0,0.0,9.1385,0.4127,-0.0876,0,0,0,0,0,0,0,0,0,0,0,0,0,0,0,0,0,,1,3,1.9909,0,0,0,0,0,0,0,0,0,0,0,0,0,0,0,,1,3,1.9909,0,0,0,0,0,0,0,0,0,0,0,0,,1,3,1.9909,0,0,0,0,0,0,0,0,0,0,0,0,,1,3,1.9909,1660134,1,0.12954528417840483,251,0.3147299641859216,251,73,2023,2023,1,0
1660134,2023-11-02,Okta Inc,2023-11-02 00:00:00,0,16649.0,1.0,9.1385,0.4127,-0.0876,1,0,0,0,0,0,0,0,0,0,0,0,0,0,0,0,0,,1,3,1.9909,0,0,0,0,0,0,0,0,0,0,0,0,0,0,0,,1,3,1.9909,0,0,0,0,0,0,0,0,0,0,0,0,,1,3,1.9909,0,0,0,0,0,0,0,0,0,0,0,0,,1,3,1.9909,1660134,1,0.16529157571073894,251,0.16529157571073894,251,73,2023,2023,1,0
1660134,2023-11-07,"Okta, Inc.",2023-11-07 00:00:00,0,16649.0,1.0,9.1385,0.4127,-0.0876,2,1,0,0,0,0,0,0,0,0,0,0,0,0,0,0,0,,1,3,1.9909,0,0,0,0,0,0,0,0,0,0,0,0,0,0,0,,1,3,1.9909,0,0,0,0,0,0,0,0,0,0,0,0,,1,3,1.9909,0,0,0,0,0,0,0,0,0,0,0,0,,1,3,1.9909,1660134,1,0.3628885200831833,251,0.3628885200831833,251,73,2023,2023,1,0
1713683,2018-09-01,"Zscaler, Inc.",2018-10-10 00:00:00,0,17341.0,0.0,6.1043,0.4635,-0.0751,0,0,0,0,0,0,0,0,0,0,0,0,0,0,0,0,0,,1,0,0.0,0,0,0,0,0,0,0,0,1,0,0,0,0,1,0,,1,0,0.0,0,0,0,0,0,0,0,0,0,0,0,0,,1,0,0.0,0,0,0,0,0,0,0,0,0,0,0,0,,1,0,0.0,1713683,1,,143,,117,73,2018,2018,0,0
1808065,2020-12-29,Aon Corporation PLC,2022-05-31 00:00:00,0,61735.0,0.0,10.2889,0.8827,0.0521,0,1,0,0,0,1,0,0,0,0,1,0,0,0,1,1,0,,0,0,0.0,0,0,0,0,0,1,0,0,1,0,1,0,0,1,0,,0,0,0.0,0,0,0,0,0,0,0,0,0,0,1,0,,0,2,1.3273,0,0,0,0,1,0,0,0,1,0,0,0,31.0,0,2,1.3273,315293,1,0.16653832116482248,252,-0.19500495555112152,252,62,2022,2020,1,1
1808065,2022-02-25,Aon PLC,2022-06-13 00:00:00,0,61735.0,0.0,10.3709,0.9637,0.0393,0,0,0,0,0,1,0,0,0,0,1,0,0,0,1,1,0,,0,0,0.0,0,0,0,0,0,0,0,0,0,0,0,0,0,1,0,,0,0,0.0,0,0,0,0,0,0,0,0,0,0,1,0,,0,2,1.3273,0,0,0,0,0,0,0,0,0,0,0,0,,0,2,1.3273,315293,1,0.13607681020097062,252,0.19839911268100519,253,62,2022,2022,1,0
