date,event_type,description,form,accession
2013-03-01,incident_passage_first,the impact on our network and business from major equipment failures and security breaches related to the network or customer information;,10-K,0001283699-13-000031
2013-03-01,incident_passage_first,"unauthorized access to our information technology, billing, customer care and provisioning systems and networks and those of our vendors and other providers;",10-K,0001283699-13-000031
2013-03-01,incident_passage_first,"viruses, malware, worms, software defects, Trojan horses, unsolicited mass advertising, denial of service and other malicious or abusive attacks by third parties, including cyber attacks or other breaches of network or information technology security;",10-K,0001283699-13-000031
2013-03-01,incident_passage_first,"System failures, security breaches and the unauthorized use of or interference with our information technology systems and networks could cause delays or interruptions of service or unauthorized use or dissemination of customer information, increase our cost of operations, and may result in harm to ",10-K,0001283699-13-000031
2013-03-01,incident_passage_first,Congress and the President have recently raised concerns and proposed new legislation focused on protecting United States industry from cyber attacks.,10-K,0001283699-13-000031
2013-03-01,incident_passage_first,"For example, Congress enacted the Telephone Records and Privacy Protection Act of 2006, which imposes criminal penalties upon persons who purchase without a customer's consent, or use fraud to gain unauthorized access to, telephone records.",10-K,0001283699-13-000031
2013-03-01,incident_passage_first,"possible disruptions, cyber attacks, or intrusions of our network, billing, operational support and customer care systems that may limit or disrupt our ability to provide service, or which may cause disclosure or improper use of customers' information and associated harm to our customers, systems, r",10-K,0001283699-13-000031
2013-03-01,incident_passage_first,"disruptions, damage or unauthorized access beyond our control, including disruptions or damage, or unauthorized access caused by criminal or terrorist activities, theft, natural disasters, such as earthquakes, hurricanes, floods, or fire, power surges, or equipment failure; and",10-K,0001283699-13-000031
2013-03-01,incident_passage_first,"network issues, including network coverage, network reliability, technology upgrades, data speeds, network capacity, network technology, network responsiveness, network security breaches, network congestion and network availability;",10-K,0001283699-13-000031
2013-03-01,incident_passage_first,"Despite our network security, processes and strategies we have put in place with respect to our systems and networks, including confidential customer data, our physical facilities, information systems and networks are not completely secure and may be vulnerable to physical or on-line break-ins, comp",10-K,0001283699-13-000031
2013-03-01,incident_passage_first,"Due to the evolving techniques used in cyber attacks and by hackers to sabotage or gain unauthorized access to our systems, we may not be able to anticipate or implement adequate preventive measures in time or prevent such unauthorized access, we may need to expend 66 Table of Contents significant r",10-K,0001283699-13-000031
2013-04-25,incident_passage_first,"the impact on our network and business from major equipment failures, denial of service attacks, and security breaches related to the network or customer information;",10-Q,0001283699-13-000088
2013-04-25,incident_passage_first,"possible disruptions, cyber attacks, denial of service, or intrusions of our network, billing, operational support and customer care systems that may limit or disrupt our ability to provide service, customer care, or bill our customers, or which may cause disclosure or improper use of customers' inf",10-Q,0001283699-13-000088
2013-05-17,comp_statement,CD&A pay-linked sentence (first of 1 proxies): This increase was driven by an increase in the percentage of base salary of the peer group and the other market data used by the Company. 2012 Performance We believe that attainment of payments under our annual cash performance award plan requires strong Company performance.,DEF 14A,0001193125-13-226248
2013-05-17,comp_statement,CD&A pay-linked sentence (first of 1 proxies): We select the amount of the award based on the long-term component of the competitive market data established through the peer group and selected other survey data.,DEF 14A,0001193125-13-226248
2013-05-17,proxy_controlled_status,controlled-company sentences 10; holders named with % in those sentences: Deutsche Telekom; % stated: 74%,DEF 14A,0001193125-13-226248
2013-08-08,incident_passage_first,"unauthorized access to our information technology, billing, customer care and provisioning systems and networks, and those of our suppliers and other providers;",10-Q,0001283699-13-000115
2013-08-08,incident_passage_first,"Sustained difficult, or worsening, general economic conditions could have a material adverse effect on our business, financial condition and results of operations. 51 Table of Contents Our reputation and financial condition could be materially adversely affected by system failures, security or data ",10-Q,0001283699-13-000115
2013-08-08,incident_passage_first,"denial of service and other malicious or abusive attacks by third parties, including cyber-attacks or other breaches of network or information technology security;",10-Q,0001283699-13-000115
2014-02-25,incident_passage_first,responding to deceptive communications (phishing for example) or unintentionally executing malicious code;,10-K,0001283699-14-000012
2014-02-25,incident_passage_first,"Failure of our or others’ systems, networks and infrastructure may prevent us from providing reliable service, or may allow for the unauthorized access, destruction, use or dissemination of our customers’ or our Company’s information.",10-K,0001283699-14-000012
2014-02-25,incident_passage_first,"Our reputation and financial condition could be materially adversely affected by system failures, security or data breaches, improper disclosure of personal data, business disruptions, and unauthorized use or interference with our network and other systems.",10-K,0001283699-14-000012
2014-02-25,incident_passage_first,"denial of service and other malicious or abusive attacks by third parties, including cyber-attacks or breaches of network or information technology security;",10-K,0001283699-14-000012
2014-04-24,comp_statement,"CD&A pay-linked sentence (first of 1 proxies): In determining the amount of base salary, target incentive award and level of equity compensation for each Named Executive Officer, we review the comparative compensation data provided by the compensation consultant and consider each executive’s level of responsibility, prior experience, past job pe",DEF 14A,0001193125-14-157312
2014-04-24,comp_statement,CD&A pay-linked sentence (first of 1 proxies): The amount of the award was based on the long-term component of the competitive market data established based on the peer group and selected other survey data.,DEF 14A,0001193125-14-157312
2014-04-24,proxy_controlled_status,controlled-company sentences 9; holders named with % in those sentences: Deutsche Telekom; % stated: 66.7%,DEF 14A,0001193125-14-157312
2015-02-19,incident_passage_first,"Although we have implemented and regularly review and update processes and procedures to protect against unauthorized access to or use of sensitive data and to prevent data loss, the ever-evolving threats require us to continually evaluate and adapt our systems and processes.",10-K,0001283699-15-000010
2015-02-19,incident_passage_first,"If our efforts to maintain the privacy and security of customer, employee, supplier or other proprietary or sensitive information are not successful at preventing a regulatory investigation, significant data breach or failure of compliance, we could incur substantial additional costs, become subject",10-K,0001283699-15-000010
2015-02-19,incident_passage_first,"Cyber-attacks such as denial of service, other malicious attacks, unauthorized access or distribution of confidential information by third parties or employees, errors by third party suppliers or other breaches of security could disrupt our internal systems and applications, impair our ability to pr",10-K,0001283699-15-000010
2015-02-19,incident_passage_first,Our information systems are vulnerable to continuously evolving data breach and information security risks.,10-K,0001283699-15-000010
2015-02-19,incident_passage_first,"The methods used to obtain unauthorized access, disable or degrade service, or sabotage systems are also constantly changing and evolving, and may be difficult to anticipate or detect for long periods of time.",10-K,0001283699-15-000010
2015-02-19,incident_passage_first,"If we are subject to a significant attack or breach, unauthorized access, errors of third party suppliers or other security breaches, we may incur significant costs, be subject to regulatory investigations and sanctions and private litigation, and may suffer damage to our business reputation that ne",10-K,0001283699-15-000010
2015-02-19,incident_passage_first,human error such as responding to deceptive communications or unintentionally executing malicious code;,10-K,0001283699-15-000010
2015-02-19,incident_passage_first,"In addition, the third-party billing services vendor may experience errors, cyber-attacks or other operational disruptions that could negatively impact us and over which we may have limited control.",10-K,0001283699-15-000010
2015-02-19,incident_passage_first,"The actions we take may not be adequate to repel a significant attack or prevent a breach, unauthorized access by third parties or employees or errors by third party suppliers.",10-K,0001283699-15-000010
2015-02-19,incident_passage_first,We cannot assure you that our systems and processes will be adequate to safeguard against all information security breaches or misuses of data.,10-K,0001283699-15-000010
2015-04-22,comp_statement,"CD&A pay-linked sentence (first of 4 proxies): In determining the amount of base salary, target incentive award and level of equity compensation for each Named Executive Officer, we review the comparative compensation data and consider each executive’s level of responsibility, prior experience, past job performance, contribution to the Company’s",DEF 14A,0001193125-15-142092
2015-04-22,proxy_controlled_status,controlled-company sentences 3; holders named with % in those sentences: Deutsche Telekom; % stated: 65.95%,DEF 14A,0001193125-15-142092
2015-10-27,incident_passage_first,"We do not expect the Experian data breach will have a material impact on our financial position, results of operations or cash flows. 24 Table of Contents Liquidity and Capital Resources Highlights The success of our Un-carrier proposition and continued modernization of our network has further repos",10-Q,0001283699-15-000055
2015-10-27,incident_passage_first,Experian is notifying affected consumers and offering credit protection services to those who may have been affected by the data breach.,10-Q,0001283699-15-000055
2015-10-27,incident_passage_first,"Risk Factors There have been no material changes in our risk factors as previously disclosed in Part I, Item 1A of our Annual Report on Form 10-K for the year ended December 31, 2014, except for revisions to the following risk factor: If our efforts, or those of third party suppliers or vendors, to ",10-Q,0001283699-15-000055
2015-10-27,incident_passage_first,"In September 2015, we were notified by Experian Decision Analytics Solutions (“Experian”), a vendor that processes our credit applications, that they experienced a data breach.",10-Q,0001283699-15-000055
2015-10-27,incident_passage_first,"While we and our third party service providers have been subject to cyber-attacks in the past, including a breach at Experian in September 2015, such past attacks have not had, and are not expected to have, a material adverse impact on our financial position, results of operation or cash flows.",10-Q,0001283699-15-000055
2015-10-27,incident_passage_first,"See MD&A included in Part I, Item 2 of this Form 10-Q for further information regarding the data breach at Experian.",10-Q,0001283699-15-000055
2015-10-27,incident_passage_first,"However, we and our third party service providers may be unable to prevent significant attacks in the future and we cannot assure you that our systems and processes will be adequate to safeguard against all information security breaches or misuses of data.",10-Q,0001283699-15-000055
2015-10-27,incident_passage_first,"Cyber-attacks on our system or those of third party suppliers or vendors, such as denial of service, other malicious attacks, unauthorized access or distribution of confidential information by third parties or employees, errors by third party suppliers or other breaches of security could disrupt our",10-Q,0001283699-15-000055
2015-10-27,incident_passage_first,"If we are subject to a significant attack or breach, unauthorized access, errors of third party suppliers, disruption to our infrastructure or services, loss of information (including sensitive information and personal data of our customers and employees) or other security breaches, we may incur sig",10-Q,0001283699-15-000055
2016-02-17,incident_passage_first,"Although we regularly review our processes and procedures to protect against unauthorized access to or use of sensitive data and to prevent data loss, the ever-evolving threat landscape requires us to continually evaluate and adapt our systems and processes.",10-K,0001283699-16-000073
2016-02-17,incident_passage_first,"The methods used to obtain unauthorized access, disable or degrade service, or sabotage systems are constantly changing and evolving, and may be difficult to anticipate or detect for long periods of time.",10-K,0001283699-16-000073
2016-02-17,incident_passage_first,"Cyber-attacks, such as denial of service, advanced persistent threats, other malicious attacks, unauthorized access or distribution of confidential information by third parties or employees, errors or breaches by third party suppliers, or other breaches of security could disrupt our internal systems",10-K,0001283699-16-000073
2016-02-17,incident_passage_first,"We and our third party service providers have been subject to cyber-attacks in the past, including a breach at Experian in September 2015 in which a subset of records containing current and potential customer information was compromised.",10-K,0001283699-16-000073
2016-02-17,incident_passage_first,"If our efforts, or those of third party service providers, to maintain the privacy and security of our customer, confidential, or sensitive information are not successful at preventing a significant data breach or cyber-attack, we could incur substantial additional costs, become subject to litigatio",10-K,0001283699-16-000073
2016-02-17,incident_passage_first,"We cannot assure you that the security measures and preventive actions we take will be adequate to repel a significant attack, prevent information security breaches or the misuses of data, unauthorized access by third parties or employees, or exploits against third party supplier environments.",10-K,0001283699-16-000073
2016-02-17,incident_passage_first,"Although the cyber-attacks that we and our third party service providers have been subjected to in the past have not caused significant harm to our company, future cyber-attacks may materially adversely affect our business, results of operations and financial condition.",10-K,0001283699-16-000073
2016-04-28,proxy_controlled_status,"controlled-company sentences 9; holders named with % in those sentences: Deutsche Telekom; % stated: 3%, 65%",DEF 14A,0001193125-16-564011
2017-02-14,incident_passage_first,"We and our third-party service providers have been subject to unauthorized access to confidential information in the past, including a breach at one of our credit check providers in September 2015 in which a subset of records containing current and potential customer information was compromised by a",10-K,0001283699-17-000010
2017-02-14,incident_passage_first,"We could be harmed by data loss or other security breaches, whether directly or by way of third parties.",10-K,0001283699-17-000010
2017-02-14,incident_passage_first,"In addition, the third-party billing services supporting vendor may experience errors, cyber-attacks, or other operational disruptions that could negatively impact us and over which we may have limited control.",10-K,0001283699-17-000010
2017-02-14,incident_passage_first,"We may experience unauthorized access or distribution of confidential information by third parties or employees, errors or breaches by third party suppliers, or other breaches of security that compromise the integrity of confidential information, and such breaches can have a materially adverse effec",10-K,0001283699-17-000010
2017-02-14,incident_passage_first,"Although the cyber-attacks that we and our third-party service providers have been subjected to in the past have not caused significant harm to our company, future cyber-attacks may materially adversely affect our business, financial condition, and operating results.",10-K,0001283699-17-000010
2017-02-14,incident_passage_first,"Unauthorized access may be difficult to anticipate, detect, or prevent, particularly given that the methods of unauthorized access constantly change and evolve.",10-K,0001283699-17-000010
2017-02-14,incident_passage_first,"Although we regularly review our procedures and safeguards to prevent unauthorized access to sensitive data and to defend against attacks seeking to disrupt our services, the ever-evolving threat landscape requires us to continually evaluate and adapt our systems and processes.",10-K,0001283699-17-000010
2017-02-14,incident_passage_first,"We cannot assure you that the preventive actions we take will be adequate to repel a significant attack or prevent information security breaches or the misuses of data, unauthorized access by third parties or employees, or exploits against third-party supplier environments.",10-K,0001283699-17-000010
2017-02-14,incident_passage_first,unauthorized access to our IT and business systems or to our network and critical infrastructure and those of our suppliers and other providers;,10-K,0001283699-17-000010
2017-02-14,incident_passage_first,"In addition, cyber-attacks, such as denial of service and other malicious attacks, could disrupt our internal systems and applications, impair our ability to provide services to our customers, and have other adverse effects on our business and that of others who depend on our services.",10-K,0001283699-17-000010
2017-04-27,proxy_controlled_status,"controlled-company sentences 9; holders named with % in those sentences: Deutsche Telekom; % stated: 3%, 65%",DEF 14A,0001193125-17-143185
2018-02-08,incident_passage_first,"Unauthorized access to confidential information may be difficult to anticipate, detect, or prevent, particularly given that the methods of unauthorized access constantly change and evolve.",10-K,0001283699-18-000011
2018-02-08,incident_passage_first,"If our new services fail to retain or gain acceptance in the marketplace or if costs associated with these services are higher than anticipated, this could have a material adverse effect on our business, financial condition and operating results. 10 Table of Contents We could be harmed by data loss ",10-K,0001283699-18-000011
2018-02-08,incident_passage_first,"Cyber-attacks, such as denial of service and other malicious attacks, could disrupt our internal systems and applications, impair our ability to provide services to our customers, and have other adverse effects on our business and that of others who depend on our services.",10-K,0001283699-18-000011
2018-02-08,incident_passage_first,Our procedures and safeguards to prevent unauthorized access to sensitive data and to defend against attacks seeking to disrupt our services must be continually evaluated and revised to address the ever-evolving threat landscape.,10-K,0001283699-18-000011
2018-02-08,incident_passage_first,"We cannot make assurances that all preventive actions taken will adequately repel a significant attack or prevent information security breaches or the misuses of data, unauthorized access by third parties or employees, or exploits against third-party supplier environments.",10-K,0001283699-18-000011
2018-02-08,incident_passage_first,"If we are subject to such attacks or security breaches, we may incur significant costs, be subject to regulatory investigations, sanctions and private litigation, experience disruptions to our operations or suffer damage to our reputation.",10-K,0001283699-18-000011
2018-02-08,incident_passage_first,"Any future cyber-attacks or security breaches may materially adversely affect our business, financial condition, and operating results.",10-K,0001283699-18-000011
2018-04-26,committee_cyber_mention,"first proxy mention: Risk and Compliance Committee x ""information security"": Management Has Established an Enterprise Risk and Compliance Committee and an Information Security and Privacy Council The Enterprise Risk and Compliance Committee oversees activities in the areas of risk management and compliance as a means of bringing risk issues to the attention of senior managem",DEF 14A,0001193125-18-134957
2018-04-26,committee_cyber_mention,"first proxy mention: Risk and Compliance Committee x ""privacy"": Management Has Established an Enterprise Risk and Compliance Committee and an Information Security and Privacy Council The Enterprise Risk and Compliance Committee oversees activities in the areas of risk management and compliance as a means of bringing risk issues to the attention of senior managem",DEF 14A,0001193125-18-134957
2018-04-26,comp_statement,"CD&A pay-linked sentence (first of 1 proxies): Based on the Compensation Committee’s assessment of each Named Executive Officer in relation to peer and survey market data as well as the executive officer’s contribution to the Company’s ongoing strategy, the Compensation Committee increased the total target compensation of each of our Named Execu",DEF 14A,0001193125-18-134957
2018-04-26,proxy_controlled_status,"controlled-company sentences 4; holders named with % in those sentences: Deutsche Telekom; % stated: 3%, 63%",DEF 14A,0001193125-18-134957
2018-10-30,incident_passage_first,"breaches of our and/or our third-party vendors’ networks, information technology and data security, resulting in unauthorized access to customer confidential information;",10-Q,0001283699-18-000060
2018-10-30,incident_passage_first,"Any future cyber-attacks, data breaches, or security incidents may have a materially adverse effect on our business, financial condition, and operating results.",10-Q,0001283699-18-000060
2018-10-30,incident_passage_first,"If we or our third-party suppliers are subject to such attacks or security breaches, we may incur significant costs or other material financial impact, be subject to regulatory investigations, sanctions and private litigation, experience disruptions to our operations or suffer damage to our reputati",10-Q,0001283699-18-000060
2018-10-30,incident_passage_first,"These third-party service providers have experienced data breaches and other attacks that included unauthorized access to Confidential Information in the past, including a breach of the networks of one of our credit decisioning providers in September 2015, during which a subset of records containing",10-Q,0001283699-18-000060
2018-10-30,incident_passage_first,"In August 2018, we notified affected customers of an incident involving unauthorized access to certain customer contact information (not involving credit card information, financial data, social security numbers or passwords).",10-Q,0001283699-18-000060
2018-10-30,incident_passage_first,"We are subject to the threat of unauthorized access or disclosure of Confidential Information by state-sponsored parties, malicious actors, third parties or employees, errors or breaches by third-party suppliers, or other security incidents that could compromise the confidentiality and integrity of ",10-Q,0001283699-18-000060
2018-10-30,incident_passage_first,"Unauthorized access to Confidential Information may be difficult to anticipate, detect, or prevent, particularly given that the methods of unauthorized access constantly change and evolve.",10-Q,0001283699-18-000060
2018-10-30,incident_passage_first,"While we do not believe the August 2018 security incident was material, we expect to continue to be the target of cyber-attacks, data breaches, or security incidents, which may in the future have a materially adverse effect on our business, reputation, financial condition, and operating results.",10-Q,0001283699-18-000060
2019-02-07,incident_passage_first,"These third-party service providers have experienced data breaches and other attacks that included unauthorized access to Confidential Information in the past, and face security challenges common to all parties that collect and process information.",10-K,0001283699-19-000015
2019-02-07,incident_passage_first,"breaches of our and/or our third-party vendors’ networks, information technology (“IT”) and data security, resulting in unauthorized access to customer confidential information; 3 Table of Contents",10-K,0001283699-19-000015
2019-02-07,incident_passage_first,"We could be harmed by data loss or other security breaches, whether directly or indirectly.",10-K,0001283699-19-000015
2019-02-07,incident_passage_first,"Past data breaches include a breach of the networks of one of our credit decisioning providers in 11 Table of Contents September 2015, during which a subset of records containing current and potential customer information was acquired by an external party.",10-K,0001283699-19-000015
2019-02-07,incident_passage_first,"If we or our third-party suppliers are subject to such attacks or security breaches, we may incur significant costs or other material financial impact, which may not be covered by, or may exceed the coverage limits of, our cyber insurance, be subject to regulatory investigations, sanctions and priva",10-K,0001283699-19-000015
2019-02-07,incident_passage_first,"Any future cyber-attacks, data breaches, or security incidents may have a material adverse effect on our business, financial condition, and operating results.",10-K,0001283699-19-000015
2019-02-07,incident_passage_first,"While we do not believe the August 2018 security incident was material, we expect to continue to be the target of cyber-attacks, data breaches, or security incidents, which may in the future have a material adverse effect on our business, reputation, financial condition, and operating results.",10-K,0001283699-19-000015
2019-04-25,incident_passage_first,"breaches of our and/or our third-party vendors’ networks, information technology (“IT”) and data security, resulting in unauthorized access to customer confidential information;",10-Q,0001283699-19-000077
2019-04-26,comp_statement,"CD&A pay-linked sentence (first of 1 proxies): Based on the Compensation Committee’s assessment of each Named Executive Officer in relation to peer and survey market data as well as the executive officer’s contribution to the Company’s ongoing strategy, including contributions related to the proposed merger with Sprint Corporation (the “Sprint C",DEF 14A,0001193125-19-122304
2019-04-26,comp_statement,"CD&A pay-linked sentence (first of 1 proxies): In determining the amount of base salary, the target annual incentive award and the target annual long-term incentive award value for each Named Executive Officer, we review the comparative compensation data and consider each executive’s level of responsibility, prior experience, past job performanc",DEF 14A,0001193125-19-122304
2019-04-26,proxy_controlled_status,controlled-company sentences 1; holders named with % in those sentences: Deutsche Telekom; % stated: 63.0%,DEF 14A,0001193125-19-122304
2020-02-06,incident_passage_first,"In August 2018 and November 2019, we notified affected customers of incidents involving unauthorized access to certain customer information (not involving credit card information, financial data, social security numbers or passwords).",10-K,0001283699-20-000026
2020-02-06,incident_passage_first,"While we do not believe these security incidents were material, we expect to continue to be the target of cyber-attacks, data breaches, or security incidents, which may in the future have a material adverse effect on our business, reputation, financial condition, and operating results.",10-K,0001283699-20-000026
2020-02-06,incident_passage_first,"In addition, we or the supporting vendor may experience errors, cyber-attacks, or other operational disruptions that could negatively impact us and over which we may have limited control.",10-K,0001283699-20-000026
2020-02-06,incident_passage_first,"If 11 Table of Contents we or our third-party suppliers are subject to such attacks or security breaches, we may incur significant costs or other material financial impacts, which may not be covered by, or may exceed the coverage limits of, our cyber insurance, be subject to regulatory investigation",10-K,0001283699-20-000026
2020-02-06,incident_passage_first,"Past data breaches include a breach of the networks of one of our credit decisioning providers in September 2015, during which a subset of records containing current and potential customer information was acquired by an external party.",10-K,0001283699-20-000026
2020-04-21,comp_statement,"CD&A pay-linked sentence (first of 4 proxies): In determining the amount of base salary, the target annual short-term incentive award value and the target annual long-term incentive award value for each Named Executive Officer, we review the comparative compensation data and consider each executive’s level of responsibility, prior experience, pa",DEF 14A,0001193125-20-113504
2020-04-21,proxy_controlled_status,"controlled-company sentences 1; holders named with % in those sentences: Deutsche Telekom, SoftBank; % stated: 24.7%, 43.6%",DEF 14A,0001193125-20-113504
2020-05-06,incident_passage_first,"If we or our third-party suppliers are subject to such attacks or security breaches, we may incur significant costs or other material financial impacts, which may not be covered by, or may exceed the coverage limits of, our cyber insurance, be subject to regulatory investigations, sanctions and priv",10-Q,0001283699-20-000106
2020-05-06,incident_passage_first,"In August 2018, November 2019, and March 2020, we notified affected customers of incidents involving unauthorized access to certain customer information.",10-Q,0001283699-20-000106
2020-08-06,incident_passage_first,"In addition, we or the supporting vendors may experience errors, cyber-attacks, or other operational disruptions that could negatively impact us and over which we may have limited control.",10-Q,0001283699-20-000165
2020-11-05,incident_passage_first,"breaches of our and/or our third-party vendors’ networks, information technology and data security, resulting in unauthorized access to customer confidential information; 57 Table of Contents",10-Q,0001283699-20-000193
2021-02-23,incident_passage_first,"In addition, we or our supporting vendors may experience errors, cyber-attacks or other operational disruptions that could negatively impact us and over which we may have limited control.",10-K,0001283699-21-000039
2021-02-23,incident_passage_first,"Any future cyber-attacks, data breaches, or security incidents may have a material adverse effect on our business, financial condition and operating results.",10-K,0001283699-21-000039
2021-02-23,incident_passage_first,"As a telecommunications carrier, we are considered a critical infrastructure provider and therefore may be more likely to be the target of cyber-attacks (e.g., denial of service and other malicious attacks).",10-K,0001283699-21-000039
2021-02-23,incident_passage_first,"While we do not believe these security incidents were material and actions were taken to prevent reoccurrence, we expect to continue to be the target of cyber-attacks, data breaches, or security incidents, which may in the future have a material adverse effect on our business, reputation, financial ",10-K,0001283699-21-000039
2021-02-23,incident_passage_first,"In a few cases, incidents involved unauthorized access to credit card information, financial data, social security numbers or passwords.",10-K,0001283699-21-000039
2021-02-23,incident_passage_first,"For example, in December 2020, we notified a small number of customers of unauthorized access to their account information that is considered “customer proprietary network information” by the FCC.",10-K,0001283699-21-000039
2021-02-23,incident_passage_first,"We have previously notified affected customers of incidents involving unauthorized access to certain customer information in compliance with applicable laws concerning customer notice, and we expect we will provide such notices again.",10-K,0001283699-21-000039
2021-02-23,incident_passage_first,"These third-party service providers have experienced data breaches and other attacks that included unauthorized access to Confidential Information in the past, and face security challenges common to all parties that collect and 12 Table of C o ntents process information.",10-K,0001283699-21-000039
2021-02-23,incident_passage_first,data loss or other security breaches;,10-K,0001283699-21-000039
2021-04-21,committee_cyber_mention,"first proxy mention: Audit Committee x ""cybersecurity"": The Chief Audit Executive provides a quarterly enterprise-wide risk assessment (including risks relating to cybersecurity and privacy), annual fraud risk assessment, and SOX and Internal Audit reporting or assessments to the Audit Committee, and updates the Audit Committee on significant issues rais",DEF 14A,0001193125-21-124685
2021-04-21,committee_cyber_mention,"first proxy mention: Audit Committee x ""privacy"": The Chief Audit Executive provides a quarterly enterprise-wide risk assessment (including risks relating to cybersecurity and privacy), annual fraud risk assessment, and SOX and Internal Audit reporting or assessments to the Audit Committee, and updates the Audit Committee on significant issues rais",DEF 14A,0001193125-21-124685
2021-04-21,committee_cyber_mention,"first proxy mention: Audit reporting or assessments to the Audit Committee x ""cybersecurity"": The Chief Audit Executive provides a quarterly enterprise-wide risk assessment (including risks relating to cybersecurity and privacy), annual fraud risk assessment, and SOX and Internal Audit reporting or assessments to the Audit Committee, and updates the Audit Committee on significant issues rais",DEF 14A,0001193125-21-124685
2021-04-21,committee_cyber_mention,"first proxy mention: Audit reporting or assessments to the Audit Committee x ""privacy"": The Chief Audit Executive provides a quarterly enterprise-wide risk assessment (including risks relating to cybersecurity and privacy), annual fraud risk assessment, and SOX and Internal Audit reporting or assessments to the Audit Committee, and updates the Audit Committee on significant issues rais",DEF 14A,0001193125-21-124685
2021-04-21,committee_cyber_mention,"first proxy mention: Risk and Compliance Committee x ""cybersecurity"": The Chief Audit Executive provides a quarterly enterprise-wide risk assessment (including risks relating to cybersecurity and privacy), annual fraud risk assessment, and SOX and Internal Audit reporting or assessments to the Audit Committee, and updates the Audit Committee on significant issues rais",DEF 14A,0001193125-21-124685
2021-04-21,comp_statement,"CD&A pay-linked sentence (first of 1 proxies): Based on the Compensation Committee’s assessment of each Named Executive Officer in relation to peer and survey market data as well as the executive officer’s contributions to the Company’s ongoing strategy, including contributions relating to the Sprint Combination and ongoing integration efforts, ",DEF 14A,0001193125-21-124685
2021-04-21,proxy_controlled_status,"controlled-company sentences 1; holders named with % in those sentences: Deutsche Telekom, SoftBank; % stated: 0.4%, 43.2%, 52.1%, 8.5%",DEF 14A,0001193125-21-124685
2021-11-02,incident_passage_first,"As we previously reported, we promptly located and closed the unauthorized access to our systems.",10-Q,0001283699-21-000169
2021-11-02,incident_passage_first,"Accordingly, we are not able to predict with any certainty any possible future impact to our revenues or expenses attributable to the cyberattack, which could have a material adverse effect on our future results.",10-Q,0001283699-21-000169
2021-11-02,incident_passage_first,"On August 12, 2021, we became aware of a potential cybersecurity issue involving unauthorized access to T-Mobile’s systems (the “August 2021 cyberattack”).",10-Q,0001283699-21-000169
2021-11-02,incident_passage_first,"With the assistance of our outside cybersecurity experts, we located and closed the unauthorized access to our systems and identified current, former and prospective customers whose information was impacted and notified them, consistent with state and federal requirements.",10-Q,0001283699-21-000169
2021-11-02,incident_passage_first,"Our forensic investigation is now complete and we believe we now have a full view of the data compromised. 32 Index for Notes to the Condensed Consolidated Financial Statements As a result of the cyberattack, we have become subject to numerous lawsuits, including multiple class action lawsuits, that",10-Q,0001283699-21-000169
2021-11-02,incident_passage_first,"data loss or other security breaches, such as the criminal cyberattack we became aware of in August 2021;",10-Q,0001283699-21-000169
2021-11-02,incident_passage_first,"unfavorable outcomes of existing or future legal proceedings, including these proceedings and inquiries relating to the criminal cyberattack we became aware of in August 2021;",10-Q,0001283699-21-000169
2021-11-02,incident_passage_first,"Cyberattack As we previously reported in our Current Reports on Forms 8-K furnished with the Securities and Exchange Commission on August 16, 17, 20 and 27, 2021, we were subject to a criminal cyberattack involving unauthorized access to T-Mobile’s systems.",10-Q,0001283699-21-000169
2021-11-02,incident_passage_first,"In addition, the Company has received inquiries from various government agencies, law enforcement and other governmental authorities related to the cyberattack.",10-Q,0001283699-21-000169
2021-11-02,incident_passage_first,"Simultaneously, we undertook a 38 Table of Contents number of other measures to demonstrate our continued support and commitment to data privacy and protection and continued to work with our cybersecurity experts to finish our forensic investigation, with the goal to ensure we had a complete underst",10-Q,0001283699-21-000169
2021-11-02,incident_passage_first,"Throughout our forensic investigation of this cyberattack, our top priority has been to support those individuals impacted by the cyberattack.",10-Q,0001283699-21-000169
2021-11-02,incident_passage_first,"As described above, taking steps to further ensure we are supporting individuals impacted by the cyberattack has been a top priority.",10-Q,0001283699-21-000169
2021-11-02,incident_passage_first,Supporting individuals impacted by the cyberattack with additional best practices and practical security steps such as resetting PINs and passwords; and,10-Q,0001283699-21-000169
2021-11-02,incident_passage_first,"We are unable to predict the full impact of the cyberattack on customer behavior in the future, including whether a change in our customers’ behavior could negatively impact our results of operations on an ongoing basis.",10-Q,0001283699-21-000169
2021-11-02,incident_passage_first,"We have incurred certain cyberattack-related expenses which were not material and expect to continue to incur additional expenses in future periods, including costs to investigate and remediate the attack, send notifications to customers and provide additional customer support and enhance customer p",10-Q,0001283699-21-000169
2021-11-02,incident_passage_first,We also intend to commit substantial additional resources towards cybersecurity initiatives over the next several years. 1 The reference to this website is intended to be an inactive textual reference and information on or accessible from such website is not included or incorporated in this report. ,10-Q,0001283699-21-000169
2021-11-02,incident_passage_first,"We have no evidence that individual financial account numbers, such as full credit or debit card numbers, were accessed or taken in relation to the cyberattack.",10-Q,0001283699-21-000169
2021-11-02,incident_passage_first,"As a telecommunications carrier, we are considered a critical infrastructure provider and therefore are likely to be the target of cyberattacks (e.g., denial of service and other malicious attacks).",10-Q,0001283699-21-000169
2021-11-02,incident_passage_first,"We have recently experienced a criminal cyberattack and could in the future be further harmed by disruption, data loss or other security breaches, whether directly or indirectly.",10-Q,0001283699-21-000169
2021-11-02,incident_passage_first,"We have incurred certain cyberattack-related expenses and expect to continue to incur additional expenses in future periods, including costs to investigate and remediate the attack, send notifications to customers and provide additional customer support and enhance customer protection.",10-Q,0001283699-21-000169
2021-11-02,incident_passage_first,"We and our third-party service providers are subject to attacks and threats to our and their IT networks, systems and supply chain, including attacks and threats by state-sponsored parties, malicious actors, employees or third parties, who may exploit bugs, errors, misconfigurations or other vulnera",10-Q,0001283699-21-000169
2021-11-02,incident_passage_first,"Unauthorized access to Confidential Information is difficult to anticipate, detect or prevent, particularly given that the methods of unauthorized access constantly change and evolve.",10-Q,0001283699-21-000169
2021-11-02,incident_passage_first,"These third-party service providers have experienced data breaches and other attacks that included unauthorized access to Confidential Information and operational disruptions in the past, and face security challenges common to all parties that collect and process information.",10-Q,0001283699-21-000169
2021-11-02,incident_passage_first,"In August 2021, we disclosed that our systems were subject to a criminal cyberattack that compromised the data of millions of our current customers, former customers, and prospective customers, including, in some instances, social security numbers, names, addresses, dates of birth and driver’s licen",10-Q,0001283699-21-000169
2021-11-02,incident_passage_first,"As a result of this cyberattack, we are subject to numerous lawsuits and regulatory inquiries, the ongoing costs of which may be material, and we may be subject to further regulatory inquiries and private litigation.",10-Q,0001283699-21-000169
2021-11-02,incident_passage_first,"For more information, see “Cyberattack” in the Overview section of MD&A.",10-Q,0001283699-21-000169
2021-11-02,incident_passage_first,"With the assistance of outside cybersecurity experts, we located and closed the unauthorized access to our systems and identified current, former and prospective customers whose information was impacted and notified them, consistent with state and federal requirements.",10-Q,0001283699-21-000169
2021-11-02,incident_passage_first,"As a result of this cyberattack or other cyberattacks or security breaches involving our Company or our third-party suppliers, we may incur significant costs or experience other material financial impacts, which may not be covered by, or may exceed the coverage limits of, our cyber insurance, and su",10-Q,0001283699-21-000169
2021-11-02,incident_passage_first,"In addition to the August 2021 cyberattack, we have previously experienced other incidents involving unauthorized access to certain Confidential Information, and we expect to experience cyberattacks and other cybersecurity incidents in the future. 65 Table of Contents Typically, these incidents have",10-Q,0001283699-21-000169
2021-11-02,incident_passage_first,"In other cases, the incidents have also involved unauthorized access to certain of our customers’ private information, including credit card information, financial data, social security numbers or passwords.",10-Q,0001283699-21-000169
2021-11-02,incident_passage_first,"Our procedures and safeguards to prevent unauthorized access to sensitive data and to defend against attacks seeking to disrupt our services must be continually evaluated and revised to address the ever-evolving threat landscape and changing cybersecurity regulations, which could require the investm",10-Q,0001283699-21-000169
2021-11-02,incident_passage_first,"We cannot make assurances that all preventive actions taken will adequately repel a significant attack or prevent security breaches or misuses of data, unauthorized access by third parties or employees or exploits against third-party supplier environments, or that we or our third-party suppliers wil",10-Q,0001283699-21-000169
2021-11-02,incident_passage_first,"We expect to continue to be the target of cyberattacks, data breaches or security incidents, given the nature of our business.",10-Q,0001283699-21-000169
2021-11-02,incident_passage_first,"As a result of the August 2021 cyberattack, we are subject to numerous lawsuits, including multiple class action lawsuits seeking unspecified monetary damages, and inquiries by various government agencies, law enforcement and other governmental authorities, and we may be subject to further regulator",10-Q,0001283699-21-000169
2021-11-02,incident_passage_first,"Any future cyberattacks, data breaches, or security incidents may have a material adverse effect on our business, reputation, financial condition, cash flows and operating results.",10-Q,0001283699-21-000169
2022-02-11,incident_passage_first,"We have incurred certain cyberattack-related expenses and expect to continue to incur additional expenses in future periods, including costs to remediate the attack, provide additional customer support and enhance customer protection.",10-K,0001283699-22-000018
2022-02-11,incident_passage_first,"We and our third-party service and equipment providers are subject to attacks and threats to our and their IT networks, systems and supply chain, including attacks and threats by state-sponsored parties, malicious actors, employees or third parties, who may exploit bugs, errors, misconfigurations or",10-K,0001283699-22-000018
2022-02-11,incident_passage_first,"As a telecommunications carrier, we are considered a critical infrastructure provider and therefore are a persistent target of cyberattacks.",10-K,0001283699-22-000018
2022-02-11,incident_passage_first,"These third-party service and equipment providers have experienced in the past and will likely continue to experience data breaches and other attacks that involve unauthorized access to Confidential Information and create operational disruptions, and they face security challenges common to all parti",10-K,0001283699-22-000018
2022-02-11,incident_passage_first,"We have recently experienced a criminal cyberattack and could in the future be further harmed by disruption, data loss or other security breaches, whether directly or indirectly through third parties.",10-K,0001283699-22-000018
2022-02-11,incident_passage_first,"Unauthorized access to Confidential Information is difficult to anticipate, detect or prevent, particularly given that the methods used by third parties to gain unauthorized access constantly change and evolve.",10-K,0001283699-22-000018
2022-02-11,incident_passage_first,"In addition to the August 2021 cyberattack, we have experienced other unrelated immaterial incidents involving unauthorized access to certain Confidential Information, and we expect to experience cyberattacks and other cybersecurity incidents in the future.",10-K,0001283699-22-000018
2022-02-11,incident_passage_first,"We have also experienced, and expect to continue to experience, cyberattacks and other incidents involving our supply chain and in relation to third-party products and services (including cloud services) that are used in our IT environment and business.",10-K,0001283699-22-000018
2022-02-11,incident_passage_first,"Our procedures and safeguards to prevent unauthorized access to information and to defend against attacks seeking to disrupt our services must be continually evaluated and enhanced to address the ever-evolving threat landscape and changing cybersecurity regulations, which could require the investmen",10-K,0001283699-22-000018
2022-02-11,incident_passage_first,"We cannot make assurances that all preventive actions taken will adequately repel a significant attack or prevent or substantially mitigate the impacts of security breaches or misuses of data, unauthorized access by third parties or employees or exploits against third-party supplier environments, or",10-K,0001283699-22-000018
2022-02-11,incident_passage_first,"We expect to continue to be the target of cyberattacks, data breaches or security incidents, given the nature of our business, and we expect the same with respect to our third-party service and equipment providers.",10-K,0001283699-22-000018
2022-02-11,incident_passage_first,"As a result of the August 2021 cyberattack or other cyberattacks or security breaches involving our Company or our third-party service and equipment providers, we may incur significant costs or experience other material financial impacts, which may not be covered by, or may exceed the coverage limit",10-K,0001283699-22-000018
2022-02-11,incident_passage_first,"disruption, data loss or other security breaches, such as the criminal cyberattack we became aware of in August 2021;",10-K,0001283699-22-000018
2022-02-11,incident_passage_first,"As a result of the August 2021 cyberattack, we are subject to numerous lawsuits and regulatory inquiries, the ongoing costs of which may be material, and we may be subject to further regulatory inquiries and private litigation.",10-K,0001283699-22-000018
2022-02-11,incident_passage_first,"We have no evidence that individual financial account numbers, such as full credit or debit card numbers, were accessed or taken in relation to the August 2021 cyberattack.",10-K,0001283699-22-000018
2022-02-11,incident_passage_first,"Throughout our forensic investigation of the August 2021 cyberattack, our top priority was to support those individuals impacted by the cyberattack.",10-K,0001283699-22-000018
2022-02-11,incident_passage_first,"Simultaneously, we undertook a number of other measures to demonstrate our continued support and commitment to data privacy and protection and continued to work with our cybersecurity experts to finish our forensic investigation, with the goal to ensure we had a complete understanding of the scope a",10-K,0001283699-22-000018
2022-02-11,incident_passage_first,"Cyberattack As we previously reported, we were subject to a criminal cyberattack involving unauthorized access to T-Mobile’s systems.",10-K,0001283699-22-000018
2022-02-11,incident_passage_first,"For a number of additional current Metro customers, these files included names but no other personally identifiable information. 30 Table of Contents As described above, supporting individuals impacted by the August 2021 cyberattack was a top priority.",10-K,0001283699-22-000018
2022-02-11,incident_passage_first,Supporting individuals impacted by the August 2021 cyberattack with additional best practices and practical security steps such as resetting PINs and passwords; and,10-K,0001283699-22-000018
2022-02-11,incident_passage_first,"human error, such as responding to deceptive communications or unintentionally executing malicious code;",10-K,0001283699-22-000018
2022-02-11,incident_passage_first,"In addition, the Company has received inquiries from various government agencies, law enforcement and other governmental authorities related to the August 2021 cyberattack, which could result in fines or penalties.",10-K,0001283699-22-000018
2022-02-11,incident_passage_first,"It is not possible to precisely measure the amount of lost revenue, if any, directly attributable to the August 2021 cyberattack.",10-K,0001283699-22-000018
2022-02-11,incident_passage_first,"We are unable to predict the full impact of the August 2021 cyberattack on customer behavior in the future, including whether a change in our customers’ behavior could negatively impact our results of operations on an ongoing basis.",10-K,0001283699-22-000018
2022-02-11,incident_passage_first,"Accordingly, we are not able to predict with any certainty any possible future impact to our revenues or expenses attributable to the August 2021 cyberattack, which could have a material adverse effect on our future results.",10-K,0001283699-22-000018
2022-02-11,incident_passage_first,"As a result of the August 2021 cyberattack, we have become subject to numerous lawsuits, including multiple class action lawsuits, that have been filed in numerous jurisdictions seeking unspecified monetary damages, costs and attorneys’ fees arising out of the August 2021 cyberattack.",10-K,0001283699-22-000018
2022-02-11,incident_passage_first,"As a result of the August 2021 cyberattack, we are subject to numerous lawsuits, including multiple class action lawsuits seeking unspecified monetary damages, mass arbitrations, and inquiries by various government agencies, law enforcement and other governmental authorities, and we may be subject t",10-K,0001283699-22-000018
2022-02-11,incident_passage_first,"We have incurred certain cyberattack-related expenses that were not material and expect to continue to incur additional expenses in future periods, including costs to remediate the attack, provide additional customer support and enhance customer protection, only some of which may be covered and reim",10-K,0001283699-22-000018
2022-04-27,committee_cyber_mention,"first proxy mention: Nominating and Corporate Governance Committee x ""cybersecurity"": Nominating and Corporate Governance Committee The Nominating and Corporate Governance Committee oversees Board process and corporate governance-related risks, management of compliance risks, risks related to our diversity, corporate social responsibility and sustainability practices, and risks relat",DEF 14A,0001193125-22-123750
2022-04-27,committee_cyber_mention,"first proxy mention: Nominating and Corporate Governance Committee x ""information security"": Nominating and Corporate Governance Committee The Nominating and Corporate Governance Committee oversees Board process and corporate governance-related risks, management of compliance risks, risks related to our diversity, corporate social responsibility and sustainability practices, and risks relat",DEF 14A,0001193125-22-123750
2022-04-27,committee_cyber_mention,"first proxy mention: Nominating and Corporate Governance Committee x ""privacy"": Nominating and Corporate Governance Committee The Nominating and Corporate Governance Committee oversees Board process and corporate governance-related risks, management of compliance risks, risks related to our diversity, corporate social responsibility and sustainability practices, and risks relat",DEF 14A,0001193125-22-123750
2022-04-27,comp_statement,"CD&A pay-linked sentence (first of 1 proxies): Based on the Compensation Committee’s assessment of each Named Executive Officer in relation to peer and survey market data related to such peer group as well as the executive officer’s contributions to the Company’s ongoing strategy, the Compensation Committee increased the total target compensatio",DEF 14A,0001193125-22-123750
2022-04-27,proxy_controlled_status,"controlled-company sentences 1; holders named with % in those sentences: Deutsche Telekom, SoftBank; % stated: 0.4%, 4.9%, 46.6%, 51.9%",DEF 14A,0001193125-22-123750
2022-05-06,incident_passage_first,"They are perpetrated by a variety of groups and persons, including state-sponsored parties, malicious actors, employees, contractors, or other unrelated third parties.",10-Q,0001283699-22-000084
2022-05-06,incident_passage_first,"Cyberattacks against companies like ours have increased in frequency and potential harm over time, and the methods used to gain unauthorized access constantly evolve, making it increasingly difficult to anticipate, prevent, and/or detect incidents successfully in every instance.",10-Q,0001283699-22-000084
2022-05-06,incident_passage_first,"In some cases, these bad actors may obtain unauthorized access to Confidential Information utilizing credentials taken from our customers, employees, or third parties.",10-Q,0001283699-22-000084
2022-05-06,incident_passage_first,"As a result of the August 2021 cyberattack, we have become subject to numerous lawsuits, including mass arbitration claims and multiple class action lawsuits, that have been filed in numerous jurisdictions seeking unspecified monetary damages, costs and attorneys’ fees arising out of the August 2021",10-Q,0001283699-22-000084
2022-05-06,incident_passage_first,"There are no material updates with respect to the August 2021 cyberattack and subsequent inquiries, investigations, litigations and remedial measures from our Annual Report on Form 10-K for the year ended December 31, 2021, except as disclosed in Note 11 – Commitment and Contingencies .",10-Q,0001283699-22-000084
2022-05-06,incident_passage_first,We promptly located and closed the unauthorized access to our systems.,10-Q,0001283699-22-000084
2022-05-06,incident_passage_first,"We have experienced criminal cyberattacks and could in the future be further harmed by disruption, data loss or other security breaches, whether directly or indirectly through third parties.",10-Q,0001283699-22-000084
2022-05-06,incident_passage_first,"We are subject to persistent cyberattacks and threats to our networks, systems, and supply chain from a variety of bad actors, many of whom attempt to gain access to and compromise Confidential Information by exploiting bugs, errors, misconfigurations or other vulnerabilities in our networks and oth",10-Q,0001283699-22-000084
2022-05-06,incident_passage_first,"In addition to the August 2021 cyberattack, we have experienced other unrelated immaterial incidents involving unauthorized access to certain Confidential Information.",10-Q,0001283699-22-000084
2022-05-06,incident_passage_first,"unfavorable outcomes of existing or future legal proceedings, including these proceedings and inquiries relating to the criminal cyberattack we became aware of in August 2021; 24 Table of Contents",10-Q,0001283699-22-000084
2022-05-06,incident_passage_first,"These third-party providers have experienced in the past, and will continue to experience in the future, cyberattacks that involve attempts to obtain unauthorized access to our Confidential Information and/or to create operational disruptions that could adversely affect our business, and these provi",10-Q,0001283699-22-000084
2022-05-06,incident_passage_first,Our procedures and safeguards to prevent unauthorized access to Confidential Information and to defend against cyberattacks seeking to disrupt our operations must be continually evaluated and enhanced to address the ever-evolving threat landscape and changing cybersecurity regulations.,10-Q,0001283699-22-000084
2022-05-06,incident_passage_first,"We expect to continue to be the target of cyberattacks, given the nature of our business, and we expect the same with respect to our third-party providers.",10-Q,0001283699-22-000084
2022-05-06,incident_passage_first,"In August 2021, we disclosed that our systems were subject to a criminal cyberattack that compromised certain data of millions of our current customers, former customers, and prospective customers, including, in some instances, social security numbers, names, addresses, dates of birth and driver’s l",10-Q,0001283699-22-000084
2022-05-06,incident_passage_first,"Our inability to protect Confidential Information or to prevent operational disruptions from future cyberattacks may have a material adverse effect on our business, reputation, financial condition, cash flows, and operating results.",10-Q,0001283699-22-000084
2022-05-06,incident_passage_first,"We have incurred certain cyberattack-related expenses, including costs to remediate the attack, provide additional customer support and enhance customer protection, and expect to incur additional expense in future periods resulting from the attack.",10-Q,0001283699-22-000084
2022-05-06,incident_passage_first,"As a result of the August 2021 cyberattack, we are subject to numerous claims, lawsuits and regulatory inquiries, the ongoing costs of which may be material, and we may be subject to further regulatory inquiries and private litigation.",10-Q,0001283699-22-000084
2022-05-06,incident_passage_first,"With the assistance of outside cybersecurity experts, we located and closed the unauthorized access to our systems and identified current, former, and prospective customers whose information was impacted and notified them, consistent with state and federal requirements.",10-Q,0001283699-22-000084
2022-05-06,incident_passage_first,"We cannot provide any assurances that actions taken by us, or our third-party providers will adequately repel a significant cyberattack or prevent or substantially mitigate the impacts of cybersecurity breaches or misuses of Confidential Information, unauthorized access to our networks or systems or",10-Q,0001283699-22-000084
2022-05-06,incident_passage_first,"In other cases, the incidents have involved unauthorized access to certain of our customers’ private information, including credit card information, financial data, social security numbers or passwords, and to certain of our intellectual property.",10-Q,0001283699-22-000084
2022-05-06,incident_passage_first,"Additionally, we do not have control of the cybersecurity systems, breach prevention, and response protocols of our third-party providers.",10-Q,0001283699-22-000084
2022-05-06,incident_passage_first,"For more information, see “– Contingencies and Litigation – Litigation and Regulatory Matters” in Note 11 – Commitments and Contingencies of the Notes to the Consolidated Financial Statements.” As a result of the August 2021 cyberattack, we may incur significant costs or experience other material fi",10-Q,0001283699-22-000084
2022-07-29,incident_passage_first,"In addition, we have received inquiries from various government agencies, law enforcement and other governmental authorities related to the August 2021 cyberattack, which could result in substantial fines or penalties.",10-Q,0001283699-22-000117
2022-07-29,incident_passage_first,"Legal-related expenses, including from the impact of the settlement of certain litigation associated with the August 2021 cyberattack, of $300 million, net of tax, for the three and six months ended June 30, 2022.",10-Q,0001283699-22-000117
2022-07-29,incident_passage_first,"Note 14 – Subsequent Events Subsequent to June 30, 2022, on July 22, 2022, we entered into an agreement to settle a consolidated class action lawsuit asserting claims related to the August 2021 cyberattack.",10-Q,0001283699-22-000117
2022-07-29,incident_passage_first,"Higher legal-related expenses, including the settlement of certain litigation associated with the August 2021 cyberattack of $400 million; and",10-Q,0001283699-22-000117
2022-07-29,incident_passage_first,"There are no material updates with respect to the August 2021 cyberattack and subsequent inquiries, investigations, litigations and remedial measures from our Annual Report on Form 10-K for the year ended December 31, 2021, except as disclosed in Note 11 – Commitments and Contingencies .",10-Q,0001283699-22-000117
2022-07-29,incident_passage_first,"For more information regarding this non-cash impairment, see Note 13 – Additional Financial Information of the Notes to the Condensed Consolidated Financial Statements Cyberattack As we previously reported, we were subject to a criminal cyberattack involving unauthorized access to T-Mobile’s systems",10-Q,0001283699-22-000117
2022-07-29,incident_passage_first,"District Court for the Western District of Missouri under the caption In re: T-Mobile Customer Data Security Breach Litigation , Case No. 21-md-3019-BCW.",10-Q,0001283699-22-000117
2022-07-29,incident_passage_first,"If approved by the court, we anticipate that this settlement of the class action, along with other settlements of separate consumer claims that have been previously completed or are currently pending, will resolve substantially all of the claims brought to date by our current, former and prospective",10-Q,0001283699-22-000117
2022-07-29,incident_passage_first,"unfavorable outcomes of and increased costs from existing or future legal proceedings, including these proceedings and inquiries relating to the criminal cyberattack we became aware of in August 2021; 26 Table of Contents",10-Q,0001283699-22-000117
2022-07-29,incident_passage_first,(2) Legal-related expenses consists of the settlement of certain litigation associated with the August 2021 cyberattack.,10-Q,0001283699-22-000117
2022-07-29,incident_passage_first,"As a result of the August 2021 cyberattack, we have become subject to numerous lawsuits, including mass arbitration claims and multiple class action lawsuits that have been filed in numerous jurisdictions seeking, among other things, unspecified monetary damages, costs and attorneys’ fees arising ou",10-Q,0001283699-22-000117
2022-07-29,incident_passage_first,"We anticipate that, upon court approval, the settlement will provide a full release of all claims arising out of the August 2021 cyberattack by class members, who do not opt out, against all defendants, including us, our subsidiaries and affiliates, and our directors and officers.",10-Q,0001283699-22-000117
2022-07-29,incident_passage_first,"We are subject to persistent cyberattacks and threats to our networks, systems, and supply chain from a variety of bad actors, many of whom attempt to gain access to and compromise Confidential Information by exploiting bugs, errors, misconfigurations or other vulnerabilities in our networks and oth",10-Q,0001283699-22-000117
2022-07-29,incident_passage_first,"As a result of the August 2021 cyberattack, we are subject to numerous lawsuits, including a consolidated class action lawsuits seeking unspecified monetary damages, mass consumer arbitrations, and inquiries by various government agencies, law enforcement and other governmental authorities, and we m",10-Q,0001283699-22-000117
2022-07-29,incident_passage_first,"We cannot provide any assurances that actions taken by us, or our third-party providers, will adequately repel a significant cyberattack or prevent or substantially mitigate the impacts of cybersecurity breaches or misuses of Confidential Information, unauthorized access to our networks or systems o",10-Q,0001283699-22-000117
2022-07-29,incident_passage_first,"Ongoing legal and other costs related to these proceedings and inquiries, as well as any potential future proceedings and inquiries related to the August 2021 cyberattack, may be substantial, and losses associated with any adverse judgments, settlements, penalties or other resolutions of such procee",10-Q,0001283699-22-000117
2022-07-29,incident_passage_first,"For more information, see “– Contingencies and Litigation – Litigation and Regulatory Matters” in Note 11 – Commitments and Contingencies of the Notes to the Consolidated Financial Statements.” As a result of the August 2021 cyberattack, we may incur significant costs or experience other material fi",10-Q,0001283699-22-000117
2022-07-29,settlement,"$150 million | In addition to the committed aggregate incremental spend of $150 million for data security and related technology in 2022 and 2023 under the proposed settlement agreement, we intend to commit substantial additional resources towards cybersecurity initiatives over the next several years. 29 Table of ",10-Q,0001283699-22-000117
2022-07-29,settlement,"$300 million | Legal-related expenses, including from the impact of the settlement of certain litigation associated with the August 2021 cyberattack, of $300 million, net of tax, for the three and six months ended June 30, 2022.",10-Q,0001283699-22-000117
2022-07-29,settlement,"$400 million | Higher legal-related expenses, including the settlement of certain litigation associated with the August 2021 cyberattack of $400 million; and",10-Q,0001283699-22-000117
2022-10-27,charge,"$ 50 million | During the three and nine months ended September 30, 2022, we recognized $ 50 million in reimbursements from insurance carriers for costs incurred related to the August 2021 cyberattack, which is included as a reduction to Selling, general and administrative expenses on our Condensed Consolidated St",10-Q,0001283699-22-000141
2022-10-27,charge,"$50 million | During the three and nine months ended September 30, 2022, we recognized $50 million in reimbursements from insurance carriers for costs incurred related to the August 2021 cyberattack.",10-Q,0001283699-22-000141
2022-10-27,incident_passage_first,"Sievert et al., Case No. 2022-0819-SG, against our current directors and certain of our former directors, alleging claims for breach of fiduciary duty relating to the Company’s cybersecurity practices.",10-Q,0001283699-22-000141
2022-10-27,incident_passage_first,"Higher legal-related expenses, net of recoveries, including $400 million recognized in June 2022 for the settlement of certain litigation associated with the August 2021 cyberattack; partially offset by",10-Q,0001283699-22-000141
2022-10-27,incident_passage_first,We are pursuing additional reimbursements from insurance carriers for costs incurred related to the August 2021 cyberattack.,10-Q,0001283699-22-000141
2022-10-27,incident_passage_first,"During the three and nine months ended September 30, 2022, we recognized $50 million in reimbursements from insurance carriers for costs incurred related to the August 2021 cyberattack.",10-Q,0001283699-22-000141
2022-10-27,incident_passage_first,"There are no material updates with respect to the August 2021 cyberattack and subsequent inquiries, investigations, litigations and remedial measures from our Annual Report on Form 10-K for the year ended December 31, 2021, except as disclosed in Note 14 – Commitments and Contingencies of the Notes ",10-Q,0001283699-22-000141
2022-10-27,incident_passage_first,"We have also received inquiries from various government agencies, law enforcement and other governmental authorities related to the August 2021 cyberattack which could result in substantial fines or penalties.",10-Q,0001283699-22-000141
2022-10-27,incident_passage_first,"unfavorable outcomes of and increased costs from existing or future legal proceedings, including these proceedings and inquiries relating to the criminal cyberattack we became aware of in August 2021; 31 Table of Contents",10-Q,0001283699-22-000141
2022-10-27,incident_passage_first,"(2) Legal-related (recoveries) expenses, net, consists of the settlement of certain litigation associated with the August 2021 cyberattack and is presented net of insurance recoveries.",10-Q,0001283699-22-000141
2022-10-27,incident_passage_first,"Legal-related expenses, net of recoveries, including from the impact of the settlement of certain litigation associated with the August 2021 cyberattack, of $286 million, net of tax, for the nine months ended September 30, 2022.",10-Q,0001283699-22-000141
2022-10-27,incident_passage_first,"Risks Related to Our Business and the Wireless Industry We have experienced criminal cyberattacks and could in the future be further harmed by disruption, data loss or other security breaches, whether directly or indirectly through third parties.",10-Q,0001283699-22-000141
2022-10-27,incident_passage_first,"For more information, see “– Contingencies and Litigation – Litigation and Regulatory Matters” in Note 14 – Commitments and Contingencies of the Notes to the Condensed Consolidated Financial Statements.” As a result of the August 2021 cyberattack, we may incur significant costs or experience other m",10-Q,0001283699-22-000141
2022-10-27,incident_passage_first,"As a result of the August 2021 cyberattack, we are subject to numerous lawsuits, including consolidated class action lawsuits seeking unspecified monetary damages, mass consumer arbitrations, a shareholder derivative lawsuit and inquiries by various government agencies, law enforcement and other gov",10-Q,0001283699-22-000141
2022-10-27,incident_passage_first,"During the three and nine months ended September 30, 2022, we recognized $ 50 million in reimbursements from insurance carriers for costs incurred related to the August 2021 cyberattack, which is included as a reduction to Selling, general and administrative expenses on our Condensed Consolidated St",10-Q,0001283699-22-000141
2022-10-27,settlement,"$150 million | In addition to the committed aggregate incremental spend of $150 million for data security and related technology in 2022 and 2023 under the proposed settlement agreement, we intend to commit substantial additional resources towards cybersecurity initiatives over the next several years.",10-Q,0001283699-22-000141
2022-10-27,settlement,"$286 million | Legal-related expenses, net of recoveries, including from the impact of the settlement of certain litigation associated with the August 2021 cyberattack, of $286 million, net of tax, for the nine months ended September 30, 2022.",10-Q,0001283699-22-000141
2022-10-27,settlement,"$400 million | Higher legal-related expenses, net of recoveries, including $400 million recognized in June 2022 for the settlement of certain litigation associated with the August 2021 cyberattack; partially offset by",10-Q,0001283699-22-000141
2023-02-14,charge,"$100 million | During the year ended December 31, 2022, we recognized $100 million in reimbursements from insurance carriers for costs incurred related to the August 2021 cyberattack.",10-K,0001283699-23-000016
2023-02-14,charge,"$ 100 million | During the year ended December 31, 2022, we recognized $ 100 million in reimbursements from insurance carriers for costs incurred related to the August 2021 cyberattack, which is included as a reduction to Selling, general and administrative expenses on our Consolidated Statements of Comprehensive I",10-K,0001283699-23-000016
2023-02-14,incident_passage_first,"criminal cyberattacks, disruption, data loss or other security breaches;",10-K,0001283699-23-000016
2023-02-14,incident_passage_first,"In January 2020, the California Consumer Privacy Act (the “CCPA”) became effective, creating new data privacy rights for California residents and new compliance obligations for us and industry in general, in addition to private rights of action for certain types of data breaches.",10-K,0001283699-23-000016
2023-02-14,incident_passage_first,"If we fail to protect Confidential Information or to prevent operational disruptions from future cyberattacks, there may be a material adverse effect on our business, reputation, financial condition, cash flows, and operating results.",10-K,0001283699-23-000016
2023-02-14,incident_passage_first,"For more information, see “Recent Cyberattacks” in the Overview section of our Management’s Discussion and Analysis of Financial Condition and Results of Operations.",10-K,0001283699-23-000016
2023-02-14,incident_passage_first,"In addition to the recent cyberattacks, we have experienced other unrelated immaterial incidents involving unauthorized access to certain Confidential Information.",10-K,0001283699-23-000016
2023-02-14,incident_passage_first,"As a result of the August 2021 cyberattack and the January 2023 cyberattack, we may incur significant costs or experience other material financial impacts, which may not be covered by, or may exceed the coverage limits of, our cyber liability insurance, and such costs and impacts may have a material",10-K,0001283699-23-000016
2023-02-14,incident_passage_first,"In connection with the January 2023 cyberattack, we have received notices of consumer class actions and regulatory inquires, to which we will respond to in due course and may incur significant expenses.",10-K,0001283699-23-000016
2023-02-14,incident_passage_first,"We have incurred certain cyberattack-related expenses, including costs to remediate the attack, provide additional customer support and enhance 12 Table of Contents customer protection, and expect to incur additional expense in future periods resulting from the attack.",10-K,0001283699-23-000016
2023-02-14,incident_passage_first,"During the year ended December 31, 2022, we recognized $ 100 million in reimbursements from insurance carriers for costs incurred related to the August 2021 cyberattack, which is included as a reduction to Selling, general and administrative expenses on our Consolidated Statements of Comprehensive I",10-K,0001283699-23-000016
2023-02-14,incident_passage_first,"Additionally, following the August 2021 cyberattack, we commenced a substantial multi-year investment working with leading external cybersecurity experts to enhance our cybersecurity capabilities and transform our approach to cybersecurity.",10-K,0001283699-23-000016
2023-02-14,incident_passage_first,"On August 12, 2021, we became aware of a cybersecurity issue involving unauthorized access to T-Mobile’s systems (the “August 2021 cyberattack”).",10-K,0001283699-23-000016
2023-02-14,incident_passage_first,"During the year ended December 31, 2022, we recognized $100 million in reimbursements from insurance carriers for costs incurred related to the August 2021 cyberattack.",10-K,0001283699-23-000016
2023-02-14,incident_passage_first,"(3) Legal-related expenses, net, consists of the settlement of certain litigation associated with the August 2021 cyberattack and is presented net of insurance recoveries.",10-K,0001283699-23-000016
2023-02-14,incident_passage_first,"Ongoing legal and other costs related to these proceedings and inquiries, as well as any potential future proceedings and inquiries related to the August 2021 cyberattack and the January 2023 cyberattack, may be substantial, and losses associated with any adverse judgments, settlements, penalties or",10-K,0001283699-23-000016
2023-02-14,incident_passage_first,"Recent Cyberattacks In August 2021, we were subject to a criminal cyberattack involving unauthorized access to T-Mobile’s systems.",10-K,0001283699-23-000016
2023-02-14,incident_passage_first,"In addition, in connection with the January 2023 cyberattack, we have received notices of consumer class actions and regulatory inquires, to which we will respond to in due course.",10-K,0001283699-23-000016
2023-02-14,incident_passage_first,"We are pursuing additional reimbursements from insurance carriers for costs incurred related to the August 2021 cyberattack. 30 Table of Contents In January 2023, we disclosed that a bad actor was obtaining data through a single Application Programming Interface (“API”) without authorization.",10-K,0001283699-23-000016
2023-02-14,incident_passage_first,"Higher legal-related expenses, net of recoveries, including $400 million recognized in June 2022 for the settlement of certain litigation associated with the August 2021 cyberattack, partially offset by $100 million in reimbursements from insurance carriers received in 2022 associated with the Augus",10-K,0001283699-23-000016
2023-02-14,incident_passage_first,"Certain legal-related expenses, net of recoveries, including from the impact of the settlement of certain litigation associated with the August 2021 cyberattack, of $293 million, net of tax, for the year ended December 31, 2022.",10-K,0001283699-23-000016
2023-02-14,incident_passage_first,"Our forensic investigation is complete, and we believe we have a full view of the data compromised. 110 Index for Notes to the Consolidated Financial Statements As a result of the August 2021 cyberattack, we have become subject to numerous lawsuits, including mass arbitration claims and multiple cla",10-K,0001283699-23-000016
2023-02-14,settlement,"$150 million | In addition to the committed aggregate incremental spend of $150 million for data security and related technology in 2022 and 2023 under the proposed settlement agreement, we intend to allocate substantial additional resources towards cybersecurity initiatives over the next several years.",10-K,0001283699-23-000016
2023-02-14,settlement,"$400 million; $100 million | Higher legal-related expenses, net of recoveries, including $400 million recognized in June 2022 for the settlement of certain litigation associated with the August 2021 cyberattack, partially offset by $100 million in reimbursements from insurance carriers received in 2022 associated with the Augus",10-K,0001283699-23-000016
2023-02-14,settlement,"$293 million | Certain legal-related expenses, net of recoveries, including from the impact of the settlement of certain litigation associated with the August 2021 cyberattack, of $293 million, net of tax, for the year ended December 31, 2022.",10-K,0001283699-23-000016
2023-04-27,charge,"$50 million | During the three months ended March 31, 2023, we recognized $50 million in reimbursements from insurance carriers for costs incurred related to the August 2021 cyberattack.",10-Q,0001283699-23-000087
2023-04-27,charge,"$ 11,862; $ 11,201; $ 661 | While we have made progress to date, we plan to continue to make substantial investments to strengthen our cybersecurity program in future periods. 31 Table of Contents Results of Operations Set forth below is a summary of our consolidated financial results: Three Months Ended March 31, Change (in m",10-Q,0001283699-23-000087
2023-04-27,charge,"$ 50 million | During the three months ended March 31, 2023, we recognized $ 50 million in reimbursements from insurance carriers for costs incurred related to the August 2021 cyberattack, which is included as a reduction to Selling, general 23 Index for Notes to the Condensed Consolidated Financial Statements and",10-Q,0001283699-23-000087
2023-04-27,incident_passage_first,"(2) Legal-related recoveries, net, consists of the settlement of certain litigation associated with the August 2021 cyberattack and is presented net of insurance recoveries.",10-Q,0001283699-23-000087
2023-04-27,incident_passage_first,"During the three months ended March 31, 2023, we recognized $ 50 million in reimbursements from insurance carriers for costs incurred related to the August 2021 cyberattack, which is included as a reduction to Selling, general 23 Index for Notes to the Condensed Consolidated Financial Statements and",10-Q,0001283699-23-000087
2023-04-27,incident_passage_first,"In connection with the January 2023 cyberattack, we became subject to consumer class actions and regulatory inquires, to which we will respond in due course and may incur significant expenses.",10-Q,0001283699-23-000087
2023-04-27,incident_passage_first,"If we fail to protect Confidential Information or to prevent operational disruptions from future cyberattacks, there may be a material adverse effect on our business, reputation, financial condition, cash flows, and operating results. 47 Table of Contents Item 2.",10-Q,0001283699-23-000087
2023-04-27,incident_passage_first,"During the three months ended March 31, 2023, we recognized $50 million in reimbursements from insurance carriers for costs incurred related to the August 2021 cyberattack.",10-Q,0001283699-23-000087
2023-04-27,incident_passage_first,"As a result of the August 2021 cyberattack and the January 2023 cyberattack, we have incurred and may continue to incur significant costs or experience other material financial impacts, which may not be covered by, or may exceed the coverage limits of, our cyber liability insurance, and such costs a",10-Q,0001283699-23-000087
2023-04-27,incident_passage_first,"We are subject to persistent cyberattacks and threats to our business from a variety of bad actors, many of whom attempt to gain unauthorized access to and compromise Confidential Information and Systems.",10-Q,0001283699-23-000087
2023-04-27,incident_passage_first,"In other cases, these bad actors may obtain unauthorized access to Confidential Information utilizing credentials taken from our customers, employees, or third-party providers through credential harvesting, social engineering or other means.",10-Q,0001283699-23-000087
2023-04-27,incident_passage_first,"We have incurred certain 46 Table of Contents cyberattack-related expenses, including costs to remediate the attack, provide additional customer support and enhance customer protection, and expect to incur additional expense in future periods resulting from the attack.",10-Q,0001283699-23-000087
2023-04-27,incident_passage_first,"We have experienced criminal cyberattacks and could in the future be further harmed by disruption, data loss or other security breaches, whether directly or indirectly through third parties whose products and services we rely on in operating our business.",10-Q,0001283699-23-000087
2023-04-28,committee_cyber_mention,"first proxy mention: Nominating and Corporate Governance Committee x ""data security"": The Nominating and Corporate Governance Committee discusses with management the Company’s privacy and data security, including cybersecurity, risk exposures, policies, and practices, including the steps management has taken to detect, monitor and control such risks.",DEF 14A,0001193125-23-126842
2023-04-28,comp_statement,"CD&A pay-linked sentence (first of 1 proxies): PROXY STATEMENT 2023 47 Table of Contents Executive Compensation Metric Weight Minimum Performance (in millions) Target Performance (in millions) Maximum Performance (in millions) Actual Performance (in millions) Achievement US GAAP Service Revenue 20% $56,917 $59,917 $60,667 $61,323 200 % Total Net",DEF 14A,0001193125-23-126842
2023-04-28,proxy_controlled_status,"controlled-company sentences 1; holders named with % in those sentences: Deutsche Telekom, SoftBank; % stated: 0.4%, 3.3%, 54.0%",DEF 14A,0001193125-23-126842
2023-07-27,charge,"$ 12,070; $ 11,445; $ 625; $ 23,932; $ 22,646; $ 1,286 | While we have made progress to date, we plan to continue to make substantial investments to strengthen our cybersecurity program in future periods. 32 Table of Contents Results of Operations Set forth below is a summary of our consolidated financial results: Three Months Ended June 30, Change Six Mo",10-Q,0001283699-23-000134
2023-07-27,charge,"$50 million | During the six months ended June 30, 2023, we recognized $50 million in reimbursements from insurance carriers for costs incurred related to the August 2021 cyberattack.",10-Q,0001283699-23-000134
2023-07-27,incident_passage_first,"Legal-related expenses, net, including the impact of the settlement of certain litigation associated with the August 2021 cyberattack, of $300 million for the three and six months ended June 30, 2022, compared to Legal-related recoveries, net, of $32 million for the six months ended June 30, 2023.",10-Q,0001283699-23-000134
2023-07-27,incident_passage_first,"Lower legal-related expenses, primarily driven by the settlement of certain litigation associated with the August 2021 cyberattack of $400 million during the six months ended June 30, 2022; and",10-Q,0001283699-23-000134
2023-07-27,incident_passage_first,"In response to the recent cyberattacks and increasing cybersecurity threats, we have significantly increased our focus on enhancing our cybersecurity practices with a substantial multi-year investment.",10-Q,0001283699-23-000134
2023-07-27,incident_passage_first,"During the six months ended June 30, 2023, we recognized $50 million in reimbursements from insurance carriers for costs incurred related to the August 2021 cyberattack.",10-Q,0001283699-23-000134
2023-07-27,incident_passage_first,"In connection with the January 2023 cyberattack, we became subject to consumer class actions and regulatory inquires, to which we will continue to respond in due course and may incur significant expenses.",10-Q,0001283699-23-000134
2023-07-27,incident_passage_first,"Lower legal-related expenses, primarily driven by the settlement of certain litigation associated with the August 2021 cyberattack of $400 million during the three months ended June 30, 2022;",10-Q,0001283699-23-000134
2023-07-27,incident_passage_first,"We anticipate that this settlement of the class action, along with other settlements of separate consumer claims that have been previously completed or are currently pending, will resolve substantially all of the claims brought to date by our current, former and prospective customers who were impact",10-Q,0001283699-23-000134
2023-07-27,incident_passage_first,"We anticipate that, upon exhaustion of any appeals, the settlement will provide a full release of all claims arising out of the August 2021 cyberattack by class members who do not opt out, against all defendants, including us, our subsidiaries and affiliates, and our directors and officers.",10-Q,0001283699-23-000134
2023-07-27,incident_passage_first,"(2) Legal-related expenses (recoveries), net, consists of the settlement of certain litigation associated with the August 2021 cyberattack and is presented net of insurance recoveries.",10-Q,0001283699-23-000134
2023-07-27,incident_passage_first,"We also expect that threat actors will continue to gain sophistication including in the use of tools and techniques (such as artificial intelligence) that are specifically designed to circumvent security controls, evade detection, and obfuscate forensic evidence, making it more challenging for us to",10-Q,0001283699-23-000134
2023-07-27,incident_passage_first,"In addition, in connection with the January 2023 cyberattack, we have received notices of consumer class actions and regulatory inquires, to which we will continue to respond in due course.",10-Q,0001283699-23-000134
2023-07-27,incident_passage_first,"As a result of the August 2021 cyberattack and the January 2023 cyberattack, we have incurred and may continue to incur significant costs or experience other material financial impacts, which may not be covered by, or may exceed the coverage 52 Table of Contents limits of, our cyber liability insura",10-Q,0001283699-23-000134
2023-07-27,incident_passage_first,"In connection with the proposed class action settlement and the separate settlements, we recorded a total pre-tax charge of approximately $ 400 million in the second quarter of 2022. 24 Index for Notes to the Condensed Consolidated Financial Statements During the six months ended June 30, 2023, we r",10-Q,0001283699-23-000134
2023-07-27,settlement,"$ 400 million; $ 50 million | In connection with the proposed class action settlement and the separate settlements, we recorded a total pre-tax charge of approximately $ 400 million in the second quarter of 2022. 24 Index for Notes to the Condensed Consolidated Financial Statements During the six months ended June 30, 2023, we r",10-Q,0001283699-23-000134
2023-07-27,settlement,"$400 million | Lower legal-related expenses, primarily driven by the settlement of certain litigation associated with the August 2021 cyberattack of $400 million during the six months ended June 30, 2022; and",10-Q,0001283699-23-000134
2023-07-27,settlement,"$300 million; $32 million | Legal-related expenses, net, including the impact of the settlement of certain litigation associated with the August 2021 cyberattack, of $300 million for the three and six months ended June 30, 2022, compared to Legal-related recoveries, net, of $32 million for the six months ended June 30, 2023.",10-Q,0001283699-23-000134
2023-07-27,settlement,"$400 million | Lower legal-related expenses, primarily driven by the settlement of certain litigation associated with the August 2021 cyberattack of $400 million during the three months ended June 30, 2022;",10-Q,0001283699-23-000134
2023-10-25,charge,"$ 50 million | During each of the nine months ended September 30, 2023 and 2022, we recognized $ 50 million in reimbursements from insurance carriers for costs incurred related to the August 2021 cyberattack, which is included as a reduction to Selling, general and administrative expenses on our Condensed Consolid",10-Q,0001283699-23-000151
2023-10-25,charge,"$ 12,288; $ 11,548; $ 740; $ 36,220; $ 34,194; $ 2,026 | While we have made progress to date, we plan to continue to make substantial investments to strengthen our cybersecurity program in future periods. 33 Table of Contents Results of Operations Set forth below is a summary of our consolidated financial results: Three Months Ended September 30, Change N",10-Q,0001283699-23-000151
2023-10-25,charge,"$50 million | During the nine months ended September 30, 2023, we recognized $50 million in reimbursements from insurance carriers for costs incurred related to the August 2021 cyberattack.",10-Q,0001283699-23-000151
2023-10-25,incident_passage_first,"During the nine months ended September 30, 2023, we recognized $50 million in reimbursements from insurance carriers for costs incurred related to the August 2021 cyberattack.",10-Q,0001283699-23-000151
2023-10-25,incident_passage_first,"Lower legal-related expenses, including $400 million recognized in June 2022 associated with the settlement of certain litigation resulting from the August 2021 cyberattack; and",10-Q,0001283699-23-000151
2023-10-25,incident_passage_first,"Legal-related recoveries, net, associated with the settlement of certain litigation resulting from the August 2021 cyberattack, of $32 million for the nine months ended September 30, 2023, compared to $14 million in Legal-related recoveries, net, and $286 million in Legal-related expenses, net, for ",10-Q,0001283699-23-000151
2023-10-25,incident_passage_first,"There was no Legal-related expenses or recoveries for the three months ended September 30, 2023, associated with the August 2021 cyberattack.",10-Q,0001283699-23-000151
2023-10-25,incident_passage_first,"Risks Related to Our Business We have experienced criminal cyberattacks and could in the future be further harmed by disruption, data loss or other security breaches, whether directly or indirectly through third parties whose products and services we rely on in operating our business.",10-Q,0001283699-23-000151
2023-10-25,incident_passage_first,"In August 2021, we disclosed that our systems were subject to a criminal cyberattack that compromised certain data of millions of our current customers, former customers, and prospective customers, including, in some instances, social security numbers, 53 Table of Contents names, addresses, dates of",10-Q,0001283699-23-000151
2023-10-25,incident_passage_first,"During each of the nine months ended September 30, 2023 and 2022, we recognized $ 50 million in reimbursements from insurance carriers for costs incurred related to the August 2021 cyberattack, which is included as a reduction to Selling, general and administrative expenses on our Condensed Consolid",10-Q,0001283699-23-000151
2023-10-25,settlement,"$32 million; $14 million; $286 million | Legal-related recoveries, net, associated with the settlement of certain litigation resulting from the August 2021 cyberattack, of $32 million for the nine months ended September 30, 2023, compared to $14 million in Legal-related recoveries, net, and $286 million in Legal-related expenses, net, for ",10-Q,0001283699-23-000151
2023-10-25,settlement,"$400 million | Lower legal-related expenses, including $400 million recognized in June 2022 associated with the settlement of certain litigation resulting from the August 2021 cyberattack; and",10-Q,0001283699-23-000151
2024-02-02,charge,"$ 50 million; $ 100 million | During the years ended December 31, 2023 and 2022, we recognized $ 50 million and $ 100 million, respectively, in reimbursements from insurance carriers for costs incurred related to the August 2021 cyberattack, which is included as a reduction to Selling, general and administrative expense on our C",10-K,0001283699-24-000008
2024-02-02,incident_passage_first,"We have experienced criminal cyberattacks and are vulnerable to disruption, data loss and other security breaches, whether directly or indirectly through third parties whose products and services we rely on in operating our business.",10-K,0001283699-24-000008
2024-02-02,incident_passage_first,"Since 2020, a number of states have enacted new, comprehensive privacy laws that create new data privacy rights for residents of those states and new compliance obligations for us and the industry in general, in addition to private rights of action for certain types of data breaches.",10-K,0001283699-24-000008
2024-02-02,incident_passage_first,"We cannot provide any assurances that actions taken by us, or our third-party providers, including through our cybersecurity programs or policies, will adequately repel a significant cyberattack or prevent or substantially mitigate the impacts of cybersecurity breaches or misuses of Confidential Inf",10-K,0001283699-24-000008
2024-02-02,incident_passage_first,"Additionally, we do not have control of the cybersecurity systems, breach prevention, and response protocols of our third-party providers, including through our cybersecurity programs or policies.",10-K,0001283699-24-000008
2024-02-02,incident_passage_first,"In addition to the August 2021 cyberattack and the January 2023 cyberattack, we have experienced other unrelated non-material incidents involving unauthorized access to certain Confidential Information and Systems.",10-K,0001283699-24-000008
2024-02-02,incident_passage_first,"Cyberattacks against companies like ours have increased in frequency and scope of potential harm over time, and the methods used to gain unauthorized access constantly evolve, making it increasingly difficult to anticipate, prevent, and detect incidents successfully in every instance.",10-K,0001283699-24-000008
2024-02-02,incident_passage_first,"In other cases, these bad actors may obtain unauthorized access to Confidential Information by exploiting insider access or utilizing log in credentials taken from our customers, employees, or third-party providers through credential harvesting, social engineering or other means.",10-K,0001283699-24-000008
2024-02-02,incident_passage_first,"For additional details regarding the impact of both cybersecurity incidents, see Note 17 – Commitments and Contingencies of the Notes to the Consolidated Financial Statements.",10-K,0001283699-24-000008
2024-02-02,incident_passage_first,"Lower legal-related expenses, including from the impact of $400 million recognized in June 2022 associated with the settlement of certain litigation resulting from the August 2021 cyberattack;",10-K,0001283699-24-000008
2024-02-02,incident_passage_first,"During the years ended December 31, 2023 and 2022, we recognized $ 50 million and $ 100 million, respectively, in reimbursements from insurance carriers for costs incurred related to the August 2021 cyberattack, which is included as a reduction to Selling, general and administrative expense on our C",10-K,0001283699-24-000008
2024-02-02,incident_passage_first,"Ongoing legal and other costs related to these proceedings and inquiries, as well as any potential future proceedings and inquiries related to the August 2021 cyberattack and the January 2023 cyberattack, may be substantial, and losses associated with any adverse judgments, settlements, penalties or",10-K,0001283699-24-000008
2024-02-02,incident_passage_first,"We have also received inquiries from various government agencies, law enforcement and other governmental authorities related to the August 2021 cyberattack, which could result in substantial fines or penalties.",10-K,0001283699-24-000008
2024-02-02,incident_passage_first,"See “Risk Factors – We have experienced criminal cyberattacks and could in the future be further harmed by disruption, data loss or other security breaches, whether directly or indirectly through third parties whose products and services we rely on in operating our business .” Governance Disclosure ",10-K,0001283699-24-000008
2024-02-02,incident_passage_first,"In January 2023, we experienced another cybersecurity incident that also resulted in consumer class actions and regulatory inquires.",10-K,0001283699-24-000008
2024-02-02,incident_passage_first,"Cybersecurity Incident Impact As previously disclosed, in August 2021, we experienced a cybersecurity incident that resulted in numerous lawsuits, including mass arbitration claims and multiple class action lawsuits.",10-K,0001283699-24-000008
2024-02-02,incident_passage_first,"Legal-related recoveries, net, associated with the settlement of certain litigation resulting from the August 2021 cyberattack, of $32 million for the year ended December 31, 2023, compared to $293 million in Legal-related expenses, net, for the year ended December 31, 2022.",10-K,0001283699-24-000008
2024-02-02,item1c_ciso,"As part of management’s oversight of cybersecurity, our Chief Security Officer (“CSO”) presents on our cybersecurity practices to the Nominating and Corporate Governance Committee of our Board of Directors (the “NCG Committee”) and to our full Board of Directors on a periodic basis.",10-K,0001283699-24-000008
2024-02-02,item1c_ciso,"As the Company’s CSO, Jeff Simon has extensive experience in risk management and information security, including serving as the Chief Information Security Officer at Fidelity National Information Services, Inc.",10-K,0001283699-24-000008
2024-02-02,settlement,"$32 million; $293 million | Legal-related recoveries, net, associated with the settlement of certain litigation resulting from the August 2021 cyberattack, of $32 million for the year ended December 31, 2023, compared to $293 million in Legal-related expenses, net, for the year ended December 31, 2022.",10-K,0001283699-24-000008
2024-02-02,settlement,"$400 million | Lower legal-related expenses, including from the impact of $400 million recognized in June 2022 associated with the settlement of certain litigation resulting from the August 2021 cyberattack;",10-K,0001283699-24-000008
2024-04-26,charge,"$ 50 million | During the three months ended March 31, 2023, we recognized $ 50 million in reimbursements from insurance carriers for costs incurred related to the August 2021 cyberattack, which is included as a reduction to Selling, general and administrative expenses on our Condensed Consolidated Statements of C",10-Q,0001283699-24-000065
2024-04-26,incident_passage_first,"In connection with the January 2023 cyberattack, we became subject to consumer class actions and regulatory inquiries, to which we will continue to respond in due course and may incur significant expenses.",10-Q,0001283699-24-000065
2024-04-26,incident_passage_first,"During the three months ended March 31, 2023, we recognized $ 50 million in reimbursements from insurance carriers for costs incurred related to the August 2021 cyberattack, which is included as a reduction to Selling, general and administrative expenses on our Condensed Consolidated Statements of C",10-Q,0001283699-24-000065
2024-04-26,proxy_controlled_status,"controlled-company sentences 1; holders named with % in those sentences: Deutsche Telekom, SoftBank; % stated: 57.9%, 7.8%",DEF 14A,0001193125-24-117940
2024-07-31,charge,"$ 50 million | During the six months ended June 30, 2023, we recognized $ 50 million in reimbursements from insurance carriers for costs incurred related to the August 2021 cyberattack, which is included as a reduction to Selling, general and administrative expenses on our Condensed Consolidated Statements of Comp",10-Q,0001283699-24-000111
2024-07-31,incident_passage_first,"Sievert et al., Case No. 2022-0819-SG, against our current directors and certain of our former 28 Index for Notes to the Condensed Consolidated Financial Statements directors, alleging claims for breach of fiduciary duty relating to the Company’s cybersecurity practices.",10-Q,0001283699-24-000111
2024-07-31,incident_passage_first,"During the six months ended June 30, 2023, we recognized $ 50 million in reimbursements from insurance carriers for costs incurred related to the August 2021 cyberattack, which is included as a reduction to Selling, general and administrative expenses on our Condensed Consolidated Statements of Comp",10-Q,0001283699-24-000111
2024-07-31,incident_passage_first,"(3) Legal-related expenses (recoveries), net, consists of the settlement of certain litigation associated with the August 2021 cyberattack and is presented net of insurance recoveries.",10-Q,0001283699-24-000111
2024-10-23,charge,"$ 50 million | During the nine months ended September 30, 2023, we recognized $ 50 million in reimbursements from insurance carriers for costs incurred related to the August 2021 cyberattack, which is included as a reduction to Selling, general and administrative expenses on our Condensed Consolidated Statements o",10-Q,0001283699-24-000142
2024-10-23,incident_passage_first,"During the nine months ended September 30, 2023, we recognized $ 50 million in reimbursements from insurance carriers for costs incurred related to the August 2021 cyberattack, which is included as a reduction to Selling, general and administrative expenses on our Condensed Consolidated Statements o",10-Q,0001283699-24-000142
2024-10-23,incident_passage_first,"Our forensic investigation is complete, and we believe we have a full view of the data compromised. 29 Index for Notes to the Condensed Consolidated Financial Statements As a result of the August 2021 cyberattack, we have become subject to numerous lawsuits, including mass arbitration claims and mul",10-Q,0001283699-24-000142
2024-10-23,incident_passage_first,"We also anticipate that the settlement will provide a full release of all claims arising out of the August 2021 cyberattack by class members who do not opt out, against all defendants, including us, our subsidiaries and affiliates, and our directors and officers.",10-Q,0001283699-24-000142
2025-01-31,charge,"$ 105 million; $ 50 million; $ 100 million | During the years ended December 31, 2024, 2023 and 2022, we recognized $ 105 million, $ 50 million and $ 100 million, respectively, in reimbursements from insurance carriers for costs incurred related to the August 2021 cyberattack, which is included as a reduction to Selling, general and administra",10-K,0001283699-25-000012
2025-01-31,incident_passage_first,"In other cases, these bad actors obtain unauthorized access to Confidential Information by exploiting insider access or utilizing log in credentials taken from our customers, employees, or third-party providers through credential harvesting, social engineering or other means.",10-K,0001283699-25-000012
2025-01-31,incident_passage_first,"We also expect that threat actors will continue to gain sophistication including in the use of tools and techniques (such as AI) that are specifically designed to circumvent security controls, evade detection, and obfuscate forensic evidence, making it more challenging for us to identify, investigat",10-K,0001283699-25-000012
2025-01-31,incident_passage_first,"In addition to the August 2021 cyberattack and the January 2023 cyberattack, we have experienced unrelated non-material incidents involving unauthorized access to certain Confidential Information and Systems.",10-K,0001283699-25-000012
2025-01-31,incident_passage_first,"We cannot provide any assurances that actions taken by us, or our third-party providers, including through our cybersecurity programs or policies, will adequately repel a significant cyberattack or prevent or substantially mitigate the impacts of cybersecurity breaches or misuses of Confidential Inf",10-K,0001283699-25-000012
2025-01-31,incident_passage_first,"Our procedures and safeguards to prevent unauthorized access to Confidential Information and to defend against cyberattacks seeking to disrupt our operations must be continually evaluated and enhanced to address the ever-evolving threat landscape and changing cybersecurity regulations, including whi",10-K,0001283699-25-000012
2025-01-31,incident_passage_first,"In other cases, the incidents have involved unauthorized access to certain of our customers’ private information, including payment information, financial data, social security numbers or passwords, and our intellectual property.",10-K,0001283699-25-000012
2025-01-31,incident_passage_first,"Cyberattacks against companies like ours are increasing in frequency and scope of potential harm over time, and the methods used to gain unauthorized access constantly evolve, making it increasingly difficult to anticipate, prevent, and detect incidents successfully in every instance.",10-K,0001283699-25-000012
2025-01-31,incident_passage_first,"Additionally, our Systems include components from third parties or fourth parties we do not control and may have compromises, defects, flaws, or design errors unknown to us. 13 Table of Contents As a result of the previously disclosed cyberattacks in August 2021 and January 2023, we incurred signifi",10-K,0001283699-25-000012
2025-01-31,incident_passage_first,"These third-party providers have experienced, and will continue to experience cyberattacks that involve attempts to expose our Confidential Information and/or to create operational risk that could materially and adversely affect our business, and these providers also face other security challenges c",10-K,0001283699-25-000012
2025-01-31,incident_passage_first,"They are perpetrated by a variety of groups and persons, including nation state-sponsored parties, malicious actors, employees, contractors, or other unrelated third parties.",10-K,0001283699-25-000012
2025-01-31,incident_passage_first,"For additional details regarding the impact of both cybersecurity incidents, see Note 1 8 – Commitments and Contingencies of the Notes to the Consolidated Financial Statements.",10-K,0001283699-25-000012
2025-01-31,incident_passage_first,"We have experienced criminal cyberattacks and may experience disruption, data loss and other security breaches, whether directly or indirectly through third parties whose products and services we rely on in operating our business.",10-K,0001283699-25-000012
2025-01-31,incident_passage_first,"Since 2020, more than a dozen states have enacted new, comprehensive privacy laws that create new data privacy rights for residents of those states and new compliance obligations for us and the industry in general, in addition to private rights of action for certain types of data breaches.",10-K,0001283699-25-000012
2025-01-31,incident_passage_first,"We have also received inquiries and contested legal proceedings from various government agencies, law enforcement and other governmental authorities related to the August 2021 cyberattack, which could result in substantial fines or penalties.",10-K,0001283699-25-000012
2025-01-31,incident_passage_first,"During the years ended December 31, 2024, 2023 and 2022, we recognized $ 105 million, $ 50 million and $ 100 million, respectively, in reimbursements from insurance carriers for costs incurred related to the August 2021 cyberattack, which is included as a reduction to Selling, general and administra",10-K,0001283699-25-000012
2025-01-31,incident_passage_first,"The settlement provides a full release of all claims arising out of the August 2021 cyberattack by class members who did not opt out, against all defendants, including us, our subsidiaries and affiliates, and our directors and officers.",10-K,0001283699-25-000012
2025-01-31,incident_passage_first,"(3) Legal-related (recoveries) expenses, net, consists of the settlement of certain litigation associated with the August 2021 cyberattack and is presented net of insurance recoveries.",10-K,0001283699-25-000012
2025-01-31,incident_passage_first,"In January 2023, we experienced another cybersecurity incident that also resulted in consumer class actions and regulatory inquiries.",10-K,0001283699-25-000012
2025-01-31,incident_passage_first,We are subject to persistent cyberattacks and threats to our business from bad actors seeking to gain unauthorized access to Confidential Information and compromise Systems to undermine availability or integrity.,10-K,0001283699-25-000012
2025-01-31,item1c_ciso,"As part of management’s oversight of cybersecurity, our Chief Security Officer (“CSO”) presents on our cybersecurity practices to the Nominating and Corporate Governance Committee of our Board of Directors (the “NCG Committee”) and to our full Board of Directors on a periodic basis.",10-K,0001283699-25-000012
2025-01-31,item1c_ciso,"As the Company’s CSO, Jeff Simon has extensive experience in risk management and information security, including serving as the Chief Information Security Officer at Fidelity National Information Services, Inc.",10-K,0001283699-25-000012
2025-04-18,proxy_controlled_status,"controlled-company sentences 1; holders named with % in those sentences: Deutsche Telekom, SoftBank; % stated: 58.9%, 7.5%",DEF 14A,0001193125-25-085753
2025-04-24,incident_passage_first,"We are unable to predict the potential outcome of these claims. 28 Index for Notes to the Condensed Consolidated Financial Statements On August 12, 2021, we became aware of a cybersecurity issue involving unauthorized access to T-Mobile’s systems (the “August 2021 cyberattack”).",10-Q,0001283699-25-000079
2025-04-24,incident_passage_first,We are unable at this time to predict whether we may be subject to further private litigation relating to the August 2021 cyberattack or the Company’s cybersecurity practices.,10-Q,0001283699-25-000079
2025-04-24,incident_passage_first,"(3) Legal-related expenses, net, consists of the settlement of certain litigation and compliance costs associated with the August 2021 cyberattack and is presented net of insurance recoveries.",10-Q,0001283699-25-000079
2025-07-23,incident_passage_first,"(4) Legal-related expenses, net, consists of the settlement of certain litigation and compliance costs associated with the August 2021 cyberattack and is presented net of insurance recoveries.",10-Q,0001283699-25-000117
2025-07-23,incident_passage_first,"Sievert, et al., Case No. 2022-0819-SG, against our current directors and certain of our former directors, alleging claims for breach of fiduciary duty relating to the Company’s cybersecurity practices.",10-Q,0001283699-25-000117
2025-07-23,incident_passage_first,"We are unable to predict the potential outcome of these claims. 31 Index for Notes to the Condensed Consolidated Financial Statements On August 12, 2021, we became aware of a cybersecurity issue involving unauthorized access to T-Mobile’s systems (the “August 2021 cyberattack”).",10-Q,0001283699-25-000117
2026-02-11,charge,"$ 105 million; $ 50 million | During the years ended December 31, 2024 and 2023, we recognized $ 105 million and $ 50 million, respectively, in reimbursements from insurance carriers for costs incurred related to the August 2021 cyberattack, which is included as a reduction to Selling, general and administrative expenses on our ",10-K,0001283699-26-000010
2026-02-11,incident_passage_first,"In other cases, these bad actors obtain unauthorized access to Confidential Information by exploiting insider access or utilizing login credentials taken from our customers, employees, or third-party providers through credential harvesting, social engineering or other means.",10-K,0001283699-26-000010
2026-02-11,incident_passage_first,"We also expect that threat actors will continue to gain sophistication including in the use of tools and techniques (such as AI) that are specifically designed to circumvent security controls, evade detection, and obfuscate forensic evidence, making it more challenging to identify, investigate, and ",10-K,0001283699-26-000010
2026-02-11,incident_passage_first,"In addition to the August 2021 cyberattack and the January 2023 cyberattack, we have experienced unrelated, non-material incidents involving unauthorized access to certain Confidential Information and Systems.",10-K,0001283699-26-000010
2026-02-11,incident_passage_first,"We have experienced cyberattacks and may experience disruptions, data loss and other security breaches, whether directly or indirectly through third parties whose products and services we rely on in operating our business.",10-K,0001283699-26-000010
2026-02-11,incident_passage_first,"As a result of the previously disclosed cyberattacks in August 2021 and January 2023, we incurred significant costs in connection with, among other things, responding to and resolving mass arbitration claims, multiple class action lawsuits, and an FCC investigation.",10-K,0001283699-26-000010
2026-02-11,incident_passage_first,"These third-party providers have experienced, and will continue to experience, cyberattacks that involve attempts to access our Confidential Information and/or to create operational risk that could materially and adversely affect our business, and these providers also face other security challenges ",10-K,0001283699-26-000010
2026-02-11,incident_passage_first,"Moreover, the amount and scope of insurance that we maintain against losses resulting from any such incidents or security breaches may not be sufficient to cover our losses or otherwise adequately compensate us for any disruptions to our business that may result.",10-K,0001283699-26-000010
2026-02-11,incident_passage_first,"They are perpetrated by a variety of 12 Table of Contents groups and persons, including nation state-sponsored parties, malicious actors, employees, contractors, and other third parties.",10-K,0001283699-26-000010
2026-02-11,incident_passage_first,"During the years ended December 31, 2024 and 2023, we recognized $ 105 million and $ 50 million, respectively, in reimbursements from insurance carriers for costs incurred related to the August 2021 cyberattack, which is included as a reduction to Selling, general and administrative expenses on our ",10-K,0001283699-26-000010
2026-02-11,incident_passage_first,"If we fail to protect Confidential Information or to prevent operational disruptions from future cyberattacks, there may be a material adverse effect on our business, reputation, financial condition, cash flows, and operating results. 13 Table of Contents If we fail to adopt and deploy emerging netw",10-K,0001283699-26-000010
2026-02-11,incident_passage_first,"(3) Legal-related expenses (recoveries), net, consists of the settlement of certain litigation and compliance costs associated with the August 2021 cyberattack and is presented net of insurance recoveries.",10-K,0001283699-26-000010
2026-02-11,incident_passage_first,"See “Risk Factors – We have experienced cyberattacks and could in the future be further harmed by disruption, data loss or other security breaches, whether directly or indirectly through third parties whose products and services we rely on in operating our business .” Governance Disclosure of Manage",10-K,0001283699-26-000010
2026-02-11,incident_passage_first,"For additional details regarding the impact of both cybersecurity incidents, see Note 18 – Commitments and Contingencies of the Notes to the Consolidated Financial Statements. 25 Table of Contents We have not identified other known risks from previous cybersecurity threats that have materially affec",10-K,0001283699-26-000010
2026-02-11,incident_passage_first,"cyberattacks, disruptions, data loss or other security breaches;",10-K,0001283699-26-000010
2026-02-11,item1c_ciso,"See “Risk Factors – We have experienced cyberattacks and could in the future be further harmed by disruption, data loss or other security breaches, whether directly or indirectly through third parties whose products and services we rely on in operating our business .” Governance Disclosure of Manage",10-K,0001283699-26-000010
2026-02-11,item1c_ciso,"Mark Clancy, our Senior Vice President, Cybersecurity , under the direction of the Chief Information Officer, is responsible for overseeing the cybersecurity organization and promoting a security-centric culture throughout our business and operational functions.",10-K,0001283699-26-000010
2026-02-11,item1c_ciso,"The Senior Vice President, Cybersecurity, oversees the cyber risk management function, which identifies cybersecurity threats, assesses cybersecurity risks and supports the Chief Information Officer and the Company in managing such risks.",10-K,0001283699-26-000010
2026-02-11,item1c_ciso,"As the Company’s Chief Information Officer, Jeff Simon has extensive experience in risk management and information security, including serving as the Chief Information Security Officer at Fidelity National Information Services, Inc.",10-K,0001283699-26-000010
2026-02-11,item1c_ciso,"The Enterprise Risk & Compliance Committee is chaired by the Chief Financial Officer of the Company, with the Chief Legal Officer and General Counsel as the co-chair and comprises core members including the Chief Information Officer, while the Senior Vice President, Cybersecurity, serves in an advis",10-K,0001283699-26-000010
2026-02-11,item1c_ciso,"Specific to cybersecurity, the Chief Information Officer and the Senior Vice President, Cybersecurity, have the expertise to provide insights into the nature of cyber threats, the Company’s readiness, and actions taken to mitigate such risks.",10-K,0001283699-26-000010
2026-02-11,item1c_ciso,"Additionally, our Chief Information Officer and Senior Vice President, Cybersecurity, report on cybersecurity to the full Board.",10-K,0001283699-26-000010
2026-04-27,committee_cyber_mention,"first proxy mention: Nominating, Corporate Governance and Compliance Committee x ""cybersecurity"": Nominating, Corporate Governance and Compliance Committee The Nominating, Corporate Governance and Compliance Committee oversees Board process and corporate governance-related risks, management of compliance risks, risks related to our corporate social responsibility and sustainability practices, an",DEF 14A,0001193125-26-181884
2026-04-27,committee_cyber_mention,"first proxy mention: Nominating, Corporate Governance and Compliance Committee x ""data security"": The Chief Information Officer, Chief Security Officer and Chief Privacy Officer provide periodic reports to the Nominating, Corporate Governance and Compliance Committee on the Company’s artificial intelligence risk and governance, privacy and data security, including cybersecurity, risk exposures, ",DEF 14A,0001193125-26-181884
2026-04-27,committee_cyber_mention,"first proxy mention: Nominating, Corporate Governance and Compliance Committee x ""information security"": Nominating, Corporate Governance and Compliance Committee The Nominating, Corporate Governance and Compliance Committee oversees Board process and corporate governance-related risks, management of compliance risks, risks related to our corporate social responsibility and sustainability practices, an",DEF 14A,0001193125-26-181884
2026-04-27,committee_cyber_mention,"first proxy mention: Nominating, Corporate Governance and Compliance Committee x ""privacy"": Nominating, Corporate Governance and Compliance Committee The Nominating, Corporate Governance and Compliance Committee oversees Board process and corporate governance-related risks, management of compliance risks, risks related to our corporate social responsibility and sustainability practices, an",DEF 14A,0001193125-26-181884
2026-04-27,comp_statement,"CD&A pay-linked sentence (first of 1 proxies): Freier), each such Named Executive Officer’s annual base salary and target grant-date value of annual long-term incentive (“LTI”) awards will be determined based on specific percentiles in the range of comparative data as set forth in their respective employment arrangements with the Company, which ",DEF 14A,0001193125-26-181884
2026-04-27,proxy_controlled_status,controlled-company sentences 1; holders named with % in those sentences: Deutsche Telekom; % stated: 54.5%,DEF 14A,0001193125-26-181884
2026-04-28,incident_passage_first,"(2) Legal-related expenses, net, consists of the settlement of certain litigation and compliance costs associated with the August 2021 cyberattack and is presented net of insurance recoveries.",10-Q,0001283699-26-000063
2026-04-28,incident_passage_first,"They are perpetrated by a variety of groups and persons, including nation state-sponsored parties, malicious actors, employees, contractors, and other third parties.",10-Q,0001283699-26-000063
2026-04-28,incident_passage_first,We are subject to persistent cyberattacks and threats to our business from bad actors seeking to gain unauthorized access to Confidential Information and to compromise Systems.,10-Q,0001283699-26-000063
2026-04-28,incident_passage_first,"Our procedures and safeguards to prevent unauthorized access to Confidential Information and to defend against cyberattacks seeking to disrupt our operations must be continually evaluated and enhanced to address the ever-evolving threat landscape and changing cybersecurity regulations, including whi",10-Q,0001283699-26-000063
2026-04-28,incident_passage_first,"We expect threat actors to continue to increase in sophistication, including through the use of increasingly advanced AI tools, which may accelerate the identification and exploitation of vulnerabilities, enable evasion of security controls, and reduce the time between discovery and attempted exploi",10-Q,0001283699-26-000063
2026-04-28,incident_passage_first,"In other cases, the incidents have involved unauthorized access to certain of our customers’ private information, including payment information, financial data, Social Security numbers or passwords, and our intellectual 52 Table of Contents property.",10-Q,0001283699-26-000063
2026-04-28,incident_passage_first,"These dynamics may heighten our exposure to cybersecurity incidents and related adverse impacts on our business, reputation, financial condition, and operating results.",10-Q,0001283699-26-000063
2026-07-23,incident_passage_first,"(2) Legal-related expenses (recoveries), net, consists of the settlement of certain litigation and compliance costs associated with the August 2021 cyberattack, net of insurance recoveries.",10-Q,0001283699-26-000101
2026-07-23,incident_passage_first,"In other cases, the incidents have involved unauthorized access to certain of our customers’ private information, including payment information, financial data, Social Security numbers or passwords, and our intellectual 57 Table of Contents property.",10-Q,0001283699-26-000101
2026-07-23,incident_passage_first,"We anticipate that this settlement of the class action, along with other settlements of separate consumer claims that have been previously completed or are currently pending, will resolve substantially all of the claims brought to date by our current, former 29 Index for Notes to the Condensed Conso",10-Q,0001283699-26-000101
