cik,ticker,company_name,company_name_normalized
1750,AIR,AAR CORP,aar
1800,ABT,ABBOTT LABORATORIES,abbott laboratories
2098,ACU,ACME UNITED CORP,acme united
2186,BKTI,BK Technologies Corp,bk technologies
2230,ADX,"ADAMS DIVERSIFIED EQUITY FUND, INC.",adams diversified equity fund
2488,AMD,ADVANCED MICRO DEVICES INC,advanced micro devices
2809,AEM,AGNICO EAGLE MINES LTD,agnico eagle mines
2969,APD,"Air Products & Chemicals, Inc.",air products & chemicals
3124,AKZOF,AKZO NOBEL NV,akzo nobel nv
3124,AKZOY,AKZO NOBEL NV,akzo nobel nv
3197,CECO,CECO ENVIRONMENTAL CORP,ceco environmental
3453,MATX,"Matson, Inc.",matson
3499,ALX,ALEXANDERS INC,alexanders
3545,ALCO,"ALICO, INC.",alico
3570,LNG,"Cheniere Energy, Inc.",cheniere energy
4127,SWKS,"SKYWORKS SOLUTIONS, INC.",skyworks solutions
4281,HWM,Howmet Aerospace Inc.,howmet aerospace
4457,UHAL,U-Haul Holding Co /NV/,u-haul holding co /nv/
4457,UHAL-B,U-Haul Holding Co /NV/,u-haul holding co /nv/
4904,AEP,AMERICAN ELECTRIC POWER CO INC,american electric power
4962,AXP,AMERICAN EXPRESS CO,american express
4977,AFL,AFLAC INC,aflac
5094,VBF,Invesco Bond Fund,invesco bond fund
5272,AIG,"AMERICAN INTERNATIONAL GROUP, INC.",american international group
5513,UNMA,Unum Group,unum group
5513,UNM,Unum Group,unum group
5981,AVD,AMERICAN VANGUARD CORP,american vanguard
6176,AP,AMPCO PITTSBURGH CORP,ampco pittsburgh
6201,AAL,American Airlines Group Inc.,american airlines group
6207,AXR,AMREP CORP.,amrep
6281,ADI,ANALOG DEVICES INC,analog devices
6845,APOG,"APOGEE ENTERPRISES, INC.",apogee enterprises
6951,AMAT,APPLIED MATERIALS INC /DE,applied materials inc /de
6955,EPAC,ENERPAC TOOL GROUP CORP,enerpac tool group
7084,ADM,Archer-Daniels-Midland Co,archer-daniels-midland
7323,EAI,"ENTERGY ARKANSAS, LLC",entergy arkansas
7431,AWI,ARMSTRONG WORLD INDUSTRIES INC,armstrong world industries
7536,ARW,"ARROW ELECTRONICS, INC.",arrow electronics
7623,ARTW,ARTS WAY MANUFACTURING CO INC,arts way manufacturing
7789,ASB-PE,ASSOCIATED BANC-CORP,associated banc-corp
7789,ASB-PF,ASSOCIATED BANC-CORP,associated banc-corp
7789,ASBA,ASSOCIATED BANC-CORP,associated banc-corp
7789,ASB,ASSOCIATED BANC-CORP,associated banc-corp
8063,ATRO,ASTRONICS CORP,astronics
8063,ATROB,ASTRONICS CORP,astronics
8146,ALOT,"AstroNova, Inc.",astronova
8177,AAME,ATLANTIC AMERICAN CORP,atlantic american
8504,UAVS,AgEagle Aerial Systems Inc.,ageagle aerial systems
8670,ADP,AUTOMATIC DATA PROCESSING INC,automatic data processing
8818,AVY,Avery Dennison Corp,avery dennison
8858,AVT,AVNET INC,avnet
8947,AZZ,AZZ INC,azz
9092,BMI,BADGER METER INC,badger meter
9326,BCPC,BALCHEM CORP,balchem
9389,BALL,BALL Corp,ball
9521,BCV-PA,BANCROFT FUND LTD,bancroft fund
9521,BCV,BANCROFT FUND LTD,bancroft fund
9631,BNS,BANK OF NOVA SCOTIA,bank of nova scotia
10048,BRN,BARNWELL INDUSTRIES INC,barnwell industries
10329,BSET,BASSETT FURNITURE INDUSTRIES INC,bassett furniture industries
10456,BAX,BAXTER INTERNATIONAL INC,baxter international
10795,BDX,BECTON DICKINSON & CO,becton dickinson &
11544,WRB,BERKLEY W R CORP,berkley w r
11544,WRB-PG,BERKLEY W R CORP,berkley w r
11544,WRB-PH,BERKLEY W R CORP,berkley w r
11544,WRB-PF,BERKLEY W R CORP,berkley w r
11544,WRB-PE,BERKLEY W R CORP,berkley w r
12040,BDL,FLANIGANS ENTERPRISES INC,flanigans enterprises
12208,BIO-B,"BIO-RAD LABORATORIES, INC.",bio-rad laboratories
12208,BIO,"BIO-RAD LABORATORIES, INC.",bio-rad laboratories
12239,DOMH,Dominari Holdings Inc.,dominari holdings
12659,HRB,H&R BLOCK INC,h&r block
12927,BA,BOEING CO,boeing
12927,BA-PA,BOEING CO,boeing
13156,GLXZ,"Galaxy Gaming, Inc.",galaxy gaming
13372,NSARP,NSTAR ELECTRIC CO,nstar electric
13372,NSARO,NSTAR ELECTRIC CO,nstar electric
14177,BRID,BRIDGFORD FOODS CORP,bridgford foods
14272,CELG-RI,BRISTOL MYERS SQUIBB CO,bristol myers squibb
14272,BMY,BRISTOL MYERS SQUIBB CO,bristol myers squibb
14693,BF-A,BROWN FORMAN CORP,brown forman
14693,BF-B,BROWN FORMAN CORP,brown forman
14707,CAL,CALERES INC,caleres
14846,BRT,BRT Apartments Corp.,brt apartments
14930,BC-PC,BRUNSWICK CORP,brunswick
14930,BC,BRUNSWICK CORP,brunswick
15615,MTZ,MASTEC INC,mastec
15847,BUKS,BUTLER NATIONAL CORP,butler national
16040,CBT,CABOT CORP,cabot
16058,CACI,CACI INTERNATIONAL INC /DE/,caci international inc /de/
16160,CALM,CAL-MAINE FOODS INC,cal-maine foods
16732,CPB,CAMPBELL'S Co,campbell's
16859,SRL,Scully Royalty Ltd.,scully royalty
16868,CNI,CANADIAN NATIONAL RAILWAY CO,canadian national railway
16875,CP,CANADIAN PACIFIC KANSAS CITY LTD/CN,canadian pacific kansas city ltd/cn
16918,STZ,"CONSTELLATION BRANDS, INC.",constellation brands
16988,CAJPY,CANON INC,canon
16988,CAJFF,CANON INC,canon
17313,CSWC,CAPITAL SOUTHWEST CORP,capital southwest
17843,CRS,CARPENTER TECHNOLOGY CORP,carpenter technology
18230,CAT,CATERPILLAR INC,caterpillar
18255,CATO,CATO CORP,cato
18498,GCO,GENESCO INC,genesco
18654,AILLI,Ameren Illinois Co,ameren illinois
18654,AILLO,Ameren Illinois Co,ameren illinois
18654,AILLP,Ameren Illinois Co,ameren illinois
18654,AILIP,Ameren Illinois Co,ameren illinois
18654,AILLM,Ameren Illinois Co,ameren illinois
18654,AILIM,Ameren Illinois Co,ameren illinois
18654,AILLN,Ameren Illinois Co,ameren illinois
18654,AILIH,Ameren Illinois Co,ameren illinois
18654,AILIN,Ameren Illinois Co,ameren illinois
18654,AILIO,Ameren Illinois Co,ameren illinois
18748,CET,CENTRAL SECURITIES CORP,central securities
18926,LUMN,"Lumen Technologies, Inc.",lumen technologies
19584,CHE,CHEMED CORP,chemed
19617,JPM-PJ,JPMORGAN CHASE & CO,jpmorgan chase &
19617,JPM-PD,JPMORGAN CHASE & CO,jpmorgan chase &
19617,JPM-PL,JPMORGAN CHASE & CO,jpmorgan chase &
19617,VYLD,JPMORGAN CHASE & CO,jpmorgan chase &
19617,JPM-PC,JPMORGAN CHASE & CO,jpmorgan chase &
19617,JPM-PK,JPMORGAN CHASE & CO,jpmorgan chase &
19617,JPM,JPMORGAN CHASE & CO,jpmorgan chase &
19617,JPM-PM,JPMORGAN CHASE & CO,jpmorgan chase &
19617,AMJB,JPMORGAN CHASE & CO,jpmorgan chase &
19745,CPK,CHESAPEAKE UTILITIES CORP,chesapeake utilities
19871,CVR,CHICAGO RIVET & MACHINE CO,chicago rivet & machine
20212,CHDN,Churchill Downs Inc,churchill downs
20286,CINF,CINCINNATI FINANCIAL CORP,cincinnati financial
20639,ABCP,AmBase Corp,ambase
21076,CLX,CLOROX CO /DE/,clorox co /de/
21175,CNA,CNA FINANCIAL CORP,cna financial
21344,KO,COCA COLA CO,coca cola
21535,COHU,COHU INC,cohu
21665,CL,COLGATE PALMOLIVE CO,colgate palmolive
22356,CBSH,COMMERCE BANCSHARES INC /MO/,commerce bancshares inc /mo/
22444,CMC,COMMERCIAL METALS Co,commercial metals
22701,SUNE,"SUNation Energy, Inc.",sunation energy
23194,CRK,COMSTOCK RESOURCES INC,comstock resources
23197,CMTL,COMTECH TELECOMMUNICATIONS CORP /DE/,comtech telecommunications corp /de/
23217,CAG,CONAGRA BRANDS INC.,conagra brands
23426,CNLHP,CONNECTICUT LIGHT & POWER CO,connecticut light & power
23426,CNTHN,CONNECTICUT LIGHT & POWER CO,connecticut light & power
23426,CNLTP,CONNECTICUT LIGHT & POWER CO,connecticut light & power
23426,CNLPL,CONNECTICUT LIGHT & POWER CO,connecticut light & power
23426,CNTHO,CONNECTICUT LIGHT & POWER CO,connecticut light & power
23426,CNTHP,CONNECTICUT LIGHT & POWER CO,connecticut light & power
23426,CNLTL,CONNECTICUT LIGHT & POWER CO,connecticut light & power
23426,CNLHN,CONNECTICUT LIGHT & POWER CO,connecticut light & power
23426,CNLTN,CONNECTICUT LIGHT & POWER CO,connecticut light & power
23426,CNLPM,CONNECTICUT LIGHT & POWER CO,connecticut light & power
23426,CNPWP,CONNECTICUT LIGHT & POWER CO,connecticut light & power
23426,CNPWM,CONNECTICUT LIGHT & POWER CO,connecticut light & power
23426,CNLHO,CONNECTICUT LIGHT & POWER CO,connecticut light & power
23795,CTO-PA,"CTO Realty Growth, Inc.",cto realty growth
23795,CTO,"CTO Realty Growth, Inc.",cto realty growth
24090,CIA,"CITIZENS, INC.",citizens
24545,TAP,MOLSON COORS BEVERAGE CO,molson coors beverage
24545,TAP-A,MOLSON COORS BEVERAGE CO,molson coors beverage
24741,GLW,CORNING INC /NY,corning inc /ny
25232,CUZ,COUSINS PROPERTIES INC,cousins properties
25445,CXT,"Crane NXT, Co.",crane nxt
25475,CRD-A,CRAWFORD & CO,crawford &
25475,CRD-B,CRAWFORD & CO,crawford &
25743,TXMD,"TherapeuticsMD, Inc.",therapeuticsmd
25895,CRWS,CROWN CRAFTS INC,crown crafts
26058,CTS,CTS CORP,cts
26172,CMI,CUMMINS INC,cummins
26324,CW,CURTISS WRIGHT CORP,curtiss wright
26780,DAN,DANA Inc,dana
27093,USAU,U.S. GOLD CORP.,u.s. gold
27367,DXR,DAXOR CORP,daxor
27419,TGT,TARGET CORP,target
27904,DAL,"DELTA AIR LINES, INC.",delta air lines
27996,DLX,DELUXE CORP,deluxe
28823,DBD,"DIEBOLD NIXDORF, Inc",diebold nixdorf
28917,DDS,"DILLARD'S, INC.",dillard's
28917,DDT,"DILLARD'S, INC.",dillard's
29002,DIOD,DIODES INC /DEL/,diodes inc /del/
29332,DXYN,DIXIE GROUP INC,dixie group
29534,DG,DOLLAR GENERAL CORP,dollar general
29644,DCI,DONALDSON Co INC,donaldson
29905,DOV,DOVER Corp,dover
29989,OMC,OMNICOM GROUP INC.,omnicom group
30305,DCO,DUCOMMUN INC /DE/,ducommun inc /de/
30554,CTA-PB,"EIDP, Inc.",eidp
30554,CTA-PA,"EIDP, Inc.",eidp
30625,FLS,FLOWSERVE CORP,flowserve
30697,WEN,Wendy's Co,wendy's
31107,EML,EASTERN CO,eastern
31235,KODK,EASTMAN KODAK CO,eastman kodak
31462,ECL,ECOLAB INC.,ecolab
31667,EDUC,EDUCATIONAL DEVELOPMENT CORP,educational development
31791,RVTY,"REVVITY, INC.",revvity
32604,EMR,EMERSON ELECTRIC CO,emerson electric
32621,MSN,EMERSON RADIO CORP,emerson radio
33002,EBF,"ENNIS, INC.",ennis
33185,EFX,EQUIFAX INC,equifax
33213,EQT,EQT Corp,eqt
33488,ESCA,ESCALADE INC,escalade
33533,ESP,ESPEY MFG & ELECTRONICS CORP,espey mfg & electronics
33934,CRF,CORNERSTONE TOTAL RETURN FUND INC,cornerstone total return fund
33992,KINS,"KINGSTONE COMPANIES, INC.",kingstone companies
34067,BOOM,DMC Global Inc.,dmc global
34285,RLBY,RELIABILITY INC,reliability
34782,SRCE,1ST SOURCE CORP,1st source
34903,FRT,FEDERAL REALTY INVESTMENT TRUST,federal realty investment trust
34903,FRT-PC,FEDERAL REALTY INVESTMENT TRUST,federal realty investment trust
34956,TENX,"TENAX THERAPEUTICS, INC.",tenax therapeutics
35527,FITB-PA,FIFTH THIRD BANCORP,fifth third bancorp
35527,FITB-PM,FIFTH THIRD BANCORP,fifth third bancorp
35527,FITB-PI,FIFTH THIRD BANCORP,fifth third bancorp
35527,FITB,FIFTH THIRD BANCORP,fifth third bancorp
35527,FITB-PK,FIFTH THIRD BANCORP,fifth third bancorp
36029,FFIN,FIRST FINANCIAL BANKSHARES INC,first financial bankshares
36104,USB-PP,US BANCORP \DE\,us bancorp \de\
36104,USB-PH,US BANCORP \DE\,us bancorp \de\
36104,USB-PS,US BANCORP \DE\,us bancorp \de\
36104,USB-PR,US BANCORP \DE\,us bancorp \de\
36104,USB-PQ,US BANCORP \DE\,us bancorp \de\
36104,USB,US BANCORP \DE\,us bancorp \de\
36104,USB-PA,US BANCORP \DE\,us bancorp \de\
36146,TRMK,TRUSTMARK CORP,trustmark
36270,MTB,M&T BANK CORP,m&t bank
36270,MTB-PJ,M&T BANK CORP,m&t bank
36270,MTB-PH,M&T BANK CORP,m&t bank
36270,MTB-PK,M&T BANK CORP,m&t bank
36377,FHB,"FIRST HAWAIIAN, INC.",first hawaiian
36840,FREVS,"FIRST REAL ESTATE INVESTMENT TRUST OF NEW JERSEY, INC.",first real estate investment trust of new jersey
36966,FHN,FIRST HORIZON CORP,first horizon
36966,FHN-PH,FIRST HORIZON CORP,first horizon
36966,FHN-PE,FIRST HORIZON CORP,first horizon
36966,FHN-PF,FIRST HORIZON CORP,first horizon
37472,FLXS,FLEXSTEEL INDUSTRIES INC,flexsteel industries
37785,FMC,FMC CORP,fmc
37808,FNB,FNB CORP/PA/,fnb corp/pa/
37996,F-PB,FORD MOTOR CO,ford motor
37996,F,FORD MOTOR CO,ford motor
37996,F-PD,FORD MOTOR CO,ford motor
37996,F-PC,FORD MOTOR CO,ford motor
38264,FWDI,"Forward Industries, Inc.",forward industries
38725,FELE,FRANKLIN ELECTRIC CO INC,franklin electric
38777,BEN,FRANKLIN RESOURCES INC,franklin resources
39020,FEIM,FREQUENCY ELECTRONICS INC,frequency electronics
39092,FRD,FRIEDMAN INDUSTRIES INC,friedman industries
39263,CFR-PB,"CULLEN/FROST BANKERS, INC.",cullen/frost bankers
39263,CFR,"CULLEN/FROST BANKERS, INC.",cullen/frost bankers
39311,IBCP,INDEPENDENT BANK CORP /MI/,independent bank corp /mi/
39368,FUL,FULLER H B CO,fuller h b
39911,GAP,GAP INC,gap
40211,GATX,GATX CORP,gatx
40417,GAM-PB,GENERAL AMERICAN INVESTORS CO INC,general american investors
40417,GAM,GENERAL AMERICAN INVESTORS CO INC,general american investors
40533,GD,GENERAL DYNAMICS CORP,general dynamics
40545,GE,GENERAL ELECTRIC CO,general electric
40570,JOB,GEE Group Inc.,gee group
40704,GIS,GENERAL MILLS INC,general mills
40729,ALLY,Ally Financial Inc.,ally financial
40987,GPC,GENUINE PARTS CO,genuine parts
41091,GPJA,GEORGIA POWER CO,georgia power
41719,MAGN,Magnera Corp,magnera
42582,GT,GOODYEAR TIRE & RUBBER CO /OH/,goodyear tire & rubber co /oh/
42682,GRC,GORMAN RUPP CO,gorman rupp
42888,GGG,GRACO INC,graco
43196,GTN-A,"GRAY MEDIA, INC",gray media
43196,GTN,"GRAY MEDIA, INC",gray media
43920,GEF,"GREIF, INC",greif
43920,GEF-B,"GREIF, INC",greif
45012,HAL,HALLIBURTON CO,halliburton
45919,HHS,HARTE HANKS INC,harte hanks
46080,HAS,"HASBRO, INC.",hasbro
46129,ALNT,ALLIENT INC,allient
46195,BOH-PA,BANK OF HAWAII CORP,bank of hawaii
46195,BOH-PB,BANK OF HAWAII CORP,bank of hawaii
46195,BOH,BANK OF HAWAII CORP,bank of hawaii
46250,HWKN,HAWKINS INC,hawkins
46619,HEI-A,HEICO CORP,heico
46619,HEI,HEICO CORP,heico
46765,HP,"Helmerich & Payne, Inc.",helmerich & payne
47111,HSY,HERSHEY CO,hershey
47217,HPQ,HP INC,hp
47710,HTHIF,HITACHI LTD,hitachi
47710,HTHIY,HITACHI LTD,hitachi
48287,HNI,HNI CORP,hni
48465,HRL,HORMEL FOODS CORP /DE/,hormel foods corp /de/
48898,HUBB,HUBBELL INC,hubbell
49071,HUM,HUMANA INC,humana
49196,HBANZ,HUNTINGTON BANCSHARES INC /MD/,huntington bancshares inc /md/
49196,HBANP,HUNTINGTON BANCSHARES INC /MD/,huntington bancshares inc /md/
49196,HBANL,HUNTINGTON BANCSHARES INC /MD/,huntington bancshares inc /md/
49196,HBAN,HUNTINGTON BANCSHARES INC /MD/,huntington bancshares inc /md/
49196,HBANM,HUNTINGTON BANCSHARES INC /MD/,huntington bancshares inc /md/
49600,EGP,EASTGROUP PROPERTIES INC,eastgroup properties
49754,DIN,"Dine Brands Global, Inc.",dine brands global
49826,ITW,ILLINOIS TOOL WORKS INC,illinois tool works
49938,IMO,IMPERIAL OIL LTD,imperial oil
50292,IEHC,IEH Corp,ieh
50471,TRAK,"ReposiTrak, Inc.",repositrak
50493,IMKTA,INGLES MARKETS INC,ingles markets
50725,GFF,GRIFFON CORP,griffon
50863,INTC,INTEL CORP,intel
51143,IBM,INTERNATIONAL BUSINESS MACHINES CORP,international business machines
51253,IFF,INTERNATIONAL FLAVORS & FRAGRANCES INC,international flavors & fragrances
51434,IP,INTERNATIONAL PAPER CO /NEW/,international paper co /new/
51434,INPAP,INTERNATIONAL PAPER CO /NEW/,international paper co /new/
52827,RYN,RAYONIER INC,rayonier
52988,J,JACOBS SOLUTIONS INC.,jacobs solutions
54187,MAYS,MAYS J W INC,mays j w
55135,KELYB,KELLY SERVICES INC,kelly services
55135,KELYA,KELLY SERVICES INC,kelly services
55234,GAMG,"Global Asset Management Group, Inc.",global asset management group
55242,KMT,KENNAMETAL INC,kennametal
55529,KEQU,KEWAUNEE SCIENTIFIC CORP /DE/,kewaunee scientific corp /de/
55785,KMB,KIMBERLY CLARK CORP,kimberly clark
56047,KEX,KIRBY CORP,kirby
56679,KFY,KORN FERRY,korn ferry
56701,KOSS,KOSS CORP,koss
56868,PNRG,PRIMEENERGY RESOURCES CORP,primeenergy resources
56873,KR,KROGER CO,kroger
56978,KLIC,KULICKE & SOFFA INDUSTRIES INC,kulicke & soffa industries
57083,KYOAY,KYOCERA CORP,kyocera
57083,KYOCF,KYOCERA CORP,kyocera
57131,LZB,LA-Z-BOY INC,la-z-boy
57515,MZTI,MARZETTI CO,marzetti
58361,LEE,"LEE ENTERPRISES, Inc",lee enterprises
58492,LEG,LEGGETT & PLATT INC,leggett & platt
59255,VHI,VALHI INC /DE/,valhi inc /de/
59478,LLY,ELI LILLY & Co,eli lilly &
59527,LECO,LINCOLN ELECTRIC HOLDINGS INC,lincoln electric holdings
59558,LNC-PD,LINCOLN NATIONAL CORP,lincoln national
59558,LNC,LINCOLN NATIONAL CORP,lincoln national
60086,L,LOEWS CORP,loews
60519,LPX,LOUISIANA-PACIFIC CORP,louisiana-pacific
60667,LOW,LOWES COMPANIES INC,lowes companies
60714,LXU,"LSB INDUSTRIES, INC.",lsb industries
61004,LGL,LGL GROUP INC,lgl group
61986,MTW,MANITOWOC CO INC,manitowoc
62234,MCS,MARCUS CORP,marcus
62362,MARPS,MARINE PETROLEUM TRUST,marine petroleum trust
62709,MRSH,"MARSH & MCLENNAN COMPANIES, INC.",marsh & mclennan companies
62996,MAS,MASCO CORP /DE/,masco corp /de/
63276,MAT,MATTEL INC /DE/,mattel inc /de/
63296,MATW,MATTHEWS INTERNATIONAL CORP,matthews international
63330,MLP,MAUI LAND & PINEAPPLE CO INC,maui land & pineapple
63754,MKC-V,MCCORMICK & CO INC,mccormick &
63754,MKC,MCCORMICK & CO INC,mccormick &
63908,MCD,MCDONALDS CORP,mcdonalds
64040,SPGI,S&P Global Inc.,s&p global
64463,SLNHP,"Soluna Holdings, Inc",soluna holdings
64463,SLNH,"Soluna Holdings, Inc",soluna holdings
64472,GENC,GENCOR INDUSTRIES INC,gencor industries
64803,CVS,CVS HEALTH Corp,cvs health
64996,MCY,MERCURY GENERAL CORP,mercury general
65172,MSB,MESABI TRUST,mesabi trust
65270,MEI,METHODE ELECTRONICS INC,methode electronics
65312,EVI,"EVI INDUSTRIES, INC.",evi industries
65433,MXF,MEXICO FUND INC,mexico fund
65596,SIEB,SIEBERT FINANCIAL CORP,siebert financial
65770,MVIS,"MICROVISION, INC.",microvision
65984,ETR,ENTERGY CORP /DE/,entergy corp /de/
66004,MSEXP,MIDDLESEX WATER CO,middlesex water
66004,MSEX,MIDDLESEX WATER CO,middlesex water
66382,MLKN,"MILLERKNOLL, INC.",millerknoll
66418,MXC,MEXCO ENERGY CORP,mexco energy
66496,MMTRS,MILLS MUSIC TRUST,mills music trust
66570,MSA,MSA Safety Inc,msa safety
66570,MNESP,MSA Safety Inc,msa safety
66740,MMM,3M CO,3m
66901,EMP,"ENTERGY MISSISSIPPI, LLC",entergy mississippi
67088,MBFJF,MITSUBISHI UFJ FINANCIAL GROUP INC,mitsubishi ufj financial group
67088,MUFG,MITSUBISHI UFJ FINANCIAL GROUP INC,mitsubishi ufj financial group
67215,DY,DYCOM INDUSTRIES INC,dycom industries
67347,MOD,MODINE MANUFACTURING CO,modine manufacturing
67716,MDU,MDU RESOURCES GROUP INC,mdu resources group
67887,MOG-A,MOOG INC.,moog
67887,MOG-B,MOOG INC.,moog
68505,MSI,"Motorola Solutions, Inc.",motorola solutions
68622,CTGG,QWEST CORP,qwest
68622,CTHH,QWEST CORP,qwest
69422,INTG,INTERGROUP CORP,intergroup
69488,MYE,MYERS INDUSTRIES INC,myers industries
69633,NSSC,"NAPCO SECURITY TECHNOLOGIES, INC",napco security technologies
69733,NATH,"NATHANS FAMOUS, INC.",nathans famous
69891,FIZZ,NATIONAL BEVERAGE CORP,national beverage
70145,NFG,NATIONAL FUEL GAS CO,national fuel gas
70318,THC,TENET HEALTHCARE CORP,tenet healthcare
70487,NRC,NRC HEALTH,nrc health
70502,NRUC,NATIONAL RURAL UTILITIES COOPERATIVE FINANCE CORP /DC/,national rural utilities cooperative finance corp /dc/
70858,BML-PH,BANK OF AMERICA CORP /DE/,bank of america corp /de/
70858,BML-PJ,BANK OF AMERICA CORP /DE/,bank of america corp /de/
70858,BAC-PL,BANK OF AMERICA CORP /DE/,bank of america corp /de/
70858,BAC-PS,BANK OF AMERICA CORP /DE/,bank of america corp /de/
70858,BAC-PQ,BANK OF AMERICA CORP /DE/,bank of america corp /de/
70858,MER-PK,BANK OF AMERICA CORP /DE/,bank of america corp /de/
70858,BAC-PO,BANK OF AMERICA CORP /DE/,bank of america corp /de/
70858,BAC-PN,BANK OF AMERICA CORP /DE/,bank of america corp /de/
70858,BAC-PP,BANK OF AMERICA CORP /DE/,bank of america corp /de/
70858,BAC-PM,BANK OF AMERICA CORP /DE/,bank of america corp /de/
70858,BML-PG,BANK OF AMERICA CORP /DE/,bank of america corp /de/
70858,BAC-PB,BANK OF AMERICA CORP /DE/,bank of america corp /de/
70858,BAC-PK,BANK OF AMERICA CORP /DE/,bank of america corp /de/
70858,BML-PL,BANK OF AMERICA CORP /DE/,bank of america corp /de/
70858,BAC,BANK OF AMERICA CORP /DE/,bank of america corp /de/
70858,BACRP,BANK OF AMERICA CORP /DE/,bank of america corp /de/
70858,BAC-PE,BANK OF AMERICA CORP /DE/,bank of america corp /de/
70866,VYX,NCR Voyix Corp,ncr voyix
70866,NCRRP,NCR Voyix Corp,ncr voyix
71508,ENO,"ENTERGY NEW ORLEANS, LLC",entergy new orleans
71508,ENJ,"ENTERGY NEW ORLEANS, LLC",entergy new orleans
71557,NUVR,"Nuvera Communications, Inc.",nuvera communications
71691,NYT,NEW YORK TIMES CO,new york times
71829,NPKI,NPK International Inc.,npk international
72162,NL,NL INDUSTRIES INC,nl industries
72205,NOBH,NOBILITY HOMES INC,nobility homes
72331,NDSN,NORDSON CORP,nordson
72444,VXRT,"Vaxart, Inc.",vaxart
72573,MOV,MOVADO GROUP INC,movado group
72573,MOVAA,MOVADO GROUP INC,movado group
72633,NRT,NORTH EUROPEAN OIL ROYALTY TRUST,north european oil royalty trust
72741,ES,EVERSOURCE ENERGY,eversource energy
72903,XELLL,XCEL ENERGY INC,xcel energy
72903,XEL,XCEL ENERGY INC,xcel energy
72971,WFC-PD,WELLS FARGO & COMPANY/MN,wells fargo & company/mn
72971,WFC-PC,WELLS FARGO & COMPANY/MN,wells fargo & company/mn
72971,WFC-PY,WELLS FARGO & COMPANY/MN,wells fargo & company/mn
72971,WFC,WELLS FARGO & COMPANY/MN,wells fargo & company/mn
72971,WFC-PA,WELLS FARGO & COMPANY/MN,wells fargo & company/mn
72971,WFC-PZ,WELLS FARGO & COMPANY/MN,wells fargo & company/mn
72971,WFC-PL,WELLS FARGO & COMPANY/MN,wells fargo & company/mn
72971,WFCNP,WELLS FARGO & COMPANY/MN,wells fargo & company/mn
73124,NTRS,NORTHERN TRUST CORP,northern trust
73124,NTRSO,NORTHERN TRUST CORP,northern trust
73290,BMRA,BIOMERICA INC,biomerica
73309,NUE,NUCOR CORP,nucor
73756,OII,OCEANEERING INTERNATIONAL INC,oceaneering international
74046,ODC,Oil-Dri Corp of America,oil-dri corp of america
74208,UDR,"UDR, Inc.",udr
74260,ORI,OLD REPUBLIC INTERNATIONAL CORP,old republic international
74303,OLN,OLIN Corp,olin
75252,ACH,ACCENDRA HEALTH INC/VA/,accendra health inc/va/
75288,OXM,OXFORD INDUSTRIES INC,oxford industries
75362,PCAR,PACCAR INC,paccar
75398,PAI,Western Asset Investment Grade Income Fund Inc.,western asset investment grade income fund
75677,PKG,PACKAGING CORP OF AMERICA,packaging corp of america
76267,PKE,PARK AEROSPACE CORP,park aerospace
76282,PKOH,PARK OHIO HOLDINGS CORP,park ohio holdings
76334,PH,Parker-Hannifin Corp,parker-hannifin
76605,PATK,PATRICK INDUSTRIES INC,patrick industries
77360,PNR,PENTAIR plc,pentair plc
77476,PEP,PEPSICO INC,pepsico
77543,TPC,TUTOR PERINI CORP,tutor perini
78003,PFE,PFIZER INC,pfizer
78128,WTRG,"Essential Utilities, Inc.",essential utilities
78150,PHI,PLDT Inc.,pldt
78150,PHTCF,PLDT Inc.,pldt
78239,PVH,PVH CORP. /DE/,pvh corp. /de/
78749,AGYS,AGILYSYS INC,agilysys
78814,PBI-PB,PITNEY BOWES INC /DE/,pitney bowes inc /de/
78814,PBI,PITNEY BOWES INC /DE/,pitney bowes inc /de/
78890,BCO,BRINKS CO,brinks
79282,BRO,"BROWN & BROWN, INC.",brown & brown
79661,PRSI,PORTSMOUTH SQUARE INC,portsmouth square
79879,PPG,PPG INDUSTRIES INC,ppg industries
80035,PLPC,PREFORMED LINE PRODUCTS CO,preformed line products
80172,NPK,NATIONAL PRESTO INDUSTRIES INC,national presto industries
80420,POWL,POWELL INDUSTRIES INC,powell industries
80424,PG,PROCTER & GAMBLE Co,procter & gamble
80661,PGR,PROGRESSIVE CORP/OH/,progressive corp/oh/
81023,PNMXO,PUBLIC SERVICE CO OF NEW MEXICO,public service co of new mexico
81362,KWR,QUAKER CHEMICAL CORP,quaker chemical
81955,RAND,RAND CAPITAL CORP,rand capital
82020,USLM,UNITED STATES LIME & MINERALS INC,united states lime & minerals
82473,IHT,INNSUITES HOSPITALITY TRUST,innsuites hospitality trust
82811,RRX,REGAL REXNORD CORP,regal rexnord
83350,RSRV,RESERVE PETROLEUM CO,reserve petroleum
84112,RSKIA,"GEORGE RISK INDUSTRIES, INC.",george risk industries
84246,RLI,RLI CORP,rli
84748,ROG,ROGERS CORP,rogers
84839,ROL,ROLLINS INC,rollins
85535,RGLD,ROYAL GOLD INC,royal gold
85961,R,RYDER SYSTEM INC,ryder system
86115,SFES,SAFEGUARD SCIENTIFICS INC,safeguard scientifics
86312,TRV,"TRAVELERS COMPANIES, INC.",travelers companies
87050,NEON,Neonode Inc.,neonode
87347,SLB,SLB LIMITED/NV,slb limited/nv
87802,SCND,SCIENTIFIC INDUSTRIES INC,scientific industries
88000,HKHC,Horizon Kinetics Holding Corp,horizon kinetics holding
88121,SEB,SEABOARD CORP /DE/,seaboard corp /de/
88205,SPXC,"SPX Technologies, Inc.",spx technologies
88941,SMTC,SEMTECH CORP,semtech
88948,SENEM,Seneca Foods Corp,seneca foods
88948,SENEA,Seneca Foods Corp,seneca foods
88948,SENEL,Seneca Foods Corp,seneca foods
88948,SENEB,Seneca Foods Corp,seneca foods
89089,SCI,SERVICE CORP INTERNATIONAL,service corp international
89439,MLI,MUELLER INDUSTRIES INC,mueller industries
89800,SHW,SHERWIN WILLIAMS CO,sherwin williams
90168,SIF,SIFCO INDUSTRIES INC,sifco industries
90498,SFNC,SIMMONS FIRST NATIONAL CORP,simmons first national
90896,SKY,"Champion Homes, Inc.",champion homes
91142,AOS,SMITH A O CORP,smith a o
91388,SFD,SMITHFIELD FOODS INC,smithfield foods
91419,SJM,J M SMUCKER Co,j m smucker
91440,SNA,Snap-on Inc,snap-on
91576,KEY-PL,KEYCORP /NEW/,keycorp /new/
91576,KEY,KEYCORP /NEW/,keycorp /new/
91576,KEY-PK,KEYCORP /NEW/,keycorp /new/
91576,KEY-PJ,KEYCORP /NEW/,keycorp /new/
91576,KEY-PI,KEYCORP /NEW/,keycorp /new/
91668,SODI,SOLITRON DEVICES INC,solitron devices
91767,SON,SONOCO PRODUCTS CO,sonoco products
91847,SOR,SOURCE CAPITAL /DE/,source capital /de/
92103,SCE-PN,SOUTHERN CALIFORNIA EDISON Co,southern california edison
92103,SCE-PG,SOUTHERN CALIFORNIA EDISON Co,southern california edison
92103,SCE-PM,SOUTHERN CALIFORNIA EDISON Co,southern california edison
92103,SCE-PL,SOUTHERN CALIFORNIA EDISON Co,southern california edison
92108,SOCGM,SOUTHERN CALIFORNIA GAS CO,southern california gas
92108,SOCGP,SOUTHERN CALIFORNIA GAS CO,southern california gas
92122,SOJF,SOUTHERN CO,southern
92122,SOJC,SOUTHERN CO,southern
92122,SO,SOUTHERN CO,southern
92122,SOJE,SOUTHERN CO,southern
92122,SOMN,SOUTHERN CO,southern
92122,SOJD,SOUTHERN CO,southern
92230,TFC-PO,TRUIST FINANCIAL CORP,truist financial
92230,TFC-PI,TRUIST FINANCIAL CORP,truist financial
92230,TFC-PR,TRUIST FINANCIAL CORP,truist financial
92230,TFC,TRUIST FINANCIAL CORP,truist financial
92380,LUV,SOUTHWEST AIRLINES CO,southwest airlines
93314,VNRX,VOLITIONRX LTD,volitionrx
93389,SMP,"STANDARD MOTOR PRODUCTS, INC.",standard motor products
93410,CVX,CHEVRON CORP,chevron
93556,SWK,"STANLEY BLACK & DECKER, INC.",stanley black & decker
93751,STT-PG,STATE STREET CORP,state street
93751,STT,STATE STREET CORP,state street
94049,SCL,STEPAN CO,stepan
94344,STC,STEWART INFORMATION SERVICES CORP,stewart information services
94845,LEVI,LEVI STRAUSS & CO,levi strauss &
95029,RGR,STURM RUGER & CO INC,sturm ruger &
95227,SMTOY,SUMITOMO ELECTRIC INDUSTRIES LTD/ADR/,sumitomo electric industries ltd/adr/
95227,SMTOF,SUMITOMO ELECTRIC INDUSTRIES LTD/ADR/,sumitomo electric industries ltd/adr/
95574,SGC,"SUPERIOR GROUP OF COMPANIES, INC.",superior group of companies
95666,SRGBF,SURUGA BANK LTD/ADR/,suruga bank ltd/adr/
95953,ACNT,ASCENT INDUSTRIES CO.,ascent industries
96021,SYY,SYSCO CORP,sysco
96223,JEF,Jefferies Financial Group Inc.,jefferies financial group
96536,TAYD,"TAYLOR DEVICES, INC.",taylor devices
96664,AMFN,"American Fusion, Inc.",american fusion
96869,TRC,TEJON RANCH CO,tejon ranch
96943,TFX,TELEFLEX INC,teleflex
97134,TNC,TENNANT CO,tennant
97210,TER,"TERADYNE, INC",teradyne
97216,TEX,TEREX CORP,terex
97476,TXN,TEXAS INSTRUMENTS INC,texas instruments
97745,TMO,THERMO FISHER SCIENTIFIC INC.,thermo fisher scientific
98222,TDDWW,TIDEWATER INC,tidewater
98222,TDGMW,TIDEWATER INC,tidewater
98222,TDW,TIDEWATER INC,tidewater
98362,TKR,TIMKEN CO,timken
98677,TROLB,TOOTSIE ROLL INDUSTRIES INC,tootsie roll industries
98677,TR,TOOTSIE ROLL INDUSTRIES INC,tootsie roll industries
99070,TCPA,TRANSCANADA PIPELINES LTD,transcanada pipelines
99302,TRNS,TRANSCAT INC,transcat
99614,TY-P,TRI-CONTINENTAL Corp,tri-continental
99614,TY,TRI-CONTINENTAL Corp,tri-continental
99780,TRN,TRINITY INDUSTRIES INC,trinity industries
100378,TWIN,TWIN DISC INC,twin disc
100493,TSN,"TYSON FOODS, INC.",tyson foods
100517,UAL,"United Airlines Holdings, Inc.",united airlines holdings
100591,AGX,ARGAN INC,argan
100726,UFI,UNIFI INC,unifi
100826,UEPCO,UNION ELECTRIC CO,union electric
100826,UELMO,UNION ELECTRIC CO,union electric
100826,UEPEP,UNION ELECTRIC CO,union electric
100826,UEPCN,UNION ELECTRIC CO,union electric
100826,UEPEO,UNION ELECTRIC CO,union electric
100826,UEPEM,UNION ELECTRIC CO,union electric
100826,UEPCP,UNION ELECTRIC CO,union electric
100826,UEPEN,UNION ELECTRIC CO,union electric
100885,UNP,UNION PACIFIC CORP,union pacific
101199,UFCS,UNITED FIRE GROUP INC,united fire group
101295,UG,UNITED GUARDIAN INC,united guardian
101382,UMBFO,UMB FINANCIAL CORP,umb financial
101382,UMBF,UMB FINANCIAL CORP,umb financial
101538,UAMY,UNITED STATES ANTIMONY CORP,united states antimony
101594,BSIN,BIG SKY INDUSTRIAL INC.,big sky industrial
101829,RTX,RTX Corp,rtx
101984,UEIC,UNIVERSAL ELECTRONICS INC,universal electronics
102037,UVV,UNIVERSAL CORP /VA/,universal corp /va/
102109,UUU,"UNIVERSAL SAFETY PRODUCTS, INC.",universal safety products
102212,UVSP,UNIVEST FINANCIAL Corp,univest financial
102426,STEW,"SRH Total Return Fund, Inc.",srh total return fund
102729,VMI,VALMONT INDUSTRIES INC,valmont industries
102752,VSEC,VSE CORP,vse
102752,VSECU,VSE CORP,vse
103145,VECO,VEECO INSTRUMENTS INC,veeco instruments
103379,VFC,V F CORP,v f
103595,VLGEA,VILLAGE SUPER MARKET INC,village super market
103730,VSH,VISHAY INTERTECHNOLOGY INC,vishay intertechnology
104169,WMT,Walmart Inc.,walmart
104889,GHC,Graham Holdings Co,graham holdings
104894,ELME,Elme Communities,elme communities
104918,AVA,AVISTA CORP,avista
105016,WSO,WATSCO INC,watsco
105016,WSO-B,WATSCO INC,watsco
105132,WDFC,WD 40 CO,wd 40
105319,WW,"WW INTERNATIONAL, INC.",ww international
105418,WMK,WEIS MARKETS INC,weis markets
105634,EME,"EMCOR Group, Inc.",emcor group
105744,GBR,"New Concept Energy, Inc.",new concept energy
105770,WST,WEST PHARMACEUTICAL SERVICES INC,west pharmaceutical services
106040,WDC,WESTERN DIGITAL CORP,western digital
106532,WEYS,WEYCO GROUP INC,weyco group
106535,WY,WEYERHAEUSER CO,weyerhaeuser
106640,WHR-PA,WHIRLPOOL CORP /DE/,whirlpool corp /de/
106640,WHR,WHIRLPOOL CORP /DE/,whirlpool corp /de/
107140,WLY,"JOHN WILEY & SONS, INC.",john wiley & sons
107140,WLYB,"JOHN WILEY & SONS, INC.",john wiley & sons
107263,WMB,"WILLIAMS COMPANIES, INC.",williams companies
107687,WGO,WINNEBAGO INDUSTRIES INC,winnebago industries
107815,WELPP,WISCONSIN ELECTRIC POWER CO,wisconsin electric power
107815,WELPM,WISCONSIN ELECTRIC POWER CO,wisconsin electric power
108312,WWD,"Woodward, Inc.",woodward
108385,WRLD,WORLD ACCEPTANCE CORP,world acceptance
108516,WOR,"WORTHINGTON ENTERPRISES, INC.",worthington enterprises
108985,YORW,YORK WATER CO,york water
109177,SPB,"Spectrum Brands Holdings, Inc.",spectrum brands holdings
109198,TJX,TJX COMPANIES INC /DE/,tjx companies inc /de/
109380,ZION,"ZIONS BANCORPORATION, NATIONAL ASSOCIATION /UT/","zions bancorporation, national association /ut/"
109380,ZIONP,"ZIONS BANCORPORATION, NATIONAL ASSOCIATION /UT/","zions bancorporation, national association /ut/"
109563,AIT,APPLIED INDUSTRIAL TECHNOLOGIES INC,applied industrial technologies
109657,GTBP,"GT Biopharma, Inc.",gt biopharma
110471,WWW,WOLVERINE WORLD WIDE INC /DE/,wolverine world wide inc /de/
110621,RPM,RPM INTERNATIONAL INC/DE/,rpm international inc/de/
200406,JNJ,JOHNSON & JOHNSON,johnson & johnson
201533,CMS-PB,CONSUMERS ENERGY CO,consumers energy
202058,LHX,"L3HARRIS TECHNOLOGIES, INC. /DE/","l3harris technologies, inc. /de/"
202947,CPTP,CAPITAL PROPERTIES INC /RI/,capital properties inc /ri/
203596,WSBC,WESBANCO INC,wesbanco
203596,WSBCO,WESBANCO INC,wesbanco
215466,CDE,"Coeur Mining, Inc.",coeur mining
216085,HVT,HAVERTY FURNITURE COMPANIES INC,haverty furniture companies
216085,HVT-A,HAVERTY FURNITURE COMPANIES INC,haverty furniture companies
216228,ITT,ITT INC.,itt
216851,PEO,"ADAMS NATURAL RESOURCES FUND, INC.",adams natural resources fund
217346,TXT,TEXTRON INC,textron
217410,UL,UNILEVER PLC,unilever plc
217410,UNLYF,UNILEVER PLC,unilever plc
230557,SIGIP,SELECTIVE INSURANCE GROUP INC,selective insurance group
230557,SIGI,SELECTIVE INSURANCE GROUP INC,selective insurance group
275053,NATR,NATURES SUNSHINE PRODUCTS INC,natures sunshine products
275694,MCI,BARINGS CORPORATE INVESTORS,barings corporate investors
275880,PSN,PARSONS CORP,parsons
276720,PCYO,PURE CYCLE CORP,pure cycle
277135,GWW,"W.W. GRAINGER, INC.",w.w. grainger
277509,FSS,FEDERAL SIGNAL CORP /DE/,federal signal corp /de/
277948,CSX,CSX CORP,csx
278165,OMQS,OMNIQ Corp.,omniq
278166,CVCO,"CAVCO INDUSTRIES, INC.",cavco industries
310142,SXT,SENSIENT TECHNOLOGIES CORP,sensient technologies
310158,MRK,"Merck & Co., Inc.",merck & co
310354,SXI,STANDEX INTERNATIONAL CORP/DE/,standex international corp/de/
310522,FNMAM,FEDERAL NATIONAL MORTGAGE ASSOCIATION FANNIE MAE,federal national mortgage association fannie mae
310522,FNMAK,FEDERAL NATIONAL MORTGAGE ASSOCIATION FANNIE MAE,federal national mortgage association fannie mae
310522,FNMAP,FEDERAL NATIONAL MORTGAGE ASSOCIATION FANNIE MAE,federal national mortgage association fannie mae
310522,FNMAT,FEDERAL NATIONAL MORTGAGE ASSOCIATION FANNIE MAE,federal national mortgage association fannie mae
310522,FNMAO,FEDERAL NATIONAL MORTGAGE ASSOCIATION FANNIE MAE,federal national mortgage association fannie mae
310522,FNMAL,FEDERAL NATIONAL MORTGAGE ASSOCIATION FANNIE MAE,federal national mortgage association fannie mae
310522,FNMAG,FEDERAL NATIONAL MORTGAGE ASSOCIATION FANNIE MAE,federal national mortgage association fannie mae
310522,FNMFO,FEDERAL NATIONAL MORTGAGE ASSOCIATION FANNIE MAE,federal national mortgage association fannie mae
310522,FNMFM,FEDERAL NATIONAL MORTGAGE ASSOCIATION FANNIE MAE,federal national mortgage association fannie mae
310522,FNMAI,FEDERAL NATIONAL MORTGAGE ASSOCIATION FANNIE MAE,federal national mortgage association fannie mae
310522,FNMAN,FEDERAL NATIONAL MORTGAGE ASSOCIATION FANNIE MAE,federal national mortgage association fannie mae
310522,FNMA,FEDERAL NATIONAL MORTGAGE ASSOCIATION FANNIE MAE,federal national mortgage association fannie mae
310522,FNMAJ,FEDERAL NATIONAL MORTGAGE ASSOCIATION FANNIE MAE,federal national mortgage association fannie mae
310522,FNMAS,FEDERAL NATIONAL MORTGAGE ASSOCIATION FANNIE MAE,federal national mortgage association fannie mae
310522,FNMAH,FEDERAL NATIONAL MORTGAGE ASSOCIATION FANNIE MAE,federal national mortgage association fannie mae
310522,FNMFN,FEDERAL NATIONAL MORTGAGE ASSOCIATION FANNIE MAE,federal national mortgage association fannie mae
310764,SYK,STRYKER CORP,stryker
311094,WABC,WESTAMERICA BANCORPORATION,westamerica bancorporation
311337,SU,SUNCOR ENERGY INC,suncor energy
312069,BCLYF,BARCLAYS PLC,barclays plc
312069,BCS,BARCLAYS PLC,barclays plc
312070,DJP,BARCLAYS BANK PLC,barclays bank plc
312070,VXX,BARCLAYS BANK PLC,barclays bank plc
312070,JJETF,BARCLAYS BANK PLC,barclays bank plc
312070,TAPR,BARCLAYS BANK PLC,barclays bank plc
312070,ATMP,BARCLAYS BANK PLC,barclays bank plc
312070,VXZ,BARCLAYS BANK PLC,barclays bank plc
312070,GBUG,BARCLAYS BANK PLC,barclays bank plc
312070,BWVTF,BARCLAYS BANK PLC,barclays bank plc
312070,GRN,BARCLAYS BANK PLC,barclays bank plc
312257,IVFH,INNOVATIVE FOOD HOLDINGS INC,innovative food holdings
313143,HAE,HAEMONETICS CORP,haemonetics
313216,RYLPF,KONINKLIJKE PHILIPS NV,koninklijke philips nv
313216,PHG,KONINKLIJKE PHILIPS NV,koninklijke philips nv
313364,MTR,MESA ROYALTY TRUST/TX,mesa royalty trust/tx
313616,DHR,DANAHER CORP /DE/,danaher corp /de/
313807,BPPFF,BP PLC,bp plc
313807,BP,BP PLC,bp plc
313807,BPAQF,BP PLC,bp plc
313838,SNEJF,Sony Group Corp,sony group
313838,SONY,Sony Group Corp,sony group
313927,CHD,CHURCH & DWIGHT CO INC /DE/,church & dwight co inc /de/
314203,MUX,McEwen Inc.,mcewen
314227,TOMZ,"TOMI Environmental Solutions, Inc.",tomi environmental solutions
314489,BUSEP,FIRST BUSEY CORP /NV/,first busey corp /nv/
314489,BUSE,FIRST BUSEY CORP /NV/,first busey corp /nv/
314590,SSL,SASOL LTD,sasol
314590,SASOF,SASOL LTD,sasol
314808,VAL-WT,Valaris Ltd,valaris
314808,VAL,Valaris Ltd,valaris
315189,DE,DEERE & CO,deere &
315213,RHI,ROBERT HALF INC.,robert half
315293,AON,Aon plc,aon plc
315374,HURC,HURCO COMPANIES INC,hurco companies
315545,PVCT,"PROVECTUS BIOPHARMACEUTICALS, INC.",provectus biopharmaceuticals
315709,IBOC,INTERNATIONAL BANCSHARES CORP,international bancshares
315852,RRC,RANGE RESOURCES CORP,range resources
315958,CRMZ,CREDITRISKMONITOR COM INC,creditriskmonitor com
316709,SCHW-PJ,SCHWAB CHARLES CORP,schwab charles
316709,SCHW,SCHWAB CHARLES CORP,schwab charles
316709,SCHW-PD,SCHWAB CHARLES CORP,schwab charles
316888,ASM,AVINO SILVER & GOLD MINES LTD,avino silver & gold mines
317540,COKE,"Coca-Cola Consolidated, Inc.",coca-cola consolidated
317788,APPS,"Digital Turbine, Inc.",digital turbine
318154,AMGN,AMGEN INC,amgen
318299,SRCO,"SPARTA COMMERCIAL SERVICES, INC.",sparta commercial services
318300,PEBO,PEOPLES BANCORP INC,peoples bancorp
318306,ABEO,ABEONA THERAPEUTICS INC.,abeona therapeutics
318673,SNFCA,SECURITY NATIONAL FINANCIAL CORP,security national financial
318833,TISI,TEAM INC,team
319016,FZMD,"Fuse Medical, Inc.",fuse medical
319201,KLAC,KLA CORP,kla
319654,PBT,PERMIAN BASIN ROYALTY TRUST,permian basin royalty trust
319655,SJT,SAN JUAN BASIN ROYALTY TRUST,san juan basin royalty trust
320017,LSTA,"LISATA THERAPEUTICS, INC.",lisata therapeutics
320121,TLS,TELOS CORP,telos
320187,NKE,"NIKE, Inc.",nike
320193,AAPL,Apple Inc.,apple
320335,GL-PD,GLOBE LIFE INC.,globe life
320335,GL,GLOBE LIFE INC.,globe life
350698,AN,"AUTONATION, INC.",autonation
350852,CTBI,COMMUNITY TRUST BANCORP INC /KY/,community trust bancorp inc /ky/
350894,SEIC,SEI INVESTMENTS CO,sei investments
351569,ABCB,Ameris Bancorp,ameris bancorp
351789,ELSE,ELECTRO SENSORS INC,electro sensors
351998,DAIO,DATA I/O CORP,data i/o
352541,LNT,ALLIANT ENERGY CORP,alliant energy
352825,FSTR,FOSTER L B CO,foster l b
352915,UHS,UNIVERSAL HEALTH SERVICES INC,universal health services
352955,CKX,"CKX LANDS, INC.",ckx lands
352991,AOXY,ADVANCED OXYGEN TECHNOLOGIES INC,advanced oxygen technologies
353184,AIRTP,AIR T INC,air t
353184,AIRT,AIR T INC,air t
353278,NONOF,NOVO NORDISK A S,novo nordisk a s
353278,NVO,NOVO NORDISK A S,novo nordisk a s
353991,NDEKF,NITTO DENKO CORP / ADR/,nitto denko corp / adr/
354190,AJG,Arthur J. Gallagher & Co.,arthur j. gallagher &
354516,TYOYF,TAIYO YUDEN CO LTD /ADR/,taiyo yuden co ltd /adr/
354516,TYOYY,TAIYO YUDEN CO LTD /ADR/,taiyo yuden co ltd /adr/
354647,CVBF,CVB FINANCIAL CORP,cvb financial
354707,HE,HAWAIIAN ELECTRIC INDUSTRIES INC,hawaiian electric industries
354950,HD,"HOME DEPOT, INC.",home depot
354963,SHEN,SHENANDOAH TELECOMMUNICATIONS CO/VA/,shenandoah telecommunications co/va/
355363,ITOCF,ITOCHU CORP,itochu
355811,GNTX,GENTEX CORP,gentex
355948,RELL,"RICHARDSON ELECTRONICS, LTD.",richardson electronics
356037,CSPI,CSP INC /MA/,csp inc /ma/
356171,TCBK,TRICO BANCSHARES /,trico bancshares /
356309,NJR,NEW JERSEY RESOURCES CORP,new jersey resources
357173,OSBC,OLD SECOND BANCORP INC,old second bancorp
357294,HOVVB,HOVNANIAN ENTERPRISES INC,hovnanian enterprises
357294,HOVNP,HOVNANIAN ENTERPRISES INC,hovnanian enterprises
357294,HOV,HOVNANIAN ENTERPRISES INC,hovnanian enterprises
357301,TRST,TRUSTCO BANK CORP N Y,trustco bank corp n y
700564,FULT,FULTON FINANCIAL CORP,fulton financial
700564,FULTP,FULTON FINANCIAL CORP,fulton financial
700565,FMBH,"FIRST MID BANCSHARES, INC.",first mid bancshares
700841,RCMT,"RCM TECHNOLOGIES, INC.",rcm technologies
700923,MYRG,MYR GROUP INC.,myr group
701347,CPF,CENTRAL PACIFIC FINANCIAL CORP,central pacific financial
701719,ELA,Envela Corp,envela
701818,KGCRF,KINROSS GOLD CORP,kinross gold
701818,KGC,KINROSS GOLD CORP,kinross gold
701985,BBWI,"Bath & Body Works, Inc.",bath & body works
702165,NSC,NORFOLK SOUTHERN CORP,norfolk southern
703351,EAT,"BRINKER INTERNATIONAL, INC",brinker international
703604,DSGR,"Distribution Solutions Group, Inc.",distribution solutions group
704440,KRMD,"KORU Medical Systems, Inc.",koru medical systems
704532,ONTO,ONTO INNOVATION INC.,onto innovation
705432,SBSI,SOUTHSIDE BANCSHARES INC,southside bancshares
706129,HBNC,HORIZON BANCORP INC /IN/,horizon bancorp inc /in/
706698,UTMD,UTAH MEDICAL PRODUCTS INC,utah medical products
706863,UNB,UNION BANKSHARES INC,union bankshares
707179,ONB,OLD NATIONAL BANCORP /IN/,old national bancorp /in/
707179,ONBPP,OLD NATIONAL BANCORP /IN/,old national bancorp /in/
707179,ONBPO,OLD NATIONAL BANCORP /IN/,old national bancorp /in/
707549,LRCX,LAM RESEARCH CORP,lam research
707605,ASRV,AMERISERV FINANCIAL INC /PA/,ameriserv financial inc /pa/
708781,CASS,CASS INFORMATION SYSTEMS INC,cass information systems
708821,PAR,PAR TECHNOLOGY CORP,par technology
708955,FFBC,FIRST FINANCIAL BANCORP /OH/,first financial bancorp /oh/
709005,NROM,NOBLE ROMANS INC,noble romans
709283,QMCO,QUANTUM CORP /DE/,quantum corp /de/
709337,FMNB,FARMERS NATIONAL BANC CORP /OH/,farmers national banc corp /oh/
710752,SBR,SABINE ROYALTY TRUST,sabine royalty trust
711034,THMG,THUNDER MOUNTAIN GOLD INC,thunder mountain gold
711377,NEOG,NEOGEN CORP,neogen
711404,COO,"COOPER COMPANIES, INC.",cooper companies
711669,CBAN,COLONY BANKCORP INC,colony bankcorp
712034,ACCO,ACCO BRANDS Corp,acco brands
712515,EA,ELECTRONIC ARTS INC.,electronic arts
712534,FRMEP,FIRST MERCHANTS CORP,first merchants
712534,FRME,FIRST MERCHANTS CORP,first merchants
712537,FCF,FIRST COMMONWEALTH FINANCIAL CORP /PA/,first commonwealth financial corp /pa/
712770,OLP,ONE LIBERTY PROPERTIES INC,one liberty properties
712771,CNOB,"ConnectOne Bancorp, Inc.",connectone bancorp
712771,CNOBP,"ConnectOne Bancorp, Inc.",connectone bancorp
713676,PNC,"PNC FINANCIAL SERVICES GROUP, INC.",pnc financial services group
714256,SMTI,Sanara MedTech Inc.,sanara medtech
714310,VLYPN,VALLEY NATIONAL BANCORP,valley national bancorp
714310,VLY,VALLEY NATIONAL BANCORP,valley national bancorp
714310,VLYPP,VALLEY NATIONAL BANCORP,valley national bancorp
714310,VLYPO,VALLEY NATIONAL BANCORP,valley national bancorp
714395,GABC,"GERMAN AMERICAN BANCORP, INC.",german american bancorp
714562,THFF,FIRST FINANCIAL CORP /IN/,first financial corp /in/
714712,JUVF,JUNIATA VALLEY FINANCIAL CORP,juniata valley financial
715072,RNST,RENASANT CORP,renasant
715153,HNDAF,HONDA MOTOR CO LTD,honda motor
715153,HMC,HONDA MOTOR CO LTD,honda motor
715446,ANIX,Anixa Biosciences Inc,anixa biosciences
715579,ACNB,ACNB CORP,acnb
715787,TILE,INTERFACE INC,interface
715957,D,"DOMINION ENERGY, INC",dominion energy
716314,GHM,GRAHAM CORP,graham
716634,RDIB,READING INTERNATIONAL INC,reading international
716634,RDI,READING INTERNATIONAL INC,reading international
716643,RGS,REGIS CORP,regis
717423,MUR,MURPHY OIL CORP,murphy oil
717538,AROW,ARROW FINANCIAL CORP,arrow financial
717605,HXL,HEXCEL CORP /DE/,hexcel corp /de/
717720,VALU,VALUE LINE INC,value line
717806,FUSB,"FIRST US BANCSHARES, INC.",first us bancshares
717826,ERIC,ERICSSON LM TELEPHONE CO,ericsson lm telephone
717826,ERIXF,ERICSSON LM TELEPHONE CO,ericsson lm telephone
717954,UNF,UNIFIRST CORP,unifirst
718332,RAVE,"RAVE RESTAURANT GROUP, INC.",rave restaurant group
718413,CMTV,COMMUNITY BANCORP /VT,community bancorp /vt
718937,STAA,STAAR SURGICAL CO,staar surgical
718940,BCEFF,BCE INC,bce
718940,BECEF,BCE INC,bce
718940,BCEPF,BCE INC,bce
718940,BCE,BCE INC,bce
718940,BCEXF,BCE INC,bce
718940,BCPPF,BCE INC,bce
718940,BCAEF,BCE INC,bce
718940,BCEIF,BCE INC,bce
718940,BCENF,BCE INC,bce
719135,APYX,Apyx Medical Corp,apyx medical
719220,STBA,S&T BANCORP INC,s&t bancorp
719245,WEBNF,WESTPAC BANKING CORP,westpac banking
719245,WBKCY,WESTPAC BANKING CORP,westpac banking
719402,FXNC,FIRST NATIONAL CORP /VA/,first national corp /va/
719413,HL,HECLA MINING CO/DE/,hecla mining co/de/
719413,HL-PB,HECLA MINING CO/DE/,hecla mining co/de/
719733,KTCC,KEY TRONIC CORP,key tronic
719955,WSM,WILLIAMS SONOMA INC,williams sonoma
720005,RJF,RAYMOND JAMES FINANCIAL INC,raymond james financial
720154,NOTVQ,"Inotiv, Inc.",inotiv
720500,ASYS,AMTECH SYSTEMS INC,amtech systems
720672,SF,STIFEL FINANCIAL CORP,stifel financial
720672,SFB,STIFEL FINANCIAL CORP,stifel financial
720672,SF-PC,STIFEL FINANCIAL CORP,stifel financial
720672,SF-PD,STIFEL FINANCIAL CORP,stifel financial
720672,SF-PB,STIFEL FINANCIAL CORP,stifel financial
720762,NIMU,NON INVASIVE MONITORING SYSTEMS INC /FL/,non invasive monitoring systems inc /fl/
720858,ITIC,INVESTORS TITLE CO,investors title
721371,CAH,CARDINAL HEALTH INC,cardinal health
721693,CREG,Smart Powerr Corp.,smart powerr
721994,LKFN,LAKELAND FINANCIAL CORP,lakeland financial
722313,NSYS,NORTECH SYSTEMS INC,nortech systems
722572,FKWL,FRANKLIN WIRELESS CORP,franklin wireless
723125,MU,MICRON TECHNOLOGY INC,micron technology
723188,CBU,"COMMUNITY FINANCIAL SYSTEM, INC.",community financial system
723254,CTAS,CINTAS CORP,cintas
723531,PAYX,PAYCHEX INC,paychex
723533,WYGC,Wenyuan Group Corp.,wenyuan group
723603,CULP,CULP INC,culp
723612,CAR,"AVIS BUDGET GROUP, INC.",avis budget group
723646,FRAF,FRANKLIN FINANCIAL SERVICES CORP /PA/,franklin financial services corp /pa/
724004,MLAB,MESA LABORATORIES INC /CO/,mesa laboratories inc /co/
724445,BZYR,BURZYNSKI RESEARCH INSTITUTE INC,burzynski research institute
724742,TPHS,Trinity Place Holdings Inc.,trinity place holdings
724910,NVEC,NVE CORP /NEW/,nve corp /new/
725363,CVM,CEL SCI CORP,cel sci
725394,DHTI,"Dalrada Technology Group, Inc.",dalrada technology group
726601,CCBG,CAPITAL CITY BANK GROUP INC,capital city bank group
726728,O,REALTY INCOME CORP,realty income
726854,CHCO,CITY HOLDING CO,city holding
726958,CASY,CASEYS GENERAL STORES INC,caseys general stores
727273,CDZI,CADIZ INC,cadiz
727273,CDZIP,CADIZ INC,cadiz
727346,GBCS,"SELECTIS HEALTH, INC.",selectis health
727510,ENZN,"Viskase Holdings, Inc.",viskase holdings
728385,BCHT,Birchtech Corp.,birchtech
728387,CATX,"Perspective Therapeutics, Inc.",perspective therapeutics
728535,JBHT,HUNT J B TRANSPORT SERVICES INC,hunt j b transport services
729580,BELFA,BEL FUSE INC /NJ,bel fuse inc /nj
729580,BELFB,BEL FUSE INC /NJ,bel fuse inc /nj
729986,UBSI,UNITED BANKSHARES INC/WV,united bankshares inc/wv
730263,THO,THOR INDUSTRIES INC,thor industries
730272,RGEN,REPLIGEN CORP,repligen
730349,TOFB,TOFUTTI BRANDS INC,tofutti brands
730464,CVSA,Covista Inc.,covista
730708,SBCF,SEACOAST BANKING CORP OF FLORIDA,seacoast banking corp of florida
731012,HCSG,HEALTHCARE SERVICES GROUP INC,healthcare services group
731122,CCFN,MUNCY COLUMBIA FINANCIAL Corp,muncy columbia financial
731653,UBCP,UNITED BANCORP INC /OH/,united bancorp inc /oh/
731766,UNH,UNITEDHEALTH GROUP INC,unitedhealth group
731802,ATO,ATMOS ENERGY CORP,atmos energy
732026,TRT,TRIO-TECH INTERNATIONAL,trio-tech international
732417,HBIA,HILLS BANCORPORATION,hills bancorporation
732712,VZ,VERIZON COMMUNICATIONS INC,verizon communications
732717,T-PC,AT&T INC.,at&t
732717,TBB,AT&T INC.,at&t
732717,T-PA,AT&T INC.,at&t
732717,T,AT&T INC.,at&t
733099,RCI,ROGERS COMMUNICATIONS INC,rogers communications
733099,RCIAF,ROGERS COMMUNICATIONS INC,rogers communications
733269,RAMP,"LiveRamp Holdings, Inc.",liveramp holdings
733590,TCI,TRANSCONTINENTAL REALTY INVESTORS INC,transcontinental realty investors
736012,INTZ,INTRUSION INC,intrusion
736772,CCNE,CNB FINANCIAL CORP/PA,cnb financial corp/pa
736772,CCNEP,CNB FINANCIAL CORP/PA,cnb financial corp/pa
737468,WASH,WASHINGTON TRUST BANCORP INC,washington trust bancorp
737758,TTC,TORO CO,toro
737875,FKYS,FIRST KEYSTONE CORP,first keystone
738214,AMTX,"AEMETIS, INC",aemetis
739421,CZFS,CITIZENS FINANCIAL SERVICES INC,citizens financial services
740260,VTR,"Ventas, Inc.",ventas
740664,RFIL,R F INDUSTRIES LTD,r f industries
740806,FMBM,F&M BANK CORP,f&m bank
742278,RES,RPC INC,rpc
743367,BHB,BAR HARBOR BANKSHARES,bar harbor bankshares
744187,REX,REX AMERICAN RESOURCES Corp,rex american resources
744218,CLDX,"Celldex Therapeutics, Inc.",celldex therapeutics
744452,BNBX,BNB PLUS CORP.,bnb plus
744825,AMS,AMERICAN SHARED HOSPITAL SERVICES,american shared hospital services
745308,JOE,ST JOE Co,st joe
745732,ROST,"ROSS STORES, INC.",ross stores
746210,TWAV,"TaoWeave, Inc.",taoweave
746514,NEN,NEW ENGLAND REALTY ASSOCIATES LIMITED PARTNERSHIP,new england realty associates limited partnership
746515,EXPD,EXPEDITORS INTERNATIONAL OF WASHINGTON INC,expeditors international of washington
746598,BRC,BRADY CORP,brady
746838,UIS,UNISYS CORP,unisys
747540,SPRS,SURGE COMPONENTS INC,surge components
748268,RCAT,"Red Cat Holdings, Inc.",red cat holdings
748592,ERNAW,Ernexa Therapeutics Inc.,ernexa therapeutics
748592,ERNA,Ernexa Therapeutics Inc.,ernexa therapeutics
748691,KF,KOREA FUND INC,korea fund
749098,MGA,MAGNA INTERNATIONAL INC,magna international
749251,IT,GARTNER INC,gartner
749647,IMNN,"Imunon, Inc.",imunon
750004,LAWIL,"Light & Wonder, Inc.",light & wonder
750004,LNWO,"Light & Wonder, Inc.",light & wonder
750558,QNBC,QNB CORP.,qnb
750574,AUBN,"AUBURN NATIONAL BANCORPORATION, INC",auburn national bancorporation
750577,HWCPZ,HANCOCK WHITNEY CORP,hancock whitney
750577,HWC,HANCOCK WHITNEY CORP,hancock whitney
750686,CAC,CAMDEN NATIONAL CORP,camden national
751364,NNN,"NNN REIT, INC.",nnn reit
751365,VIRC,VIRCO MFG CORPORATION,virco mfg
751978,VICR,VICOR CORP,vicor
752642,UMH,"UMH PROPERTIES, INC.",umh properties
752642,UMH-PD,"UMH PROPERTIES, INC.",umh properties
752714,MGRC,MCGRATH RENTCORP,mcgrath rentcorp
753308,NEE,NEXTERA ENERGY INC,nextera energy
753308,NEE-PN,NEXTERA ENERGY INC,nextera energy
753308,NEE-PU,NEXTERA ENERGY INC,nextera energy
753308,NEE-PV,NEXTERA ENERGY INC,nextera energy
753308,NEE-PS,NEXTERA ENERGY INC,nextera energy
753308,NEE-PT,NEXTERA ENERGY INC,nextera energy
753308,NEE-PW,NEXTERA ENERGY INC,nextera energy
754811,GROW,U S GLOBAL INVESTORS INC,u s global investors
755001,UTL,UNITIL CORP,unitil
756894,B,BARRICK MINING CORP,barrick mining
759828,JHI,JOHN HANCOCK INVESTORS TRUST,john hancock investors trust
759866,JHS,JOHN HANCOCK INCOME SECURITIES TRUST,john hancock income securities trust
759944,CFG-PE,CITIZENS FINANCIAL GROUP INC/RI,citizens financial group inc/ri
759944,CFG-PI,CITIZENS FINANCIAL GROUP INC/RI,citizens financial group inc/ri
759944,CFG-PH,CITIZENS FINANCIAL GROUP INC/RI,citizens financial group inc/ri
759944,CFG,CITIZENS FINANCIAL GROUP INC/RI,citizens financial group inc/ri
760498,BANF,BANCFIRST CORP /OK/,bancfirst corp /ok/
760498,BANFP,BANCFIRST CORP /OK/,bancfirst corp /ok/
761648,CDR-PC,"CEDAR REALTY TRUST, INC.",cedar realty trust
761648,CDR-PB,"CEDAR REALTY TRUST, INC.",cedar realty trust
763532,LYTS,LSI INDUSTRIES INC,lsi industries
763563,CHMG,CHEMUNG FINANCIAL CORP,chemung financial
763744,LCII,LCI INDUSTRIES,lci industries
763901,BPOPO,"POPULAR, INC.",popular
763901,BPOP,"POPULAR, INC.",popular
763901,BPOPM,"POPULAR, INC.",popular
763907,FUNC,FIRST UNITED CORP/MD/,first united corp/md/
764038,SSB,SouthState Bank Corp,southstate bank
764065,CLF,CLEVELAND-CLIFFS INC.,cleveland-cliffs
764180,MO,"ALTRIA GROUP, INC.",altria group
764401,IIIN,INSTEEL INDUSTRIES INC,insteel industries
764478,BBY,BEST BUY CO INC,best buy
764622,PNW,PINNACLE WEST CAPITAL CORP,pinnacle west capital
764630,AETN,"AETERNUM HEALTH, INC.",aeternum health
765207,FNLC,"First Bancorp, Inc /ME/","first bancorp, inc /me/"
765880,DOC,"HEALTHPEAK PROPERTIES, INC.",healthpeak properties
766011,CMCL,Caledonia Mining Corp Plc,caledonia mining corp plc
766421,ALK,"ALASKA AIR GROUP, INC.",alaska air group
766704,WELL,WELLTOWER INC.,welltower
766792,CVV,CVD EQUIPMENT CORP,cvd equipment
766829,HTO,H2O AMERICA,h2o america
767405,SBFG,"SB FINANCIAL GROUP, INC.",sb financial group
768408,CYAN,CYANOTECH CORP,cyanotech
768899,TBI,"TrueBlue, Inc.",trueblue
769218,AEFC,AEGON LTD.,aegon
769218,AEGOF,AEGON LTD.,aegon
769218,AEG,AEGON LTD.,aegon
769397,ADSK,"Autodesk, Inc.",autodesk
769520,MIDD,MIDDLEBY Corp,middleby
769594,NTTYY,NIPPON TELEGRAPH & TELEPHONE CORP,nippon telegraph & telephone
769594,NPPXF,NIPPON TELEGRAPH & TELEPHONE CORP,nippon telegraph & telephone
770460,PFBX,PEOPLES FINANCIAL CORP /MS/,peoples financial corp /ms/
771266,KOPN,KOPIN CORP,kopin
771497,ABM,ABM INDUSTRIES INC /DE/,abm industries inc /de/
771856,CSBR,"CHAMPIONS ONCOLOGY, INC.",champions oncology
771992,PAAS,PAN AMERICAN SILVER CORP,pan american silver
771992,PAASF,PAN AMERICAN SILVER CORP,pan american silver
771999,DSS,"DSS, INC.",dss
772263,NICH,NITCHES INC,nitches
772406,CRUS,"CIRRUS LOGIC, INC.",cirrus logic
773717,ACRG,"American Clean Resources Group, Inc.",american clean resources group
773840,HON,HONEYWELL INTERNATIONAL INC,honeywell international
774415,KRFG,"King Resources, Inc.",king resources
775057,ALTX,ALTEX INDUSTRIES INC,altex industries
775158,OSK,OSHKOSH CORP,oshkosh
775215,HBT,"HBT Financial, Inc.",hbt financial
776867,WTM,WHITE MOUNTAINS INSURANCE GROUP LTD,white mountains insurance group
776901,INDB,INDEPENDENT BANK CORP,independent bank
778164,ALTO,"Alto Ingredients, Inc.",alto ingredients
779152,JKHY,JACK HENRY & ASSOCIATES INC,jack henry & associates
779227,STLE,STEELE BANCORP INC,steele bancorp
779336,IAF,"ABRDN AUSTRALIA EQUITY FUND, INC.",abrdn australia equity fund
779544,ARKR,ARK RESTAURANTS CORP,ark restaurants
780571,ITRI,"ITRON, INC.",itron
783324,VGZ,VISTA GOLD CORP,vista gold
783325,WEC,"WEC ENERGY GROUP, INC.",wec energy group
783412,DJCO,DAILY JOURNAL CORP,daily journal
784199,AORT,"ARTIVION, INC.",artivion
784539,EACO,EACO CORP,eaco
784977,POR,PORTLAND GENERAL ELECTRIC CO /OR/,portland general electric co /or/
785161,EHC,Encompass Health Corp,encompass health
785557,DLHC,DLH Holdings Corp.,dlh holdings
785786,PLXS,PLEXUS CORP,plexus
785956,JJSF,J&J SNACK FOODS CORP,j&j snack foods
786035,ASG,LIBERTY ALL STAR GROWTH FUND INC.,liberty all star growth fund
786298,FGFH,FORESIGHT FINANCIAL GROUP INC,foresight financial group
787253,NAII,NATURAL ALTERNATIVES INTERNATIONAL INC,natural alternatives international
787496,UBYHD,UBUYHOLDINGS INC,ubuyholdings
788329,JOUT,JOHNSON OUTDOORS INC,johnson outdoors
788611,NTRP,"NextTrip, Inc.",nexttrip
788784,PEG,PUBLIC SERVICE ENTERPRISE GROUP INC,public service enterprise group
788920,PDEX,PRO DEX INC,pro dex
788965,HNRG,HALLADOR ENERGY CO,hallador energy
789019,MSFT,MICROSOFT CORP,microsoft
789460,WKC,WORLD KINECT CORP,world kinect
789570,MGM,MGM Resorts International,mgm resorts international
789933,NC,NACCO INDUSTRIES INC,nacco industries
790051,CSL,CARLISLE COMPANIES INC,carlisle companies
790273,CONC,CONECTISYS CORP,conectisys
790359,NBTB,NBT BANCORP INC,nbt bancorp
790500,ABAKF,"ABRDN ASIA-PACIFIC INCOME FUND, INC.",abrdn asia-pacific income fund
790500,FAX,"ABRDN ASIA-PACIFIC INCOME FUND, INC.",abrdn asia-pacific income fund
790526,RDNT,"RadNet, Inc.",radnet
790816,BDN,BRANDYWINE REALTY TRUST,brandywine realty trust
791718,EEA,"EUROPEAN EQUITY FUND, INC / MD","european equity fund, inc / md"
791908,XOMAO,XOMA Royalty Corp,xoma royalty
791908,XOMA,XOMA Royalty Corp,xoma royalty
791908,XOMAP,XOMA Royalty Corp,xoma royalty
791963,OPY,OPPENHEIMER HOLDINGS INC,oppenheimer holdings
792966,FMAO,FARMERS & MERCHANTS BANCORP INC,farmers & merchants bancorp
792987,ASTE,ASTEC INDUSTRIES INC,astec industries
793040,ECF,ELLSWORTH GROWTH & INCOME FUND LTD,ellsworth growth & income fund
793040,ECF-PA,ELLSWORTH GROWTH & INCOME FUND LTD,ellsworth growth & income fund
793074,WERN,WERNER ENTERPRISES INC,werner enterprises
793306,BDCO,BLUE DOLPHIN ENERGY CO,blue dolphin energy
793524,REFR,RESEARCH FRONTIERS INC,research frontiers
793628,CHNR,CHINA NATURAL RESOURCES INC,china natural resources
793733,SKYW,SKYWEST INC,skywest
793742,HACBY,HACHIJUNI BANK LTD,hachijuni bank
793742,HACBF,HACHIJUNI BANK LTD,hachijuni bank
793952,HOG,"HARLEY-DAVIDSON, INC.",harley-davidson
794170,TOL,"Toll Brothers, Inc.",toll brothers
794367,M,"Macy's, Inc.",macy's
794685,GAB-PK,GABELLI EQUITY TRUST INC,gabelli equity trust
794685,GAB-PG,GABELLI EQUITY TRUST INC,gabelli equity trust
794685,GAB-PH,GABELLI EQUITY TRUST INC,gabelli equity trust
794685,GAB,GABELLI EQUITY TRUST INC,gabelli equity trust
794998,SETO,SETO HOLDINGS INC,seto holdings
795266,KBH,KB HOME,kb home
795403,WTS,WATTS WATER TECHNOLOGIES INC,watts water technologies
795800,NEXM,NexMetals Mining Corp.,nexmetals mining
796343,ADBE,ADOBE INC.,adobe
796505,CLFD,"Clearfield, Inc.",clearfield
796534,NKSH,NATIONAL BANKSHARES INC,national bankshares
797465,STLY,"HG Holdings, Inc.",hg holdings
797468,OXY-WT,OCCIDENTAL PETROLEUM CORP /DE/,occidental petroleum corp /de/
797468,OXY,OCCIDENTAL PETROLEUM CORP /DE/,occidental petroleum corp /de/
797542,QXL,QUANTUM X LABS INC.,quantum x labs
797564,HSTC,"HST Global, Inc.",hst global
797721,VSAT,VIASAT INC,viasat
798081,LAKE,LAKELAND INDUSTRIES INC,lakeland industries
798287,PAMT,PAMT CORP,pamt
798354,FISV,FISERV INC,fiserv
798359,CSR,CENTERSPACE,centerspace
798528,OMEX,ODYSSEY MARINE EXPLORATION INC,odyssey marine exploration
798783,UHT,UNIVERSAL HEALTH REALTY INCOME TRUST,universal health realty income trust
798941,FCNCP,FIRST CITIZENS BANCSHARES INC /DE/,first citizens bancshares inc /de/
798941,FCNCN,FIRST CITIZENS BANCSHARES INC /DE/,first citizens bancshares inc /de/
798941,FCNCO,FIRST CITIZENS BANCSHARES INC /DE/,first citizens bancshares inc /de/
798941,FCNCB,FIRST CITIZENS BANCSHARES INC /DE/,first citizens bancshares inc /de/
798941,FCNCA,FIRST CITIZENS BANCSHARES INC /DE/,first citizens bancshares inc /de/
799165,DWSN,DAWSON GEOPHYSICAL CO,dawson geophysical
799167,MRTN,MARTEN TRANSPORT LTD,marten transport
799195,USA,LIBERTY ALL STAR EQUITY FUND,liberty all star equity fund
799233,HTLD,HEARTLAND EXPRESS INC,heartland express
799288,LE,"LANDS' END, INC.",lands' end
799292,MHO,"M/I HOMES, INC.",m/i homes
799850,CRMT,AMERICAS CARMART INC,americas carmart
800457,DGICB,DONEGAL GROUP INC,donegal group
800457,DGICA,DONEGAL GROUP INC,donegal group
800523,GGLXF,GGL RESOURCES CORP.,ggl resources
801337,WBS-PG,WEBSTER FINANCIAL CORP,webster financial
801337,WBS-PF,WEBSTER FINANCIAL CORP,webster financial
801337,WBS,WEBSTER FINANCIAL CORP,webster financial
801645,MARUF,MARUBENI CORP /FI,marubeni corp /fi
801961,MFM,ABERDEEN MUNICIPAL INCOME FUND,aberdeen municipal income fund
802257,MITI,"Mitesco, Inc.",mitesco
802481,PPC,PILGRIMS PRIDE CORP,pilgrims pride
803016,CFNBD,CALIFORNIA FIRST LEASING CORP,california first leasing
803016,CFNB,CALIFORNIA FIRST LEASING CORP,california first leasing
803097,SPQS,"SportsQuest, Inc.",sportsquest
803164,COFS,CHOICEONE FINANCIAL SERVICES INC,choiceone financial services
803578,AIFF,"FIREFLY NEUROSCIENCE, INC.",firefly neuroscience
803742,KISB,KISH BANCORP INC,kish bancorp
804116,RVT,"ROYCE SMALL-CAP TRUST, INC.",royce small-cap trust
804123,TWN,TAIWAN FUND INC,taiwan fund
804328,QCOM,QUALCOMM INC/DE,qualcomm inc/de
804563,BMBN,BENCHMARK BANKSHARES INC,benchmark bankshares
805267,HQH,abrdn Healthcare Investors,abrdn healthcare investors
805676,PRK,PARK NATIONAL CORP /OH/,park national corp /oh/
805928,AXGN,"Axogen, Inc.",axogen
806172,SOTK,SONO TEK CORP,sono tek
806628,DNP,DNP SELECT INCOME FUND INC,dnp select income fund
806968,WPPGF,WPP plc,wpp plc
806968,WPP,WPP plc,wpp plc
807863,MITK,MITEK SYSTEMS INC,mitek systems
807882,JACK,JACK IN THE BOX INC,jack in the box
808439,TATT,TAT TECHNOLOGIES LTD,tat technologies
809173,MMT,ABERDEEN MULTI-MARKET INCOME FUND,aberdeen multi-market income fund
809559,TSI,TCW STRATEGIC INCOME FUND INC,tcw strategic income fund
809708,EMF,TEMPLETON EMERGING MARKETS FUND,templeton emerging markets fund
810136,PLAB,PHOTRONICS INC,photronics
810332,RJET,REPUBLIC AIRWAYS HOLDINGS INC.,republic airways holdings
810766,CIK,"CREDIT SUISSE ASSET MANAGEMENT INCOME FUND, INC.",credit suisse asset management income fund
810943,PCF,HIGH INCOME SECURITIES FUND,high income securities fund
810958,CZNC,CITIZENS & NORTHERN CORP,citizens & northern
811156,CMS-PC,CMS ENERGY CORP,cms energy
811156,CMSA,CMS ENERGY CORP,cms energy
811156,CMSD,CMS ENERGY CORP,cms energy
811156,CMSC,CMS ENERGY CORP,cms energy
811156,CMS,CMS ENERGY CORP,cms energy
811211,UNIB,UNIVERSITY BANCORP INC /DE/,university bancorp inc /de/
811222,CDIX,Cardiff Lexington Corp,cardiff lexington
811522,QZMRF,QUARTZ MOUNTAIN RESOURCES LTD,quartz mountain resources
811589,FBNC,FIRST BANCORP /NC/,first bancorp /nc/
811596,KALU,KAISER ALUMINUM CORP,kaiser aluminum
811641,ICCC,IMMUCELL CORP /DE/,immucell corp /de/
811809,BHP,BHP Group Ltd,bhp group
811809,BHPLF,BHP Group Ltd,bhp group
811922,MGF,ABERDEEN GOVERNMENT MARKETS INCOME FUND,aberdeen government markets income fund
812011,MTN,VAIL RESORTS INC,vail resorts
812074,OI,"O-I Glass, Inc. /DE/","o-i glass, inc. /de/"
812306,PCYN,PROCYON CORP,procyon
812796,SNGX,"SOLIGENIX, INC.",soligenix
812801,NUV,NUVEEN MUNICIPAL VALUE FUND INC,nuveen municipal value fund
813298,DXLG,"DESTINATION XL GROUP, INC.",destination xl group
813623,SWZ,Total Return Securities Fund,total return securities fund
813672,CDNS,CADENCE DESIGN SYSTEMS INC,cadence design systems
813716,CIRX,CIRTRAN CORP,cirtran
813762,IEP,ICAHN ENTERPRISES L.P.,icahn enterprises
814052,TEFOF,TELEFONICA S A,telefonica s a
814052,TELFY,TELEFONICA S A,telefonica s a
814083,CLM,"Cornerstone Strategic Investment Fund, Inc.",cornerstone strategic investment fund
814453,NWL,NEWELL BRANDS INC.,newell brands
814547,FICO,FAIR ISAAC CORP,fair isaac
814585,MBI,MBIA INC,mbia
814586,LWAY,"Lifeway Foods, Inc.",lifeway foods
814676,CPSH,CPS TECHNOLOGIES CORP/DE/,cps technologies corp/de/
814926,CAPC,"CAPSTONE COMPANIES, INC.",capstone companies
815097,CCL,Carnival Corp Ltd.,carnival corp
815556,FAST,FASTENAL CO,fastenal
816761,TDC,TERADATA CORP /DE/,teradata corp /de/
816956,CNMD,CONMED Corp,conmed
817720,SYNA,SYNAPTICS Inc,synaptics
818033,HRTX,"HERON THERAPEUTICS, INC. /DE/","heron therapeutics, inc. /de/"
818479,XRAY,DENTSPLY SIRONA Inc.,dentsply sirona
818677,SFDL,SECURITY FEDERAL CORP,security federal
818686,TEVJF,TEVA PHARMACEUTICAL INDUSTRIES LTD,teva pharmaceutical industries
818686,TEVA,TEVA PHARMACEUTICAL INDUSTRIES LTD,teva pharmaceutical industries
818850,NNY,NUVEEN NEW YORK MUNICIPAL VALUE FUND,nuveen new york municipal value fund
818851,NCA,NUVEEN CALIFORNIA MUNICIPAL VALUE FUND,nuveen california municipal value fund
818972,LEO,"BNY MELLON STRATEGIC MUNICIPALS, INC.",bny mellon strategic municipals
819793,AIN,ALBANY INTERNATIONAL CORP /DE/,albany international corp /de/
819926,SEII,SHARING ECONOMY INTERNATIONAL INC.,sharing economy international
820027,AMP,AMERIPRISE FINANCIAL INC,ameriprise financial
820313,APH,AMPHENOL CORP /DE/,amphenol corp /de/
820318,COHR,COHERENT CORP.,coherent
820771,GFMH,Goliath Film & Media Holdings,goliath film & media holdings
821002,GIII,G III APPAREL GROUP LTD /DE/,g iii apparel group ltd /de/
821026,ANDE,"Andersons, Inc.",andersons
821130,AD,"ARRAY DIGITAL INFRASTRUCTURE, INC.",array digital infrastructure
821130,UZE,"ARRAY DIGITAL INFRASTRUCTURE, INC.",array digital infrastructure
821130,UZD,"ARRAY DIGITAL INFRASTRUCTURE, INC.",array digital infrastructure
821130,UZF,"ARRAY DIGITAL INFRASTRUCTURE, INC.",array digital infrastructure
821189,EOG,EOG RESOURCES INC,eog resources
821483,PARR,"PAR PACIFIC HOLDINGS, INC.",par pacific holdings
822370,EMMA,"Emmaus Life Sciences, Inc.",emmaus life sciences
822416,PHM,PULTEGROUP INC/MI/,pultegroup inc/mi/
822663,IPAR,INTERPARFUMS INC,interparfums
822818,CLH,CLEAN HARBORS INC,clean harbors
823277,CHSCP,CHS INC,chs
823277,CHSCM,CHS INC,chs
823277,CHSCL,CHS INC,chs
823277,CHSCO,CHS INC,chs
823277,CHSCN,CHS INC,chs
823768,WM,WASTE MANAGEMENT INC,waste management
824142,AAON,"AAON, INC.",aaon
824416,QPRC,QUEST PATENT RESEARCH CORP,quest patent research
825202,FUND,SPROTT FOCUS TRUST INC.,sprott focus trust
825313,AB,ALLIANCEBERNSTEIN HOLDING L.P.,alliancebernstein holding
825324,GTIM,Good Times Restaurants Inc.,good times restaurants
825542,SMG,SCOTTS MIRACLE-GRO CO,scotts miracle-gro
826020,BRW,Saba Capital Income & Opportunities Fund,saba capital income & opportunities fund
826154,ORRF,ORRSTOWN FINANCIAL SERVICES INC,orrstown financial services
826253,AUSI,AURA SYSTEMS INC,aura systems
826675,DX,DYNEX CAPITAL INC,dynex capital
826675,DX-PC,DYNEX CAPITAL INC,dynex capital
826735,MIN,ABERDEEN INTERMEDIATE INCOME FUND,aberdeen intermediate income fund
827052,EIX,EDISON INTERNATIONAL,edison international
827054,MCHP,MICROCHIP TECHNOLOGY INC,microchip technology
827054,MCHPP,MICROCHIP TECHNOLOGY INC,microchip technology
827099,CPWR,Ocean Thermal Energy Corp,ocean thermal energy
827187,SNBRQ,Sleep Number Corp,sleep number
827773,PPT,PUTNAM PREMIER INCOME TRUST,putnam premier income trust
827876,CLSK,"CLEANSPARK, INC.",cleanspark
827876,CLSKW,"CLEANSPARK, INC.",cleanspark
828146,LINK,INTERLINK ELECTRONICS INC,interlink electronics
828803,SABA,Saba Capital Income & Opportunities Fund II,saba capital income & opportunities fund ii
828944,WSFS,WSFS FINANCIAL CORP,wsfs financial
829224,SBUX,STARBUCKS CORP,starbucks
829323,INUV,"Inuvo, Inc.",inuvo
829365,NTPIF,NAM TAI PROPERTY INC.,nam tai property
830271,NMI,NUVEEN MUNICIPAL INCOME FUND INC,nuveen municipal income fund
830487,MHF,WESTERN ASSET MUNICIPAL HIGH INCOME FUND INC.,western asset municipal high income fund
830616,SCIA,"SCI Engineered Materials, Inc.",sci engineered materials
830622,PIM,PUTNAM MASTER INTERMEDIATE INCOME TRUST,putnam master intermediate income trust
831001,C-PN,CITIGROUP INC,citigroup
831001,C,CITIGROUP INC,citigroup
831001,C-PR,CITIGROUP INC,citigroup
831259,FCX,FREEPORT-MCMORAN INC,freeport-mcmoran
831609,CWLXF,C21 Investments Inc.,c21 investments
831609,CXXIF,C21 Investments Inc.,c21 investments
831641,TTEK,TETRA TECH INC,tetra tech
831655,MPV,BARINGS PARTICIPATION INVESTORS,barings participation investors
832101,IEX,IDEX CORP /DE/,idex corp /de/
832327,BKT,"BLACKROCK INCOME TRUST, INC.",blackrock income trust
832370,EAXR,"Ealixir, Inc.",ealixir
832428,SSP,E.W. SCRIPPS Co,e.w. scripps
832480,UTGN,UTG INC,utg
832489,GOVX,"GeoVax Labs, Inc.",geovax labs
832988,SIG,SIGNET JEWELERS LTD,signet jewelers
833040,FT,FRANKLIN UNIVERSAL TRUST,franklin universal trust
833079,MTH,Meritage Homes CORP,meritage homes
833444,JCI,Johnson Controls International plc,johnson controls international plc
833640,POWI,POWER INTEGRATIONS INC,power integrations
834365,BLFS,BIOLIFE SOLUTIONS INC,biolife solutions
835011,MGPI,MGP INGREDIENTS INC,mgp ingredients
835324,SYBT,"Stock Yards Bancorp, Inc.",stock yards bancorp
835333,OIA,Invesco Municipal Income Opportunities Trust,invesco municipal income opportunities trust
835403,DGEAF,DIAGEO PLC,diageo plc
835403,DEO,DIAGEO PLC,diageo plc
835662,AIXN,"AiXin Life International, Inc.",aixin life international
836157,LNN,LINDSAY CORP,lindsay
836412,ZTR,Virtus Total Return Fund Inc.,virtus total return fund
836564,CPMV,Mosaic ImmunoEngineering Inc.,mosaic immunoengineering
836690,ISSC,INNOVATIVE SOLUTIONS & SUPPORT INC,innovative solutions & support
837465,CALY,Callaway Golf Co,callaway golf
838131,JMM,Nuveen Multi-Market Income Fund,nuveen multi-market income fund
838875,WVVIP,WILLAMETTE VALLEY VINEYARDS INC,willamette valley vineyards
838875,WVVI,WILLAMETTE VALLEY VINEYARDS INC,willamette valley vineyards
839087,VASO,VASO Corp,vaso
839470,WWR,"WESTWATER RESOURCES, INC.",westwater resources
839533,KTF,DWS MUNICIPAL INCOME TRUST,dws municipal income trust
839923,VODPF,VODAFONE GROUP PUBLIC LTD CO,vodafone group public ltd
839923,VOD,VODAFONE GROUP PUBLIC LTD CO,vodafone group public ltd
840489,FCFS,"FirstCash Holdings, Inc.",firstcash holdings
840715,CLRO,CLEARONE INC,clearone
841533,SRMX,"SADDLE RANCH MEDIA, INC.",saddle ranch media
842023,TECH,BIO-TECHNE Corp,bio-techne
842162,LEA,LEAR CORP,lear
842180,BBVXF,"BANCO BILBAO VIZCAYA ARGENTARIA, S.A.","banco bilbao vizcaya argentaria, s.a"
842180,BBVA,"BANCO BILBAO VIZCAYA ARGENTARIA, S.A.","banco bilbao vizcaya argentaria, s.a"
842517,ISBA,ISABELLA BANK CORP,isabella bank
842622,WEXPF,WESTERN EXPLORATION INC.,western exploration
842633,TRS,TRIMAS CORP,trimas
842717,BRBS,"BLUE RIDGE BANKSHARES, INC.",blue ridge bankshares
843006,ACCS,ACCESS Newswire Inc.,access newswire
844059,FRPH,"FRP HOLDINGS, INC.",frp holdings
844150,RBSPF,NatWest Group plc,natwest group plc
844150,NWG,NatWest Group plc,natwest group plc
844551,WOPEF,WOODSIDE ENERGY GROUP LTD,woodside energy group
844551,WDS,WOODSIDE ENERGY GROUP LTD,woodside energy group
844790,PMM,PUTNAM MANAGED MUNICIPAL INCOME TRUST,putnam managed municipal income trust
844856,HCMC,Healthier Choices Management Corp.,healthier choices management
844965,TTI,TETRA TECHNOLOGIES INC,tetra technologies
844985,POSC,POSITRON CORP,positron
845385,PIAC,PRINCETON CAPITAL CORP,princeton capital
845611,GCV,GABELLI CONVERTIBLE & INCOME SECURITIES FUND INC,gabelli convertible & income securities fund
845819,KTEL,"KonaTel, Inc.",konatel
845877,AGM-PI,FEDERAL AGRICULTURAL MORTGAGE CORP,federal agricultural mortgage
845877,AGM,FEDERAL AGRICULTURAL MORTGAGE CORP,federal agricultural mortgage
845877,AGM-A,FEDERAL AGRICULTURAL MORTGAGE CORP,federal agricultural mortgage
845877,AGM-PG,FEDERAL AGRICULTURAL MORTGAGE CORP,federal agricultural mortgage
845877,AGM-PD,FEDERAL AGRICULTURAL MORTGAGE CORP,federal agricultural mortgage
845877,AGM-PE,FEDERAL AGRICULTURAL MORTGAGE CORP,federal agricultural mortgage
845877,AGM-PF,FEDERAL AGRICULTURAL MORTGAGE CORP,federal agricultural mortgage
845877,AGM-PH,FEDERAL AGRICULTURAL MORTGAGE CORP,federal agricultural mortgage
845982,SNN,SMITH & NEPHEW PLC,smith & nephew plc
845982,SNNUF,SMITH & NEPHEW PLC,smith & nephew plc
846377,TGNT,"Totaligent, Inc.",totaligent
846617,DCOM,"Dime Commercial Bancshares, Inc. /NY/","dime commercial bancshares, inc. /ny/"
846617,DCBG,"Dime Commercial Bancshares, Inc. /NY/","dime commercial bancshares, inc. /ny/"
846617,DCOM-P,"Dime Commercial Bancshares, Inc. /NY/","dime commercial bancshares, inc. /ny/"
846671,VLT,Invesco High Income Trust II,invesco high income trust ii
846676,AEF,"abrdn Emerging Markets ex-China Fund, Inc.",abrdn emerging markets ex-china fund
846913,FTEK,"FUEL TECH, INC.",fuel tech
847538,CPKF,CHESAPEAKE FINANCIAL SHARES INC,chesapeake financial shares
847942,STQN,STRATEGIC ACQUISITIONS INC /NV/,strategic acquisitions inc /nv/
849145,HGBL,Heritage Global Inc.,heritage global
849146,LFVN,Lifevantage Corp,lifevantage
849395,CRH,CRH PUBLIC LTD CO,crh public ltd
849399,GEN,Gen Digital Inc.,gen digital
849399,GENVR,Gen Digital Inc.,gen digital
849401,ADMT,"ADM TRONICS UNLIMITED, INC.",adm tronics unlimited
849869,SLGN,SILGAN HOLDINGS INC,silgan holdings
849997,FECOF,FEC Resources Inc.,fec resources
850027,GRF,"EAGLE CAPITAL GROWTH FUND, INC.",eagle capital growth fund
850141,HMN,HORACE MANN EDUCATORS CORP /DE/,horace mann educators corp /de/
850429,TG,TREDEGAR CORP,tredegar
850918,GWLIF,GREAT-WEST LIFECO INC.,great-west lifeco
850918,GRWTF,GREAT-WEST LIFECO INC.,great-west lifeco
850918,GRWLF,GREAT-WEST LIFECO INC.,great-west lifeco
850918,GWLPF,GREAT-WEST LIFECO INC.,great-west lifeco
850918,GRWFF,GREAT-WEST LIFECO INC.,great-west lifeco
851205,CGNX,COGNEX CORP,cognex
851310,HLIT,HARMONIC INC.,harmonic
851520,EXPO,EXPONENT INC,exponent
851968,MHK,MOHAWK INDUSTRIES INC,mohawk industries
853816,LSTR,LANDSTAR SYSTEM INC,landstar system
854560,GSBC,"GREAT SOUTHERN BANCORP, INC.",great southern bancorp
854775,DGII,DIGI INTERNATIONAL INC,digi international
855658,LSCC,LATTICE SEMICONDUCTOR CORP,lattice semiconductor
855683,MLSS,MILESTONE SCIENTIFIC INC.,milestone scientific
855886,PDT,JOHN HANCOCK PREMIUM DIVIDEND FUND,john hancock premium dividend fund
855887,DSM,"BNY MELLON STRATEGIC MUNICIPAL BOND FUND, INC.",bny mellon strategic municipal bond fund
855950,PNPNF,POWER METALLIC MINES INC.,power metallic mines
856982,MMSI,MERIT MEDICAL SYSTEMS INC,merit medical systems
856984,USAQ,"QHSLab, Inc.",qhslab
857005,PTC,PTC INC.,ptc
857855,UCB,UNITED COMMUNITY BANKS INC,united community banks
858446,ICHGF,INTERCONTINENTAL HOTELS GROUP PLC /NEW/,intercontinental hotels group plc /new/
858446,IHG,INTERCONTINENTAL HOTELS GROUP PLC /NEW/,intercontinental hotels group plc /new/
858706,GF,NEW GERMANY FUND INC,new germany fund
858877,CSCO,"CISCO SYSTEMS, INC.",cisco systems
859070,FCBC,FIRST COMMUNITY BANKSHARES INC /VA/,first community bankshares inc /va/
859796,JOF,JAPAN SMALLER CAPITALIZATION FUND INC,japan smaller capitalization fund
860413,FIBK,FIRST INTERSTATE BANCSYSTEM INC,first interstate bancsystem
860489,CEE,"CENTRAL & EASTERN EUROPE FUND, INC.",central & eastern europe fund
860546,CDP,COPT DEFENSE PROPERTIES,copt defense properties
860730,HCA,"HCA Healthcare, Inc.",hca healthcare
860731,TYL,TYLER TECHNOLOGIES INC,tyler technologies
860748,KMPB,KEMPER Corp,kemper
860748,KMPR,KEMPER Corp,kemper
861459,GVA,GRANITE CONSTRUCTION INC,granite construction
861842,CATY,CATHAY GENERAL BANCORP,cathay general bancorp
861884,RS,"RELIANCE, INC.",reliance
861967,WOLTF,WOLTERS KLUWER N V /FI,wolters kluwer n v /fi
861967,WTKWY,WOLTERS KLUWER N V /FI,wolters kluwer n v /fi
861972,SRLZF,Salazar Resources Ltd,salazar resources
862022,HGTXU,HUGOTON ROYALTY TRUST,hugoton royalty trust
862651,INVU,"Investview, Inc.",investview
862651,INVUP,"Investview, Inc.",investview
862668,ESMC,ESCALON MEDICAL CORP,escalon medical
862692,CCEL,CRYO CELL INTERNATIONAL INC,cryo cell international
862831,FIISO,FINANCIAL INSTITUTIONS INC,financial institutions
862831,FISI,FINANCIAL INSTITUTIONS INC,financial institutions
862831,FIISP,FINANCIAL INSTITUTIONS INC,financial institutions
862861,AIFC,AI Financial Corp,ai financial
863064,RTPPF,RIO TINTO PLC,rio tinto plc
863064,RIO,RIO TINTO PLC,rio tinto plc
863110,ARTNB,ARTESIAN RESOURCES CORP,artesian resources
863110,ARTNA,ARTESIAN RESOURCES CORP,artesian resources
863436,BHE,BENCHMARK ELECTRONICS INC,benchmark electronics
863894,VERU,VERU INC.,veru
863900,MXE,MEXICO EQUITY & INCOME FUND INC,mexico equity & income fund
864240,SYPR,SYPRIS SOLUTIONS INC,sypris solutions
864749,TRMB,TRIMBLE INC.,trimble
865400,GSVRF,GUANAJUATO SILVER CO LTD,guanajuato silver
865752,MNST,Monster Beverage Corp,monster beverage
866273,MTRX,MATRIX SERVICE CO,matrix service
866291,ALGM,"ALLEGRO MICROSYSTEMS, INC.",allegro microsystems
866374,FLEX,FLEX LTD.,flex
866439,DPLS,"DarkPulse, Inc.",darkpulse
866706,ESE,ESCO TECHNOLOGIES INC,esco technologies
866729,SCHL,SCHOLASTIC CORP,scholastic
866787,AZO,AUTOZONE INC,autozone
866829,HLX,HELIX ENERGY SOLUTIONS GROUP INC,helix energy solutions group
867038,SPND,SPINDLETOP OIL & GAS CO,spindletop oil & gas
867840,POCI,"PRECISION OPTICS CORPORATION, INC.",precision optics corporation
868278,PRPH,"ProPhase Labs, Inc.",prophase labs
868578,PFD,FLAHERTY & CRUMRINE PREFERRED & INCOME FUND INC,flaherty & crumrine preferred & income fund
868671,GBCI,"GLACIER BANCORP, INC.",glacier bancorp
868675,TU,TELUS CORP,telus
868780,DORM,"Dorman Products, Inc.",dorman products
868822,CRCUF,Canagold Resources Ltd.,canagold resources
868857,ACM,AECOM,aecom
871763,MAN,ManpowerGroup Inc.,manpowergroup
872589,REGN,"REGENERON PHARMACEUTICALS, INC.",regeneron pharmaceuticals
872699,KDKGF,KLONDIKE GOLD CORP /FI,klondike gold corp /fi
872716,ALPIB,ALPINE BANKS OF COLORADO,alpine banks of colorado
872912,DCTH,"DELCATH SYSTEMS, INC.",delcath systems
873303,SRPT,"Sarepta Therapeutics, Inc.",sarepta therapeutics
873860,ONIT,ONITY GROUP INC.,onity group
874015,IONS,IONIS PHARMACEUTICALS INC,ionis pharmaceuticals
874238,STRL,"STERLING INFRASTRUCTURE, INC.",sterling infrastructure
874396,LCUT,"LIFETIME BRANDS, INC",lifetime brands
874499,GPOR,GULFPORT ENERGY CORP,gulfport energy
874501,OSG,OCTAVE SPECIALTY GROUP INC,octave specialty group
874716,IDXX,IDEXX LABORATORIES INC /DE,idexx laboratories inc /de
874761,AES,AES CORP,aes
874766,HIG,"HARTFORD INSURANCE GROUP, INC.",hartford insurance group
874766,HIG-PG,"HARTFORD INSURANCE GROUP, INC.",hartford insurance group
874866,CRVL,CORVEL CORP,corvel
875045,BIIB,BIOGEN INC.,biogen
875320,VRTX,VERTEX PHARMACEUTICALS INC / MA,vertex pharmaceuticals inc / ma
875355,TULP,"BLOOMIA HOLDINGS, INC.",bloomia holdings
875357,BOKF,BOK FINANCIAL CORP,bok financial
875582,NTIC,NORTHERN TECHNOLOGIES INTERNATIONAL CORP,northern technologies international
875657,ULBI,ULTRALIFE CORP,ultralife
875729,BNET,BION ENVIRONMENTAL TECHNOLOGIES INC,bion environmental technologies
876167,PRGS,PROGRESS SOFTWARE CORP /MA,progress software corp /ma
876343,LCTX,"Lineage Cell Therapeutics, Inc.",lineage cell therapeutics
876427,MNRO,"MONRO, INC.",monro
876437,MTG,MGIC INVESTMENT CORP,mgic investment
876523,EZPW,EZCORP INC,ezcorp
876779,RMTHF,MAGIC SOFTWARE ENTERPRISES LTD,magic software enterprises
876883,STGW,Stagwell Inc,stagwell
877019,GGOXF,Galleon Gold Corp.,galleon gold
877028,TWOSF,T2 Metals Corp.,t2 metals
877212,ZBRA,ZEBRA TECHNOLOGIES CORP,zebra technologies
877463,VKQ,Invesco Municipal Trust,invesco municipal trust
877860,NHI,NATIONAL HEALTH INVESTORS INC,national health investors
878518,TGB,Trekor Metals Ltd,trekor metals
878927,ODFL,"OLD DOMINION FREIGHT LINE, INC.",old dominion freight line
878932,EQS,"EQUUS TOTAL RETURN, INC.",equus total return
879101,KIM-PN,KIMCO REALTY CORP,kimco realty
879101,KIM,KIMCO REALTY CORP,kimco realty
879101,KIM-PL,KIMCO REALTY CORP,kimco realty
879101,KIM-PM,KIMCO REALTY CORP,kimco realty
879169,INCY,INCYTE CORP,incyte
879407,ARWR,"ARROWHEAD PHARMACEUTICALS, INC.",arrowhead pharmaceuticals
879526,WNC,WABASH NATIONAL Corp,wabash national
879535,DTF,DTF TAX-FREE INCOME 2028 TERM FUND INC,dtf tax-free income 2028 term fund
879585,ATNI,"ATN International, Inc.",atn international
879635,MPB,MID PENN BANCORP INC,mid penn bancorp
879764,TTE,TotalEnergies SE,totalenergies se
879911,AERG,"APPLIED ENERGETICS, INC.",applied energetics
879911,AERGP,"APPLIED ENERGETICS, INC.",applied energetics
880117,JBSS,SANFILIPPO JOHN B & SON INC,sanfilippo john b & son
880242,BLGO,"BIOLARGO, INC.",biolargo
880266,AGCO,AGCO CORP /DE,agco corp /de
880406,HERZ,"Herzfeld Credit Income Fund, Inc",herzfeld credit income fund
880417,CSBB,"CSB Bancorp, Inc.",csb bancorp
880631,WT,"WisdomTree, Inc.",wisdomtree
880641,EFSI,EAGLE FINANCIAL SERVICES INC,eagle financial services
880807,AMSC,AMERICAN SUPERCONDUCTOR CORP /DE/,american superconductor corp /de/
880892,VGM,Invesco Trust for Investment Grade Municipals,invesco trust for investment grade municipals
880984,ACFN,"ACORN ENERGY, INC.",acorn energy
881787,CRT,CROSS TIMBERS ROYALTY TRUST,cross timbers royalty trust
882071,PFO,Flaherty & Crumrine PREFERRED & INCOME OPPORTUNITY FUND INC,flaherty & crumrine preferred & income opportunity fund
882095,GILD,"GILEAD SCIENCES, INC.",gilead sciences
882150,MYN,"BLACKROCK MUNIYIELD NEW YORK QUALITY FUND, INC.",blackrock muniyield new york quality fund
882184,DHI,HORTON D R INC /DE/,horton d r inc /de/
882291,AEMD,AETHLON MEDICAL INC,aethlon medical
882300,SBI,WESTERN ASSET INTERMEDIATE MUNI FUND INC.,western asset intermediate muni fund
882361,APTOF,Aptose Biosciences Inc.,aptose biosciences
882508,QUIK,QUICKLOGIC Corp,quicklogic
882796,BCRX,BIOCRYST PHARMACEUTICALS INC,biocryst pharmaceuticals
882835,ROP,ROPER TECHNOLOGIES INC,roper technologies
883107,SLSN,"SOLESENCE, INC.",solesence
883237,VRTS,"VIRTUS INVESTMENT PARTNERS, INC.",virtus investment partners
883241,SNPS,SYNOPSYS INC,synopsys
883265,VTN,Invesco Trust for Investment Grade New York Municipals,invesco trust for investment grade new york municipals
883412,MYI,"BLACKROCK MUNIYIELD QUALITY FUND III, INC.",blackrock muniyield quality fund iii
883569,FOSL,"Fossil Group, Inc.",fossil group
883618,NXP,NUVEEN SELECT TAX FREE INCOME PORTFOLIO,nuveen select tax free income portfolio
883948,AUB,Atlantic Union Bankshares Corp,atlantic union bankshares
883948,AUB-PA,Atlantic Union Bankshares Corp,atlantic union bankshares
883975,MBOT,Microbot Medical Inc.,microbot medical
883984,ICUI,ICU MEDICAL INC/DE,icu medical inc/de
884121,HQL,abrdn Life Sciences Investors,abrdn life sciences investors
884144,ASUR,ASURE SOFTWARE INC,asure software
884152,VMO,Invesco Municipal Opportunity Trust,invesco municipal opportunity trust
884219,PRSU,"Pursuit Attractions & Hospitality, Inc.",pursuit attractions & hospitality
884269,APT,ALPHA PRO TECH LTD,alpha pro tech
884394,SPY,SPDR S&P 500 ETF TRUST,spdr s&p 500 etf trust
884614,UGI,UGI CORP /PA/,ugi corp /pa/
884624,OFIX,Orthofix Medical Inc.,orthofix medical
884887,RCL,ROYAL CARIBBEAN CRUISES LTD,royal caribbean cruises
885125,IQI,Invesco Quality Municipal Income Trust,invesco quality municipal income trust
885245,BKE,BUCKLE INC,buckle
885275,WBHC,WILSON BANK HOLDING CO,wilson bank holding
885307,JCTC,JEWETT CAMERON TRADING CO LTD,jewett cameron trading
885462,GURE,"GULF RESOURCES, INC.",gulf resources
885508,STRS,STRATUS PROPERTIES INC,stratus properties
885550,CACC,CREDIT ACCEPTANCE CORP,credit acceptance
885590,BHC,Bausch Health Companies Inc.,bausch health companies
885601,IIM,Invesco Value Municipal Income Trust,invesco value municipal income trust
885639,KSS,KOHLS Corp,kohls
885725,BSX,BOSTON SCIENTIFIC CORP,boston scientific
885978,USPH,U S PHYSICAL THERAPY INC /NV,u s physical therapy inc /nv
886043,MMU,WESTERN ASSET MANAGED MUNICIPALS FUND INC.,western asset managed municipals fund
886128,FCELB,FUELCELL ENERGY INC,fuelcell energy
886128,FCEL,FUELCELL ENERGY INC,fuelcell energy
886136,SGA,SAGA COMMUNICATIONS INC,saga communications
886163,LGNZZ,LIGAND PHARMACEUTICALS INC,ligand pharmaceuticals
886163,LGNYZ,LIGAND PHARMACEUTICALS INC,ligand pharmaceuticals
886163,LGND,LIGAND PHARMACEUTICALS INC,ligand pharmaceuticals
886163,LGNXZ,LIGAND PHARMACEUTICALS INC,ligand pharmaceuticals
886163,LGNDZ,LIGAND PHARMACEUTICALS INC,ligand pharmaceuticals
886206,FC,FRANKLIN COVEY CO,franklin covey
886346,KAI,KADANT INC,kadant
886744,GERN,GERON CORP,geron
886977,MEOH,METHANEX CORP,methanex
886982,GSCE,GOLDMAN SACHS GROUP INC,goldman sachs group
886982,GS-PA,GOLDMAN SACHS GROUP INC,goldman sachs group
886982,GS-PC,GOLDMAN SACHS GROUP INC,goldman sachs group
886982,GS-PD,GOLDMAN SACHS GROUP INC,goldman sachs group
886982,GS,GOLDMAN SACHS GROUP INC,goldman sachs group
886986,TECK,TECK RESOURCES LTD,teck resources
886986,TCKRF,TECK RESOURCES LTD,teck resources
887028,RTNTF,RIO TINTO LTD,rio tinto
887151,CAPS,Capstone Holding Corp.,capstone holding
887153,SIM,"GRUPO SIMEC, S.A.B. de C.V.","grupo simec, s.a.b. de c.v"
887225,KEP,KOREA ELECTRIC POWER CORP,korea electric power
887343,COLB,"COLUMBIA BANKING SYSTEM, INC.",columbia banking system
887359,VCEL,Vericel Corp,vericel
887396,EP,EMPIRE PETROLEUM CORP,empire petroleum
887596,CAKE,CHEESECAKE FACTORY INC,cheesecake factory
887733,CENTA,CENTRAL GARDEN & PET CO,central garden & pet
887733,CENT,CENTRAL GARDEN & PET CO,central garden & pet
887905,LTC,LTC PROPERTIES INC,ltc properties
887936,FCN,"FTI CONSULTING, INC",fti consulting
888491,OHI,OMEGA HEALTHCARE INVESTORS INC,omega healthcare investors
888721,TRIB,TRINITY BIOTECH PLC,trinity biotech plc
888746,CCU,UNITED BREWERIES CO INC,united breweries
888981,NNUP,NOCOPI TECHNOLOGIES INC/MD/,nocopi technologies inc/md/
889132,PKX,POSCO HOLDINGS INC.,posco holdings
889331,LFUS,LITTELFUSE INC /DE,littelfuse inc /de
889348,CVU,CPI AEROSTRUCTURES INC,cpi aerostructures
889353,SNTL,Sentinel Holdings Ltd.,sentinel holdings
889609,CPSS,"CONSUMER PORTFOLIO SERVICES, INC.",consumer portfolio services
889900,PTEN,PATTERSON UTI ENERGY INC,patterson uti energy
889971,LPTH,LIGHTPATH TECHNOLOGIES INC,lightpath technologies
890066,GLBZ,GLEN BURNIE BANCORP,glen burnie bancorp
890119,NIM,NUVEEN SELECT MATURITIES MUNICIPAL FUND,nuveen select maturities municipal fund
890196,MQY,"BLACKROCK MUNIYIELD QUALITY FUND, INC.",blackrock muniyield quality fund
890393,MIY,"BLACKROCK MUNIYIELD MICHIGAN QUALITY FUND, INC.",blackrock muniyield michigan quality fund
890394,PRSO,Peraso Inc.,peraso
890541,BLX,"FOREIGN TRADE BANK OF LATIN AMERICA, INC.",foreign trade bank of latin america
890564,EFOR,Everforth Inc,everforth
890725,GSAC,GELSTAT CORP,gelstat
890821,ENVB,"Enveric Biosciences, Inc.",enveric biosciences
890926,RDN,RADIAN GROUP INC,radian group
891014,MTX,MINERALS TECHNOLOGIES INC,minerals technologies
891038,MPA,BLACKROCK MUNIYIELD PENNSYLVANIA QUALITY FUND,blackrock muniyield pennsylvania quality fund
891103,MTCH,"Match Group, Inc.",match group
891166,UVE,"UNIVERSAL INSURANCE HOLDINGS, INC.",universal insurance holdings
891290,RFI,COHEN & STEERS TOTAL RETURN REALTY FUND INC,cohen & steers total return realty fund
891478,SAN,"Banco Santander, S.A.","banco santander, s.a"
891478,BCDRF,"Banco Santander, S.A.","banco santander, s.a"
891482,FLL,FULL HOUSE RESORTS INC,full house resorts
891532,PESI,PERMA FIX ENVIRONMENTAL SERVICES INC,perma fix environmental services
892450,KT,KT CORP,kt
892553,GTLS,CHART INDUSTRIES INC,chart industries
892992,NAZ,NUVEEN ARIZONA QUALITY MUNICIPAL INCOME FUND,nuveen arizona quality municipal income fund
893538,SM,SM Energy Co,sm energy
893847,HWBK,"HAWTHORN BANCSHARES, INC.",hawthorn bancshares
893949,MD,"Pediatrix Medical Group, Inc.",pediatrix medical group
894158,TOVX,"Theriva Biologics, Inc.",theriva biologics
894315,SITC,SITE Centers Corp.,site centers
894405,ARCB,ARCBEST CORP /DE/,arcbest corp /de/
894501,GRHI,"GOLD ROCK HOLDINGS, INC.",gold rock holdings
894556,CITR,CitroTech Inc.,citrotech
894627,EGY,VAALCO ENERGY INC /DE/,vaalco energy inc /de/
894671,OVBC,OHIO VALLEY BANC CORP,ohio valley banc
894871,AREN,"Arena Group Holdings, Inc.",arena group holdings
895126,EXE,EXPAND ENERGY Corp,expand energy
895417,ELS,EQUITY LIFESTYLE PROPERTIES INC,equity lifestyle properties
895419,WOLF,"WOLFSPEED, INC.",wolfspeed
895421,MS-PA,MORGAN STANLEY,morgan stanley
895421,MS-PF,MORGAN STANLEY,morgan stanley
895421,MS-PL,MORGAN STANLEY,morgan stanley
895421,MS-PQ,MORGAN STANLEY,morgan stanley
895421,MS-PI,MORGAN STANLEY,morgan stanley
895421,MS-PP,MORGAN STANLEY,morgan stanley
895421,MS,MORGAN STANLEY,morgan stanley
895421,MS-PK,MORGAN STANLEY,morgan stanley
895421,MS-PE,MORGAN STANLEY,morgan stanley
895421,MS-PO,MORGAN STANLEY,morgan stanley
895447,SHOE,SHOE STATION GROUP INC,shoe station group
895456,RCKY,"ROCKY BRANDS, INC.",rocky brands
895464,YBGJ,Yubo International Biotech Ltd,yubo international biotech
895528,VPV,Invesco Pennsylvania Value Municipal Income Trust,invesco pennsylvania value municipal income trust
895531,VCV,Invesco California Value Municipal Income Trust,invesco california value municipal income trust
895564,BAESF,BAE SYSTEMS PLC /FI/,bae systems plc /fi/
895564,BAESY,BAE SYSTEMS PLC /FI/,bae systems plc /fi/
895728,ENBHF,ENBRIDGE INC,enbridge
895728,ENBOF,ENBRIDGE INC,enbridge
895728,ENBSF,ENBRIDGE INC,enbridge
895728,EBBNF,ENBRIDGE INC,enbridge
895728,ENBMF,ENBRIDGE INC,enbridge
895728,EBRZF,ENBRIDGE INC,enbridge
895728,EBRGF,ENBRIDGE INC,enbridge
895728,EBGEF,ENBRIDGE INC,enbridge
895728,ENFFF,ENBRIDGE INC,enbridge
895728,ENBFF,ENBRIDGE INC,enbridge
895728,EBBGF,ENBRIDGE INC,enbridge
895728,ENBNF,ENBRIDGE INC,enbridge
895728,ENBGF,ENBRIDGE INC,enbridge
895728,ENBRF,ENBRIDGE INC,enbridge
895728,ENNPF,ENBRIDGE INC,enbridge
895728,ENB,ENBRIDGE INC,enbridge
896156,ETD,ETHAN ALLEN INTERIORS INC,ethan allen interiors
896159,CB,Chubb Ltd,chubb
896264,USNA,USANA HEALTH SCIENCES INC,usana health sciences
896493,GPUS-PD,"Hyperscale Data, Inc.",hyperscale data
896493,GPUS,"Hyperscale Data, Inc.",hyperscale data
896622,ATR,"APTARGROUP, INC.",aptargroup
896878,INTU,INTUIT INC.,intuit
897077,ALG,ALAMO GROUP INC,alamo group
897078,KOAN,"Resonate Blends, Inc.",resonate blends
897322,GILT,GILAT SATELLITE NETWORKS LTD,gilat satellite networks
897419,NMT,NUVEEN MASSACHUSETTS QUALITY MUNICIPAL INCOME FUND,nuveen massachusetts quality municipal income fund
897421,NPV,NUVEEN VIRGINIA QUALITY MUNICIPAL INCOME FUND,nuveen virginia quality municipal income fund
897448,AMRN,AMARIN CORP PLC\UK,amarin corp plc\uk
897723,SANM,SANMINA CORP,sanmina
897802,SPE-PC,"SPECIAL OPPORTUNITIES FUND, INC.",special opportunities fund
897802,SPE,"SPECIAL OPPORTUNITIES FUND, INC.",special opportunities fund
898171,UWHR,UWHARRIE CAPITAL CORP,uwharrie capital
898173,ORLY,O REILLY AUTOMOTIVE INC,o reilly automotive
898174,RGA,REINSURANCE GROUP OF AMERICA INC,reinsurance group of america
898174,RZC,REINSURANCE GROUP OF AMERICA INC,reinsurance group of america
898293,JBL,JABIL INC,jabil
898437,ANIK,"Anika Therapeutics, Inc.",anika therapeutics
899051,ALL-PH,ALLSTATE CORP,allstate
899051,ALL-PI,ALLSTATE CORP,allstate
899051,ALL-PJ,ALLSTATE CORP,allstate
899051,ALL,ALLSTATE CORP,allstate
899051,ALL-PB,ALLSTATE CORP,allstate
899460,MNKD,MANNKIND CORP,mannkind
899629,AKR,ACADIA REALTY TRUST,acadia realty trust
899689,VNO-PL,VORNADO REALTY TRUST,vornado realty trust
899689,VNORP,VORNADO REALTY TRUST,vornado realty trust
899689,VNO-PM,VORNADO REALTY TRUST,vornado realty trust
899689,VNO,VORNADO REALTY TRUST,vornado realty trust
899689,VNO-PO,VORNADO REALTY TRUST,vornado realty trust
899689,VNO-PN,VORNADO REALTY TRUST,vornado realty trust
899715,SKT,TANGER INC.,tanger
899751,TWI,TITAN INTERNATIONAL INC,titan international
899923,MYGN,MYRIAD GENETICS INC,myriad genetics
900075,CPRT,COPART INC,copart
900391,NTZ,NATUZZI S P A,natuzzi s p a
900422,PMO,FRANKLIN MUNICIPAL OPPORTUNITIES TRUST,franklin municipal opportunities trust
901243,MUA,"BLACKROCK MUNIASSETS FUND, INC.",blackrock muniassets fund
901491,PZZA,PAPA JOHNS INTERNATIONAL INC,papa johns international
901832,AZN,ASTRAZENECA PLC,astrazeneca plc
902791,BBSI,BARRETT BUSINESS SERVICES INC,barrett business services
903129,THRM,Gentherm Inc,gentherm
903419,ALRS,ALERUS FINANCIAL CORP,alerus financial
903651,INOD,INNODATA INC,innodata
904112,MSD,MORGAN STANLEY EMERGING MARKETS DEBT FUND INC,morgan stanley emerging markets debt fund
904851,YPF,YPF SOCIEDAD ANONIMA,ypf sociedad anonima
904868,FSNUY,Fresenius SE & Co. KGaA,fresenius se & co. kgaa
904868,FSNUF,Fresenius SE & Co. KGaA,fresenius se & co. kgaa
906013,AWF,ALLIANCEBERNSTEIN GLOBAL HIGH INCOME FUND INC,alliancebernstein global high income fund
906107,EQR,EQUITY RESIDENTIAL,equity residential
906163,NVR,NVR INC,nvr
906345,CPT,CAMDEN PROPERTY TRUST,camden property trust
906465,QCRH,QCR HOLDINGS INC,qcr holdings
906553,BYD,BOYD GAMING CORP,boyd gaming
906709,NKTR,NEKTAR THERAPEUTICS,nektar therapeutics
907242,MCRI,MONARCH CASINO & RESORT INC,monarch casino & resort
907254,BFS-PD,"SAUL CENTERS, INC.",saul centers
907254,BFS-PE,"SAUL CENTERS, INC.",saul centers
907254,BFS,"SAUL CENTERS, INC.",saul centers
907471,CASH,"PATHWARD FINANCIAL, INC.",pathward financial
907654,ORKA,"Oruka Therapeutics, Inc.",oruka therapeutics
908187,PCM,"PCM FUND, INC.",pcm fund
908255,BWA,BORGWARNER INC,borgwarner
908259,OTLC,"Oncotelic Therapeutics, Inc.",oncotelic therapeutics
908311,CMCT,Creative Media & Community Trust Corp,creative media & community trust
908315,WINA,WINMARK CORP,winmark
908732,SPTJF,SINOPEC SHANGHAI PETROCHEMICAL CO LTD,sinopec shanghai petrochemical
908937,SIRI,SIRIUS XM HOLDINGS INC.,sirius xm holdings
908993,VKI,Invesco Advantage Municipal Income Trust II,invesco advantage municipal income trust ii
909037,SQM,CHEMICAL & MINING CO OF CHILE INC,chemical & mining co of chile
909112,TEI,TEMPLETON EMERGING MARKETS INCOME FUND,templeton emerging markets income fund
909112,TXEMF,TEMPLETON EMERGING MARKETS INCOME FUND,templeton emerging markets income fund
909327,SUZ,Suzano S.A.,suzano s.a
909494,TCX,TUCOWS INC /PA/,tucows inc /pa/
909724,TLF,TANDY LEATHER FACTORY INC,tandy leather factory
909832,COST,COSTCO WHOLESALE CORP /NEW,costco wholesale corp /new
910068,HIO,WESTERN ASSET HIGH INCOME OPPORTUNITY FUND INC.,western asset high income opportunity fund
910073,FLG,"FLAGSTAR BANK, NATIONAL ASSOCIATION","flagstar bank, national association"
910073,FLG-PA,"FLAGSTAR BANK, NATIONAL ASSOCIATION","flagstar bank, national association"
910073,FLG-PU,"FLAGSTAR BANK, NATIONAL ASSOCIATION","flagstar bank, national association"
910108,LXP-PC,LXP Industrial Trust,lxp industrial trust
910108,LXP,LXP Industrial Trust,lxp industrial trust
910329,MED,MEDIFAST INC,medifast
910406,HAIN,HAIN CELESTIAL GROUP INC,hain celestial group
910521,DECK,DECKERS OUTDOOR CORP,deckers outdoor
910606,REGCP,REGENCY CENTERS CORP,regency centers
910606,REG,REGENCY CENTERS CORP,regency centers
910606,REGCO,REGENCY CENTERS CORP,regency centers
910612,CBL,CBL & ASSOCIATES PROPERTIES INC,cbl & associates properties
910631,COCSF,COCA COLA FEMSA SAB DE CV,coca cola femsa sab de cv
910631,KOF,COCA COLA FEMSA SAB DE CV,coca cola femsa sab de cv
910638,DDD,3D SYSTEMS CORP,3d systems
911147,CNTY,CENTURY CASINOS INC /CO/,century casinos inc /co/
911177,CWST,CASELLA WASTE SYSTEMS INC,casella waste systems
911216,PTN,PALATIN TECHNOLOGIES INC,palatin technologies
911421,PREJF,PARTNERRE LTD,partnerre
911971,TK,TEEKAY CORP LTD,teekay corp
912061,NHTC,NATURAL HEALTH TRENDS CORP,natural health trends
912093,VIAV,VIAVI SOLUTIONS INC.,viavi solutions
912147,RMT,"ROYCE MICRO-CAP TRUST, INC.",royce micro-cap trust
912242,MAC,MACERICH CO,macerich
912544,NSTM,NovelStem International Corp.,novelstem international
912562,ROCK,"GIBRALTAR INDUSTRIES, INC.",gibraltar industries
912593,SUI,SUN COMMUNITIES INC,sun communities
912595,MAA-PI,MID AMERICA APARTMENT COMMUNITIES INC.,mid america apartment communities
912595,MAA,MID AMERICA APARTMENT COMMUNITIES INC.,mid america apartment communities
912595,MAAI,MID AMERICA APARTMENT COMMUNITIES INC.,mid america apartment communities
912615,URBN,URBAN OUTFITTERS INC,urban outfitters
912728,FWRD,FORWARD AIR CORP,forward air
912764,KSBI,KS BANCORP INC,ks bancorp
912766,LAUR,"LAUREATE EDUCATION, INC.",laureate education
912767,UFPI,UFP INDUSTRIES INC,ufp industries
912892,GRPFF,"GRUPO TELEVISA, S.A.B.","grupo televisa, s.a.b"
912892,TV,"GRUPO TELEVISA, S.A.B.","grupo televisa, s.a.b"
912958,MLCMF,MILLICOM INTERNATIONAL CELLULAR SA,millicom international cellular sa
912958,TIGO,MILLICOM INTERNATIONAL CELLULAR SA,millicom international cellular sa
912967,FBSI,FIRST BANCSHARES INC /MO/,first bancshares inc /mo/
913059,BBAR,Banco BBVA Argentina S.A.,banco bbva argentina s.a
913142,BDC,BELDEN INC.,belden
913144,RNR,RENAISSANCERE HOLDINGS LTD,renaissancere holdings
913144,RNR-PG,RENAISSANCERE HOLDINGS LTD,renaissancere holdings
913144,RNR-PF,RENAISSANCERE HOLDINGS LTD,renaissancere holdings
913241,SHOO,"STEVEN MADDEN, LTD.",steven madden
913277,CLAR,Clarus Corp,clarus
913290,FRO,Frontline plc,frontline plc
913341,CFFI,C & F FINANCIAL CORP,c & f financial
913353,CIGI,Colliers International Group Inc.,colliers international group
913760,SNEX,StoneX Group Inc.,stonex group
914122,PPIH,"Perma-Pipe International Holdings, Inc.",perma-pipe international holdings
914139,PRKR,PARKERVISION INC,parkervision
914156,UFPT,UFP TECHNOLOGIES INC,ufp technologies
914208,IVZ,Invesco Ltd.,invesco
914475,NBIX,NEUROCRINE BIOSCIENCES INC,neurocrine biosciences
915191,FRFFF,FAIRFAX FINANCIAL HOLDINGS LTD/ CAN,fairfax financial holdings ltd/ can
915191,FRFHF,FAIRFAX FINANCIAL HOLDINGS LTD/ CAN,fairfax financial holdings ltd/ can
915389,EMN,EASTMAN CHEMICAL CO,eastman chemical
915661,GRLF,GREEN LEAF INNOVATIONS INC,green leaf innovations
915779,DAKT,DAKTRONICS INC /SD/,daktronics inc /sd/
915840,BZH,BEAZER HOMES USA INC,beazer homes usa
915912,AVB,AVALONBAY COMMUNITIES INC,avalonbay communities
915913,ALB-PA,ALBEMARLE CORP,albemarle
915913,ALB,ALBEMARLE CORP,albemarle
916076,MLM,MARTIN MARIETTA MATERIALS INC,martin marietta materials
916183,RCS,"PIMCO STRATEGIC INCOME FUND, INC.",pimco strategic income fund
916365,TSCO,TRACTOR SUPPLY CO /DE/,tractor supply co /de/
916540,DAR,DARLING INGREDIENTS INC.,darling ingredients
916618,IIF,"MORGAN STANLEY INDIA INVESTMENT FUND, INC.",morgan stanley india investment fund
916789,HELE,HELEN OF TROY LTD,helen of troy
916793,SILC,SILICOM LTD.,silicom
916907,SMBC,"SOUTHERN MISSOURI BANCORP, INC.",southern missouri bancorp
917100,IFN,"ABERDEEN INDIA FUND, INC.",aberdeen india fund
917225,XPL,SOLITARIO RESOURCES CORP.,solitario resources
917251,ADC-PA,AGREE REALTY CORP,agree realty
917251,ADC,AGREE REALTY CORP,agree realty
917273,RMBS,RAMBUS INC,rambus
917520,IART,INTEGRA LIFESCIENCES HOLDINGS CORP,integra lifesciences holdings
917851,VALE,Vale S.A.,vale s.a
918251,MPAA,MOTORCAR PARTS OF AMERICA INC,motorcar parts of america
918541,NNBR,NN INC,nn
918573,GRVE,GROOVE BOTANICALS INC.,groove botanicals
918608,EGO,ELDORADO GOLD CORP /FI,eldorado gold corp /fi
918646,EXP,EAGLE MATERIALS INC,eagle materials
918965,SCSC,"SCANSOURCE, INC.",scansource
919012,AEO,AMERICAN EAGLE OUTFITTERS INC,american eagle outfitters
919567,RCG,"RENN Fund, Inc.",renn fund
919864,FNWD,Finward Bancorp,finward bancorp
919893,TDF,TEMPLETON DRAGON FUND INC,templeton dragon fund
920148,LH,LABCORP HOLDINGS INC.,labcorp holdings
920371,SSD,"Simpson Manufacturing Co., Inc.",simpson manufacturing co
920427,UNTY,UNITY BANCORP INC /NJ/,unity bancorp inc /nj/
920522,ESS,"ESSEX PROPERTY TRUST, INC.",essex property trust
920760,LEN,LENNAR CORP /NEW/,lennar corp /new/
920760,LEN-B,LENNAR CORP /NEW/,lennar corp /new/
921082,HIW,"HIGHWOODS PROPERTIES, INC.",highwoods properties
921114,ARMP,"Armata Pharmaceuticals, Inc.",armata pharmaceuticals
921299,KYNB,"KYNTRA BIO, INC.",kyntra bio
921557,RBCAA,REPUBLIC BANCORP INC /KY/,republic bancorp inc /ky/
921582,IMAX,IMAX CORP,imax
921638,SSRM,SSR MINING INC.,ssr mining
921638,SSRGF,SSR MINING INC.,ssr mining
921671,GGT,GABELLI MULTIMEDIA TRUST INC.,gabelli multimedia trust
921671,GGT-PE,GABELLI MULTIMEDIA TRUST INC.,gabelli multimedia trust
921671,GGT-PG,GABELLI MULTIMEDIA TRUST INC.,gabelli multimedia trust
921738,PENN,"PENN Entertainment, Inc.",penn entertainment
921825,FR,FIRST INDUSTRIAL REALTY TRUST INC,first industrial realty trust
921968,HVGDF,HARVEST GOLD CORP,harvest gold
922224,PPLC,PPL Corp,ppl
922224,PPL,PPL Corp,ppl
922358,FGPR,FERRELLGAS PARTNERS L P,ferrellgas partners l p
922621,ERIE,ERIE INDEMNITY CO,erie indemnity
922864,AIV,APARTMENT INVESTMENT & MANAGEMENT CO,apartment investment & management
923120,GBX,GREENBRIER COMPANIES INC,greenbrier companies
923601,RIME,"Algorhythm Holdings, Inc.",algorhythm holdings
923796,GEO,GEO GROUP INC,geo group
923883,TLTFF,THERALASE TECHNOLOGIES INC /FI,theralase technologies inc /fi
924095,MVCO,"Metavesco, Inc.",metavesco
924168,EFOI,"ENERGY FOCUS, INC/DE","energy focus, inc/de"
924383,GNSS,Genasys Inc.,genasys
924396,CRSF,Crisp Momentum Inc.,crisp momentum
924515,GTHP,GUIDED THERAPEUTICS INC,guided therapeutics
924613,NOK,NOKIA CORP,nokia
924613,NOKBF,NOKIA CORP,nokia
924719,SMID,SMITH MIDLAND CORP,smith midland
924805,FRHC,Freedom Holding Corp.,freedom holding
924822,MLR,MILLER INDUSTRIES INC /TN/,miller industries inc /tn/
925261,AKO-A,ANDINA BOTTLING CO INC,andina bottling
925261,AKO-B,ANDINA BOTTLING CO INC,andina bottling
925528,HDSN,HUDSON TECHNOLOGIES INC /NY,hudson technologies inc /ny
925683,BTO,JOHN HANCOCK FINANCIAL OPPORTUNITIES FUND,john hancock financial opportunities fund
925741,BCDA,"BioCardia, Inc.",biocardia
925779,HIRU,HIRU Corp,hiru
926282,ADTN,"ADTRAN Holdings, Inc.",adtran holdings
926326,OMCL,"OMNICELL, INC.",omnicell
926423,MIND,"MIND TECHNOLOGY, INC",mind technology
926617,AWHL,Aspira Women's Health Inc.,aspira women's health
927003,AEIS,ADVANCED ENERGY INDUSTRIES INC,advanced energy industries
927066,DVA,DAVITA INC.,davita
927628,COF-PL,CAPITAL ONE FINANCIAL CORP,capital one financial
927628,COF,CAPITAL ONE FINANCIAL CORP,capital one financial
927628,COF-PI,CAPITAL ONE FINANCIAL CORP,capital one financial
927628,COF-PJ,CAPITAL ONE FINANCIAL CORP,capital one financial
927628,COF-PN,CAPITAL ONE FINANCIAL CORP,capital one financial
927628,COF-PK,CAPITAL ONE FINANCIAL CORP,capital one financial
927653,MCK,MCKESSON CORP,mckesson
927719,DWNX,DELHI BANK CORP,delhi bank
927971,DULL,BANK OF MONTREAL /CAN/,bank of montreal /can/
927971,FLYD,BANK OF MONTREAL /CAN/,bank of montreal /can/
927971,FNGO,BANK OF MONTREAL /CAN/,bank of montreal /can/
927971,JETD,BANK OF MONTREAL /CAN/,bank of montreal /can/
927971,CARU,BANK OF MONTREAL /CAN/,bank of montreal /can/
927971,FLYU,BANK OF MONTREAL /CAN/,bank of montreal /can/
927971,JETU,BANK OF MONTREAL /CAN/,bank of montreal /can/
927971,WTID,BANK OF MONTREAL /CAN/,bank of montreal /can/
927971,OILD,BANK OF MONTREAL /CAN/,bank of montreal /can/
927971,GDXD,BANK OF MONTREAL /CAN/,bank of montreal /can/
927971,BULZ,BANK OF MONTREAL /CAN/,bank of montreal /can/
927971,BNKD,BANK OF MONTREAL /CAN/,bank of montreal /can/
927971,FNGS,BANK OF MONTREAL /CAN/,bank of montreal /can/
927971,FNGU,BANK OF MONTREAL /CAN/,bank of montreal /can/
927971,BERZ,BANK OF MONTREAL /CAN/,bank of montreal /can/
927971,NRGU,BANK OF MONTREAL /CAN/,bank of montreal /can/
927971,CARD,BANK OF MONTREAL /CAN/,bank of montreal /can/
927971,BNKU,BANK OF MONTREAL /CAN/,bank of montreal /can/
927971,SHNY,BANK OF MONTREAL /CAN/,bank of montreal /can/
927971,AIQU,BANK OF MONTREAL /CAN/,bank of montreal /can/
927971,AIQD,BANK OF MONTREAL /CAN/,bank of montreal /can/
927971,NRGD,BANK OF MONTREAL /CAN/,bank of montreal /can/
927971,GDXU,BANK OF MONTREAL /CAN/,bank of montreal /can/
927971,FNGD,BANK OF MONTREAL /CAN/,bank of montreal /can/
927971,OILU,BANK OF MONTREAL /CAN/,bank of montreal /can/
927971,BMO,BANK OF MONTREAL /CAN/,bank of montreal /can/
927971,WTIU,BANK OF MONTREAL /CAN/,bank of montreal /can/
928054,FTK,FLOTEK INDUSTRIES INC/CN/,flotek industries inc/cn/
928340,CWCO,Consolidated Water Co. Ltd.,consolidated water
928465,DIT,AMCON DISTRIBUTING CO,amcon distributing
928658,CVLG,"COVENANT LOGISTICS GROUP, INC.",covenant logistics group
928876,TSEM,TOWER SEMICONDUCTOR LTD,tower semiconductor
929008,WCC,WESCO INTERNATIONAL INC,wesco international
929351,STRZ,STARZ ENTERTAINMENT CORP /CN/,starz entertainment corp /cn/
929869,RELX,RELX PLC,relx plc
929869,RLXXF,RELX PLC,relx plc
930157,RKLIF,RENTOKIL INITIAL PLC /FI,rentokil initial plc /fi
930157,RTO,RENTOKIL INITIAL PLC /FI,rentokil initial plc /fi
930236,RWTQ,REDWOOD TRUST INC,redwood trust
930236,RWT,REDWOOD TRUST INC,redwood trust
930236,RWTO,REDWOOD TRUST INC,redwood trust
930236,RWTS,REDWOOD TRUST INC,redwood trust
930236,RWTN,REDWOOD TRUST INC,redwood trust
930236,RWT-PA,REDWOOD TRUST INC,redwood trust
930236,RWTP,REDWOOD TRUST INC,redwood trust
930245,AASP,Agassi Sports Entertainment Corp.,agassi sports entertainment
930420,KFRC,KFORCE INC,kforce
930775,ECIA,ENCISION INC,encision
930826,SVYSF,SOLVAY S A /ADR/,solvay s a /adr/
931015,PII,Polaris Inc.,polaris
931148,EAF,GRAFTECH INTERNATIONAL LTD,graftech international
931427,TGS,GAS TRANSPORTER OF THE SOUTH INC,gas transporter of the south
932021,GTLL,GLOBAL TECHNOLOGIES LTD,global technologies
932470,TEO,TELECOM ARGENTINA SA,telecom argentina sa
932470,TCMFF,TELECOM ARGENTINA SA,telecom argentina sa
932695,CYD,CHINA YUCHAI INTERNATIONAL LTD,china yuchai international
932696,NSIT,INSIGHT ENTERPRISES INC,insight enterprises
932781,FCCO,FIRST COMMUNITY CORP /SC/,first community corp /sc/
932787,STM,STMicroelectronics N.V.,stmicroelectronics n.v
932787,STMEF,STMicroelectronics N.V.,stmicroelectronics n.v
933034,STRT,STRATTEC SECURITY CORP,strattec security
933036,UPBD,"UPBOUND GROUP, INC.",upbound group
933267,IRS,IRSA INVESTMENTS & REPRESENTATIONS INC,irsa investments & representations
933972,SCWO,374Water Inc.,374water
933974,AZTA,"Azenta, Inc.",azenta
934549,ACTG,ACACIA RESEARCH CORP,acacia research
935036,ACIW,"ACI WORLDWIDE, INC.",aci worldwide
935419,RICK,"RCI HOSPITALITY HOLDINGS, INC.",rci hospitality holdings
935703,DLTR,"DOLLAR TREE, INC.",dollar tree
936340,DTE,DTE ENERGY CO,dte energy
936340,DTG,DTE ENERGY CO,dte energy
936340,DTW,DTE ENERGY CO,dte energy
936340,DTB,DTE ENERGY CO,dte energy
936340,DTK,DTE ENERGY CO,dte energy
936395,CIEN,CIENA CORP,ciena
936468,LMT,LOCKHEED MARTIN CORP,lockheed martin
936528,WAFD,WAFD INC,wafd
936528,WAFDP,WAFD INC,wafd
936801,FEOVF,OCEANIC IRON ORE CORP,oceanic iron ore
936958,MDY,SPDR S&P MIDCAP 400 ETF TRUST,spdr s&p midcap 400 etf trust
937098,TNET,"TRINET GROUP, INC.",trinet group
937966,ASMLF,ASML HOLDING NV,asml holding nv
937966,ASML,ASML HOLDING NV,asml holding nv
938323,PSORF,PEARSON PLC,pearson plc
938323,PSO,PEARSON PLC,pearson plc
939767,EXEL,"EXELIXIS, INC.",exelixis
939930,PYYX,"PYXUS INTERNATIONAL, INC.",pyxus international
940942,HUBG,"Hub Group, Inc.",hub group
940944,DRI,DARDEN RESTAURANTS INC,darden restaurants
941221,ICL,ICL Group Ltd.,icl group
942126,TAIT,TAITRON COMPONENTS INC,taitron components
942149,OCGSF,Outcrop Silver & Gold Corp,outcrop silver & gold
942895,REDW,REDWOOD FINANCIAL INC /MN/,redwood financial inc /mn/
943034,AATC,AUTOSCOPE TECHNOLOGIES CORP,autoscope technologies
943452,WAB,WESTINGHOUSE AIR BRAKE TECHNOLOGIES CORP,westinghouse air brake technologies
943535,WHEN,"WORLD HEALTH ENERGY HOLDINGS, INC.",world health energy holdings
943819,RSMDF,RESMED INC,resmed
943819,RMD,RESMED INC,resmed
944075,SCKT,"SOCKET MOBILE, INC.",socket mobile
944148,CBZ,"CBIZ, Inc.",cbiz
944695,THG,"HANOVER INSURANCE GROUP, INC.",hanover insurance group
944745,CIVB,"CIVISTA BANCSHARES, INC.",civista bancshares
944809,OPK,"OPKO HEALTH, INC.",opko health
945114,GIC,GLOBAL INDUSTRIAL Co,global industrial
945394,SVC,Service Properties Trust,service properties trust
945841,POOL,POOL CORP,pool
945983,CLMB,"Climb Global Solutions, Inc.",climb global solutions
946112,CDSG,"China Dongsheng International, Inc.",china dongsheng international
946394,ELLO,Ellomay Capital Ltd.,ellomay capital
946486,WINT,WINDTREE THERAPEUTICS INC /DE/,windtree therapeutics inc /de/
946563,RVP,RETRACTABLE TECHNOLOGIES INC,retractable technologies
946581,TTWO,TAKE TWO INTERACTIVE SOFTWARE INC,take two interactive software
946644,AIM,AIM ImmunoTech Inc.,aim immunotech
946673,BANR,BANNER CORP,banner
946770,DTEGY,DEUTSCHE TELEKOM AG,deutsche telekom ag
946770,DTEGF,DEUTSCHE TELEKOM AG,deutsche telekom ag
946936,DSWL,DESWELL INDUSTRIES INC,deswell industries
947263,TDBCP,TORONTO DOMINION BANK,toronto dominion bank
947263,TD,TORONTO DOMINION BANK,toronto dominion bank
947484,ACGLO,ARCH CAPITAL GROUP LTD.,arch capital group
947484,ACGLN,ARCH CAPITAL GROUP LTD.,arch capital group
947484,ACGL,ARCH CAPITAL GROUP LTD.,arch capital group
948320,LFMDP,"LifeMD, Inc.",lifemd
948320,LFMD,"LifeMD, Inc.",lifemd
948708,SMSI,"SMITH MICRO SOFTWARE, INC.",smith micro software
949157,CENX,CENTURY ALUMINUM CO,century aluminum
949858,ACHV,"ACHIEVE LIFE SCIENCES, INC.",achieve life sciences
949870,SAM,BOSTON BEER CO INC,boston beer
949961,IOR,INCOME OPPORTUNITY REALTY INVESTORS INC /TX/,income opportunity realty investors inc /tx/
1000045,OMCC,OLD MARKET CAPITAL Corp,old market capital
1000177,NAT,NORDIC AMERICAN TANKERS Ltd,nordic american tankers
1000184,SAPGF,SAP SE,sap se
1000184,SAP,SAP SE,sap se
1000209,MFIN,MEDALLION FINANCIAL CORP,medallion financial
1000209,MBNKO,MEDALLION FINANCIAL CORP,medallion financial
1000228,HSIC,HENRY SCHEIN INC,henry schein
1000230,OCC,OPTICAL CABLE CORP,optical cable
1000275,RYLBF,ROYAL BANK OF CANADA,royal bank of canada
1000275,RY,ROYAL BANK OF CANADA,royal bank of canada
1000377,VBREY,Vibra Energia S.A./ADR,vibra energia s.a./adr
1000623,MATV,"Mativ Holdings, Inc.",mativ holdings
1000694,NVAX,NOVAVAX INC,novavax
1000697,WAT,WATERS CORP /DE/,waters corp /de/
1000753,NSP,"INSPERITY, INC.",insperity
1001085,BKFAF,BROOKFIELD Corp /ON/,brookfield corp /on/
1001085,BRFCF,BROOKFIELD Corp /ON/,brookfield corp /on/
1001085,BAMGF,BROOKFIELD Corp /ON/,brookfield corp /on/
1001085,BRCFF,BROOKFIELD Corp /ON/,brookfield corp /on/
1001085,BNH,BROOKFIELD Corp /ON/,brookfield corp /on/
1001085,BKFDF,BROOKFIELD Corp /ON/,brookfield corp /on/
1001085,BKPA,BROOKFIELD Corp /ON/,brookfield corp /on/
1001085,BRFAF,BROOKFIELD Corp /ON/,brookfield corp /on/
1001085,BNJ,BROOKFIELD Corp /ON/,brookfield corp /on/
1001085,BKFOF,BROOKFIELD Corp /ON/,brookfield corp /on/
1001085,BAMKF,BROOKFIELD Corp /ON/,brookfield corp /on/
1001085,BKAMF,BROOKFIELD Corp /ON/,brookfield corp /on/
1001085,BXDIF,BROOKFIELD Corp /ON/,brookfield corp /on/
1001085,BN,BROOKFIELD Corp /ON/,brookfield corp /on/
1001085,BRPSF,BROOKFIELD Corp /ON/,brookfield corp /on/
1001085,BKFPF,BROOKFIELD Corp /ON/,brookfield corp /on/
1001085,BROXF,BROOKFIELD Corp /ON/,brookfield corp /on/
1001115,GEOS,GEOSPACE TECHNOLOGIES CORP,geospace technologies
1001171,BYFC,BROADWAY FINANCIAL CORP \DE\,broadway financial corp \de\
1001233,SGMOQ,"SANGAMO THERAPEUTICS, INC",sangamo therapeutics
1001250,EL,ESTEE LAUDER COMPANIES INC,estee lauder companies
1001290,BAP,CREDICORP LTD,credicorp
1001316,TGTX,"TG THERAPEUTICS, INC.",tg therapeutics
1001385,NWPX,"NWPX Infrastructure, Inc.",nwpx infrastructure
1001500,LMRXF,LARAMIDE RESOURCES LTD,laramide resources
1001601,MGTI,"MGT CAPITAL INVESTMENTS, INC.",mgt capital investments
1001614,REPX,"Riley Exploration Permian, Inc.",riley exploration permian
1001807,TLK,PERUSAHAAN PERSEROAN PERSERO PT TELEKOMUNIKASI INDONESIA TBK,perusahaan perseroan persero pt telekomunikasi indonesia tbk
1001838,SCCO,SOUTHERN COPPER CORP/,southern copper corp/
1001907,ASTC,ASTROTECH Corp,astrotech
1002047,NTAP,"NetApp, Inc.",netapp
1002242,EIPAF,ENI SPA,eni spa
1002242,E,ENI SPA,eni spa
1002366,REVFF,Gitennes Exploration Inc.,gitennes exploration
1002590,SGU,"STAR GROUP, L.P.",star group
1002638,OTEX,OPEN TEXT CORP,open text
1002788,BMDPF,BANCA MONTE DEI PASCHI DI SIENA SPA,banca monte dei paschi di siena spa
1002910,AEE,AMEREN CORP,ameren
1003078,MSM,MSC INDUSTRIAL DIRECT CO INC,msc industrial direct
1003935,NICE,NICE Ltd.,nice
1003935,NCSYF,NICE Ltd.,nice
1004315,NGGTF,NATIONAL GRID PLC,national grid plc
1004315,NEWEN,NATIONAL GRID PLC,national grid plc
1004315,NMPWP,NATIONAL GRID PLC,national grid plc
1004315,NMKCP,NATIONAL GRID PLC,national grid plc
1004315,NMKBP,NATIONAL GRID PLC,national grid plc
1004315,NGG,NATIONAL GRID PLC,national grid plc
1004434,AMG,"AFFILIATED MANAGERS GROUP, INC.",affiliated managers group
1004434,MGRE,"AFFILIATED MANAGERS GROUP, INC.",affiliated managers group
1004434,MGRB,"AFFILIATED MANAGERS GROUP, INC.",affiliated managers group
1004434,MGR,"AFFILIATED MANAGERS GROUP, INC.",affiliated managers group
1004434,MGRD,"AFFILIATED MANAGERS GROUP, INC.",affiliated managers group
1004702,OCFC,OCEANFIRST FINANCIAL CORP,oceanfirst financial
1004724,RHEP,"REGIONAL HEALTH PROPERTIES, INC",regional health properties
1004724,RHEPZ,"REGIONAL HEALTH PROPERTIES, INC",regional health properties
1004724,RHEPA,"REGIONAL HEALTH PROPERTIES, INC",regional health properties
1004724,RHEPB,"REGIONAL HEALTH PROPERTIES, INC",regional health properties
1004980,PCG-PA,PG&E Corp,pg&e
1004980,PCG-PG,PG&E Corp,pg&e
1004980,PCG-PI,PG&E Corp,pg&e
1004980,PCG-PE,PG&E Corp,pg&e
1004980,PCG,PG&E Corp,pg&e
1004980,PCG-PH,PG&E Corp,pg&e
1004980,PCG-PC,PG&E Corp,pg&e
1004980,PCG-PD,PG&E Corp,pg&e
1004980,PCG-PB,PG&E Corp,pg&e
1004980,PCG-PX,PG&E Corp,pg&e
1004989,SGRP,"SPAR Group, Inc.",spar group
1005101,MGLD,"Marygold Companies, Inc.",marygold companies
1005210,SPH,SUBURBAN PROPANE PARTNERS LP,suburban propane partners
1005229,CMCO,COLUMBUS MCKINNON CORP,columbus mckinnon
1005284,OLED,UNIVERSAL DISPLAY CORP \PA\,universal display corp \pa\
1005286,LFCR,"LIFECORE BIOMEDICAL, INC. \DE\","lifecore biomedical, inc. \de\"
1005516,BOSC,BOS BETTER ONLINE SOLUTIONS LTD,bos better online solutions
1005731,IDT,IDT CORP,idt
1005817,TMP,TOMPKINS FINANCIAL CORP,tompkins financial
1006028,PURE,"PURE BIOSCIENCE, INC.",pure bioscience
1006045,IRIX,IRIDEX CORP,iridex
1006281,PLX,"Protalix BioTherapeutics, Inc.",protalix biotherapeutics
1006655,EPM,EVOLUTION PETROLEUM CORP,evolution petroleum
1006830,CBKM,CONSUMERS BANCORP INC /OH/,consumers bancorp inc /oh/
1006837,VATE,INNOVATE Corp.,innovate
1007019,JVA,COFFEE HOLDING CO INC,coffee holding
1007273,BKSC,BANK OF SOUTH CAROLINA CORP,bank of south carolina
1007587,KVHI,KVH INDUSTRIES INC \DE\,kvh industries inc \de\
1009001,CCJ,CAMECO CORP,cameco
1009759,CGEH,"Capstone Energy Plus, Inc.",capstone energy plus
1009759,CEPL,"Capstone Energy Plus, Inc.",capstone energy plus
1009829,JAKK,JAKKS PACIFIC INC,jakks pacific
1009891,AIRI,AIR INDUSTRIES GROUP,air industries group
1009919,IVHI,"Invech Holdings, Inc.",invech holdings
1009922,NSFDF,NXT Energy Solutions Inc.,nxt energy solutions
1010086,SIGA,SIGA TECHNOLOGIES INC,siga technologies
1010134,ICTSF,ICTS INTERNATIONAL N V,icts international n v
1010470,PROV,PROVIDENT FINANCIAL HOLDINGS INC,provident financial holdings
1011060,NORD,Nordicus Partners Corp,nordicus partners
1011509,AUMN,Golden Minerals Co,golden minerals
1012019,RUSHB,RUSH ENTERPRISES INC TX,rush enterprises inc tx
1012019,RUSHA,RUSH ENTERPRISES INC TX,rush enterprises inc tx
1012037,CODGF,COMPAGNIE DE SAINT GOBAIN,compagnie de saint gobain
1013131,BVN,BUENAVENTURA MINING CO INC,buenaventura mining
1013237,FDS,FACTSET RESEARCH SYSTEMS INC,factset research systems
1013272,NWFL,NORWOOD FINANCIAL CORP,norwood financial
1013488,BJRI,BJs RESTAURANTS INC,bjs restaurants
1013605,PDS,PRECISION DRILLING Corp,precision drilling
1013857,PEGA,PEGASYSTEMS INC,pegasystems
1013871,NRG,"NRG ENERGY, INC.",nrg energy
1013880,TTEC,"TTEC Holdings, Inc.",ttec holdings
1013934,STRA,"Strategic Education, Inc.",strategic education
1014052,DTGI,"Digerati Technologies, Inc.",digerati technologies
1014473,VRSN,VERISIGN INC/CA,verisign inc/ca
1014739,OPCH,"Option Care Health, Inc.",option care health
1014763,AIMDW,"Ainos, Inc.",ainos
1014763,AIMD,"Ainos, Inc.",ainos
1015328,WTFCN,WINTRUST FINANCIAL CORP,wintrust financial
1015328,WTFC,WINTRUST FINANCIAL CORP,wintrust financial
1015383,POWWP,Outdoor Holding Co,outdoor holding
1015383,POWW,Outdoor Holding Co,outdoor holding
1015647,AAUAF,ALMADEN MINERALS LTD,almaden minerals
1015650,SKM,SK TELECOM CO LTD,sk telecom
1015739,AWRE,AWARE INC /MA/,aware inc /ma/
1015820,QGEN,QIAGEN N.V.,qiagen n.v
1015922,CHKP,CHECK POINT SOFTWARE TECHNOLOGIES LTD,check point software technologies
1016178,CARV,CARVER BANCORP INC,carver bancorp
1016281,CSV,CARRIAGE SERVICES INC,carriage services
1016504,INBP,INTEGRATED BIOPHARMA INC,integrated biopharma
1016838,RDCM,RADCOM LTD,radcom
1017303,TACT,TRANSACT TECHNOLOGIES INC,transact technologies
1017413,CNQ,CANADIAN NATURAL RESOURCES Ltd,canadian natural resources
1017655,PAYD,PAID INC,paid
1018164,WLFC,WILLIS LEASE FINANCE CORP,willis lease finance
1018724,AMZN,AMAZON COM INC,amazon com
1018735,NYMXF,NYMOX PHARMACEUTICAL CORP,nymox pharmaceutical
1018840,ANF,ABERCROMBIE & FITCH CO /DE/,abercrombie & fitch co /de/
1018963,ATI,ATI INC,ati
1018979,AMSF,AMERISAFE INC,amerisafe
1019034,BKYI,BIO KEY INTERNATIONAL INC,bio key international
1019742,BRKCF,BARKSDALE RESOURCES CORP.,barksdale resources
1019849,PAG,"PENSKE AUTOMOTIVE GROUP, INC.",penske automotive group
1020214,CERS,CERUS CORP,cerus
1020569,IRM,IRON MOUNTAIN INC,iron mountain
1020710,DXPE,DXP ENTERPRISES INC,dxp enterprises
1020859,UNFI,UNITED NATURAL FOODS INC,united natural foods
1021561,NUS,"NU SKIN ENTERPRISES, INC.",nu skin enterprises
1021635,OGE,OGE ENERGY CORP.,oge energy
1021860,NOV,NOV Inc.,nov
1021917,AWCA,"Awaysis Capital, Inc.",awaysis capital
1022079,DGX,QUEST DIAGNOSTICS INC,quest diagnostics
1022321,GEL,GENESIS ENERGY LP,genesis energy
1022408,PLUS,EPLUS INC,eplus
1022505,SDCH,"SideChannel, Inc.",sidechannel
1022652,INSG,INSEEGO CORP.,inseego
1022671,STLD,STEEL DYNAMICS INC,steel dynamics
1022837,SMFNF,"SUMITOMO MITSUI FINANCIAL GROUP, INC.",sumitomo mitsui financial group
1022837,SMFG,"SUMITOMO MITSUI FINANCIAL GROUP, INC.",sumitomo mitsui financial group
1022899,PTIX,"Protagenic Therapeutics, Inc.\new","protagenic therapeutics, inc.\new"
1023024,ANIP,ANI PHARMACEUTICALS INC,ani pharmaceuticals
1023109,CVVUF,CANALASKA URANIUM LTD,canalaska uranium
1023128,LAD,LITHIA MOTORS INC,lithia motors
1023313,FORR,"FORRESTER RESEARCH, INC.",forrester research
1023458,XAEIU,AEI INCOME & GROWTH FUND XXII LTD PARTNERSHIP,aei income & growth fund xxii ltd partnership
1023459,SLP,"Simulations Plus, Inc.",simulations plus
1023512,DRDGF,DRDGOLD LTD,drdgold
1023512,DRD,DRDGOLD LTD,drdgold
1023514,HGMCF,HARMONY GOLD MINING CO LTD,harmony gold mining
1023514,HMY,HARMONY GOLD MINING CO LTD,harmony gold mining
1023549,XTLB,XTL BIOPHARMACEUTICALS LTD,xtl biopharmaceuticals
1023731,EGHT,8X8 INC /DE/,8x8 inc /de/
1023994,OLOX,OLENOX INDUSTRIES INC.,olenox industries
1024305,COTY,COTY INC.,coty
1024478,ROK,"ROCKWELL AUTOMATION, INC",rockwell automation
1024672,ELTK,ELTEK LTD,eltek
1024795,HLIO,"HELIOS TECHNOLOGIES, INC.",helios technologies
1025378,WPC,W. P. Carey Inc.,w. p. carey
1025771,WHLT,CHASE PACKAGING CORP,chase packaging
1025835,EFSC,ENTERPRISE FINANCIAL SERVICES CORP,enterprise financial services
1025835,EFSCP,ENTERPRISE FINANCIAL SERVICES CORP,enterprise financial services
1025996,KRC,KILROY REALTY CORP,kilroy realty
1026214,FMCKO,FEDERAL HOME LOAN MORTGAGE CORP,federal home loan mortgage
1026214,FREGP,FEDERAL HOME LOAN MORTGAGE CORP,federal home loan mortgage
1026214,FMCCO,FEDERAL HOME LOAN MORTGAGE CORP,federal home loan mortgage
1026214,FMCCN,FEDERAL HOME LOAN MORTGAGE CORP,federal home loan mortgage
1026214,FMCKJ,FEDERAL HOME LOAN MORTGAGE CORP,federal home loan mortgage
1026214,FMCCK,FEDERAL HOME LOAN MORTGAGE CORP,federal home loan mortgage
1026214,FMCCH,FEDERAL HOME LOAN MORTGAGE CORP,federal home loan mortgage
1026214,FMCCS,FEDERAL HOME LOAN MORTGAGE CORP,federal home loan mortgage
1026214,FMCCT,FEDERAL HOME LOAN MORTGAGE CORP,federal home loan mortgage
1026214,FMCKK,FEDERAL HOME LOAN MORTGAGE CORP,federal home loan mortgage
1026214,FMCCJ,FEDERAL HOME LOAN MORTGAGE CORP,federal home loan mortgage
1026214,FMCKM,FEDERAL HOME LOAN MORTGAGE CORP,federal home loan mortgage
1026214,FMCKN,FEDERAL HOME LOAN MORTGAGE CORP,federal home loan mortgage
1026214,FMCC,FEDERAL HOME LOAN MORTGAGE CORP,federal home loan mortgage
1026214,FMCCM,FEDERAL HOME LOAN MORTGAGE CORP,federal home loan mortgage
1026214,FMCCP,FEDERAL HOME LOAN MORTGAGE CORP,federal home loan mortgage
1026214,FMCCL,FEDERAL HOME LOAN MORTGAGE CORP,federal home loan mortgage
1026214,FMCKL,FEDERAL HOME LOAN MORTGAGE CORP,federal home loan mortgage
1026214,FMCKP,FEDERAL HOME LOAN MORTGAGE CORP,federal home loan mortgage
1026214,FREJN,FEDERAL HOME LOAN MORTGAGE CORP,federal home loan mortgage
1026214,FREJO,FEDERAL HOME LOAN MORTGAGE CORP,federal home loan mortgage
1026214,FMCKI,FEDERAL HOME LOAN MORTGAGE CORP,federal home loan mortgage
1026214,FMCCG,FEDERAL HOME LOAN MORTGAGE CORP,federal home loan mortgage
1026214,FREJP,FEDERAL HOME LOAN MORTGAGE CORP,federal home loan mortgage
1026214,FMCCI,FEDERAL HOME LOAN MORTGAGE CORP,federal home loan mortgage
1026655,CMT,CORE MOLDING TECHNOLOGIES INC,core molding technologies
1026662,CLWT,EURO TECH HOLDINGS CO LTD,euro tech holdings
1026785,HIHO,HIGHWAY HOLDINGS LTD,highway holdings
1026980,APWC,ASIA PACIFIC WIRE & CABLE CORP LTD,asia pacific wire & cable corp
1027552,BSAC,BANCO SANTANDER CHILE,banco santander chile
1027664,ESLT,ELBIT SYSTEMS LTD,elbit systems
1027838,TCMD,TACTILE SYSTEMS TECHNOLOGY INC,tactile systems technology
1028357,BITTF,BITTERROOT RESOURCES LTD,bitterroot resources
1029199,EEFT,"EURONET WORLDWIDE, INC.",euronet worldwide
1029974,IPGLF,INTERPUMP GROUP SPA /FI,interpump group spa /fi
1030192,IDR,"Idaho Strategic Resources, Inc.",idaho strategic resources
1030469,OFG,OFG BANCORP,ofg bancorp
1030471,UTSI,UTSTARCOM HOLDINGS CORP.,utstarcom holdings
1030894,CLS,CELESTICA INC,celestica
1030997,WILC,G WILLI FOOD INTERNATIONAL LTD,g willi food international
1031093,SVBL,"SILVER BULL RESOURCES, INC.",silver bull resources
1031203,GPI,GROUP 1 AUTOMOTIVE INC,group 1 automotive
1031235,SELF,"Global Self Storage, Inc.",global self storage
1031296,FE,FIRSTENERGY CORP,firstenergy
1031308,BSY,BENTLEY SYSTEMS INC,bentley systems
1031316,FSP,FRANKLIN STREET PROPERTIES CORP /MA/,franklin street properties corp /ma/
1032033,SLMBP,SLM Corp,slm
1032033,SLM,SLM Corp,slm
1032208,SRE,SEMPRA,sempra
1032208,SREA,SEMPRA,sempra
1032220,MMS,"MAXIMUS, INC.",maximus
1032975,LOGI,LOGITECH INTERNATIONAL S.A.,logitech international s.a
1033767,UMC,UNITED MICROELECTRONICS CORP,united microelectronics
1034054,SBAC,SBA COMMUNICATIONS CORP,sba communications
1034665,MHD,"BLACKROCK MUNIHOLDINGS FUND, INC.",blackrock muniholdings fund
1034670,ALV,AUTOLIV INC,autoliv
1034760,WYY,WIDEPOINT CORP,widepoint
1034842,RIGL,RIGEL PHARMACEUTICALS INC,rigel pharmaceuticals
1034957,CRESY,CRESUD INC,cresud
1034983,MNBEF,MINEBEA MITSUMI Inc.,minebea mitsumi
1034983,MINBY,MINEBEA MITSUMI Inc.,minebea mitsumi
1035002,VLO,VALERO ENERGY CORP/TX,valero energy corp/tx
1035092,SHBI,SHORE BANCSHARES INC,shore bancshares
1035201,CWT,CALIFORNIA WATER SERVICE GROUP,california water service group
1035267,ISRG,INTUITIVE SURGICAL INC,intuitive surgical
1035354,ELOX,"Eloxx Pharmaceuticals, Inc.",eloxx pharmaceuticals
1035422,CTTH,"CTT PHARMACEUTICAL HOLDINGS, INC.",ctt pharmaceutical holdings
1035443,ARE,"ALEXANDRIA REAL ESTATE EQUITIES, INC.",alexandria real estate equities
1035983,FIX,COMFORT SYSTEMS USA INC,comfort systems usa
1036044,INVE,"Identiv, Inc.",identiv
1036262,INTT,INTEST CORP,intest
1037038,RL,RALPH LAUREN CORP,ralph lauren
1037540,BXP,"BXP, Inc.",bxp
1037646,MTD,METTLER TOLEDO INTERNATIONAL INC/,mettler toledo international inc/
1037868,AME,AMETEK INC/,ametek inc/
1037976,JLL,JONES LANG LASALLE INC,jones lang lasalle
1038074,SLAB,SILICON LABORATORIES INC.,silicon laboratories
1038143,ORANY,ORANGE,orange
1038143,FNCTF,ORANGE,orange
1038277,INIS,RADNOSTIX INC,radnostix
1038683,RYAOF,RYANAIR HOLDINGS PLC,ryanair holdings plc
1038683,RYAAY,RYANAIR HOLDINGS PLC,ryanair holdings plc
1038773,SMBK,SMARTFINANCIAL INC.,smartfinancial
1039065,OSIS,OSI SYSTEMS INC,osi systems
1039280,NTWK,NETSOL TECHNOLOGIES INC,netsol technologies
1039399,FORM,FORMFACTOR INC,formfactor
1039610,ELCPF,EDP ENERGIAS DE PORTUGAL SA,edp energias de portugal sa
1039610,EDPFY,EDP ENERGIAS DE PORTUGAL SA,edp energias de portugal sa
1039684,OKE,ONEOK INC /NEW/,oneok inc /new/
1039765,INGVF,ING GROEP NV,ing groep nv
1039765,ING,ING GROEP NV,ing groep nv
1039828,ANG-PD,American National Group Inc.,american national group
1040130,PETS,PETMED EXPRESS INC,petmed express
1040161,PXLW,"PIXELWORKS, INC",pixelworks
1040470,AEHR,AEHR TEST SYSTEMS,aehr test systems
1040829,RHP,"Ryman Hospitality Properties, Inc.",ryman hospitality properties
1040896,IDN,"Intellicheck, Inc.",intellicheck
1040971,SLG-PI,SL GREEN REALTY CORP,sl green realty
1040971,SLG,SL GREEN REALTY CORP,sl green realty
1041024,RMTI,"ROCKWELL MEDICAL, INC.",rockwell medical
1041061,YUM,YUM BRANDS INC,yum brands
1041130,DIA,SPDR DOW JONES INDUSTRIAL AVERAGE ETF TRUST,spdr dow jones industrial average etf trust
1041368,RVSB,RIVERVIEW BANCORP INC,riverview bancorp
1041514,LSAK,LESAKA TECHNOLOGIES INC,lesaka technologies
1041657,UONE,"URBAN ONE, INC.",urban one
1041657,UONEK,"URBAN ONE, INC.",urban one
1041668,CHKIF,CHINA SOUTHERN AIRLINES CO LTD,china southern airlines
1041792,ELPC,ENERGY CO OF PARANA,energy co of parana
1041803,PSMT,PRICESMART INC,pricesmart
1041859,PLCE,"Childrens Place, Inc.",childrens place
1041934,FOCL,EDAP TMS SA,edap tms sa
1042046,AFGD,AMERICAN FINANCIAL GROUP INC,american financial group
1042046,AFG,AMERICAN FINANCIAL GROUP INC,american financial group
1042046,AFGC,AMERICAN FINANCIAL GROUP INC,american financial group
1042046,AFGE,AMERICAN FINANCIAL GROUP INC,american financial group
1042046,AFGB,AMERICAN FINANCIAL GROUP INC,american financial group
1042187,YHGJ,YUNHONG GREEN CTI LTD.,yunhong green cti
1042418,INTI,"Inhibitor Therapeutics, Inc.",inhibitor therapeutics
1042729,MBWM,MERCANTILE BANK CORP,mercantile bank
1042776,PDM,"Piedmont Realty Trust, Inc.",piedmont realty trust
1042893,INVX,"Innovex International, Inc.",innovex international
1043000,SNDA,"SONIDA SENIOR LIVING, INC.",sonida senior living
1043150,EEGI,"Eline Entertainment Group, Inc.",eline entertainment group
1043186,SLNG,"Stabilis Solutions, Inc.",stabilis solutions
1043219,NLY,ANNALY CAPITAL MANAGEMENT INC,annaly capital management
1043219,NLY-PI,ANNALY CAPITAL MANAGEMENT INC,annaly capital management
1043219,NLY-PJ,ANNALY CAPITAL MANAGEMENT INC,annaly capital management
1043219,NLY-PG,ANNALY CAPITAL MANAGEMENT INC,annaly capital management
1043219,NLY-PF,ANNALY CAPITAL MANAGEMENT INC,annaly capital management
1043277,CHRW,"C. H. ROBINSON WORLDWIDE, INC.",c. h. robinson worldwide
1043337,SRI,STONERIDGE INC,stoneridge
1043509,SAH,SONIC AUTOMOTIVE INC,sonic automotive
1043961,PRPO,"Precipio, Inc.",precipio
1044777,OSPN,OneSpan Inc.,onespan
1045450,EPR,EPR PROPERTIES,epr properties
1045450,EPR-PG,EPR PROPERTIES,epr properties
1045450,EPR-PE,EPR PROPERTIES,epr properties
1045450,EPR-PC,EPR PROPERTIES,epr properties
1045520,CM,CANADIAN IMPERIAL BANK OF COMMERCE /CAN/,canadian imperial bank of commerce /can/
1045520,CNDIF,CANADIAN IMPERIAL BANK OF COMMERCE /CAN/,canadian imperial bank of commerce /can/
1045609,PLDGP,"Prologis, Inc.",prologis
1045609,PLD,"Prologis, Inc.",prologis
1045742,LIVE,LIVE VENTURES Inc,live ventures
1045810,NVDA,NVIDIA CORP,nvidia
1045942,TRCK,"Track Group, Inc.",track group
1045986,FORTY,FORMULA SYSTEMS (1985) LTD,formula systems (1985)
1046025,HFWA,HERITAGE FINANCIAL CORP /WA/,heritage financial corp /wa/
1046050,TSBK,TIMBERLAND BANCORP INC,timberland bancorp
1046102,RBA,RB GLOBAL INC.,rb global
1046179,TSM,TAIWAN SEMICONDUCTOR MANUFACTURING CO LTD,taiwan semiconductor manufacturing
1046179,TSMWF,TAIWAN SEMICONDUCTOR MANUFACTURING CO LTD,taiwan semiconductor manufacturing
1046257,INGR,Ingredion Inc,ingredion
1046311,CHH,CHOICE HOTELS INTERNATIONAL INC /DE,choice hotels international inc /de
1046568,PRDO,PERDOCEO EDUCATION Corp,perdoceo education
1047127,AMKR,"AMKOR TECHNOLOGY, INC.",amkor technology
1047335,NHC,NATIONAL HEALTHCARE CORP,national healthcare
1047340,DMC,DEL MONTE CORP,del monte
1047716,LTM,LATAM AIRLINES GROUP S.A.,latam airlines group s.a
1047862,ED,CONSOLIDATED EDISON INC,consolidated edison
1048268,IESC,"IES Holdings, Inc.",ies holdings
1048286,MAR,MARRIOTT INTERNATIONAL INC /MD/,marriott international inc /md/
1048477,BMRN,BIOMARIN PHARMACEUTICAL INC,biomarin pharmaceutical
1048695,FFIV,"F5, INC.",f5
1048911,FDX,FEDEX CORP,fedex
1049502,MKSI,MKS INC,mks
1049521,MRCY,MERCURY SYSTEMS INC,mercury systems
1049606,CIX,COMPX INTERNATIONAL INC,compx international
1049659,SID,NATIONAL STEEL CO,national steel
1049724,DLAKF,DEUTSCHE LUFTHANSA A G /FI,deutsche lufthansa a g /fi
1049724,DLAKY,DEUTSCHE LUFTHANSA A G /FI,deutsche lufthansa a g /fi
1050140,DSGX,DESCARTES SYSTEMS GROUP INC,descartes systems group
1050377,CNXN,PC CONNECTION INC,pc connection
1050441,EGBN,EAGLE BANCORP INC,eagle bancorp
1050446,MSTR,Strategy Inc,strategy
1050446,STRK,Strategy Inc,strategy
1050446,STRF,Strategy Inc,strategy
1050446,STRD,Strategy Inc,strategy
1050446,STRC,Strategy Inc,strategy
1050606,SALM,"SALEM MEDIA GROUP, INC. /DE/","salem media group, inc. /de/"
1050743,PGC,PEAPACK GLADSTONE FINANCIAL CORP,peapack gladstone financial
1050797,COLM,COLUMBIA SPORTSWEAR CO,columbia sportswear
1050915,PWR,"QUANTA SERVICES, INC.",quanta services
1051003,DSU,"BLACKROCK DEBT STRATEGIES FUND, INC.",blackrock debt strategies fund
1051004,MUC,"BLACKROCK MUNIHOLDINGS CALIFORNIA QUALITY FUND, INC.",blackrock muniholdings california quality fund
1051470,CCI,CROWN CASTLE INC.,crown castle
1051512,TDS-PU,TELEPHONE & DATA SYSTEMS INC /DE/,telephone & data systems inc /de/
1051512,TDS-PV,TELEPHONE & DATA SYSTEMS INC /DE/,telephone & data systems inc /de/
1051512,TDS,TELEPHONE & DATA SYSTEMS INC /DE/,telephone & data systems inc /de/
1051627,AXTI,AXT INC,axt
1052354,MADL,MAN AHL DIVERSIFIED I LP,man ahl diversified i
1052752,GTY,GETTY REALTY CORP /MD/,getty realty corp /md/
1053092,SLVO,CREDIT SUISSE AG,credit suisse ag
1053092,GLDI,CREDIT SUISSE AG,credit suisse ag
1053092,USOI,CREDIT SUISSE AG,credit suisse ag
1053369,ELTP,ELITE PHARMACEUTICALS INC /NV/,elite pharmaceuticals inc /nv/
1053507,AMT,AMERICAN TOWER CORP /MA/,american tower corp /ma/
1053691,CRVO,CervoMed Inc.,cervomed
1053706,CRAI,"CRA INTERNATIONAL, INC.",cra international
1053988,MUJ,"BLACKROCK MUNIHOLDINGS NEW JERSEY QUALITY FUND, INC.",blackrock muniholdings new jersey quality fund
1054102,IDXG,"INTERPACE BIOSCIENCES, INC.",interpace biosciences
1054905,IOSP,INNOSPEC INC.,innospec
1055160,MFA-PB,"MFA FINANCIAL, INC.",mfa financial
1055160,MFA,"MFA FINANCIAL, INC.",mfa financial
1055160,MFAO,"MFA FINANCIAL, INC.",mfa financial
1055160,MFAN,"MFA FINANCIAL, INC.",mfa financial
1055160,MFA-PC,"MFA FINANCIAL, INC.",mfa financial
1055726,INO,"INOVIO PHARMACEUTICALS, INC.",inovio pharmaceuticals
1056288,FHI,"FEDERATED HERMES, INC.",federated hermes
1056358,MTEX,MANNATECH INC,mannatech
1056696,MANH,MANHATTAN ASSOCIATES INC,manhattan associates
1056903,AWR,AMERICAN STATES WATER CO,american states water
1056943,PFIS,PEOPLES FINANCIAL SERVICES CORP.,peoples financial services
1057060,HZO,MARINEMAX INC,marinemax
1057352,CSGP,"COSTAR GROUP, INC.",costar group
1057379,HCKT,"HACKETT GROUP, INC.",hackett group
1057706,FBP,FIRST BANCORP /PR/,first bancorp /pr/
1057861,DHF,BNY MELLON HIGH YIELD STRATEGIES FUND,bny mellon high yield strategies fund
1057877,IDA,IDACORP INC,idacorp
1058090,CMG,CHIPOTLE MEXICAN GRILL INC,chipotle mexican grill
1058239,HIX,WESTERN ASSET HIGH INCOME FUND II INC.,western asset high income fund ii
1058290,CTSH,COGNIZANT TECHNOLOGY SOLUTIONS CORP,cognizant technology solutions
1058307,NXPL,NextPlat Corp,nextplat
1058623,CMLSQ,CUMULUS MEDIA INC,cumulus media
1058623,CMLS,CUMULUS MEDIA INC,cumulus media
1058811,IMMR,IMMERSION CORP,immersion
1059142,GHI,Greystone Housing Impact Investors LP,greystone housing impact investors
1059213,BXSY,BEXIL INVESTMENT TRUST,bexil investment trust
1059386,VVR,Invesco Senior Income Trust,invesco senior income trust
1059556,MCO,MOODYS CORP /DE/,moodys corp /de/
1059689,NALG,North America Lithium & Gold Corp,north america lithium & gold
1060391,RSG,"REPUBLIC SERVICES, INC.",republic services
1060822,CRI,CARTERS INC,carters
1060955,ICLR,ICON PLC,icon plc
1061040,NGCG,"New Generation Consumer Group, Inc.",new generation consumer group
1061069,AWX,AVALON HOLDINGS CORP,avalon holdings
1061219,EPDU,ENTERPRISE PRODUCTS PARTNERS L.P.,enterprise products partners
1061219,EPD,ENTERPRISE PRODUCTS PARTNERS L.P.,enterprise products partners
1061353,DHY,CREDIT SUISSE HIGH YIELD CREDIT FUND,credit suisse high yield credit fund
1061574,GIB,CGI INC,cgi
1061612,JPOTF,Jackpot Digital Inc.,jackpot digital
1061630,BXMT,"BLACKSTONE MORTGAGE TRUST, INC.",blackstone mortgage trust
1061736,FMX,MEXICAN ECONOMIC DEVELOPMENT INC,mexican economic development
1061894,GIL,Gildan Activewear Inc.,gildan activewear
1061983,CYTK,CYTOKINETICS INC,cytokinetics
1062066,AOMFF,ALSTOM,alstom
1062231,DCH,Dauch Corp,dauch
1062506,ALDA,ATLANTICA INC,atlantica
1062579,DOX,AMDOCS LTD,amdocs
1062822,LXRX,"LEXICON PHARMACEUTICALS, INC.",lexicon pharmaceuticals
1063259,DNN,DENISON MINES CORP.,denison mines
1063761,SPG,SIMON PROPERTY GROUP INC.,simon property group
1063761,SPG-PJ,SIMON PROPERTY GROUP INC.,simon property group
1064052,FGOVF,FREEGOLD VENTURES LTD,freegold ventures
1064728,BTU,PEABODY ENERGY CORP,peabody energy
1065059,LEU,CENTRUS ENERGY CORP,centrus energy
1065078,NTIP,"NETWORK-1 TECHNOLOGIES, INC.",network-1 technologies
1065088,EBAY,EBAY INC,ebay
1065280,NFLX,NETFLIX INC,netflix
1065696,LKQ,LKQ CORP,lkq
1065823,FNFI,FIRST NILES FINANCIAL INC,first niles financial
1065823,FNFPA,FIRST NILES FINANCIAL INC,first niles financial
1066119,VIV,TELEFONICA BRASIL S.A.,telefonica brasil s.a
1066130,LINMF,Linear Minerals Corp,linear minerals
1066130,LINMD,Linear Minerals Corp,linear minerals
1066194,EGAN,EGAIN Corp,egain
1066684,TGLO,THEGLOBE COM INC,theglobe com
1066764,BESS-WT,Bimergen Energy Corp,bimergen energy
1066764,BESS,Bimergen Energy Corp,bimergen energy
1066923,FTFT,Future FinTech Group Inc.,future fintech group
1067294,CBRL,"CRACKER BARREL OLD COUNTRY STORE, INC",cracker barrel old country store
1067318,MBGAF,DAIMLER AG,daimler ag
1067491,INFY,Infosys Ltd,infosys
1067701,URI,"UNITED RENTALS, INC.",united rentals
1067839,QQQ,"INVESCO QQQ TRUST, SERIES 1","invesco qqq trust, series 1"
1067983,BRK-B,BERKSHIRE HATHAWAY INC,berkshire hathaway
1067983,BRK-A,BERKSHIRE HATHAWAY INC,berkshire hathaway
1068689,ATDS,"Data443 Risk Mitigation, Inc.",data443 risk mitigation
1068851,PB,PROSPERITY BANCSHARES INC,prosperity bancshares
1068897,FXBY,FOXBY CORP.,foxby
1069157,EWBC,EAST WEST BANCORP INC,east west bancorp
1069183,AXON,"AXON ENTERPRISE, INC.",axon enterprise
1069202,LII,LENNOX INTERNATIONAL INC,lennox international
1069258,KTOS,"KRATOS DEFENSE & SECURITY SOLUTIONS, INC.",kratos defense & security solutions
1069336,SWZCF,SWISSCOM AG,swisscom ag
1069336,SCMWY,SWISSCOM AG,swisscom ag
1069394,FSI,FLEXIBLE SOLUTIONS INTERNATIONAL INC,flexible solutions international
1069530,FLNA,"FILANA THERAPEUTICS, INC.",filana therapeutics
1069533,RGCO,RGC RESOURCES INC,rgc resources
1069878,TREX,TREX CO INC,trex
1069899,PAHC,PHIBRO ANIMAL HEALTH CORP,phibro animal health
1070050,APCX,AppTech Payments Corp.,apptech payments
1070050,APCXW,AppTech Payments Corp.,apptech payments
1070081,PTCT,"PTC THERAPEUTICS, INC.",ptc therapeutics
1070235,BB,BLACKBERRY Ltd,blackberry
1070296,FCAP,FIRST CAPITAL INC,first capital
1070304,IX,ORIX CORP,orix
1070304,ORXCF,ORIX CORP,orix
1070412,CNX,CNX Resources Corp,cnx resources
1070423,PAA,PLAINS ALL AMERICAN PIPELINE LP,plains all american pipeline
1070423,PAAPU,PLAINS ALL AMERICAN PIPELINE LP,plains all american pipeline
1070494,ACAD,ACADIA PHARMACEUTICALS INC,acadia pharmaceuticals
1070524,GCBC,GREENE COUNTY BANCORP INC,greene county bancorp
1070680,CFBK,CF BANKSHARES INC.,cf bankshares
1070732,EVF,Eaton Vance Senior Income Trust,eaton vance senior income trust
1070750,HST,"HOST HOTELS & RESORTS, INC.",host hotels & resorts
1070789,HYOR,HyOrc Corp,hyorc
1070985,CXW,"CoreCivic, Inc.",corecivic
1071236,RRBI,RED RIVER BANCSHARES INC,red river bancshares
1071321,TKC,TURKCELL ILETISIM HIZMETLERI A S,turkcell iletisim hizmetleri a s
1071438,BAK,BRASKEM SA,braskem sa
1071739,CNC,CENTENE CORP,centene
1071840,WNDW,"SolarWindow Technologies, Inc.",solarwindow technologies
1072379,NWBO,NORTHWEST BIOTHERAPEUTICS INC,northwest biotherapeutics
1072397,BZLFF,BUNZL PLC,bunzl plc
1072397,BZLFY,BUNZL PLC,bunzl plc
1072627,KWY,KINGSWAY Corp,kingsway
1072725,GDRZF,GOLD RESERVE LTD,gold reserve
1073404,GGB,GERDAU S.A.,gerdau s.a
1074540,EVN,Eaton Vance Municipal Income Trust,eaton vance municipal income trust
1074692,CEV,Eaton Vance California Municipal Income Trust,eaton vance california municipal income trust
1074769,NAN,NUVEEN NEW YORK QUALITY MUNICIPAL INCOME FUND,nuveen new york quality municipal income fund
1074828,USBC,"USBC, Inc.",usbc
1074871,MODD,"Modular Medical, Inc.",modular medical
1074902,LCNB,LCNB CORP,lcnb
1074952,NAC,Nuveen California Quality Municipal Income Fund,nuveen california quality municipal income fund
1075124,TMSOF,THOMSON REUTERS CORP /CAN/,thomson reuters corp /can/
1075124,TRI,THOMSON REUTERS CORP /CAN/,thomson reuters corp /can/
1075415,DHCNI,DIVERSIFIED HEALTHCARE TRUST,diversified healthcare trust
1075415,DHCNL,DIVERSIFIED HEALTHCARE TRUST,diversified healthcare trust
1075415,DHC,DIVERSIFIED HEALTHCARE TRUST,diversified healthcare trust
1075531,BKNG,Booking Holdings Inc.,booking holdings
1075706,CIZN,CITIZENS HOLDING CO /MS/,citizens holding co /ms/
1075736,CXDO,"Crexendo, Inc.",crexendo
1075822,NHFLF,NORTHFIELD CAPITAL CORP,northfield capital
1075880,KZIA,KAZIA THERAPEUTICS LTD,kazia therapeutics
1076378,CX,CEMEX SAB DE CV,cemex sab de cv
1076378,CXMSF,CEMEX SAB DE CV,cemex sab de cv
1076691,OSBK,OCONEE FINANCIAL CORP,oconee financial
1076930,NOVTU,NOVANTA INC,novanta
1076930,NOVT,NOVANTA INC,novanta
1077183,NEO,NEOGENOMICS INC,neogenomics
1077428,TCBI,TEXAS CAPITAL BANCSHARES INC/TX,texas capital bancshares inc/tx
1077428,TCBIO,TEXAS CAPITAL BANCSHARES INC/TX,texas capital bancshares inc/tx
1077640,WMLLF,Wealth Minerals Ltd.,wealth minerals
1077688,HOFT,HOOKER FURNISHINGS Corp,hooker furnishings
1078075,NTCT,NETSCOUT SYSTEMS INC,netscout systems
1078271,EXTR,EXTREME NETWORKS INC,extreme networks
1078716,TGOPF,3i GROUP PLC,3i group plc
1080014,INVA,"Innoviva, Inc.",innoviva
1080340,LOAN,"MANHATTAN BRIDGE CAPITAL, INC",manhattan bridge capital
1080448,PGOL,PATRIOT GOLD CORP,patriot gold
1080657,SQFT,"Presidio Property Trust, Inc.",presidio property trust
1080657,SQFTP,"Presidio Property Trust, Inc.",presidio property trust
1080657,SQFTW,"Presidio Property Trust, Inc.",presidio property trust
1080720,GUT,GABELLI UTILITY TRUST,gabelli utility trust
1080720,GUT-PC,GABELLI UTILITY TRUST,gabelli utility trust
1081745,INLX,"INTELLINETICS, INC.",intellinetics
1081834,KUBR,Kuber Resources Corp,kuber resources
1081938,CPMD,"CANNAPHARMARX, INC.",cannapharmarx
1082324,VHC,VirnetX Holding Corp,virnetx holding
1082554,UTHR,UNITED THERAPEUTICS Corp,united therapeutics
1082733,VISM,"VISIUM TECHNOLOGIES, INC.",visium technologies
1083220,XELB,"XCel Brands, Inc.",xcel brands
1083301,WULF,TERAWULF INC.,terawulf
1083446,ASTH,"Astrana Health, Inc.",astrana health
1083468,EARI,"ENTERTAINMENT ARTS RESEARCH, INC.",entertainment arts research
1083490,SRRE,SUNRISE REAL ESTATE GROUP INC,sunrise real estate group
1083522,JSDA,JONES SODA CO.,jones soda
1083743,FLUX,"Flux Power Holdings, Inc.",flux power holdings
1083839,NAD,Nuveen Quality Municipal Income Fund,nuveen quality municipal income fund
1084048,ZD,"ZIFF DAVIS, INC.",ziff davis
1084201,SVA,SINOVAC BIOTECH LTD,sinovac biotech
1084267,MOBQ,"Mobiquity Technologies, Inc.",mobiquity technologies
1084267,MOBQW,"Mobiquity Technologies, Inc.",mobiquity technologies
1084475,NIHK,"Video River Networks, Inc.",video river networks
1084551,CRDV,Community Redevelopment Inc.,community redevelopment
1084554,LTBR,LIGHTBRIDGE Corp,lightbridge
1084765,RGP,"RESOURCES CONNECTION, INC.",resources connection
1084869,FLWS,1 800 FLOWERS COM INC,1 800 flowers com
1084937,GREH,Green Rain Energy Holdings Inc.,green rain energy holdings
1084961,ECPG,ENCORE CAPITAL GROUP INC,encore capital group
1084991,NGS,NATURAL GAS SERVICES GROUP INC,natural gas services group
1085243,VTSI,"VirTra, Inc",virtra
1085277,SKVI,"SKINVISIBLE, INC.",skinvisible
1085913,FMCB,FARMERS & MERCHANTS BANCORP,farmers & merchants bancorp
1085921,MMTIF,MICROMEM TECHNOLOGIES INC,micromem technologies
1086222,AKAM,AKAMAI TECHNOLOGIES INC,akamai technologies
1086303,HCIL,"Hongchang International Co., Ltd",hongchang international co
1086434,AUDC,AUDIOCODES LTD,audiocodes
1086600,ARLP,ALLIANCE RESOURCE PARTNERS LP,alliance resource partners
1086745,FABC,"Fabric.AI, Inc.",fabric.ai
1086888,MNLCF,MANULIFE FINANCIAL CORP,manulife financial
1086888,MNUPF,MANULIFE FINANCIAL CORP,manulife financial
1086888,MNUFF,MANULIFE FINANCIAL CORP,manulife financial
1086888,MNQFF,MANULIFE FINANCIAL CORP,manulife financial
1086888,MFC,MANULIFE FINANCIAL CORP,manulife financial
1087294,CPIX,CUMBERLAND PHARMACEUTICALS INC,cumberland pharmaceuticals
1087456,UBOH,UNITED BANCSHARES INC/OH,united bancshares inc/oh
1087711,SNTUF,Santander UK plc,santander uk plc
1087711,STNDF,Santander UK plc,santander uk plc
1088034,USIO,"Usio, Inc.",usio
1088413,GLGI,"GREYSTONE LOGISTICS, INC.",greystone logistics
1088856,CORT,CORCEPT THERAPEUTICS INC,corcept therapeutics
1089063,DKS,"DICK'S SPORTING GOODS, INC.",dick's sporting goods
1089113,HBCYF,HSBC HOLDINGS PLC,hsbc holdings plc
1089113,HSBC,HSBC HOLDINGS PLC,hsbc holdings plc
1089815,EHSI,Elite Health Systems Inc.,elite health systems
1089872,GAIA,"GAIA, INC",gaia
1089907,SWKHL,SWK Holdings Corp,swk holdings
1090009,SFST,SOUTHERN FIRST BANCSHARES INC,southern first bancshares
1090012,DVN,DEVON ENERGY CORP/DE,devon energy corp/de
1090116,NVG,Nuveen AMT-Free Municipal Credit Income Fund,nuveen amt-free municipal credit income fund
1090396,TBTC,TABLE TRAC INC,table trac
1090425,LAMR,LAMAR ADVERTISING CO/NEW,lamar advertising co/new
1090727,UPS,UNITED PARCEL SERVICE INC,united parcel service
1090872,A,"AGILENT TECHNOLOGIES, INC.",agilent technologies
1091223,MTLS,MATERIALISE NV,materialise nv
1091326,BIOM,"SB Technology Holdings, Inc.",sb technology holdings
1091587,ABBNY,ABB LTD,abb
1091587,ABLZF,ABB LTD,abb
1091596,AURX,"Nuo Therapeutics, Inc.",nuo therapeutics
1091667,CHTR,"CHARTER COMMUNICATIONS, INC. /MO/","charter communications, inc. /mo/"
1092570,FULO,FULLNET COMMUNICATIONS INC,fullnet communications
1092699,SPSC,SPS COMMERCE INC,sps commerce
1092796,SWBI,"SMITH & WESSON BRANDS, INC.",smith & wesson brands
1093557,DXCM,DEXCOM INC,dexcom
1093672,PEBK,PEOPLES BANCORP OF NORTH CAROLINA INC,peoples bancorp of north carolina
1093691,PLUG,PLUG POWER INC,plug power
1094032,QDMI,QDM International Inc.,qdm international
1094038,MRKR,"Marker Therapeutics, Inc.",marker therapeutics
1094285,TDY,TELEDYNE TECHNOLOGIES INC,teledyne technologies
1094324,SIFY,SIFY TECHNOLOGIES LTD,sify technologies
1094366,RDWR,RADWARE LTD,radware
1094517,TOYOF,TOYOTA MOTOR CORP/,toyota motor corp/
1094517,TM,TOYOTA MOTOR CORP/,toyota motor corp/
1094831,BGC,"BGC Group, Inc.",bgc group
1094972,UGP,ULTRAPAR HOLDINGS INC,ultrapar holdings
1095052,PLG,PLATINUM GROUP METALS LTD,platinum group metals
1095073,EG,"EVEREST GROUP, LTD.",everest group
1095146,ABIT,Athena Bitcoin Global,athena bitcoin global
1095435,ALP,Alpha Compute Corp,alpha compute
1095565,HSTM,HEALTHSTREAM INC,healthstream
1095651,SAFE,Safehold Inc.,safehold
1095981,PSTV,"PLUS THERAPEUTICS, INC.",plus therapeutics
1096056,LXFR,LUXFER HOLDINGS PLC,luxfer holdings plc
1096275,WKSP,Worksport Ltd,worksport
1096296,RITE,MINERALRITE Corp,mineralrite
1096343,MKL,MARKEL GROUP INC.,markel group
1096752,EPC,EDGEWELL PERSONAL CARE Co,edgewell personal care
1096938,UEEC,"United Health Products, Inc.",united health products
1097149,ALGN,ALIGN TECHNOLOGY INC,align technology
1097362,SUNFF,SUN LIFE FINANCIAL INC,sun life financial
1097362,SLFQF,SUN LIFE FINANCIAL INC,sun life financial
1097362,SLFIF,SUN LIFE FINANCIAL INC,sun life financial
1097362,SLF,SUN LIFE FINANCIAL INC,sun life financial
1097864,ON,ON SEMICONDUCTOR CORP,on semiconductor
1098146,PNBK,PATRIOT NATIONAL BANCORP INC,patriot national bancorp
1098151,FDBC,FIDELITY D & D BANCORP INC,fidelity d & d bancorp
1098462,MTLK,METALINK LTD,metalink
1098482,INNI,"Innovaro, Inc.",innovaro
1098972,AGEN,AGENUS INC,agenus
1099160,BBGI,BEASLEY BROADCAST GROUP INC,beasley broadcast group
1099219,MET-PE,METLIFE INC,metlife
1099219,MET-PF,METLIFE INC,metlife
1099219,MET,METLIFE INC,metlife
1099219,MET-PA,METLIFE INC,metlife
1099234,MLMC,"FrankSpeech Network, Inc.",frankspeech network
1099369,DSNY,DESTINY MEDIA TECHNOLOGIES INC,destiny media technologies
1099590,MELI,MERCADOLIBRE INC,mercadolibre
1099668,FOTB,"FIRST OTTAWA BANCSHARES, INC.",first ottawa bancshares
1099800,EW,Edwards Lifesciences Corp,edwards lifesciences
1100682,CRL,"CHARLES RIVER LABORATORIES INTERNATIONAL, INC.",charles river laboratories international
1101026,ZIVO,"Zivo Bioscience, Inc.",zivo bioscience
1101215,BFH,"BREAD FINANCIAL HOLDINGS, INC.",bread financial holdings
1101215,BFH-PB,"BREAD FINANCIAL HOLDINGS, INC.",bread financial holdings
1101215,BFH-PA,"BREAD FINANCIAL HOLDINGS, INC.",bread financial holdings
1101239,EQIX,EQUINIX INC,equinix
1101302,ENTG,ENTEGRIS INC,entegris
1101433,QMCI,QUOTEMEDIA INC,quotemedia
1102238,ARL,AMERICAN REALTY INVESTORS INC,american realty investors
1102993,LPSN,LIVEPERSON INC,liveperson
1103090,RSCF,"REFLECT SCIENTIFIC, INC.",reflect scientific
1103795,QSEP,"QS Energy, Inc.",qs energy
1103833,CRWE,"Crown Equity Holdings, Inc.",crown equity holdings
1103838,IBN,ICICI BANK LTD,icici bank
1103982,MDLZ,"Mondelez International, Inc.",mondelez international
1104038,VRME,"VerifyMe, Inc.",verifyme
1104485,NOG,"NORTHERN OIL & GAS, INC.",northern oil & gas
1104506,INSM,INSMED Inc,insmed
1104657,MTRN,MATERION Corp,materion
1105101,GIGM,GIGAMEDIA Ltd,gigamedia
1106213,SFRX,SEAFARER EXPLORATION CORP,seafarer exploration
1106215,KDDIF,KDDI CORP,kddi
1106644,CPHI,"CHINA PHARMA HOLDINGS, INC.",china pharma holdings
1106861,CSDX,CS DIAGNOSTICS CORP.,cs diagnostics
1107280,OVTZ,OCULUS INC.,oculus
1107421,TCRT,"Alaunos Therapeutics, Inc.",alaunos therapeutics
1107457,IFNNF,INFINEON TECHNOLOGIES AG,infineon technologies ag
1107457,IFNNY,INFINEON TECHNOLOGIES AG,infineon technologies ag
1107843,QLYS,"QUALYS, INC.",qualys
1108109,CYH,COMMUNITY HEALTH SYSTEMS INC,community health systems
1108134,BBT,Beacon Financial Corp,beacon financial
1108205,CRIS,CURIS INC,curis
1108248,KNOS,KRONOS ADVANCED TECHNOLOGIES INC,kronos advanced technologies
1108329,PTCCY,PETROCHINA CO LTD,petrochina
1108329,PCCYF,PETROCHINA CO LTD,petrochina
1108426,TXNM,TXNM ENERGY INC,txnm energy
1108524,CRM,"Salesforce, Inc.",salesforce
1109116,EVC,ENTRAVISION COMMUNICATIONS CORP,entravision communications
1109138,CAMT,CAMTEK LTD,camtek
1109242,HAFC,HANMI FINANCIAL CORP,hanmi financial
1109262,BSCL,"BILI Social International, Inc.",bili social international
1109262,AGGI,"BILI Social International, Inc.",bili social international
1109345,NVMI,NOVA LTD.,nova
1109354,BRKR,BRUKER CORP,bruker
1109354,BRKRP,BRUKER CORP,bruker
1109357,EXC,EXELON CORP,exelon
1110607,KLNG,"Koil Energy Solutions, Inc.",koil energy solutions
1110646,NETTF,"NetEase, Inc.",netease
1110646,NTES,"NetEase, Inc.",netease
1110803,ILMN,"ILLUMINA, INC.",illumina
1111335,VC,VISTEON CORP,visteon
1111485,RXST,"RxSight, Inc.",rxsight
1111711,NI,NISOURCE INC.,nisource
1111741,DYNR,"DYNARESOURCE, INC.",dynaresource
1111928,IPGP,IPG PHOTONICS CORP,ipg photonics
1113152,BEWFF,BEWHERE HOLDINGS INC,bewhere holdings
1113169,TROW,PRICE T ROWE GROUP INC,price t rowe group
1113232,ACLS,AXCELIS TECHNOLOGIES INC,axcelis technologies
1113313,AVNI,ARVANA INC,arvana
1113423,CSCID,COSCIENS Biopharma Inc.,cosciens biopharma
1113809,BBW,BUILD-A-BEAR WORKSHOP INC,build-a-bear workshop
1114446,BDCZ,UBS AG,ubs ag
1114446,QULL,UBS AG,ubs ag
1114446,IWFL,UBS AG,ubs ag
1114446,MTUL,UBS AG,ubs ag
1114446,MLPB,UBS AG,ubs ag
1114446,AMUB,UBS AG,ubs ag
1114446,BDCX,UBS AG,ubs ag
1114446,MLPR,UBS AG,ubs ag
1114446,IWDL,UBS AG,ubs ag
1114446,CEFD,UBS AG,ubs ag
1114446,HDLB,UBS AG,ubs ag
1114446,IWML,UBS AG,ubs ag
1114446,MVRL,UBS AG,ubs ag
1114446,PFFL,UBS AG,ubs ag
1114446,IFED,UBS AG,ubs ag
1114446,UCIB,UBS AG,ubs ag
1114446,SMHB,UBS AG,ubs ag
1114446,USML,UBS AG,ubs ag
1114446,SCDL,UBS AG,ubs ag
1114448,NVSEF,NOVARTIS AG,novartis ag
1114448,NVS,NOVARTIS AG,novartis ag
1114483,ITGR,Integer Holdings Corp,integer holdings
1114700,GGAL,GRUPO FINANCIERO GALICIA SA,grupo financiero galicia sa
1114859,GLOH,"Glow Holdings, Inc.",glow holdings
1114925,LTRX,LANTRONIX INC,lantronix
1114927,FNRN,FIRST NORTHERN COMMUNITY BANCORP,first northern community bancorp
1114936,UMEW,UMeWorld Inc.,umeworld
1114995,PI,IMPINJ INC,impinj
1115864,ILXP,ECOMINAS CORP.,ecominas
1115864,ILXPD,ECOMINAS CORP.,ecominas
1116132,TPR,"TAPESTRY, INC.",tapestry
1116463,OSUR,ORASURE TECHNOLOGIES INC,orasure technologies
1116578,PUKPF,PRUDENTIAL PLC,prudential plc
1116578,PUK,PRUDENTIAL PLC,prudential plc
1116942,TTMI,TTM TECHNOLOGIES INC,ttm technologies
1117057,PLAG,Planet Green Holdings Corp.,planet green holdings
1117228,MMMW,MASS MEGAWATTS WIND POWER INC,mass megawatts wind power
1117297,QNST,"QUINSTREET, INC",quinstreet
1119083,MNDO,MIND CTI LTD,mind cti
1119190,RWAX,"TAP REAL ESTATE TECHNOLOGIES, INC.",tap real estate technologies
1119639,PBR-A,PETROBRAS - PETROLEO BRASILEIRO SA,petrobras - petroleo brasileiro sa
1119639,PBR,PETROBRAS - PETROLEO BRASILEIRO SA,petrobras - petroleo brasileiro sa
1119643,NPHC,NUTRA PHARMA CORP,nutra pharma
1119769,CRNT,CERAGON NETWORKS LTD,ceragon networks
1119774,CGEN,COMPUGEN LTD,compugen
1119949,MNZO,Exxsun Corp,exxsun
1120193,NDAQ,"NASDAQ, INC.",nasdaq
1120370,BWEN,"BROADWIND, INC.",broadwind
1120914,PDFS,PDF SOLUTIONS INC,pdf solutions
1120970,LODE,Comstock Inc.,comstock
1121404,SNY,Sanofi,sanofi
1121404,SNYNF,Sanofi,sanofi
1121484,OIS,"OIL STATES INTERNATIONAL, INC",oil states international
1121788,GRMN,GARMIN LTD,garmin
1121795,GHST,GHST World Inc.,ghst world
1122020,PCSV,"PCS Edventures!, Inc.",pcs edventures!
1122411,ASX,"ASE Technology Holding Co., Ltd.",ase technology holding co
1122904,NTGR,"NETGEAR, INC.",netgear
1122976,AVNT,AVIENT CORP,avient
1122993,BMXI,BROOKMOUNT EXPLORATIONS INC,brookmount explorations
1123134,IMOS,CHIPMOS TECHNOLOGIES INC,chipmos technologies
1123267,HANNF,Hannan Metals Ltd.,hannan metals
1123360,GPN,GLOBAL PAYMENTS INC,global payments
1123452,ASR,SOUTHEAST AIRPORT GROUP,southeast airport group
1123452,ASRMF,SOUTHEAST AIRPORT GROUP,southeast airport group
1123494,HBIO,HARVARD BIOSCIENCE INC,harvard bioscience
1123596,BABB,"BAB, INC.",bab
1123658,SNPMF,CHINA PETROLEUM & CHEMICAL CORP,china petroleum & chemical
1123799,WIT,WIPRO LTD,wipro
1124105,GYRE,"GYRE THERAPEUTICS, INC.",gyre therapeutics
1124198,FLR,FLUOR CORP,fluor
1124524,CYRX,"Cryoport, Inc.",cryoport
1124796,LASR,"NLIGHT, INC.",nlight
1124959,XSIAX,VOYA CREDIT INCOME FUND,voya credit income fund
1125345,MGNX,MACROGENICS INC,macrogenics
1125376,ENSG,"ENSIGN GROUP, INC",ensign group
1126113,TELNF,TELENOR ASA,telenor asa
1126113,TELNY,TELENOR ASA,telenor asa
1126328,PFG,PRINCIPAL FINANCIAL GROUP INC,principal financial group
1126741,GSIT,GSI TECHNOLOGY INC,gsi technology
1126956,SRJN,SPIRE INC,spire
1126956,SR,SPIRE INC,spire
1127007,VYRE,CABO VERDE CAPITAL INC.,cabo verde capital
1127248,ERRAF,EMERA INC,emera
1127248,EMA,EMERA INC,emera
1127248,EMRJF,EMERA INC,emera
1127248,EMICF,EMERA INC,emera
1127371,CWBC,Community West Bancshares,community west bancshares
1127475,DBMM,"Digital Brand Media & Marketing Group, Inc.",digital brand media & marketing group
1127537,LUNG,Pulmonx Corp,pulmonx
1128189,PKTX,"ProtoKinetix, Inc.",protokinetix
1128252,XAKJ,"SIPP International Industries, Inc.",sipp international industries
1128281,SKAS,"Saker Aviation Services, Inc.",saker aviation services
1128361,HOPE,HOPE BANCORP INC,hope bancorp
1128928,FLO,FLOWERS FOODS INC,flowers foods
1129137,AMX,AMERICA MOVIL SAB DE CV/,america movil sab de cv/
1129137,AMXOF,AMERICA MOVIL SAB DE CV/,america movil sab de cv/
1129928,ONCY,ONCOLYTICS BIOTECH INC,oncolytics biotech
1130144,BSRR,SIERRA BANCORP,sierra bancorp
1130166,BGMS,"Bio Green Med Solution, Inc.",bio green med solution
1130166,BGMSP,"Bio Green Med Solution, Inc.",bio green med solution
1130310,CNP,CENTERPOINT ENERGY INC,centerpoint energy
1130464,BKH,BLACK HILLS CORP /SD/,black hills corp /sd/
1130598,TRAW,"Traws Pharma, Inc.",traws pharma
1130713,BBBY-WT,"BED BATH & BEYOND, INC.",bed bath & beyond
1130713,BBBY,"BED BATH & BEYOND, INC.",bed bath & beyond
1130781,BMPA,"BMP AI Technologies, Inc.",bmp ai technologies
1131312,ZNOGW,ZION OIL & GAS INC,zion oil & gas
1131312,ZNOG,ZION OIL & GAS INC,zion oil & gas
1131343,PRNAF,ALTERITY THERAPEUTICS LTD,alterity therapeutics
1131343,ATHE,ALTERITY THERAPEUTICS LTD,alterity therapeutics
1131383,STN,STANTEC INC,stantec
1131399,GLAXF,GSK plc,gsk plc
1131399,GSK,GSK plc,gsk plc
1131903,FCCN,SPECTRAL CAPITAL Corp,spectral capital
1132105,SPWH,"SPORTSMAN'S WAREHOUSE HOLDINGS, INC.",sportsman's warehouse holdings
1132509,NNAX,New Momentum Corp.,new momentum
1132597,ITUB,Itau Unibanco Holding S.A.,itau unibanco holding s.a
1132651,ATLO,AMES NATIONAL CORP,ames national
1132924,CHT,CHUNGHWA TELECOM CO LTD,chunghwa telecom
1133062,JANL,JANEL CORP,janel
1133311,TZOO,TRAVELZOO,travelzoo
1133416,GALT,GALECTIN THERAPEUTICS INC,galectin therapeutics
1133421,NOC,NORTHROP GRUMMAN CORP /DE/,northrop grumman corp /de/
1133519,MCUJF,MEDICURE INC,medicure
1133798,TXRP,"TX Rail Products, Inc.",tx rail products
1133818,BPTH,"BIO-PATH HOLDINGS, INC.",bio-path holdings
1133869,CAPR,"CAPRICOR THERAPEUTICS, INC.",capricor therapeutics
1134115,THM,INTERNATIONAL TOWER HILL MINES LTD,international tower hill mines
1134765,CHUC,"Charlie's Holdings, Inc.",charlie's holdings
1134982,AAPI,"Apple iSports Group, Inc.",apple isports group
1135951,RDY,DR REDDYS LABORATORIES LTD,dr reddys laboratories
1136808,ENAKF,E.ON SE,e.on se
1136808,EONGY,E.ON SE,e.on se
1136869,ZBH,"ZIMMER BIOMET HOLDINGS, INC.",zimmer biomet holdings
1136893,FIS,"Fidelity National Information Services, Inc.",fidelity national information services
1137091,PSIX,"POWER SOLUTIONS INTERNATIONAL, INC.",power solutions international
1137774,PRS,PRUDENTIAL FINANCIAL INC,prudential financial
1137774,PRU,PRUDENTIAL FINANCIAL INC,prudential financial
1137774,PFH,PRUDENTIAL FINANCIAL INC,prudential financial
1137774,PRH,PRUDENTIAL FINANCIAL INC,prudential financial
1137789,STX,Seagate Technology Holdings plc,seagate technology holdings plc
1137883,BCLI,BRAINSTORM CELL THERAPEUTICS INC.,brainstorm cell therapeutics
1137887,NZF,Nuveen Municipal Credit Income Fund,nuveen municipal credit income fund
1138118,CBRE,"CBRE GROUP, INC.",cbre group
1138476,PFHO,PACIFIC HEALTH CARE ORGANIZATION INC,pacific health care organization
1138586,XCRT,"Xcelerate, Inc.",xcelerate
1138723,ARAY,ACCURAY INC,accuray
1138867,EESH,"EESTech, Inc.",eestech
1139685,AIDX,"20/20 Biolabs, Inc.",20/20 biolabs
1140102,HQI,"HireQuest, Inc.",hirequest
1140215,REED,"REED'S, INC.",reed's
1140411,PCQ,PIMCO CALIFORNIA MUNICIPAL INCOME FUND,pimco california municipal income fund
1140536,WTW,WILLIS TOWERS WATSON PLC,willis towers watson plc
1140625,EQNR,EQUINOR ASA,equinor asa
1140625,STOHF,EQUINOR ASA,equinor asa
1140859,COR,"Cencora, Inc.",cencora
1141103,CCRN,CROSS COUNTRY HEALTHCARE INC,cross country healthcare
1141197,PED,PEDEVCO CORP,pedevco
1141240,LQMT,LIQUIDMETAL TECHNOLOGIES INC,liquidmetal technologies
1141284,ASNS,ACTELIS NETWORKS INC,actelis networks
1141391,MA,Mastercard Inc,mastercard
1141688,LARK,LANDMARK BANCORP INC,landmark bancorp
1141964,PCMC,PUBLIC CO MANAGEMENT CORP,public co management
1142231,HKHHY,HEINEKEN HOLDING N V,heineken holding n v
1142231,HKHHF,HEINEKEN HOLDING N V,heineken holding n v
1142417,NXST,"NEXSTAR MEDIA GROUP, INC.",nexstar media group
1142750,AMN,AMN HEALTHCARE SERVICES INC,amn healthcare services
1143513,GLAD,GLADSTONE CAPITAL CORP,gladstone capital
1143994,MRPT,MACREPORT NET INC,macreport net
1144215,AYI,ACUITY INC. (DE),acuity inc. (de)
1144392,BKTH,MEGOLA INC,megola
1144800,TACPF,TRANSALTA CORP,transalta
1144800,TRNTF,TRANSALTA CORP,transalta
1144800,TAC,TRANSALTA CORP,transalta
1144800,TSLTF,TRANSALTA CORP,transalta
1144879,APLD,Applied Digital Corp.,applied digital
1144967,HDB,HDFC BANK LTD,hdfc bank
1144980,ABG,ASBURY AUTOMOTIVE GROUP INC,asbury automotive group
1145197,PODD,INSULET CORP,insulet
1145255,HNNA,HENNESSY ADVISORS INC,hennessy advisors
1145604,NIKA,"NIKA PHARMACEUTICALS, INC",nika pharmaceuticals
1145986,ASPN,ASPEN AEROGELS INC,aspen aerogels
1156039,ELV,"Elevance Health, Inc.",elevance health
1156041,AGIG,"ABUNDIA GLOBAL IMPACT GROUP, INC.",abundia global impact group
1156375,CME,CME GROUP INC.,cme group
1157075,PMCB,"PharmaCyte Biotech, Inc.",pharmacyte biotech
1157408,LRN,"Stride, Inc.",stride
1157557,CIG,ENERGY CO OF MINAS GERAIS,energy co of minas gerais
1157557,CIG-C,ENERGY CO OF MINAS GERAIS,energy co of minas gerais
1157601,MDGL,"MADRIGAL PHARMACEUTICALS, INC.",madrigal pharmaceuticals
1157647,WNEB,"Western New England Bancorp, Inc.",western new england bancorp
1157842,RQI,COHEN & STEERS QUALITY INCOME REALTY FUND INC,cohen & steers quality income realty fund
1158114,AAOI,"APPLIED OPTOELECTRONICS, INC.",applied optoelectronics
1158172,SCOR,"COMSCORE, INC.",comscore
1158289,JRS,NUVEEN REAL ESTATE INCOME FUND,nuveen real estate income fund
1158324,CCOI,"COGENT COMMUNICATIONS HOLDINGS, INC.",cogent communications holdings
1158399,BRCNF,Burcon NutraScience Corp,burcon nutrascience
1158449,AAP,ADVANCE AUTO PARTS INC,advance auto parts
1158463,JBLU,JETBLUE AIRWAYS CORP,jetblue airways
1158780,PLUR,Pluri Inc.,pluri
1158838,ADTTF,ADVANTEST CORP,advantest
1158838,ATEYY,ADVANTEST CORP,advantest
1158895,LMAT,LEMAITRE VASCULAR INC,lemaitre vascular
1159036,HALO,"HALOZYME THERAPEUTICS, INC.",halozyme therapeutics
1159152,JHX,James Hardie Industries plc,james hardie industries plc
1159152,JHIUF,James Hardie Industries plc,james hardie industries plc
1159508,DB,DEUTSCHE BANK AKTIENGESELLSCHAFT,deutsche bank aktiengesellschaft
1159508,DZZ,DEUTSCHE BANK AKTIENGESELLSCHAFT,deutsche bank aktiengesellschaft
1159508,DGP,DEUTSCHE BANK AKTIENGESELLSCHAFT,deutsche bank aktiengesellschaft
1159508,ADZCF,DEUTSCHE BANK AKTIENGESELLSCHAFT,deutsche bank aktiengesellschaft
1159508,DEENF,DEUTSCHE BANK AKTIENGESELLSCHAFT,deutsche bank aktiengesellschaft
1159508,OLOXF,DEUTSCHE BANK AKTIENGESELLSCHAFT,deutsche bank aktiengesellschaft
1159508,DGZ,DEUTSCHE BANK AKTIENGESELLSCHAFT,deutsche bank aktiengesellschaft
1160106,LYG,Lloyds Banking Group plc,lloyds banking group plc
1160106,LLDTF,Lloyds Banking Group plc,lloyds banking group plc
1160106,LLOBF,Lloyds Banking Group plc,lloyds banking group plc
1160308,SVRA,Savara Inc,savara
1160330,BBD,BANK BRADESCO,bank bradesco
1160330,BBDO,BANK BRADESCO,bank bradesco
1160420,ADIA,"Adia Nutrition, Inc.",adia nutrition
1160864,BHK,BLACKROCK CORE BOND TRUST,blackrock core bond trust
1160990,PCN,PIMCO CORPORATE & INCOME STRATEGY FUND,pimco corporate & income strategy fund
1161125,BCH,BANK OF CHILE,bank of chile
1161167,AIQUF,L AIR LIQUIDE SA /FI,l air liquide sa /fi
1161611,ALMMF,ALUMINUM CORP OF CHINA LTD,aluminum corp of china
1161728,MGEE,MGE ENERGY INC,mge energy
1161814,KIQSF,KELSO TECHNOLOGIES INC,kelso technologies
1162027,AFB,ALLIANCEBERNSTEIN NATIONAL MUNICIPAL INCOME FUND,alliancebernstein national municipal income fund
1162194,LAB,STANDARD BIOTOOLS INC.,standard biotools
1162283,MGHL,MORGAN GROUP HOLDING CO,morgan group holding
1162896,PROP,Prairie Operating Co.,prairie operating
1163165,COP,CONOCOPHILLIPS,conocophillips
1163370,NRIM,NORTHRIM BANCORP INC,northrim bancorp
1163389,NWPP,NEW PEOPLES BANKSHARES INC,new peoples bankshares
1163420,MTNOF,MTN GROUP LTD/ADR,mtn group ltd/adr
1163420,MTNOY,MTN GROUP LTD/ADR,mtn group ltd/adr
1163609,SDSYA,SOUTH DAKOTA SOYBEAN PROCESSORS LLC,south dakota soybean processors
1163653,NRSCF,NOMURA HOLDINGS INC,nomura holdings
1163653,NMR,NOMURA HOLDINGS INC,nomura holdings
1163668,SPFI,"SOUTH PLAINS FINANCIAL, INC.",south plains financial
1163739,NBR,NABORS INDUSTRIES LTD,nabors industries
1163792,WEA,WESTERN ASSET PREMIER BOND FUND,western asset premier bond fund
1164009,FXCNY,FIH Mobile Ltd,fih mobile
1164009,FXCNF,FIH Mobile Ltd,fih mobile
1164727,NEM,NEWMONT Corp /DE/,newmont corp /de/
1164727,NEMCL,NEWMONT Corp /DE/,newmont corp /de/
1164771,NAK,NORTHERN DYNASTY MINERALS LTD,northern dynasty minerals
1164863,NPO,Enpro Inc.,enpro
1165002,WHG,WESTWOOD HOLDINGS GROUP INC,westwood holdings group
1166003,XPO,"XPO, Inc.",xpo
1166663,TEN,TSAKOS ENERGY NAVIGATION LTD,tsakos energy navigation
1166663,TEN-PE,TSAKOS ENERGY NAVIGATION LTD,tsakos energy navigation
1166663,TEN-PF,TSAKOS ENERGY NAVIGATION LTD,tsakos energy navigation
1166691,CCZ,COMCAST CORP,comcast
1166691,CMCSA,COMCAST CORP,comcast
1166708,BWMG,"Brownie's Marine Group, Inc",brownie's marine group
1166928,WTBA,WEST BANCORPORATION INC,west bancorporation
1167379,ALC,ALCON INC,alcon
1167419,RIOT,"Riot Platforms, Inc.",riot platforms
1168455,PLBC,PLUMAS BANCORP,plumas bancorp
1168981,LVRLF,CordovaCann Corp.,cordovacann
1169034,BHV,BLACKROCK VIRGINIA MUNICIPAL BOND TRUST,blackrock virginia municipal bond trust
1169138,GBUX,"GIVBUX, INC.",givbux
1169486,TKOMF,"TOKIO MARINE HOLDINGS, INC.",tokio marine holdings
1169486,TKOMY,"TOKIO MARINE HOLDINGS, INC.",tokio marine holdings
1169561,CVLT,COMMVAULT SYSTEMS INC,commvault systems
1169760,CMGHF,CHAODA MODERN AGRICULTURE HOLDINGS LTD /FI,chaoda modern agriculture holdings ltd /fi
1169770,BANC,"BANC OF CALIFORNIA, INC.",banc of california
1169770,BANC-PF,"BANC OF CALIFORNIA, INC.",banc of california
1170010,KMX,CARMAX INC,carmax
1170299,PML,PIMCO MUNICIPAL INCOME FUND II,pimco municipal income fund ii
1170311,PNI,PIMCO NEW YORK MUNICIPAL INCOME FUND II,pimco new york municipal income fund ii
1170858,SBS,COMPANHIA DE SANEAMENTO BASICO DO ESTADO DE SAO PAULO-SABESP,companhia de saneamento basico do estado de sao paulo-sabesp
1171008,ADMG,ADAMANT DRI PROCESSING & MINERALS GROUP,adamant dri processing & minerals group
1171155,RLGT,"RADIANT LOGISTICS, INC",radiant logistics
1171326,EUBG,ENTREPRENEUR UNIVERSE BRIGHT GROUP,entrepreneur universe bright group
1171471,CHI,CALAMOS CONVERTIBLE OPPORTUNITIES & INCOME FUND,calamos convertible opportunities & income fund
1171486,NRP,NATURAL RESOURCE PARTNERS LP,natural resource partners
1171759,RRGB,RED ROBIN GOURMET BURGERS INC,red robin gourmet burgers
1171838,SUND,"Sundance Strategies, Inc.",sundance strategies
1172052,SAFT,SAFETY INSURANCE GROUP INC,safety insurance group
1172069,PTOS,"P2 Solar, Inc.",p2 solar
1172178,LBSR,LIBERTY STAR URANIUM & METALS CORP.,liberty star uranium & metals
1172358,DMLP,"DORCHESTER MINERALS, L.P.",dorchester minerals
1172724,GFI,GOLD FIELDS LTD,gold fields
1172724,GFIOF,GOLD FIELDS LTD,gold fields
1173204,CNVS,Cineverse Corp.,cineverse
1173313,ABVC,"ABVC BIOPHARMA, INC.",abvc biopharma
1173382,CAE,CAE INC,cae
1173420,NG,NOVAGOLD RESOURCES INC,novagold resources
1173489,CEVA,CEVA INC,ceva
1173514,HY,"HYSTER-YALE, INC.",hyster-yale
1173643,TRX,TRX GOLD Corp,trx gold
1174164,FFC,Flaherty & Crumrine PREFERRED & INCOME SECURITIES FUND INC,flaherty & crumrine preferred & income securities fund
1174169,AGQPF,ALGONQUIN POWER & UTILITIES CORP.,algonquin power & utilities
1174169,AQNB,ALGONQUIN POWER & UTILITIES CORP.,algonquin power & utilities
1174169,AQN,ALGONQUIN POWER & UTILITIES CORP.,algonquin power & utilities
1174511,AEBMY,ANADOLU EFES BIRACILIK VE MALT SANAYI A S/ADR,anadolu efes biracilik ve malt sanayi a s/adr
1174511,AEBMF,ANADOLU EFES BIRACILIK VE MALT SANAYI A S/ADR,anadolu efes biracilik ve malt sanayi a s/adr
1174511,AEBZY,ANADOLU EFES BIRACILIK VE MALT SANAYI A S/ADR,anadolu efes biracilik ve malt sanayi a s/adr
1174850,NIC,NICOLET BANKSHARES INC,nicolet bankshares
1174891,GEDC,"TerraVolt Holdings, Inc.",terravolt holdings
1174922,WYNN,WYNN RESORTS LTD,wynn resorts
1174940,OGEN,ORAGENICS INC,oragenics
1175151,CTSO,Cytosorbents Corp,cytosorbents
1175454,CPAY,"CORPAY, INC.",corpay
1175535,WSR,Whitestone REIT,whitestone reit
1175596,AXREF,AMARC RESOURCES LTD,amarc resources
1175680,CYDY,CytoDyn Inc.,cytodyn
1176199,HPI,JOHN HANCOCK PREFERRED INCOME FUND,john hancock preferred income fund
1176309,ORMP,ORAMED PHARMACEUTICALS INC.,oramed pharmaceuticals
1176334,MMLP,MARTIN MIDSTREAM PARTNERS L.P.,martin midstream partners
1176948,ARES,Ares Management Corp,ares management
1176948,ARES-PB,Ares Management Corp,ares management
1176984,EIM,Eaton Vance Municipal Bond Fund,eaton vance municipal bond fund
1177394,SNX,TD SYNNEX CORP,td synnex
1177609,FIVE,"FIVE BELOW, INC",five below
1177648,ENTA,ENANTA PHARMACEUTICALS INC,enanta pharmaceuticals
1177702,SAIA,SAIA INC,saia
1178253,SCYX,SCYNEXIS INC,scynexis
1178526,VERTF,Vertiqal Studios Corp.,vertiqal studios
1178660,TUTH,Standard Dental Labs Inc.,standard dental labs
1178670,ALNY,"ALNYLAM PHARMACEUTICALS, INC.",alnylam pharmaceuticals
1178697,SONM,"DNA X, Inc.",dna x
1178819,AGI,ALAMOS GOLD INC,alamos gold
1178839,NBH,NEUBERGER MUNICIPAL FUND INC.,neuberger municipal fund
1178970,PFS,PROVIDENT FINANCIAL SERVICES INC,provident financial services
1179821,BGI,BIRKS GROUP INC.,birks group
1179929,MOH,"MOLINA HEALTHCARE, INC.",molina healthcare
1180262,HLF,HERBALIFE LTD.,herbalife
1181412,SPCX,SPACE EXPLORATION TECHNOLOGIES CORP,space exploration technologies
1185348,PRAA,PRA GROUP INC,pra group
1187953,CELZ,"CREATIVE MEDICAL TECHNOLOGY HOLDINGS, INC.",creative medical technology holdings
1189740,HPF,JOHN HANCOCK PREFERRED INCOME FUND II,john hancock preferred income fund ii
1190370,IVDN,INNOVATIVE DESIGNS INC,innovative designs
1190723,TNRSF,TENARIS SA,tenaris sa
1190723,TS,TENARIS SA,tenaris sa
1190935,PTY,PIMCO CORPORATE & INCOME OPPORTUNITY FUND,pimco corporate & income opportunity fund
1191070,NEUP,Neuphoria Therapeutics Inc.,neuphoria therapeutics
1191832,KNGRF,Kingsmen Resources Ltd.,kingsmen resources
1192323,SPST,Superstar Platforms Inc.,superstar platforms
1192448,GKOS,GLAUKOS Corp,glaukos
1195737,NEA,Nuveen AMT-Free Quality Municipal Income Fund,nuveen amt-free quality municipal income fund
1195738,NKX,NUVEEN CALIFORNIA AMT-FREE QUALITY MUNICIPAL INCOME FUND,nuveen california amt-free quality municipal income fund
1195739,NRK,NUVEEN NEW YORK AMT-FREE QUALITY MUNICIPAL INCOME FUND,nuveen new york amt-free quality municipal income fund
1196298,NEPH,NEPHROS INC,nephros
1199004,FMN,Federated Hermes Premier Municipal Income Fund,federated hermes premier municipal income fund
1199392,EGMCF,EMERGENT METALS CORP.,emergent metals
1200375,CDXS,"CODEXIS, INC.",codexis
1201792,APEI,AMERICAN PUBLIC EDUCATION INC,american public education
1203464,IAG,IAMGOLD CORP,iamgold
1205922,VCNX,"VACCINEX, INC.",vaccinex
1206264,SGI,SOMNIGROUP INTERNATIONAL INC.,somnigroup international
1207179,GLNG,GOLAR LNG LTD,golar lng
1210123,EAD,ALLSPRING INCOME OPPORTUNITIES FUND,allspring income opportunities fund
1210677,FA,FIRST ADVANTAGE CORP,first advantage
1210708,STRRP,"Star Equity Holdings, Inc.",star equity holdings
1210708,STRR,"Star Equity Holdings, Inc.",star equity holdings
1211583,FENC,FENNEC PHARMACEUTICALS INC.,fennec pharmaceuticals
1211805,MYSZ,"My Size, Inc.",my size
1212545,WAL,WESTERN ALLIANCE BANCORPORATION,western alliance bancorporation
1212545,WAL-PA,WESTERN ALLIANCE BANCORPORATION,western alliance bancorporation
1213037,CRDF,"Cardiff Oncology, Inc.",cardiff oncology
1213809,DYAI,DYADIC INTERNATIONAL INC,dyadic international
1214816,AXS-PE,AXIS CAPITAL HOLDINGS LTD,axis capital holdings
1214816,AXS,AXIS CAPITAL HOLDINGS LTD,axis capital holdings
1214935,NCV,Virtus Convertible & Income Fund,virtus convertible & income fund
1214935,NCV-PA,Virtus Convertible & Income Fund,virtus convertible & income fund
1215913,HPS,JOHN HANCOCK PREFERRED INCOME FUND III,john hancock preferred income fund iii
1216583,JPC,Nuveen Preferred & Income Opportunities Fund,nuveen preferred & income opportunities fund
1217234,CDNA,"CareDx, Inc.",caredx
1218683,BGDE,"Big Digital Energy, Inc.",big digital energy
1219120,AVK,ADVENT CONVERTIBLE & INCOME FUND,advent convertible & income fund
1219360,PHK,PIMCO HIGH INCOME FUND,pimco high income fund
1219601,CCK,"CROWN HOLDINGS, INC.",crown holdings
1221029,CPAC,CEMENTOS PACASMAYO SAA,cementos pacasmayo saa
1222333,GLD,SPDR GOLD TRUST,spdr gold trust
1222401,HYT,"BLACKROCK CORPORATE HIGH YIELD FUND, INC.",blackrock corporate high yield fund
1222719,CHY,CALAMOS CONVERTIBLE & HIGH INCOME FUND,calamos convertible & high income fund
1222922,EVV,Eaton Vance Ltd Duration Income Fund,eaton vance ltd duration income fund
1224133,MCHX,MARCHEX INC,marchex
1224450,RNP,COHEN & STEERS REIT & PREFERRED & INCOME FUND INC,cohen & steers reit & preferred & income fund
1224608,CNO-PA,"CNO Financial Group, Inc.",cno financial group
1224608,CNO,"CNO Financial Group, Inc.",cno financial group
1226616,MNOV,MEDICINOVA INC,medicinova
1227073,ERC,ALLSPRING MULTI-SECTOR INCOME FUND,allspring multi-sector income fund
1227282,SPOWF,Strata Power Corp,strata power
1227476,JQC,Nuveen Credit Strategies Income Fund,nuveen credit strategies income fund
1227500,EQBK,EQUITY BANCSHARES INC,equity bancshares
1227636,STIM,"Neuronetics, Inc.",neuronetics
1227654,CMP,COMPASS MINERALS INTERNATIONAL INC,compass minerals international
1227857,NCZ,Virtus Convertible & Income Fund II,virtus convertible & income fund ii
1227857,NCZ-PA,Virtus Convertible & Income Fund II,virtus convertible & income fund ii
1227862,EMD,WESTERN ASSET EMERGING MARKETS DEBT FUND INC.,western asset emerging markets debt fund
1228454,BCBP,BCB BANCORP INC,bcb bancorp
1228509,EHI,WESTERN ASSET GLOBAL HIGH INCOME FUND INC.,western asset global high income fund
1228627,IRD,"Opus Genetics, Inc.",opus genetics
1230058,KANP,KAANAPALI LAND LLC,kaanapali land
1230245,PIPR,PIPER SANDLER COMPANIES,piper sandler companies
1230524,LEEN,"Leopard Energy, Inc.",leopard energy
1230869,ASA,ASA Gold & Precious Metals Ltd,asa gold & precious metals
1231346,SA,SEABRIDGE GOLD INC,seabridge gold
1231457,GNLX,GENELUX Corp,genelux
1232384,TNCAF,TC ENERGY CORP,tc energy
1232384,TRP,TC ENERGY CORP,tc energy
1232384,TCANF,TC ENERGY CORP,tc energy
1232384,TCEYF,TC ENERGY CORP,tc energy
1232384,TRPEF,TC ENERGY CORP,tc energy
1232384,TCENF,TC ENERGY CORP,tc energy
1232384,TRPPF,TC ENERGY CORP,tc energy
1232384,TCNCF,TC ENERGY CORP,tc energy
1232384,TRPRF,TC ENERGY CORP,tc energy
1232524,JAZZ,Jazz Pharmaceuticals plc,jazz pharmaceuticals plc
1232582,AHT-PI,ASHFORD HOSPITALITY TRUST INC,ashford hospitality trust
1232582,AHT,ASHFORD HOSPITALITY TRUST INC,ashford hospitality trust
1232582,AHT-PG,ASHFORD HOSPITALITY TRUST INC,ashford hospitality trust
1232582,AHT-PH,ASHFORD HOSPITALITY TRUST INC,ashford hospitality trust
1232582,AHT-PF,ASHFORD HOSPITALITY TRUST INC,ashford hospitality trust
1232582,AHT-PD,ASHFORD HOSPITALITY TRUST INC,ashford hospitality trust
1233087,FTF,FRANKLIN LTD DURATION INCOME TRUST,franklin ltd duration income trust
1233681,BLW,BLACKROCK Ltd DURATION INCOME TRUST,blackrock ltd duration income trust
1234006,GOODO,GLADSTONE COMMERCIAL CORP,gladstone commercial
1234006,GOOD,GLADSTONE COMMERCIAL CORP,gladstone commercial
1234006,GOODN,GLADSTONE COMMERCIAL CORP,gladstone commercial
1235468,LQDT,LIQUIDITY SERVICES INC,liquidity services
1235912,CVRX,"CVRx, Inc.",cvrx
1236275,QXO-PB,"QXO, Inc.",qxo
1236275,QXO,"QXO, Inc.",qxo
1237831,GMED,GLOBUS MEDICAL INC,globus medical
1243429,ARCXF,ArcelorMittal,arcelormittal
1243429,AMSYF,ArcelorMittal,arcelormittal
1243429,MT,ArcelorMittal,arcelormittal
1244183,PFL,PIMCO INCOME STRATEGY FUND,pimco income strategy fund
1245648,FLC,FLAHERTY & CRUMRINE TOTAL RETURN FUND INC,flaherty & crumrine total return fund
1253327,EVT,Eaton Vance Tax-Advantaged Dividend Income Fund,eaton vance tax-advantaged dividend income fund
1253689,CBIO,"CRESCENT BIOPHARMA, INC.",crescent biopharma
1253986,ABR,ARBOR REALTY TRUST INC,arbor realty trust
1253986,ABR-PE,ARBOR REALTY TRUST INC,arbor realty trust
1253986,ABR-PF,ARBOR REALTY TRUST INC,arbor realty trust
1253986,ABR-PD,ARBOR REALTY TRUST INC,arbor realty trust
1254370,WIA,WESTERN ASSET INFLATION-LINKED INCOME FUND,western asset inflation-linked income fund
1254435,PEXZF,PACIFIC RIDGE EXPLORATION LTD,pacific ridge exploration
1254699,QVCCQ,QVC INC,qvc
1254699,QVCDQ,QVC INC,qvc
1257640,KRO,KRONOS WORLDWIDE INC,kronos worldwide
1258602,NNI,NELNET INC,nelnet
1258623,EFR,Eaton Vance Senior Floating-Rate Trust,eaton vance senior floating-rate trust
1259429,OXSQ,Oxford Square Capital Corp.,oxford square capital
1259429,OXSQH,Oxford Square Capital Corp.,oxford square capital
1259429,OXSQG,Oxford Square Capital Corp.,oxford square capital
1259708,FRA,"BLACKROCK FLOATING RATE INCOME STRATEGIES FUND, INC.",blackrock floating rate income strategies fund
1260041,HTD,JOHN HANCOCK TAX-ADVANTAGED DIVIDEND INCOME FUND,john hancock tax-advantaged dividend income fund
1260221,TDG,TransDigm Group INC,transdigm group
1260563,NFJ,"Virtus Dividend, Interest & Premium Strategy Fund","virtus dividend, interest & premium strategy fund"
1260729,GDV-PK,GABELLI DIVIDEND & INCOME TRUST,gabelli dividend & income trust
1260729,GDV,GABELLI DIVIDEND & INCOME TRUST,gabelli dividend & income trust
1260729,GDV-PH,GABELLI DIVIDEND & INCOME TRUST,gabelli dividend & income trust
1261002,GNOLF,GENOIL INC,genoil
1261166,NRO,NEUBERGER REAL ESTATE SECURITIES INCOME FUND INC,neuberger real estate securities income fund
1261333,DOCU,"DOCUSIGN, INC.",docusign
1261654,UTI,UNIVERSAL TECHNICAL INSTITUTE INC,universal technical institute
1262039,FTNT,"Fortinet, Inc.",fortinet
1262104,LITS,"Lite Strategy, Inc.",lite strategy
1262823,WLK,WESTLAKE CORP,westlake
1262976,CMPR,CIMPRESS plc,cimpress plc
1263043,SHG,SHINHAN FINANCIAL GROUP CO LTD,shinhan financial group
1263364,COPR-WT,Idaho Copper Corp,idaho copper
1263364,COPR,Idaho Copper Corp,idaho copper
1263994,UTG,REAVES UTILITY INCOME FUND,reaves utility income fund
1264136,WF,WOORI FINANCIAL GROUP INC.,woori financial group
1265131,HTH,Hilltop Holdings Inc.,hilltop holdings
1265521,PMHS,"Polomar Health Services, Inc.",polomar health services
1266585,NMZ,NUVEEN MUNICIPAL HIGH INCOME OPPORTUNITY FUND,nuveen municipal high income opportunity fund
1266806,VANI,"Vivani Medical, Inc.",vivani medical
1267238,AIZ,"ASSURANT, INC.",assurant
1267238,AIZN,"ASSURANT, INC.",assurant
1267332,IPB,MERRILL LYNCH DEPOSITOR INC INDEXPLUS TRUST SERIES 2003-1,merrill lynch depositor inc indexplus trust series 2003-1
1267395,AHL-PE,ASPEN INSURANCE HOLDINGS LTD,aspen insurance holdings
1267395,AHL-PF,ASPEN INSURANCE HOLDINGS LTD,aspen insurance holdings
1267395,AHL-PD,ASPEN INSURANCE HOLDINGS LTD,aspen insurance holdings
1267565,COLL,"COLLEGIUM PHARMACEUTICAL, INC",collegium pharmaceutical
1267902,WIW,WESTERN ASSET INFLATION-LINKED OPPORTUNITIES & INCOME FUND,western asset inflation-linked opportunities & income fund
1268533,TYG,TORTOISE ENERGY INFRASTRUCTURE CORP,tortoise energy infrastructure
1268884,IGR,CBRE GLOBAL REAL ESTATE INCOME FUND,cbre global real estate income fund
1268896,CILFY,CHINA LIFE INSURANCE CO LTD,china life insurance
1268896,CILJF,CHINA LIFE INSURANCE CO LTD,china life insurance
1269026,SINT,"Sintx Technologies, Inc.",sintx technologies
1269238,TCOM,Trip.com Group Ltd,trip.com group
1269238,TRPCF,Trip.com Group Ltd,trip.com group
1270131,SCD,LMP CAPITAL & INCOME FUND INC.,lmp capital & income fund
1270436,COHN,Cohen & Co Inc.,cohen &
1270523,ETG,Eaton Vance Tax-Advantaged Global Dividend Income Fund,eaton vance tax-advantaged global dividend income fund
1271554,ERLFF,Entree Resources Ltd.,entree resources
1272842,AIRG,AIRGAIN INC,airgain
1273441,GTE,GRAN TIERRA ENERGY INC.,gran tierra energy
1273685,ADAMH,"ADAMAS TRUST, INC.",adamas trust
1273685,ADAMO,"ADAMAS TRUST, INC.",adamas trust
1273685,ADAM,"ADAMAS TRUST, INC.",adamas trust
1273685,ADAMZ,"ADAMAS TRUST, INC.",adamas trust
1273685,ADAMG,"ADAMAS TRUST, INC.",adamas trust
1273685,ADAML,"ADAMAS TRUST, INC.",adamas trust
1273685,ADAMM,"ADAMAS TRUST, INC.",adamas trust
1273685,ADAMN,"ADAMAS TRUST, INC.",adamas trust
1273685,ADAMI,"ADAMAS TRUST, INC.",adamas trust
1273813,AGO,ASSURED GUARANTY LTD,assured guaranty
1274152,CSLLY,CSL LTD,csl
1274152,CMXHF,CSL LTD,csl
1274494,FSLR,"FIRST SOLAR, INC.",first solar
1274737,XGN,EXAGEN INC.,exagen
1275014,UCTT,"Ultra Clean Holdings, Inc.",ultra clean holdings
1275101,BOTJ,BANK OF THE JAMES FINANCIAL GROUP INC,bank of the james financial group
1275158,NDLS,NOODLES & Co,noodles &
1275168,FSBC,FIVE STAR BANCORP,five star bancorp
1275187,ANGO,ANGIODYNAMICS INC,angiodynamics
1275214,CSQ,CALAMOS STRATEGIC TOTAL RETURN FUND,calamos strategic total return fund
1275477,BMNM,"BIMINI CAPITAL MANAGEMENT, INC.",bimini capital management
1275617,UTF,COHEN & STEERS INFRASTRUCTURE FUND INC,cohen & steers infrastructure fund
1276187,ET,Energy Transfer LP,energy transfer
1276187,ET-PI,Energy Transfer LP,energy transfer
1276520,GNW,GENWORTH FINANCIAL INC,genworth financial
1276533,JFR,NUVEEN FLOATING RATE INCOME FUND,nuveen floating rate income fund
1277575,SCGX,SAXON CAPITAL GROUP INC,saxon capital group
1277866,EXK,ENDEAVOUR SILVER CORP,endeavour silver
1277902,MVBF,MVB FINANCIAL CORP,mvb financial
1278021,MKTX,MARKETAXESS HOLDINGS INC,marketaxess holdings
1278027,BGS,"B&G Foods, Inc.",b&g foods
1278211,LGI,LAZARD GLOBAL TOTAL RETURN & INCOME FUND INC,lazard global total return & income fund
1278680,IAU,ISHARES GOLD TRUST,ishares gold trust
1278752,MFICL,MidCap Financial Investment Corp,midcap financial investment
1278752,MFIC,MidCap Financial Investment Corp,midcap financial investment
1278895,CII,"BlackRock Enhanced Large Cap Core Fund, Inc.",blackrock enhanced large cap core fund
1279014,ERH,ALLSPRING UTILITIES & HIGH INCOME FUND,allspring utilities & high income fund
1279495,BTE,BAYTEX ENERGY CORP.,baytex energy
1279620,ZDPY,"Zoned Properties, Inc.",zoned properties
1279704,CLRB,"Cellectar Biosciences, Inc.",cellectar biosciences
1279715,IWSH,"Wright Investors Service Holdings, Inc.",wright investors service holdings
1279956,YRAIF,YARA INTERNATIONAL ASA,yara international asa
1279956,YARIY,YARA INTERNATIONAL ASA,yara international asa
1279967,CRARF,CREDIT AGRICOLE S A,credit agricole s a
1280058,BLKB,BLACKBAUD INC,blackbaud
1280263,AMBA,AMBARELLA INC,ambarella
1280452,MPWR,"MONOLITHIC POWER SYSTEMS, INC.",monolithic power systems
1280776,IMUX,"IMMUNIC, INC.",immunic
1280784,HCXY,"Hercules Capital, Inc.",hercules capital
1280784,HTGC,"Hercules Capital, Inc.",hercules capital
1281721,SGIOF,SHIONOGI & CO LTD,shionogi &
1281761,RF,REGIONS FINANCIAL CORP,regions financial
1281761,RF-PC,REGIONS FINANCIAL CORP,regions financial
1281761,RF-PE,REGIONS FINANCIAL CORP,regions financial
1281761,RF-PF,REGIONS FINANCIAL CORP,regions financial
1281895,RCKTW,"ROCKET PHARMACEUTICALS, INC.",rocket pharmaceuticals
1281895,RCKT,"ROCKET PHARMACEUTICALS, INC.",rocket pharmaceuticals
1281926,ETO,Eaton Vance Tax-Advantaged Global Dividend Opportunities Fund,eaton vance tax-advantaged global dividend opportunities fund
1281984,WDLF,"Decentral Life, Inc.",decentral life
1282224,DLPN,"Dolphin Entertainment, Inc.",dolphin entertainment
1282571,GRNL,GREENLITE VENTURES INC,greenlite ventures
1282631,NLST,NETLIST INC,netlist
1282637,NEU,NEWMARKET CORP,newmarket
1282648,BATL,BATTALION OIL CORP,battalion oil
1282850,FCT,FIRST TRUST SENIOR FLOATING RATE INCOME FUND II,first trust senior floating rate income fund ii
1282957,GLU,GABELLI GLOBAL UTILITY & INCOME TRUST,gabelli global utility & income trust
1282957,GLU-PA,GABELLI GLOBAL UTILITY & INCOME TRUST,gabelli global utility & income trust
1282957,GLU-PB,GABELLI GLOBAL UTILITY & INCOME TRUST,gabelli global utility & income trust
1282980,DROR,"Dror Ortho-Design, Inc.",dror ortho-design
1283337,KTN,STRUCTURED PRODUCTS CORP CRED ENHANCE CORTS TR FOR AON CAP A,structured products corp cred enhance corts tr for aon cap a
1283464,KTH,STRUCTURED PRODUCTS CORP CORTS TR FOR PECO ENERGY CAP TR III,structured products corp corts tr for peco energy cap tr iii
1283699,TMUSZ,"T-Mobile US, Inc.",t-mobile us
1283699,TMUSI,"T-Mobile US, Inc.",t-mobile us
1283699,TMUS,"T-Mobile US, Inc.",t-mobile us
1283699,TMUSL,"T-Mobile US, Inc.",t-mobile us
1284143,JBK,LEHMAN ABS CORP GOLDMAN SACHS CAP 1 SEC BACKED SER 2004-6,lehman abs corp goldman sachs cap 1 sec backed ser 2004-6
1284237,ABCFF,ABACUS MINING & EXPLORATION CORP,abacus mining & exploration
1284812,CNS,"COHEN & STEERS, INC.",cohen & steers
1285170,ITMSF,INTERMAP TECHNOLOGIES CORP,intermap technologies
1285550,CLPT,"ClearPoint Neuro, Inc.",clearpoint neuro
1285650,CGO,CALAMOS GLOBAL TOTAL RETURN FUND,calamos global total return fund
1285785,MOS,MOSAIC CO,mosaic
1285819,OMER,OMEROS CORP,omeros
1285890,IGD,Voya GLOBAL EQUITY DIVIDEND & PREMIUM OPPORTUNITY FUND,voya global equity dividend & premium opportunity fund
1286043,KRG,KITE REALTY GROUP TRUST,kite realty group trust
1286139,LZ,"LEGALZOOM.COM, INC.",legalzoom.com
1286405,GJH,STRATS SM TRUST FOR U S CELL CORP SEC SERIES 2004 6,strats sm trust for u s cell corp sec series 2004 6
1286613,LINC,LINCOLN EDUCATIONAL SERVICES CORP,lincoln educational services
1286681,DPZ,DOMINOS PIZZA INC,dominos pizza
1286973,USAS,Americas Gold & Silver Corp,americas gold & silver
1287032,PSEC,PROSPECT CAPITAL CORP,prospect capital
1287032,PSEC-PA,PROSPECT CAPITAL CORP,prospect capital
1287098,MXCT,"MAXCYTE, INC.",maxcyte
1287213,PLOW,"DOUGLAS DYNAMICS, INC",douglas dynamics
1287480,BGT,BLACKROCK FLOATING RATE INCOME TRUST,blackrock floating rate income trust
1287498,EVG,Eaton Vance Short Duration Diversified Income Fund,eaton vance short duration diversified income fund
1287750,ARCC,ARES CAPITAL CORP,ares capital
1287865,MPT,MEDICAL PROPERTIES TRUST INC,medical properties trust
1288268,IMTCF,Intrepid Metals Corp.,intrepid metals
1288403,WTI,W&T OFFSHORE INC,w&t offshore
1288469,MXL,"MAXLINEAR, INC",maxlinear
1288614,KRTL,KRTL Holding Group Inc,krtl holding group
1288770,XTGRF,XTRA-GOLD RESOURCES CORP,xtra-gold resources
1288795,GLV,Clough Global Dividend & Income Fund,clough global dividend & income fund
1288847,FIVN,"Five9, Inc.",five9
1288855,OPHC,"OptimumBank Holdings, Inc.",optimumbank holdings
1288992,EFT,Eaton Vance Floating-Rate Income Trust,eaton vance floating-rate income trust
1289223,NWPG,"Newport Gold, Inc.",newport gold
1289308,ENS,EnerSys,enersys
1289340,STXS,"Stereotaxis, Inc.",stereotaxis
1289419,MORN,"Morningstar, Inc.",morningstar
1289460,TXRH,"Texas Roadhouse, Inc.",texas roadhouse
1289490,EXR,Extra Space Storage Inc.,extra space storage
1289848,HURN,Huron Consulting Group Inc.,huron consulting group
1289868,MCN,XAI Madison Equity Premium Income Fund,xai madison equity premium income fund
1289877,SFL,SFL Corp Ltd.,sfl corp
1289945,SPOK,"Spok Holdings, Inc",spok holdings
1290109,LPL,"LG Display Co., Ltd.",lg display co
1290658,ITOX,"IIOT-OXYS, Inc.",iiot-oxys
1290677,TPB,"Turning Point Brands, Inc.",turning point brands
1290877,CLVLF,Clinuvel Pharmaceuticals Ltd,clinuvel pharmaceuticals
1290877,CUVL,Clinuvel Pharmaceuticals Ltd,clinuvel pharmaceuticals
1290877,CLVLY,Clinuvel Pharmaceuticals Ltd,clinuvel pharmaceuticals
1290900,CVGI,"Commercial Vehicle Group, Inc.",commercial vehicle group
1291313,GEHDF,Great Eastern Holdings Ltd,great eastern holdings
1291334,FFA,FIRST TRUST ENHANCED EQUITY INCOME FUND,first trust enhanced equity income fund
1291855,SPCB,SuperCom Ltd,supercom
1292490,SYIN,"Synbio International, Inc.",synbio international
1293135,VET,VERMILION ENERGY INC.,vermilion energy
1293613,KYN,"Kayne Anderson Energy Infrastructure Fund, Inc.",kayne anderson energy infrastructure fund
1293818,CFOR,CapForce Inc.,capforce
1294133,INGN,Inogen Inc,inogen
1294808,PYT,PPLUS Trust Series GSC-2,pplus trust series gsc-2
1295401,TBBK,"Bancorp, Inc.",bancorp
1295514,MDWK,"MDWerks, Inc.",mdwerks
1295810,SHO-PH,"Sunstone Hotel Investors, Inc.",sunstone hotel investors
1295810,SHO,"Sunstone Hotel Investors, Inc.",sunstone hotel investors
1295810,SHO-PI,"Sunstone Hotel Investors, Inc.",sunstone hotel investors
1295947,PBH,Prestige Consumer Healthcare Inc.,prestige consumer healthcare
1296250,PFN,PIMCO Income Strategy Fund II,pimco income strategy fund ii
1296445,ORA,"ORMAT TECHNOLOGIES, INC.",ormat technologies
1296484,TOPS,TOP SHIPS INC.,top ships
1296774,NCTY,The9 LTD,the9
1297107,COSO,"CoastalSouth Bancshares, Inc.",coastalsouth bancshares
1297184,AMPH,"Amphastar Pharmaceuticals, Inc.",amphastar pharmaceuticals
1297341,KFFB,Kentucky First Federal Bancorp,kentucky first federal bancorp
1297937,PRKA,"PARKS AMERICA, INC",parks america
1297989,EXLS,"ExlService Holdings, Inc.",exlservice holdings
1297996,DLR-PL,"DIGITAL REALTY TRUST, INC.",digital realty trust
1297996,DLR-PK,"DIGITAL REALTY TRUST, INC.",digital realty trust
1297996,DLR-PJ,"DIGITAL REALTY TRUST, INC.",digital realty trust
1297996,DLR,"DIGITAL REALTY TRUST, INC.",digital realty trust
1298675,CUBE,CubeSmart,cubesmart
1298946,DRH,DiamondRock Hospitality Co,diamondrock hospitality
1299130,PACB,"PACIFIC BIOSCIENCES OF CALIFORNIA, INC.",pacific biosciences of california
1299709,AX,"Axos Financial, Inc.",axos financial
1299969,CHCI,"Comstock Holding Companies, Inc.",comstock holding companies
1300306,EMRH,EMERGING HOLDINGS INC,emerging holdings
1300391,EOI,Eaton Vance Enhanced Equity Income Fund,eaton vance enhanced equity income fund
1300514,LVS,LAS VEGAS SANDS CORP,las vegas sands
1301236,SOHOB,Sotherly Hotels Inc.,sotherly hotels
1301236,SOHON,Sotherly Hotels Inc.,sotherly hotels
1301787,BXC,BlueLinx Holdings Inc.,bluelinx holdings
1301854,MRZLF,Mirasol Resources Ltd,mirasol resources
1302084,NSRCF,NextSource Materials Inc.,nextsource materials
1302215,HLI,"HOULIHAN LOKEY, INC.",houlihan lokey
1302387,BVFL,"BV Financial, Inc.",bv financial
1303523,BTAFF,British American Tobacco p.l.c.,british american tobacco p.l.c
1303523,BTI,British American Tobacco p.l.c.,british american tobacco p.l.c
1304161,PBSV,"Pharma-Bio Serv, Inc.",pharma-bio serv
1304409,AHNRF,ATHENA GOLD CORP,athena gold
1304492,ATEX,Anterix Inc.,anterix
1305767,PHD,"Pioneer Floating Rate Fund, Inc.",pioneer floating rate fund
1306550,BGR,BlackRock Energy & Resources Trust,blackrock energy & resources trust
1306830,CE,Celanese Corp,celanese
1306965,SHEL,Shell plc,shell plc
1306965,RYDAF,Shell plc,shell plc
1307579,LIQT,LIQTECH INTERNATIONAL INC,liqtech international
1307748,IVT,InvenTrust Properties Corp.,inventrust properties
1307926,STSBF,South Star Battery Metals Corp.,south star battery metals
1307954,HUN,Huntsman CORP,huntsman
1308027,VYST,Vystar Corp,vystar
1308106,SEAL-PB,Seapeak LLC,seapeak
1308106,SEAL-PA,Seapeak LLC,seapeak
1308208,ULH,"UNIVERSAL LOGISTICS HOLDINGS, INC.",universal logistics holdings
1308335,EOS,Eaton Vance Enhanced Equity Income Fund II,eaton vance enhanced equity income fund ii
1308547,DLB,"Dolby Laboratories, Inc.",dolby laboratories
1308648,AG,FIRST MAJESTIC SILVER CORP,first majestic silver
1308927,ETB,Eaton Vance Tax-Managed Buy-Write Income Fund,eaton vance tax-managed buy-write income fund
1309082,CEIN,"CAMBER ENERGY, INC.",camber energy
1309108,WEX,WEX Inc.,wex
1309167,AEGXF,Aecon Group Inc.,aecon group
1309251,MALG,MICROALLIANCE GROUP INC.,microalliance group
1309402,GPRE,Green Plains Inc.,green plains
1310488,BFNH,"BIOFORCE NANOSCIENCES HOLDINGS, INC.",bioforce nanosciences holdings
1310630,CFOO,China Foods Holdings Ltd.,china foods holdings
1311307,LNXSF,LANXESS AG,lanxess ag
1311307,LNXSY,LANXESS AG,lanxess ag
1311370,LAZ,"Lazard, Inc.",lazard
1311673,YTFD,"Yale Transaction Finders, Inc.",yale transaction finders
1313310,GRVY,"GRAVITY Co., Ltd.",gravity co
1313510,GGN,"GAMCO Global Gold, Natural Resources & Income Trust","gamco global gold, natural resources & income trust"
1313510,GGN-PB,"GAMCO Global Gold, Natural Resources & Income Trust","gamco global gold, natural resources & income trust"
1314052,AVXL,ANAVEX LIFE SCIENCES CORP.,anavex life sciences
1314102,EYPT,"EyePoint, Inc.",eyepoint
1314196,OLB,"OLB GROUP, INC.",olb group
1314727,SONO,Sonos Inc,sonos
1314966,BME,BlackRock Health Sciences Trust,blackrock health sciences trust
1315098,RBLX,Roblox Corp,roblox
1315257,KOP,Koppers Holdings Inc.,koppers holdings
1315399,PKBK,"PARKE BANCORP, INC.",parke bancorp
1316463,GLQ,Clough Global Equity Fund,clough global equity fund
1316835,BLDR,"Builders FirstSource, Inc.",builders firstsource
1317295,CITAF,CHINA SHIPPING CONTAINER LINES CO LTD,china shipping container lines
1317685,ALH,Alliance Laundry Holdings Inc.,alliance laundry holdings
1317945,OFLX,"Omega Flex, Inc.",omega flex
1318008,ZUMZ,Zumiez Inc,zumiez
1318025,PGP,PIMCO Global StocksPLUS & Income Fund,pimco global stocksplus & income fund
1318220,WCN,"Waste Connections, Inc.",waste connections
1318268,MDEX,Madison Technologies Inc.,madison technologies
1318482,KDOZF,KIDOZ INC.,kidoz
1318484,CTRN,Citi Trends Inc,citi trends
1318596,KRYXF,KORYX COPPER INC.,koryx copper
1318605,TSLA,"Tesla, Inc.",tesla
1318885,DSX-WT,DIANA SHIPPING INC.,diana shipping
1318885,DSX-PB,DIANA SHIPPING INC.,diana shipping
1318885,DSX,DIANA SHIPPING INC.,diana shipping
1319150,PBMLF,Pacific Booker Minerals Inc.,pacific booker minerals
1319161,WMG,Warner Music Group Corp.,warner music group
1319183,FMY,FIRST TRUST MORTGAGE INCOME FUND,first trust mortgage income fund
1319947,DBI,Designer Brands Inc.,designer brands
1320350,LNSR,"LENSAR, Inc.",lensar
1320375,BOE,BlackRock Enhanced Global Dividend Trust,blackrock enhanced global dividend trust
1320461,CPS,Cooper-Standard Holdings Inc.,cooper-standard holdings
1320760,TSSI,"TSS, Inc.",tss
1320854,RAIL,"FreightCar America, Inc.",freightcar america
1321655,PLTR,Palantir Technologies Inc.,palantir technologies
1321732,PEN,Penumbra Inc,penumbra
1321741,GAIN,GLADSTONE INVESTMENT CORPORATION\DE,gladstone investment corporation\de
1321741,GAING,GLADSTONE INVESTMENT CORPORATION\DE,gladstone investment corporation\de
1321741,GAINI,GLADSTONE INVESTMENT CORPORATION\DE,gladstone investment corporation\de
1321741,GAINZ,GLADSTONE INVESTMENT CORPORATION\DE,gladstone investment corporation\de
1321834,QCLS,"Q/C TECHNOLOGIES, INC.",q/c technologies
1321851,SEED,Origin Agritech LTD,origin agritech
1322422,HBM,Hudbay Minerals Inc.,hudbay minerals
1322435,ETW,Eaton Vance Tax-Managed Global Buy-Write Opportunities Fund,eaton vance tax-managed global buy-write opportunities fund
1322436,ETV,Eaton Vance Tax-Managed Buy-Write Opportunities Fund,eaton vance tax-managed buy-write opportunities fund
1323404,WPM,Wheaton Precious Metals Corp.,wheaton precious metals
1323468,GLP,GLOBAL PARTNERS LP,global partners
1323468,GLP-PB,GLOBAL PARTNERS LP,global partners
1323885,ATRC,"AtriCure, Inc.",atricure
1324404,CF,"CF Industries Holdings, Inc.",cf industries holdings
1324424,EXPE,"Expedia Group, Inc.",expedia group
1324759,HGYN,HONG YUAN HOLDING GROUP,hong yuan holding group
1324948,RBC,RBC Bearings INC,rbc bearings
1325618,IRMD,IRADIMED CORP,iradimed
1325670,FRST,Primis Financial Corp.,primis financial
1325702,MX,MAGNACHIP SEMICONDUCTOR Corp,magnachip semiconductor
1325964,LWLG,"Lightwave Logic, Inc.",lightwave logic
1326110,IBRX,"ImmunityBio, Inc.",immunitybio
1326160,DUK-PA,Duke Energy CORP,duke energy
1326160,DUKB,Duke Energy CORP,duke energy
1326160,DUK,Duke Energy CORP,duke energy
1326190,ALT,"Altimmune, Inc.",altimmune
1326200,GNK,GENCO SHIPPING & TRADING LTD,genco shipping & trading
1326205,IGC,"IGC Pharma, Inc.",igc pharma
1326380,GME-WT,GameStop Corp.,gamestop
1326380,GME,GameStop Corp.,gamestop
1326706,FEED,"ENvue Medical, Inc.",envue medical
1326732,XNCR,Xencor Inc,xencor
1326801,META,"Meta Platforms, Inc.",meta platforms
1327068,USO,"United States Oil Fund, LP",united states oil fund
1327273,LYRA,"Lyra Therapeutics, Inc.",lyra therapeutics
1327567,PANW,Palo Alto Networks Inc,palo alto networks
1327607,MYFW,First Western Financial Inc,first western financial
1327688,OOMA,OOMA INC,ooma
1327811,WDAY,"Workday, Inc.",workday
1327899,AAMTF,Armada Mercantile Ltd,armada mercantile
1327978,ZARE,Ares Real Estate Income Trust Inc.,ares real estate income trust
1328237,DBC,Invesco DB Commodity Index Tracking Fund,invesco db commodity index tracking fund
1328409,WRIV,WHITE RIVER BANCSHARES CO,white river bancshares
1328581,BCC,BOISE CASCADE Co,boise cascade
1328598,FXE,Invesco CurrencyShares Euro Trust,invesco currencyshares euro trust
1328792,TPCS,TECHPRECISION CORP,techprecision
1328919,GASS,StealthGas Inc.,stealthgas
1329099,BIDU,"Baidu, Inc.",baidu
1329099,BAIDF,"Baidu, Inc.",baidu
1329213,SNIRF,SENIOR PLC,senior plc
1329394,SIMO,Silicon Motion Technology CORP,silicon motion technology
1329606,CETY,"Clean Energy Technologies, Inc.",clean energy technologies
1330306,VWSYF,VESTAS WIND SYSTEMS A/S,vestas wind systems a/s
1330568,SLV,iShares Silver Trust,ishares silver trust
1331284,DHT,"DHT Holdings, Inc.",dht holdings
1331421,SDCO,"SDR Drone, Inc.",sdr drone
1331421,HLLK,"SDR Drone, Inc.",sdr drone
1331520,HOMB,HOME BANCSHARES INC,home bancshares
1331875,FNF,"Fidelity National Financial, Inc.",fidelity national financial
1332174,GSG,iShares S&P GSCI Commodity-Indexed Trust,ishares s&p gsci commodity-indexed trust
1332174,ISMCF,iShares S&P GSCI Commodity-Indexed Trust,ishares s&p gsci commodity-indexed trust
1332283,BDJ,BlackRock Enhanced Equity Dividend Trust,blackrock enhanced equity dividend trust
1332349,BKD,Brookdale Senior Living Inc.,brookdale senior living
1332551,ACR-PC,ACRES Commercial Realty Corp.,acres commercial realty
1332551,ACR-PD,ACRES Commercial Realty Corp.,acres commercial realty
1332551,ACR,ACRES Commercial Realty Corp.,acres commercial realty
1332943,IGA,Voya Global Advantage & Premium Opportunity Fund,voya global advantage & premium opportunity fund
1333141,FMCQF,Fresenius Medical Care AG,fresenius medical care ag
1333141,FMS,Fresenius Medical Care AG,fresenius medical care ag
1333172,NMPRY,Navios Maritime Holdings Inc.,navios maritime holdings
1333172,NMPGY,Navios Maritime Holdings Inc.,navios maritime holdings
1333274,MERC,MERCER INTERNATIONAL INC.,mercer international
1333493,EHTH,"eHealth, Inc.",ehealth
1333822,LEDS,SemiLEDs Corp,semileds
1333986,EQH,"Equitable Holdings, Inc.",equitable holdings
1333986,EQH-PA,"Equitable Holdings, Inc.",equitable holdings
1333986,EQH-PC,"Equitable Holdings, Inc.",equitable holdings
1334036,CROX,"Crocs, Inc.",crocs
1334325,CODA,"Coda Octopus Group, Inc.",coda octopus group
1334388,OBE,OBSIDIAN ENERGY LTD.,obsidian energy
1334933,UEC,URANIUM ENERGY CORP,uranium energy
1334978,CCO,"Clear Channel Outdoor Holdings, Inc.",clear channel outdoor holdings
1335105,NMAD,"NOMAD POWER SOLUTIONS, INC.",nomad power solutions
1335258,LYV,"Live Nation Entertainment, Inc.",live nation entertainment
1335288,REOS,ReoStar Energy CORP,reostar energy
1335730,MZHOF,MIZUHO FINANCIAL GROUP INC,mizuho financial group
1335730,MFG,MIZUHO FINANCIAL GROUP INC,mizuho financial group
1336364,GIGGF,Giga Metals Corp,giga metals
1336706,NPB,NORTHPOINTE BANCSHARES INC,northpointe bancshares
1336917,UA,"Under Armour, Inc.",under armour
1336917,UAA,"Under Armour, Inc.",under armour
1336920,LDOS,"Leidos Holdings, Inc.",leidos holdings
1337013,INFU,"InfuSystem Holdings, Inc",infusystem holdings
1337068,MGYR,"Magyar Bancorp, Inc.",magyar bancorp
1337090,SPAUF,SPANISH MOUNTAIN GOLD LTD.,spanish mountain gold
1337117,ITRN,Ituran Location & Control Ltd.,ituran location & control
1337298,FF,FutureFuel Corp.,futurefuel
1337634,STUB,"StubHub Holdings, Inc.",stubhub holdings
1338561,SPXX,Nuveen S&P 500 Dynamic Overwrite Fund,nuveen s&p 500 dynamic overwrite fund
1338929,AHRO,"Authentic Holdings, Inc.",authentic holdings
1338940,PERI,Perion Network Ltd.,perion network
1339005,FEMY,FEMASYS INC,femasys
1339688,LCGMF,LION COPPER & GOLD CORP.,lion copper & gold
1339970,ATYR,aTYR PHARMA INC,atyr pharma
1340476,DRTTF,DIRTT ENVIRONMENTAL SOLUTIONS LTD,dirtt environmental solutions
1340677,SVM,SILVERCORP METALS INC,silvercorp metals
1340736,ETY,Eaton Vance Tax-Managed Diversified Equity Income Fund,eaton vance tax-managed diversified equity income fund
1340909,GJO,"STRATS SM TRUST FOR WAL-MART STORES, INC. SECURITIES, SERIES 2005-4","strats sm trust for wal-mart stores, inc. securities, series 2005-4"
1341170,ESEA,EUROSEAS LTD.,euroseas
1341235,ALDX,"Aldeyra Therapeutics, Inc.",aldeyra therapeutics
1341317,BWBBP,Bridgewater Bancshares Inc,bridgewater bancshares
1341317,BWB,Bridgewater Bancshares Inc,bridgewater bancshares
1341335,FSM,FORTUNA MINING CORP.,fortuna mining
1341439,ORCL,ORACLE CORP,oracle
1341439,ORCL-PD,ORACLE CORP,oracle
1341766,CELH,"Celsius Holdings, Inc.",celsius holdings
1341878,SCDA,"B-Scada, Inc.",b-scada
1342325,CGDCF,Carlin Gold Corp,carlin gold
1342338,HIMX,"Himax Technologies, Inc.",himax technologies
1342423,LMNR,Limoneira CO,limoneira
1342874,TX,Ternium S.A.,ternium s.a
1342916,HNOI,"HNO International, Inc.",hno international
1342958,KUST,"KUSTOM ENTERTAINMENT, INC.",kustom entertainment
1343009,CNBX,CNBX Pharmaceuticals Inc.,cnbx pharmaceuticals
1343465,SNPW,Sun Pacific Holding Corp.,sun pacific holding
1343491,GJP,"STRATS(SM) TRUST FOR DOMINION RESOURCES, INC. SECURITIES, SERIES 2005-6","strats(sm) trust for dominion resources, inc. securities, series 2005-6"
1345016,YELP,YELP INC,yelp
1345099,MEOBF,MESOBLAST LTD,mesoblast
1345099,MESO,MESOBLAST LTD,mesoblast
1345105,CPA,"Copa Holdings, S.A.","copa holdings, s.a"
1345126,CODI-PB,Compass Diversified Holdings,compass diversified holdings
1345126,CODI-PA,Compass Diversified Holdings,compass diversified holdings
1345126,CODI,Compass Diversified Holdings,compass diversified holdings
1345126,CODI-PC,Compass Diversified Holdings,compass diversified holdings
1346022,ENRT,Enertopia Corp.,enertopia
1346287,CLUS,Cluster Group Holdings Ltd Co,cluster group holdings ltd
1346610,SOS,SOS Ltd,sos
1346830,TVRD,"Tvardi Therapeutics, Inc.",tvardi therapeutics
1346917,GNTOF,GENTOR RESOURCES INC.,gentor resources
1347123,EBRCZ,"EBR Systems, Inc.",ebr systems
1347178,VNDA,Vanda Pharmaceuticals Inc.,vanda pharmaceuticals
1347242,LIPO,LIPELLA PHARMACEUTICALS INC.,lipella pharmaceuticals
1347408,SGBAF,SES S.A.,ses s.a
1347426,BMA,Macro Bank Inc.,macro bank
1347557,GPAEF,Pacific Airport Group,pacific airport group
1347557,PAC,Pacific Airport Group,pacific airport group
1347858,XXII,"22nd Century Group, Inc.",22nd century group
1348362,LEXX,Lexaria Bioscience Corp.,lexaria bioscience
1348952,ELC,"ENTERGY LOUISIANA, LLC",entergy louisiana
1349436,SD,SANDRIDGE ENERGY INC,sandridge energy
1349706,TOGIW,"TurnOnGreen, Inc.",turnongreen
1349706,TOGI,"TurnOnGreen, Inc.",turnongreen
1350102,ASTI,"Ascent Solar Technologies, Inc.",ascent solar technologies
1350156,PAXH,PREAXIA HEALTH CARE PAYMENT SYSTEMS INC.,preaxia health care payment systems
1350593,MWA,"Mueller Water Products, Inc.",mueller water products
1350653,ATEC,"Alphatec Holdings, Inc.",alphatec holdings
1350869,GLO,Clough Global Opportunities Fund,clough global opportunities fund
1351636,SSTI,"SOUNDTHINKING, INC.",soundthinking
1352010,EPAM,"EPAM Systems, Inc.",epam systems
1352952,CNFN,CFN Enterprises Inc.,cfn enterprises
1353226,GJR,"STRATS(SM) Trust for Procter & Gamble Securities, Series 2006-1","strats(sm) trust for procter & gamble securities, series 2006-1"
1353611,FXB,Invesco CurrencyShares British Pound Sterling Trust,invesco currencyshares british pound sterling trust
1353612,FXC,Invesco CurrencyShares Canadian Dollar Trust,invesco currencyshares canadian dollar trust
1353613,FXY,Invesco CurrencyShares Japanese Yen Trust,invesco currencyshares japanese yen trust
1353614,FXA,Invesco CurrencyShares Australian Dollar Trust,invesco currencyshares australian dollar trust
1353615,FXF,Invesco CurrencyShares Swiss Franc Trust,invesco currencyshares swiss franc trust
1354866,BYRN,Byrna Technologies Inc.,byrna technologies
1355096,QVCGQ,"QVC Group, Inc.",qvc group
1355096,QVCAQ,"QVC Group, Inc.",qvc group
1355096,QVCPQ,"QVC Group, Inc.",qvc group
1355444,EMBJ,EMBRAER S.A.,embraer s.a
1355736,AVCRF,Avricore Health Inc.,avricore health
1355790,ISCO,International Stem Cell CORP,international stem cell
1355839,IPM,INTELLIGENT PROTECTION MANAGEMENT CORP.,intelligent protection management
1355848,TOON,"Kartoon Studios, Inc.",kartoon studios
1356090,PGEN,"PRECIGEN, INC.",precigen
1356093,CREX,"CREATIVE REALITIES, INC.",creative realities
1356115,NXDT-PA,NEXPOINT DIVERSIFIED REAL ESTATE TRUST,nexpoint diversified real estate trust
1356115,NXDT,NEXPOINT DIVERSIFIED REAL ESTATE TRUST,nexpoint diversified real estate trust
1356284,GJS,"STRATS(SM) Trust for Goldman Sachs Group Securities, Series 2006-2","strats(sm) trust for goldman sachs group securities, series 2006-2"
1356371,AMLM,"AMERICAN LITHIUM MINERALS, INC.",american lithium minerals
1356576,SUPN,"SUPERNUS PHARMACEUTICALS, INC.",supernus pharmaceuticals
1356914,ECPL,ECOPLUS INC,ecoplus
1357459,PALI,"PALISADE BIO, INC.",palisade bio
1357615,KBR,"KBR, INC.",kbr
1357660,GJT,"STRATS(SM) Trust for Allstate Corp Securities, Series 2006-3","strats(sm) trust for allstate corp securities, series 2006-3"
1357671,CRTD,"Creatd, Inc.",creatd
1357874,DTIL,PRECISION BIOSCIENCES INC,precision biosciences
1357878,RGPX,"REGENEREX PHARMA, INC.",regenerex pharma
1357971,ESOA,Energy Services of America CORP,energy services of america
1358190,ITP,"IT TECH PACKAGING, INC.",it tech packaging
1358633,SNBH,SENTIENT BRANDS HOLDINGS INC.,sentient brands holdings
1359519,SVNDF,SEVEN & I HOLDINGS CO LTD,seven & i holdings
1359931,TARA,"Protara Therapeutics, Inc.",protara therapeutics
1360214,HROW,"HARROW, INC.",harrow
1360442,DOGP,"Dogecoin Cash, Inc.",dogecoin cash
1360565,WFCF,"Where Food Comes From, Inc.",where food comes from
1360587,IBERF,"Iberdrola, S.A.","iberdrola, s.a"
1360604,HR,Healthcare Realty Trust Inc,healthcare realty trust
1360901,EVR,Evercore Inc.,evercore
1361113,VRNS,VARONIS SYSTEMS INC,varonis systems
1361538,PRIM,Primoris Services Corp,primoris services
1361658,TNL,Travel & Leisure Co.,travel & leisure
1362004,ICFI,"ICF International, Inc.",icf international
1362190,AEYE,AUDIOEYE INC,audioeye
1362468,ALGT,Allegiant Travel CO,allegiant travel
1362481,AGD,abrdn Global Dynamic Dividend Fund,abrdn global dynamic dividend fund
1362516,CLRI,"Cleartronic, Inc.",cleartronic
1362898,AVLNF,Avalon Advanced Materials Inc.,avalon advanced materials
1362898,AVLND,Avalon Advanced Materials Inc.,avalon advanced materials
1362988,AYR,Aircastle LTD,aircastle
1363598,NTRX,"Entrex Carbon Market, Inc.",entrex carbon market
1364125,WRN,Western Copper & Gold Corp,western copper & gold
1364250,DEI,Douglas Emmett Inc,douglas emmett
1364252,LTHIF,InZinc Mining Ltd.,inzinc mining
1364479,HRI,HERC HOLDINGS INC,herc holdings
1364954,CHGG,"CHEGG, INC",chegg
1365135,WU,Western Union CO,western union
1365359,PCGC,"HYDRO POWER TECHNOLOGIES, INC.",hydro power technologies
1365388,HSTI,"High Sierra Technologies, Inc.",high sierra technologies
1365767,ALLT,Allot Ltd.,allot
1366868,GSAT,"Globalstar, Inc.",globalstar
1367083,SNOA,"Sonoma Pharmaceuticals, Inc.",sonoma pharmaceuticals
1367644,EBS,Emergent BioSolutions Inc.,emergent biosolutions
1367859,CZWI,Citizens Community Bancorp Inc.,citizens community bancorp
1367993,HAFG,"Holistic Asset Finance Group Co., Ltd.",holistic asset finance group co
1368265,CLNE,Clean Energy Fuels Corp.,clean energy fuels
1368458,SBH,"Sally Beauty Holdings, Inc.",sally beauty holdings
1368493,CAF,"Morgan Stanley China A Share Fund, Inc.",morgan stanley china a share fund
1368514,ADMA,"ADMA BIOLOGICS, INC.",adma biologics
1368519,NOA,North American Construction Group Ltd.,north american construction group
1368622,AVAV,AeroVironment Inc,aerovironment
1368845,TKRFF,TINKA RESOURCES Ltd,tinka resources
1369085,NEWP,NEW PACIFIC METALS CORP,new pacific metals
1369241,DAC,Danaos Corp,danaos
1369290,MYO,"MYOMO, INC.",myomo
1369568,CPRX,"CATALYST PHARMACEUTICALS, INC.",catalyst pharmaceuticals
1370053,ANAB,"ANAPTYSBIO, INC",anaptysbio
1370416,WPRT,WESTPORT FUEL SYSTEMS INC.,westport fuel systems
1370418,SLFPF,STANDARD LIFE PLC,standard life plc
1370418,SLFPY,STANDARD LIFE PLC,standard life plc
1370450,WLDN,"Willdan Group, Inc.",willdan group
1370637,ETSY,ETSY INC,etsy
1370755,TCPC,BlackRock TCP Capital Corp.,blackrock tcp capital
1370816,FBCD,"FBC Holding, Inc.",fbc holding
1370946,OC,Owens Corning,owens corning
1371128,NEWH,"NewHydrogen, Inc.",newhydrogen
1371285,TRUP,"TRUPANION, INC.",trupanion
1371489,III,Information Services Group Inc.,information services group
1371782,MVO,MV Oil Trust,mv oil trust
1372114,KLYG,"Kelyniam Global, Inc.",kelyniam global
1372299,OCGN,"Ocugen, Inc.",ocugen
1372514,KPRX,KIORA PHARMACEUTICALS INC,kiora pharmaceuticals
1372514,KPHMW,KIORA PHARMACEUTICALS INC,kiora pharmaceuticals
1372612,BOX,BOX INC,box
1372612,BXCAP,BOX INC,box
1372807,BCIC,BCP Investment Corp,bcp investment
1372920,NWOEF,New Oriental Education & Technology Group Inc.,new oriental education & technology group
1372920,EDU,New Oriental Education & Technology Group Inc.,new oriental education & technology group
1373670,GRBK,"Green Brick Partners, Inc.",green brick partners
1373670,GRBK-PA,"Green Brick Partners, Inc.",green brick partners
1373715,NOW,"ServiceNow, Inc.",servicenow
1374310,CBOE,"Cboe Global Markets, Inc.",cboe global markets
1374328,FTLF,"FITLIFE BRANDS, INC.",fitlife brands
1374339,PMN,ProMIS Neurosciences Inc.,promis neurosciences
1374567,LUVU,"Luvu Brands, Inc.",luvu brands
1374690,LRMR,"Larimar Therapeutics, Inc.",larimar therapeutics
1375205,URG,UR-ENERGY INC,ur-energy
1375340,FOF,"Cohen & Steers Closed-End Opportunity Fund, Inc.",cohen & steers closed-end opportunity fund
1375348,GLNS,Golden Star Resource Corp.,golden star resource
1375365,SMCI,"Super Micro Computer, Inc.",super micro computer
1375365,SMCIP,"Super Micro Computer, Inc.",super micro computer
1375877,CSIQ,Canadian Solar Inc.,canadian solar
1376139,CVI,CVR ENERGY INC,cvr energy
1376227,UNG,"United States Natural Gas Fund, LP",united states natural gas fund
1376231,VPRB,"VPR Brands, LP.",vpr brands
1376321,CNET,ZW Data Action Technologies Inc.,zw data action technologies
1376339,MDXG,"MIMEDX GROUP, INC.",mimedx group
1376793,CVAT,"Cavitation Technologies, Inc.",cavitation technologies
1376804,RDCT,"VNUE, Inc.",vnue
1376986,TVE,Tennessee Valley Authority,tennessee valley authority
1376986,TVC,Tennessee Valley Authority,tennessee valley authority
1377121,PTGX,"Protagonist Therapeutics, Inc",protagonist therapeutics
1377149,CRVW,CareView Communications Inc,careview communications
1377167,FGCO,"Financial Gravity Companies, Inc.",financial gravity companies
1377630,NCMI,"National CineMedia, Inc.",national cinemedia
1377757,GAU,Galiano Gold Inc.,galiano gold
1377789,AVNW,"AVIAT NETWORKS, INC.",aviat networks
1377936,SAV,SARATOGA INVESTMENT CORP.,saratoga investment
1377936,SAJ,SARATOGA INVESTMENT CORP.,saratoga investment
1377936,SAZ,SARATOGA INVESTMENT CORP.,saratoga investment
1377936,SAT,SARATOGA INVESTMENT CORP.,saratoga investment
1377936,SAY,SARATOGA INVESTMENT CORP.,saratoga investment
1377936,SAR,SARATOGA INVESTMENT CORP.,saratoga investment
1378140,OPTT,"Ocean Power Technologies, Inc.",ocean power technologies
1378239,GAERF,Central North Airport Group,central north airport group
1378239,OMAB,Central North Airport Group,central north airport group
1378325,CV,"CapsoVision, Inc",capsovision
1378590,BLIN,"Bridgeline Digital, Inc.",bridgeline digital
1378701,GDL,GDL FUND,gdl fund
1378789,AER,AerCap Holdings N.V.,aercap holdings n.v
1378866,GOGR,Go Green Global Technologies Corp.,go green global technologies
1378950,PRTS,"CarParts.com, Inc.",carparts.com
1379006,NNVC,"NANOVIRICIDES, INC.",nanoviricides
1379041,EIG,"Employers Holdings, Inc.",employers holdings
1379384,BTZ,BLACKROCK CREDIT ALLOCATION INCOME TRUST,blackrock credit allocation income trust
1379400,AOD,abrdn Total Dynamic Dividend Fund,abrdn total dynamic dividend fund
1379438,EXG,Eaton Vance Tax-Managed Global Diversified Equity Income Fund,eaton vance tax-managed global diversified equity income fund
1379785,BBDC,"Barings BDC, Inc.",barings bdc
1380106,RPID,"RAPID MICRO BIOSYSTEMS, INC.",rapid micro biosystems
1380936,GOF,GUGGENHEIM STRATEGIC OPPORTUNITIES FUND,guggenheim strategic opportunities fund
1381074,RTCJF,Baijiayun Group Ltd,baijiayun group
1381197,IBKR,"Interactive Brokers Group, Inc.",interactive brokers group
1381640,MLCO,Melco Resorts & Entertainment LTD,melco resorts & entertainment
1381668,TFSL,TFS Financial CORP,tfs financial
1382101,STRO,"SUTRO BIOPHARMA, INC.",sutro biopharma
1382574,SCNX,"Scienture Holdings, Inc.",scienture holdings
1383057,DBP,Invesco DB Precious Metals Fund,invesco db precious metals fund
1383058,DBO,Invesco DB Oil Fund,invesco db oil fund
1383062,DBE,Invesco DB Energy Fund,invesco db energy fund
1383082,DBA,INVESCO DB AGRICULTURE FUND,invesco db agriculture fund
1383084,DBB,INVESCO DB BASE METALS FUND,invesco db base metals fund
1383149,UDN,INVESCO DB US DOLLAR INDEX BEARISH FUND,invesco db us dollar index bearish fund
1383312,BR,"BROADRIDGE FINANCIAL SOLUTIONS, INC.",broadridge financial solutions
1383395,SQNS,SEQUANS COMMUNICATIONS,sequans communications
1383414,PNNT,PENNANTPARK INVESTMENT CORP,pennantpark investment
1383441,NIE,Virtus Equity & Convertible Income Fund,virtus equity & convertible income fund
1383650,CQP,"Cheniere Energy Partners, L.P.",cheniere energy partners
1384101,VCYT,"VERACYTE, INC.",veracyte
1384195,REI,"RING ENERGY, INC.",ring energy
1384365,RDAR,"Telvantis, Inc.",telvantis
1384831,SNNGF,PPX Mining Corp.,ppx mining
1384905,RNG,"RingCentral, Inc.",ringcentral
1385157,TEL,TE Connectivity plc,te connectivity plc
1385280,CNK,"Cinemark Holdings, Inc.",cinemark holdings
1385613,GLRE,"GREENLIGHT CAPITAL RE, LTD.",greenlight capital re
1385632,IAE,Voya Asia Pacific High Dividend Equity Income Fund,voya asia pacific high dividend equity income fund
1385763,JCE,Nuveen Core Equity Alpha Fund,nuveen core equity alpha fund
1385818,AYTU,"AYTU BIOPHARMA, INC",aytu biopharma
1385849,UUUU,ENERGY FUELS INC,energy fuels
1386044,TAAG,"Awareness Group, Inc.",awareness group
1386067,EOD,ALLSPRING GLOBAL DIVIDEND OPPORTUNITY FUND,allspring global dividend opportunity fund
1386278,GDOT,GREEN DOT CORP,green dot
1386301,RSSS,"Research Solutions, Inc.",research solutions
1386570,NAGE,"Niagen Bioscience, Inc.",niagen bioscience
1386716,SBLK,Star Bulk Carriers Corp.,star bulk carriers
1387467,AOSL,ALPHA & OMEGA SEMICONDUCTOR Ltd,alpha & omega semiconductor
1387473,TIGCF,Triumph Gold Corp.,triumph gold
1388141,EDD,"Morgan Stanley Emerging Markets Domestic Debt Fund, Inc.",morgan stanley emerging markets domestic debt fund
1388295,ONEI,OneMeta Inc.,onemeta
1388320,ATNM,"Actinium Pharmaceuticals, Inc.",actinium pharmaceuticals
1388658,IRTC,"iRhythm Holdings, Inc.",irhythm holdings
1388994,CYDX,"CYduct Diagnostics, Inc.",cyduct diagnostics
1389050,AROC,"Archrock, Inc.",archrock
1389170,TRGP,Targa Resources Corp.,targa resources
1389207,GFSAY,Gafisa S.A.,gafisa s.a
1389207,GFASY,Gafisa S.A.,gafisa s.a
1389545,SDEV,Stablecoin Development Corp,stablecoin development
1390195,AWP,abrdn Global Premier Properties Fund,abrdn global premier properties fund
1390352,ORRCF,OROCO RESOURCE CORP,oroco resource
1390478,SLS,"SELLAS Life Sciences Group, Inc.",sellas life sciences group
1390777,BNY,Bank of New York Mellon Corp,bank of new york mellon
1390777,BNY-PK,Bank of New York Mellon Corp,bank of new york mellon
1391135,LIFD,LFTD PARTNERS INC.,lftd partners
1391426,CLNV,Clean Vision Corp,clean vision
1391437,GRX,Gabelli Healthcare & WellnessRx Trust,gabelli healthcare & wellnessrx trust
1391933,QNTO,"QUAINT OAK BANCORP, INC.",quaint oak bancorp
1392272,CBNA,CHAIN BRIDGE BANCORP INC,chain bridge bancorp
1392326,CCEC,Capital Clean Energy Carriers Corp.,capital clean energy carriers
1392380,GEVO,"Gevo, Inc.",gevo
1392449,GPLB,Green Planet Bio Engineering Co. Ltd.,green planet bio engineering
1392694,SURG,"SurgePays, Inc.",surgepays
1393052,VEEV,VEEVA SYSTEMS INC,veeva systems
1393299,BGY,BlackRock Enhanced International Dividend Trust,blackrock enhanced international dividend trust
1393311,PSA-PG,Public Storage,public storage
1393311,PSA-PS,Public Storage,public storage
1393311,PSA-PP,Public Storage,public storage
1393311,PSA-PR,Public Storage,public storage
1393311,PSA-PQ,Public Storage,public storage
1393311,PSA-PI,Public Storage,public storage
1393311,PSA-PJ,Public Storage,public storage
1393311,PSA-PK,Public Storage,public storage
1393311,PSA,Public Storage,public storage
1393311,PSA-PM,Public Storage,public storage
1393311,PSA-PH,Public Storage,public storage
1393311,PSA-PO,Public Storage,public storage
1393311,PSA-PN,Public Storage,public storage
1393311,PSA-PL,Public Storage,public storage
1393311,PSA-PT,Public Storage,public storage
1393311,PSA-PF,Public Storage,public storage
1393311,PSA-PU,Public Storage,public storage
1393434,OCUL,"OCULAR THERAPEUTIX, INC",ocular therapeutix
1393584,AMWL,American Well Corp,american well
1393726,TIPT,TIPTREE INC.,tiptree
1393772,BUDZ,"WEED, INC.",weed
1393781,QIND,Quality Industrial Corp.,quality industrial
1393818,BX,Blackstone Inc.,blackstone
1393883,DHX,"DHI GROUP, INC.",dhi group
1394039,CYDVF,Century Lithium Corp.,century lithium
1394056,OSS,"ONE STOP SYSTEMS, INC.",one stop systems
1394108,SUIC,SUIC Worldwide Holdings Ltd.,suic worldwide holdings
1394189,CHPGF,Chesapeake Gold Corp,chesapeake gold
1394638,DWAY,"Driveitaway Holdings, Inc.",driveitaway holdings
1394832,ATS,ATS Corp /ATS,ats corp /ats
1395005,BFCH,"UNLOCKD, Inc.",unlockd
1395064,TKPHF,TAKEDA PHARMACEUTICAL CO LTD,takeda pharmaceutical
1395064,TAK,TAKEDA PHARMACEUTICAL CO LTD,takeda pharmaceutical
1395213,EDN,EDENOR,edenor
1395325,ETJ,Eaton Vance Risk-Managed Diversified Equity Income Fund,eaton vance risk-managed diversified equity income fund
1395937,SNDX,Syndax Pharmaceuticals Inc,syndax pharmaceuticals
1395942,OPLN,"OPENLANE, Inc.",openlane
1396009,VMC,Vulcan Materials CO,vulcan materials
1396277,CHW,Calamos Global Dynamic Income Fund,calamos global dynamic income fund
1396282,HMRZF,H&M HENNES & MAURITZ AB,h&m hennes & mauritz ab
1396440,MAIN,Main Street Capital CORP,main street capital
1396536,DUOT,"DUOS TECHNOLOGIES GROUP, INC.",duos technologies group
1396814,PCRX,"Pacira BioSciences, Inc.",pacira biosciences
1396878,UGA,"United States Gasoline Fund, LP",united states gasoline fund
1397016,OPXS,Optex Systems Holdings Inc,optex systems holdings
1397183,IVDAW,"Iveda Solutions, Inc.",iveda solutions
1397183,IVDA,"Iveda Solutions, Inc.",iveda solutions
1397187,LULU,lululemon athletica inc.,lululemon athletica
1397616,SSVFF,SOUTHERN SILVER EXPLORATION CORP,southern silver exploration
1397795,BRRN,Bryn Inc.,bryn
1397911,LPLA,LPL Financial Holdings Inc.,lpl financial holdings
1398659,G,Genpact LTD,genpact
1398713,URZEF,URZ3 ENERGY CORP.,urz3 energy
1398733,AQST,"Aquestive Therapeutics, Inc.",aquestive therapeutics
1398805,BEEM,Beam Global,beam global
1399520,STKS,"ONE Group Hospitality, Inc.",one group hospitality
1400118,SGMT,Sagimet Biosciences Inc.,sagimet biosciences
1400271,CUBT,Curative Biotechnology Inc,curative biotechnology
1400438,LGO,Largo Inc.,largo
1400810,HCIIP,"HCI Group, Inc.",hci group
1400810,HCI,"HCI Group, Inc.",hci group
1400891,IHETW,"iHeartMedia, Inc.",iheartmedia
1400891,IHRTB,"iHeartMedia, Inc.",iheartmedia
1400891,IHRT,"iHeartMedia, Inc.",iheartmedia
1400897,SRV,NXG Cushing Midstream Energy Fund,nxg cushing midstream energy fund
1401040,DMAC,DiaMedica Therapeutics Inc.,diamedica therapeutics
1401257,FET,"FORUM ENERGY TECHNOLOGIES, INC.",forum energy technologies
1401521,ACIC,AMERICAN COASTAL INSURANCE Corp,american coastal insurance
1401667,PBYI,"PUMA BIOTECHNOLOGY, INC.",puma biotechnology
1401835,SRGZ,Star Gold Corp.,star gold
1401914,DARE,"Dare Bioscience, Inc.",dare bioscience
1402057,CDW,CDW Corp,cdw
1402328,SBFMW,Sunshine Biopharma Inc.,sunshine biopharma
1402328,SBFM,Sunshine Biopharma Inc.,sunshine biopharma
1402388,WFG,"WEST FRASER TIMBER CO., LTD",west fraser timber co
1402436,SSNC,SS&C Technologies Holdings Inc,ss&c technologies holdings
1402829,ORN,Orion Group Holdings Inc,orion group holdings
1403161,V,VISA INC.,visa
1403475,BMRC,Bank of Marin Bancorp,bank of marin bancorp
1403528,OAK-PA,"Brookfield Oaktree Holdings, LLC",brookfield oaktree holdings
1403528,OAK-PB,"Brookfield Oaktree Holdings, LLC",brookfield oaktree holdings
1403568,ULTA,"Ulta Beauty, Inc.",ulta beauty
1403870,GARWF,Golden Arrow Resources Corp,golden arrow resources
1404281,ELDN,"Eledon Pharmaceuticals, Inc.",eledon pharmaceuticals
1404353,WPGCF,West Point Gold Corp.,west point gold
1404593,MDCE,Medical Care Technologies Inc.,medical care technologies
1404644,NGNE,Neurogene Inc.,neurogene
1404655,HUBS,HUBSPOT INC,hubspot
1404804,OMTK,Omnitek Engineering Corp,omnitek engineering
1404912,KKR,KKR & Co. Inc.,kkr &
1404912,KKRT,KKR & Co. Inc.,kkr &
1404912,KKR-PD,KKR & Co. Inc.,kkr &
1404912,KKRS,KKR & Co. Inc.,kkr &
1405495,IDCC,"InterDigital, Inc.",interdigital
1405513,UNL,"United States 12 Month Natural Gas Fund, LP",united states 12 month natural gas fund
1405528,USL,"United States 12 Month Oil Fund, LP",united states 12 month oil fund
1406234,BIP-PA,Brookfield Infrastructure Partners L.P.,brookfield infrastructure partners
1406234,BIPJ,Brookfield Infrastructure Partners L.P.,brookfield infrastructure partners
1406234,BRIPF,Brookfield Infrastructure Partners L.P.,brookfield infrastructure partners
1406234,BIP,Brookfield Infrastructure Partners L.P.,brookfield infrastructure partners
1406234,BIPH,Brookfield Infrastructure Partners L.P.,brookfield infrastructure partners
1406234,BIPI,Brookfield Infrastructure Partners L.P.,brookfield infrastructure partners
1406234,BIP-PB,Brookfield Infrastructure Partners L.P.,brookfield infrastructure partners
1406587,FOR,Forestar Group Inc.,forestar group
1406666,CALX,"CALIX, INC",calix
1406944,TRBMF,TORQ RESOURCES INC.,torq resources
1407582,CAMVF,Cambria Gold Mines Inc.,cambria gold mines
1407583,BHLL,Bunker Hill Mining Corp.,bunker hill mining
1407704,BOTY,"LINGERIE FIGHTING CHAMPIONSHIPS, INC.",lingerie fighting championships
1407973,SONX,"Sonendo, Inc.",sonendo
1408075,GPK,GRAPHIC PACKAGING HOLDING CO,graphic packaging holding
1408146,SCYYF,SCANDIUM INTERNATIONAL MINING CORP.,scandium international mining
1408198,MSCI,MSCI Inc.,msci
1408443,MIST,Milestone Pharmaceuticals Inc.,milestone pharmaceuticals
1408534,FGBIP,"First Guaranty Bancshares, Inc.",first guaranty bancshares
1408534,FGBI,"First Guaranty Bancshares, Inc.",first guaranty bancshares
1408710,FN,Fabrinet,fabrinet
1409036,TARSF,Silver North Resources Ltd.,silver north resources
1409171,TITN,Titan Machinery Inc.,titan machinery
1409197,BSPK,"Bespoke Extracts, Inc.",bespoke extracts
1409253,THRC,"Havana Roasters Coffee Companies, Inc.",havana roasters coffee companies
1409253,NAFS,"Havana Roasters Coffee Companies, Inc.",havana roasters coffee companies
1409375,OESX,"ORION ENERGY SYSTEMS, INC.",orion energy systems
1409493,CIMN,CHIMERA INVESTMENT CORP,chimera investment
1409493,CIM-PC,CHIMERA INVESTMENT CORP,chimera investment
1409493,CIMP,CHIMERA INVESTMENT CORP,chimera investment
1409493,CIM,CHIMERA INVESTMENT CORP,chimera investment
1409493,CIM-PB,CHIMERA INVESTMENT CORP,chimera investment
1409493,CIMO,CHIMERA INVESTMENT CORP,chimera investment
1409493,CIM-PD,CHIMERA INVESTMENT CORP,chimera investment
1409493,CIM-PA,CHIMERA INVESTMENT CORP,chimera investment
1409970,HAPN,"Happen, Inc.",happen
1410098,CRMD,CorMedix Inc.,cormedix
1410384,QTWO,"Q2 Holdings, Inc.",q2 holdings
1410428,XWEL,"XWELL, Inc.",xwell
1410636,AWK,"American Water Works Company, Inc.",american water works company
1410708,NUVI,Emo Capital Corp.,emo capital
1410738,VPLM,Voip-pal.com Inc,voip-pal.com
1411057,CBIH,"Cannabis Bioscience International Holdings, Inc.",cannabis bioscience international holdings
1411207,ALSN,Allison Transmission Holdings Inc,allison transmission holdings
1411342,EFC,Ellington Financial Inc.,ellington financial
1411342,EFC-PB,Ellington Financial Inc.,ellington financial
1411342,EFC-PC,Ellington Financial Inc.,ellington financial
1411342,EFC-PD,Ellington Financial Inc.,ellington financial
1411579,AMC,"AMC ENTERTAINMENT HOLDINGS, INC.",amc entertainment holdings
1411685,VTGN,"Vistagen Therapeutics, Inc.",vistagen therapeutics
1411690,BNGO,"Bionano Genomics, Inc.",bionano genomics
1412095,TROO,"Troops, Inc. /Cayman Islands/","troops, inc. /cayman islands/"
1412100,MHLA,"Maiden Holdings, Ltd.",maiden holdings
1412100,MHNC,"Maiden Holdings, Ltd.",maiden holdings
1412126,RMSL,RemSleep Holdings Inc.,remsleep holdings
1412408,PHR,"Phreesia, Inc.",phreesia
1412486,COCP,"Cocrystal Pharma, Inc.",cocrystal pharma
1412558,EVO,Evotec SE,evotec se
1412558,EVOTF,Evotec SE,evotec se
1413119,KBLB,"Kraig Biocraft Laboratories, Inc.",kraig biocraft laboratories
1413329,PM,Philip Morris International Inc.,philip morris international
1413447,NXPI,NXP Semiconductors N.V.,nxp semiconductors n.v
1413745,YDKG,Yueda Digital Holding,yueda digital holding
1413855,AIFU,AIFU Inc.,aifu
1413891,HWNI,"HIGH WIRE NETWORKS, INC.",high wire networks
1413909,DSGT,DSG Global Inc.,dsg global
1414382,CLEV,Concrete Leveling Systems Inc,concrete leveling systems
1414767,NCPLW,Netcapital Inc.,netcapital
1414767,NCPL,Netcapital Inc.,netcapital
1414932,OCSL,Oaktree Specialty Lending Corp,oaktree specialty lending
1414953,MOJO,EQUATOR Beverage Co,equator beverage
1415311,GLL,ProShares Trust II,proshares trust ii
1415311,SVXY,ProShares Trust II,proshares trust ii
1415311,VIXM,ProShares Trust II,proshares trust ii
1415311,UVXY,ProShares Trust II,proshares trust ii
1415311,ULE,ProShares Trust II,proshares trust ii
1415311,KOLD,ProShares Trust II,proshares trust ii
1415311,SCO,ProShares Trust II,proshares trust ii
1415311,YCL,ProShares Trust II,proshares trust ii
1415311,ZSL,ProShares Trust II,proshares trust ii
1415311,UGL,ProShares Trust II,proshares trust ii
1415311,YCS,ProShares Trust II,proshares trust ii
1415311,UCO,ProShares Trust II,proshares trust ii
1415311,EUO,ProShares Trust II,proshares trust ii
1415311,AGQ,ProShares Trust II,proshares trust ii
1415311,BOIL,ProShares Trust II,proshares trust ii
1415311,VIXY,ProShares Trust II,proshares trust ii
1415332,LTUM,Lithium Corp,lithium
1415397,RAPH,Raphael Pharmaceutical Inc.,raphael pharmaceutical
1415404,ECHO,EchoStar CORP,echostar
1415744,NMEX,NORTHERN MINERALS & EXPLORATION LTD.,northern minerals & exploration
1415758,NVSGF,Nevada Sunrise Metals Corp.,nevada sunrise metals
1415921,NMM,Navios Maritime Partners L.P.,navios maritime partners
1416090,BSAI,BLUSKY AI INC.,blusky ai
1416697,BLPG,"Blue Line Protection Group, Inc.",blue line protection group
1416876,FCHS,"First Choice Healthcare Solutions, Inc.",first choice healthcare solutions
1417663,SNWV,"SANUWAVE Health, Inc.",sanuwave health
1417802,IDE,"Voya Infrastructure, Industrials & Materials Fund","voya infrastructure, industrials & materials fund"
1417926,IVF,"INVO Fertility, Inc.",invo fertility
1418076,SLRC,SLR Investment Corp.,slr investment
1418121,APLE,"Apple Hospitality REIT, Inc.",apple hospitality reit
1418135,KDP,Keurig Dr Pepper Inc.,keurig dr pepper
1418149,HLRTF,Hillcrest Energy Technologies Ltd.,hillcrest energy technologies
1418819,IRDM,Iridium Communications Inc.,iridium communications
1419041,FBRX,"Forte Biosciences, Inc.",forte biosciences
1419275,RTB,"RTB Digital, Inc.",rtb digital
1419336,APAAF,Appia Rare Earths & Uranium Corp.,appia rare earths & uranium
1419536,CBNK,Capital Bancorp Inc,capital bancorp
1419554,BBLGW,Bone Biologics Corp,bone biologics
1419554,BBLG,Bone Biologics Corp,bone biologics
1419612,SEDG,"SOLAREDGE TECHNOLOGIES, INC.",solaredge technologies
1419793,OCLN,"ORIGINCLEAR, INC.",originclear
1419806,REEMF,RARE ELEMENT RESOURCES LTD,rare element resources
1419945,TNK,TEEKAY TANKERS LTD.,teekay tankers
1419951,DTST,Data Storage Corp,data storage
1420049,COPAF,COPAUR MINERALS INC.,copaur minerals
1420108,GLUC,"Glucose Health, Inc.",glucose health
1420368,DLTI,DLT Resolution Inc.,dlt resolution
1420520,ATOM,Atomera Inc,atomera
1420529,AACG,ATA Creativity Global,ata creativity global
1420565,RNTX,"Rein Therapeutics, Inc.",rein therapeutics
1420720,IBIO,"iBio, Inc.",ibio
1420800,ENOV,Enovis CORP,enovis
1420924,ADTI,"Adapti, Inc.",adapti
1421461,IPI,"Intrepid Potash, Inc.",intrepid potash
1421517,ERII,"Energy Recovery, Inc.",energy recovery
1421642,MSLE,Satellos Bioscience Inc.,satellos bioscience
1421876,GLPGF,Lakefront Biotherapeutics NV,lakefront biotherapeutics nv
1421876,LKFT,Lakefront Biotherapeutics NV,lakefront biotherapeutics nv
1422142,WHWK,"Whitehawk Therapeutics, Inc.",whitehawk therapeutics
1422143,KURA,"Kura Oncology, Inc.",kura oncology
1422183,FSK,FS KKR Capital Corp,fs kkr capital
1422532,RKHNF,ROCKHAVEN RESOURCES LTD,rockhaven resources
1422892,SGLY,Singularity Future Technology Ltd.,singularity future technology
1422930,PUBM,"PubMatic, Inc.",pubmatic
1423210,ARZTF,ARYZTA AG (fka IAWS GROUP PLC),aryzta ag (fka iaws group plc)
1423221,NX,Quanex Building Products CORP,quanex building products
1423689,AGNCZ,AGNC Investment Corp.,agnc investment
1423689,AGNCM,AGNC Investment Corp.,agnc investment
1423689,AGNCO,AGNC Investment Corp.,agnc investment
1423689,AGNCL,AGNC Investment Corp.,agnc investment
1423689,AGNCN,AGNC Investment Corp.,agnc investment
1423689,AGNC,AGNC Investment Corp.,agnc investment
1423689,AGNCP,AGNC Investment Corp.,agnc investment
1423867,WHGOF,White Gold Corp.,white gold
1423869,PCB,PCB BANCORP,pcb bancorp
1423902,WES,"Western Midstream Partners, LP",western midstream partners
1424182,BNL,"Broadstone Net Lease, Inc.",broadstone net lease
1424657,CUEN,Cuentas Inc.,cuentas
1424657,CUENW,Cuentas Inc.,cuentas
1424768,VYCO,VYCOR MEDICAL INC,vycor medical
1424864,RYES,Rise Gold Corp.,rise gold
1424929,FOXF,FOX FACTORY HOLDING CORP,fox factory holding
1425061,ZCRMF,Golden Cross Resources Inc.,golden cross resources
1425205,IOVA,"IOVANCE BIOTHERAPEUTICS, INC.",iovance biotherapeutics
1425287,WKHS,Workhorse Group Inc.,workhorse group
1425292,UAN,"CVR PARTNERS, LP",cvr partners
1425355,SUIG,SUI Group Holdings Ltd.,sui group holdings
1425450,KIDS,ORTHOPEDIATRICS CORP,orthopediatrics
1425627,SOBR,"SOBR Safe, Inc.",sobr safe
1426800,ASMB,"ASSEMBLY BIOSCIENCES, INC.",assembly biosciences
1427437,ETI-P,"ENTERGY TEXAS, INC.",entergy texas
1427570,HIND,"Vyome Holdings, Inc",vyome holdings
1427644,SLDC,"Solidus Communications, Inc.",solidus communications
1427728,YNVYF,YNVISIBLE INTERACTIVE INC.,ynvisible interactive
1427901,GDSRF,Gold Strike Resources Corp.,gold strike resources
1427925,TLPH,"TALPHERA, INC.",talphera
1428205,ARR-PC,"Armour Residential REIT, Inc.",armour residential reit
1428205,ARR,"Armour Residential REIT, Inc.",armour residential reit
1428336,HQY,"HEALTHEQUITY, INC.",healthequity
1428439,ROKU,"ROKU, INC",roku
1429260,FBIO,"Fortress Biotech, Inc.",fortress biotech
1429260,FBIOP,"Fortress Biotech, Inc.",fortress biotech
1429393,TKLS,"Trutankless, Inc.",trutankless
1429764,BLNK,Blink Charging Co.,blink charging
1429937,BTG,B2GOLD CORP,b2gold
1430162,CSAN,Cosan S.A.,cosan s.a
1430306,TNXP,Tonix Pharmaceuticals Holding Corp.,tonix pharmaceuticals holding
1430723,SFBS,"ServisFirst Bancshares, Inc.",servisfirst bancshares
1430725,GSL-PB,"Global Ship Lease, Inc.",global ship lease
1430725,GSL,"Global Ship Lease, Inc.",global ship lease
1431567,OVLY,Oak Valley Bancorp,oak valley bancorp
1431852,OGG,Osisko Gold Group Inc.,osisko gold group
1431852,ODV,Osisko Gold Group Inc.,osisko gold group
1431852,OGGWZ,Osisko Gold Group Inc.,osisko gold group
1431852,ODVWZ,Osisko Gold Group Inc.,osisko gold group
1431852,OSDVF,Osisko Gold Group Inc.,osisko gold group
1432133,KLTR,KALTURA INC,kaltura
1432364,AZUL,AZUL SA,azul sa
1432364,AZUXY,AZUL SA,azul sa
1432588,BHSIF,BAYHORSE SILVER INC.,bayhorse silver
1433195,APPF,APPFOLIO INC,appfolio
1433270,AR,ANTERO RESOURCES Corp,antero resources
1433309,PLTYF,"Plastec Technologies, Ltd.",plastec technologies
1433551,SGLA,Sino Green Land Corp.,sino green land
1433607,NSPR,"InspireMD, Inc.",inspiremd
1433642,HLNE,Hamilton Lane INC,hamilton lane
1433660,JBTM,JBT MAREL Corp,jbt marel
1434265,GMAB,GENMAB A/S,genmab a/s
1434265,GNMSF,GENMAB A/S,genmab a/s
1434316,FATE,FATE THERAPEUTICS INC,fate therapeutics
1434524,CLIR,ClearSign Technologies Corp,clearsign technologies
1434588,LOPE,"Grand Canyon Education, Inc.",grand canyon education
1434601,TMGI,"Transglobal Management Group, Inc.",transglobal management group
1434621,TREE,"LendingTree, Inc.",lendingtree
1434647,ZVRA,"ZEVRA THERAPEUTICS, INC.",zevra therapeutics
1434728,GWRS,"Global Water Resources, Inc.",global water resources
1434740,RNGC,Ranger Gold Corp.,ranger gold
1434754,SB-PD,"SAFE BULKERS, INC.",safe bulkers
1434754,SB-PC,"SAFE BULKERS, INC.",safe bulkers
1434754,SB,"SAFE BULKERS, INC.",safe bulkers
1435064,CETX,CEMTREX INC,cemtrex
1435064,CETXP,CEMTREX INC,cemtrex
1435181,PHBI,Pharmagreen Biotech Inc.,pharmagreen biotech
1435617,PWDY,"POWERDYNE INTERNATIONAL, INC.",powerdyne international
1436126,MG,"Mistras Group, Inc.",mistras group
1436208,LEGH,Legacy Housing Corp,legacy housing
1436229,BTCS,BTCS Inc.,btcs
1436425,HBCP,"HOME BANCORP, INC.",home bancorp
1436741,CYJBF,Cargotec Corp OYJ,cargotec corp oyj
1436778,SAXPF,Sampo OYJ,sampo oyj
1437071,IVR-PC,Invesco Mortgage Capital Inc.,invesco mortgage capital
1437071,IVR,Invesco Mortgage Capital Inc.,invesco mortgage capital
1437107,WBD,"Warner Bros. Discovery, Inc.",warner bros. discovery
1437213,CCNB,"Coastal Carolina Bancshares, Inc.",coastal carolina bancshares
1437226,MHH,"Mastech Digital, Inc.",mastech digital
1437283,RPMT,"REGO PAYMENT ARCHITECTURES, INC.",rego payment architectures
1437402,ARDX,"ARDELYX, INC.",ardelyx
1437424,POET,POET TECHNOLOGIES INC.,poet technologies
1437441,PIRBF,Piraeus Bank S.A.,piraeus bank s.a
1437462,GRKZF,Greek Organisation of Football Prognostics S.A.,greek organisation of football prognostics s.a
1437479,ENBP,ENB Financial Corp,enb financial
1437517,CLOQ,"CYBERLOQ TECHNOLOGIES, INC.",cyberloq technologies
1437578,BFAM,BRIGHT HORIZONS FAMILY SOLUTIONS INC.,bright horizons family solutions
1437672,PRYMF,Prysmian S.p.A.,prysmian s.p.a
1437750,TRXA,T-REX Acquisition Corp.,t-rex acquisition
1437925,MRDN,Meridian Holdings Inc./NV,meridian holdings inc./nv
1437958,CCB,COASTAL FINANCIAL CORP,coastal financial
1438133,TNDM,TANDEM DIABETES CARE INC,tandem diabetes care
1438423,MRAM,EVERSPIN TECHNOLOGIES INC.,everspin technologies
1438461,ELRE,Yinfu Gold Corp.,yinfu gold
1438472,MIAX,"MIAMI INTERNATIONAL HOLDINGS, INC.",miami international holdings
1438533,TVTX,"Travere Therapeutics, Inc.",travere therapeutics
1438569,GRFS,Grifols SA,grifols sa
1438569,GIFOF,Grifols SA,grifols sa
1438569,GIKLY,Grifols SA,grifols sa
1438569,GIFLF,Grifols SA,grifols sa
1438656,IDEXF,Industria de Diseno Textil Inditex SA / ADR,industria de diseno textil inditex sa / adr
1438893,GNT-PA,"GAMCO Natural Resources, Gold & Income Trust","gamco natural resources, gold & income trust"
1438893,GNT,"GAMCO Natural Resources, Gold & Income Trust","gamco natural resources, gold & income trust"
1438943,RNGE,"RANGE IMPACT, INC.",range impact
1439124,AXIA,AXIA Energia S.A.,axia energia s.a
1439124,AXIA-PC,AXIA Energia S.A.,axia energia s.a
1439222,AGIO,"AGIOS PHARMACEUTICALS, INC.",agios pharmaceuticals
1439264,MVNC,Marvion Inc.,marvion
1439288,ZWS,Zurn Elkay Water Solutions Corp,zurn elkay water solutions
1439725,BDSX,BIODESIX INC,biodesix
1440799,MMEX,MMEX Resources Corp,mmex resources
1440972,LAR,Lithium Argentina AG,lithium argentina ag
1441236,CLW,Clearwater Paper Corp,clearwater paper
1441683,APPN,APPIAN CORP,appian
1441816,MDB,"MongoDB, Inc.",mongodb
1442145,VRSK,"Verisk Analytics, Inc.",verisk analytics
1442236,QRHC,Quest Resource Holding Corp,quest resource holding
1442492,LRDC,"Laredo Oil, Inc.",laredo oil
1442620,RCON,"Recon Technology, Ltd",recon technology
1442651,SHECF,"Shin-Etsu Chemical Co., Ltd.",shin-etsu chemical co
1443575,AVBH,"Avidbank Holdings, Inc.",avidbank holdings
1443646,BAH,Booz Allen Hamilton Holding Corp,booz allen hamilton holding
1443669,PRLB,Proto Labs Inc,proto labs
1443863,BICX,BioCorRx Inc.,biocorrx
1444192,GRCE,"Grace Therapeutics, Inc.",grace therapeutics
1444406,EC,ECOPETROL S.A.,ecopetrol s.a
1444839,BRVO,Bravo Multinational Inc.,bravo multinational
1445162,BYDDF,BYD CO LTD,byd
1445211,PIFMF,"Indofood Sukses Makmur, Tbk","indofood sukses makmur, tbk"
1445214,SLOIF,Soitec SA,soitec sa
1445305,WK,WORKIVA INC,workiva
1445467,AVPMF,AVRUPA MINERALS LTD.,avrupa minerals
1445654,NZEOF,New Zealand Oil & Gas Ltd/ADR,new zealand oil & gas ltd/adr
1445654,NZEOY,New Zealand Oil & Gas Ltd/ADR,new zealand oil & gas ltd/adr
1445815,BIXT,"BIOXYTRAN, INC",bioxytran
1445930,KB,KB Financial Group Inc.,kb financial group
1445942,TMRC,Texas Mineral Resources Corp.,texas mineral resources
1446159,AGPU,Axe Compute Inc.,axe compute
1446250,BMWKY,Bayerische Motoren Werke AG/ADR,bayerische motoren werke ag/adr
1446250,BAMXF,Bayerische Motoren Werke AG/ADR,bayerische motoren werke ag/adr
1446420,MITUF,Mitsui Chemicals Inc,mitsui chemicals
1446519,DKILF,Daikin Industries Ltd,daikin industries
1446597,DQJCF,Don Quijote Holdings Co Ltd,don quijote holdings
1446847,IRWD,IRONWOOD PHARMACEUTICALS INC,ironwood pharmaceuticals
1446962,HCHDF,Hochschild Mining PLC,hochschild mining plc
1447028,ABUS,Arbutus Biopharma Corp,arbutus biopharma
1447100,YMHAY,"Yamaha Motor Co., Ltd.",yamaha motor co
1447100,YAMHF,"Yamaha Motor Co., Ltd.",yamaha motor co
1447101,TYTMF,Tokyo Tatemono Co Ltd,tokyo tatemono
1447108,SKPJF,SKY Perfect JSAT Holdings Inc,sky perfect jsat holdings
1447221,LGSXY,Light S.A./ADR,light s.a./adr
1447221,LGSXD,Light S.A./ADR,light s.a./adr
1447362,CSTL,CASTLE BIOSCIENCES INC,castle biosciences
1447380,MFON,MOBIVITY HOLDINGS CORP.,mobivity holdings
1447391,RSNHF,RESONA HOLDINGS INC,resona holdings
1447391,RSHGY,RESONA HOLDINGS INC,resona holdings
1447669,TWLO,TWILIO INC,twilio
1447956,BYDIF,BYD Electronic (International) Co Ltd,byd electronic (international)
1447960,CMCLF,"China Molybdenum Co., Ltd.",china molybdenum co
1448038,RWDMU,Redwood Mortgage Investors IX,redwood mortgage investors ix
1448397,SHIP,Seanergy Maritime Holdings Corp.,seanergy maritime holdings
1448431,OPRX,OptimizeRx Corp,optimizerx
1448611,CDGLF,ComfortDelGro Corp Ltd,comfortdelgro corp
1448705,BASA,"BASANITE, INC.",basanite
1448893,ESNT,Essent Group Ltd.,essent group
1449349,RDGL,VIVOS INC,vivos
1449664,NWSGY,CTF Services Ltd,ctf services
1449664,NWSZF,CTF Services Ltd,ctf services
1449792,PPSI,"PIONEER POWER SOLUTIONS, INC.",pioneer power solutions
1449794,EMYB,"Embassy Bancorp, Inc.",embassy bancorp
1450159,SURDF,"Sumitomo Realty & Development Co., Ltd./ADR","sumitomo realty & development co., ltd./adr"
1450346,POAHF,Porsche Automobil Holding SE / ADR,porsche automobil holding se / adr
1450445,NUW,Nuveen AMT-Free Municipal Value Fund,nuveen amt-free municipal value fund
1450468,MRAAF,"Murata Manufacturing Co., Ltd./ADR","murata manufacturing co., ltd./adr"
1450704,VIVK,"Vivakor, Inc.",vivakor
1450894,IAALF,IBC Advanced Alloys Corp.,ibc advanced alloys
1450922,SIVR,abrdn Silver ETF Trust,abrdn silver etf trust
1450923,SGOL,abrdn Gold ETF Trust,abrdn gold etf trust
1451448,GMBLZ,"ESPORTS ENTERTAINMENT GROUP, INC.",esports entertainment group
1451448,GMBL,"ESPORTS ENTERTAINMENT GROUP, INC.",esports entertainment group
1451448,GMBLP,"ESPORTS ENTERTAINMENT GROUP, INC.",esports entertainment group
1451505,RIG,Transocean Ltd.,transocean
1451561,SBBTF,Vend Marketplaces ASA/ADR,vend marketplaces asa/adr
1451809,SITM,SITIME Corp,sitime
1452011,TNBI,Tanke Biosciences Corp,tanke biosciences
1452477,SEVN,Seven Hills Realty Trust,seven hills realty trust
1452583,CBMJ,"CONSERVATIVE BROADCAST MEDIA & PUBLISHING, INC.",conservative broadcast media & publishing
1452804,RMHI,"Retrieve Medical Holdings, Inc.",retrieve medical holdings
1453015,BLDP,Ballard Power Systems Inc.,ballard power systems
1453122,DDDX,"3DX Industries, Inc.",3dx industries
1453593,XTNT,"Xtant Medical Holdings, Inc.",xtant medical holdings
1453687,RNAC,"Cartesian Therapeutics, Inc.",cartesian therapeutics
1453932,UNBLF,Unibail-Rodamco SE/ADR,unibail-rodamco se/adr
1454144,ERELY,Eregli Demir ve Celik Fabrikalari TAS/ADR,eregli demir ve celik fabrikalari tas/adr
1454147,LOIMF,Loomis AB / ADR,loomis ab / adr
1454475,GBCMD,Global Bio-chem Technology Group Co. Ltd / ADR,global bio-chem technology group co. ltd / adr
1454475,GBCYD,Global Bio-chem Technology Group Co. Ltd / ADR,global bio-chem technology group co. ltd / adr
1454741,EOT,Eaton Vance National Municipal Opportunities Trust,eaton vance national municipal opportunities trust
1454742,GMER,"GOOD GAMING, INC.",good gaming
1454938,TEAD,Teads Holding Co.,teads holding
1455365,CGTX,COGNITION THERAPEUTICS INC,cognition therapeutics
1455632,NXPGF,Mobico Group PLC/ADR,mobico group plc/adr
1455632,NXPGY,Mobico Group PLC/ADR,mobico group plc/adr
1455684,TPICQ,"TPI COMPOSITES, INC",tpi composites
1455863,COLD,AMERICOLD REALTY TRUST,americold realty trust
1456189,LEAT,Leatt Corp,leatt
1456346,FNV,FRANCO NEVADA Corp,franco nevada
1456772,OPI,OFFICE PROPERTIES INCOME TRUST,office properties income trust
1459188,CHEV,Charging Robotics Inc.,charging robotics
1459200,ALRM,"Alarm.com Holdings, Inc.",alarm.com holdings
1459334,BKZHF,Santander Bank Polska SA/ADR,santander bank polska sa/adr
1459334,BKZHY,Santander Bank Polska SA/ADR,santander bank polska sa/adr
1459839,SIBN,"SI-BONE, Inc.",si-bone
1459862,PALL,abrdn Palladium ETF Trust,abrdn palladium etf trust
1460235,PPLT,abrdn Platinum ETF Trust,abrdn platinum etf trust
1460329,FLNT,"Fluent, Inc.",fluent
1460447,MIMTF,Mitsubishi Materials Corp / ADR,mitsubishi materials corp / adr
1460702,AIXC,"AIxCrypto Holdings, Inc.",aixcrypto holdings
1462056,BLZE,"Backblaze, Inc.",backblaze
1462120,LOB-PA,"Live Oak Bancshares, Inc.",live oak bancshares
1462120,LOB,"Live Oak Bancshares, Inc.",live oak bancshares
1462223,NIXX,"Nixxy, Inc.",nixxy
1462418,ASPS,ALTISOURCE PORTFOLIO SOLUTIONS S.A.,altisource portfolio solutions s.a
1462418,ASPSW,ALTISOURCE PORTFOLIO SOLUTIONS S.A.,altisource portfolio solutions s.a
1462418,ASPSZ,ALTISOURCE PORTFOLIO SOLUTIONS S.A.,altisource portfolio solutions s.a
1462586,IGI,Western Asset Investment Grade Opportunity Trust Inc.,western asset investment grade opportunity trust
1463000,GRUSF,Grown Rogue International Inc.,grown rogue international
1463101,ENPH,"Enphase Energy, Inc.",enphase energy
1463208,TLSS,"Transportation & Logistics Systems, Inc.",transportation & logistics systems
1463972,VUZI,Vuzix Corp,vuzix
1463978,BKUCF,BLUE SKY URANIUM CORP.,blue sky uranium
1464165,BETRF,BetterLife Pharma Inc.,betterlife pharma
1464343,ATLCL,Atlanticus Holdings Corp,atlanticus holdings
1464343,ATLC,Atlanticus Holdings Corp,atlanticus holdings
1464343,ATLCZ,Atlanticus Holdings Corp,atlanticus holdings
1464343,ATLCP,Atlanticus Holdings Corp,atlanticus holdings
1464423,PMT-PB,PennyMac Mortgage Investment Trust,pennymac mortgage investment trust
1464423,PMT-PA,PennyMac Mortgage Investment Trust,pennymac mortgage investment trust
1464423,PMT,PennyMac Mortgage Investment Trust,pennymac mortgage investment trust
1464423,PMT-PC,PennyMac Mortgage Investment Trust,pennymac mortgage investment trust
1464423,PMTV,PennyMac Mortgage Investment Trust,pennymac mortgage investment trust
1464423,PMTU,PennyMac Mortgage Investment Trust,pennymac mortgage investment trust
1464423,PMTW,PennyMac Mortgage Investment Trust,pennymac mortgage investment trust
1464521,HTFL,"Heartflow, Inc.",heartflow
1464591,GPRK,GeoPark Ltd,geopark
1464790,RILYT,"BRC Group Holdings, Inc.",brc group holdings
1464790,RILYP,"BRC Group Holdings, Inc.",brc group holdings
1464790,RILYL,"BRC Group Holdings, Inc.",brc group holdings
1464790,RILY,"BRC Group Holdings, Inc.",brc group holdings
1464790,RILYZ,"BRC Group Holdings, Inc.",brc group holdings
1464790,RILYN,"BRC Group Holdings, Inc.",brc group holdings
1464790,RILYG,"BRC Group Holdings, Inc.",brc group holdings
1464865,ASII,"Accredited Solutions, Inc.",accredited solutions
1465128,STWD,"STARWOOD PROPERTY TRUST, INC.",starwood property trust
1465311,ZICX,Zicix Corp,zicix
1465740,TWO-PA,TWO HARBORS INVESTMENT CORP.,two harbors investment
1465740,TWO-PC,TWO HARBORS INVESTMENT CORP.,two harbors investment
1465740,TWOD,TWO HARBORS INVESTMENT CORP.,two harbors investment
1465740,TWO-PB,TWO HARBORS INVESTMENT CORP.,two harbors investment
1465740,TWO,TWO HARBORS INVESTMENT CORP.,two harbors investment
1466026,MSBI,"Midland States Bancorp, Inc.",midland states bancorp
1466026,MSBIP,"Midland States Bancorp, Inc.",midland states bancorp
1466085,IRT,"INDEPENDENCE REALTY TRUST, INC.",independence realty trust
1466258,TT,Trane Technologies plc,trane technologies plc
1466593,OTTR,Otter Tail Corp,otter tail
1467093,SRCRF,Scorpio Gold Corp,scorpio gold
1467373,ACN,Accenture plc,accenture plc
1467623,DBX,"DROPBOX, INC.",dropbox
1467760,ARI,"Apollo Commercial Real Estate Finance, Inc.",apollo commercial real estate finance
1467761,FIEE,"FiEE, Inc.",fiee
1467858,GM,General Motors Co,general motors
1468091,VEON,VEON Ltd.,veon
1468174,H,Hyatt Hotels Corp,hyatt hotels
1468327,RENT,"Rent the Runway, Inc.",rent the runway
1468328,ADUS,Addus HomeCare Corp,addus homecare
1468492,HSCS,HeartSciences Inc.,heartsciences
1468492,HSCSW,HeartSciences Inc.,heartsciences
1468522,FER,Ferrovial N.V.,ferrovial n.v
1468639,VICP,"Vicapsys Life Sciences, Inc.",vicapsys life sciences
1468642,AUGO,Aura Minerals Inc.,aura minerals
1468748,KOD,Kodiak Sciences Inc.,kodiak sciences
1468929,NXGLW,"NEXGEL, INC.",nexgel
1468929,NXGL,"NEXGEL, INC.",nexgel
1468978,SITS,"SOUTHERN ITS INTERNATIONAL, INC.",southern its international
1469367,RUN,Sunrun Inc.,sunrun
1469395,PAM,Pampa Energy Inc.,pampa energy
1469395,PPENF,Pampa Energy Inc.,pampa energy
1469443,RKDA,"Arcadia Biosciences, Inc.",arcadia biosciences
1470129,VIIQ,VisitIQ Corp.,visitiq
1470419,ESYJY,easyJet plc,easyjet plc
1470419,EJTTF,easyJet plc,easyjet plc
1470683,AEHL,Antelope Enterprise Holdings Ltd,antelope enterprise holdings
1471055,BSBR,Banco Santander (Brasil) S.A.,banco santander (brasil) s.a
1471265,NWBI,"Northwest Bancshares, Inc.",northwest bancshares
1471420,STK,"Columbia Seligman Premium Technology Growth Fund, Inc.",columbia seligman premium technology growth fund
1471727,SRXH,SRX Global Inc.,srx global
1471781,GTCH,GBT Technologies Inc.,gbt technologies
1471824,CORN,Teucrium Commodity Trust,teucrium commodity trust
1471824,SOYB,Teucrium Commodity Trust,teucrium commodity trust
1471824,BTCK,Teucrium Commodity Trust,teucrium commodity trust
1471824,CANE,Teucrium Commodity Trust,teucrium commodity trust
1471824,TAGS,Teucrium Commodity Trust,teucrium commodity trust
1471824,WEAT,Teucrium Commodity Trust,teucrium commodity trust
1472012,IMNM,Immunome Inc.,immunome
1472033,JTGEY,"Citibank,N.A./ADR","citibank,n.a./adr"
1472033,JTGLF,"Citibank,N.A./ADR","citibank,n.a./adr"
1472072,CCM,Concord Medical Services Holdings Ltd,concord medical services holdings
1472091,PDSB,PDS Biotechnology Corp,pds biotechnology
1472215,JLS,Nuveen Mortgage & Income Fund/MA/,nuveen mortgage & income fund/ma/
1472326,GRO,Brazil Potash Corp.,brazil potash
1472341,GDO,WESTERN ASSET GLOBAL CORPORATE OPPORTUNITY FUND INC.,western asset global corporate opportunity fund
1472466,LPSIF,LEGEND POWER SYSTEMS INC.,legend power systems
1472494,BNO,"United States Brent Oil Fund, LP",united states brent oil fund
1472787,FAF,First American Financial Corp,first american financial
1472879,WCPRF,WHITECAP RESOURCES INC.,whitecap resources
1473334,XMAX,XMax Inc.,xmax
1473490,GLAI,"Global AI, Inc.",global ai
1474098,PEB-PG,Pebblebrook Hotel Trust,pebblebrook hotel trust
1474098,PEB-PH,Pebblebrook Hotel Trust,pebblebrook hotel trust
1474098,PEB-PE,Pebblebrook Hotel Trust,pebblebrook hotel trust
1474098,PEB,Pebblebrook Hotel Trust,pebblebrook hotel trust
1474098,PEB-PF,Pebblebrook Hotel Trust,pebblebrook hotel trust
1474167,COSM,Cosmos Health Inc.,cosmos health
1474432,P,"Everpure, Inc.",everpure
1474627,NEGG,"Newegg Commerce, Inc.",newegg commerce
1474735,GNRC,GENERAC HOLDINGS INC.,generac holdings
1474903,BGSF,"BGSF, INC.",bgsf
1474968,GELYF,Geely Automobile Holdings Limited/ADR,geely automobile holdings limited/adr
1474968,GELHY,Geely Automobile Holdings Limited/ADR,geely automobile holdings limited/adr
1475260,CVE,CENOVUS ENERGY INC.,cenovus energy
1475841,NBHC,National Bank Holdings Corp,national bank holdings
1475922,PRI,"Primerica, Inc.",primerica
1476034,MCB,Metropolitan Bank Holding Corp.,metropolitan bank holding
1476045,CLDT,Chatham Lodging Trust,chatham lodging trust
1476045,CLDT-PA,Chatham Lodging Trust,chatham lodging trust
1476150,TRNO,Terreno Realty Corp,terreno realty
1476204,PECO,"Phillips Edison & Company, Inc.",phillips edison & company
1476765,GBDC,"GOLUB CAPITAL BDC, Inc.",golub capital bdc
1476840,EXFY,"Expensify, Inc.",expensify
1477009,CANN,TREES Corp (Colorado),trees corp (colorado)
1477049,PHYS,Sprott Physical Gold Trust,sprott physical gold trust
1477081,KGEI,Kolibri Global Energy Inc.,kolibri global energy
1477201,BCUFF,Bell Copper Corp,bell copper
1477294,ST,Sensata Technologies Holding plc,sensata technologies holding plc
1477333,NET,"Cloudflare, Inc.",cloudflare
1477449,TDOC,"Teladoc Health, Inc.",teladoc health
1477641,DQ,DAQO NEW ENERGY CORP.,daqo new energy
1477720,ASAN,"Asana, Inc.",asana
1477815,SG,"Sweetgreen, Inc.",sweetgreen
1477845,ANVS,"Annovis Bio, Inc.",annovis bio
1477960,LMEDD,LataMed AI Corp.,latamed ai
1477960,LMED,LataMed AI Corp.,latamed ai
1478102,DMO,Western Asset Mortgage Opportunity Fund Inc.,western asset mortgage opportunity fund
1478242,IQV,IQVIA HOLDINGS INC.,iqvia holdings
1478320,ADPT,Adaptive Biotechnologies Corp,adaptive biotechnologies
1478454,EBMT,"Eagle Bancorp Montana, Inc.",eagle bancorp montana
1478888,NBB,Nuveen Taxable Municipal Income Fund,nuveen taxable municipal income fund
1479094,STAG,"STAG Industrial, Inc.",stag industrial
1479247,CPER,United States Commodity Index Funds Trust,united states commodity index funds trust
1479247,USCI,United States Commodity Index Funds Trust,united states commodity index funds trust
1479419,KALA,"KALA BIO, Inc.",kala bio
1479480,CGDXF,XALI GOLD CORP.,xali gold
1479615,SLN,Silence Therapeutics plc,silence therapeutics plc
1479615,SLNCF,Silence Therapeutics plc,silence therapeutics plc
1479681,NUTX,Nutex Health Inc.,nutex health
1480170,BEOB,BEO BANCORP,beo bancorp
1481028,HYSR,"SUNHYDROGEN, INC.",sunhydrogen
1481045,DSEEY,Daiwa Securities Group Inc.,daiwa securities group
1481045,DSECF,Daiwa Securities Group Inc.,daiwa securities group
1481241,PSHG,Performance Shipping Inc.,performance shipping
1481443,TCRI,"TechCom, Inc.",techcom
1481504,XERI,"XERIANT, INC.",xeriant
1481513,JKS,"JinkoSolar Holding Co., Ltd.",jinkosolar holding co
1481582,RYZ,Ryerson Holding Corp,ryerson holding
1481792,QUAD,"Quad/Graphics, Inc.",quad/graphics
1481857,ORESF,Orestone Mining Corp.,orestone mining
1482430,KBSR,"KBS Real Estate Investment Trust III, Inc.",kbs real estate investment trust iii
1482436,AGXPF,SILVER X MINING CORP.,silver x mining
1482512,HPP,"Hudson Pacific Properties, Inc.",hudson pacific properties
1482512,HPP-PC,"Hudson Pacific Properties, Inc.",hudson pacific properties
1482541,BNC,CEA Industries Inc.,cea industries
1482541,BNCWZ,CEA Industries Inc.,cea industries
1482541,BNCWW,CEA Industries Inc.,cea industries
1482554,HFUS,"Hartford Creative Group, Inc.",hartford creative group
1482981,COCO,"Vita Coco Company, Inc.",vita coco company
1483386,GLTR,abrdn Precious Metals Basket ETF Trust,abrdn precious metals basket etf trust
1483934,STNG,Scorpio Tankers Inc.,scorpio tankers
1483994,HTHT,H World Group Ltd,h world group
1483994,HWLDF,H World Group Ltd,h world group
1484612,OM,"Outset Medical, Inc.",outset medical
1484674,ATMH,"ALL THINGS MOBILE ANALYTIC, INC.",all things mobile analytic
1484769,FUBO,FuboTV Inc.,fubotv
1484778,TDUP,ThredUp Inc.,thredup
1486159,CHRD,Chord Energy Corp,chord energy
1486298,BSL,Blackstone Senior Floating Rate 2027 Term Fund,blackstone senior floating rate 2027 term fund
1486749,HYPMY,Hypermarcas S.A.,hypermarcas s.a
1486957,BWXT,"BWX Technologies, Inc.",bwx technologies
1487091,QWTR,"Quest Water Global, Inc.",quest water global
1487139,SKLTF,Seek Ltd,seek
1487197,BRFH,BARFRESH FOOD GROUP INC.,barfresh food group
1487326,OGC,OceanaGold Corp,oceanagold
1487428,HRZN,Horizon Technology Finance Corp,horizon technology finance
1487428,HTFC,Horizon Technology Finance Corp,horizon technology finance
1487610,NHS,Neuberger High Yield Strategies Fund Inc.,neuberger high yield strategies fund
1487615,EMBYF,Nexera Energy Inc.,nexera energy
1487718,BLTH,"AMERICAN BATTERY MATERIALS, INC.",american battery materials
1487798,ECTM,ECA Marcellus Trust I,eca marcellus trust i
1487918,OFS,OFS Capital Corp,ofs capital
1487918,OFSSO,OFS Capital Corp,ofs capital
1487918,OFSSH,OFS Capital Corp,ofs capital
1487952,VPG,"Vishay Precision Group, Inc.",vishay precision group
1488039,ATOS,"ATOSSA THERAPEUTICS, INC.",atossa therapeutics
1488139,AMRC,"Ameresco, Inc.",ameresco
1488813,CUBB,"Customers Bancorp, Inc.",customers bancorp
1488813,CUBI,"Customers Bancorp, Inc.",customers bancorp
1488917,ELMD,"Electromed, Inc.",electromed
1489079,PADEF,Adaro Energy PT/ADR/,adaro energy pt/adr/
1489079,ADOOY,Adaro Energy PT/ADR/,adaro energy pt/adr/
1489088,PBATF,PT Bukit Asam Tbk/ADR,pt bukit asam tbk/adr
1489088,TBNGY,PT Bukit Asam Tbk/ADR,pt bukit asam tbk/adr
1489300,ZLME,Zhanling International Ltd,zhanling international
1489393,LYB,LyondellBasell Industries N.V.,lyondellbasell industries n.v
1489874,GGROU,Golden Growers Cooperative,golden growers cooperative
1489993,MOBI,"Mobia Medical, Inc.",mobia medical
1490054,APHD,"VERDE BIO HOLDINGS, INC.",verde bio holdings
1490078,FPHOY,First Phosphate Corp.,first phosphate
1490078,FRSPF,First Phosphate Corp.,first phosphate
1490161,SOWG,Sow Good Inc.,sow good
1490281,GRPN,"Groupon, Inc.",groupon
1490349,PFX,PhenixFIN Corp,phenixfin
1490349,PFXNZ,PhenixFIN Corp,phenixfin
1490873,ESSI,"ECO SCIENCE SOLUTIONS, INC.",eco science solutions
1490906,CFFN,"Capitol Federal Financial, Inc.",capitol federal financial
1490978,SDGR,"Schrodinger, Inc.",schrodinger
1491419,LVO,"LiveOne, Inc.",liveone
1491434,SEOVF,SERNOVA CORP.,sernova
1492165,PFBC,Preferred Bank,preferred bank
1492298,SBRA,"Sabra Health Care REIT, Inc.",sabra health care reit
1492448,MAJI,Nextel Medical Corp.,nextel medical
1492617,FWFW,"FLYWHEEL ADVANCED TECHNOLOGY, INC.",flywheel advanced technology
1492691,KNX,Knight-Swift Transportation Holdings Inc.,knight-swift transportation holdings
1493130,MAPPF,PROSTAR HOLDINGS INC. /BC,prostar holdings inc. /bc
1493137,LCTC,"Lifeloc Technologies, Inc",lifeloc technologies
1493225,NFBK,"Northfield Bancorp, Inc.",northfield bancorp
1493318,ETOR,eToro Group Ltd.,etoro group
1493507,SFDMF,Shanghai Fudan Microelectronics Co Limited/ADR/,shanghai fudan microelectronics co limited/adr/
1493507,SFDMY,Shanghai Fudan Microelectronics Co Limited/ADR/,shanghai fudan microelectronics co limited/adr/
1493594,MTSI,"MACOM Technology Solutions Holdings, Inc.",macom technology solutions holdings
1493683,BBN,BlackRock Taxable Municipal Bond Trust,blackrock taxable municipal bond trust
1493712,STME,Stimcell Energetics Inc.,stimcell energetics
1493761,TBCH,Turtle Beach Corp,turtle beach
1494191,KRNGF,Karoon Gas Australia Ltd /ADR/,karoon gas australia ltd /adr/
1494191,KRNGY,Karoon Gas Australia Ltd /ADR/,karoon gas australia ltd /adr/
1494259,CARG,"CarGurus, Inc.",cargurus
1494413,TWOH,Two Hands Corp,two hands
1494558,AMBO,Ambow Education Holding Ltd.,ambow education holding
1494582,BOC,BOSTON OMAHA Corp,boston omaha
1494728,PSLV,Sprott Physical Silver Trust,sprott physical silver trust
1494891,SRTS,"Sensus Healthcare, Inc.",sensus healthcare
1494904,GBLI,"Global Indemnity Group, LLC",global indemnity group
1495153,MMYT,MakeMyTrip Ltd,makemytrip
1495222,OXLCL,Oxford Lane Capital Corp.,oxford lane capital
1495222,OXLCI,Oxford Lane Capital Corp.,oxford lane capital
1495222,OXLCZ,Oxford Lane Capital Corp.,oxford lane capital
1495222,OXLCN,Oxford Lane Capital Corp.,oxford lane capital
1495222,OXLCO,Oxford Lane Capital Corp.,oxford lane capital
1495222,OXLCG,Oxford Lane Capital Corp.,oxford lane capital
1495222,OXLCM,Oxford Lane Capital Corp.,oxford lane capital
1495222,OXLC,Oxford Lane Capital Corp.,oxford lane capital
1495231,IZEA,"IZEA Worldwide, Inc.",izea worldwide
1495240,LAND,GLADSTONE LAND Corp,gladstone land
1495240,LANDP,GLADSTONE LAND Corp,gladstone land
1495240,LANDO,GLADSTONE LAND Corp,gladstone land
1495320,VRA,"Vera Bradley, Inc.",vera bradley
1495584,SVVC,"Firsthand Technology Value Fund, Inc.",firsthand technology value fund
1495651,UURAF,Ucore Rare Metals Inc.,ucore rare metals
1495651,PPURF,Ucore Rare Metals Inc.,ucore rare metals
1495730,GMVMF,GMV Minerals Inc.,gmv minerals
1495825,GBAB,Guggenheim Taxable Municipal Bond & Investment Grade Debt Trust,guggenheim taxable municipal bond & investment grade debt trust
1495932,AGNT,"AGNT, Inc.",agnt
1496099,NMFC,New Mountain Finance Corp,new mountain finance
1496099,NMFCZ,New Mountain Finance Corp,new mountain finance
1496254,LTCFX,Alternative Strategies Income Fund,alternative strategies income fund
1496254,LTAFX,Alternative Strategies Income Fund,alternative strategies income fund
1496292,IHD,Voya Emerging Markets High Dividend Equity Fund,voya emerging markets high dividend equity fund
1496443,PAYS,"Paysign, Inc.",paysign
1496690,BCRD,"BlueOne Technologies, Inc.",blueone technologies
1496749,HEQ,John Hancock Diversified Income Fund,john hancock diversified income fund
1496919,MBRFY,MARFRIG GLOBAL FOODS S.A.,marfrig global foods s.a
1497186,HYI,Western Asset High Yield Opportunity Fund Inc.,western asset high yield opportunity fund
1497230,FYNN,Fyntechnical Innovations Inc,fyntechnical innovations
1497253,VIVS,"VivoSim Labs, INC.",vivosim labs
1497645,INN-PE,"Summit Hotel Properties, Inc.",summit hotel properties
1497645,INN,"Summit Hotel Properties, Inc.",summit hotel properties
1497645,INN-PF,"Summit Hotel Properties, Inc.",summit hotel properties
1497649,GSTX,Graphene & Solar Technologies Ltd,graphene & solar technologies
1497770,WD,"Walker & Dunlop, Inc.",walker & dunlop
1498067,CTGL,SKYTECH ORION GLOBAL CORP.,skytech orion global
1498148,AITX,Artificial Intelligence Technology Solutions Inc.,artificial intelligence technology solutions
1498372,IWAL,iWallet Corp,iwallet
1498382,HURA,"TuHURA Biosciences, Inc./NV","tuhura biosciences, inc./nv"
1498403,BLRX,BioLineRx Ltd.,biolinerx
1498547,CMRF,"CIM GROUP, INC.",cim group
1498612,PSF,"Cohen & Steers Select Preferred & Income Fund, Inc.",cohen & steers select preferred & income fund
1499422,RBB,RBB Bancorp,rbb bancorp
1499494,DXF,Eason Technology Ltd,eason technology
1499505,AGRO,Adecoagro S.A.,adecoagro s.a
1499543,NOAH,NOAH HOLDINGS LTD,noah holdings
1499620,TAL,TAL Education Group,tal education group
1499780,GLBS,GLOBUS MARITIME LTD,globus maritime
1499832,TSQ,"Townsquare Media, Inc.",townsquare media
1499849,LND,BrasilAgro - Brazilian Agricultural Real Estate Co,brasilagro - brazilian agricultural real estate
1499961,BINI,"BOLLINGER INNOVATIONS, INC.",bollinger innovations
1500198,NMTC,NEUROONE MEDICAL TECHNOLOGIES Corp,neuroone medical technologies
1500217,AAT,"American Assets Trust, Inc.",american assets trust
1500375,HFBL,"Home Federal Bancorp, Inc. of Louisiana","home federal bancorp, inc. of louisiana"
1500412,AMBQ,"Ambiq Micro, Inc.",ambiq micro
1500435,GPRO,"GoPro, Inc.",gopro
1500620,BGAVF,Bravada Gold Corp,bravada gold
1500881,EU,enCore Energy Corp.,encore energy
1501072,RIV,"RIVERNORTH OPPORTUNITIES FUND, INC.",rivernorth opportunities fund
1501072,RIV-PA,"RIVERNORTH OPPORTUNITIES FUND, INC.",rivernorth opportunities fund
1501103,EDF,Virtus Stone Harbor Emerging Markets Income Fund,virtus stone harbor emerging markets income fund
1501585,HII,"HUNTINGTON INGALLS INDUSTRIES, INC.",huntington ingalls industries
1501697,XFOR,"X4 Pharmaceuticals, Inc",x4 pharmaceuticals
1501796,AURA,"Aura Biosciences, Inc.",aura biosciences
1501989,CTMX,"CytomX Therapeutics, Inc.",cytomx therapeutics
1502292,PRHIZ,"Presurance Holdings, Inc.",presurance holdings
1502292,PRHI,"Presurance Holdings, Inc.",presurance holdings
1502377,CTGO,Contango Silver & Gold Inc.,contango silver & gold
1502557,KPEA,Kun Peng International Ltd.,kun peng international
1502758,NULGF,NuLegacy Gold Corp,nulegacy gold
1502966,FUNI,"Hypha Labs, Inc.",hypha labs
1503154,CMGMF,Chemring Group PLC/ADR,chemring group plc/adr
1503274,QTRX,Quanterix Corp,quanterix
1503290,ACP-PA,abrdn Income Credit Strategies Fund,abrdn income credit strategies fund
1503290,ACP,abrdn Income Credit Strategies Fund,abrdn income credit strategies fund
1503584,CMRE-PD,Costamare Inc.,costamare
1503584,CMRE-PC,Costamare Inc.,costamare
1503584,CMRE-PB,Costamare Inc.,costamare
1503584,CMRE,Costamare Inc.,costamare
1503658,WNHK,"Winning Catering Group, Inc.",winning catering group
1503802,KPTI,Karyopharm Therapeutics Inc.,karyopharm therapeutics
1503812,PRBRY,PREMIUM BRANDS HOLDINGS Corp,premium brands holdings
1503812,PRBZF,PREMIUM BRANDS HOLDINGS Corp,premium brands holdings
1504008,BKU,"BankUnited, Inc.",bankunited
1504122,PBNNF,PT Bank Negara Indonesia (Persero) Tbk/ADR,pt bank negara indonesia (persero) tbk/adr
1504234,BGX,Blackstone Long-Short Credit Income Fund,blackstone long-short credit income fund
1504379,CSTE,Caesarstone Ltd.,caesarstone
1504461,NGL-PB,NGL Energy Partners LP,ngl energy partners
1504461,NGL,NGL Energy Partners LP,ngl energy partners
1504461,NGL-PC,NGL Energy Partners LP,ngl energy partners
1504545,BWG,BrandywineGLOBAL-Global Income Opportunities Fund Inc,brandywineglobal-global income opportunities fund
1504619,PFLT,PennantPark Floating Rate Capital Ltd.,pennantpark floating rate capital
1504619,PFLA,PennantPark Floating Rate Capital Ltd.,pennantpark floating rate capital
1504678,LOOP,"Loop Industries, Inc.",loop industries
1504764,AVAL,Grupo Aval Acciones Y Valores S.A.,grupo aval acciones y valores s.a
1504776,WRBY,Warby Parker Inc.,warby parker
1505065,BRSYF,Brainsway Ltd.,brainsway
1505065,BWAY,Brainsway Ltd.,brainsway
1505155,UPLD,"Upland Software, Inc.",upland software
1505413,VOC,VOC Energy Trust,voc energy trust
1505497,BRTX,"BioRestorative Therapies, Inc.",biorestorative therapies
1505732,BWFG,"Bankwell Financial Group, Inc.",bankwell financial group
1505880,PNDZF,Pandora A/S / ADR,pandora a/s / adr
1505880,PNDRY,Pandora A/S / ADR,pandora a/s / adr
1505952,DOMO,"DOMO, INC.",domo
1506184,PRRUF,IMMUTEP Ltd,immutep
1506184,IMMP,IMMUTEP Ltd,immutep
1506251,CTXR,"Citius Pharmaceuticals, Inc.",citius pharmaceuticals
1506289,BCX,BlackRock Resources & Commodities Strategy Trust,blackrock resources & commodities strategy trust
1506293,PINS,"PINTEREST, INC.",pinterest
1506307,EP-PC,"KINDER MORGAN, INC.",kinder morgan
1506307,KMI,"KINDER MORGAN, INC.",kinder morgan
1506488,NXG,NXG NextGen Infrastructure Income Fund,nxg nextgen infrastructure income fund
1506492,NUWE,"Nuwellis, Inc.",nuwellis
1506721,BLFBY,Balfour Beatty plc/ADR,balfour beatty plc/adr
1506721,BAFBF,Balfour Beatty plc/ADR,balfour beatty plc/adr
1506929,VRDR,"VERDE RESOURCES, INC.",verde resources
1506983,GCTK,"Glucotrack, Inc.",glucotrack
1507079,FND,"Floor & Decor Holdings, Inc.",floor & decor holdings
1507605,MARA,"MARA Holdings, Inc.",mara holdings
1507957,IPWR,Ideal Power Inc.,ideal power
1508475,VNET,"VNET Group, Inc.",vnet group
1508478,ARCO,Arcos Dorados Holdings Inc.,arcos dorados holdings
1508655,TSLX,"Sixth Street Specialty Lending, Inc.",sixth street specialty lending
1508786,SLTN,"SILVERTON ENERGY, INC.",silverton energy
1509261,RZLT,"Rezolute, Inc.",rezolute
1509397,LOMLF,Lion One Metals Ltd.,lion one metals
1509397,LOMWF,Lion One Metals Ltd.,lion one metals
1509470,NSLR,Neostellar Capital Corp.,neostellar capital
1509470,NSLRL,Neostellar Capital Corp.,neostellar capital
1509646,FENG,Phoenix New Media Ltd,phoenix new media
1509705,NZERF,New Zealand Energy Corp.,new zealand energy
1509745,CYPH,CYPHERPUNK TECHNOLOGIES INC.,cypherpunk technologies
1509957,NASC,Can B Corp,can b
1509991,KOS,Kosmos Energy Ltd.,kosmos energy
1510295,MPC,Marathon Petroleum Corp,marathon petroleum
1510593,XNET,Xunlei Ltd,xunlei
1510599,PDI,PIMCO Dynamic Income Fund,pimco dynamic income fund
1510964,CVSI,"CV Sciences, Inc.",cv sciences
1511337,RLJ,RLJ Lodging Trust,rlj lodging trust
1511337,RLJ-PA,RLJ Lodging Trust,rlj lodging trust
1511737,UI,Ubiquiti Inc.,ubiquiti
1511820,STEK,Stemtech Corp,stemtech
1512228,NB,NIOCORP DEVELOPMENTS LTD,niocorp developments
1512228,NIOBW,NIOCORP DEVELOPMENTS LTD,niocorp developments
1512499,LIND,"LINDBLAD EXPEDITIONS HOLDINGS, INC.",lindblad expeditions holdings
1512673,BSQKZ,"Block, Inc.",block
1512673,XYZ,"Block, Inc.",block
1512762,CHRS,"Coherus Oncology, Inc.",coherus oncology
1512886,NTRR,NEUTRA CORP.,neutra
1512920,SII,SPROTT INC.,sprott
1512922,PETV,"PetVivo Holdings, Inc.",petvivo holdings
1512922,PETVW,"PetVivo Holdings, Inc.",petvivo holdings
1513363,FDUS,FIDUS INVESTMENT Corp,fidus investment
1513525,ADIL,"ADIAL PHARMACEUTICALS, INC.",adial pharmaceuticals
1513761,NCLH,Norwegian Cruise Line Holdings Ltd.,norwegian cruise line holdings
1513845,NBIS,Nebius Group N.V.,nebius group n.v
1514183,SILO,"Silo Pharma, Inc.",silo pharma
1514281,MITT,"TPG Mortgage Investment Trust, Inc.",tpg mortgage investment trust
1514281,MITT-PA,"TPG Mortgage Investment Trust, Inc.",tpg mortgage investment trust
1514281,MITN,"TPG Mortgage Investment Trust, Inc.",tpg mortgage investment trust
1514281,MITT-PB,"TPG Mortgage Investment Trust, Inc.",tpg mortgage investment trust
1514281,MITT-PC,"TPG Mortgage Investment Trust, Inc.",tpg mortgage investment trust
1514281,MITP,"TPG Mortgage Investment Trust, Inc.",tpg mortgage investment trust
1514416,BAND,Bandwidth Inc.,bandwidth
1514443,AGSS,"AMERIGUARD SECURITY SERVICES, INC.",ameriguard security services
1514490,RGT,"ROYCE GLOBAL TRUST, INC.",royce global trust
1514597,FURY,FURY GOLD MINES LTD,fury gold mines
1514705,SXC,"SunCoke Energy, Inc.",suncoke energy
1514860,GCUMF,Gunnison Copper Corp.,gunnison copper
1514946,AXIM,"AXIM BIOTECHNOLOGIES, INC.",axim biotechnologies
1514991,AMCX,AMC Global Media Inc.,amc global media
1515139,WAST,WASTE ENERGY CORP.,waste energy
1515156,ARQ,"Arq, Inc.",arq
1515317,MAGE,MAGELLAN COPPER & GOLD Corp,magellan copper & gold
1515324,ARDC,"Ares Dynamic Credit Allocation Fund, Inc.",ares dynamic credit allocation fund
1515671,DPG,Duff & Phelps Utility & Infrastructure Fund Inc.,duff & phelps utility & infrastructure fund
1515673,RARE,Ultragenyx Pharmaceutical Inc.,ultragenyx pharmaceutical
1515940,KIO,KKR Income Opportunities Fund,kkr income opportunities fund
1515964,GGAZD,Goldgroup Mining Inc.,goldgroup mining
1515964,GORO,Goldgroup Mining Inc.,goldgroup mining
1515964,GGAZF,Goldgroup Mining Inc.,goldgroup mining
1516323,BCKIF,Babcock International Group PLC/ADR,babcock international group plc/adr
1516324,BTDPF,Barratt Developments PLC/ADR,barratt developments plc/adr
1516324,BTDPY,Barratt Developments PLC/ADR,barratt developments plc/adr
1516513,DOCS,"Doximity, Inc.",doximity
1516534,EDRVY,EDP Renewables S.A./ADR,edp renewables s.a./adr
1516534,EDRVF,EDP Renewables S.A./ADR,edp renewables s.a./adr
1516535,MROSY,Melrose Industries Plc/ADR,melrose industries plc/adr
1516535,MLSPF,Melrose Industries Plc/ADR,melrose industries plc/adr
1516536,RMVEY,Rightmove PLC/ADR,rightmove plc/adr
1516536,RTMVF,Rightmove PLC/ADR,rightmove plc/adr
1516551,SKYE,"Skye Bioscience, Inc.",skye bioscience
1516684,SMTGF,SMA Solar Technology AG/ADR,sma solar technology ag/adr
1516899,YTRA,"Yatra Online, Inc.",yatra online
1516912,OBK,"Origin Bancorp, Inc.",origin bancorp
1517022,AKBA,"Akebia Therapeutics, Inc.",akebia therapeutics
1517175,CHEF,"Chefs' Warehouse, Inc.",chefs' warehouse
1517228,VISN,"Vistance Networks, Inc.",vistance networks
1517302,APAM,Artisan Partners Asset Management Inc.,artisan partners asset management
1517375,SPT,"Sprout Social, Inc.",sprout social
1517389,JFIL,"Jubilant Flame International, Ltd",jubilant flame international
1517396,SSYS,STRATASYS LTD.,stratasys
1517399,SUPV,Grupo Supervielle S.A.,grupo supervielle s.a
1517413,FSLY,"Fastly, Inc.",fastly
1517496,SLAI,SOLAI Ltd,solai
1517518,EMO,ClearBridge Energy Midstream Opportunity Fund Inc.,clearbridge energy midstream opportunity fund
1517681,PPCB,"Propanc Biopharma, Inc.",propanc biopharma
1517767,CCID,Carlyle Credit Income Fund,carlyle credit income fund
1517767,CCIF,Carlyle Credit Income Fund,carlyle credit income fund
1518461,AMPGR,"AmpliTech Group, Inc.",amplitech group
1518461,AMPGZ,"AmpliTech Group, Inc.",amplitech group
1518461,AMPG,"AmpliTech Group, Inc.",amplitech group
1518542,SPXSF,Spirax-Sarco Engineering PLC/ADR,spirax-sarco engineering plc/adr
1518557,MMD,NYLI MacKay DefinedTerm Muni Opportunities Fund,nyli mackay definedterm muni opportunities fund
1518621,ORC,"Orchid Island Capital, Inc.",orchid island capital
1518715,MCHB,Mechanics Bancorp,mechanics bancorp
1519061,TSEOQ,Trinseo PLC,trinseo plc
1519401,RM,Regional Management Corp.,regional management
1519449,SKWD,"Skyward Specialty Insurance Group, Inc.",skyward specialty insurance group
1519469,AEC,ANFIELD ENERGY INC.,anfield energy
1519472,SMXT,"SolarMax Technology, Inc.",solarmax technology
1519751,FBIN,"Fortune Brands Innovations, Inc.",fortune brands innovations
1520006,MTDR,Matador Resources Co,matador resources
1520048,PVL,Permianville Royalty Trust,permianville royalty trust
1520118,MWAI,"MedWellAI, Inc.",medwellai
1520262,ALKS,Alkermes plc.,alkermes plc
1520358,MAMA,"Mama's Creations, Inc.",mama's creations
1520504,VLRS,"Controladora Vuela Compania de Aviacion, S.A.B. de C.V.","controladora vuela compania de aviacion, s.a.b. de c.v"
1520504,CTTRF,"Controladora Vuela Compania de Aviacion, S.A.B. de C.V.","controladora vuela compania de aviacion, s.a.b. de c.v"
1520556,AITTF,TRENCHANT TECHNOLOGIES CAPITAL CORP.,trenchant technologies capital
1520697,ACHC,"Acadia Healthcare Company, Inc.",acadia healthcare company
1521036,LNTH,"Lantheus Holdings, Inc.",lantheus holdings
1521332,APTV,Aptiv PLC,aptiv plc
1521404,BGH,BARINGS GLOBAL SHORT DURATION HIGH YIELD FUND,barings global short duration high yield fund
1521951,FBIZ,"FIRST BUSINESS FINANCIAL SERVICES, INC.",first business financial services
1522540,MQ,"Marqeta, Inc.",marqeta
1522727,USAC,"USA Compression Partners, LP",usa compression partners
1522767,MRMD,MARIMED INC.,marimed
1523289,DMA,Destra Multi-Alternative Fund,destra multi-alternative fund
1523836,LITB,"LightInTheBox Holding Co., Ltd.",lightinthebox holding co
1523872,PTWRY,PT Tower Bersama Infrastructure Tbk/ADR,pt tower bersama infrastructure tbk/adr
1523872,PTFRF,PT Tower Bersama Infrastructure Tbk/ADR,pt tower bersama infrastructure tbk/adr
1524025,TLYS,"TILLY'S, INC.",tilly's
1524326,ENDMF,Enduro Metals Corp.,enduro metals
1524358,VAC,MARRIOTT VACATIONS WORLDWIDE Corp,marriott vacations worldwide
1524472,XYL,Xylem Inc.,xylem
1524566,WLTH,WEALTHFRONT CORP,wealthfront
1524684,GLCNF,Glencore plc/ADR,glencore plc/adr
1524769,CHKR,CHESAPEAKE GRANITE WASH TRUST,chesapeake granite wash trust
1525201,DBL,DoubleLine Opportunistic Credit Fund,doubleline opportunistic credit fund
1525221,VTOL,Bristow Group Inc.,bristow group
1525306,FSTJ,First America Resources Corp,first america resources
1525769,PLAY,"Dave & Buster's Entertainment, Inc.",dave & buster's entertainment
1526113,GNL-PD,"Global Net Lease, Inc.",global net lease
1526113,GNL,"Global Net Lease, Inc.",global net lease
1526113,GNL-PE,"Global Net Lease, Inc.",global net lease
1526113,GNL-PA,"Global Net Lease, Inc.",global net lease
1526113,GNL-PB,"Global Net Lease, Inc.",global net lease
1526119,VSTM,"Verastem, Inc.",verastem
1526125,GDS,GDS Holdings Ltd,gds holdings
1526125,GDHLF,GDS Holdings Ltd,gds holdings
1526243,PPTA,PERPETUA RESOURCES CORP.,perpetua resources
1526475,NICM,NICOLA MINING INC.,nicola mining
1526475,HUSIF,NICOLA MINING INC.,nicola mining
1526491,GUYGF,G2 Goldfields Inc.,g2 goldfields
1526520,TRIP,"TripAdvisor, Inc.",tripadvisor
1527038,BZDLF,KINCORA COPPER LTD,kincora copper
1527166,CGABL,Carlyle Group Inc.,carlyle group
1527166,CG,Carlyle Group Inc.,carlyle group
1527352,NXL,"Nexalin Technology, Inc.",nexalin technology
1527469,ATH-PD,Athene Holding Ltd.,athene holding
1527469,ATH-PB,Athene Holding Ltd.,athene holding
1527469,ATH-PA,Athene Holding Ltd.,athene holding
1527469,ATHS,Athene Holding Ltd.,athene holding
1527469,ATH-PE,Athene Holding Ltd.,athene holding
1527541,WHLR,"Wheeler Real Estate Investment Trust, Inc.",wheeler real estate investment trust
1527541,WHLRD,"Wheeler Real Estate Investment Trust, Inc.",wheeler real estate investment trust
1527541,WHLRP,"Wheeler Real Estate Investment Trust, Inc.",wheeler real estate investment trust
1527541,WHLRL,"Wheeler Real Estate Investment Trust, Inc.",wheeler real estate investment trust
1527590,RC,Ready Capital Corp,ready capital
1527590,RC-PC,Ready Capital Corp,ready capital
1527590,RCD,Ready Capital Corp,ready capital
1527590,RC-PE,Ready Capital Corp,ready capital
1527599,SYBX,"SYNLOGIC, INC.",synlogic
1527613,CIMG,CIMG Inc.,cimg
1527636,ATHM,Autohome Inc.,autohome
1527702,IQST,iQSTEL Inc,iqstel
1527728,LNAI,Lunai Bioworks Inc.,lunai bioworks
1527753,PSNL,"Personalis, Inc.",personalis
1527762,CD,Chaince Digital Holdings Inc.,chaince digital holdings
1528115,ANNX,"Annexon, Inc.",annexon
1528172,ENDV,"ENDONOVO THERAPEUTICS, INC.",endonovo therapeutics
1528188,WNFT,Worldwide NFT Inc.,worldwide nft
1528287,NPCE,NeuroPace Inc,neuropace
1528356,GNE,Genie Energy Ltd.,genie energy
1528396,GWRE,"Guidewire Software, Inc.",guidewire software
1528437,BTT,BlackRock Municipal 2030 Target Term Trust,blackrock municipal 2030 target term trust
1528811,VGI,Virtus Global Multi-Sector Income Fund,virtus global multi-sector income fund
1528849,RH,RH,rh
1528985,INRE,"Inland Real Estate Income Trust, Inc.",inland real estate income trust
1528988,BUI,"BlackRock Utilities, Infrastructure & Power Opportunities Trust","blackrock utilities, infrastructure & power opportunities trust"
1529113,XTIA,"XTI Aerospace, Inc.",xti aerospace
1529192,VIPS,Vipshop Holdings Ltd,vipshop holdings
1529274,ALKT,"ALKAMI TECHNOLOGY, INC.",alkami technology
1529377,ACRE,Ares Commercial Real Estate Corp,ares commercial real estate
1529628,SND,"Smart Sand, Inc.",smart sand
1529864,ENVA,"Enova International, Inc.",enova international
1529906,DPLMF,Diploma plc/ADR,diploma plc/adr
1530185,ATVK,"Globaltek Ventures, Inc.",globaltek ventures
1530238,JOYY,JOYY Inc.,joyy
1530249,FSBW,"FS Bancorp, Inc.",fs bancorp
1530425,ARRT,"Artisan Consumer Goods, Inc.",artisan consumer goods
1530721,CPRI,Capri Holdings Ltd,capri holdings
1530746,KAYS,"Kaya Holdings, Inc.",kaya holdings
1530766,STEX,Streamex Corp.,streamex
1530804,TROX,Tronox Holdings plc,tronox holdings plc
1530950,POST,"Post Holdings, Inc.",post holdings
1530979,HNST,"Honest Company, Inc.",honest company
1531031,ESQ,"Esquire Financial Holdings, Inc.",esquire financial holdings
1531152,BJ,"BJ's Wholesale Club Holdings, Inc.",bj's wholesale club holdings
1531177,SGHT,"Sight Sciences, Inc.",sight sciences
1531193,FCBM,"First Carolina Financial Services, Inc.",first carolina financial services
1532173,KOZAY,Turk Altin Isletmeleri A.S./ADR,turk altin isletmeleri a.s./adr
1532286,NINE,"Nine Energy Service, Inc.",nine energy service
1532383,VNJA,VANJIA CORP,vanjia
1532390,WTER,ALKALINE WATER Co INC,alkaline water
1532619,PW,Power REIT,power reit
1532619,PW-PA,Power REIT,power reit
1533040,PHIO,Phio Pharmaceuticals Corp.,phio pharmaceuticals
1533082,EBOSY,EBOS Group Limited/ADR,ebos group limited/adr
1533082,EBOSF,EBOS Group Limited/ADR,ebos group limited/adr
1533232,BEPJ,Brookfield Renewable Partners L.P.,brookfield renewable partners
1533232,BEP,Brookfield Renewable Partners L.P.,brookfield renewable partners
1533232,BEPH,Brookfield Renewable Partners L.P.,brookfield renewable partners
1533232,BEPI,Brookfield Renewable Partners L.P.,brookfield renewable partners
1533232,BEP-PA,Brookfield Renewable Partners L.P.,brookfield renewable partners
1533357,DTII,DEFENSE TECHNOLOGIES INTERNATIONAL CORP.,defense technologies international
1533546,DUNNF,Duni AB/ADR,duni ab/adr
1533615,XRN-PB,Chiron Real Estate Inc.,chiron real estate
1533615,XRN-PA,Chiron Real Estate Inc.,chiron real estate
1533615,XRN,Chiron Real Estate Inc.,chiron real estate
1533743,PCSA,"Processa Pharmaceuticals, Inc.",processa pharmaceuticals
1533924,AMPY,Amplify Energy Corp.,amplify energy
1533998,DRIO,DarioHealth Corp.,dariohealth
1534120,AVTX,"Avalo Therapeutics, Inc.",avalo therapeutics
1534133,CALC,"CalciMedica, Inc.",calcimedica
1534154,AUID,authID Inc.,authid
1534248,CMMB,Chemomab Therapeutics Ltd.,chemomab therapeutics
1534254,CICB,CION Investment Corp,cion investment
1534254,CICC,CION Investment Corp,cion investment
1534254,CION,CION Investment Corp,cion investment
1534281,MBUMF,"Mabuchi Motor Co., Ltd./ADR","mabuchi motor co., ltd./adr"
1534504,PBF,PBF Energy Inc.,pbf energy
1534525,XBIO,"Xenetic Biosciences, Inc.",xenetic biosciences
1534675,TGLS,Tecnoglass Holdings Inc.,tecnoglass holdings
1534701,PSX,Phillips 66,phillips 66
1534708,BLNE,"Beeline Holdings, Inc.",beeline holdings
1534880,ISD,"PGIM High Yield Bond Fund, Inc.",pgim high yield bond fund
1534969,SERA,"SERA PROGNOSTICS, INC.",sera prognostics
1535527,CRWD,"CrowdStrike Holdings, Inc.",crowdstrike holdings
1535628,CIXPF,CaixaBank/ADR,caixabank/adr
1535759,KBGGY,Kongsberg Gruppen ASA/ADR,kongsberg gruppen asa/adr
1535759,NSKFF,Kongsberg Gruppen ASA/ADR,kongsberg gruppen asa/adr
1535778,MSIF,"MSC INCOME FUND, INC.",msc income fund
1535929,VOYA-PB,"Voya Financial, Inc.",voya financial
1535929,VOYA,"Voya Financial, Inc.",voya financial
1535955,LPCN,Lipocine Inc.,lipocine
1536196,CANF,Can-Fite BioPharma Ltd.,can-fite biopharma
1536787,SOHGY,ALSOK Co Ltd./ADR,alsok co ltd./adr
1536787,SOHGF,ALSOK Co Ltd./ADR,alsok co ltd./adr
1536811,THURF,Thunderstruck Resources Ltd.,thunderstruck resources
1537054,GOGO,Gogo Inc.,gogo
1537137,SLI,STANDARD LITHIUM LTD.,standard lithium
1537317,IEGCF,Independence Gold Corp.,independence gold
1537435,TGEN,TECOGEN INC.,tecogen
1537543,MTGRF,MGX Resources Limited/ADR,mgx resources limited/adr
1538189,SMOFF,Sonoro Gold Corp.,sonoro gold
1538263,HTB,"HomeTrust Bancshares, Inc.",hometrust bancshares
1538379,IBTA,"Ibotta, Inc.",ibotta
1538495,ETST,"Earth Science Tech, Inc.",earth science tech
1538716,OPRT,Oportun Financial Corp,oportun financial
1538847,GLDG,GoldMining Inc.,goldmining
1538849,CAPL,CrossAmerica Partners LP,crossamerica partners
1539029,CLSDQ,"Clearside Biomedical, Inc.",clearside biomedical
1539190,SPPP,SPROTT PHYSICAL PLATINUM & PALLADIUM TRUST,sprott physical platinum & palladium trust
1539337,JRI,Nuveen Real Asset Income & Growth Fund,nuveen real asset income & growth fund
1539638,TFIN,"Triumph Financial, Inc.",triumph financial
1539638,TFIN-P,"Triumph Financial, Inc.",triumph financial
1539680,HMMR,HAMMER TECHNOLOGY HOLDINGS CORP.,hammer technology holdings
1539838,FANG,"Diamondback Energy, Inc.",diamondback energy
1539850,STCB,"Starco Brands, Inc.",starco brands
1540159,EDSA,"Edesa Biotech, Inc.",edesa biotech
1540171,AVLN,Avalyn Pharma Inc.,avalyn pharma
1540684,ATLX,Atlas Lithium Corp,atlas lithium
1541119,SFBC,"Sound Financial Bancorp, Inc.",sound financial bancorp
1541157,AKTX,Akari Therapeutics Plc,akari therapeutics plc
1541190,SYHBF,SKYHARBOUR RESOURCES LTD,skyharbour resources
1541401,ESRT,"Empire State Realty Trust, Inc.",empire state realty trust
1543151,UBER,"Uber Technologies, Inc",uber technologies
1543418,TMQ,Trilogy Metals Inc.,trilogy metals
1543623,UCLE,US NUCLEAR CORP.,us nuclear
1543637,NUMD,"Nu-Med Plus, Inc.",nu-med plus
1543652,FFLO,"Free Flow USA, Inc.",free flow usa
1544088,DSRNY,DiaSorin SpA/ADR,diasorin spa/adr
1544206,CGBD,"Carlyle Secured Lending, Inc.",carlyle secured lending
1544227,TPST,"Tempest Therapeutics, Inc.",tempest therapeutics
1544379,SCRNY,"SCREEN Holdings Co., Ltd./ADR","screen holdings co., ltd./adr"
1544379,DINRF,"SCREEN Holdings Co., Ltd./ADR","screen holdings co., ltd./adr"
1544522,FRSH,Freshworks Inc.,freshworks
1544770,BONXF,BONTERRA RESOURCES INC.,bonterra resources
1544883,WLFFF,Wolfden Resources Corp,wolfden resources
1545057,PTXKY,PT XLSMART Telecom Sejahtera Tbk/ADR,pt xlsmart telecom sejahtera tbk/adr
1545057,PTXAF,PT XLSMART Telecom Sejahtera Tbk/ADR,pt xlsmart telecom sejahtera tbk/adr
1545224,SILEF,Silver Elephant Mining Corp.,silver elephant mining
1545236,AHII,American Heritage International Inc.,american heritage international
1545772,BPYPN,Brookfield Property Partners L.P.,brookfield property partners
1545772,BPYPP,Brookfield Property Partners L.P.,brookfield property partners
1545772,BPYPM,Brookfield Property Partners L.P.,brookfield property partners
1545772,BPYPO,Brookfield Property Partners L.P.,brookfield property partners
1546066,PBA,PEMBINA PIPELINE CORP,pembina pipeline
1546066,PPLAF,PEMBINA PIPELINE CORP,pembina pipeline
1546066,PBNAF,PEMBINA PIPELINE CORP,pembina pipeline
1546066,PMBPF,PEMBINA PIPELINE CORP,pembina pipeline
1546066,PMMBF,PEMBINA PIPELINE CORP,pembina pipeline
1546066,PBPRF,PEMBINA PIPELINE CORP,pembina pipeline
1546066,PPLOF,PEMBINA PIPELINE CORP,pembina pipeline
1546296,IPDN,"Professional Diversity Network, Inc.",professional diversity network
1546383,JXG,JX Luxventure Group Inc.,jx luxventure group
1546417,BLMN,"Bloomin' Brands, Inc.",bloomin' brands
1546429,BGB,Blackstone Strategic Credit 2027 Term Fund,blackstone strategic credit 2027 term fund
1546538,BTLWF,BTS Group Holdings Public Co Limited/ADR,bts group holdings public co limited/adr
1546538,BTGRF,BTS Group Holdings Public Co Limited/ADR,bts group holdings public co limited/adr
1546652,OUNZ,VanEck Merk Gold ETF,vaneck merk gold etf
1546853,SKKY,"Skkynet Cloud Systems, Inc.",skkynet cloud systems
1547452,TAKOF,Volatus Aerospace Inc.,volatus aerospace
1547459,NGVC,"Natural Grocers by Vitamin Cottage, Inc.",natural grocers by vitamin cottage
1547546,LFT-PA,"Lument Finance Trust, Inc.",lument finance trust
1547546,LFT,"Lument Finance Trust, Inc.",lument finance trust
1547870,BUHPF,Bumrungrad Hospital Public Co Limited/ADR,bumrungrad hospital public co limited/adr
1547870,BUHPY,Bumrungrad Hospital Public Co Limited/ADR,bumrungrad hospital public co limited/adr
1547870,BUGDF,Bumrungrad Hospital Public Co Limited/ADR,bumrungrad hospital public co limited/adr
1547903,NMIH,"NMI Holdings, Inc.",nmi holdings
1548536,SCZM,Santacruz Silver Mining Ltd.,santacruz silver mining
1548717,LDP,"Cohen & Steers Ltd Duration Preferred & Income Fund, Inc.",cohen & steers ltd duration preferred & income fund
1548958,BBBXF,Brixton Metals Corp,brixton metals
1549084,CHRN,ChronoScale Holdings Corp,chronoscale holdings
1549107,MANU,Manchester United plc,manchester united plc
1549145,BIOF,"BLUE BIOFUELS, INC.",blue biofuels
1549346,SSTK,"Shutterstock, Inc.",shutterstock
1549595,NRIX,"Nurix Therapeutics, Inc.",nurix therapeutics
1549631,QURT,"Quarta-Rad, Inc.",quarta-rad
1549802,JDCMF,"JD.com, Inc.",jd.com
1549802,JD,"JD.com, Inc.",jd.com
1549966,SAMG,Silvercrest Asset Management Group Inc.,silvercrest asset management group
1550405,IQEPF,IQE PLC/ADR,iqe plc/adr
1550453,TRLC,TriLinc Global Impact Fund LLC,trilinc global impact fund
1550913,MKZR,"MacKenzie Realty Capital, Inc.",mackenzie realty capital
1551047,BPRE,Bluerock Private Real Estate Fund,bluerock private real estate fund
1551152,ABBV,AbbVie Inc.,abbvie
1551182,ETN,Eaton Corp plc,eaton corp plc
1551306,PGNY,"Progyny, Inc.",progyny
1551468,CPNNF,Central Pattana Public Co Limited/ADR,central pattana public co limited/adr
1551468,CTPUF,Central Pattana Public Co Limited/ADR,central pattana public co limited/adr
1551468,CPPBY,Central Pattana Public Co Limited/ADR,central pattana public co limited/adr
1551901,SCM,Stellus Capital Investment Corp,stellus capital investment
1552000,MPLX,MPLX LP,mplx
1552000,MPLXP,MPLX LP,mplx
1552033,TRU,TransUnion,transunion
1552189,PLSH,"PANACEA LIFE SCIENCES HOLDINGS, INC.",panacea life sciences holdings
1552198,WHF,"WhiteHorse Finance, Inc.",whitehorse finance
1552198,WHFCL,"WhiteHorse Finance, Inc.",whitehorse finance
1552275,SUN,Sunoco LP,sunoco
1552670,TAOP,Taoping Inc.,taoping
1552797,DKL,"Delek Logistics Partners, LP",delek logistics partners
1552800,TTSH,"TILE SHOP HOLDINGS, INC.",tile shop holdings
1553079,FISK,"Empire State Realty OP, L.P.",empire state realty op
1553079,ESBA,"Empire State Realty OP, L.P.",empire state realty op
1553079,OGCP,"Empire State Realty OP, L.P.",empire state realty op
1553264,APSI,AQUA POWER SYSTEMS INC.,aqua power systems
1553643,RLMD,"RELMADA THERAPEUTICS, INC.",relmada therapeutics
1553788,SBEV,"SPLASH BEVERAGE GROUP, INC.",splash beverage group
1553846,RDHL,RedHill Biopharma Ltd.,redhill biopharma
1554625,PRIF-PL,"Priority Income Fund, Inc.",priority income fund
1554625,PRIF-PD,"Priority Income Fund, Inc.",priority income fund
1554625,PRIF-PK,"Priority Income Fund, Inc.",priority income fund
1554697,GHY,"PGIM Global High Yield Fund, Inc.",pgim global high yield fund
1554818,AUUD,AUDDIA INC.,auddia
1555017,SKYI,"Sky Century Investment, Inc.",sky century investment
1555279,MASS,908 Devices Inc.,908 devices
1555280,ZTS,Zoetis Inc.,zoetis
1555815,TSCFY,Tisco Financial Group Public Co Limited/ADR,tisco financial group public co limited/adr
1555980,FPRGF,Falco Resources Ltd.,falco resources
1556593,RITM-PF,Rithm Capital Corp.,rithm capital
1556593,RITM-PC,Rithm Capital Corp.,rithm capital
1556593,RITM-PB,Rithm Capital Corp.,rithm capital
1556593,RITM-PA,Rithm Capital Corp.,rithm capital
1556593,RITM-PD,Rithm Capital Corp.,rithm capital
1556593,RITM-PE,Rithm Capital Corp.,rithm capital
1556593,RITM,Rithm Capital Corp.,rithm capital
1556727,FNWB,First Northwest Bancorp,first northwest bancorp
1556739,THRY,"Thryv Holdings, Inc.",thryv holdings
1556801,MYCB,"My City Builders, Inc.",my city builders
1557376,ZEOX,"Zeo ScientifiX, Inc.",zeo scientifix
1557440,COGDF,Compass Gold Corp,compass gold
1557523,PGZ,Principal Real Estate Income Fund,principal real estate income fund
1557746,ACRS,"Aclaris Therapeutics, Inc.",aclaris therapeutics
1557798,CIIT,"Tianci International, Inc.",tianci international
1557860,GLOB,Globant S.A.,globant s.a
1558569,ISPC,iSpecimen Inc.,ispecimen
1558740,WNLV,Winvest Group Ltd,winvest group
1559053,PRTA,PROTHENA CORP PUBLIC LTD CO,prothena corp public ltd
1559432,TXO,"TXO Partners, L.P.",txo partners
1559720,ABNB,"Airbnb, Inc.",airbnb
1559865,EVTC,"EVERTEC, Inc.",evertec
1559991,DFP,Flaherty & Crumrine Dynamic Preferred & Income Fund Inc,flaherty & crumrine dynamic preferred & income fund
1560143,WYTC,WYTEC INTERNATIONAL INC,wytec international
1560258,ECOR,"electroCore, Inc.",electrocore
1560293,TNONW,"Tenon Medical, Inc.",tenon medical
1560293,TNON,"Tenon Medical, Inc.",tenon medical
1560327,RPD,"Rapid7, Inc.",rapid7
1560385,FWONK,Liberty Media Corp,liberty media
1560385,FWONB,Liberty Media Corp,liberty media
1560385,FWONA,Liberty Media Corp,liberty media
1560672,EARN,Ellington Credit Co,ellington credit
1560672,ELLA,Ellington Credit Co,ellington credit
1560968,SMSOF,Samsonite International SA/ADR,samsonite international sa/adr
1560968,SMSGY,Samsonite International SA/ADR,samsonite international sa/adr
1561032,HLTC,"National Healthcare Properties, Inc.",national healthcare properties
1561032,NHPAP,"National Healthcare Properties, Inc.",national healthcare properties
1561032,NHPBP,"National Healthcare Properties, Inc.",national healthcare properties
1561032,NHP,"National Healthcare Properties, Inc.",national healthcare properties
1561550,DDOG,"Datadog, Inc.",datadog
1561861,AERO,"Grupo Aeromexico, S.A.B. de C.V.","grupo aeromexico, s.a.b. de c.v"
1561894,HASI,"HA Sustainable Infrastructure Capital, Inc.",ha sustainable infrastructure capital
1561921,TELA,"TELA Bio, Inc.",tela bio
1562051,NML,Neuberger Energy Infrastructure & Income Fund Inc.,neuberger energy infrastructure & income fund
1562088,DUOL,"Duolingo, Inc.",duolingo
1562151,CWGL,"Crimson Wine Group, Ltd",crimson wine group
1562294,EYUUF,Electricity Generating Public Co Limited/ADR,electricity generating public co limited/adr
1562294,EYGPF,Electricity Generating Public Co Limited/ADR,electricity generating public co limited/adr
1562294,EYUBY,Electricity Generating Public Co Limited/ADR,electricity generating public co limited/adr
1562296,TUFBY,Thai Union Group Public Co Limited/ADR,thai union group public co limited/adr
1562296,TUFUF,Thai Union Group Public Co Limited/ADR,thai union group public co limited/adr
1562296,THFRF,Thai Union Group Public Co Limited/ADR,thai union group public co limited/adr
1562401,AMH-PH,American Homes 4 Rent,american homes 4 rent
1562401,AMH-PG,American Homes 4 Rent,american homes 4 rent
1562401,AMH,American Homes 4 Rent,american homes 4 rent
1562463,INBK,First Internet Bancorp,first internet bancorp
1562463,INBKZ,First Internet Bancorp,first internet bancorp
1562476,TMHC,Taylor Morrison Home Corp,taylor morrison home
1562528,FBRT-PE,"Franklin BSP Realty Trust, Inc.",franklin bsp realty trust
1562528,FBRT,"Franklin BSP Realty Trust, Inc.",franklin bsp realty trust
1562530,WTHVF,Westhaven Gold Corp.,westhaven gold
1562733,SNYR,Synergy CHC Corp.,synergy chc
1562805,XZJCF,Mitsui Kinzoku Co Ltd./ADR,mitsui kinzoku co ltd./adr
1562818,BIT,BlackRock Multi-Sector Income Trust,blackrock multi-sector income trust
1562823,HHLKF,Hot Chili Ltd,hot chili
1563190,COMP,"Compass, Inc.",compass
1563411,CSTM,CONSTELLIUM SE,constellium se
1563568,AZIO,"AZIO AI HOLDINGS, INC.",azio ai holdings
1563577,GRTX,"Galera Therapeutics, Inc.",galera therapeutics
1563577,GRTXD,"Galera Therapeutics, Inc.",galera therapeutics
1563665,HRGN,"Harvard Apparatus Regenerative Technology, Inc.",harvard apparatus regenerative technology
1563696,ETX,Eaton Vance Municipal Income 2028 Term Trust,eaton vance municipal income 2028 term trust
1563880,TRVI,"Trevi Therapeutics, Inc.",trevi therapeutics
1564180,KNOP,KNOT Offshore Partners LP,knot offshore partners
1564408,SNAP,Snap Inc,snap
1564538,GRTUF,GRANITE REAL ESTATE INVESTMENT TRUST,granite real estate investment trust
1564708,NWSA,NEWS CORP,news
1564708,NWSLL,NEWS CORP,news
1564708,NWS,NEWS CORP,news
1564902,PRKS,United Parks & Resorts Inc.,united parks & resorts
1565025,ABEV,AMBEV S.A.,ambev s.a
1565146,GULTU,Gulf Coast Ultra Deep Royalty Trust,gulf coast ultra deep royalty trust
1565228,VISL,"Vislink Technologies, Inc.",vislink technologies
1565381,DMB,"BNY Mellon Municipal Bond Infrastructure Fund, Inc.",bny mellon municipal bond infrastructure fund
1565687,INTA,"Intapp, Inc.",intapp
1566044,VYNE,VYNE Therapeutics Inc.,vyne therapeutics
1566073,PGZFF,Pan Global Resources Inc.,pan global resources
1566388,DSL,DoubleLine Income Solutions Fund,doubleline income solutions fund
1566610,TONX,TON Strategy Co,ton strategy
1566826,LGMK,"LogicMark, Inc.",logicmark
1567094,CNH,CNH Industrial N.V.,cnh industrial n.v
1567264,INTS,"INTENSITY THERAPEUTICS, INC.",intensity therapeutics
1567526,IHICF,IHI Corporation/ADR,ihi corporation/adr
1567529,KMDA,KAMADA LTD,kamada
1567569,FPF,First Trust Intermediate Duration Preferred & Income Fund,first trust intermediate duration preferred & income fund
1567663,ATCMF,ATICO MINING Corp,atico mining
1567683,CWEN,"Clearway Energy, Inc.",clearway energy
1567900,ALOY,REALLOYS INC.,realloys
1568100,PD,"PagerDuty, Inc.",pagerduty
1568194,FSCO,FS Credit Opportunities Corp.,fs credit opportunities
1568385,BMTM,"Bright Mountain Media, Inc.",bright mountain media
1568628,BQST,Bioquest Corp,bioquest
1568651,OSCR,"Oscar Health, Inc.",oscar health
1568969,LOTT,Techlott Inc.,techlott
1569187,AHRT-PA,"AH Realty Trust, Inc.",ah realty trust
1569187,AHRT,"AH Realty Trust, Inc.",ah realty trust
1569340,CLCS,"Cell Source, Inc.",cell source
1569345,CXM,"Sprinklr, Inc.",sprinklr
1569650,OZK,Bank OZK,bank ozk
1569650,OZKAP,Bank OZK,bank ozk
1569963,LTGHF,Life Healthcare Group Holdings Limited/ADR,life healthcare group holdings limited/adr
1569963,LTGHY,Life Healthcare Group Holdings Limited/ADR,life healthcare group holdings limited/adr
1569964,PINXF,People's Insurance Co (Group) of China Limited/ADR,people's insurance co (group) of china limited/adr
1569994,WSBF,"Waterstone Financial, Inc.",waterstone financial
1570132,ANVI,"ANVI GLOBAL HOLDINGS, INC.",anvi global holdings
1570299,NCHEF,Nichirei Corporation/ADR,nichirei corporation/adr
1570505,PLLMF,EDGE COPPER Corp,edge copper
1570562,EOLS,"Evolus, Inc.",evolus
1570585,LBTYB,Liberty Global Ltd.,liberty global
1570585,LBTYK,Liberty Global Ltd.,liberty global
1570585,LBTYA,Liberty Global Ltd.,liberty global
1570827,VCTR,"Victory Capital Holdings, Inc.",victory capital holdings
1570843,GEBRF,Greenbriar Sustainable Living Inc.,greenbriar sustainable living
1570937,PREM,Premier Air Charter Holdings Inc.,premier air charter holdings
1571123,SAIC,Science Applications International Corp,science applications international
1571283,REXR-PC,"Rexford Industrial Realty, Inc.",rexford industrial realty
1571283,REXR-PB,"Rexford Industrial Realty, Inc.",rexford industrial realty
1571283,REXR,"Rexford Industrial Realty, Inc.",rexford industrial realty
1571776,CHMI-PB,Cherry Hill Mortgage Investment Corp,cherry hill mortgage investment
1571776,CHMI,Cherry Hill Mortgage Investment Corp,cherry hill mortgage investment
1571776,CHMI-PA,Cherry Hill Mortgage Investment Corp,cherry hill mortgage investment
1571934,TAOX,TAO Synergies Inc.,tao synergies
1571949,ICE,"Intercontinental Exchange, Inc.",intercontinental exchange
1571996,DELL,Dell Technologies Inc.,dell technologies
1572334,VABK,Virginia National Bankshares Corp,virginia national bankshares
1572386,GWTI,"GREENWAY TECHNOLOGIES, INC. & SUBSIDIARIES","greenway technologies, inc. & subsidiaries"
1572616,GUTS,"FRACTYL HEALTH, INC.",fractyl health
1572694,GSBD,"Goldman Sachs BDC, Inc.",goldman sachs bdc
1573221,REAL,"TheRealReal, Inc.",therealreal
1573516,MUSA,Murphy USA Inc.,murphy usa
1574085,BHR-PD,Braemar Hotels & Resorts Inc.,braemar hotels & resorts
1574085,BHR-PB,Braemar Hotels & Resorts Inc.,braemar hotels & resorts
1574085,BHR,Braemar Hotels & Resorts Inc.,braemar hotels & resorts
1574094,RNXT,"RenovoRx, Inc.",renovorx
1574197,FPH,"Five Point Holdings, LLC",five point holdings
1574232,ADXN,Addex Therapeutics Ltd.,addex therapeutics
1574235,PULM,"Pulmatrix, Inc.",pulmatrix
1574565,EVGN,Evogene Ltd.,evogene
1574676,NGHI,"Galenfeha, Inc.",galenfeha
1575142,BDPT,"BIOADAPTIVES, INC.",bioadaptives
1575356,PTMSY,PT MDS Retailing Tbk/ADR,pt mds retailing tbk/adr
1575515,SFM,"Sprouts Farmers Market, Inc.",sprouts farmers market
1575793,WATT,Energous Corp,energous
1575858,PUBC,Purebase Corp,purebase
1575965,GLPI,"Gaming & Leisure Properties, Inc.",gaming & leisure properties
1576018,SPNT,SiriusPoint Ltd,siriuspoint
1576159,BDCTF,BuildDirect.com Technologies Inc.,builddirect.com technologies
1576197,SENR,"Strategic Environmental & Energy Resources, Inc.",strategic environmental & energy resources
1576280,GH,"Guardant Health, Inc.",guardant health
1576427,CRTO,Criteo S.A.,criteo s.a
1576789,WIX,Wix.com Ltd.,wix.com
1576873,ABAT,AMERICAN BATTERY TECHNOLOGY Co,american battery technology
1576885,ABOS,"Acumen Pharmaceuticals, Inc.",acumen pharmaceuticals
1576940,CCS,"Century Communities, Inc.",century communities
1576942,SFIX,"Stitch Fix, Inc.",stitch fix
1577437,ASC,Ardmore Shipping Corp,ardmore shipping
1577445,ODYS,Odysight.ai Inc.,odysight.ai
1577526,AI,"C3.ai, Inc.",c3.ai
1577552,BABA,Alibaba Group Holding Ltd,alibaba group holding
1577552,BBAAY,Alibaba Group Holding Ltd,alibaba group holding
1577552,BABAF,Alibaba Group Holding Ltd,alibaba group holding
1577568,HEXEY,Euronext Athens Holding S.A./ADR,euronext athens holding s.a./adr
1577670,LADR,Ladder Capital Corp,ladder capital
1577783,SIREF,Sirios Resources Inc.,sirios resources
1578348,ICMB,"Investcorp Credit Management BDC, Inc.",investcorp credit management bdc
1578453,DLNG,Dynagas LNG Partners LP,dynagas lng partners
1578453,DLNG-PA,Dynagas LNG Partners LP,dynagas lng partners
1578732,MMI,"Marcus & Millichap, Inc.",marcus & millichap
1578955,SBOEF,SBO AG/ADR,sbo ag/adr
1578987,BANX,ArrowMark Financial Corp.,arrowmark financial
1579091,CART,Maplebear Inc.,maplebear
1579157,VNCE,VINCE HOLDING CORP.,vince holding
1579214,EEX,"Emerald Holding, Inc.",emerald holding
1579241,ALLE,Allegion plc,allegion plc
1579298,BURL,"Burlington Stores, Inc.",burlington stores
1579428,AXSM,"Axsome Therapeutics, Inc.",axsome therapeutics
1579684,TDAY,"USA TODAY Co., Inc.",usa today co
1579733,VITL,"Vital Farms, Inc.",vital farms
1579877,OUT,OUTFRONT Media Inc.,outfront media
1579878,FIG,"Figma, Inc.",figma
1580110,LBCMF,Copper Giant Resources Corp.,copper giant resources
1580149,BIVIW,BIOVIE INC.,biovie
1580149,BIVI,BIOVIE INC.,biovie
1580226,HCTPF,Hutchison Port Holdings Trust/ADR,hutchison port holdings trust/adr
1580262,RTON,"Right On Brands, Inc.",right on brands
1580345,TPVG,TriplePoint Venture Growth BDC Corp.,triplepoint venture growth bdc
1580490,IONI,I-ON Digital Corp.,i-on digital
1580560,FLYW,Flywire Corp,flywire
1580670,LGIH,"LGI Homes, Inc.",lgi homes
1580808,ATEN,"A10 Networks, Inc.",a10 networks
1580864,VRMWW,"Vroom, Inc.",vroom
1580864,VRM,"Vroom, Inc.",vroom
1580905,IBP,"Installed Building Products, Inc.",installed building products
1581068,BRX,Brixmor Property Group Inc.,brixmor property group
1581091,RMAX,"RE/MAX Holdings, Inc.",re/max holdings
1581178,EPRX,EUPRAXIA PHARMACEUTICALS INC.,eupraxia pharmaceuticals
1581280,TWST,Twist Bioscience Corp,twist bioscience
1581285,BCUCF,Brunello Cucinelli S.p.A./ADR,brunello cucinelli s.p.a./adr
1581760,LIFX,"Life360, Inc.",life360
1581760,LIF,"Life360, Inc.",life360
1581804,NVGS,Navigator Holdings Ltd.,navigator holdings
1581990,PAGP,PLAINS GP HOLDINGS LP,plains gp holdings
1582313,XENE,Xenon Pharmaceuticals Inc.,xenon pharmaceuticals
1582554,MTNB,"Matinas BioPharma Holdings, Inc.",matinas biopharma holdings
1582820,IPSOF,IPSOS/ADR,ipsos/adr
1582820,IPSAY,IPSOS/ADR,ipsos/adr
1582961,DOCN,"DigitalOcean Holdings, Inc.",digitalocean holdings
1582982,CCLD,"CareCloud, Inc.",carecloud
1583107,TBPH,"Theravance Biopharma, Inc.",theravance biopharma
1583648,PVLA,"PALVELLA THERAPEUTICS, INC.",palvella therapeutics
1583708,S,"SentinelOne, Inc.",sentinelone
1583771,HEPA,"Hepion Pharmaceuticals, Inc.",hepion pharmaceuticals
1583771,CTRVP,"Hepion Pharmaceuticals, Inc.",hepion pharmaceuticals
1583962,KTGDF,K2 Gold Corp,k2 gold
1584207,OMF,"OneMain Holdings, Inc.",onemain holdings
1584273,SNROF,"Sanrio Company, Ltd./ADR","sanrio company, ltd./adr"
1584273,SNROY,"Sanrio Company, Ltd./ADR","sanrio company, ltd./adr"
1584297,MNSKY,MoneySupermarket.com Group PLC/ADR,moneysupermarket.com group plc/adr
1584371,ICCM,IceCure Medical Ltd.,icecure medical
1584480,GTIC,"Greentech Innovations, Inc.",greentech innovations
1584509,ARMK,Aramark,aramark
1584547,GP,GREENPOWER MOTOR Co INC.,greenpower motor
1584549,VFF,"Village Farms International, Inc.",village farms international
1584618,ACRL,"Atacama Resources International, Inc.",atacama resources international
1584693,SSGC,SafeSpace Global Corp,safespace global
1584831,OXBR,OXBRIDGE RE HOLDINGS Ltd,oxbridge re holdings
1584831,OXBRW,OXBRIDGE RE HOLDINGS Ltd,oxbridge re holdings
1585101,HGIT,"HINES GLOBAL INCOME TRUST, INC.",hines global income trust
1585364,PRGO,PERRIGO Co plc,perrigo co plc
1585380,INKW,"Greene Concepts, Inc",greene concepts
1585389,SMA,"SmartStop Self Storage REIT, Inc.",smartstop self storage reit
1585521,ZM,"Zoom Communications, Inc.",zoom communications
1585608,JAGX,"Jaguar Health, Inc.",jaguar health
1585689,HLT,Hilton Worldwide Holdings Inc.,hilton worldwide holdings
1585855,GGZ,Gabelli Global Small & Mid Cap Value Trust,gabelli global small & mid cap value trust
1586554,CBDY,Target Group Inc.,target group
1587523,KN,Knowles Corp,knowles
1587603,WNRS,"WINNERS, INC.",winners
1587732,OGS,"ONE Gas, Inc.",one gas
1587987,NEWTH,"NewtekOne, Inc.",newtekone
1587987,NEWTI,"NewtekOne, Inc.",newtekone
1587987,NEWT,"NewtekOne, Inc.",newtekone
1587987,NEWTP,"NewtekOne, Inc.",newtekone
1587987,NEWTG,"NewtekOne, Inc.",newtekone
1587987,NEWTO,"NewtekOne, Inc.",newtekone
1588014,ADMQ,"ADM ENDEAVORS, INC.",adm endeavors
1588084,TANH,TANTECH HOLDINGS LTD,tantech holdings
1588489,GBTC,Grayscale Bitcoin Trust ETF,grayscale bitcoin trust etf
1588823,TFII,TFI International Inc.,tfi international
1588871,OAKC,"Oakworth Capital, Inc.",oakworth capital
1588978,PRCT,PROCEPT BioRobotics Corp,procept biorobotics
1589061,GYRO,"Gyrodyne, LLC",gyrodyne
1589149,GWAV,"Greenwave Technology Solutions, Inc.",greenwave technology solutions
1589150,RGBPP,Regen BioPharma Inc,regen biopharma
1589150,RGBP,Regen BioPharma Inc,regen biopharma
1589526,BLBD,Blue Bird Corp,blue bird
1590364,FTAIM,FTAI Aviation Ltd.,ftai aviation
1590364,FTAI,FTAI Aviation Ltd.,ftai aviation
1590418,FCUV,FOCUS UNIVERSAL INC.,focus universal
1590560,QURE,uniQure N.V.,uniqure n.v
1590584,CVEO,Civeo Corp,civeo
1590714,ESI,Element Solutions Inc,element solutions
1590715,AREC,American Resources Corp,american resources
1590717,CTRE,"CareTrust REIT, Inc.",caretrust reit
1590750,VRDN,"Viridian Therapeutics, Inc.\DE","viridian therapeutics, inc.\de"
1590877,RGNX,REGENXBIO Inc.,regenxbio
1590895,CZR,"Caesars Entertainment, Inc.",caesars entertainment
1590955,PAYC,"Paycom Software, Inc.",paycom software
1590976,MBUU,"MALIBU BOATS, INC.",malibu boats
1591588,GOLD,"Gold.com, Inc.",gold.com
1591670,FPI,Farmland Partners Inc.,farmland partners
1591698,PCTY,Paylocity Holding Corp,paylocity holding
1591890,FGNX,FG Nexus Inc.,fg nexus
1591890,FGNXP,FG Nexus Inc.,fg nexus
1591913,IPSI,"Innovative Payment Solutions, Inc.",innovative payment solutions
1591956,ANY,Sphere 3D Corp.,sphere 3d
1592049,RYKKF,Ryohin Keikaku Co/ADR,ryohin keikaku co/adr
1592386,VIRT,"Virtu Financial, Inc.",virtu financial
1592560,VSA,VisionSys AI Inc,visionsys ai
1593001,NGTF,"NightFood Holdings, Inc.",nightfood holdings
1593184,BRGX,"BIOREGENX, INC.",bioregenx
1593275,HG,"Hamilton Insurance Group, Ltd.",hamilton insurance group
1593538,NAVI,NAVIENT CORP,navient
1593538,JSM,NAVIENT CORP,navient
1593549,LIVG,"Livento Group, Inc.",livento group
1593899,AVIR,"Atea Pharmaceuticals, Inc.",atea pharmaceuticals
1593984,MDWD,MediWound Ltd.,mediwound
1594204,RBTK,ZHEN DING RESOURCES INC.,zhen ding resources
1594805,SHOP,SHOPIFY INC.,shopify
1594856,VMXXF,VALHALLA METALS INC.,valhalla metals
1594968,VEST,Loan Artificial Intelligence Corp.,loan artificial intelligence
1594968,LAAI,Loan Artificial Intelligence Corp.,loan artificial intelligence
1595097,CRBP,"Corbus Pharmaceuticals Holdings, Inc.",corbus pharmaceuticals holdings
1595248,GNPX,"Genprex, Inc.",genprex
1595353,GLMD,Galmed Pharmaceuticals Ltd.,galmed pharmaceuticals
1595527,NYC,American Strategic Investment Co.,american strategic investment
1595761,WEIBF,WEIBO Corp,weibo
1595761,WB,WEIBO Corp,weibo
1595974,MGNI,"MAGNITE, INC.",magnite
1596532,ANET,"Arista Networks, Inc.",arista networks
1596812,ENLV,Enlivex Ltd.,enlivex
1596961,RDNW,"RideNow Group, Inc.",ridenow group
1596967,MC,Moelis & Co,moelis &
1596993,LPG,DORIAN LPG LTD.,dorian lpg
1597033,SABR,Sabre Corp,sabre
1597095,TOUR,Tuniu Corp,tuniu
1597672,RYAM,RAYONIER ADVANCED MATERIALS INC.,rayonier advanced materials
1597835,CMCM,Cheetah Mobile Inc.,cheetah mobile
1597846,GRNQ,Greenpro Capital Corp.,greenpro capital
1597892,JRSS,JRSIS HEALTH CARE Corp,jrsis health care
1598428,MTUS,Metallus Inc.,metallus
1598599,IPHA,Innate Pharma SA,innate pharma sa
1598599,IPHYF,Innate Pharma SA,innate pharma sa
1598646,NERV,"Minerva Neurosciences, Inc.",minerva neurosciences
1598655,GLOP-PB,GasLog Partners LP,gaslog partners
1598655,GLOP-PA,GasLog Partners LP,gaslog partners
1598655,GLOP-PC,GasLog Partners LP,gaslog partners
1598665,HRTG,"Heritage Insurance Holdings, Inc.",heritage insurance holdings
1598981,SKYX,SKYX Platforms Corp.,skyx platforms
1599117,MNTR,"Mentor Capital, Inc.",mentor capital
1599298,SMMT,Summit Therapeutics Inc.,summit therapeutics
1599407,LBRA,1847 Holdings LLC,1847 holdings
1599617,DNOW,DNOW Inc.,dnow
1600033,ELF,"e.l.f. Beauty, Inc.",e.l.f. beauty
1600222,PXED,"Phoenix Education Partners, Inc.",phoenix education partners
1600520,OSCUF,"Japan Exchange Group, Inc./ADR","japan exchange group, inc./adr"
1600620,AUPH,Aurinia Pharmaceuticals Inc.,aurinia pharmaceuticals
1600641,DIBS,"1stdibs.com, Inc.",1stdibs.com
1600928,HPHTF,Hamamatsu Photonics K.K./ADR,hamamatsu photonics k.k./adr
1600928,HPHTY,Hamamatsu Photonics K.K./ADR,hamamatsu photonics k.k./adr
1600983,KSCP,"Knightscope, Inc.",knightscope
1601046,KEYS,"Keysight Technologies, Inc.",keysight technologies
1601485,ELTX,"Elicio Therapeutics, Inc.",elicio therapeutics
1601548,VVX,"V2X, Inc.",v2x
1601712,SYF,Synchrony Financial,synchrony financial
1601712,SYF-PA,Synchrony Financial,synchrony financial
1601712,SYF-PB,Synchrony Financial,synchrony financial
1601830,RXRX,"RECURSION PHARMACEUTICALS, INC.",recursion pharmaceuticals
1601936,CYTOF,Altamira Therapeutics Ltd.,altamira therapeutics
1602409,FNGR,"FingerMotion, Inc.",fingermotion
1602584,CCD,Calamos Dynamic Convertible & Income Fund,calamos dynamic convertible & income fund
1602658,ISTR,Investar Holding Corp,investar holding
1602842,ORIO,Orion Digital Corp.,orion digital
1603015,VIA,"Via Transportation, Inc.",via transportation
1603145,XIFR,"XPLR Infrastructure, LP",xplr infrastructure
1603345,AGTX,Agentix Corp.,agentix
1603454,CELC,Celcuity Inc.,celcuity
1603793,NRIS,"Norris Industries, Inc.",norris industries
1603923,WFRD,Weatherford International plc,weatherford international plc
1603978,AQB,AQUABOUNTY TECHNOLOGIES INC,aquabounty technologies
1603993,AIOS,AIOS Tech Inc.,aios tech
1604028,WMS,"ADVANCED DRAINAGE SYSTEMS, INC.",advanced drainage systems
1604174,ECCU,Eagle Point Credit Co,eagle point credit
1604174,ECCC,Eagle Point Credit Co,eagle point credit
1604174,ECC-PD,Eagle Point Credit Co,eagle point credit
1604174,ECCV,Eagle Point Credit Co,eagle point credit
1604174,ECC,Eagle Point Credit Co,eagle point credit
1604191,GRDX,GridAI Technologies Corp.,gridai technologies
1604464,ATRA,"Atara Biotherapeutics, Inc.",atara biotherapeutics
1604481,CMBT,CMB.TECH NV,cmb.tech nv
1604522,THQ,abrdn Healthcare Opportunities Fund,abrdn healthcare opportunities fund
1604665,WLKP,Westlake Chemical Partners LP,westlake chemical partners
1604778,QRVO,"Qorvo, Inc.",qorvo
1604821,NTRA,"Natera, Inc.",natera
1604868,GRWG,GrowGeneration Corp.,growgeneration
1604982,SBMFF,Sino Biopharmaceutical Limited/ADR,sino biopharmaceutical limited/adr
1605057,VMNT,"Vemanti Group, Inc.",vemanti group
1605301,CBFV,"CB Financial Services, Inc.",cb financial services
1605331,AERA,AI Era Corp.,ai era
1605481,NGLD,Nevada Canyon Gold Corp.,nevada canyon gold
1605484,STLA,Stellantis N.V.,stellantis n.v
1605755,MONRF,Moncler S.p.A./ADR,moncler s.p.a./adr
1605888,SQLLW,CIRCLE8 GROUP INC,circle8 group
1605888,CIRC,CIRCLE8 GROUP INC,circle8 group
1606163,LMB,"Limbach Holdings, Inc.",limbach holdings
1606242,VTIX,Virtuix Holdings Inc.,virtuix holdings
1606366,LOCO,"El Pollo Loco Holdings, Inc.",el pollo loco holdings
1606498,AVNS,"AVANOS MEDICAL, INC.",avanos medical
1606757,KE,"Kimball Electronics, Inc.",kimball electronics
1606909,PANL,Pangaea Logistics Solutions Ltd.,pangaea logistics solutions
1607678,VKTX,"Viking Therapeutics, Inc.",viking therapeutics
1607807,NVGLF,NV Gold Corp,nv gold
1607962,LFWD,Lifeward Ltd.,lifeward
1607997,NMS,Nuveen Minnesota Quality Municipal Income Fund,nuveen minnesota quality municipal income fund
1608092,KITL,Kisses From Italy Inc.,kisses from italy
1608401,ISFFF,ISS A/S / ADR,iss a/s / adr
1608401,ISADY,ISS A/S / ADR,iss a/s / adr
1608741,QQQX,Nuveen NASDAQ 100 Dynamic Overwrite Fund,nuveen nasdaq 100 dynamic overwrite fund
1609065,PBHC,"Pathfinder Bancorp, Inc.",pathfinder bancorp
1609151,WEAV,"Weave Communications, Inc.",weave communications
1609253,CRC,California Resources Corp,california resources
1609258,PTCO,PetroGas Co,petrogas
1609550,INSP,"Inspire Medical Systems, Inc.",inspire medical systems
1609711,GDDY,GoDaddy Inc.,godaddy
1609804,OEC,Orion S.A.,orion s.a
1609809,MCRB,"Seres Therapeutics, Inc.",seres therapeutics
1610250,BOOT,"Boot Barn Holdings, Inc.",boot barn holdings
1610520,UBS,UBS Group AG,ubs group ag
1610590,MBAI,Check-Cap Ltd,check-cap
1610601,MOMO,Hello Group Inc.,hello group
1610718,ODRS,"Outdoor Specialty Products, Inc.",outdoor specialty products
1610820,BCTX,BriaCell Therapeutics Corp.,briacell therapeutics
1610820,BCTXZ,BriaCell Therapeutics Corp.,briacell therapeutics
1610820,BCTXL,BriaCell Therapeutics Corp.,briacell therapeutics
1610853,HSDT,Solana Co,solana
1610940,BWET,Amplify Commodity Trust,amplify commodity trust
1610940,BDRY,Amplify Commodity Trust,amplify commodity trust
1611005,KEN,Kenon Holdings Ltd.,kenon holdings
1611046,MDLK,ModuLink Inc.,modulink
1611052,PCOR,"PROCORE TECHNOLOGIES, INC.",procore technologies
1611115,OMDA,"Omada Health, Inc.",omada health
1611547,UE,Urban Edge Properties,urban edge properties
1611647,FRPT,"Freshpet, Inc.",freshpet
1611746,SPRC,SciSparc Ltd.,scisparc
1611747,SCNI,Scinai Immunotherapeutics Ltd.,scinai immunotherapeutics
1611842,PYPD,PolyPid Ltd.,polypid
1611983,LBRDA,Liberty Broadband Corp,liberty broadband
1611983,LBRDB,Liberty Broadband Corp,liberty broadband
1611983,LBRDK,Liberty Broadband Corp,liberty broadband
1611983,LBRDP,Liberty Broadband Corp,liberty broadband
1612042,ASND,Ascendis Pharma A/S,ascendis pharma a/s
1612630,JYNT,JOINT Corp,joint
1612720,NEXT,NextDecade Corp,nextdecade
1612940,PRQR,ProQR Therapeutics N.V.,proqr therapeutics n.v
1613103,MDT,Medtronic plc,medtronic plc
1613780,DBVTF,DBV Technologies S.A.,dbv technologies s.a
1613780,DBVT,DBV Technologies S.A.,dbv technologies s.a
1613979,ZPHYF,ZEPHYR MINERALS LTD.,zephyr minerals
1614178,YEXT,"Yext, Inc.",yext
1614744,PPBT,PURPLE BIOTECH LTD.,purple biotech
1614806,RPT,Rithm Property Trust Inc.,rithm property trust
1614806,RPT-PC,Rithm Property Trust Inc.,rithm property trust
1615063,INSE,"Inspired Entertainment, Inc.",inspired entertainment
1615165,VERI,"Veritone, Inc.",veritone
1615219,DCOY,Decoy Therapeutics Inc.,decoy therapeutics
1615903,IFS,Intercorp Financial Services Inc.,intercorp financial services
1615905,JGH,Nuveen Global High Income Fund,nuveen global high income fund
1616000,XHR,"Xenia Hotels & Resorts, Inc.",xenia hotels & resorts
1616156,WEWA,"WEWARDS, INC.",wewards
1616262,RMCF,"Rocky Mountain Chocolate Factory, Inc.",rocky mountain chocolate factory
1616533,PENG,"Penguin Solutions, Inc.",penguin solutions
1616543,SENS,"Senseonics Holdings, Inc.",senseonics holdings
1616678,BST,BlackRock Science & Technology Trust,blackrock science & technology trust
1616707,W,Wayfair Inc.,wayfair
1616736,GGBY,Alpha Investment Inc.,alpha investment
1616862,AXTA,Axalta Coating Systems Ltd.,axalta coating systems
1616885,RVLGF,Revival Gold Inc.,revival gold
1617242,KRNY,Kearny Financial Corp.,kearny financial
1617406,PK,Park Hotels & Resorts Inc.,park hotels & resorts
1617553,ZIP,"ZIPRECRUITER, INC.",ziprecruiter
1617640,ZG,"ZILLOW GROUP, INC.",zillow group
1617640,Z,"ZILLOW GROUP, INC.",zillow group
1617867,AMIX,"Autonomix Medical, Inc.",autonomix medical
1618181,GLDM,World Gold Trust,world gold trust
1618563,NSA-PB,National Storage Affiliates Trust,national storage affiliates trust
1618563,NSA,National Storage Affiliates Trust,national storage affiliates trust
1618563,NSA-PA,National Storage Affiliates Trust,national storage affiliates trust
1618673,PFGC,Performance Food Group Co,performance food group
1618732,NTNX,"Nutanix, Inc.",nutanix
1618755,RSTRF,Restaurant Brands International Limited Partnership,restaurant brands international limited partnership
1618755,QSP,Restaurant Brands International Limited Partnership,restaurant brands international limited partnership
1618756,QSR,Restaurant Brands International Inc.,restaurant brands international
1618835,EVFM,"Evofem Biosciences, Inc.",evofem biosciences
1619096,SNTW,Summit Networks Inc.,summit networks
1619227,CLOW,"Cloudweb, Inc.",cloudweb
1619312,LTSV,"Lightstone Value Plus REIT IV, Inc.",lightstone value plus reit iv
1619544,JFU,9F Inc.,9f
1619762,BRSL,Brightstar Lottery PLC,brightstar lottery plc
1619856,CRBU,"Caribou Biosciences, Inc.",caribou biosciences
1620393,NXRT,"NexPoint Residential Trust, Inc.",nexpoint residential trust
1620459,JRVR,"James River Group Holdings, Inc.",james river group holdings
1620463,LONA,"LeonaBio, Inc.",leonabio
1620533,SHAK,Shake Shack Inc.,shake shack
1620678,ANPCF,ANGLE plc,angle plc
1620737,OGI,ORGANIGRAM GLOBAL INC.,organigram global
1620749,PHCI,Panamera Holdings Corp,panamera holdings
1621221,ARTL,"ARTELO BIOSCIENCES, INC.",artelo biosciences
1621227,ADAPY,Adaptimmune Therapeutics PLC,adaptimmune therapeutics plc
1621434,BSM,"Black Stone Minerals, L.P.",black stone minerals
1621672,SLE,"Super League Enterprise, Inc.",super league enterprise
1621832,AQMS,"Aqua Metals, Inc.",aqua metals
1621888,CFSU,Complete Financial Solutions Inc.,complete financial solutions
1621906,WSTRF,Western Uranium & Vanadium Corp.,western uranium & vanadium
1621910,PTHRF,Pantheon Resources plc,pantheon resources plc
1622148,HGLB,HIGHLAND GLOBAL ALLOCATION FUND,highland global allocation fund
1622194,DEA,"Easterly Government Properties, Inc.",easterly government properties
1622229,COGT,"Cogent Biosciences, Inc.",cogent biosciences
1622244,OWPC,"One World Products, Inc.",one world products
1622345,POLA,"Polar Power, Inc.",polar power
1622536,TLN,Talen Energy Corp,talen energy
1622629,SXGCF,Southern Cross Gold Consolidated Ltd.,southern cross gold consolidated
1622996,ACBM,"ACRO BIOMEDICAL CO., LTD.",acro biomedical co
1623526,STOK,"Stoke Therapeutics, Inc.",stoke therapeutics
1623925,AM,Antero Midstream Corp,antero midstream
1624322,BFST,"Business First Bancshares, Inc.",business first bancshares
1624326,PAVM,PAVmed Inc.,pavmed
1624512,BOXL,Boxlight Corp,boxlight
1624517,FRQND,"Frequency Holdings, Inc",frequency holdings
1624794,CSW,"CSW INDUSTRIALS, INC.",csw industrials
1624985,SFCX,SUPA Consolidated Inc.,supa consolidated
1625101,PLSE,"PULSE BIOSCIENCES, INC.",pulse biosciences
1625278,NRDS,"NERDWALLET, INC.",nerdwallet
1625297,INDV,"Indivior Pharmaceuticals, Inc.",indivior pharmaceuticals
1625414,BZUN,Baozun Inc.,baozun
1625641,LAW,"CS Disco, Inc.",cs disco
1625791,KRNT,Kornit Digital Ltd.,kornit digital
1626115,PJT,PJT Partners Inc.,pjt partners
1626450,CMRC,"Commerce.com, Inc.",commerce.com
1626644,ODYY,"Odyssey Health, Inc.",odyssey health
1626745,FVTI,"Fortune Valley Treasures, Inc.",fortune valley treasures
1626878,XBIT,XBiotech Inc.,xbiotech
1626971,CRVS,"Corvus Pharmaceuticals, Inc.",corvus pharmaceuticals
1627223,CC,Chemours Co,chemours
1627272,OR,OR Royalties Inc.,or royalties
1627281,CLLS,Cellectis S.A.,cellectis s.a
1627282,CWD,CaliberCos Inc.,calibercos
1627475,UPWK,"UPWORK, INC",upwork
1627868,NCAUF,Newcore Gold Ltd.,newcore gold
1628063,SRG,Seritage Growth Properties,seritage growth properties
1628063,SRG-PA,Seritage Growth Properties,seritage growth properties
1628171,RVMD,"Revolution Medicines, Inc.",revolution medicines
1628171,RVMDW,"Revolution Medicines, Inc.",revolution medicines
1628369,CWK,Cushman & Wakefield Ltd.,cushman & wakefield
1628808,PROF,Profound Medical Corp.,profound medical
1628908,EVH,"Evolent Health, Inc.",evolent health
1628935,APMCF,MORIEN RESOURCES CORP.,morien resources
1629019,MBINL,Merchants Bancorp,merchants bancorp
1629019,MBINN,Merchants Bancorp,merchants bancorp
1629019,MBIN,Merchants Bancorp,merchants bancorp
1629019,MBINM,Merchants Bancorp,merchants bancorp
1629210,PZG,Paramount Gold Nevada Corp.,paramount gold nevada
1629632,EGTYF,Eguana Technologies Inc.,eguana technologies
1630113,BTCY,BIOTRICITY INC.,biotricity
1630176,HYEX,HEALTHY EXTRACTS INC.,healthy extracts
1630212,ALBT,Change Agents Corporation.,change agents corporation
1630212,CHGA,Change Agents Corporation.,change agents corporation
1630472,TRTX-PC,"TPG RE Finance Trust, Inc.",tpg re finance trust
1630472,TRTX,"TPG RE Finance Trust, Inc.",tpg re finance trust
1630627,TMCI,"TREACE MEDICAL CONCEPTS, INC.",treace medical concepts
1630745,DCFBS,"DCFC Holdings, LLC",dcfc holdings
1630805,BWNB,"Babcock & Wilcox Enterprises, Inc.",babcock & wilcox enterprises
1630805,BW-PA,"Babcock & Wilcox Enterprises, Inc.",babcock & wilcox enterprises
1630805,BW,"Babcock & Wilcox Enterprises, Inc.",babcock & wilcox enterprises
1631463,BRLL,Barrel Energy Inc.,barrel energy
1631487,CLGN,CollPlant Biotechnologies Ltd,collplant biotechnologies
1631569,CHCT,Community Healthcare Trust Inc,community healthcare trust
1631574,WVE,Wave Life Sciences Ltd.,wave life sciences
1631596,KREF,KKR Real Estate Finance Trust Inc.,kkr real estate finance trust
1631596,KREF-PA,KKR Real Estate Finance Trust Inc.,kkr real estate finance trust
1631761,YRD,Yiren Digital Ltd.,yiren digital
1632121,BLNC,"Balance Labs, Inc.",balance labs
1632127,CABO,"Cable One, Inc.",cable one
1632790,ENR,"ENERGIZER HOLDINGS, INC.",energizer holdings
1632970,AHR,"American Healthcare REIT, Inc.",american healthcare reit
1633336,CCAP,"Crescent Capital BDC, Inc.",crescent capital bdc
1633369,CAST,"FreeCast, Inc.",freecast
1633917,PYPL,"PayPal Holdings, Inc.",paypal holdings
1633978,LITE,Lumentum Holdings Inc.,lumentum holdings
1634117,BNED,"Barnes & Noble Education, Inc.",barnes & noble education
1635077,ACON,"Aclarion, Inc.",aclarion
1635077,ACONW,"Aclarion, Inc.",aclarion
1635088,ROIV,Roivant Sciences Ltd.,roivant sciences
1635282,RMNI,"Rimini Street, Inc.",rimini street
1635327,FLUT,Flutter Entertainment plc,flutter entertainment plc
1635729,EQTRF,Altamira Gold Corp.,altamira gold
1635977,THW,abrdn World Healthcare Fund,abrdn world healthcare fund
1636051,FUST,FUSE GROUP HOLDING INC.,fuse group holding
1636222,WING,Wingstop Inc.,wingstop
1636282,SYRE,"Spyre Therapeutics, Inc.",spyre therapeutics
1636289,ACV,Virtus Diversified Income & Convertible Fund,virtus diversified income & convertible fund
1636422,HCAT,"Health Catalyst, Inc.",health catalyst
1636519,MSGS,Madison Square Garden Sports Corp.,madison square garden sports
1636639,PLGO,Pelagos Insurance Capital Ltd,pelagos insurance capital
1636651,OVID,Ovid Therapeutics Inc.,ovid therapeutics
1637147,ZSPC,"zSpace, Inc.",zspace
1637207,PLNT,"Planet Fitness, Inc.",planet fitness
1637459,KHC,Kraft Heinz Co,kraft heinz
1637715,OKUR,"OnKure Therapeutics, Inc.",onkure therapeutics
1637810,FSV,FirstService Corp,firstservice
1637873,ACVA,ACV Auctions Inc.,acv auctions
1638097,ENTX,Entera Bio Ltd.,entera bio
1638097,ENTXW,Entera Bio Ltd.,entera bio
1638287,MTVA,MetaVia Inc.,metavia
1638290,MCFT,"MasterCraft Boat Holdings, Inc.",mastercraft boat holdings
1638826,TTAN,"ServiceTitan, Inc.",servicetitan
1638833,SGRY,"Surgery Partners, Inc.",surgery partners
1638911,DUKR,DUKE Robotics Corp.,duke robotics
1638911,DUKRW,DUKE Robotics Corp.,duke robotics
1639068,HBUV,Hubilu Venture Corp,hubilu venture
1639300,OLLI,"Ollie's Bargain Outlet Holdings, Inc.",ollie's bargain outlet holdings
1639438,CAVA,"CAVA GROUP, INC.",cava group
1639691,LIVN,LivaNova PLC,livanova plc
1639723,NAVN,"Navan, Inc.",navan
1639825,PTON,"PELOTON INTERACTIVE, INC.",peloton interactive
1639877,GSM,Ferroglobe PLC,ferroglobe plc
1639920,SPOT,Spotify Technology S.A.,spotify technology s.a
1640043,PXS,Pyxis Tankers Inc.,pyxis tankers
1640147,SNOW,Snowflake Inc.,snowflake
1640266,VYGR,"Voyager Therapeutics, Inc.",voyager therapeutics
1640384,PWCM,"LM FUNDING AMERICA, INC.",lm funding america
1640384,LMFA,"LM FUNDING AMERICA, INC.",lm funding america
1640428,EVER,"EverQuote, Inc.",everquote
1641229,FFMGF,First Mining Gold Corp.,first mining gold
1641281,BOLT,"Bolt Biotherapeutics, Inc.",bolt biotherapeutics
1641398,GDC,GD Culture Group Ltd,gd culture group
1641489,VTVT,vTv Therapeutics Inc.,vtv therapeutics
1641601,RVRF,River Financial Corp,river financial
1641614,PMTS,CPI Card Group Inc.,cpi card group
1641631,XAIR,"Beyond Air, Inc.",beyond air
1642122,ACGP,"Associated Capital Group, Inc.",associated capital group
1642159,SIGY,"Sigyn Therapeutics, Inc.",sigyn therapeutics
1642178,AGNPF,Grey Matters Health Inc.,grey matters health
1642365,ALTB,Alpine Auto Brokers Inc.,alpine auto brokers
1642380,IMDX,Insight Molecular Diagnostics Inc.,insight molecular diagnostics
1642896,IOT,Samsara Inc.,samsara
1643154,ITHUF,"iANTHUS CAPITAL HOLDINGS, INC.",ianthus capital holdings
1643198,JBHIF,JB Hi-Fi Limited/ADR,jb hi-fi limited/adr
1643303,NNDM,Nano Dimension Ltd.,nano dimension
1643615,ONT,"Onterris, Inc.",onterris
1643721,BOTX,DATZ WORLD HOLDINGS CORP.,datz world holdings
1643918,BDRX,Biodexa Pharmaceuticals Plc,biodexa pharmaceuticals plc
1643953,PRPL,"Purple Innovation, Inc.",purple innovation
1644378,RMR,RMR GROUP INC.,rmr group
1644540,SRGXF,Surge Copper Corp,surge copper
1644771,RSF,"RiverNorth Capital & Income Fund, Inc.",rivernorth capital & income fund
1644903,YCBD,"cbdMD, Inc.",cbdmd
1644963,ATXI,"AVENUE THERAPEUTICS, INC.",avenue therapeutics
1645113,NVCR,NovoCure Ltd,novocure
1645155,WBSR,Webstar Technology Group Inc.,webstar technology group
1645460,CUE,"Cue Biopharma, Inc.",cue biopharma
1645469,MNPR,Monopar Therapeutics,monopar therapeutics
1645590,HPE,Hewlett Packard Enterprise Co,hewlett packard enterprise
1645590,HPE-PC,Hewlett Packard Enterprise Co,hewlett packard enterprise
1645873,MDV,"MODIV INDUSTRIAL, INC.",modiv industrial
1645873,MDV-PA,"MODIV INDUSTRIAL, INC.",modiv industrial
1646188,ONDS,Ondas Inc.,ondas
1646972,ACI,"Albertsons Companies, Inc.",albertsons companies
1647088,WSC,WillScot Holdings Corp,willscot holdings
1647435,ATDRF,Auto Trader Group plc/ADR,auto trader group plc/adr
1647639,UPST,"Upstart Holdings, Inc.",upstart holdings
1647822,SVMB,"Jingbo Technology, Inc.",jingbo technology
1648087,AREB,AMERICAN REBEL HOLDINGS INC,american rebel holdings
1648087,AREBW,AMERICAN REBEL HOLDINGS INC,american rebel holdings
1648257,HMDCF,HUTCHMED (China) Ltd,hutchmed (china)
1648257,HCM,HUTCHMED (China) Ltd,hutchmed (china)
1648416,RACE,Ferrari N.V.,ferrari n.v
1648512,SHMXY,Shimadzu Corporation/ADR,shimadzu corporation/adr
1648512,SHMZF,Shimadzu Corporation/ADR,shimadzu corporation/adr
1648636,TRLEF,Trillion Energy International Inc.,trillion energy international
1648960,MYSEW,"Myseum.AI, Inc.",myseum.ai
1648960,MYSE,"Myseum.AI, Inc.",myseum.ai
1649009,CHAI,"Core AI Holdings, Inc.",core ai holdings
1649094,PCVX,"Vaxcyte, Inc.",vaxcyte
1649096,CLPR,Clipper Realty Inc.,clipper realty
1649313,BWLP,BW LPG Ltd,bw lpg
1649739,BAFN,BayFirst Financial Corp.,bayfirst financial
1649744,DLTH,DULUTH HOLDINGS INC.,duluth holdings
1649749,FBK,FB Financial Corp,fb financial
1649752,NMG,Nouveau Monde Graphite Inc.,nouveau monde graphite
1649904,RYTM,"RHYTHM PHARMACEUTICALS, INC.",rhythm pharmaceuticals
1649989,OTLK,"Outlook Therapeutics, Inc.",outlook therapeutics
1650101,ATXG,ADDENTAX GROUP CORP.,addentax group
1650107,CCEP,COCA-COLA EUROPACIFIC PARTNERS plc,coca-cola europacific partners plc
1650132,FCPT,"Four Corners Property Trust, Inc.",four corners property trust
1650164,TOST,"Toast, Inc.",toast
1650196,VCGMF,Visionary Copper & Gold Mines Inc.,visionary copper & gold mines
1650372,TEAM,Atlassian Corp,atlassian
1650575,BRQSF,"Borqs Technologies, Inc.",borqs technologies
1650648,FDMT,"4D Molecular Therapeutics, Inc.",4d molecular therapeutics
1650664,EDIT,"Editas Medicine, Inc.",editas medicine
1650696,LSF,"Laird Superfood, Inc.",laird superfood
1650729,SITE,"SiteOne Landscape Supply, Inc.",siteone landscape supply
1651308,ONC,BeOne Medicines Ltd.,beone medicines
1651308,BEIGF,BeOne Medicines Ltd.,beone medicines
1651562,COUR,"Coursera, Inc.",coursera
1651625,ACIU,AC Immune SA,ac immune sa
1651717,NOMD,Nomad Foods Ltd,nomad foods
1651721,GIPR,"GENERATION INCOME PROPERTIES, INC.",generation income properties
1651721,GIPRW,"GENERATION INCOME PROPERTIES, INC.",generation income properties
1651932,XITO,"Xenous Holdings, Inc.",xenous holdings
1651992,ASFT,"Appsoft Technologies, Inc.",appsoft technologies
1652044,GOOGM,Alphabet Inc.,alphabet
1652044,GOOGN,Alphabet Inc.,alphabet
1652044,GOOG,Alphabet Inc.,alphabet
1652044,GOOGL,Alphabet Inc.,alphabet
1652130,NTLA,"Intellia Therapeutics, Inc.",intellia therapeutics
1652535,ICHR,"ICHOR HOLDINGS, LTD.",ichor holdings
1652539,SNRG,SusGlobal Energy Corp.,susglobal energy
1652561,DQWS,DSwiss Inc,dswiss
1652935,ACTU,"ACTUATE THERAPEUTICS, INC.",actuate therapeutics
1652958,EDGM,"Edgemode, Inc.",edgemode
1653087,ALEC,"Alector, Inc.",alector
1653242,NTB,Bank of N.T. Butterfield & Son Ltd,bank of n.t. butterfield & son
1653384,RWAY,Runway Growth Finance Corp.,runway growth finance
1653384,RWAYI,Runway Growth Finance Corp.,runway growth finance
1653384,RWAYL,Runway Growth Finance Corp.,runway growth finance
1653477,NGVT,Ingevity Corp,ingevity
1653482,GTLB,Gitlab Inc.,gitlab
1653558,PRTHU,"Priority Technology Holdings, Inc.",priority technology holdings
1653558,PRTH,"Priority Technology Holdings, Inc.",priority technology holdings
1653606,EHVVF,"Ehave, Inc.",ehave
1653653,RRR,"Red Rock Resorts, Inc.",red rock resorts
1653909,BIRD,"Smartbird, Inc.",smartbird
1654126,ZIM,ZIM Integrated Shipping Services Ltd.,zim integrated shipping services
1654508,IBIDF,"Ibiden Co., Ltd./ADR","ibiden co., ltd./adr"
1654595,MDRR,"Medalist Diversified, Inc.",medalist diversified
1654795,BBUC,Brookfield Business Corp,brookfield business
1655050,BCSF,"Bain Capital Specialty Finance, Inc.",bain capital specialty finance
1655099,RA,Brookfield Real Assets Income Fund Inc.,brookfield real assets income fund
1655190,SHLAF,Schindler Holding AG/ADR,schindler holding ag/adr
1655190,SHLRF,Schindler Holding AG/ADR,schindler holding ag/adr
1655210,BYND,"BEYOND MEAT, INC.",beyond meat
1655531,KLSVF,KLONDIKE SILVER CORP.,klondike silver
1655759,ARVN,"ARVINAS, INC.",arvinas
1655888,OBDC,Blue Owl Capital Corp,blue owl capital
1655891,TRMD,TORM plc,torm plc
1655923,ACOG,Alpha Cognition Inc.,alpha cognition
1656081,DAVA,Endava plc,endava plc
1656472,CRON,Cronos Group Inc.,cronos group
1657214,ILAL,International Land Alliance Inc.,international land alliance
1657573,XMTR,"Xometry, Inc.",xometry
1657642,SLBK,"Skyline Bankshares, Inc.",skyline bankshares
1657677,PBLS,"Parabilis Medicines, Inc.",parabilis medicines
1657788,KRP,"Kimbell Royalty Partners, LP",kimbell royalty partners
1657800,ESAUF,ESGold Corp.,esgold
1657853,HTZ,"HERTZ GLOBAL HOLDINGS, INC",hertz global holdings
1657853,HTZWW,"HERTZ GLOBAL HOLDINGS, INC",hertz global holdings
1658247,CRNX,"Crinetics Pharmaceuticals, Inc.",crinetics pharmaceuticals
1658551,AMLX,"Amylyx Pharmaceuticals, Inc.",amylyx pharmaceuticals
1658566,PR,Permian Resources Corp,permian resources
1658645,LENDX,Stone Ridge Trust V,stone ridge trust v
1658678,BSEM,"BioStem Technologies, Inc.",biostem technologies
1659166,FTV,Fortive Corp,fortive
1659323,ITRMF,Iterum Therapeutics plc,iterum therapeutics plc
1659494,COE,51Talk Online Education Group,51talk online education group
1659576,JPSTF,"Japan Post Bank Co., Ltd.",japan post bank co
1659617,MBRX,"Moleculin Biotech, Inc.",moleculin biotech
1659939,ENIC,Enel Chile S.A.,enel chile s.a
1660046,IMRN,Immuron Ltd,immuron
1660134,OKTA,"Okta, Inc.",okta
1660280,TENB,"Tenable Holdings, Inc.",tenable holdings
1660334,VRCA,Verrica Pharmaceuticals Inc.,verrica pharmaceuticals
1660734,TRTN-PG,Triton International Ltd,triton international
1660734,TRTN-PD,Triton International Ltd,triton international
1660734,TRTN-PC,Triton International Ltd,triton international
1660734,TRTN-PB,Triton International Ltd,triton international
1660734,TRTN-PF,Triton International Ltd,triton international
1660734,TRTN-PA,Triton International Ltd,triton international
1660734,TRTN-PE,Triton International Ltd,triton international
1661053,NVNO,enVVeno Medical Corp,envveno medical
1661059,NXTC,"NextCure, Inc.",nextcure
1661181,ORGO,Organogenesis Holdings Inc.,organogenesis holdings
1661600,SATT,SATIVUS TECH CORP.,sativus tech
1661998,QTTB,Q32 Bio Inc.,q32 bio
1662579,CCCC,"C4 Therapeutics, Inc.",c4 therapeutics
1662684,KULR,"KULR Technology Group, Inc.",kulr technology group
1662774,QNCX,"Quince Therapeutics, Inc.",quince therapeutics
1662972,BSTT,"Blackstone Real Estate Income Trust, Inc.",blackstone real estate income trust
1662991,SEZL,Sezzle Inc.,sezzle
1663038,QGAI,Quantum Genesis AI Corp.,quantum genesis ai
1663038,QTZM,Quantum Genesis AI Corp.,quantum genesis ai
1663712,NRSAX,NEXPOINT REAL ESTATE STRATEGIES FUND,nexpoint real estate strategies fund
1664703,BE,Bloom Energy Corp,bloom energy
1664710,KROS,"Keros Therapeutics, Inc.",keros therapeutics
1665275,JPHLF,"Japan Post Holdings Co., Ltd./ADR","japan post holdings co., ltd./adr"
1665300,PHUN,"Phunware, Inc.",phunware
1665918,USFD,US Foods Holding Corp.,us foods holding
1665988,BVS,Bioventus Inc.,bioventus
1666071,CDLX,"Cardlytics, Inc.",cardlytics
1666134,BL,"BLACKLINE, INC.",blackline
1666138,ATKR,Atkore Inc.,atkore
1666175,FORFF,Fortis Inc.,fortis
1666175,FTRSF,Fortis Inc.,fortis
1666175,FTPSF,Fortis Inc.,fortis
1666175,FRTJF,Fortis Inc.,fortis
1666175,FTS,Fortis Inc.,fortis
1666175,FINCF,Fortis Inc.,fortis
1666175,FRTSF,Fortis Inc.,fortis
1666244,CFTR-PA,"Cantor Fitzgerald Income Trust, Inc.",cantor fitzgerald income trust
1666291,CMTG,"Claros Mortgage Trust, Inc.",claros mortgage trust
1666700,DD,"DuPont de Nemours, Inc.",dupont de nemours
1666782,IRVRF,Irving Resources Inc.,irving resources
1667011,AIP,"Arteris, Inc.",arteris
1667313,ZDGE,"Zedge, Inc.",zedge
1668010,DBGI,"Digital Brands Group, Inc.",digital brands group
1668243,URGN,UroGen Pharma Ltd.,urogen pharma
1668340,BCTF,"Bancorp 34, Inc.",bancorp 34
1668393,CEHCF,"Cosmo Energy Holdings Co., Ltd./ADR","cosmo energy holdings co., ltd./adr"
1668397,MEDP,"Medpace Holdings, Inc.",medpace holdings
1668438,IMTE,Integrated Media Technology Ltd,integrated media technology
1668501,KOSCF,Kose Corporation/ADR,kose corporation/adr
1668717,BUDFF,Anheuser-Busch InBev SA/NV,anheuser-busch inbev sa/nv
1668717,BUD,Anheuser-Busch InBev SA/NV,anheuser-busch inbev sa/nv
1669162,KNSL,"Kinsale Capital Group, Inc.",kinsale capital group
1669779,CWH,"Camping World Holdings, Inc.",camping world holdings
1669811,DFIN,"Donnelley Financial Solutions, Inc.",donnelley financial solutions
1670061,ALM,Almonty Industries Inc.,almonty industries
1670076,ULCC,"Frontier Group Holdings, Inc.",frontier group holdings
1670541,ADNT,Adient plc,adient plc
1670592,YETI,"YETI Holdings, Inc.",yeti holdings
1671132,SONG,Music Licensing Inc.,music licensing
1671235,BMRPF,B&M European Value Retail S.A./ADR,b&m european value retail s.a./adr
1671235,BMRRY,B&M European Value Retail S.A./ADR,b&m european value retail s.a./adr
1671502,QNRX,"Quoin Pharmaceuticals, Ltd.",quoin pharmaceuticals
1671541,DRSHF,DroneShield Ltd,droneshield
1671584,APVO,Aptevo Therapeutics Inc.,aptevo therapeutics
1671750,DISPF,Disco Corporation/ADR,disco corporation/adr
1671858,SPRY,"ARS Pharmaceuticals, Inc.",ars pharmaceuticals
1671927,IMCR,Immunocore Holdings plc,immunocore holdings plc
1671933,TTD,"Trade Desk, Inc.",trade desk
1672013,GOLF,Acushnet Holdings Corp.,acushnet holdings
1672571,AAQL,Antiaging Quantum Living Inc.,antiaging quantum living
1672619,ELVN,"Enliven Therapeutics, Inc.",enliven therapeutics
1672688,ABSI,Absci Corp,absci
1672909,CPHC,Canterbury Park Holding Corp,canterbury park holding
1673358,YUMC,"Yum China Holdings, Inc.",yum china holdings
1673475,GPOX,"GPO Plus, Inc.",gpo plus
1673481,SEGG,Sports Entertainment Gaming Global Corp,sports entertainment gaming global
1673481,LTRYW,Sports Entertainment Gaming Global Corp,sports entertainment gaming global
1673504,AGLY,Atlantis Glory Inc.,atlantis glory
1673743,HNGE,"Hinge Health, Inc.",hinge health
1673985,ASIX,AdvanSix Inc.,advansix
1674101,VRT,Vertiv Holdings Co,vertiv holdings
1674168,HGV,Hilton Grand Vacations Inc.,hilton grand vacations
1674227,WORX,SCWorx Corp.,scworx
1674335,JELD,"JELD-WEN Holding, Inc.",jeld-wen holding
1674356,TPTS,"Terra Property Trust, Inc.",terra property trust
1674416,CRSP,CRISPR Therapeutics AG,crispr therapeutics ag
1674440,YYAI,AIRWA INC.,airwa
1674632,BBNX,"Beta Bionics, Inc.",beta bionics
1674862,ASH,ASHLAND INC.,ashland
1674910,VVV,VALVOLINE INC,valvoline
1674930,FLGT,"Fulgent Genetics, Inc.",fulgent genetics
1675033,GECCG,Great Elm Capital Corp.,great elm capital
1675033,GECC,Great Elm Capital Corp.,great elm capital
1675033,GECCI,Great Elm Capital Corp.,great elm capital
1675033,GECCH,Great Elm Capital Corp.,great elm capital
1675149,AA,Alcoa Corp,alcoa
1675644,FVCB,"FVCBankcorp, Inc.",fvcbankcorp
1676047,NTRB,NutriBand Inc.,nutriband
1676047,NTRBW,NutriBand Inc.,nutriband
1676163,SSII,"SS Innovations International, Inc.",ss innovations international
1676238,BRZE,"Braze, Inc.",braze
1676725,IDYA,"IDEAYA Biosciences, Inc.",ideaya biosciences
1677077,ALZN,"Alzamend Neuro, Inc.",alzamend neuro
1677084,GPMTF,GPM Metals Inc.,gpm metals
1677250,ZTO,ZTO Express (Cayman) Inc.,zto express (cayman)
1677250,ZTOEF,ZTO Express (Cayman) Inc.,zto express (cayman)
1677576,IIPR-PA,INNOVATIVE INDUSTRIAL PROPERTIES INC,innovative industrial properties
1677576,IIPR,INNOVATIVE INDUSTRIAL PROPERTIES INC,innovative industrial properties
1677703,CNDT,CONDUENT Inc,conduent
1677897,UPYY,UPAY,upay
1677940,BYSI,BeyondSpring Inc.,beyondspring
1678105,CAHO,Caro Holdings Inc.,caro holdings
1678130,OPP-PA,"RiverNorth/DoubleLine Strategic Opportunity Fund, Inc.",rivernorth/doubleline strategic opportunity fund
1678130,OPP-PB,"RiverNorth/DoubleLine Strategic Opportunity Fund, Inc.",rivernorth/doubleline strategic opportunity fund
1678130,OPP-PC,"RiverNorth/DoubleLine Strategic Opportunity Fund, Inc.",rivernorth/doubleline strategic opportunity fund
1678130,OPP,"RiverNorth/DoubleLine Strategic Opportunity Fund, Inc.",rivernorth/doubleline strategic opportunity fund
1678660,PRLD,Prelude Therapeutics Inc,prelude therapeutics
1678748,ISTKF,Intellistake Technologies Corp.,intellistake technologies
1679049,INSW,"International Seaways, Inc.",international seaways
1679268,TUSK,"MAMMOTH ENERGY SERVICES, INC.",mammoth energy services
1679273,LW,"Lamb Weston Holdings, Inc.",lamb weston holdings
1679628,JUNS,"JUPITER NEUROSCIENCES, INC.",jupiter neurosciences
1679688,DBRG-PH,"DigitalBridge Group, Inc.",digitalbridge group
1679688,DBRG,"DigitalBridge Group, Inc.",digitalbridge group
1679688,DBRG-PI,"DigitalBridge Group, Inc.",digitalbridge group
1679688,DBRG-PJ,"DigitalBridge Group, Inc.",digitalbridge group
1679788,COIN,"Coinbase Global, Inc.",coinbase global
1679817,OZSC,"OZOP ENERGY SOLUTIONS, INC.",ozop energy solutions
1679920,SATLF,"Start Today Co., Ltd./ADR","start today co., ltd./adr"
1680048,MBIO,"MUSTANG BIO, INC.",mustang bio
1680056,ORLA,Orla Mining Ltd.,orla mining
1680062,ACMR,"ACM Research, Inc.",acm research
1680132,CSUI,CANNABIS SUISSE CORP.,cannabis suisse
1680139,HLYK,HealthLynked Corp,healthlynked
1680247,PUMP,ProPetro Holding Corp.,propetro holding
1680367,STTK,"Shattuck Labs, Inc.",shattuck labs
1680378,SNES,"SenesTech, Inc.",senestech
1680513,IPTNF,IMPACT ANALYTICS INC.,impact analytics
1680581,FULC,"Fulcrum Therapeutics, Inc.",fulcrum therapeutics
1680637,NRRWF,Nuran Wireless Inc.,nuran wireless
1680689,NRHI,"Natural Resource Holdings, Inc.",natural resource holdings
1680873,HFFG,HF Foods Group Inc.,hf foods group
1681087,TECX,"Tectonic Therapeutic, Inc.",tectonic therapeutic
1681206,NODK,"NI Holdings, Inc.",ni holdings
1681348,VIVO,VivoPower PLC,vivopower plc
1681459,FTI,TechnipFMC plc,technipfmc plc
1681556,GXXM,"GEX MANAGEMENT, INC.",gex management
1681622,VREX,Varex Imaging Corp,varex imaging
1681682,NDRA,ENDRA Life Sciences Inc.,endra life sciences
1682056,SVRSF,Silver Storm Mining Ltd.,silver storm mining
1682149,DVLT,Datavault AI Inc.,datavault ai
1682220,SCCE,Sachem Capital Corp.,sachem capital
1682220,SCCD,Sachem Capital Corp.,sachem capital
1682220,SCCF,Sachem Capital Corp.,sachem capital
1682220,SCCG,Sachem Capital Corp.,sachem capital
1682220,SACH,Sachem Capital Corp.,sachem capital
1682220,SACH-PA,Sachem Capital Corp.,sachem capital
1682241,MATH,Metalpha Technology Holding Ltd,metalpha technology holding
1682265,ONAR,Onar Holding Corp,onar holding
1682639,HYPD,"HYPERION DEFI, INC.",hyperion defi
1682745,VRRM,VERRA MOBILITY Corp,verra mobility
1682852,MRNA,"Moderna, Inc.",moderna
1683274,RYOOF,Rio Silver Inc.,rio silver
1683408,RSGLF,Rocky Shore Gold Ltd.,rocky shore gold
1683541,ACB,AURORA CANNABIS INC,aurora cannabis
1683553,SPRB,"SPRUCE BIOSCIENCES, INC.",spruce biosciences
1683606,CARS,Cars.com Inc.,cars.com
1683695,IMXI,"International Money Express, Inc.",international money express
1683825,TRVG,trivago N.V.,trivago n.v
1684144,ZOMDF,Zomedica Corp.,zomedica
1684425,PETZ,"TDH Holdings, Inc.",tdh holdings
1684505,XTRAF,Xtract One Technologies Inc.,xtract one technologies
1684662,VIPRF,SILVER VIPER MINERALS CORP.,silver viper minerals
1684688,ATCX,ATLAS CRITICAL MINERALS Corp,atlas critical minerals
1684693,SLGL,Sol-Gel Technologies Ltd.,sol-gel technologies
1685040,BHFAP,"Brighthouse Financial, Inc.",brighthouse financial
1685040,BHF,"Brighthouse Financial, Inc.",brighthouse financial
1685040,BHFAL,"Brighthouse Financial, Inc.",brighthouse financial
1685040,BHFAN,"Brighthouse Financial, Inc.",brighthouse financial
1685040,BHFAM,"Brighthouse Financial, Inc.",brighthouse financial
1685040,BHFAO,"Brighthouse Financial, Inc.",brighthouse financial
1686000,JGLDF,Japan Gold Corp.,japan gold
1686009,CAHPF,Evolution Mining Limited/ADR,evolution mining limited/adr
1687187,METC,"Ramaco Resources, Inc.",ramaco resources
1687187,METCZ,"Ramaco Resources, Inc.",ramaco resources
1687187,METCB,"Ramaco Resources, Inc.",ramaco resources
1687187,METCI,"Ramaco Resources, Inc.",ramaco resources
1687229,INVH,Invitation Homes Inc.,invitation homes
1687277,RETO,"ReTo Eco-Solutions, Inc.",reto eco-solutions
1687451,ZKIN,"ZK International Group Co., Ltd.",zk international group co
1687542,FRGT,"Freight Technologies, Inc.",freight technologies
1687919,FGNV,FORGE INNOVATION DEVELOPMENT CORP.,forge innovation development
1687932,JILL,"J.Jill, Inc.",j.jill
1688126,CRCW,Crypto Co,crypto
1688568,DXC,DXC Technology Co,dxc technology
1688757,ESTA,ESTABLISHMENT LABS HOLDINGS INC.,establishment labs holdings
1689375,TRDA,"Entrada Therapeutics, Inc.",entrada therapeutics
1689448,LILIF,Argentina Lithium & Energy Corp.,argentina lithium & energy
1689548,PRAX,"Praxis Precision Medicines, Inc.",praxis precision medicines
1689796,JBGS,JBG SMITH Properties,jbg smith properties
1690012,ICR-PA,"InPoint Commercial Real Estate Income, Inc.",inpoint commercial real estate income
1690012,ICRP,"InPoint Commercial Real Estate Income, Inc.",inpoint commercial real estate income
1690012,ICRL,"InPoint Commercial Real Estate Income, Inc.",inpoint commercial real estate income
1690080,FRMM,FORUM MARKETS Inc,forum markets
1690334,SMHI,SEACOR Marine Holdings Inc.,seacor marine holdings
1690437,BAR,GraniteShares Gold Trust,graniteshares gold trust
1690511,GOOS,Canada Goose Holdings Inc.,canada goose holdings
1690585,DNTH,"Dianthus Therapeutics, Inc. /DE/","dianthus therapeutics, inc. /de/"
1690639,VBNK,VersaBank,versabank
1690680,NMRK,"NEWMARK GROUP, INC.",newmark group
1690820,CVNA,CARVANA CO.,carvana
1690842,PLTM,GraniteShares Platinum Trust,graniteshares platinum trust
1691082,LBRX,LB PHARMACEUTICALS INC,lb pharmaceuticals
1691221,FRSX,Foresight Autonomous Holdings Ltd.,foresight autonomous holdings
1691303,HCC,"WARRIOR MET COAL, INC.",warrior met coal
1691421,LMND,"Lemonade, Inc.",lemonade
1691445,FVGPY,FinVolution Group,finvolution group
1691445,FINV,FinVolution Group,finvolution group
1691493,NU,Nu Holdings Ltd.,nu holdings
1691710,CPPKF,Faraday Copper Corp.,faraday copper
1692063,SNDR,"Schneider National, Inc.",schneider national
1692115,SWX,"Southwest Gas Holdings, Inc.",southwest gas holdings
1692345,PRXA,"PROCACCIANTI HOTEL REIT, INC.",procaccianti hotel reit
1692376,VEL,"Velocity Financial, Inc.",velocity financial
1692415,CODX,"Co-Diagnostics, Inc.",co-diagnostics
1692427,NCSM,"NCS Multistage Holdings, Inc.",ncs multistage holdings
1692705,HTT,High Templar Tech Ltd,high templar tech
1692787,KNTK,Kinetik Holdings Inc.,kinetik holdings
1692819,VST,Vistra Corp.,vistra
1693256,WTTR,"Select Water Solutions, Inc.",select water solutions
1693577,MNSBP,"MainStreet Bancshares, Inc.",mainstreet bancshares
1693577,MNSB,"MainStreet Bancshares, Inc.",mainstreet bancshares
1693687,GLVT,GREENLIT VENTURES INC.,greenlit ventures
1693736,EQPT,EquipmentShare.com Inc,equipmentshare.com
1694028,LBRT,Liberty Energy Inc.,liberty energy
1694426,DK,"Delek US Holdings, Inc.",delek us holdings
1694617,ROYL,"Royale Energy, Inc.",royale energy
1695295,HYFM,"HYDROFARM HOLDINGS GROUP, INC.",hydrofarm holdings group
1695473,GCAN,"Greater Cannabis Company, Inc.",greater cannabis company
1696025,KCRD,"Kindcard, Inc.",kindcard
1696556,OFRM,"Once Upon a Farm, PBC","once upon a farm, pbc"
1696558,JRSH,"Jerash Holdings (US), Inc.",jerash holdings (us)
1697500,SEI,"Solaris Energy Infrastructure, Inc.",solaris energy infrastructure
1697818,AMBR,Amber International Holding Ltd,amber international holding
1697851,REKR,"Rekor Systems, Inc.",rekor systems
1697862,ARGX,ARGENX SE,argenx se
1697884,VSBC,VITASPRING BIOMEDICAL CO. LTD.,vitaspring biomedical
1698022,FMFG,"Farmers & Merchants Bancshares, Inc.",farmers & merchants bancshares
1698514,NESR,National Energy Services Reunited Corp.,national energy services reunited
1698530,XCUR,"EXICURE, INC.",exicure
1698535,NXE,NexGen Energy Ltd.,nexgen energy
1698538,STSR,"Strategic Student & Senior Housing Trust, Inc.",strategic student & senior housing trust
1698990,MGY,Magnolia Oil & Gas Corp,magnolia oil & gas
1698991,ACEL,"Accel Entertainment, Inc.",accel entertainment
1699031,GRAL,"GRAIL, Inc.",grail
1699039,RNGR,"Ranger Energy Services, Inc.",ranger energy services
1699136,WHD,"Cactus, Inc.",cactus
1699150,IR,Ingersoll Rand Inc.,ingersoll rand
1699350,SI,"SHOULDER INNOVATIONS, INC.",shoulder innovations
1699382,PMVP,"PMV Pharmaceuticals, Inc.",pmv pharmaceuticals
1699709,VNOV,VitaNova Life Sciences Corp,vitanova life sciences
1699880,AMLIF,American Lithium Corp.,american lithium
1699963,LIME,"Neutron Holdings, Inc.",neutron holdings
1699967,MEIUF,Meitu Inc./ADR,meitu inc./adr
1700171,ANNSF,Aena S.A./ADR,aena s.a./adr
1700173,FIGIF,"Fuyao Glass Industry Group Co., Ltd./ADR","fuyao glass industry group co., ltd./adr"
1700844,EVOH,EvoAir Holdings Inc.,evoair holdings
1701108,SPRO,"Spero Therapeutics, Inc.",spero therapeutics
1701261,FAMI,"Farmmi, Inc.",farmmi
1701478,AZTR,"Azitra, Inc.",azitra
1701541,BDTX,"Black Diamond Therapeutics, Inc.",black diamond therapeutics
1701599,AZASF,Arizona Gold & Silver Inc.,arizona gold & silver
1701605,BKR,Baker Hughes Co,baker hughes
1701756,SDOT,Sadot Group Inc.,sadot group
1701758,LOVE,Lovesac Co,lovesac
1701963,VS,Versus Systems Inc.,versus systems
1702123,CRDL,Cardiol Therapeutics Inc.,cardiol therapeutics
1702318,AHG,Akso Health Group,akso health group
1702744,SMPL,Simply Good Foods Co,simply good foods
1702750,BY,"BYLINE BANCORP, INC.",byline bancorp
1702780,OPTU,"Optimum Communications, Inc.",optimum communications
1702924,WRAP,"WRAP TECHNOLOGIES, INC.",wrap technologies
1703056,ADT,ADT Inc.,adt
1703057,ABCL,AbCellera Biologics Inc.,abcellera biologics
1703073,VIVC,VIVIC CORP.,vivic
1703079,XFLT,XAI Floating Rate & Alternative Income Trust,xai floating rate & alternative income trust
1703118,FUUFF,F3 Uranium Corp.,f3 uranium
1703157,SCTH,"Securetech Innovations, Inc.",securetech innovations
1703292,ALGRF,KENADYR METALS CORP,kenadyr metals
1703399,SE,Sea Ltd,sea
1703625,BLIS,"NAPC Defense, Inc.",napc defense
1703644,GPMT,Granite Point Mortgage Trust Inc.,granite point mortgage trust
1703644,GPMT-PA,Granite Point Mortgage Trust Inc.,granite point mortgage trust
1703647,KRRO,"Korro Bio, Inc.",korro bio
1703956,BBCP,"Concrete Pumping Holdings, Inc.",concrete pumping holdings
1704287,BJDX,"Bluejay Diagnostics, Inc.",bluejay diagnostics
1704292,ZLAB,Zai Lab Ltd,zai lab
1704711,FNKO,"Funko, Inc.",funko
1704715,AMR,"Alpha Metallurgical Resources, Inc.",alpha metallurgical resources
1704720,CNNE,"Cannae Holdings, Inc.",cannae holdings
1705012,FATAQ,"Fat Brands, Inc",fat brands
1705110,ANGI,Angi Inc.,angi
1705181,ETCG,Grayscale Ethereum Classic Trust (ETC),grayscale ethereum classic trust (etc)
1705284,PBAM,"Private Bancorp of America, Inc.",private bancorp of america
1705402,AGMH,"AGM GROUP HOLDINGS, INC.",agm group holdings
1705455,ZNKUF,"ZENKOKU HOSHO Co., Ltd./ADR","zenkoku hosho co., ltd./adr"
1705696,VICI,VICI PROPERTIES INC.,vici properties
1705843,CBUS,"Cibus, Inc.",cibus
1705969,DRRKF,dormakaba Holding AG,dormakaba holding ag
1706404,AZZTF,Aztec Minerals Corp.,aztec minerals
1706431,VIR,"Vir Biotechnology, Inc.",vir biotechnology
1706509,COSG,Cosmos Group Holdings Inc.,cosmos group holdings
1706524,FLZH,"Flash Sports & Media Holdings, Inc.",flash sports & media holdings
1706946,SPCE,"Virgin Galactic Holdings, Inc",virgin galactic holdings
1707303,DOGZ,Dogness (International) Corp,dogness (international)
1707502,SLDB,Solid Biosciences Inc.,solid biosciences
1707753,ESTC,Elastic N.V.,elastic n.v
1707910,REBN,"Reborn Coffee, Inc.",reborn coffee
1707919,CENN,Cenntro Inc.,cenntro
1707925,LIN,LINDE PLC,linde plc
1708035,ECVT,Ecovyst Inc.,ecovyst
1708055,RBBN,Ribbon Communications Inc.,ribbon communications
1708160,GPUSF,Alset Capital Inc.,alset capital
1708259,LX,LexinFintech Holdings Ltd.,lexinfintech holdings
1708341,AIFA,"All In FutureTech Alliance, Inc.",all in futuretech alliance
1708441,MYND,"Mynd.ai, Inc.",mynd.ai
1708527,ELUT,ELUTIA INC.,elutia
1708599,SER,"Serina Therapeutics, Inc.",serina therapeutics
1708646,AAAU,Goldman Sachs Physical Gold ETF,goldman sachs physical gold etf
1708688,IFRX,InflaRx N.V.,inflarx n.v
1709048,GFS,GLOBALFOUNDRIES Inc.,globalfoundries
1709164,HBB,Hamilton Beach Brands Holding Co,hamilton beach brands holding
1709442,FSUN,FIRSTSUN CAPITAL BANCORP,firstsun capital bancorp
1709626,NCNA,NuCana plc,nucana plc
1709628,CSAI,"CLOUDASTRUCTURE, INC.",cloudastructure
1709682,CTOS,"Custom Truck One Source, Inc.",custom truck one source
1709819,FEDU,Four Seasons Education (Cayman) Inc.,four seasons education (cayman)
1709941,BIOA,"BioAge Labs, Inc.",bioage labs
1710072,EWTX,"Edgewise Therapeutics, Inc.",edgewise therapeutics
1710155,EYE,"National Vision Holdings, Inc.",national vision holdings
1710340,ETON,"Eton Pharmaceuticals, Inc.",eton pharmaceuticals
1710350,BTBT,"Bit Digital, Inc",bit digital
1710366,CNR,"Core Natural Resources, Inc.",core natural resources
1710482,JMSB,"John Marshall Bancorp, Inc.",john marshall bancorp
1710495,PNXP,PINEAPPLE EXPRESS CANNABIS Co,pineapple express cannabis
1710680,HFRO-PA,HIGHLAND OPPORTUNITIES & INCOME FUND,highland opportunities & income fund
1710680,HFRO-PB,HIGHLAND OPPORTUNITIES & INCOME FUND,highland opportunities & income fund
1710680,HFRO,HIGHLAND OPPORTUNITIES & INCOME FUND,highland opportunities & income fund
1710864,MSUXF,Misumi Group Inc./ADR,misumi group inc./adr
1711012,AIHS,Senmiao Technology Ltd,senmiao technology
1711141,LEEEF,Leef Brands Inc.,leef brands
1711269,EVRG,"Evergy, Inc.",evergy
1711279,KRYS,"Krystal Biotech, Inc.",krystal biotech
1711375,LOMA,Loma Negra Compania Industrial Argentina Sociedad Anonima,loma negra compania industrial argentina sociedad anonima
1711570,UROY,Uranium Royalty Corp.,uranium royalty
1711754,INMB,"Inmune Bio, Inc.",inmune bio
1711786,RKTO,Rocket One Inc.,rocket one
1711929,SWDR,"Starwood Real Estate Income Trust, Inc.",starwood real estate income trust
1711929,SWDS,"Starwood Real Estate Income Trust, Inc.",starwood real estate income trust
1712178,NAAS,NaaS Technology Inc.,naas technology
1712184,LILAB,Liberty Latin America Ltd.,liberty latin america
1712184,LILAK,Liberty Latin America Ltd.,liberty latin america
1712184,LILA,Liberty Latin America Ltd.,liberty latin america
1712184,LILAP,Liberty Latin America Ltd.,liberty latin america
1712189,TH,Target Hospitality Corp.,target hospitality
1712294,CPIVF,CAPTIVA VERDE WELLNESS CORP.,captiva verde wellness
1712356,HRNNF,Hydro One Ltd,hydro one
1712356,HYNLY,Hydro One Ltd,hydro one
1712463,PACK,Ranpak Holdings Corp.,ranpak holdings
1712762,BIAFW,"bioAffinity Technologies, Inc.",bioaffinity technologies
1712762,BIAF,"bioAffinity Technologies, Inc.",bioaffinity technologies
1712807,PAGS,PagSeguro Digital Ltd.,pagseguro digital
1713210,ATPC,Agape ATP Corp,agape atp
1713334,MSC,STUDIO CITY INTERNATIONAL HOLDINGS Ltd,studio city international holdings
1713445,RDDT,"Reddit, Inc.",reddit
1713539,KXIN,Kaixin Holdings,kaixin holdings
1713675,SCAFF,Schaeffler AG/ADR,schaeffler ag/adr
1713683,ZS,"Zscaler, Inc.",zscaler
1713748,SKE,Skeena Resources Ltd,skeena resources
1713863,RFL,"Rafael Holdings, Inc.",rafael holdings
1713923,AIJTY,Jianpu Technology Inc.,jianpu technology
1713930,NEXA,Nexa Resources S.A.,nexa resources s.a
1714174,BUR,Burford Capital Ltd,burford capital
1714562,GAME,"GameSquare Holdings, Inc.",gamesquare holdings
1714899,DNLI,Denali Therapeutics Inc.,denali therapeutics
1715272,GRAPF,First Canadian Graphite Inc.,first canadian graphite
1715433,LCHD,Leader Capital Holdings Corp.,leader capital holdings
1715497,BORR,Borr Drilling Ltd,borr drilling
1715801,SOAGY,Sartorius AG/ADR,sartorius ag/adr
1715819,EMED,"Electromedical Technologies, Inc",electromedical technologies
1715925,HYFT,MindWalk Holdings Corp.,mindwalk holdings
1716166,VVOS,"Vivos Therapeutics, Inc.",vivos therapeutics
1716338,JF,J & Friends Holdings Ltd,j & friends holdings
1716410,GLATF,Global Atomic Corp,global atomic
1716621,VTAK,"Catheter Precision, Inc.",catheter precision
1716770,WAFU,Wah Fu Education Group Ltd,wah fu education group
1716885,ASCIX,Angel Oak Strategic Credit Fund,angel oak strategic credit fund
1716947,ENSC,"Ensysce Biosciences, Inc.",ensysce biosciences
1716951,OCCI,"OFS Credit Company, Inc.",ofs credit company
1716951,OCCIM,"OFS Credit Company, Inc.",ofs credit company
1716951,OCCIN,"OFS Credit Company, Inc.",ofs credit company
1717115,TEM,"Tempus AI, Inc.",tempus ai
1717161,CEPU,CENTRAL PUERTO S.A.,central puerto s.a
1717307,ILPT,Industrial Logistics Properties Trust,industrial logistics properties trust
1717393,CAAP,CORPORACION AMERICA AIRPORTS S.A.,corporacion america airports s.a
1717457,CPZ,Calamos Long/Short Equity & Dynamic Income Trust,calamos long/short equity & dynamic income trust
1717547,BRSP,"BrightSpire Capital, Inc.",brightspire capital
1717695,VRRCF,VR Resources Ltd.,vr resources
1718224,BTBDW,"BT Brands, Inc.",bt brands
1718224,BTBD,"BT Brands, Inc.",bt brands
1718227,ROAD,"Construction Partners, Inc.",construction partners
1718405,HYMC,HYCROFT MINING HOLDING CORP,hycroft mining holding
1718405,HYMCW,HYCROFT MINING HOLDING CORP,hycroft mining holding
1718500,AXIL,"Axil Brands, Inc.",axil brands
1718512,GTES,Gates Industrial Corp plc,gates industrial corp plc
1718728,SYTN,Syntiant Corp.,syntiant
1718939,IDAI,T Stamp Inc,t stamp
1719117,ARNNY,ASR Nederland N.V./ADR,asr nederland n.v./adr
1719117,ASRRF,ASR Nederland N.V./ADR,asr nederland n.v./adr
1719406,NRXP,"NRX Pharmaceuticals, Inc.",nrx pharmaceuticals
1719714,MREO,Mereo BioPharma Group plc,mereo biopharma group plc
1720116,RDVT,"Red Violet, Inc.",red violet
1720161,CTRM,Castor Maritime Inc.,castor maritime
1720250,KNDI,"Kandi Technologies Group, Inc.",kandi technologies group
1720265,ZCSH,Grayscale Zcash Trust (ZEC),grayscale zcash trust (zec)
1720420,IBEX,IBEX Ltd,ibex
1720424,HIVE,HIVE Digital Technologies Ltd.,hive digital technologies
1720446,ZEPP,Zepp Health Corp,zepp health
1720553,PHNMF,Phenom Resources Corp.,phenom resources
1720580,ACET,"Adicet Bio, Inc.",adicet bio
1720592,RPAY,Repay Holdings Corp,repay holdings
1720635,NVT,nVent Electric plc,nvent electric plc
1720893,BTAI,"BioXcel Therapeutics, Inc.",bioxcel therapeutics
1721056,HSCT,HOOPS SCOUTING USA,hoops scouting usa
1721484,LGVN,Longeveron Inc.,longeveron
1722010,OPBK,OP Bancorp,op bancorp
1722387,ITRG,Integra Resources Corp.,integra resources
1722482,AVTR,"Avantor, Inc.",avantor
1722556,BGFR,BestGofer Inc.,bestgofer
1722606,MTA,Metalla Royalty & Streaming Ltd.,metalla royalty & streaming
1722608,IQ,"iQIYI, Inc.",iqiyi
1722684,WH,"WYNDHAM HOTELS & RESORTS, INC.",wyndham hotels & resorts
1722731,FDCTD,"FDCTECH, INC.",fdctech
1723047,VAUCF,Viva Gold Corp.,viva gold
1723059,BIOE,Bio Essence Corp,bio essence
1723069,TLSA,Tiziana Life Sciences Ltd,tiziana life sciences
1723128,AMRX,"Amneal Pharmaceuticals, Inc.",amneal pharmaceuticals
1723455,SRKZF,SKY GOLD CORP.,sky gold
1723464,BHST,BIOHARVEST SCIENCES INC.,bioharvest sciences
1723517,UCASU,UC Asset LP,uc asset
1723690,BILI,Bilibili Inc.,bilibili
1723690,BLBLF,Bilibili Inc.,bilibili
1723701,PMFAX,PIMCO Flexible Municipal Income Fund,pimco flexible municipal income fund
1723788,BITW,Bitwise 10 Crypto Index ETF,bitwise 10 crypto index etf
1723935,STG,Sunlands Technology Group,sunlands technology group
1723980,SXTC,"China SXT Pharmaceuticals, Inc.",china sxt pharmaceuticals
1724009,PRT,PermRock Royalty Trust,permrock royalty trust
1724521,RCUS,"Arcus Biosciences, Inc.",arcus biosciences
1724542,CLPS,CLPS Inc,clps
1724755,GHG,GreenTree Hospitality Group Ltd.,greentree hospitality group
1724965,TALO,TALOS ENERGY INC.,talos energy
1725033,XYF,X Financial,x financial
1725123,CANG,Cango Inc.,cango
1725160,ZNTL,"Zentalis Pharmaceuticals, Inc.",zentalis pharmaceuticals
1725210,ETHE,Grayscale Ethereum Staking ETF,grayscale ethereum staking etf
1725255,AHCO,AdaptHealth Corp.,adapthealth
1725262,TYFG,"Tri-County Financial Group, Inc.",tri-county financial group
1725332,ALAR,Alarum Technologies Ltd.,alarum technologies
1725430,INBS,INTELLIGENT BIO SOLUTIONS INC.,intelligent bio solutions
1725569,GARLF,Roxmore Resources Inc.,roxmore resources
1725603,AUXXF,A2 Gold Corp.,a2 gold
1725911,NBND,NetBrands Corp.,netbrands
1725964,NTR,Nutrien Ltd.,nutrien
1726079,LUCN,"Lucent, Inc.",lucent
1726122,CEF,Sprott Physical Gold & Silver Trust,sprott physical gold & silver trust
1726126,EPSN,Epsilon Energy Ltd.,epsilon energy
1726159,USGDF,AMERICAN PACIFIC MINING CORP,american pacific mining
1726173,BH,Biglari Holdings Inc.,biglari holdings
1726173,BH-A,Biglari Holdings Inc.,biglari holdings
1726445,SEER,"Seer, Inc.",seer
1726711,ADTX,"Aditxt, Inc.",aditxt
1726906,KCCFF,Kutcho Copper Corp.,kutcho copper
1726978,GSHD,"Goosehead Insurance, Inc.",goosehead insurance
1727196,SRRK,Scholar Rock Holding Corp,scholar rock holding
1727255,COBA,Chilean Cobalt Corp.,chilean cobalt
1727263,FTDR,"Frontdoor, Inc.",frontdoor
1727370,SAGGF,Sterling Metals Corp.,sterling metals
1728117,GOSS,"Gossamer Bio, Inc.",gossamer bio
1728190,HUYA,HUYA Inc.,huya
1728328,INM,InMed Pharmaceuticals Inc.,inmed pharmaceuticals
1728688,IIIV,"i3 Verticals, Inc.",i3 verticals
1728918,AIBRF,AIB Group plc/ADR,aib group plc/adr
1728951,EPRT,"ESSENTIAL PROPERTIES REALTY TRUST, INC.",essential properties realty trust
1729149,VMD,"VIEMED HEALTHCARE, INC.",viemed healthcare
1729173,UXIN,Uxin Ltd,uxin
1729214,XRTX,XORTX Therapeutics Inc.,xortx therapeutics
1729427,CNSP,"CNS Pharmaceuticals, Inc.",cns pharmaceuticals
1729514,VTTGF,VAT Group AG/ADR,vat group ag/adr
1729637,KARX,Karbon-X Corp.,karbon-x
1729653,STLNF,Stallion Uranium Corp.,stallion uranium
1729944,BACK,"IMAC Holdings, Inc.",imac holdings
1729997,GDLC,Grayscale CoinDesk Crypto 5 ETF,grayscale coindesk crypto 5 etf
1730168,AVGO,Broadcom Inc.,broadcom
1730430,KNSA,"Kiniksa Pharmaceuticals International, plc","kiniksa pharmaceuticals international, plc"
1730463,AUTL,Autolus Therapeutics plc,autolus therapeutics plc
1730773,BSFC,Blue Star Foods Corp.,blue star foods
1730869,EBZT,"Everything Blockchain, Inc.",everything blockchain
1730984,BCML,BayCom Corp,baycom
1731348,TLRY,"Tilray Brands, Inc.",tilray brands
1731388,EDRY,EuroDry Ltd.,eurodry
1731854,FASLF,First Andes Silver Ltd.,first andes silver
1732379,BMM,Blue Moon Metals Inc.,blue moon metals
1732406,LTCN,Grayscale Litecoin Trust (LTC),grayscale litecoin trust (ltc)
1732409,BCHG,Grayscale Bitcoin Cash Trust (BCH),grayscale bitcoin cash trust (bch)
1733868,CNF,CNFinance Holdings Ltd.,cnfinance holdings
1733968,WRLWF,West Red Lake Gold Mines Ltd.,west red lake gold mines
1733968,WRLRF,West Red Lake Gold Mines Ltd.,west red lake gold mines
1733968,WRLGF,West Red Lake Gold Mines Ltd.,west red lake gold mines
1733998,NWN,Northwest Natural Holding Co,northwest natural holding
1734005,APM,"Niki BioSolutions, Inc.",niki biosolutions
1734005,NIKI,"Niki BioSolutions, Inc.",niki biosolutions
1734107,SOHU,Sohu.com Ltd,sohu.com
1734342,AMTB,Amerant Bancorp Inc.,amerant bancorp
1734427,CRUCF,Colibri Resource Corp,colibri resource
1734520,ALYAF,Alithya Group inc,alithya group
1734713,BV,"BrightView Holdings, Inc.",brightview holdings
1734722,PATH,"UiPath, Inc.",uipath
1734750,MOVE,"Corvex, Inc.",corvex
1735041,GTEC,Greenland Technologies Holding Corp.,greenland technologies holding
1735438,MGTX,MeiraGTx Holdings plc,meiragtx holdings plc
1735514,OHCFF,Light AI Inc.,light ai
1735556,BTOG,BIT ORIGIN Ltd,bit origin
1735707,GTX,Garrett Motion Inc.,garrett motion
1736035,BXSL,Blackstone Secured Lending Fund,blackstone secured lending fund
1736243,ACXP,"Acurx Pharmaceuticals, Inc.",acurx pharmaceuticals
1736289,ROIUF,Route1 Inc.,route1
1736297,ALAB,"Astera Labs, Inc.",astera labs
1736510,NICHX,Variant Alternative Income Fund,variant alternative income fund
1736541,NIO,NIO Inc.,nio
1736541,NIOIF,NIO Inc.,nio
1736730,CAMP,Camp4 Therapeutics Corp,camp4 therapeutics
1736946,ARLO,"Arlo Technologies, Inc.",arlo technologies
1737270,NEXCF,Nextech3D.AI Corp.,nextech3d.ai
1737287,ALLO,"Allogene Therapeutics, Inc.",allogene therapeutics
1737319,CUAUF,C3 Metals Inc.,c3 metals
1737339,JG,Aurora Mobile Ltd,aurora mobile
1737450,OPRA,Opera Ltd,opera
1737523,BGLC,BioNexus Gene Lab Corp,bionexus gene lab
1737706,SDRL,SEADRILL Ltd,seadrill
1737806,PDD,PDD Holdings Inc.,pdd holdings
1737924,NCDL,Nuveen Churchill Direct Lending Corp.,nuveen churchill direct lending
1737927,CGC,Canopy Growth Corp,canopy growth
1737953,REPL,"Replimune Group, Inc.",replimune group
1737995,SKYA,"SkyAI, Inc.",skyai
1737995,SKYAW,"SkyAI, Inc.",skyai
1738021,CMPX,"Compass Therapeutics, Inc.",compass therapeutics
1738177,CMBMF,Cambium Networks Corp,cambium networks
1738699,WKEY,Wisekey International Holding S.A.,wisekey international holding s.a
1738699,WSKEF,Wisekey International Holding S.A.,wisekey international holding s.a
1738758,CHR,"Cheer Holding, Inc.",cheer holding
1738827,KLXE,"KLX Energy Services Holdings, Inc.",klx energy services holdings
1738906,YI,"111, Inc.",111
1739016,ELVR,Elevra Lithium Ltd,elevra lithium
1739016,SYAXF,Elevra Lithium Ltd,elevra lithium
1739104,ELAN,Elanco Animal Health Inc,elanco animal health
1739174,PHGE,BiomX Inc.,biomx
1739410,RLYB,Rallybio Corp,rallybio
1739445,ACA,"Arcosa, Inc.",arcosa
1739566,UTZ,"Utz Brands, Inc.",utz brands
1739940,CI,Cigna Group,cigna group
1740279,INAB,"IN8BIO, INC.",in8bio
1740332,REZI,"RESIDEO TECHNOLOGIES, INC.",resideo technologies
1740604,BTGO,"BITGO HOLDINGS, INC.",bitgo holdings
1740797,AVAI,"AVAI BIO, INC.",avai bio
1741220,CWPE,CW Petroleum Corp,cw petroleum
1741489,ELVG,"Elvictor Group, Inc.",elvictor group
1741530,QFIN,"Qfin Holdings, Inc.",qfin holdings
1741530,QFNHF,"Qfin Holdings, Inc.",qfin holdings
1741534,UOKAF,MDJM LTD,mdjm
1742195,ROMJF,Rubicon Organics Inc.,rubicon organics
1742341,HKIT,HiTek Global Inc.,hitek global
1742518,MTC,"MMTEC, INC.",mmtec
1742692,INMD,InMode Ltd.,inmode
1742770,VIOT,"Viomi Technology Co., Ltd",viomi technology co
1742927,RVPH,"REVIVA PHARMACEUTICALS HOLDINGS, INC.",reviva pharmaceuticals holdings
1743102,JFIN,Jiayin Group Inc.,jiayin group
1743235,RIOFF,Rio2 Ltd,rio2
1743340,TC,Token Cat Ltd,token cat
1743344,PYRGF,PyroGenesis Canada Inc.,pyrogenesis canada
1743725,GDYN,"GRID DYNAMICS HOLDINGS, INC.",grid dynamics holdings
1743745,GNLN,"Greenlane Holdings, Inc.",greenlane holdings
1743759,CRSR,"Corsair Gaming, Inc.",corsair gaming
1743881,BBIO,"BridgeBio Pharma, Inc.",bridgebio pharma
1743905,RVSNW,Rail Vision Ltd.,rail vision
1743905,RVSN,Rail Vision Ltd.,rail vision
1743971,MOGU,MOGU Inc.,mogu
1744489,DIS,Walt Disney Co,walt disney
1744494,ADNH,"ADVENT TECHNOLOGIES HOLDINGS, INC.",advent technologies holdings
1744676,TCMEF,Tencent Music Entertainment Group,tencent music entertainment group
1744676,TME,Tencent Music Entertainment Group,tencent music entertainment group
1744781,NIU,Niu Technologies,niu technologies
1745059,FINS,Angel Oak Financial Strategies Income Term Trust,angel oak financial strategies income term trust
1745078,VYND,"Vynleads, Inc.",vynleads
1745114,MOLN,MOLECULAR PARTNERS AG,molecular partners ag
1745201,VIK,Viking Holdings Ltd,viking holdings
1745431,STNE,StoneCo Ltd.,stoneco
1745621,GENN,Genneia S.A.,genneia s.a
1745648,APMD,"Apnimed, Inc.",apnimed
1745916,PFSI,"PennyMac Financial Services, Inc.",pennymac financial services
1745999,BEAM,Beam Therapeutics Inc.,beam therapeutics
1746109,BFC,Bank First Corp,bank first
1746119,VGES,Vanguard Green Investment Ltd,vanguard green investment
1746129,BSVN,Bank7 Corp.,bank7
1746466,EQ,"Equillium, Inc.",equillium
1746473,PLRX,"PLIANT THERAPEUTICS, INC.",pliant therapeutics
1746618,RVLV,"Revolve Group, Inc.",revolve group
1746967,RMI,"RiverNorth Opportunistic Municipal Income Fund, Inc.",rivernorth opportunistic municipal income fund
1747068,MCBS,"MetroCity Bankshares, Inc.",metrocity bankshares
1747079,BALY,Bally's Corp,bally's
1747172,KBDC,"Kayne Anderson BDC, Inc.",kayne anderson bdc
1747570,NEPRY,NEPI Rockcastle plc/ADR,nepi rockcastle plc/adr
1747657,SITKF,Sitka Gold Corp.,sitka gold
1747661,ZNB,Zeta Network Group,zeta network group
1747777,OTF,Blue Owl Technology Finance Corp.,blue owl technology finance
1748137,NEOVW,NeoVolta Inc.,neovolta
1748137,NEOV,NeoVolta Inc.,neovolta
1748680,OWSCX,1WS Credit Income Fund,1ws credit income fund
1748790,AMCR,Amcor plc,amcor plc
1748790,AMCCF,Amcor plc,amcor plc
1748797,DOO,BRP Inc.,brp
1748824,AAMI,Acadian Asset Management Inc.,acadian asset management
1748945,HZEN,Grayscale Horizen Trust (ZEN),grayscale horizen trust (zen)
1749723,NFE,New Fortress Energy Inc.,new fortress energy
1750106,AEI,Alset Inc.,alset
1750149,IKT,"Inhibikase Therapeutics, Inc.",inhibikase therapeutics
1750155,CWBHF,"Charlotte's Web Holdings, Inc.",charlotte's web holdings
1750264,MAAS,Maase Inc.,maase
1750284,OLMA,"Olema Pharmaceuticals, Inc.",olema pharmaceuticals
1750593,DUO,Fangdd Network Group Ltd.,fangdd network group
1750704,HAWK,"HawkEye 360, Inc.",hawkeye 360
1750735,MRBK,Meridian Corp,meridian
1750777,HWKE,"Hawkeye Systems, Inc.",hawkeye systems
1751008,APP,AppLovin Corp,applovin
1751162,CHWRF,China Tower Corp Limited/ADR,china tower corp limited/adr
1751707,OZVN,OZ VISION INC.,oz vision
1751783,RBKB,"Rhinebeck Bancorp, Inc.",rhinebeck bancorp
1751788,DOW,DOW INC.,dow
1751876,PAVS,Paranovus Entertainment Technology Ltd.,paranovus entertainment technology
1751912,NGEN,NERVGEN PHARMA CORP.,nervgen pharma
1752564,MRCIF,"Mercari, Inc./ADR","mercari, inc./adr"
1752828,CELUW,Celularity Inc,celularity
1752828,CELU,Celularity Inc,celularity
1753162,FTHM,Fathom Holdings Inc.,fathom holdings
1753368,SANG,Sangoma Technologies Corp,sangoma technologies
1753373,MTWO,"M2i Global, Inc.",m2i global
1753391,QSJC,"TANCHENG GROUP CO., LTD.",tancheng group co
1753539,BKSY,BlackSky Technology Inc.,blacksky technology
1753539,BKSY-WT,BlackSky Technology Inc.,blacksky technology
1753673,SJ,Scienjoy Holding Corp,scienjoy holding
1753712,LARAX,Lord Abbett Credit Opportunities Fund,lord abbett credit opportunities fund
1754068,KLRS,"Kalaris Therapeutics, Inc.",kalaris therapeutics
1754088,MPNGF,Meituan Dianping/ADR,meituan dianping/adr
1754170,ASLE,AerSale Corp,aersale
1754180,VNTXF,FORTE GROUP HOLDINGS INC.,forte group holdings
1754195,TRLV,Trulieve Cannabis Corp.,trulieve cannabis
1754226,OBT,"Orange County Bancorp, Inc. /DE/","orange county bancorp, inc. /de/"
1754301,FOXA,Fox Corp,fox
1754301,FOX,Fox Corp,fox
1754581,FUTU,Futu Holdings Ltd,futu holdings
1754836,EICA,Eagle Point Income Co Inc.,eagle point income
1754836,EIC,Eagle Point Income Co Inc.,eagle point income
1755058,AUC,ATIF Holdings Ltd,atif holdings
1755101,ALDS,APPlife Digital Solutions Inc,applife digital solutions
1755237,CYCN,"Cyclerion Therapeutics, Inc.",cyclerion therapeutics
1755672,CTVA,"Corteva, Inc.",corteva
1755953,ABTC,American Bitcoin Corp.,american bitcoin
1756064,OBAI,"Our Bond, Inc.",our bond
1756180,NCRA,"NOCERA, INC.",nocera
1756262,TMDX,"TransMedics Group, Inc.",transmedics group
1756390,AAWH,"Ascend Wellness Holdings, Inc.",ascend wellness holdings
1756404,PDSKX,Principal Real Asset Fund,principal real asset fund
1756404,PDSRX,Principal Real Asset Fund,principal real asset fund
1756594,IVEVF,Inventiva S.A.,inventiva s.a
1756594,IVA,Inventiva S.A.,inventiva s.a
1756607,EQX,Equinox Gold Corp.,equinox gold
1756655,ARDT,"Ardent Health, Inc.",ardent health
1756699,TIGR,UP Fintech Holding Ltd,up fintech holding
1756708,JMIA,Jumia Technologies AG,jumia technologies ag
1756770,CURLF,"Curaleaf Holdings, Inc.",curaleaf holdings
1756908,PDX,PIMCO Dynamic Income Strategy Fund,pimco dynamic income strategy fund
1757073,NVST,Envista Holdings Corp,envista holdings
1757143,PAIYY,Aesthetic Medical International Holdings Group Ltd,aesthetic medical international holdings group
1757499,SHPH,"Shuttle Pharmaceuticals Holdings, Inc.",shuttle pharmaceuticals holdings
1757715,ATER,"Aterian, Inc.",aterian
1757840,INDO,Indonesia Energy Corp Ltd,indonesia energy corp
1757898,STE,STERIS plc,steris plc
1758009,QUBT,Quantum Computing Inc.,quantum computing
1758021,KRT,Karat Packaging Inc.,karat packaging
1758124,CNTMF,Fluent Corp.,fluent
1758488,OSW,ONESPAWORLD HOLDINGS Ltd,onespaworld holdings
1758530,SY,So-Young International Inc.,so-young international
1758699,TRSO,TRANSUITE.ORG INC.,transuite.org
1758730,TW,Tradeweb Markets Inc.,tradeweb markets
1758766,STEM,"STEM, INC.",stem
1759124,IAUM,iShares Gold Trust Micro,ishares gold trust micro
1759136,BHATF,Blue Hat Interactive Entertainment Technology,blue hat interactive entertainment technology
1759138,CABA,"Cabaletta Bio, Inc.",cabaletta bio
1759186,ZSQR,Z Squared Inc.,z squared
1759425,MIRM,"Mirum Pharmaceuticals, Inc.",mirum pharmaceuticals
1759509,LYFT,"Lyft, Inc.",lyft
1759546,NRDE,Stark Novus Financial Inc.,stark novus financial
1759614,YJ,Yunji Inc.,yunji
1759631,HYLN,Hyliion Holdings Corp.,hyliion holdings
1759655,PRVA,"Privia Health Group, Inc.",privia health group
1759774,PSTL,"Postal Realty Trust, Inc.",postal realty trust
1759783,EH,EHang Holdings Ltd,ehang holdings
1759824,ALTG-PA,ALTA EQUIPMENT GROUP INC.,alta equipment group
1759824,ALTG,ALTA EQUIPMENT GROUP INC.,alta equipment group
1760026,RMTG,Regenerative Medical Technology Group Inc.,regenerative medical technology group
1760233,GIFT,"GIFTIFY, INC.",giftify
1760689,MVST,"Microvast Holdings, Inc.",microvast holdings
1760689,MVSTW,"Microvast Holdings, Inc.",microvast holdings
1760854,NBTX,Nanobiotix S.A.,nanobiotix s.a
1760854,NNBXF,Nanobiotix S.A.,nanobiotix s.a
1760903,BNKK,"BONK, INC.",bonk
1760965,KTB,"Kontoor Brands, Inc.",kontoor brands
1761312,PLMR,"Palomar Holdings, Inc.",palomar holdings
1761325,GXLM,Grayscale Stellar Lumens Trust (XLM),grayscale stellar lumens trust (xlm)
1761612,BCYC,BICYCLE THERAPEUTICS PLC,bicycle therapeutics plc
1761918,ERAS,"Erasca, Inc.",erasca
1762239,KAVL,"Kaival Brands Innovations Group, Inc.",kaival brands innovations group
1762301,FVRR,Fiverr International Ltd.,fiverr international
1762303,RCEL,"AVITA Medical, Inc.",avita medical
1762303,AVHHL,"AVITA Medical, Inc.",avita medical
1762417,DOYU,DouYu International Holdings Ltd,douyu international holdings
1762506,VSOGF,"Vista Energy, S.A.B. de C.V.","vista energy, s.a.b. de c.v"
1762506,VIST,"Vista Energy, S.A.B. de C.V.","vista energy, s.a.b. de c.v"
1763329,AIBT,"AIBOTICS, INC.",aibotics
1763415,BITB,Bitwise Bitcoin ETF,bitwise bitcoin etf
1763660,SEAV,SEATech Ventures Corp.,seatech ventures
1763925,CJAX,CoJax Oil & Gas Corp,cojax oil & gas
1763950,LTRN,Lantern Pharma Inc.,lantern pharma
1764013,IMVT,"Immunovant, Inc.",immunovant
1764046,CLVT,CLARIVATE PLC,clarivate plc
1764757,DIDIY,DiDi Global Inc.,didi global
1765048,GCGJ,GUOCHUN INTERNATIONAL INC.,guochun international
1765651,PSPX,Pacific Sports Exchange Inc.,pacific sports exchange
1765812,PHDWY,"PT Ace Hardware Indonesia, Tbk./ADR","pt ace hardware indonesia, tbk./adr"
1765850,AURE,Aurelion Inc.,aurelion
1766140,UNCY,"Unicycive Therapeutics, Inc.",unicycive therapeutics
1766368,MEC,"Mayville Engineering Company, Inc.",mayville engineering company
1766400,PNTG,"Pennant Group, Inc.",pennant group
1766478,AOMD,"Angel Oak Mortgage REIT, Inc.",angel oak mortgage reit
1766478,AOMN,"Angel Oak Mortgage REIT, Inc.",angel oak mortgage reit
1766478,AOMR,"Angel Oak Mortgage REIT, Inc.",angel oak mortgage reit
1766502,CHWY,"Chewy, Inc.",chewy
1766600,SNDL,SNDL Inc.,sndl
1766868,ADDTF,Addtech AB/ADR,addtech ab/adr
1767042,KGS,"Kodiak Gas Services, Inc.",kodiak gas services
1767057,OBTC,Osprey Bitcoin Trust,osprey bitcoin trust
1767258,XPEL,"XPEL, Inc.",xpel
1767582,LKNCY,Luckin Coffee Inc.,luckin coffee
1767837,RMBI,"Richmond Mutual Bancorporation, Inc.",richmond mutual bancorporation
1768224,ARCT,Arcturus Therapeutics Holdings Inc.,arcturus therapeutics holdings
1768259,GOTU,Gaotu Techedu Inc.,gaotu techedu
1768267,CRNC,Cerence Inc.,cerence
1768446,CLYM,"Climb Bio, Inc.",climb bio
1768666,BSTZ,BlackRock Science & Technology Term Trust,blackrock science & technology term trust
1769256,XHG,XChange TEC.INC,xchange tec.inc
1769484,BIOX,Bioceres Crop Solutions Corp.,bioceres crop solutions
1769624,ILLR,Triller Group Inc.,triller group
1769624,ILLRW,Triller Group Inc.,triller group
1769628,CRWV,"CoreWeave, Inc.",coreweave
1769663,PBFS,"Pioneer Bancorp, Inc./MD","pioneer bancorp, inc./md"
1769697,FNUC,Frontier Nuclear & Minerals Inc.,frontier nuclear & minerals
1769731,AMTD,AMTD IDEA GROUP,amtd idea group
1769768,EJH,E-Home Household Service Holdings Ltd,e-home household service holdings
1770069,MPLT,"MapLight Therapeutics, Inc.",maplight therapeutics
1770088,WIMI,WiMi Hologram Cloud Inc.,wimi hologram cloud
1770121,SANA,"Sana Biotechnology, Inc.",sana biotechnology
1770236,MITQ,MOVING iMAGE TECHNOLOGIES INC.,moving image technologies
1770450,XRX,Xerox Holdings Corp,xerox holdings
1770450,XRXDW,Xerox Holdings Corp,xerox holdings
1770501,VENU,Venu Holding Corp,venu holding
1770561,CODQL,Coronado Global Resources Inc.,coronado global resources
1770787,TXG,"10x Genomics, Inc.",10x genomics
1771007,AFYA,Afya Ltd,afya
1771039,SSEBF,SILVER SPRUCE RESOURCES INC.,silver spruce resources
1771226,RMM,"RiverNorth Managed Duration Municipal Income Fund, Inc.",rivernorth managed duration municipal income fund
1771515,GO,Grocery Outlet Holding Corp.,grocery outlet holding
1771706,VREOF,Vireo Growth Inc.,vireo growth
1771755,SWISF,Sekur Private Data Ltd.,sekur private data
1771885,QNTM,Quantum Biopharma Ltd.,quantum biopharma
1771910,ADCT,ADC Therapeutics SA,adc therapeutics sa
1771995,APHP,American Picture House Corp,american picture house
1772016,BRBR,"BELLRING BRANDS, INC.",bellring brands
1772177,KRUS,"KURA SUSHI USA, INC.",kura sushi usa
1772253,FLNG,Flex LNG Ltd.,flex lng
1772720,SPRU,SPRUCE POWER HOLDING CORP,spruce power holding
1772921,ONEW,OneWater Marine Inc.,onewater marine
1773383,DT,"Dynatrace, Inc.",dynatrace
1773751,HIMS,"Hims & Hers Health, Inc.",hims & hers health
1774163,IVBXF,Innovent Biologics Inc/ADR,innovent biologics inc/adr
1774170,AIOT,"Powerfleet, Inc.",powerfleet
1774342,NMCO,Nuveen Municipal Credit Opportunities Fund,nuveen municipal credit opportunities fund
1774675,SKIL,Skillsoft Corp.,skillsoft
1774857,AARD,"Aardvark Therapeutics, Inc.",aardvark therapeutics
1775194,UPXI,"UPEXI, INC.",upexi
1775734,BENF,Beneficient,beneficient
1775734,BENFW,Beneficient,beneficient
1775898,UCL,uCloudlink Group Inc.,ucloudlink group
1776067,OCG,Oriental Culture Holding LTD,oriental culture holding
1776073,CBDL,CBD Life Sciences Inc.,cbd life sciences
1776111,MBX,"MBX Biosciences, Inc.",mbx biosciences
1776661,ADV,Advantage Solutions Inc.,advantage solutions
1776909,CURI,CuriosityStream Inc.,curiositystream
1776985,BNTX,BioNTech SE,biontech se
1777319,CISO,"CISO Global, Inc.",ciso global
1777393,CHPT,"ChargePoint Holdings, Inc.",chargepoint holdings
1777765,VQSSF,VIQ Solutions Inc.,viq solutions
1777835,PWP,Perella Weinberg Partners,perella weinberg partners
1777921,AVPT,"AvePoint, Inc.",avepoint
1778016,NBP,NovaBridge Biosciences,novabridge biosciences
1778114,AIO,Virtus Artificial Intelligence & Technology Opportunities Fund,virtus artificial intelligence & technology opportunities fund
1778129,TSNDF,TerrAscend Corp.,terrascend
1778788,WEBJF,Webjet Limited/ADR,webjet limited/adr
1778922,SGP,"SpyGlass Pharma, Inc.",spyglass pharma
1778940,NRRSF,Norsemont Mining Inc.,norsemont mining
1778982,HUIZ,Huize Holding Ltd,huize holding
1779128,SRTA,"Strata Critical Medical, Inc.",strata critical medical
1779372,BEAT,"HeartBeam, Inc.",heartbeam
1779372,BEATW,"HeartBeam, Inc.",heartbeam
1779474,MAPS,"WM TECHNOLOGY, INC.",wm technology
1779476,KRKR,36Kr Holdings Inc.,36kr holdings
1779578,BGM,BGM Group Ltd.,bgm group
1779977,SEQC,"SeeQC, Inc.",seeqc
1780201,LVLU,"Lulu's Fashion Lounge Holdings, Inc.",lulu's fashion lounge holdings
1780232,GFL,GFL Environmental Inc.,gfl environmental
1780312,ASTS,"AST SpaceMobile, Inc.",ast spacemobile
1780652,CAN,Canaan Inc.,canaan
1780731,EPOW,E-Power Inc.,e-power
1780785,CNEY,CN ENERGY GROUP. INC.,cn energy group
1781162,MNTS,Momentus Inc.,momentus
1781162,MNTSW,Momentus Inc.,momentus
1781174,ACRV,"Acrivon Therapeutics, Inc.",acrivon therapeutics
1781193,QH,QUHUO Ltd,quhuo
1781335,OTIS,Otis Worldwide Corp,otis worldwide
1781397,EEIQ,EpicQuest Education Group International Ltd,epicquest education group international
1781446,GAUZ,Gauzy Ltd.,gauzy
1781629,ANKM,"Ankam, Inc.",ankam
1781726,ACAT,NP Life Sciences Health Industry Group Inc.,np life sciences health industry group
1781730,TCBX,"Third Coast Bancshares, Inc.",third coast bancshares
1781753,DAO,"Youdao, Inc.",youdao
1781755,BWIN,"Baldwin Insurance Group, Inc.",baldwin insurance group
1781983,APRE,"Aprea Therapeutics, Inc.",aprea therapeutics
1782037,YGMZF,MingZhu Logistics Holdings Ltd,mingzhu logistics holdings
1782107,ONCO,"Onconetix, Inc.",onconetix
1782170,RELY,"Remitly Global, Inc.",remitly global
1782223,PYXS,"Pyxis Oncology, Inc.",pyxis oncology
1782265,GIXI,Gix Internet Ltd.,gix internet
1782303,BOLD,"Boundless Bio, Inc.",boundless bio
1782309,EDTK,Skillful Craftsman Education Technology Ltd,skillful craftsman education technology
1782430,STRW,"Strawberry Fields REIT, Inc.",strawberry fields reit
1782524,MSDL,Morgan Stanley Direct Lending Fund,morgan stanley direct lending fund
1782941,TIRXF,TIAN RUIXIANG HOLDINGS LTD,tian ruixiang holdings
1782999,PRTCY,PureTech Health plc,puretech health plc
1782999,PTCHF,PureTech Health plc,puretech health plc
1783036,NCEL,NewcelX Ltd.,newcelx
1783180,CARR,CARRIER GLOBAL Corp,carrier global
1783183,PHAT,"Phathom Pharmaceuticals, Inc.",phathom pharmaceuticals
1783328,TCRX,"TScan Therapeutics, Inc.",tscan therapeutics
1783398,UWMC,UWM Holdings Corp,uwm holdings
1783407,SOGP,Sound Group Inc.,sound group
1783432,TETOF,Tectonic Metals Inc.,tectonic metals
1783879,HOOD,"Robinhood Markets, Inc.",robinhood markets
1784058,PNYG,Pony Group Inc.,pony group
1784254,MDIA,Mediaco Holding Inc.,mediaco holding
1784440,BHIC,"BioScience Health Innovations, Inc.",bioscience health innovations
1784535,PRCH,"Porch Group, Inc.",porch group
1784570,BETA,"BETA Technologies, Inc.",beta technologies
1784930,MAKO,Mako Mining Corp.,mako mining
1784970,NXTT,Next Technology Holding Inc.,next technology holding
1785056,TRNR,"Interactive Strength, Inc.",interactive strength
1785279,MGX,"Metagenomi Therapeutics, Inc.",metagenomi therapeutics
1785424,KPLT,"Katapult Holdings, Inc.",katapult holdings
1785476,TBXXF,King Copper Discovery Corp.,king copper discovery
1785493,RHNO,RHINO BITCOIN INC.,rhino bitcoin
1785494,WBQNL,Woodbridge Liquidation Trust,woodbridge liquidation trust
1785530,HOWL,"Werewolf Therapeutics, Inc.",werewolf therapeutics
1785566,ZCMD,Zhongchao Inc.,zhongchao
1785680,BVC,BitVentures Ltd,bitventures
1785971,BMEZ,BlackRock Health Sciences Term Trust,blackrock health sciences term trust
1786108,TRINI,Trinity Capital Inc.,trinity capital
1786108,TRINZ,Trinity Capital Inc.,trinity capital
1786108,TRIN,Trinity Capital Inc.,trinity capital
1786117,PINE-PA,"Alpine Income Property Trust, Inc.",alpine income property trust
1786117,PINE,"Alpine Income Property Trust, Inc.",alpine income property trust
1786248,NREF-PA,"NexPoint Real Estate Finance, Inc.",nexpoint real estate finance
1786248,NREF,"NexPoint Real Estate Finance, Inc.",nexpoint real estate finance
1786286,DPRO,Draganfly Inc.,draganfly
1786318,IBATF,INTERNATIONAL BATTERY METALS LTD.,international battery metals
1786352,BILL,"BILL Holdings, Inc.",bill holdings
1786431,REYN,Reynolds Consumer Products Inc.,reynolds consumer products
1786471,SEV,Aptera Motors Corp,aptera motors
1786842,VNT,Vontier Corp,vontier
1786909,SBSW,Sibanye Stillwater Ltd,sibanye stillwater
1786909,SBYSF,Sibanye Stillwater Ltd,sibanye stillwater
1787117,REF,Reformation Inc.,reformation
1787297,PASG,"Passage BIO, Inc.",passage bio
1787306,ARQT,"Arcutis Biotherapeutics, Inc.",arcutis biotherapeutics
1787400,NKTX,"Nkarta, Inc.",nkarta
1787414,BSBK,Bogota Financial Corp.,bogota financial
1787425,XP,XP Inc.,xp
1787518,DFNS,T3 Defense Inc.,t3 defense
1787518,DFNSW,T3 Defense Inc.,t3 defense
1787740,VBIO,"Valion Bio, Inc.",valion bio
1787803,WNW,Meiwu Technology Co Ltd,meiwu technology
1788028,JSPR,"Jasper Therapeutics, Inc.",jasper therapeutics
1788028,JSPRW,"Jasper Therapeutics, Inc.",jasper therapeutics
1788060,VOYG,"Voyager Technologies, Inc./TX","voyager technologies, inc./tx"
1788230,IPST,"IP STRATEGY HOLDINGS, INC.",ip strategy holdings
1788257,BWMX,"BETTERWARE DE MEXICO, S.A.P.I. DE C.V","betterware de mexico, s.a.p.i. de c.v"
1788348,BIPC,Brookfield Infrastructure Corp,brookfield infrastructure
1788399,DLY,DoubleLine Yield Opportunities Fund,doubleline yield opportunities fund
1788451,LIFE,Ethos Technologies Inc.,ethos technologies
1788707,ADYYF,Adyen N.V./ADR,adyen n.v./adr
1788841,MCOMW,micromobility.com Inc.,micromobility.com
1788841,MCOM,micromobility.com Inc.,micromobility.com
1788882,ROOT,"Root, Inc.",root
1788999,XPER,Xperi Inc.,xperi
1789029,AEVA,"Aeva Technologies, Inc.",aeva technologies
1789192,NXTS,Nexentis Technologies Inc.,nexentis technologies
1789299,FXHO,UTime Ltd,utime
1789444,PSKRF,Protector Forsikring/ADR,protector forsikring/adr
1789769,TIL,"Instil Bio, Inc.",instil bio
1789832,HESM,Hess Midstream LP,hess midstream
1789940,FWRG,"First Watch Restaurant Group, Inc.",first watch restaurant group
1789972,CGEM,"Cullinan Therapeutics, Inc.",cullinan therapeutics
1790169,ZSTK,ZeroStack Corp.,zerostack
1790177,RFM,"RiverNorth Flexible Municipal Income Fund, Inc.",rivernorth flexible municipal income fund
1790340,IMRX,Immuneering Corp,immuneering
1790538,SCTSF,Scottie Resources Corp.,scottie resources
1790607,EMGDF,Eminent Gold Corp.,eminent gold
1790693,DGNOF,Diagnos Inc.,diagnos
1791145,GBFH,GBank Financial Holdings Inc.,gbank financial holdings
1791703,TII,Titan Mining Corp,titan mining
1791706,LAAOF,Li Auto Inc.,li auto
1791706,LI,Li Auto Inc.,li auto
1791725,HUDI,"Huadi International Group Co., Ltd.",huadi international group co
1791863,BEPC,Brookfield Renewable Corp,brookfield renewable
1791929,DPUI,"DISCOUNT PRINT USA, INC.",discount print usa
1791942,JBS,JBS N.V.,jbs n.v
1792030,IMCC,IM Cannabis Corp.,im cannabis
1792044,VTRS,Viatris Inc,viatris
1792267,BNR,Burning Rock Biotech Ltd,burning rock biotech
1792580,OVV,Ovintiv Inc.,ovintiv
1792781,CURV,Torrid Holdings Inc.,torrid holdings
1792789,DASH,"DoorDash, Inc.",doordash
1792849,HPK,"HighPeak Energy, Inc.",highpeak energy
1792941,GNVR,Genvor Inc,genvor
1793129,NDMO,Nuveen Dynamic Municipal Opportunities Fund,nuveen dynamic municipal opportunities fund
1793229,CTEV,Claritev Corp,claritev
1793497,SVIX,VS Trust,vs trust
1793497,UVIX,VS Trust,vs trust
1793659,RSI,"Rush Street Interactive, Inc.",rush street interactive
1793663,VTEX,VTEX,vtex
1793855,ASGI,abrdn Global Infrastructure Income Fund,abrdn global infrastructure income fund
1793882,PTA,Cohen & Steers Tax-Advantaged Preferred Securities & Income Fund,cohen & steers tax-advantaged preferred securities & income fund
1793895,CDTG,CDT Environmental Technology Investment Holdings Ltd,cdt environmental technology investment holdings
1794276,ZHJD,Intelligent Hotel Group Ltd.,intelligent hotel group
1794338,IGIC,International General Insurance Holdings Ltd.,international general insurance holdings
1794350,YALA,Yalla Group Ltd,yalla group
1794363,SDMHF,Sartorius Stedim Biotech S.A./ADR,sartorius stedim biotech s.a./adr
1794515,GTM,ZoomInfo Technologies Inc.,zoominfo technologies
1794546,CARL,"CARLSMED, INC.",carlsmed
1794669,FOUR-PA,"Shift4 Payments, Inc.",shift4 payments
1794669,FOUR,"Shift4 Payments, Inc.",shift4 payments
1794776,PSBD,Palmer Square Capital BDC Inc.,palmer square capital bdc
1794783,SLQT,"SelectQuote, Inc.",selectquote
1794942,SKFG,"Stark Focus Group, Inc.",stark focus group
1795091,OSTX,OS Therapies Inc,os therapies
1795139,GTBIF,Green Thumb Industries Inc.,green thumb industries
1795250,SPHR,Sphere Entertainment Co.,sphere entertainment
1795251,NNOX,Nano-X Imaging Ltd.,nano-x imaging
1795586,CHYM,"Chime Financial, Inc.",chime financial
1795589,KC,Kingsoft Cloud Holdings Ltd,kingsoft cloud holdings
1795589,KCLHF,Kingsoft Cloud Holdings Ltd,kingsoft cloud holdings
1795815,BCAL,California BanCorp \ CA,california bancorp \ ca
1795851,SWRD,"Stewards, Inc.",stewards
1796022,STEP,StepStone Group Inc.,stepstone group
1796026,DNOPF,Dino Polska S.A./ADR,dino polska s.a./adr
1796073,VZLA,Vizsla Silver Corp.,vizsla silver
1796209,APG,APi Group Corp,api group
1796280,ORIC,"Oric Pharmaceuticals, Inc.",oric pharmaceuticals
1796514,BTCT,BTC Digital Ltd.,btc digital
1796898,MAXNQ,"Maxeon Solar Technologies, Ltd.",maxeon solar technologies
1796949,GFLT,"GenFlat Holdings, Inc.",genflat holdings
1798100,NTST,NETSTREIT Corp.,netstreit
1798562,TMCWW,TMC the metals Co Inc.,tmc the metals
1798562,TMC,TMC the metals Co Inc.,tmc the metals
1798618,PDO,PIMCO Dynamic Income Opportunities Fund,pimco dynamic income opportunities fund
1798749,JBIO,"Jade Biosciences, Inc.",jade biosciences
1799011,LUCD,Lucid Diagnostics Inc.,lucid diagnostics
1799191,DFPH,"Oncology Institute, Inc.",oncology institute
1799191,TOIIW,"Oncology Institute, Inc.",oncology institute
1799191,TOI,"Oncology Institute, Inc.",oncology institute
1799207,AUNA,AUNA S.A.,auna s.a
1799290,EBON,Ebang International Holdings Inc.,ebang international holdings
1799448,ALGS,"Aligos Therapeutics, Inc.",aligos therapeutics
1799567,DDI,"DoubleDown Interactive Co., Ltd.",doubledown interactive co
1799788,GLSI,"Greenwich LifeSciences, Inc.",greenwich lifesciences
1800227,PPLI,People Inc,people
1800315,DMRA,"Damora Therapeutics, Inc.",damora therapeutics
1800373,GWLL,"GOLDENWELL BIOTECH, INC.",goldenwell biotech
1800392,MLGO,MicroAlgo Inc.,microalgo
1800392,VENAF,MicroAlgo Inc.,microalgo
1800637,RYM,"RYTHM, Inc.",rythm
1800667,FROG,JFrog Ltd,jfrog
1800890,LFLRF,LaFleur Minerals Inc..,lafleur minerals inc
1801169,OPENL,Opendoor Technologies Inc.,opendoor technologies
1801169,OPEN,Opendoor Technologies Inc.,opendoor technologies
1801169,OPENW,Opendoor Technologies Inc.,opendoor technologies
1801169,OPENZ,Opendoor Technologies Inc.,opendoor technologies
1801170,CLOV,"CLOVER HEALTH INVESTMENTS, CORP. /DE","clover health investments, corp. /de"
1801198,LEGN,Legend Biotech Corp,legend biotech
1801368,MP,MP Materials Corp. / DE,mp materials corp. / de
1801417,BYNOU,byNordic Acquisition Corp,bynordic acquisition
1801417,BYNOW,byNordic Acquisition Corp,bynordic acquisition
1801417,BYNO,byNordic Acquisition Corp,bynordic acquisition
1801602,SBIG,"SpringBig Holdings, Inc.",springbig holdings
1801602,SBIGW,"SpringBig Holdings, Inc.",springbig holdings
1801661,FIRY,Firy Inc.,firy
1801729,NCLTY,"Nitori Holdings Co., Ltd.",nitori holdings co
1801729,NCLTF,"Nitori Holdings Co., Ltd.",nitori holdings co
1801834,PRFX,PRF Technologies Ltd.,prf technologies
1802156,XPOF,"Xponential Fitness, Inc.",xponential fitness
1802255,GRDN,"Guardian Pharmacy Services, Inc.",guardian pharmacy services
1802450,MSPRZ,"MSP Recovery, Inc.",msp recovery
1802450,MSPR,"MSP Recovery, Inc.",msp recovery
1802450,MSPRW,"MSP Recovery, Inc.",msp recovery
1802665,HRMY,"Harmony Biosciences Holdings, Inc.",harmony biosciences holdings
1802768,RPRX,Royalty Pharma plc,royalty pharma plc
1802883,API,"Agora, Inc.",agora
1802974,AVO,"Mission Produce, Inc.",mission produce
1803096,STRG,"STARGUIDE GROUP, INC.",starguide group
1803407,OST,"Ostin Technology Group Co., Ltd.",ostin technology group co
1803599,CNXC,Concentrix Corp,concentrix
1803696,ADEA,Adeia Inc.,adeia
1803800,TSKFF,Talisker Resources Ltd.,talisker resources
1803901,TALK,"Talkspace, Inc.",talkspace
1803914,PLBY,"Playboy, Inc.",playboy
1803977,LIMX,Limitless X Holdings Inc.,limitless x holdings
1804176,BFLY,"Butterfly Network, Inc.",butterfly network
1804469,GFAI,"Guardforce AI Co., Ltd.",guardforce ai co
1804469,GFAIW,"Guardforce AI Co., Ltd.",guardforce ai co
1804583,RAASY,Cloopen Group Holding Ltd,cloopen group holding
1804745,DRVN,Driven Brands Holdings Inc.,driven brands holdings
1804792,USAM,ARES STRATEGIC MINING INC.,ares strategic mining
1804792,ARSMF,ARES STRATEGIC MINING INC.,ares strategic mining
1805077,EOSE,"Eos Energy Enterprises, Inc.",eos energy enterprises
1805077,EOSER,"Eos Energy Enterprises, Inc.",eos energy enterprises
1805284,RKT,"Rocket Companies, Inc.",rocket companies
1805385,EVLVW,"Evolv Technologies Holdings, Inc.",evolv technologies holdings
1805385,EVLV,"Evolv Technologies Holdings, Inc.",evolv technologies holdings
1805521,FFAIW,FARADAY FUTURE INTELLIGENT ELECTRIC INC.,faraday future intelligent electric
1805521,FFAI,FARADAY FUTURE INTELLIGENT ELECTRIC INC.,faraday future intelligent electric
1805526,DFDV,DeFi Development Corp.,defi development
1805526,DFDVW,DeFi Development Corp.,defi development
1805526,DFUKF,DeFi Development Corp.,defi development
1805594,JWEL,Jowell Global Ltd.,jowell global
1805651,MKTW,"MARKETWISE, INC.",marketwise
1805833,SSTPW,"System1, Inc.",system1
1805833,SST,"System1, Inc.",system1
1806201,LPRO,Open Lending Corp,open lending
1806310,TSHA,"Taysha Gene Therapies, Inc.",taysha gene therapies
1806347,WEST,Westrock Coffee Co,westrock coffee
1806524,LGHL,Lion Group Holding Ltd,lion group holding
1806837,VERX,"Vertex, Inc.",vertex
1806904,EZGO,EZGO Technologies Ltd.,ezgo technologies
1806952,LYEL,"Lyell Immunopharma, Inc.",lyell immunopharma
1807046,OZ,"Belpointe PREP, LLC",belpointe prep
1807120,DSGN,"Design Therapeutics, Inc.",design therapeutics
1807166,AMST,Amesite Inc.,amesite
1807389,CPOP,"Pop Culture Group Co., Ltd",pop culture group co
1807616,HIGR,Hi-Great Group Holding Co,hi-great group holding
1807689,FCCI,"FAST CASUAL CONCEPTS, INC.",fast casual concepts
1807765,PMVCW,PMV Consumer Acquisition Corp.,pmv consumer acquisition
1807765,PMVC,PMV Consumer Acquisition Corp.,pmv consumer acquisition
1807794,CRDO,Credo Technology Group Holding Ltd,credo technology group holding
1807887,LASE,Laser Photonics Corp,laser photonics
1807893,SPFX,"STANDARD PREMIUM FINANCE HOLDINGS, INC.",standard premium finance holdings
1807936,BABYD,Else Nutrition Holdings Inc.,else nutrition holdings
1807983,MDNAF,Medicenna Therapeutics Corp.,medicenna therapeutics
1808110,DDC,DDC Enterprise Ltd,ddc enterprise
1808220,GOCOQ,"GoHealth, Inc.",gohealth
1808377,LUCY,Innovative Eyewear Inc,innovative eyewear
1808377,LUCYW,Innovative Eyewear Inc,innovative eyewear
1808805,NAUT,"Nautilus Biotechnology, Inc.",nautilus biotechnology
1808834,PRG,"PROG Holdings, Inc.",prog holdings
1808898,BNTC,Benitec Biopharma Inc.,benitec biopharma
1808997,AOUT,"American Outdoor Brands, Inc.",american outdoor brands
1809104,ALIT,"Alight, Inc. / Delaware","alight, inc. / delaware"
1809158,KUKEY,Kuke Music Holding Ltd,kuke music holding
1809196,IMTX,Immatics N.V.,immatics n.v
1809267,DGCOF,Daura Capital Corp.,daura capital
1809519,GDRX,"GoodRx Holdings, Inc.",goodrx holdings
1809541,BCAT,BlackRock Capital Allocation Term Trust,blackrock capital allocation term trust
1809587,BEKE,KE Holdings Inc.,ke holdings
1809616,UPC,Universe Pharmaceuticals INC,universe pharmaceuticals
1809691,HKD,AMTD Digital Inc.,amtd digital
1809750,EDBL,Edible Garden AG Inc,edible garden ag
1809750,EDBLW,Edible Garden AG Inc,edible garden ag
1809987,MIR,"Mirion Technologies, Inc.",mirion technologies
1810019,RXT,"Rackspace Technology, Inc.",rackspace technology
1810182,ALXO,ALX ONCOLOGY HOLDINGS INC,alx oncology holdings
1810467,SNTG,Sentage Holdings Inc.,sentage holdings
1810523,FTHY,FIRST TRUST HIGH YIELD OPPORTUNITIES 2027 TERM FUND,first trust high yield opportunities 2027 term fund
1810546,EBC,"Eastern Bankshares, Inc.",eastern bankshares
1810560,REVBW,"REVELATION BIOSCIENCES, INC.",revelation biosciences
1810560,REVB,"REVELATION BIOSCIENCES, INC.",revelation biosciences
1810806,U,Unity Software Inc.,unity software
1810997,XPEV,XPENG INC.,xpeng
1810997,XPNGF,XPENG INC.,xpeng
1811063,NUVB,Nuvation Bio Inc.,nuvation bio
1811074,TPL,Texas Pacific Land Corp,texas pacific land
1811115,RENXF,Renalytix plc,renalytix plc
1811115,RNLXY,Renalytix plc,renalytix plc
1811210,LCID,"Lucid Group, Inc.",lucid group
1811216,BAOS,Baosheng Media Group Holdings Ltd,baosheng media group holdings
1811414,QS,QuantumScape Corp,quantumscape
1811530,NXMH,"Next Meats Holdings, Inc.",next meats holdings
1811931,APGOF,Apollo Silver Corp,apollo silver
1811935,PTRN,Pattern Group Inc.,pattern group
1811999,FMHS,"FARMHOUSE, INC. /NV","farmhouse, inc. /nv"
1812173,RBOTW,Vicarious Surgical Inc.,vicarious surgical
1812173,RBOT,Vicarious Surgical Inc.,vicarious surgical
1812286,VCRDX,Harrison Street Infrastructure Income Fund,harrison street infrastructure income fund
1812360,FOXOW,FOXO TECHNOLOGIES INC.,foxo technologies
1812360,FOXO,FOXO TECHNOLOGIES INC.,foxo technologies
1812360,FOXOD,FOXO TECHNOLOGIES INC.,foxo technologies
1812364,RLAY,"Relay Therapeutics, Inc.",relay therapeutics
1812447,SKYQ,Sky Quarry Inc.,sky quarry
1812477,KEEL,Keel Infrastructure Corp.,keel infrastructure
1812727,EZRA,"Reliance Global Group, Inc.",reliance global group
1812923,SDHY,PGIM Short Duration High Yield Opportunities Fund,pgim short duration high yield opportunities fund
1813241,GPGCF,Great Pacific Gold Corp.,great pacific gold
1813419,NBLXF,Noble Plains Uranium Corp.,noble plains uranium
1813452,PLNH,Planet 13 Holdings Inc.,planet 13 holdings
1813603,HSTA,Hestia Insight Inc.,hestia insight
1813744,WDSP,"World Scan Project, Inc.",world scan project
1813783,VMAR,Vision Marine Technologies Inc.,vision marine technologies
1813814,DFTX,"Definium Therapeutics, Inc.",definium therapeutics
1814067,LXEH,Lixiang Education Holding Co. Ltd.,lixiang education holding
1814114,OBIO,"Orchestra BioMed Holdings, Inc.",orchestra biomed holdings
1814215,BURU,"Nuburu, Inc.",nuburu
1814215,BURUW,"Nuburu, Inc.",nuburu
1814287,ABX,"Abacus Global Management, Inc.",abacus global management
1814287,ABXL,"Abacus Global Management, Inc.",abacus global management
1814423,IH,iHuman Inc.,ihuman
1814963,ILAG,Intelligent Living Application Group Inc.,intelligent living application group
1814974,BBXIA,"BBX Capital, Inc.",bbx capital
1814974,BBXIB,"BBX Capital, Inc.",bbx capital
1815021,BQ,Boqii Holding Ltd,boqii holding
1815442,KYMR,"Kymera Therapeutics, Inc.",kymera therapeutics
1815566,IFBD,"Infobird Co., Ltd",infobird co
1815620,CKDXF,Opthea Ltd,opthea
1815620,CYVNY,Opthea Ltd,opthea
1815632,TGCB,"Tego Cyber, Inc.",tego cyber
1815776,LENZ,"LENZ Therapeutics, Inc.",lenz therapeutics
1815779,HAFN,Hafnia Ltd,hafnia
1815846,MSOGF,MINISO Group Holding Ltd,miniso group holding
1815846,MNSO,MINISO Group Holding Ltd,miniso group holding
1815903,PTPI,"Petros Pharmaceuticals, Inc.",petros pharmaceuticals
1815974,ANEB,"Anebulo Pharmaceuticals, Inc.",anebulo pharmaceuticals
1816007,LU,Lufax Holding Ltd,lufax holding
1816017,SPIR,"Spire Global, Inc.",spire global
1816133,FRECF,Frequency Exchange Corp.,frequency exchange
1816172,JZXN,"Jiuzi Holdings, Inc.",jiuzi holdings
1816319,LYTHF,Lytus Technologies Holdings PTV. Ltd.,lytus technologies holdings ptv
1816431,QSI,Quantum-Si Inc,quantum-si
1816554,EVTK,EVENTIKO INC.,eventiko
1816581,OUST,"Ouster, Inc.",ouster
1816590,CMPS,COMPASS Pathways plc,compass pathways plc
1816708,OWLT,"Owlet, Inc.",owlet
1816736,IRON,"Disc Medicine, Inc.",disc medicine
1816815,BON,Bon Natural Life Ltd,bon natural life
1817004,NXXT,"NEXTNRG, INC.",nextnrg
1817083,ELECF,Electric Royalties Ltd.,electric royalties
1817159,RFMZ,"RiverNorth Flexible Municipal Income Fund II, Inc.",rivernorth flexible municipal income fund ii
1817161,HWAUF,Headwater Gold Inc.,headwater gold
1817229,VOR,Vor Biopharma Inc.,vor biopharma
1817232,HGASW,Global Gas Corp,global gas
1817232,HGAS,Global Gas Corp,global gas
1817241,ARTV,"Artiva Biotherapeutics, Inc.",artiva biotherapeutics
1817358,ASO,"Academy Sports & Outdoors, Inc.",academy sports & outdoors
1817511,SOPAQ,SOCIETY PASS INCORPORATED.,society pass incorporated
1817713,JANX,"Janux Therapeutics, Inc.",janux therapeutics
1817740,AUST,Austin Gold Corp.,austin gold
1817760,SMTK,"SmartKem, Inc.",smartkem
1818093,SKIN,SkinHealth Systems Inc.,skinhealth systems
1818201,CCC,CCC Intelligent Solutions Holdings Inc.,ccc intelligent solutions holdings
1818274,ARAI,Arrive AI Inc.,arrive ai
1818331,WGSWW,GeneDx Holdings Corp.,genedx holdings
1818331,WGS,GeneDx Holdings Corp.,genedx holdings
1818382,HUMAW,"Humacyte, Inc.",humacyte
1818382,HUMA,"Humacyte, Inc.",humacyte
1818383,MAX,"MediaAlpha, Inc.",mediaalpha
1818502,OPFI,OppFi Inc.,oppfi
1818643,PHXE-P,"Phoenix Energy One, LLC",phoenix energy one
1818644,LIDRW,"AEye, Inc.",aeye
1818644,LIDR,"AEye, Inc.",aeye
1818794,DYN,"Dyne Therapeutics, Inc.",dyne therapeutics
1818838,ADAG,Adagene Inc.,adagene
1818844,DWTX,"Dogwood Therapeutics, Inc.",dogwood therapeutics
1818874,SOFI,"SoFi Technologies, Inc.",sofi technologies
1819133,TNGX,"Tango Therapeutics, Inc.",tango therapeutics
1819142,SES-WT,SES AI Corp,ses ai
1819142,SES,SES AI Corp,ses ai
1819175,PRIAF,Prime Impact Acquisition I,prime impact acquisition i
1819253,BTMD,biote Corp.,biote
1819258,FTZFF,Fitzroy Minerals Inc.,fitzroy minerals
1819404,NRDY,Nerdy Inc.,nerdy
1819411,GANX,"Gain Therapeutics, Inc.",gain therapeutics
1819438,GWH,"ESS Tech, Inc.",ess tech
1819438,GWHWW,"ESS Tech, Inc.",ess tech
1819493,XOSWW,"Xos, Inc.",xos
1819493,XOS,"Xos, Inc.",xos
1819516,UP,Wheels Up Experience Inc.,wheels up experience
1819559,WDI,Western Asset Diversified Income Fund (WDI),western asset diversified income fund (wdi)
1819574,BARK,"Bark, Inc.",bark
1819576,LQDA,Liquidia Corp,liquidia
1819580,YSG,Yatsen Holding Ltd,yatsen holding
1819704,MRM,Medirom Healthcare Technologies Inc.,medirom healthcare technologies
1819790,TARS,"Tarsus Pharmaceuticals, Inc.",tarsus pharmaceuticals
1819794,HTOO,Fusion Fuel Green PLC,fusion fuel green plc
1819796,GCMG,GCM Grosvenor Inc.,gcm grosvenor
1819810,RDW,Redwire Corp,redwire
1819848,JOBY,"Joby Aviation, Inc.",joby aviation
1819848,JOBY-WT,"Joby Aviation, Inc.",joby aviation
1819928,DV,"DoubleVerify Holdings, Inc.",doubleverify holdings
1819974,SKYT,"SkyWater Technology, Inc",skywater technology
1819989,CIFR,Cipher Digital Inc.,cipher digital
1819994,RKLB,Rocket Lab Corp,rocket lab
1820025,RDGMF,Ridgeline Minerals Corp,ridgeline minerals
1820144,GRND,Grindr Inc.,grindr
1820190,SCLXW,Scilex Holding Co,scilex holding
1820190,SCLX,Scilex Holding Co,scilex holding
1820302,BKKT-WT,"Bakkt, Inc.",bakkt
1820302,BKKT,"Bakkt, Inc.",bakkt
1820378,TBLD,Thornburg Income Builder Opportunities Trust,thornburg income builder opportunities trust
1820721,ARRY,"Array Technologies, Inc.",array technologies
1820872,GBTG,"Global Business Travel Group, Inc.",global business travel group
1820875,CXAI,CXApp Inc.,cxapp
1820875,CXAIW,CXApp Inc.,cxapp
1820953,AFRM,"Affirm Holdings, Inc.",affirm holdings
1821159,EVGO,EVgo Inc.,evgo
1821175,MSGM,Motorsport Games Inc.,motorsport games
1821424,UK,Ucommune International Ltd,ucommune international
1821468,YQ,17 Education & Technology Group Inc.,17 education & technology group
1821534,EXOD,"Exodus Movement, Inc.",exodus movement
1821586,MLTX,MoonLake Immunotherapeutics,moonlake immunotherapeutics
1821769,NVTS,Navitas Semiconductor Corp,navitas semiconductor
1821806,LESL,"Leslie's, Inc.",leslie's
1821825,OGN,Organon & Co.,organon &
1821866,BTQ,BTQ Technologies Corp.,btq technologies
1822359,DCGO,DocGo Inc.,docgo
1822462,FHTX,Foghorn Therapeutics Inc.,foghorn therapeutics
1822479,SHC,Sotera Health Co,sotera health
1822492,HLMN,Hillman Solutions Corp.,hillman solutions
1822523,AFCG,Advanced Flower Capital Inc.,advanced flower capital
1822791,CLNN,Clene Inc.,clene
1822928,HLLY,Holley Inc.,holley
1822966,SMR,NUSCALE POWER Corp,nuscale power
1822989,LSRCF,Lasertec Corporation/ADR,lasertec corporation/adr
1822993,JXN,Jackson Financial Inc.,jackson financial
1822993,JXN-PA,Jackson Financial Inc.,jackson financial
1823126,GRXXF,Critical Reagent Processing Corp.,critical reagent processing
1823144,GPGI,"GPGI, Inc.",gpgi
1823239,MRVI,"MARAVAI LIFESCIENCES HOLDINGS, INC.",maravai lifesciences holdings
1823255,MINE,MAYFAIR GOLD CORP.,mayfair gold
1823306,LSPD,Lightspeed Commerce Inc.,lightspeed commerce
1823365,GBNY,"Generations Bancorp NY, Inc.",generations bancorp ny
1823406,AFBI,"Affinity Bancshares, Inc.",affinity bancshares
1823466,NOTE,"FiscalNote Holdings, Inc.",fiscalnote holdings
1823466,NOTEW,"FiscalNote Holdings, Inc.",fiscalnote holdings
1823529,ACT,"Enact Holdings, Inc.",enact holdings
1823584,AENTW,ALLIANCE ENTERTAINMENT HOLDING CORP,alliance entertainment holding
1823584,AENT,ALLIANCE ENTERTAINMENT HOLDING CORP,alliance entertainment holding
1823587,SKYH,Sky Harbour Group Corp,sky harbour group
1823587,SKYH-WT,Sky Harbour Group Corp,sky harbour group
1823593,TSPH,TuSimple Holdings Inc.,tusimple holdings
1823608,AMAL,Amalgamated Financial Corp.,amalgamated financial
1823635,ECXJ,"CXJ GROUP CO., Ltd",cxj group co
1823652,EVEX-WT,"Eve Holding, Inc.",eve holding
1823652,EVEX,"Eve Holding, Inc.",eve holding
1823794,ARKO,ARKO Corp.,arko
1823878,MYPS,"PLAYSTUDIOS, Inc.",playstudios
1823945,OWL,BLUE OWL CAPITAL INC.,blue owl capital
1823986,WDH,Waterdrop Inc.,waterdrop
1824204,PVOZ,Park View OZ REIT Inc,park view oz reit
1824293,GRI,"GRI Bio, Inc.",gri bio
1824403,RSVR,"Reservoir Media, Inc.",reservoir media
1824403,RSVRW,"Reservoir Media, Inc.",reservoir media
1824502,ACHR,Archer Aviation Inc.,archer aviation
1824502,ACHR-WT,Archer Aviation Inc.,archer aviation
1824814,CGNT,Cognyte Software Ltd.,cognyte software
1824893,SRZN,"Surrozen, Inc./DE","surrozen, inc./de"
1824893,SRZNW,"Surrozen, Inc./DE","surrozen, inc./de"
1824920,IONQ-WT,"IonQ, Inc.",ionq
1824920,IONQ,"IonQ, Inc.",ionq
1825024,OPADW,Offerpad Solutions Inc.,offerpad solutions
1825024,OPAD,Offerpad Solutions Inc.,offerpad solutions
1825079,VELO,"Velo3D, Inc.",velo3d
1825079,VLDXW,"Velo3D, Inc.",velo3d
1825088,DFH,"Dream Finders Homes, Inc.",dream finders homes
1825248,FRBP,Franklin BSP Capital Corp,franklin bsp capital
1825349,CHSN,Chanson International Holding,chanson international holding
1825452,ONFOW,"Onfolio Holdings, Inc",onfolio holdings
1825452,ONFOP,"Onfolio Holdings, Inc",onfolio holdings
1825452,ONFO,"Onfolio Holdings, Inc",onfolio holdings
1825570,PAX,Patria Investments Ltd,patria investments
1825875,RAYA,Erayak Power Solution Group Inc.,erayak power solution group
1826000,LTCH,"Latch, Inc.",latch
1826011,BNZIW,"Banzai International, Inc.",banzai international
1826011,BNZI,"Banzai International, Inc.",banzai international
1826168,TIMB,TIM S.A.,tim s.a
1826286,VINP,Vinci Compass Investments Ltd.,vinci compass investments
1826376,GSUN,Golden Sun Technology Group Ltd.,golden sun technology group
1826397,AVX,AVAX ONE TECHNOLOGY LTD.,avax one technology
1826457,GLUE,"Monte Rosa Therapeutics, Inc.",monte rosa therapeutics
1826470,WOOF,"Petco Health & Wellness Company, Inc.",petco health & wellness company
1826600,MNTK,"Montauk Renewables, Inc.",montauk renewables
1826660,WETH,Wetouch Technology Inc.,wetouch technology
1826667,TLSI,"TriSalus Life Sciences, Inc.",trisalus life sciences
1826667,TLSIW,"TriSalus Life Sciences, Inc.",trisalus life sciences
1826681,PDYNW,Palladyne AI Corp.,palladyne ai
1826681,PDYN,Palladyne AI Corp.,palladyne ai
1826779,TOMYF,Tomy Co Ltd/ADR,tomy co ltd/adr
1826836,AYA,Aya Gold & Silver Inc.,aya gold & silver
1826889,BODYW,"Beachbody Company, Inc.",beachbody company
1826889,BODI,"Beachbody Company, Inc.",beachbody company
1826892,BCAB,"BioAtla, Inc.",bioatla
1827090,CERT,"Certara, Inc.",certara
1827401,DRUG,BRIGHT MINDS BIOSCIENCES INC.,bright minds biosciences
1827635,MANE,"Veradermics, Inc",veradermics
1827855,MCLE,Medicale Corp.,medicale
1827899,CPTKW,Crown PropTech Acquisitions,crown proptech acquisitions
1828016,PLTK,Playtika Holding Corp.,playtika holding
1828098,MTTCF,Steakholder Foods Ltd.,steakholder foods
1828098,STKH,Steakholder Foods Ltd.,steakholder foods
1828102,KARO,Karooooo Ltd.,karooooo
1828105,HIPOW,Hippo Holdings Inc.,hippo holdings
1828105,HIPO,Hippo Holdings Inc.,hippo holdings
1828108,AUR,"Aurora Innovation, Inc.",aurora innovation
1828108,AUROW,"Aurora Innovation, Inc.",aurora innovation
1828161,FTCI,"FTC Solar, Inc.",ftc solar
1828185,BRNS,Barinthus Biotherapeutics plc.,barinthus biotherapeutics plc
1828253,EVAX,Evaxion A/S,evaxion a/s
1828316,PHAR,Pharming Group N.V.,pharming group n.v
1828318,ENVX,Enovix Corp,enovix
1828365,RLX,RLX Technology Inc.,rlx technology
1828377,FTCO,Fortitude Gold Corp,fortitude gold
1828536,NRGV,"Energy Vault Holdings, Inc.",energy vault holdings
1828588,HNVR,"Hanover Bancorp, Inc. /MD","hanover bancorp, inc. /md"
1828673,HCWB,HCW Biologics Inc.,hcw biologics
1828748,ASFH,ASIAFIN HOLDINGS CORP.,asiafin holdings
1828791,DSP,Viant Technology Inc.,viant technology
1828805,ALMU,"Aeluma, Inc.",aeluma
1828937,FOA,Finance of America Companies Inc.,finance of america companies
1828962,CRCT,"Cricut, Inc.",cricut
1828972,BZFD,"BuzzFeed, Inc.",buzzfeed
1828972,BZFDW,"BuzzFeed, Inc.",buzzfeed
1829118,TUYA,Tuya Inc.,tuya
1829247,BFRG,"BullFrog AI Holdings, Inc.",bullfrog ai holdings
1829247,BFRGW,"BullFrog AI Holdings, Inc.",bullfrog ai holdings
1829311,BMNR,"BITMINE IMMERSION TECHNOLOGIES, INC.",bitmine immersion technologies
1829311,BMNP,"BITMINE IMMERSION TECHNOLOGIES, INC.",bitmine immersion technologies
1829576,CARE,"Carter Bankshares, Inc.",carter bankshares
1829635,RNAZ,"Transcode Therapeutics, Inc.",transcode therapeutics
1829667,RGC,Regencell Bioscience Holdings Ltd,regencell bioscience holdings
1829726,TFPM,Triple Flag Precious Metals Corp.,triple flag precious metals
1829794,EMPD,Empery Digital Inc.,empery digital
1829802,FTH,"Faeth Therapeutics, Inc.",faeth therapeutics
1829809,BBBMF,Lux Metals Corp.,lux metals
1829864,TASK,"TaskUs, Inc.",taskus
1829959,DCBO,Docebo Inc.,docebo
1830033,PCT,"PureCycle Technologies, Inc.",purecycle technologies
1830033,PCTTU,"PureCycle Technologies, Inc.",purecycle technologies
1830033,PCTBP,"PureCycle Technologies, Inc.",purecycle technologies
1830033,PCTTW,"PureCycle Technologies, Inc.",purecycle technologies
1830043,BMBL,Bumble Inc.,bumble
1830056,SMERY,Siemens Energy AG/ADR,siemens energy ag/adr
1830056,SMEGF,Siemens Energy AG/ADR,siemens energy ag/adr
1830072,IPW,iPower Inc.,ipower
1830081,RUMBW,RUM Group Inc.,rum group
1830081,RUM,RUM Group Inc.,rum group
1830214,DNA,"Ginkgo Bioworks Holdings, Inc.",ginkgo bioworks holdings
1830214,DNABW,"Ginkgo Bioworks Holdings, Inc.",ginkgo bioworks holdings
1830487,PHVS,Pharvaris N.V.,pharvaris n.v
1830918,MAUTF,Montage Gold Corp.,montage gold
1831096,GEG,"Great Elm Group, Inc.",great elm group
1831096,GEGGL,"Great Elm Group, Inc.",great elm group
1831097,AGL,"agilon health, inc.",agilon health
1831283,LIANY,LianBio,lianbio
1831359,JWSWF,Jaws Mustang Acquisition Corp,jaws mustang acquisition
1831359,JWSMF,Jaws Mustang Acquisition Corp,jaws mustang acquisition
1831359,JWSUF,Jaws Mustang Acquisition Corp,jaws mustang acquisition
1831481,SOC,Sable Offshore Corp.,sable offshore
1831631,LDI,"loanDepot, Inc.",loandepot
1831651,SHLS,"Shoals Technologies Group, Inc.",shoals technologies group
1831828,VERA,"Vera Therapeutics, Inc.",vera therapeutics
1831868,ICUCW,SeaStar Medical Holding Corp,seastar medical holding
1831868,ICU,SeaStar Medical Holding Corp,seastar medical holding
1831907,LUXE,LuxExperience B.V.,luxexperience b.v
1831915,CTKB,"Cytek Biosciences, Inc.",cytek biosciences
1831979,SDST,Stardust Power Inc.,stardust power
1831979,SDSTW,Stardust Power Inc.,stardust power
1832038,IVVD,"Invivyd, Inc.",invivyd
1832161,VIPZ,"VIP Play, Inc.",vip play
1832332,AVAH,"Aveanna Healthcare Holdings, Inc.",aveanna healthcare holdings
1832466,ALHC,"Alignment Healthcare, Inc.",alignment healthcare
1832483,SERV,Serve Robotics Inc. /DE/,serve robotics inc. /de/
1832487,GUER,"Guerrilla RF, Inc.",guerrilla rf
1832511,PIIIW,P3 Health Partners Inc.,p3 health partners
1832511,PIII,P3 Health Partners Inc.,p3 health partners
1832803,THSGF,THESIS GOLD INC.,thesis gold
1832871,BMN,BlackRock 2037 Municipal Target Term Trust,blackrock 2037 municipal target term trust
1832928,CRLBF,Cresco Labs Inc.,cresco labs
1833141,HELP,CYBIN INC.,cybin
1833197,SWIM,"Latham Group, Inc.",latham group
1833214,SABSW,"SAB Biotherapeutics, Inc.",sab biotherapeutics
1833214,SABS,"SAB Biotherapeutics, Inc.",sab biotherapeutics
1833498,MDAIW,"Spectral AI, Inc.",spectral ai
1833498,MDAI,"Spectral AI, Inc.",spectral ai
1833756,DRS,"Leonardo DRS, Inc.",leonardo drs
1833769,HYPR,"Hyperfine, Inc.",hyperfine
1833835,PSFE,Paysafe Ltd,paysafe
1834026,GROY,Gold Royalty Corp.,gold royalty
1834026,GROY-WT,Gold Royalty Corp.,gold royalty
1834032,CSTAF,Constellation Acquisition Corp I,constellation acquisition corp i
1834032,CSTWF,Constellation Acquisition Corp I,constellation acquisition corp i
1834032,CSTUF,Constellation Acquisition Corp I,constellation acquisition corp i
1834048,ASAIY,Sendas Distributor S.A.,sendas distributor s.a
1834105,IBO,IMPACT BIOMEDICAL INC.,impact biomedical
1834267,NNFSF,Nongfu Spring Co. Ltd./ADR,nongfu spring co. ltd./adr
1834376,INNV,InnovAge Holding Corp.,innovage holding
1834488,NABL,"N-able, Inc.",n-able
1834489,GENI,Genius Sports Ltd,genius sports
1834526,GPATW,GP-Act III Acquisition Corp.,gp-act iii acquisition
1834526,GPATU,GP-Act III Acquisition Corp.,gp-act iii acquisition
1834526,GPAT,GP-Act III Acquisition Corp.,gp-act iii acquisition
1834584,CPNG,"Coupang, Inc.",coupang
1834622,HAYW,"Hayward Holdings, Inc.",hayward holdings
1834868,ALBC,Alternative Ballistics Corp,alternative ballistics
1835022,COYA,"Coya Therapeutics, Inc.",coya therapeutics
1835068,NPCT,Nuveen Core Plus Impact Fund,nuveen core plus impact fund
1835268,CNTB,Connect Biopharma Holdings Ltd,connect biopharma holdings
1835385,MBBC,"Marathon Bancorp, Inc. /MD/","marathon bancorp, inc. /md/"
1835579,IMA,"ImageneBio, Inc.",imagenebio
1835597,PEPG,PepGen Inc.,pepgen
1835615,MHUAF,"Meihua International Medical Technologies Co., Ltd.",meihua international medical technologies co
1835632,MRVL,"Marvell Technology, Inc.",marvell technology
1835654,INVZ,Innoviz Technologies Ltd.,innoviz technologies
1835724,ZH,Zhihu Inc.,zhihu
1835724,ZHIHF,Zhihu Inc.,zhihu
1835830,KVYO,"Klaviyo, Inc.",klaviyo
1835856,BETRW,Better Home & Finance Holding Co,better home & finance holding
1835856,BETR,Better Home & Finance Holding Co,better home & finance holding
1835963,GLBE,Global-E Online Ltd.,global-e online
1836057,BTX,BlackRock Technology & Private Equity Term Trust,blackrock technology & private equity term trust
1836242,TKLF,"Tokyo Lifestyle Co., Ltd.",tokyo lifestyle co
1836295,RTGN,RetinalGenix Technologies Inc.,retinalgenix technologies
1836470,SRAD,Sportradar Group AG,sportradar group ag
1836503,CEXYF,GIANT MINING CORP.,giant mining
1836564,VALN,Valneva SE,valneva se
1836747,TRUFF,Red Light Holland Corp.,red light holland
1836754,LGCY,Legacy Education Inc.,legacy education
1836775,TNYZF,Tiny Ltd.,tiny
1836833,PL,Planet Labs PBC,planet labs pbc
1836875,NVVE,Nuvve Holding Corp.,nuvve holding
1836981,BBAI,"BigBear.ai Holdings, Inc.",bigbear.ai holdings
1836981,BBAI-WT,"BigBear.ai Holdings, Inc.",bigbear.ai holdings
1837014,SMRT,"SmartRent, Inc.",smartrent
1837240,SYM,Symbotic Inc.,symbotic
1837254,MEHA,Functional Brands Inc.,functional brands
1837429,BNT,Brookfield Wealth Solutions Ltd.,brookfield wealth solutions
1837493,QTEXW,QTREX Quantum Ltd.,qtrex quantum
1837493,QTEX,QTREX Quantum Ltd.,qtrex quantum
1837607,AEON,"AEON Biopharma, Inc.",aeon biopharma
1837671,CPPTL,Copper Property CTL Pass Through Trust,copper property ctl pass through trust
1837774,GIPL,Global Innovative Platforms Inc.,global innovative platforms
1837821,ZJYL,Jin Medical International Ltd.,jin medical international
1838003,EMI,"Encore Medical, Inc.",encore medical
1838028,HODL,VanEck Bitcoin ETF,vaneck bitcoin etf
1838163,BNAIW,Brand Engagement Network Inc.,brand engagement network
1838163,BNAI,Brand Engagement Network Inc.,brand engagement network
1838359,RGTI,"Rigetti Computing, Inc.",rigetti computing
1838359,RGTIW,"Rigetti Computing, Inc.",rigetti computing
1838406,BKV,BKV Corp,bkv
1838413,YMM,Full Truck Alliance Co. Ltd.,full truck alliance
1838615,ALTI,"AlTi Global, Inc.",alti global
1838716,GNTA,Genenta Science S.p.A.,genenta science s.p.a
1838957,RERE,ATRenew Inc.,atrenew
1838987,SPWRW,SunPower Inc.,sunpower
1838987,SPWR,SunPower Inc.,sunpower
1839140,RVRC,Revium Rx.,revium rx
1839154,NKGFF,Nevada King Gold Corp.,nevada king gold
1839285,HCTI,"Healthcare Triangle, Inc.",healthcare triangle
1839290,AUGCF,AU Gold Corp.,au gold
1839341,CORZR,"Core Scientific, Inc./tx","core scientific, inc./tx"
1839341,CORZ,"Core Scientific, Inc./tx","core scientific, inc./tx"
1839341,CORZZ,"Core Scientific, Inc./tx","core scientific, inc./tx"
1839341,CORZW,"Core Scientific, Inc./tx","core scientific, inc./tx"
1839530,XBP,"XBP Global Holdings, Inc.",xbp global holdings
1839530,XBPEW,"XBP Global Holdings, Inc.",xbp global holdings
1839586,DMXCF,District Metals Corp.,district metals
1839799,GAMB,GRANDSTAND Ltd,grandstand
1839839,JBI,"Janus International Group, Inc.",janus international group
1839886,MRRDF,Meridian Mining UK Societas,meridian mining uk societas
1839970,BLSM,"BlossomHill Therapeutics, Inc.",blossomhill therapeutics
1840102,SPTY,"SPECIFICITY, INC.",specificity
1840199,WALD,Waldencast plc,waldencast plc
1840199,WALDW,Waldencast plc,waldencast plc
1840229,INKT,"MiNK Therapeutics, Inc.",mink therapeutics
1840233,XLO,"Xilio Therapeutics, Inc.",xilio therapeutics
1840317,VEEA,VEEA INC.,veea
1840317,VEEAW,VEEA INC.,veea
1840416,SSM,Sono Group N.V.,sono group n.v
1840425,OSRHW,"OSR Health, Inc.",osr health
1840425,OSRH,"OSR Health, Inc.",osr health
1840439,BMEA,"Biomea Fusion, Inc.",biomea fusion
1840502,TBLA,Taboola.com Ltd.,taboola.com
1840563,ELAB,PMGC Holdings Inc.,pmgc holdings
1840572,LUCK,Lucky Strike Entertainment Corp,lucky strike entertainment
1840616,NFGC,New Found Gold Corp.,new found gold
1840706,SOPH,SOPHiA GENETICS SA,sophia genetics sa
1840776,HGTY,"Hagerty, Inc.",hagerty
1840780,LOCLW,Local Bounti Corporation/DE,local bounti corporation/de
1840780,LOCL,Local Bounti Corporation/DE,local bounti corporation/de
1840856,SOUN,"SOUNDHOUND AI, INC.",soundhound ai
1840856,SOUNW,"SOUNDHOUND AI, INC.",soundhound ai
1840877,COCHW,"Envoy Medical, Inc.",envoy medical
1840877,COCH,"Envoy Medical, Inc.",envoy medical
1841156,PAY,"Paymentus Holdings, Inc.",paymentus holdings
1841175,BRRR,CoinShares Bitcoin ETF,coinshares bitcoin etf
1841209,HOLO,MicroCloud Hologram Inc.,microcloud hologram
1841209,HOLOW,MicroCloud Hologram Inc.,microcloud hologram
1841330,KTTA,Pasithea Therapeutics Corp.,pasithea therapeutics
1841330,KTTAW,Pasithea Therapeutics Corp.,pasithea therapeutics
1841387,CADL,"Candel Therapeutics, Inc.",candel therapeutics
1841408,DAVE,Dave Inc./DE,dave inc./de
1841408,DAVEW,Dave Inc./DE,dave inc./de
1841425,VGAS,"Verde Clean Fuels, Inc.",verde clean fuels
1841425,VGASW,"Verde Clean Fuels, Inc.",verde clean fuels
1841644,PICS,PicS N.V.,pics n.v
1841666,APA,APA Corp,apa
1841675,ARBK,Argo Blockchain Plc,argo blockchain plc
1841761,GROV,"Grove Collaborative Holdings, Inc.",grove collaborative holdings
1841761,GROVW,"Grove Collaborative Holdings, Inc.",grove collaborative holdings
1841925,INDI,"indie Semiconductor, Inc.",indie semiconductor
1841968,RPC,"Ridgepost Capital, Inc.",ridgepost capital
1842022,DTM,"DT Midstream, Inc.",dt midstream
1842279,OPAL,OPAL Fuels Inc.,opal fuels
1842295,MAZE,"Maze Therapeutics, Inc.",maze therapeutics
1842556,EONR,EON Resources Inc.,eon resources
1842556,EONR-WT,EON Resources Inc.,eon resources
1842566,AISPW,"Airship AI Holdings, Inc.",airship ai holdings
1842566,AISP,"Airship AI Holdings, Inc.",airship ai holdings
1842726,LSEGY,London Stock Exchange Group plc,london stock exchange group plc
1842731,SMWB,SIMILARWEB LTD.,similarweb
1842827,BZ,Kanzhun Ltd,kanzhun
1842939,XAGE,"Longevity Health Holdings, Inc.",longevity health holdings
1842939,XAGEW,"Longevity Health Holdings, Inc.",longevity health holdings
1842952,CNTX,Context Therapeutics Inc.,context therapeutics
1843162,LIEN,"Chicago Atlantic BDC, Inc.",chicago atlantic bdc
1843165,YHC,LQR House Inc.,lqr house
1843181,NBXG,Neuberger Next Generation Connectivity Fund Inc.,neuberger next generation connectivity fund
1843586,OTLY,Oatly Group AB,oatly group ab
1843588,REEAF,REE Automotive Ltd.,ree automotive
1843656,RMCO,Royalty Management Holding Corp,royalty management holding
1843656,RMCOW,Royalty Management Holding Corp,royalty management holding
1843714,ZPTA,"Zapata Quantum, Inc.",zapata quantum
1843714,ZPTAW,"Zapata Quantum, Inc.",zapata quantum
1843724,LNZAW,"LanzaTech Global, Inc.",lanzatech global
1843724,LNZA,"LanzaTech Global, Inc.",lanzatech global
1843973,FLYX-WT,FLYEXCLUSIVE INC.,flyexclusive
1843973,FLYX,FLYEXCLUSIVE INC.,flyexclusive
1843974,DXYZ,Destiny Tech100 Inc.,destiny tech100
1844392,MRAI,"Marpai, Inc.",marpai
1844417,ESLAW,"Estrella Immunopharma, Inc.",estrella immunopharma
1844417,ESLA,"Estrella Immunopharma, Inc.",estrella immunopharma
1844450,ELVA,Electrovaya Inc.,electrovaya
1844452,LUNR,"Intuitive Machines, Inc.",intuitive machines
1844505,QTI,"QT IMAGING HOLDINGS, INC.",qt imaging holdings
1844505,QTIWW,"QT IMAGING HOLDINGS, INC.",qt imaging holdings
1844862,SLDP,"Solid Power, Inc.",solid power
1844862,SLDPW,"Solid Power, Inc.",solid power
1844971,VIP,Vulcan Infrastructure & Power Inc.,vulcan infrastructure & power
1844971,GREEL,Vulcan Infrastructure & Power Inc.,vulcan infrastructure & power
1844971,GREE,Vulcan Infrastructure & Power Inc.,vulcan infrastructure & power
1845097,AMPWF,Ardagh Metal Packaging S.A.,ardagh metal packaging s.a
1845097,AMBP,Ardagh Metal Packaging S.A.,ardagh metal packaging s.a
1845123,ANNAW,"AleAnna, Inc.",aleanna
1845123,ANNA,"AleAnna, Inc.",aleanna
1845149,CBRRF,Chain Bridge I,chain bridge i
1845149,CBGGF,Chain Bridge I,chain bridge i
1845149,CBRGF,Chain Bridge I,chain bridge i
1845257,LFST,"LifeStance Health Group, Inc.",lifestance health group
1845338,MNDY,monday.com Ltd.,monday.com
1845437,NPWR-WT,NET Power Inc.,net power
1845437,NPWR,NET Power Inc.,net power
1845550,PLMJF,Plum Acquisition Corp. III,plum acquisition corp. iii
1845550,PLMWF,Plum Acquisition Corp. III,plum acquisition corp. iii
1845550,PLMUF,Plum Acquisition Corp. III,plum acquisition corp. iii
1845799,CULL,"Cullman Bancorp, Inc. /MD/","cullman bancorp, inc. /md/"
1845815,PAYO,Payoneer Global Inc.,payoneer global
1845840,TSAT,Telesat Corp,telesat
1846069,NXDR,"Nextdoor Holdings, Inc.",nextdoor holdings
1846084,JETMF,Global Crossing Airlines Group Inc.,global crossing airlines group
1846084,JETBF,Global Crossing Airlines Group Inc.,global crossing airlines group
1846235,IMAQW,International Media Acquisition Corp.,international media acquisition
1846235,IMAQ,International Media Acquisition Corp.,international media acquisition
1846235,IMAQR,International Media Acquisition Corp.,international media acquisition
1846235,IMAQU,International Media Acquisition Corp.,international media acquisition
1846253,OABI,"OmniAb, Inc.",omniab
1846253,OABIW,"OmniAb, Inc.",omniab
1846416,HVII,Hennessy Capital Investment Corp. VII,hennessy capital investment corp. vii
1846416,HVIIR,Hennessy Capital Investment Corp. VII,hennessy capital investment corp. vii
1846416,HVIIU,Hennessy Capital Investment Corp. VII,hennessy capital investment corp. vii
1846576,FIGS,"FIGS, Inc.",figs
1846702,FIGP,"Forge Group, Inc.",forge group
1846715,WAVE,Eco Wave Power Global AB (publ),eco wave power global ab (publ)
1846832,DLO,dLocal Ltd,dlocal
1846839,STKE,SOL Strategies Inc.,sol strategies
1847064,PSQH-WT,"PSQ Holdings, Inc.",psq holdings
1847064,PSQH,"PSQ Holdings, Inc.",psq holdings
1847075,SAIHW,SAIHEAT Ltd,saiheat
1847075,SAIH,SAIHEAT Ltd,saiheat
1847345,ASBPW,"Aspire Biopharma Holdings, Inc.",aspire biopharma holdings
1847345,ASBP,"Aspire Biopharma Holdings, Inc.",aspire biopharma holdings
1847360,BCOW,"1895 Bancorp of Wisconsin, Inc. /MD/","1895 bancorp of wisconsin, inc. /md/"
1847367,ALMS,ALUMIS INC.,alumis
1847398,NECB,"NorthEast Community Bancorp, Inc./MD/","northeast community bancorp, inc./md/"
1847409,HITI,High Tide Inc.,high tide
1847462,AYRWF,Ayr Wellness Inc.,ayr wellness
1847590,BWMN,Bowman Consulting Group Ltd.,bowman consulting group
1847706,PSYCF,Psyched Wellness Ltd.,psyched wellness
1847806,GNS,Genius Group Ltd,genius group
1847846,EUDA,EUDA Health Holdings Ltd,euda health holdings
1847846,EUDAW,EUDA Health Holdings Ltd,euda health holdings
1847874,BEEP,Mobile Infrastructure Corp,mobile infrastructure
1847986,DFLI,Dragonfly Energy Holdings Corp.,dragonfly energy holdings
1847986,DFLIW,Dragonfly Energy Holdings Corp.,dragonfly energy holdings
1848275,TOP,TOP Financial Group Ltd,top financial group
1848309,SGML,Sigma Lithium Corp,sigma lithium
1848334,OKMN,"OKMIN RESOURCES, INC.",okmin resources
1848416,VRNO,Verano Holdings Corp.,verano holdings
1848672,GDLG,Glidelogic Corp.,glidelogic
1848731,GLAS,Glass House Brands Inc.,glass house brands
1848739,GDEV,GDEV Inc.,gdev
1848739,GDEVW,GDEV Inc.,gdev
1848763,RNWWW,ReNew Energy Global plc,renew energy global plc
1848763,RNW,ReNew Energy Global plc,renew energy global plc
1848782,PLCKF,Plurilock Security Inc.,plurilock security
1848826,INPOF,InPost S.A./ADR,inpost s.a./adr
1849056,OKLO,Oklo Inc.,oklo
1849221,PMNT,Perfect Moment Ltd.,perfect moment
1849253,RYAN,"RYAN SPECIALTY HOLDINGS, INC.",ryan specialty holdings
1849296,OKYO,OKYO Pharma Ltd,okyo pharma
1849380,ONMD,OneMedNet Corp,onemednet
1849380,ONMDW,OneMedNet Corp,onemednet
1849396,NEXN,Nexxen International Ltd.,nexxen international
1849466,TCBS,"Texas Community Bancshares, Inc.",texas community bancshares
1849635,DJTWW,Trump Media & Technology Group Corp.,trump media & technology group
1849635,DJT,Trump Media & Technology Group Corp.,trump media & technology group
1849820,KITTW,"Nauticus Robotics, Inc.",nauticus robotics
1849820,KITT,"Nauticus Robotics, Inc.",nauticus robotics
1849853,STVN,Stevanato Group S.p.A.,stevanato group s.p.a
1849867,CLST,"Catalyst Bancorp, Inc.",catalyst bancorp
1850059,FSHP,Flag Ship Acquisition Corp,flag ship acquisition
1850059,FSHPU,Flag Ship Acquisition Corp,flag ship acquisition
1850059,FSHPR,Flag Ship Acquisition Corp,flag ship acquisition
1850119,IPSC,"Century Therapeutics, Inc.",century therapeutics
1850235,HEPS,D-MARKET Electronic Services & Trading,d-market electronic services & trading
1850269,ULTHF,NordX Metals Corp.,nordx metals
1850269,NRDMF,NordX Metals Corp.,nordx metals
1850270,PROK,PROKIDNEY CORP.,prokidney
1850351,LFTO,"Liftoff Mobile, Inc.",liftoff mobile
1850391,BTCW,WisdomTree Bitcoin Fund,wisdomtree bitcoin fund
1850733,FVAV,Fortress Value Acquisition Corp. V,fortress value acquisition corp. v
1850767,ACUT,Accustem Sciences Inc.,accustem sciences
1850902,TKNO,"Alpha Teknova, Inc.",alpha teknova
1851003,ZETA,Zeta Global Holdings Corp.,zeta global holdings
1851112,RSKD,RISKIFIED LTD.,riskified
1851484,CTOR,"CITIUS ONCOLOGY, INC.",citius oncology
1851491,AMSS,AMASS BRANDS,amass brands
1851651,BNIGF,Beroni Group Ltd,beroni group
1851909,CDAUF,Compass Digital Acquisition Corp.,compass digital acquisition
1851909,CDAWF,Compass Digital Acquisition Corp.,compass digital acquisition
1851909,CDAQF,Compass Digital Acquisition Corp.,compass digital acquisition
1851959,CNDAW,Concord Acquisition Corp II,concord acquisition corp ii
1851959,CNDAU,Concord Acquisition Corp II,concord acquisition corp ii
1851959,CNDA,Concord Acquisition Corp II,concord acquisition corp ii
1851961,GCTS-WT,"GCT Semiconductor Holding, Inc.",gct semiconductor holding
1851961,GCTS,"GCT Semiconductor Holding, Inc.",gct semiconductor holding
1852016,AEAEU,AltEnergy Acquisition Corp,altenergy acquisition
1852016,AEAEW,AltEnergy Acquisition Corp,altenergy acquisition
1852016,AEAE,AltEnergy Acquisition Corp,altenergy acquisition
1852019,IXAQF,IX Acquisition Corp.,ix acquisition
1852019,IXQWF,IX Acquisition Corp.,ix acquisition
1852019,IXQUF,IX Acquisition Corp.,ix acquisition
1852023,MANA,Grayscale Decentraland Trust (MANA),grayscale decentraland trust (mana)
1852024,GLIV,Grayscale Livepeer Trust (LPT),grayscale livepeer trust (lpt)
1852025,GLNK,Grayscale Chainlink Trust ETF,grayscale chainlink trust etf
1852039,FILG,Grayscale Filecoin Trust (FIL),grayscale filecoin trust (fil)
1852040,GBAT,Grayscale Basic Attention Token Trust (BAT),grayscale basic attention token trust (bat)
1852131,NXT,Nextpower Inc.,nextpower
1852207,BEAGR,Bold Eagle Acquisition Corp.,bold eagle acquisition
1852207,BEAGU,Bold Eagle Acquisition Corp.,bold eagle acquisition
1852207,BEAG,Bold Eagle Acquisition Corp.,bold eagle acquisition
1852244,GXO,"GXO Logistics, Inc.",gxo logistics
1852317,FBTC,Fidelity Wise Origin Bitcoin Fund,fidelity wise origin bitcoin fund
1852353,DC,Dakota Gold Corp.,dakota gold
1852354,ARLSF,ARGO GRAPHENE SOLUTIONS CORP.,argo graphene solutions
1852440,JZ,Jianzhi Education Technology Group Co Ltd,jianzhi education technology group
1852551,NVA-WT,Nova Minerals Corp,nova minerals
1852551,NVA,Nova Minerals Corp,nova minerals
1852575,SGST,"Strategic Storage Trust VI, Inc.",strategic storage trust vi
1852753,TSLVF,TIER ONE SILVER INC.,tier one silver
1852767,MRT,"Marti Technologies, Inc.",marti technologies
1852973,BRLSW,Borealis Foods Inc.,borealis foods
1852973,BRLS,Borealis Foods Inc.,borealis foods
1853044,AERT,"Aeries Technology, Inc.",aeries technology
1853044,AERTW,"Aeries Technology, Inc.",aeries technology
1853070,SOAR,"Volato Group, Inc.",volato group
1853070,SOARW,"Volato Group, Inc.",volato group
1853138,KDKRW,"Kodiak AI, Inc.",kodiak ai
1853138,KDK,"Kodiak AI, Inc.",kodiak ai
1853145,EVCM,EverCommerce Inc.,evercommerce
1853599,CCOOF,CORE SILVER CORP.,core silver
1853630,HMELF,Hold Me Ltd,hold me
1853717,ATAT,Atour Lifestyle Holdings Ltd,atour lifestyle holdings
1853816,DRMA,"Dermata Therapeutics, Inc.",dermata therapeutics
1853816,DRMAW,"Dermata Therapeutics, Inc.",dermata therapeutics
1853825,DTCX,"Datacentrex, Inc.",datacentrex
1853860,ERO,Ero Copper Corp.,ero copper
1853868,FRVO,Fervo Energy Co,fervo energy
1853889,KGFMF,Kingfisher Metals Corp.,kingfisher metals
1853921,SCTX,"Scribe Therapeutics, Inc.",scribe therapeutics
1853962,IAUX-WT,i-80 Gold Corp.,i-80 gold
1853962,IAUX,i-80 Gold Corp.,i-80 gold
1854078,RLFTY,MindMaze Therapeutics Holding SA,mindmaze therapeutics holding sa
1854078,RLFTF,MindMaze Therapeutics Holding SA,mindmaze therapeutics holding sa
1854139,ZVIA,Zevia PBC,zevia pbc
1854149,ANSCW,Agriculture & Natural Solutions Acquisition Corp,agriculture & natural solutions acquisition
1854149,ANSCU,Agriculture & Natural Solutions Acquisition Corp,agriculture & natural solutions acquisition
1854149,ANSC,Agriculture & Natural Solutions Acquisition Corp,agriculture & natural solutions acquisition
1854183,ORIB,Orion Bliss Corp.,orion bliss
1854233,EGLXF,Enthusiast Gaming Holdings Inc. / Canada,enthusiast gaming holdings inc. / canada
1854257,TBLLF,Tombill Mines Ltd,tombill mines
1854270,SNTI,"Senti Biosciences Holdings, Inc.",senti biosciences holdings
1854275,ZCARW,"Zoomcar Holdings, Inc.",zoomcar holdings
1854275,ZCAR,"Zoomcar Holdings, Inc.",zoomcar holdings
1854368,DGXX,Digi Power X Inc.,digi power x
1854445,GGRP,"Glimpse Group, Inc.",glimpse group
1854463,WINVU,WinVest Acquisition Corp.,winvest acquisition
1854463,WINV,WinVest Acquisition Corp.,winvest acquisition
1854463,WINVR,WinVest Acquisition Corp.,winvest acquisition
1854463,WINVW,WinVest Acquisition Corp.,winvest acquisition
1854480,DEVSF,DevvStream Corp.,devvstream
1854526,BRQL,DYNAMIC AEROSPACE SYSTEMS Corp,dynamic aerospace systems
1854545,DDL,Dingdong (Cayman) Ltd,dingdong (cayman)
1854572,IZM,ICZOOM Group Inc.,iczoom group
1854587,CLBT,Cellebrite DI Ltd.,cellebrite di
1854640,CGAU,Centerra Gold Inc.,centerra gold
1854816,MINR,Minerva Gold Inc.,minerva gold
1854963,SHFSW,"SHF Holdings, Inc.",shf holdings
1854963,SHFS,"SHF Holdings, Inc.",shf holdings
1854964,NLCP,"NewLake Capital Partners, Inc.",newlake capital partners
1855066,MEGI,NYLI CBRE Global Infrastructure Megatrends Term Fund,nyli cbre global infrastructure megatrends term fund
1855129,GHRS,GH Research PLC,gh research plc
1855175,CTNM,"Contineum Therapeutics, Inc.",contineum therapeutics
1855447,TYGO,"TIGO ENERGY, INC.",tigo energy
1855457,KORGW,"KORE Group Holdings, Inc.",kore group holdings
1855457,KORE,"KORE Group Holdings, Inc.",kore group holdings
1855467,MOBX,"MOBIX LABS, INC",mobix labs
1855467,MOBXW,"MOBIX LABS, INC",mobix labs
1855474,AIRJ,AirJoule Technologies Corp.,airjoule technologies
1855474,AIRJW,AirJoule Technologies Corp.,airjoule technologies
1855485,CLDI,"Calidi Biotherapeutics, Inc.",calidi biotherapeutics
1855485,CLDWW,"Calidi Biotherapeutics, Inc.",calidi biotherapeutics
1855509,VEEE,"Twin Vee PowerCats, Co.",twin vee powercats
1855557,HLP,Hongli Group Inc.,hongli group
1855612,GRAB,Grab Holdings Ltd,grab holdings
1855612,GRABW,Grab Holdings Ltd,grab holdings
1855644,ZURA,Zura Bio Ltd,zura bio
1855743,ARRKF,ARRAS MINERALS CORP.,arras minerals
1855747,BLND,"Blend Labs, Inc.",blend labs
1855781,BTCO,Invesco Galaxy Bitcoin ETF,invesco galaxy bitcoin etf
1856031,SEAT,Vivid Seats Inc.,vivid seats
1856031,SEATW,Vivid Seats Inc.,vivid seats
1856082,RDEXF,RPX Gold Inc.,rpx gold
1856084,RDGT,Ridgetech Inc.,ridgetech
1856314,YOU,"Clear Secure, Inc.",clear secure
1856365,FINW,Finwise Bancorp,finwise bancorp
1856437,VSXY,Victoria's Secret & Co.,victoria's secret &
1856485,SLVM,Sylvamo Corp,sylvamo
1856488,HNSDF,Hensoldt AG/ADR,hensoldt ag/adr
1856491,CBPHF,"Clover Biopharmaceuticals, Ltd.",clover biopharmaceuticals
1856525,CNM,"Core & Main, Inc.",core & main
1856725,RANI,"Rani Therapeutics Holdings, Inc.",rani therapeutics holdings
1857030,INCR,Intercure Ltd.,intercure
1857044,INDP,"Indaptus Therapeutics, Inc.",indaptus therapeutics
1857047,MDA,MDA Space Ltd.,mda space
1857086,TRUG,"TruGolf Holdings, Inc.",trugolf holdings
1857154,DNUT,"Krispy Kreme, Inc.",krispy kreme
1857190,NYXH,Nyxoah SA,nyxoah sa
1857475,DOLE,Dole plc,dole plc
1857816,GCT,GigaCloud Technology Inc,gigacloud technology
1857853,COOK,"Traeger, Inc.",traeger
1857910,JFTH,"Japan Food Tech Holdings, Inc.",japan food tech holdings
1858007,GDST,Chi Special Acquisition Corp.,chi special acquisition
1858258,FGDL,Franklin Templeton Holdings Trust,franklin templeton holdings trust
1858681,APOS,"Apollo Global Management, Inc.",apollo global management
1858681,APO,"Apollo Global Management, Inc.",apollo global management
1858681,APO-PA,"Apollo Global Management, Inc.",apollo global management
1858685,BFRIW,Biofrontera Inc.,biofrontera
1858685,BFRI,Biofrontera Inc.,biofrontera
1858724,FLX,BingEx Ltd,bingex
1858848,TNYA,"Tenaya Therapeutics, Inc.",tenaya therapeutics
1858985,ONON,On Holding AG,on holding ag
1858994,RSMXF,Regency Silver Corp.,regency silver
1859007,ZVSA,"ZyVersa Therapeutics, Inc.",zyversa therapeutics
1859022,NPRFF,Nepra Foods Inc.,nepra foods
1859035,MCAGU,Mountain Crest Acquisition Corp. V,mountain crest acquisition corp. v
1859035,MCAGR,Mountain Crest Acquisition Corp. V,mountain crest acquisition corp. v
1859035,MCAG,Mountain Crest Acquisition Corp. V,mountain crest acquisition corp. v
1859199,AIRE,reAlpha Tech Corp.,realpha tech
1859392,GLXY,Galaxy Digital Inc.,galaxy digital
1859690,ARQQ,Arqit Quantum Inc.,arqit quantum
1859690,ARQQW,Arqit Quantum Inc.,arqit quantum
1859795,NVX,NOVONIX Ltd,novonix
1859795,NVNXF,NOVONIX Ltd,novonix
1859807,NVACW,"Profusa, Inc.",profusa
1859807,PFSA,"Profusa, Inc.",profusa
1859836,YSWY,"Yesway, Inc.",yesway
1860160,FLY,Firefly Aerospace Inc.,firefly aerospace
1860484,ACQC,Relativity Acquisition Corp,relativity acquisition
1860543,CDRE,"Cadre Holdings, Inc.",cadre holdings
1860657,ALLR,"Allarity Therapeutics, Inc.",allarity therapeutics
1860742,BLCO,Bausch & Lomb Corp,bausch & lomb
1860788,ETHV,VanEck Ethereum ETF,vaneck ethereum etf
1860805,ASTLW,Algoma Steel Group Inc.,algoma steel group
1860805,ASTL,Algoma Steel Group Inc.,algoma steel group
1860871,TVGNW,Tevogen Bio Holdings Inc.,tevogen bio holdings
1860871,TVGN,Tevogen Bio Holdings Inc.,tevogen bio holdings
1861107,CBLL,"Ceribell, Inc.",ceribell
1861115,NMAI,Nuveen Multi-Asset Income Fund,nuveen multi-asset income fund
1861123,EIKN,"Eikon Therapeutics, Inc.",eikon therapeutics
1861233,ILLMF,illumin Holdings Inc.,illumin holdings
1861448,ITRE,"IntriEnergy, Inc.",intrienergy
1861479,TRGXF,Terra Rossa Gold Ltd.,terra rossa gold
1861560,NUVL,"Nuvalent, Inc.",nuvalent
1861622,JTAI,Jet.AI Inc.,jet.ai
1861657,CNTN,"Canton Strategic Holdings, Inc.",canton strategic holdings
1861737,HSAI,Hesai Group,hesai group
1861737,HSIGF,Hesai Group,hesai group
1861795,DH,Definitive Healthcare Corp.,definitive healthcare
1861841,ARBEW,Arbe Robotics Ltd.,arbe robotics
1861841,ARBE,Arbe Robotics Ltd.,arbe robotics
1861974,ECX,ECARX Holdings Inc.,ecarx holdings
1861974,ECXWW,ECARX Holdings Inc.,ecarx holdings
1862044,ZKH,ZKH Group Ltd,zkh group
1862150,CING,Cingulate Inc.,cingulate
1862150,CINGW,Cingulate Inc.,cingulate
1862461,REAX,Real Brokerage Inc,real brokerage
1862463,AMOD,"ALPHA MODUS HOLDINGS, INC.",alpha modus holdings
1862463,AMODW,"ALPHA MODUS HOLDINGS, INC.",alpha modus holdings
1862935,CURR,Currenc Group Inc.,currenc group
1863006,VLN-WT,Valens Semiconductor Ltd.,valens semiconductor
1863006,VLN,Valens Semiconductor Ltd.,valens semiconductor
1863127,TYRA,"Tyra Biosciences, Inc.",tyra biosciences
1863218,SFWL,SHENGFENG DEVELOPMENT Ltd,shengfeng development
1863934,ADUR,ADURO CLEAN TECHNOLOGIES INC.,aduro clean technologies
1863990,MSAIW,"MultiSensor AI Holdings, Inc.",multisensor ai holdings
1863990,MSAI,"MultiSensor AI Holdings, Inc.",multisensor ai holdings
1864055,ABTS,Abits Group Inc,abits group
1864163,INTR,"Inter & Co, Inc.",inter & co
1864208,GUG,Guggenheim Active Allocation Fund,guggenheim active allocation fund
1864531,VSEE,"VSEE HEALTH, INC.",vsee health
1864531,VSEEW,"VSEE HEALTH, INC.",vsee health
1864597,AURFF,Tincorp Metals Inc.,tincorp metals
1864843,ECAT,BlackRock ESG Capital Allocation Term Trust,blackrock esg capital allocation term trust
1864943,FGIWW,FGI Industries Ltd.,fgi industries
1864943,FGI,FGI Industries Ltd.,fgi industries
1865107,AKA,A.K.A. BRANDS HOLDING CORP.,a.k.a. brands holding
1865111,ALSAF,Alpha Star Acquisition Corp,alpha star acquisition
1865111,ALSWF,Alpha Star Acquisition Corp,alpha star acquisition
1865111,ALSUF,Alpha Star Acquisition Corp,alpha star acquisition
1865111,ALSTF,Alpha Star Acquisition Corp,alpha star acquisition
1865200,ANGX,"Angel Studios, Inc.",angel studios
1865248,CMCUF,Piermont Valley Acquisition Corp,piermont valley acquisition
1865248,CMCWF,Piermont Valley Acquisition Corp,piermont valley acquisition
1865248,CMCAF,Piermont Valley Acquisition Corp,piermont valley acquisition
1865389,NPFD,Nuveen Variable Rate Preferred & Income Fund,nuveen variable rate preferred & income fund
1865429,OAKV,"Oak View Bankshares, Inc.",oak view bankshares
1865468,KACLF,Kairous Acquisition Corp. Ltd,kairous acquisition corp
1865494,IOBTQ,"IO Biotech, Inc.",io biotech
1865506,ZEO,Zeo Energy Corp.,zeo energy
1865506,ZEOWW,Zeo Energy Corp.,zeo energy
1865631,NN,NEXTNAV INC.,nextnav
1865631,NXNVW,NEXTNAV INC.,nextnav
1865782,BTSGU,"BrightSpring Health Services, Inc.",brightspring health services
1865782,BTSG,"BrightSpring Health Services, Inc.",brightspring health services
1866030,AZ,A2Z CUST2MATE SOLUTIONS CORP.,a2z cust2mate solutions
1866034,AWLIF,Ameriwest Critical Metals Inc.,ameriwest critical metals
1866146,IMIMF,Interra Copper Corp.,interra copper
1866175,CRGY,Crescent Energy Co,crescent energy
1866226,EMAT,Evolution Metals & Technologies Corp.,evolution metals & technologies
1866364,BULL,Webull Corp,webull
1866364,BULLW,Webull Corp,webull
1866460,MILIF,Military Metals Corp.,military metals
1866501,WBXWF,Wallbox N.V.,wallbox n.v
1866501,WBX,Wallbox N.V.,wallbox n.v
1866581,BROS,Dutch Bros Inc.,dutch bros
1866633,CCSI,"Consensus Cloud Solutions, Inc.",consensus cloud solutions
1866692,AMPL,"Amplitude, Inc.",amplitude
1866757,BRLT,"Brilliant Earth Group, Inc.",brilliant earth group
1866782,CDROW,"Codere Online Luxembourg, S.A.","codere online luxembourg, s.a"
1866782,CDRO,"Codere Online Luxembourg, S.A.","codere online luxembourg, s.a"
1866816,OPTX,"SYNTEC OPTICS HOLDINGS, INC.",syntec optics holdings
1866816,OPTXW,"SYNTEC OPTICS HOLDINGS, INC.",syntec optics holdings
1866874,RLTY,Cohen & Steers Real Estate Opportunities & Income Fund,cohen & steers real estate opportunities & income fund
1867066,DERM,Journey Medical Corp,journey medical
1867072,KD,"Kyndryl Holdings, Inc.",kyndryl holdings
1867090,VCX,"Fundrise Innovation Fund, LLC",fundrise innovation fund
1867096,XERS,"Xeris Biopharma Holdings, Inc.",xeris biopharma holdings
1867102,EVBWF,Vertical Aerospace Ltd.,vertical aerospace
1867102,EVTL,Vertical Aerospace Ltd.,vertical aerospace
1867102,EVAWF,Vertical Aerospace Ltd.,vertical aerospace
1867102,EVTWF,Vertical Aerospace Ltd.,vertical aerospace
1867729,WRD,WeRide Inc.,weride
1867729,WRDIF,WeRide Inc.,weride
1867834,BRAG,Bragg Gaming Group Inc.,bragg gaming group
1867949,REFI,"Chicago Atlantic Real Estate Finance, Inc.",chicago atlantic real estate finance
1868050,CPCPF,CopperCorp Resources Inc.,coppercorp resources
1868159,LINE,"Lineage, Inc.",lineage
1868275,CEG,Constellation Energy Corp,constellation energy
1868279,AVBP,"ArriVent BioPharma, Inc.",arrivent biopharma
1868282,OSOL,Osprey Solana Trust,osprey solana trust
1868395,YIBO,Planet Image International Ltd,planet image international
1868419,CYCU,"Cycurion, Inc.",cycurion
1868419,CYCUW,"Cycurion, Inc.",cycurion
1868640,RDZN,Roadzen Inc.,roadzen
1868640,RDZNW,Roadzen Inc.,roadzen
1868866,HAMRF,SILVER HAMMER MINING CORP,silver hammer mining
1868941,FLNC,"Fluence Energy, Inc.",fluence energy
1868995,CINT,CI&T Inc,ci&t
1869105,BBOT,"BridgeBio Oncology Therapeutics, Inc.",bridgebio oncology therapeutics
1869137,MHUBF,MineHub Technologies Inc.,minehub technologies
1869198,LTH,"Life Time Group Holdings, Inc.",life time group holdings
1869467,SVRN,OceanPal Inc.,oceanpal
1869601,EMCRF,Embrace Change Acquisition Corp.,embrace change acquisition
1869601,EMCGF,Embrace Change Acquisition Corp.,embrace change acquisition
1869601,EMCWF,Embrace Change Acquisition Corp.,embrace change acquisition
1869666,HAPVY,Hapvida Participacoes e Investimentos S.A./ADR,hapvida participacoes e investimentos s.a./adr
1869699,ARKB,Ark 21Shares Bitcoin ETF,ark 21shares bitcoin etf
1869974,OCEA,"Ocean Biomedical, Inc.",ocean biomedical
1870144,CDIOW,"Cardio Diagnostics Holdings, Inc.",cardio diagnostics holdings
1870144,CDIO,"Cardio Diagnostics Holdings, Inc.",cardio diagnostics holdings
1870404,CERO,"CERO THERAPEUTICS HOLDINGS, INC.",cero therapeutics holdings
1870404,CEROW,"CERO THERAPEUTICS HOLDINGS, INC.",cero therapeutics holdings
1870600,SBDS,"Solo Brands, Inc.",solo brands
1870833,RMMZ,"RiverNorth Managed Duration Municipal Income Fund II, Inc.",rivernorth managed duration municipal income fund ii
1870940,AIRS,"Airsculpt Technologies, Inc.",airsculpt technologies
1871181,FOFA,"FAMILY OFFICE OF AMERICA, INC.",family office of america
1871321,DRTSW,Alpha Tau Medical Ltd.,alpha tau medical
1871321,DRTS,Alpha Tau Medical Ltd.,alpha tau medical
1871509,PTLO,Portillo's Inc.,portillo's
1871638,BZAI,"Blaize Holdings, Inc.",blaize holdings
1871638,BZAIW,"Blaize Holdings, Inc.",blaize holdings
1871890,GLEI,Galaxy Enterprises Inc. /WY/,galaxy enterprises inc. /wy/
1871983,ANGH,Anghami Inc,anghami
1871983,ANGHW,Anghami Inc,anghami
1872061,VLTLF,Volt Lithium Corp.,volt lithium
1872066,MIBE,MIAMI BREEZE CAR CARE INC,miami breeze car care
1872090,YXT,YXT.COM GROUP HOLDING Ltd,yxt.com group holding
1872195,BLSH,Bullish,bullish
1872228,TVAIU,Thayer Ventures Acquisition Corp II,thayer ventures acquisition corp ii
1872228,TVAI,Thayer Ventures Acquisition Corp II,thayer ventures acquisition corp ii
1872228,TVAIR,Thayer Ventures Acquisition Corp II,thayer ventures acquisition corp ii
1872292,RAKR,Rainmaker Worldwide Inc.,rainmaker worldwide
1872302,NA,Nano Labs Ltd,nano labs
1872525,SWAG,"Stran & Company, Inc.",stran & company
1872525,SWAGW,"Stran & Company, Inc.",stran & company
1872529,MDXH,MDxHealth SA,mdxhealth sa
1872789,EMBC,Embecta Corp.,embecta
1872964,MTEK,Maris Tech Ltd.,maris tech
1872964,MTEKW,Maris Tech Ltd.,maris tech
1873093,GDTC,CytoMed Therapeutics Ltd,cytomed therapeutics
1873213,BRWC,Birdie Win Corp,birdie win
1873454,RYET,Ruanyun Edai Technology Inc.,ruanyun edai technology
1873529,KLC,"KinderCare Learning Companies, Inc.",kindercare learning companies
1873722,BBLR,Bubblr Inc.,bubblr
1873835,IMMX,"Immix Biopharma, Inc.",immix biopharma
1873875,IXHL,Incannex Healthcare Inc.,incannex healthcare
1873923,ONL,Orion Properties Inc.,orion properties
1873951,XZO,"Exzeo Group, Inc.",exzeo group
1874071,PDLB,"Ponce Financial Group, Inc.",ponce financial group
1874097,CYN,Cyngn Inc.,cyngn
1874138,SHGI,"Sparx Holdings Group, Inc.",sparx holdings group
1874178,RIVN,"Rivian Automotive, Inc. / DE","rivian automotive, inc. / de"
1874252,QUCY,Quantum Cyber N.V.,quantum cyber n.v
1874315,SATLW,Satellogic Inc.,satellogic
1874315,SATL,Satellogic Inc.,satellogic
1874875,HOUR,"Hour Loop, Inc",hour loop
1874907,DEFG,Grayscale Decentralized Finance (DeFi) Fund LLC,grayscale decentralized finance (defi) fund
1875016,YMAT,"J-Star Holding Co., Ltd.",j-star holding co
1875091,NRSN,NeuroSense Therapeutics Ltd.,neurosense therapeutics
1875091,NRSNW,NeuroSense Therapeutics Ltd.,neurosense therapeutics
1875444,ARHS,"Arhaus, Inc.",arhaus
1875547,LCFY,Locafy Ltd,locafy
1875547,LCFYW,Locafy Ltd,locafy
1875558,NVCT,"Nuvectis Pharma, Inc.",nuvectis pharma
1875609,SWVLW,Swvl Holdings Corp,swvl holdings
1875609,SWVL,Swvl Holdings Corp,swvl holdings
1876042,CRCL,"Circle Internet Group, Inc.",circle internet group
1876183,IHS,IHS Holding Ltd,ihs holding
1876431,PRE,Prenetics Global Ltd,prenetics global
1876431,PRENW,Prenetics Global Ltd,prenetics global
1876581,IMPPP,Imperial Petroleum Inc./Marshall Islands,imperial petroleum inc./marshall islands
1876581,IMPP,Imperial Petroleum Inc./Marshall Islands,imperial petroleum inc./marshall islands
1876716,ASCBF,ASPAC II Acquisition Corp.,aspac ii acquisition
1876716,ASCWF,ASPAC II Acquisition Corp.,aspac ii acquisition
1876716,ASCRF,ASPAC II Acquisition Corp.,aspac ii acquisition
1876716,ASUUF,ASPAC II Acquisition Corp.,aspac ii acquisition
1876766,LICN,Lichen International Ltd,lichen international
1877184,KMTS,"KESTRA MEDICAL TECHNOLOGIES, LTD.",kestra medical technologies
1877322,ESAB,ESAB Corp,esab
1877333,THCH,TH International Ltd,th international
1877430,ETUGF,E2Gold Inc.,e2gold
1877461,CBDW,1606 CORP.,1606
1877778,TTIPF,"Thiogenesis Therapeutics, Corp.",thiogenesis therapeutics
1877787,ZGN,Ermenegildo Zegna N.V.,ermenegildo zegna n.v
1877939,CTM,"Castellum, Inc.",castellum
1877971,POM,POMDOCTOR Ltd,pomdoctor
1878057,SGHC,Super Group (SGHC) Ltd,super group (sghc)
1878313,MAIA,"MAIA Biotechnology, Inc.",maia biotechnology
1878848,IREN,IREN Ltd,iren
1878897,DOUG,Douglas Elliman Inc.,douglas elliman
1879016,IE,Ivanhoe Electric Inc.,ivanhoe electric
1879248,ADSEW,Ads-Tec Energy Public Ltd Co,ads-tec energy public ltd
1879248,ADSE,Ads-Tec Energy Public Ltd Co,ads-tec energy public ltd
1879270,TCRG,Cannaisseur Group Inc.,cannaisseur group
1879293,MMCP,"Mag Mile Capital, Inc.",mag mile capital
1879403,LRHC,La Rosa Holdings Corp.,la rosa holdings
1879726,SIDU,Sidus Space Inc.,sidus space
1879754,EHGO,EShallGo Inc.,eshallgo
1879848,PEVM,PHOENIX MOTOR INC.,phoenix motor
1880319,PRM,"Perimeter Solutions, Inc.",perimeter solutions
1880343,AMZE,"AMAZE HOLDINGS, INC.",amaze holdings
1880431,VHAIW,Vocodia Holdings Corp,vocodia holdings
1880431,VHABW,Vocodia Holdings Corp,vocodia holdings
1880431,VHAI,Vocodia Holdings Corp,vocodia holdings
1880438,ANTX,"AN2 Therapeutics, Inc.",an2 therapeutics
1880613,DRCT,"Direct Digital Holdings, Inc.",direct digital holdings
1880661,TPGXL,TPG Inc.,tpg
1880661,TPG,TPG Inc.,tpg
1881472,MEGL,Magic Empire Global Ltd,magic empire global
1881487,ACDC,ProFrac Holding Corp.,profrac holding
1881551,STI,Solidion Technology Inc.,solidion technology
1881592,NSTS,"NSTS Bancorp, Inc.",nsts bancorp
1882198,ATEK,Athena Technology Acquisition Corp. II,athena technology acquisition corp. ii
1882198,ATEKW,Athena Technology Acquisition Corp. II,athena technology acquisition corp. ii
1882198,ATEKU,Athena Technology Acquisition Corp. II,athena technology acquisition corp. ii
1882464,MSSAF,Metal Sky Star Acquisition Corp,metal sky star acquisition
1882464,MSSWF,Metal Sky Star Acquisition Corp,metal sky star acquisition
1882464,MSSUF,Metal Sky Star Acquisition Corp,metal sky star acquisition
1882781,CBLO,"C2 Blockchain, Inc.",c2 blockchain
1882782,ODTX,"Odyssey Therapeutics, Inc.",odyssey therapeutics
1883083,GPLL,"GPL Holdings, Inc.",gpl holdings
1883085,PGYWW,Pagaya Technologies Ltd.,pagaya technologies
1883085,PGY,Pagaya Technologies Ltd.,pagaya technologies
1883313,SVV,"Savers Value Village, Inc.",savers value village
1883437,EPSM,Epsium Enterprise Ltd,epsium enterprise
1883685,DKNG,DraftKings Inc.,draftkings
1883814,SLND-WT,"Southland Holdings, Inc.",southland holdings
1883814,SLND,"Southland Holdings, Inc.",southland holdings
1883835,ESGH,ESG Inc.,esg
1884046,SPKL,Spark I Acquisition Corp,spark i acquisition
1884046,SPKLW,Spark I Acquisition Corp,spark i acquisition
1884046,SPKLU,Spark I Acquisition Corp,spark i acquisition
1884082,PLSAY,Polestar Automotive Holding UK PLC,polestar automotive holding uk plc
1884082,PSNYW,Polestar Automotive Holding UK PLC,polestar automotive holding uk plc
1884082,PSNY,Polestar Automotive Holding UK PLC,polestar automotive holding uk plc
1884122,VCUFF,Vizsla Copper Corp.,vizsla copper
1884164,KWIK,"KwikClick, Inc.",kwikclick
1884516,DTI,Drilling Tools International Corp,drilling tools international
1885110,CHLSY,Chocoladefabriken Lindt & Spruengli AG/ADR,chocoladefabriken lindt & spruengli ag/adr
1885408,NEXR,Nexera Technologies Ltd,nexera technologies
1885408,NEXRW,Nexera Technologies Ltd,nexera technologies
1885514,YBZN,Yi Po International Holdings Ltd,yi po international holdings
1885522,NMRA,"Neumora Therapeutics, Inc.",neumora therapeutics
1885680,RAJAF,"Cordyceps Sunshine Biotech Holdings Co., Ltd.",cordyceps sunshine biotech holdings co
1885827,VRAX,Virax Biolabs Group Ltd,virax biolabs group
1886190,GGROW,Gogoro Inc.,gogoro
1886190,GGR,Gogoro Inc.,gogoro
1886362,MGAM,"Mobile Global Esports, Inc.",mobile global esports
1886428,SLDE,"Slide Insurance Holdings, Inc.",slide insurance holdings
1886878,PAXS,PIMCO Access Income Fund,pimco access income fund
1886894,SNAL,"Snail, Inc.",snail
1887673,WLDS,Wearable Devices Ltd.,wearable devices
1887673,WLDSW,Wearable Devices Ltd.,wearable devices
1887912,WLSS,Welsis Corp.,welsis
1887944,SHIM,Shimmick Corp,shimmick
1888014,AKAN,AKANDA CORP.,akanda
1888151,FMTOF,Femto Technologies Inc.,femto technologies
1888274,DEFT,"Defi Technologies, Inc.",defi technologies
1888447,EE,"Excelerate Energy, Inc.",excelerate energy
1888525,UBXG,MindForge Inc.,mindforge
1888525,MF,MindForge Inc.,mindforge
1888654,FEAV,"5E Advanced Materials, Inc.",5e advanced materials
1888654,FEAM,"5E Advanced Materials, Inc.",5e advanced materials
1888740,LSEB,LSEB Creative Corp.,lseb creative
1888886,GPCR,Structure Therapeutics Inc.,structure therapeutics
1888980,LRE,"LEAD REAL ESTATE CO., LTD",lead real estate co
1889109,BLTE,"BELITE BIO, INC",belite bio
1889112,REEUF,Cartesian Growth Corp II,cartesian growth corp ii
1889112,REEWF,Cartesian Growth Corp II,cartesian growth corp ii
1889112,RENEF,Cartesian Growth Corp II,cartesian growth corp ii
1889123,FLDDW,"Fold Holdings, Inc.",fold holdings
1889123,FLD,"Fold Holdings, Inc.",fold holdings
1889352,CMHSF,COMPREHENSIVE HEALTHCARE SYSTEMS INC. (CANADA),comprehensive healthcare systems inc. (canada)
1889539,CRBD,"Corebridge Financial, Inc.",corebridge financial
1889539,CRBG,"Corebridge Financial, Inc.",corebridge financial
1889791,INNPF,INNOCAN PHARMA Corp,innocan pharma
1889823,DFSC,DEFSEC Technologies Inc.,defsec technologies
1889823,DFSCW,DEFSEC Technologies Inc.,defsec technologies
1889983,KVAC,Keen Vision Acquisition Corp.,keen vision acquisition
1889983,KVACW,Keen Vision Acquisition Corp.,keen vision acquisition
1889983,KVACU,Keen Vision Acquisition Corp.,keen vision acquisition
1890126,UNVGY,Universal Music Group N.V./ADR,universal music group n.v./adr
1890126,UMGNF,Universal Music Group N.V./ADR,universal music group n.v./adr
1890361,ASPCR,ASPAC III Acquisition Corp.,aspac iii acquisition
1890361,ASPC,ASPAC III Acquisition Corp.,aspac iii acquisition
1890361,ASPCU,ASPAC III Acquisition Corp.,aspac iii acquisition
1891027,MNTN,"MNTN, Inc.",mntn
1891101,BRCC,BRC Inc.,brc
1891512,XTXXF,Adastra Holdings Ltd.,adastra holdings
1891856,GENK,"GEN Restaurant Group, Inc.",gen restaurant group
1891944,PMEC,Primech Holdings Ltd,primech holdings
1892274,GV,Visionary Holdings Inc.,visionary holdings
1892292,MSS,Maison Solutions Inc.,maison solutions
1892316,LDDD,Longduoduo Co Ltd,longduoduo
1892322,HTCR,"HeartCore Enterprises, Inc.",heartcore enterprises
1892492,ORBS,Eightco Holdings Inc.,eightco holdings
1892500,CMND,Clearmind Medicine Inc.,clearmind medicine
1892704,FBDT,"First Breach, Inc.",first breach
1892747,VMCAF,Valuence Merger Corp. I,valuence merger corp. i
1892747,VMCWF,Valuence Merger Corp. I,valuence merger corp. i
1892747,VMCUF,Valuence Merger Corp. I,valuence merger corp. i
1893219,ABPWW,"Abpro Holdings, Inc.",abpro holdings
1893219,ABPO,"Abpro Holdings, Inc.",abpro holdings
1893645,PLRZ,Polyrizon Ltd.,polyrizon
1893657,RLEA,Rubber Leaf Inc,rubber leaf
1893899,WAMFF,Alaska Silver Corp.,alaska silver
1894525,APUS,"Apimeds Pharmaceuticals US, Inc.",apimeds pharmaceuticals us
1894562,PRME,"Prime Medicine, Inc.",prime medicine
1894693,SVRE,SaverOne 2014 Ltd.,saverone 2014
1894693,SVREW,SaverOne 2014 Ltd.,saverone 2014
1894942,FRFAF,Fresh Factory B.C. Ltd.,fresh factory b.c
1894954,XPON,Expion360 Inc.,expion360
1895249,CNTM,"ConnectM Technology Solutions, Inc.",connectm technology solutions
1895251,SGTM,"Sustainable Green Team, Ltd.",sustainable green team
1895262,NE-WT,Noble Corp plc,noble corp plc
1895262,NE,Noble Corp plc,noble corp plc
1895262,NE-WTA,Noble Corp plc,noble corp plc
1895597,ICG,Intchains Group Ltd,intchains group
1895618,GXAI,GAXOS.AI INC.,gaxos.ai
1896036,EIIA,Eagle Point Institutional Income Fund,eagle point institutional income fund
1896084,IONR,ioneer Ltd,ioneer
1896084,GSCCF,ioneer Ltd,ioneer
1896212,CDTTW,CDT Equity Inc.,cdt equity
1896212,CDT,CDT Equity Inc.,cdt equity
1896425,LBGJ,Li Bang International Corp Inc.,li bang international
1896511,DAZSF,ZKGC New Energy Ltd,zkgc new energy
1896677,GSOL,Grayscale Solana Staking ETF,grayscale solana staking etf
1896752,SABOF,Sabio Holdings Inc.,sabio holdings
1897087,SUPX,SuperX AI Technology Ltd,superx ai technology
1897245,HWH,HWH International Inc.,hwh international
1897463,GRAF,Graf Global Corp.,graf global
1897463,GRAF-UN,Graf Global Corp.,graf global
1897463,GRAF-WT,Graf Global Corp.,graf global
1897532,PASW,"Ping An Biomedical Co., Ltd.",ping an biomedical co
1897762,INGM,Ingram Micro Holding Corp,ingram micro holding
1898416,ALVO,Alvotech,alvotech
1898416,ALVOW,Alvotech,alvotech
1898496,GETY,"Getty Images Holdings, Inc.",getty images holdings
1898601,IPX,IPERIONX Ltd,iperionx
1898604,VSTD,Vestand Inc.,vestand
1898643,MOB,Mobilicom Ltd,mobilicom
1898643,MOBBW,Mobilicom Ltd,mobilicom
1898718,GMRS,GMR Solutions Inc.,gmr solutions
1898766,TPET,Trio Petroleum Corp,trio petroleum
1898795,LVWR-WT,"LiveWire Group, Inc.",livewire group
1898795,LVWR,"LiveWire Group, Inc.",livewire group
1899005,BMR,Beamr Imaging Ltd.,beamr imaging
1899123,BTDR,Bitdeer Technologies Group,bitdeer technologies group
1899287,AMPX-WT,"Amprius Technologies, Inc.",amprius technologies
1899287,AMPX,"Amprius Technologies, Inc.",amprius technologies
1899658,WLGSF,"WANG & LEE GROUP, Inc.",wang & lee group
1899830,PERFF,Perfect Corp.,perfect
1899830,PERF,Perfect Corp.,perfect
1899883,FIP,FTAI Infrastructure Inc.,ftai infrastructure
1900304,HLN,Haleon plc,haleon plc
1900304,HLNCF,Haleon plc,haleon plc
1900679,TETEF,Technology & Telecommunication Acquisition Corp,technology & telecommunication acquisition
1900679,TETUF,Technology & Telecommunication Acquisition Corp,technology & telecommunication acquisition
1900679,TETWF,Technology & Telecommunication Acquisition Corp,technology & telecommunication acquisition
1900720,EPWKF,EPWK Holdings Ltd.,epwk holdings
1901203,UCFI,CN Healthy Food Tech Group Corp.,cn healthy food tech group
1901203,UCFIW,CN Healthy Food Tech Group Corp.,cn healthy food tech group
1901215,BNRG,Brenmiller Energy Ltd.,brenmiller energy
1901279,NYAX,Nayax Ltd.,nayax
1901336,ALCWF,Alchemy Investments Acquisition Corp 1,alchemy investments acquisition corp 1
1901336,ALCUF,Alchemy Investments Acquisition Corp 1,alchemy investments acquisition corp 1
1901336,ALCYF,Alchemy Investments Acquisition Corp 1,alchemy investments acquisition corp 1
1901440,ULS,UL Solutions Inc.,ul solutions
1901637,USCB,"USCB FINANCIAL HOLDINGS, INC.",uscb financial holdings
1901799,BTMCQ,Bitcoin Depot Inc.,bitcoin depot
1901799,BTMWQ,Bitcoin Depot Inc.,bitcoin depot
1901931,KLGDF,Kalo Gold Corp.,kalo gold
1902276,WCUFF,World Copper Ltd.,world copper
1902276,WCUFD,World Copper Ltd.,world copper
1902314,MPTI,"M-tron Industries, Inc.",m-tron industries
1902733,NCNO,"nCino, Inc.",ncino
1903145,GRRR,Gorilla Technology Group Inc.,gorilla technology group
1903145,GRRRW,Gorilla Technology Group Inc.,gorilla technology group
1903382,BHM,"Bluerock Homes Trust, Inc.",bluerock homes trust
1903392,CLRRF,ClimateRock,climaterock
1903392,CLRCF,ClimateRock,climaterock
1903508,PPHC,"Public Policy Holding Company, Inc.",public policy holding company
1903595,HODO,House of Doge Inc.,house of doge
1903784,VOGX,"Vogenx, Inc.",vogenx
1903870,AFRIW,Forafric Global PLC,forafric global plc
1903870,AFRI,Forafric Global PLC,forafric global plc
1903995,MGIH,Millennium Group International Holdings Ltd,millennium group international holdings
1904286,MIRA,"MIRA PHARMACEUTICALS, INC.",mira pharmaceuticals
1904501,ZTEK,Zentek Ltd.,zentek
1904616,BAKR,Baker Global Asset Management Inc.,baker global asset management
1904856,EFXT,Enerflex Ltd.,enerflex
1905511,JCSE,JE Cleantech Holdings Ltd,je cleantech holdings
1905660,HUBC,Hub Cyber Security Ltd.,hub cyber security
1905660,HUBCZ,Hub Cyber Security Ltd.,hub cyber security
1905660,HUBCW,Hub Cyber Security Ltd.,hub cyber security
1905688,MAUUF,AERO ENERGY Ltd,aero energy
1905920,GLXG,Galaxy Payroll Group Ltd,galaxy payroll group
1905956,TGL,TREASURE GLOBAL INC,treasure global
1906324,QDEL,QuidelOrtho Corp,quidelortho
1906364,BXBL,BOXABL Inc.,boxabl
1906364,FGMCU,BOXABL Inc.,boxabl
1906364,FGMCR,BOXABL Inc.,boxabl
1907085,ODD,Oddity Tech Ltd,oddity tech
1907108,LXEO,"Lexeo Therapeutics, Inc.",lexeo therapeutics
1907184,ELBM,Electra Battery Materials Corp,electra battery materials
1907223,GRML,Greenland Mines Ltd,greenland mines
1907223,GRMLW,Greenland Mines Ltd,greenland mines
1907425,JOCM,JOCOM HOLDINGS CORP.,jocom holdings
1907909,VOXR,VOX ROYALTY CORP.,vox royalty
1907982,QBTS,D-Wave Quantum Inc.,d-wave quantum
1908705,GLE,Global Engine Group Holding Ltd,global engine group holding
1908984,ENDI,ENDI Corp.,endi
1909747,JUSHF,Jushi Holdings Inc.,jushi holdings
1910139,MBLY,Mobileye Global Inc.,mobileye global
1910975,RPDL,Rapid Line Inc.,rapid line
1911467,CRCE,"Circle Energy, Inc./NV","circle energy, inc./nv"
1911545,GITS,"Global Interactive Technologies, Inc.",global interactive technologies
1912582,AIEV,"Thunder Power Holdings, Inc.",thunder power holdings
1912847,USEA,United Maritime Corp,united maritime
1912884,RPGL,Republic Power Group Ltd,republic power group
1912966,RGNT,REGENTIS BIOMATERIALS LTD.,regentis biomaterials
1913288,BRVMF,Bravo Mining Corp.,bravo mining
1913510,VFS,VinFast Auto Ltd.,vinfast auto
1913510,VFSWW,VinFast Auto Ltd.,vinfast auto
1913577,SMNRW,"Semnur Pharmaceuticals, Inc.",semnur pharmaceuticals
1913577,SMNR,"Semnur Pharmaceuticals, Inc.",semnur pharmaceuticals
1913749,GMM,Global Mofy AI Ltd,global mofy ai
1913838,VWFB,"VWF Bancorp, Inc.",vwf bancorp
1913847,CNCK,Coincheck Group N.V.,coincheck group n.v
1913847,CNCKW,Coincheck Group N.V.,coincheck group n.v
1913971,BPRN,"Princeton Bancorp, Inc.",princeton bancorp
1914605,ECBK,"ECB Bancorp, Inc. /MD/","ecb bancorp, inc. /md/"
1914805,BANL,CBL International Ltd,cbl international
1915328,ISLWF,Israel Acquisitions Corp,israel acquisitions
1915328,ISLUF,Israel Acquisitions Corp,israel acquisitions
1915328,ISRLF,Israel Acquisitions Corp,israel acquisitions
1915657,DINO,HF Sinclair Corp,hf sinclair
1915760,HEMNF,Hemnet Group AB/ADR,hemnet group ab/adr
1916101,OBNB,Osprey BNB Chain Trust,osprey bnb chain trust
1916241,PRZO,ParaZero Technologies Ltd.,parazero technologies
1916331,NCI,Neo-Concept International Group Holdings Ltd,neo-concept international group holdings
1916416,INTJ,Intelligent Group Ltd,intelligent group
1916558,TRWD,Tradewinds Universal,tradewinds universal
1917599,EDVR,Endeavor Bancorp,endeavor bancorp
1917817,SYGCF,Sylla Gold Corp.,sylla gold
1917993,GSTK,Growth Stalk Holdings Corp,growth stalk holdings
1918080,DBHL,"Deep Isolation Nuclear, Inc.",deep isolation nuclear
1918102,FISN,"DEEP FISSION, INC.",deep fission
1918151,RGCCF,Relevant Gold Corp.,relevant gold
1918414,NBRGR,Newbridge Acquisition Ltd,newbridge acquisition
1918414,NBRG,Newbridge Acquisition Ltd,newbridge acquisition
1918414,NBRGU,Newbridge Acquisition Ltd,newbridge acquisition
1919182,UTKN,Universal Token,universal token
1919191,ITHR,"Intelithrive, Inc.",intelithrive
1919246,PTHS,Pelthos Therapeutics Inc.,pelthos therapeutics
1919275,VARRY,Var Energi ASA/ADR,var energi asa/adr
1919776,DETX,"LIBERTY DEFENSE HOLDINGS, LTD.",liberty defense holdings
1919847,SFWJ,"Software Effective Solutions, Corp.",software effective solutions
1920092,GELS,Gelteq Ltd,gelteq
1920294,RZLVW,REZOLVE AI PLC,rezolve ai plc
1920294,RZLV,REZOLVE AI PLC,rezolve ai plc
1920406,ASST,"Strive, Inc.",strive
1920406,SATA,"Strive, Inc.",strive
1920576,MIMDF,MiMedia Holdings Inc.,mimedia holdings
1921050,TDRRF,Tudor Gold Corp.,tudor gold
1921158,FUFUW,Bitfufu Inc.,bitfufu
1921158,FUFU,Bitfufu Inc.,bitfufu
1921582,LGCXF,Lahontan Gold Corp.,lahontan gold
1921603,WHK,WhiteHawk Minerals Corp.,whitehawk minerals
1921865,ASPI,ASP Isotopes Inc.,asp isotopes
1921963,ATMU,Atmus Filtration Technologies Inc.,atmus filtration technologies
1922097,LANV,Lanvin Group Holdings Ltd,lanvin group holdings
1922097,LANWF,Lanvin Group Holdings Ltd,lanvin group holdings
1922335,SYRA,Syra Health Corp,syra health
1922446,DEC,Diversified Energy Co,diversified energy
1922641,ENLT,Enlight Renewable Energy Ltd.,enlight renewable energy
1923622,PGIM,PGIM Private Credit Fund,pgim private credit fund
1923734,AKPPS,Ark7 Properties Plus LLC,ark7 properties plus
1923780,NCL,Northann Corp.,northann
1923891,NNE,Nano Nuclear Energy Inc.,nano nuclear energy
1924064,RLNDF,RoyaLand Co Ltd.,royaland
1924482,IBG,Innovation Beverage Group Ltd,innovation beverage group
1925062,FRBT,"Forbright, Inc.",forbright
1925283,LCLN,"Lincoln International, Inc.",lincoln international
1925511,NZAUF,Rua Gold Inc.,rua gold
1926293,GCDT,Green Circle Decarbonize Technology Ltd,green circle decarbonize technology
1926314,OCAC,Ocean Capital Acquisition Corp,ocean capital acquisition
1926314,OCAC-UN,Ocean Capital Acquisition Corp,ocean capital acquisition
1926599,TDACU,Translational Development Acquisition Corp.,translational development acquisition
1926599,TDACW,Translational Development Acquisition Corp.,translational development acquisition
1926599,TDAC,Translational Development Acquisition Corp.,translational development acquisition
1926792,SFHG,SAMFINE CREATION HOLDINGS GROUP Ltd,samfine creation holdings group
1927026,OBULF,One Bullion Ltd,one bullion
1927578,NTCL,NetClass Technology Inc,netclass technology
1927719,CRGOW,Freightos Ltd,freightos
1927719,CRGO,Freightos Ltd,freightos
1927958,AIRO,"AIRO Group Holdings, Inc.",airo group holdings
1928340,GDHG,GOLDEN HEAVEN GROUP HOLDINGS LTD.,golden heaven group holdings
1928446,GRNT,"Granite Ridge Resources, Inc.",granite ridge resources
1928581,GMEX,GMEX Robotics Corp,gmex robotics
1928722,INIKF,PopReach Corp,popreach
1928948,HTCO,High-Trend International Group,high-trend international group
1929561,RXO,"RXO, Inc.",rxo
1929783,WOK,WORK Medical Technology Group LTD,work medical technology group
1930021,HOVRW,New Horizon Aircraft Ltd.,new horizon aircraft
1930021,HOVR,New Horizon Aircraft Ltd.,new horizon aircraft
1930147,SPME,"Sound Point Meridian Capital, Inc.",sound point meridian capital
1930147,SPMC,"Sound Point Meridian Capital, Inc.",sound point meridian capital
1930147,SPMA,"Sound Point Meridian Capital, Inc.",sound point meridian capital
1930179,ARBB,ARB IOT Group Ltd,arb iot group
1930313,SBC,SBC Medical Group Holdings Inc,sbc medical group holdings
1930313,SBCWW,SBC Medical Group Holdings Inc,sbc medical group holdings
1930419,ALRTF,ALR Technologies SG Ltd.,alr technologies sg
1930459,PMMCF,Pampa Metals Corp,pampa metals
1930510,VCIG,VCI Global Ltd,vci global
1931055,MDNC,Medinotec Inc.,medinotec
1931717,CCTG,CCSC Technology International Holdings Ltd,ccsc technology international holdings
1932072,LOBO,LOBO TECHNOLOGIES LTD.,lobo technologies
1932213,BCCG,Blue Chip Capital Group Inc.,blue chip capital group
1932393,GEHC,GE HealthCare Technologies Inc.,ge healthcare technologies
1932737,AIIO,ROBO.AI INC.,robo.ai
1932737,AIIOW,ROBO.AI INC.,robo.ai
1932770,HERE,Here Group Ltd,here group
1933021,PLUT,Plutus Financial Group Ltd,plutus financial group
1933359,NTCS,Natics Corp.,natics
1933414,MLYS,"Mineralys Therapeutics, Inc.",mineralys therapeutics
1933567,NRXS,"Neuraxis, INC",neuraxis
1933951,INEO,INNEOVA Holdings Ltd,inneova holdings
1934114,SUJA,"SUJA LIFE, INC.",suja life
1934245,NWTG,"Newton Golf Company, Inc.",newton golf company
1934642,MDBH,"MDB Capital Holdings, LLC",mdb capital holdings
1934850,FG,"F&G Annuities & Life, Inc.",f&g annuities & life
1934850,FGSN,"F&G Annuities & Life, Inc.",f&g annuities & life
1934850,FGN,"F&G Annuities & Life, Inc.",f&g annuities & life
1935033,KMFG,KEEMO Fashion Group Ltd,keemo fashion group
1935092,CETI,"Cyber Enviro-Tech, Inc.",cyber enviro-tech
1935172,AIXI,Xiao-I Corp,xiao-i
1935418,FMSTW,Foremost Clean Energy Ltd.,foremost clean energy
1935418,FMST,Foremost Clean Energy Ltd.,foremost clean energy
1935979,BHVN,Biohaven Ltd.,biohaven
1936224,SRFM,SURF AIR MOBILITY INC.,surf air mobility
1936258,NAMS,NewAmsterdam Pharma Co N.V.,newamsterdam pharma co n.v
1936258,NAMSW,NewAmsterdam Pharma Co N.V.,newamsterdam pharma co n.v
1936804,SDA,SunCar Technology Group Inc.,suncar technology group
1936804,SDAWW,SunCar Technology Group Inc.,suncar technology group
1936817,HXHX,Haoxin Holdings Ltd,haoxin holdings
1937441,AMBWQ,Ambipar Emergency Response,ambipar emergency response
1937441,AMBIQ,Ambipar Emergency Response,ambipar emergency response
1937453,NIOMF,First American Uranium Inc.,first american uranium
1937653,ZYME,Zymeworks Inc.,zymeworks
1937737,MLEC,Moolec Science SA,moolec science sa
1937737,MLECW,Moolec Science SA,moolec science sa
1937891,AMCI,AMC Robotics Corp,amc robotics
1937926,BAM,Brookfield Asset Management Ltd.,brookfield asset management
1937987,FBYD,"Falcon's Beyond Global, Inc.",falcon's beyond global
1937987,FBYDP,"Falcon's Beyond Global, Inc.",falcon's beyond global
1937987,FBYDW,"Falcon's Beyond Global, Inc.",falcon's beyond global
1937993,CVKD,"Cadrenal Therapeutics, Inc.",cadrenal therapeutics
1938046,MGRX,"MANGOCEUTICALS, INC.",mangoceuticals
1938109,PAPL,Pineapple Financial Inc.,pineapple financial
1938186,JYD,Jayud Global Logistics Ltd,jayud global logistics
1938338,GLTK,GlobalTech Corp,globaltech
1938534,FBGL,FBS Global Ltd,fbs global
1938569,PALX,Palomino Laboratories Inc.,palomino laboratories
1938571,APTN,"ADAPTIN BIO, INC.",adaptin bio
1938865,DPU,Top KingWin Ltd,top kingwin
1939365,IVPR,"INSPIRE VETERINARY PARTNERS, INC.",inspire veterinary partners
1939479,USPCY,China Strategic Technology Group Limited/ADR,china strategic technology group limited/adr
1939780,UCAR,U Power Ltd,u power
1939801,SMDRF,SIERRA MADRE GOLD & SILVER LTD.,sierra madre gold & silver
1939937,LMMY,"Exousia Bio, Inc.",exousia bio
1939965,SLMT,Brera Holdings PLC,brera holdings plc
1940177,PODC,"PodcastOne, Inc.",podcastone
1940243,GSMT,Global-Smart.Tech Inc.,global-smart.tech
1940674,SMX,SMX (Security Matters) Public Ltd Co,smx (security matters) public ltd
1940674,SMXWW,SMX (Security Matters) Public Ltd Co,smx (security matters) public ltd
1940941,MFI,mF International Ltd,mf international
1941029,ADVB,Advanced Biomed Inc.,advanced biomed
1941131,TORO,TORO CORP.,toro
1941158,WETO,Wetour Robotics Ltd,wetour robotics
1941189,TANAF,Tian'an Technology Group Ltd,tian'an technology group
1941360,NELR,Neolara Corp.,neolara
1941365,MBC,"MasterBrand, Inc.",masterbrand
1941500,MWG,Multi Ways Holdings Ltd,multi ways holdings
1941506,ZJK,"ZJK Industrial Co., Ltd.",zjk industrial co
1941536,BAER,"Bridger Aerospace Group Holdings, Inc.",bridger aerospace group holdings
1941536,BAERW,"Bridger Aerospace Group Holdings, Inc.",bridger aerospace group holdings
1943289,SVCO,"Silvaco Group, Inc.",silvaco group
1943421,RUBI,Rubico Inc.,rubico
1943444,TRSG,Tungray Technologies Inc,tungray technologies
1943802,FSEA,"First Seacoast Bancorp, Inc.",first seacoast bancorp
1943896,RBRK,"Rubrik, Inc.",rubrik
1944013,CR,Crane Co,crane
1944048,KVUE,Kenvue Inc.,kenvue
1944399,PDC,Perpetuals.com Ltd,perpetuals.com
1944552,ANL,Adlai Nortye Ltd.,adlai nortye
1944558,VTS,"Vitesse Energy, Inc.",vitesse energy
1944712,BIYA,Baiya International Group Inc.,baiya international group
1944885,APLM,Apollomics Inc.,apollomics
1944885,APLMW,Apollomics Inc.,apollomics
1944902,OMH,Ohmyhome Ltd,ohmyhome
1944955,GSKRF,FIRST NORDIC METALS CORP.,first nordic metals
1945166,MECPF,MUSTANG ENERGY CORP.,mustang energy
1945240,ROMA,Roma Green Finance Ltd,roma green finance
1945415,HUHU,HUHUTECH International Group Inc.,huhutech international group
1945565,BGIN,BGIN BLOCKCHAIN Ltd,bgin blockchain
1945619,KSEZ,Kinetic Seas Inc.,kinetic seas
1946021,HSPUF,Horizon Space Acquisition I Corp.,horizon space acquisition i
1946021,HSPWF,Horizon Space Acquisition I Corp.,horizon space acquisition i
1946021,HSPOF,Horizon Space Acquisition I Corp.,horizon space acquisition i
1946563,SXTPW,"60 DEGREES PHARMACEUTICALS, INC.",60 degrees pharmaceuticals
1946563,SXTP,"60 DEGREES PHARMACEUTICALS, INC.",60 degrees pharmaceuticals
1946573,NAKA,Nakamoto Inc.,nakamoto
1946573,NAKAW,Nakamoto Inc.,nakamoto
1946703,WBUY,WEBUY GLOBAL LTD,webuy global
1946746,LTESF,Leet INC.,leet
1947016,FJET,"Starfighters Space, Inc.",starfighters space
1947210,ROLR,"High Roller Technologies, Inc.",high roller technologies
1947244,USGO,U.S. GoldMining Inc.,u.s. goldmining
1947861,NMHI,Nature's Miracle Holding Inc.,nature's miracle holding
1947861,NMHIW,Nature's Miracle Holding Inc.,nature's miracle holding
1948099,MTEN,Mingteng International Corp Inc.,mingteng international
1948294,NWGL,CL Workshop Group Ltd,cl workshop group
1948436,JL,J-Long Group Ltd,j-long group
1948443,RAY,Raytech Holding Ltd,raytech holding
1948455,ISPR,Ispire Technology Inc.,ispire technology
1948697,SPPL,SIMPPLE LTD.,simpple
1948864,HCWC,HEALTHY CHOICE WELLNESS CORP.,healthy choice wellness
1949257,RDPTF,Radiopharm Theranostics Ltd,radiopharm theranostics
1949257,RADX,Radiopharm Theranostics Ltd,radiopharm theranostics
1949478,DTCKF,DAVIS COMMODITIES Ltd,davis commodities
1949864,MGNC,Mag Magna Corp,mag magna
1950209,ZHDM,Ainnova Tech,ainnova tech
1951067,CISS,C3is Inc.,c3is
1951070,MH,"McGraw Hill, Inc.",mcgraw hill
1951089,CRTMF,Critical Metals Corp.,critical metals
1951089,CRML,Critical Metals Corp.,critical metals
1951089,CRMLW,Critical Metals Corp.,critical metals
1951222,LAES,SEALSQ Corp,sealsq
1951229,RITR,Reitar Logtech Holdings Ltd,reitar logtech holdings
1951276,SRBK,"SR Bancorp, Inc.",sr bancorp
1951294,VSME,VS MEDIA Holdings Ltd,vs media holdings
1951593,NNRGF,Ninepoint Energy Fund,ninepoint energy fund
1951593,NNPEF,Ninepoint Energy Fund,ninepoint energy fund
1951667,CTNT,CHEETAH NET SUPPLY CHAIN SERVICE INC.,cheetah net supply chain service
1952073,MSGE,Madison Square Garden Entertainment Corp.,madison square garden entertainment
1952670,TVCN,TV Channels Network Inc.,tv channels network
1952853,MAMO,Massimo Group,massimo group
1952976,NLOP,Net Lease Office Properties,net lease office properties
1953021,MPU,Mega Matrix Inc,mega matrix
1953366,STHO,Star Holdings,star holdings
1953530,OCS,Oculis Holding AG,oculis holding ag
1953530,OCSAW,Oculis Holding AG,oculis holding ag
1953575,CNL,Collective Mining Ltd.,collective mining
1953926,ZBIO,"Zenas BioPharma, Inc.",zenas biopharma
1953984,BCGWW,"Binah Capital Group, Inc.",binah capital group
1953984,BCG,"Binah Capital Group, Inc.",binah capital group
1953988,HLEO,Helio Corp /FL/,helio corp /fl/
1954269,GSIW,Garden Stage Ltd,garden stage
1954488,MENS,Jyong Biotech Ltd.,jyong biotech
1954594,HAO,Haoxi Health Technology Ltd,haoxi health technology
1954694,LGCL,Lucas GC Ltd,lucas gc
1955520,KNF,Knife River Corp,knife river
1956166,PMA,Ming Shing Group Holdings Ltd,ming shing group holdings
1956237,ALMP,Almco Plumbing Inc,almco plumbing
1956439,ENHA,Enhanced Group Inc.,enhanced group
1956648,NOEMU,CO2 Energy Transition Corp.,co2 energy transition
1956648,NOEMR,CO2 Energy Transition Corp.,co2 energy transition
1956648,NOEM,CO2 Energy Transition Corp.,co2 energy transition
1956648,NOEMW,CO2 Energy Transition Corp.,co2 energy transition
1956741,ZONE,"CleanCore Solutions, Inc.",cleancore solutions
1956744,TRON,Tron Inc.,tron
1956827,ABVX,Abivax S.A.,abivax s.a
1956827,AAVXF,Abivax S.A.,abivax s.a
1956955,UMAC,"Unusual Machines, Inc.",unusual machines
1957001,FEBO,Fenbo Holdings Ltd,fenbo holdings
1957132,SN,"SharkNinja, Inc.",sharkninja
1957413,DCX,Digital Currency X Technology Inc.,digital currency x technology
1957489,ABLVW,Able View Global Inc.,able view global
1957489,ABLV,Able View Global Inc.,able view global
1957538,OIO,OIO Group,oio group
1957538,OIOWW,OIO Group,oio group
1957783,MACT,"MachTen, Inc.",machten
1958086,CLB,Core Laboratories Inc. /DE/,core laboratories inc. /de/
1958133,DXST,Decent Holding Inc.,decent holding
1958140,BATRK,"Atlanta Braves Holdings, Inc.",atlanta braves holdings
1958140,BATRA,"Atlanta Braves Holdings, Inc.",atlanta braves holdings
1958140,BATRB,"Atlanta Braves Holdings, Inc.",atlanta braves holdings
1958217,LZM,Lifezone Metals Ltd,lifezone metals
1958217,LZM-WT,Lifezone Metals Ltd,lifezone metals
1958389,HYDTF,Hydreight Technologies Inc.,hydreight technologies
1958399,HCAI,"Huachen AI Parking Management Technology Holding Co., Ltd",huachen ai parking management technology holding co
1958489,CRGT,"Cortigent, Inc.",cortigent
1958713,MI,NFT Ltd,nft
1958777,FBLG,"FibroBiologics, Inc.",fibrobiologics
1958928,CTWO,COTWO ADVISORS PHYSICAL EUROPEAN CARBON ALLOWANCE TRUST,cotwo advisors physical european carbon allowance trust
1959023,RENX,RenX Enterprises Corp.,renx enterprises
1959224,AXG,"Solowin Holdings, Ltd.",solowin holdings
1959455,HSHP,Himalaya Shipping Ltd.,himalaya shipping
1959726,AZI,Autozi Internet Technology (Global) Ltd.,autozi internet technology (global)
1959994,COOTW,Australian Oilseeds Holdings Ltd,australian oilseeds holdings
1959994,COOT,Australian Oilseeds Holdings Ltd,australian oilseeds holdings
1960262,LUDG,"LUDWIG ENTERPRISES, INC.",ludwig enterprises
1960355,EXYN,"Exyn Technologies, Inc.",exyn technologies
1960355,EXYNW,"Exyn Technologies, Inc.",exyn technologies
1960847,TOPP,Toppoint Holdings Inc.,toppoint holdings
1961847,INHD,INNO HOLDINGS INC.,inno holdings
1962011,KAPA,"Kairos Pharma, LTD.",kairos pharma
1962481,BOF,BranchOut Food Inc.,branchout food
1962738,CASIF,"CASI Pharmaceuticals, Inc.",casi pharmaceuticals
1962746,LOTWW,Lotus Technology Inc.,lotus technology
1962746,LOT,Lotus Technology Inc.,lotus technology
1963088,ATCH,"AtlasClear Holdings, Inc.",atlasclear holdings
1963088,ATCHW,"AtlasClear Holdings, Inc.",atlasclear holdings
1963439,TURB,"Turbo Energy, S.A.","turbo energy, s.a"
1963685,RR,RICHTECH ROBOTICS INC.,richtech robotics
1964314,JBDI,JBDI Holdings Ltd,jbdi holdings
1964333,BHRB,Burke & Herbert Financial Services Corp.,burke & herbert financial services
1964504,ARIS,Aris Mining Corp,aris mining
1964664,ORISF,ORIENTAL RISE HOLDINGS Ltd,oriental rise holdings
1964738,SOLV,Solventum Corp,solventum
1964789,HUT,Hut 8 Corp.,hut 8
1964946,YAAS,Youxin Technology Ltd,youxin technology
1964954,ECO,Okeanis Eco Tankers Corp.,okeanis eco tankers
1964979,ALURD,"ALLURION TECHNOLOGIES, INC.",allurion technologies
1964979,ALURW,"ALLURION TECHNOLOGIES, INC.",allurion technologies
1964979,ALUR,"ALLURION TECHNOLOGIES, INC.",allurion technologies
1965040,FTRE,Fortrea Holdings Inc.,fortrea holdings
1965052,MGTEW,Marblegate Capital Corp,marblegate capital
1965052,MGTE,Marblegate Capital Corp,marblegate capital
1965143,NVNIW,Nvni Group Ltd,nvni group
1965143,NVNI,Nvni Group Ltd,nvni group
1965473,CCGWW,Cheche Group Inc.,cheche group
1965473,CCG,Cheche Group Inc.,cheche group
1965615,MGMNF,MAGNA MINING INC.,magna mining
1966041,DSC,DSC Holdings Ltd.,dsc holdings
1966126,NUOX,"NuvOx Therapeutics, Inc.",nuvox therapeutics
1966233,NIPG,NIP Group Inc.,nip group
1966287,GFR,Greenfire Resources Ltd.,greenfire resources
1966287,GFRWF,Greenfire Resources Ltd.,greenfire resources
1966678,ZDAI,"DirectBooking Technology Co., Ltd.",directbooking technology co
1966750,ZBAO,Zhibao Technology Inc.,zhibao technology
1966983,LAC,LITHIUM AMERICAS CORP.,lithium americas
1967306,MSBB,"Mercer Bancorp, Inc.",mercer bancorp
1967397,LZMH,LZ Technology Holdings Ltd,lz technology holdings
1967478,CPTAF,Captivision Inc.,captivision
1967621,ATGL,Alpha Technology Group Ltd,alpha technology group
1967631,NAMI,Jinxin Technology Holding Co,jinxin technology holding
1967649,VSTS,Vestis Corp,vestis
1967656,PFSB,"PFS Bancorp, Inc.",pfs bancorp
1967680,VLTO,Veralto Corp,veralto
1967822,CGTL,Creative Global Technology Holdings Ltd,creative global technology holdings
1968043,NCEW,New Century Logistics (BVI) Ltd,new century logistics (bvi)
1968378,BCHMY,Bachem Holding AG/ADR,bachem holding ag/adr
1968378,BCHMF,Bachem Holding AG/ADR,bachem holding ag/adr
1968385,BAWAY,BAWAG Group AG/ADR,bawag group ag/adr
1968385,BWAGF,BAWAG Group AG/ADR,bawag group ag/adr
1968487,WS,"Worthington Steel, Inc.",worthington steel
1968915,PHIN,PHINIA INC.,phinia
1969302,PYAIF,Pony AI Inc.,pony ai
1969302,PONY,Pony AI Inc.,pony ai
1969373,VTMX,"Vesta Real Estate Corporation, S.A.B. de C.V.","vesta real estate corporation, s.a.b. de c.v"
1969401,UZX,Linkage Global Inc,linkage global
1969729,RKWAF,Rockwool A/S/ADR,rockwool a/s/adr
1969729,RKWBF,Rockwool A/S/ADR,rockwool a/s/adr
1969729,RCWBY,Rockwool A/S/ADR,rockwool a/s/adr
1969729,RCWLY,Rockwool A/S/ADR,rockwool a/s/adr
1969766,SEPSF,Asep Medical Holdings Inc.,asep medical holdings
1969796,THQQF,Embracer Group AB/ADR,embracer group ab/adr
1969796,EBCRY,Embracer Group AB/ADR,embracer group ab/adr
1969863,SUGP,SU Group Holdings Ltd,su group holdings
1969928,TJGC,TJGC GROUP Ltd,tjgc group
1970125,FDXTF,FENDX TECHNOLOGIES INC.,fendx technologies
1970544,ITOC,iTonic Holdings Ltd,itonic holdings
1970622,USAR,"USA Rare Earth, Inc.",usa rare earth
1970743,RMXI,"RMX INDUSTRIES, INC.",rmx industries
1971115,RYDE,Ryde Group Ltd,ryde group
1971213,SBGI,"Sinclair, Inc.",sinclair
1971260,CLDVF,Cloud3 Ventures Inc.,cloud3 ventures
1971387,LIMN,"Liminatus Pharma, Inc.",liminatus pharma
1971387,LIMNW,"Liminatus Pharma, Inc.",liminatus pharma
1971532,TELO,"Telomir Pharmaceuticals, Inc.",telomir pharmaceuticals
1971542,QMMM,QMMM Holdings Ltd,qmmm holdings
1971828,ENGS,Energys Group Ltd,energys group
1971975,ABXXF,Abaxx Technologies Inc.,abaxx technologies
1972074,LNKS,Linkers Industries Ltd,linkers industries
1972234,VHUB,"VenHub Global, Inc.",venhub global
1972529,BTOC,Armlogi Holding Corp.,armlogi holding
1972589,TDGGF,TDG Gold Corp.,tdg gold
1973062,VIDA,VIDA Global Inc.,vida global
1973160,GMZP,GEMZ Corp. NV,gemz corp. nv
1973239,ARM,ARM HOLDINGS PLC /UK,arm holdings plc /uk
1973266,TKO,"TKO Group Holdings, Inc.",tko group holdings
1973368,SVUWF,SRIVARU Holding Ltd,srivaru holding
1973368,SVUHF,SRIVARU Holding Ltd,srivaru holding
1973832,AU,AngloGold Ashanti PLC,anglogold ashanti plc
1974044,MNYWW,MoneyHero Ltd,moneyhero
1974044,MNY,MoneyHero Ltd,moneyhero
1974138,NATL,NCR Atleos Corp,ncr atleos
1974640,APGE,"Apogee Therapeutics, Inc.",apogee therapeutics
1975222,SSHT,SSHT S&T Group Ltd.,ssht s&t group
1975641,ZYBT,Zhengye Biotechnology Holding Ltd,zhengye biotechnology holding
1975940,FLYE,"Fly-E Group, Inc.",fly-e group
1976443,SYNX,Silynxcom Ltd.,silynxcom
1976663,NXNT,"Nexscient, Inc.",nexscient
1976695,MNDR,Mobile-health Network Solutions,mobile-health network solutions
1976908,JDZG,JIADE Ltd,jiade
1977102,BIRK,Birkenstock Holding plc,birkenstock holding plc
1977837,USDW,MADE IN USA INC.,made in usa
1977971,ALTUF,Altura Energy Corp.,altura energy
1978057,TWG,Top Wealth Group Holding Ltd,top wealth group holding
1978111,NPLY,Naploy Corp.,naploy
1978151,DGTEF,Eat & Beyond Global Holdings Inc.,eat & beyond global holdings
1978165,LITSF,LITHOS GROUP LTD.,lithos group
1978527,GVH,Globavend Holdings Ltd,globavend holdings
1978528,QETA,Quetta Acquisition Corp,quetta acquisition
1978528,QETAR,Quetta Acquisition Corp,quetta acquisition
1978528,QETAU,Quetta Acquisition Corp,quetta acquisition
1978811,GOVB,"Gouverneur Bancorp, Inc./MD/","gouverneur bancorp, inc./md/"
1978867,CDLR,Cadeler A/S,cadeler a/s
1978954,TBBB,BBB FOODS INC,bbb foods
1979005,AFJKR,"Aimei Health Technology Co., Ltd.",aimei health technology co
1979005,AFJK,"Aimei Health Technology Co., Ltd.",aimei health technology co
1979005,AFJKU,"Aimei Health Technology Co., Ltd.",aimei health technology co
1979330,NBBK,"NB Bancorp, Inc.",nb bancorp
1979332,CPBI,"Central Plains Bancshares, Inc.",central plains bancshares
1979407,ORKT,ORANGEKLOUD TECHNOLOGY INC.,orangekloud technology
1979408,STLRF,STLLR Gold Inc.,stllr gold
1979414,NTHI,"NEONC TECHNOLOGIES HOLDINGS, INC.",neonc technologies holdings
1979484,ABVEF,Above Food Ingredients Inc.,above food ingredients
1979610,WXM,WF International Ltd.,wf international
1979887,XCH,XCHG Ltd,xchg
1980088,MNR,MACH NATURAL RESOURCES LP,mach natural resources
1980210,WFF,WF Holding Ltd,wf holding
1980295,IMAA,IMA Tech,ima tech
1980845,ENGNW,enGene Therapeutics Inc.,engene therapeutics
1980845,ENGN,enGene Therapeutics Inc.,engene therapeutics
1980994,IBIT,iShares Bitcoin Trust ETF,ishares bitcoin trust etf
1981519,MMA,MIXED MARTIAL ARTS GROUP LTD,mixed martial arts group
1981535,SBET,"Sharplink, Inc.",sharplink
1981546,CBK,"Commercial Bancgroup, Inc.",commercial bancgroup
1981599,CTRI,"Centuri Holdings, Inc.",centuri holdings
1981662,NIVF,NewGenIvf Group Ltd,newgenivf group
1981662,NIVFW,NewGenIvf Group Ltd,newgenivf group
1981775,VTNMF,V Ten Metals Corp.,v ten metals
1981792,HHH,Howard Hughes Holdings Inc.,howard hughes holdings
1982012,TLIH,Ten-League International Holdings Ltd,ten-league international holdings
1982444,BDMD,Baird Medical Investment Holdings Ltd,baird medical investment holdings
1982444,BDMDW,Baird Medical Investment Holdings Ltd,baird medical investment holdings
1982448,BLIV,BeLive Holdings,belive holdings
1982518,SDHC,Smith Douglas Homes Corp.,smith douglas homes
1982708,NNNN,Anbio Biotechnology,anbio biotechnology
1982960,KNRX,KNOREX LTD.,knorex
1982961,EGG,ENIGMATIG LTD,enigmatig
1983324,RMSG,Real Messenger Corp,real messenger
1983324,RMSGW,Real Messenger Corp,real messenger
1983550,TDTH,Trident Digital Tech Holdings Ltd,trident digital tech holdings
1983736,GOAI,Eva Live Inc,eva live
1984060,AESI,Atlas Energy Solutions Inc.,atlas energy solutions
1984086,SEPN,"Septerna, Inc.",septerna
1984124,LUD,Luda Technology Group Ltd,luda technology group
1984345,VTBAS,"Vestible Assets, LLC",vestible assets
1985062,PBM,PSYENCE BIOMEDICAL LTD.,psyence biomedical
1985062,PBMWW,PSYENCE BIOMEDICAL LTD.,psyence biomedical
1985139,LSE,"Leishen Energy Holding Co., Ltd.",leishen energy holding co
1985273,TOYWF,"TOYO Co., Ltd",toyo co
1985273,TOYO,"TOYO Co., Ltd",toyo co
1985337,YYGH,YY Group Holding Ltd.,yy group holding
1985406,NPEHF,"Nippon Express Holdings, Inc./ADR","nippon express holdings, inc./adr"
1985406,NEXHY,"Nippon Express Holdings, Inc./ADR","nippon express holdings, inc./adr"
1985487,KSPI,Joint Stock Co Kaspi.kz,joint stock co kaspi.kz
1985554,LDXC,Londax Corp.,londax
1985840,DEFI,Hashdex Commodities Trust,hashdex commodities trust
1986247,BYAH,"Park Ha Biological Technology Co., Ltd.",park ha biological technology co
1986817,GTEN,"Gores Holdings X, Inc. / CI","gores holdings x, inc. / ci"
1986817,GTENW,"Gores Holdings X, Inc. / CI","gores holdings x, inc. / ci"
1986817,GTENU,"Gores Holdings X, Inc. / CI","gores holdings x, inc. / ci"
1987189,SLGB,Smart Logistics Global Ltd,smart logistics global
1987240,SHMD,SCHMID Group N.V.,schmid group n.v
1987240,SHMDW,SCHMID Group N.V.,schmid group n.v
1987363,WTF,Waton Financial Ltd,waton financial
1988494,FVR,"FrontView REIT, Inc.",frontview reit
1988634,POWMF,Power Metal Resources PLC,power metal resources plc
1988776,MRNOW,Murano Global Investments Plc,murano global investments plc
1988776,MRNO,Murano Global Investments Plc,murano global investments plc
1988894,AS,"Amer Sports, Inc.",amer sports
1989788,GAFC,Guru App Factory Corp,guru app factory
1989815,TRGEF,Targa Exploration Corp.,targa exploration
1989930,FGL,Founder Group Ltd,founder group
1990251,WCT,Wellchange Holdings Co Ltd,wellchange holdings
1990354,WAY,Waystar Holding Corp.,waystar holding
1990446,GRPS,"Trans American Aquaculture, Inc",trans american aquaculture
1990950,SELXF,Semilux International Ltd.,semilux international
1991188,NOPFF,Nevada Organic Phosphate Inc.,nevada organic phosphate
1991261,SKK,SKK Holdings Ltd,skk holdings
1991332,MKDW,MKDWELL Tech Inc.,mkdwell tech
1991332,MKDWW,MKDWELL Tech Inc.,mkdwell tech
1991413,PSRHF,Pulsar Helium Inc.,pulsar helium
1991592,INLF,INLIF Ltd,inlif
1991605,YMT,Yimutian Inc.,yimutian
1991792,CGON,"CG Oncology, Inc.",cg oncology
1992243,TE,T1 Energy Inc.,t1 energy
1992500,LRRIF,Lion Rock Resources Inc.,lion rock resources
1992508,TETH,21Shares Ethereum ETF,21shares ethereum etf
1992604,CCEYF,CanCambria Energy Corp.,cancambria energy
1992818,ZOOZ,ZOOZ Strategy Ltd.,zooz strategy
1992818,ZOOZW,ZOOZ Strategy Ltd.,zooz strategy
1992870,EZBC,Franklin Templeton Digital Holdings Trust,franklin templeton digital holdings trust
1993004,NWE,"NorthWestern Energy Group, Inc.",northwestern energy group
1993097,MASK,3 E Network Technology Group Ltd,3 e network technology group
1993344,AAUC,Allied Gold Corp,allied gold
1993400,FATN,Fatpipe Inc/UT,fatpipe inc/ut
1993431,MCRP,Micropolis AI Robotics,micropolis ai robotics
1993463,YSXT,"YSX Tech Co., Ltd",ysx tech co
1993599,EUEMF,European Energy Metals Corp.,european energy metals
1993727,SNT,Senstar Technologies Corp,senstar technologies
1994214,NOMA,Nomadar Corp.,nomadar
1994373,HNIT,Huineng Technology Corp,huineng technology
1994582,OYCG,Oyocar Group Inc.,oyocar group
1994624,STAI,ScanTech AI Systems Inc.,scantech ai systems
1994702,KYTX,"Kyverna Therapeutics, Inc.",kyverna therapeutics
1995075,MGN,Megan Holdings Ltd.,megan holdings
1995116,RECT,Rectitude Holdings Ltd.,rectitude holdings
1995306,HDL,SUPER HI INTERNATIONAL HOLDING LTD.,super hi international holding
1995306,SPHIF,SUPER HI INTERNATIONAL HOLDING LTD.,super hi international holding
1995520,YB,Yuanbao Inc.,yuanbao
1995569,QETH,Invesco Galaxy Ethereum ETF,invesco galaxy ethereum etf
1995574,ICON,Icon Energy Corp,icon energy
1995704,CUPR,Cuprina Holdings (Cayman) LTD,cuprina holdings (cayman)
1995807,LB,LandBridge Co LLC,landbridge
1995920,ESMR,E-Smart Corp.,e-smart
1996192,LSH,Lakeside Holding Ltd,lakeside holding
1996210,BLMH,"BLUM HOLDINGS, INC.",blum holdings
1996493,SUGRF,Sucro Ltd,sucro
1996586,CNRCF,Canter Resources Corp.,canter resources
1996810,GEV,GE Vernova Inc.,ge vernova
1996862,BG,Bunge Global SA,bunge global sa
1997201,PSIG,PS International Group Ltd.,ps international group
1997296,MDCXW,Medicus Pharma Ltd.,medicus pharma
1997296,MDCX,Medicus Pharma Ltd.,medicus pharma
1997350,ARX,Accelerant Holdings,accelerant holdings
1997377,ISOU,IsoEnergy Ltd.,isoenergy
1997389,IDIA,Innovative Digital Investors Acquisition Corp.,innovative digital investors acquisition
1997403,ZENA,"ZenaTech, Inc.",zenatech
1997464,MRX,Marex Group Ltd,marex group
1997637,IOTR,iOThree Ltd,iothree
1997652,TBNRL,Tamboran Resources Corp,tamboran resources
1997652,TBN,Tamboran Resources Corp,tamboran resources
1997711,LPA,Logistic Properties of the Americas,logistic properties of the americas
1997859,WBTN,WEBTOON Entertainment Inc.,webtoon entertainment
1997950,INHI,Unitrend Entertainment Group Ltd,unitrend entertainment group
1998043,PDCC,Pearl Diver Credit Co Inc.,pearl diver credit
1998043,PDPA,Pearl Diver Credit Co Inc.,pearl diver credit
1998056,PC,Premium Catering (Holdings) Ltd,premium catering (holdings)
1998560,MIMI,Mint Inc Ltd,mint inc
1998768,PAL,"Proficient Auto Logistics, Inc",proficient auto logistics
1998781,IBAC,IB Acquisition Corp.,ib acquisition
1998781,IBACR,IB Acquisition Corp.,ib acquisition
1999001,FUN,Six Flags Entertainment Corporation/NEW,six flags entertainment corporation/new
1999111,MTTAF,Meta Critical Minerals Inc.,meta critical minerals
1999119,LBRJ,"Libera Gaming Operations, Inc",libera gaming operations
1999124,HWAIF,Healwell AI Inc.,healwell ai
1999261,STWI,StageWise Strategies Corp.,stagewise strategies
1999297,DSY,Big Tree Cloud Holdings Ltd,big tree cloud holdings
1999297,DSYWW,Big Tree Cloud Holdings Ltd,big tree cloud holdings
1999480,ANRO,"Alto Neuroscience, Inc.",alto neuroscience
1999860,WYHG,Wing Yip Food Holdings Group Ltd,wing yip food holdings group
2000046,FETH,Fidelity Ethereum Fund,fidelity ethereum fund
2000178,LOAR,Loar Holdings Inc.,loar holdings
2000208,KPL,Kepler Group Ltd,kepler group
2000230,BRIA,BrilliA Inc,brillia
2000366,SCAG,Scage Future,scage future
2000366,SCAGW,Scage Future,scage future
2000410,EURKR,Eureka Acquisition Corp,eureka acquisition
2000410,EURK,Eureka Acquisition Corp,eureka acquisition
2000410,EURKU,Eureka Acquisition Corp,eureka acquisition
2000530,GMHS,Gamehaus Holdings Inc.,gamehaus holdings
2000638,ETHA,iShares Ethereum Trust ETF,ishares ethereum trust etf
2000756,KWM,K Wave Media Ltd.,k wave media
2000756,KWMWW,K Wave Media Ltd.,k wave media
2000775,BKHA,Black Hawk Acquisition Corp,black hawk acquisition
2000775,BKHAU,Black Hawk Acquisition Corp,black hawk acquisition
2000775,BKHAR,Black Hawk Acquisition Corp,black hawk acquisition
2001184,PACS,"PACS Group, Inc.",pacs group
2001201,TALMF,Fuerte Metals Corp,fuerte metals
2001288,PN,PN Smart Energy Ltd,pn smart energy
2001557,INV,"Innventure, Inc.",innventure
2001557,INVLW,"Innventure, Inc.",innventure
2001699,HPAIW,Helport AI Ltd,helport ai
2001699,HPAI,Helport AI Ltd,helport ai
2001794,CIGL,Concorde International Group Ltd.,concorde international group
2001794,YOOV,Concorde International Group Ltd.,concorde international group
2002045,GCL,GCL Global Holdings Ltd,gcl global holdings
2002045,GCLWW,GCL Global Holdings Ltd,gcl global holdings
2002236,SPHL,SPRINGVIEW HOLDINGS LTD,springview holdings
2002326,NSURF,North Shore Uranium Ltd.,north shore uranium
2002453,STAK,STAK Inc.,stak
2002473,BOW,Bowhead Specialty Holdings Inc.,bowhead specialty holdings
2002660,PSUS,"Pershing Square USA, Ltd.",pershing square usa
2003061,STFS,Star Fashion Culture Holdings Ltd,star fashion culture holdings
2003292,KLAR,Klarna Group plc,klarna group plc
2003750,MGSD,"Maitong Sunshine Cultural Development Co., Ltd",maitong sunshine cultural development co
2003813,NMCPF,Nuvau Minerals Corp,nuvau minerals
2003977,CRE,Cre8 Enterprise Ltd,cre8 enterprise
2004024,LHSW,Lianhe Sowell International Group Ltd,lianhe sowell international group
2004340,SYNSY,Syensqo SA/ADR,syensqo sa/adr
2004489,BMGL,Basel Medical Group Ltd,basel medical group
2004711,BSP,Bending Spoons S.p.A.,bending spoons s.p.a
2005569,EMPG,Empro Group Inc.,empro group
2005951,SW,Smurfit Westrock plc,smurfit westrock plc
2006291,CCIXU,Churchill Capital Corp IX/Cayman,churchill capital corp ix/cayman
2006291,CCIXW,Churchill Capital Corp IX/Cayman,churchill capital corp ix/cayman
2006291,CCIX,Churchill Capital Corp IX/Cayman,churchill capital corp ix/cayman
2006413,DRYGF,Dryden Gold Corp.,dryden gold
2006468,NUTR,NUSATRIP Inc,nusatrip
2006925,LNTO,LELANTOS HOLDINGS INC.,lelantos holdings
2006986,ADGM,"Adagio Medical Holdings, Inc.",adagio medical holdings
2007191,TLPPF,Telix Pharmaceuticals Ltd,telix pharmaceuticals
2007191,TLX,Telix Pharmaceuticals Ltd,telix pharmaceuticals
2007587,AII,"American Integrity Insurance Group, Inc.",american integrity insurance group
2007596,TWFG,"TWFG, Inc.",twfg
2007599,LAWR,"Robot Consulting Co., Ltd.",robot consulting co
2007691,IOND,Ionic Digital Inc.,ionic digital
2007702,HKPD,"Cellyan Biotechnology Co., Ltd",cellyan biotechnology co
2007825,INFQ,"Infleqtion, Inc.",infleqtion
2007825,INFQ-WT,"Infleqtion, Inc.",infleqtion
2007846,JLHL,Julong Holding Ltd,julong holding
2007855,VG,"Venture Global, Inc.",venture global
2007919,INBX,"Inhibrx Biosciences, Inc.",inhibrx biosciences
2008007,MAMK,MaxsMaking Inc.,maxsmaking
2008257,KOGDF,KO Gold Inc.,ko gold
2009183,TACHW,Titan Acquisition Corp.,titan acquisition
2009183,TACHU,Titan Acquisition Corp.,titan acquisition
2009183,TACH,Titan Acquisition Corp.,titan acquisition
2009233,AGRZ,Agroz Inc.,agroz
2009312,PUSA,Aureus Greenway Holdings Inc,aureus greenway holdings
2009684,SEG,Seaport Entertainment Group Inc.,seaport entertainment group
2009714,TMDE,TMD Energy Ltd,tmd energy
2010499,DGNX,Diginex Ltd,diginex
2010653,FVN,Future Vision II Acquisition Corp.,future vision ii acquisition
2010653,FVNNU,Future Vision II Acquisition Corp.,future vision ii acquisition
2010653,FVNNR,Future Vision II Acquisition Corp.,future vision ii acquisition
2010788,EXOZ,EXOZYMES INC.,exozymes
2010930,ALFUW,Centurion Acquisition Corp.,centurion acquisition
2010930,ALF,Centurion Acquisition Corp.,centurion acquisition
2010930,ALFUU,Centurion Acquisition Corp.,centurion acquisition
2010959,AHMA,AMBITIONS ENTERPRISE MANAGEMENT CO. L.L.C,ambitions enterprise management co. l.l.c
2010982,PVIT,Palisades Venture Inc.,palisades venture
2011053,PBK,POWERBANK Corp,powerbank
2011208,SPAI,Safe Pro Group Inc.,safe pro group
2011286,AMTM,"Amentum Holdings, Inc.",amentum holdings
2011458,ZTG,Zenta Group Co Ltd,zenta group
2011514,AVR,Anteris Technologies Global Corp.,anteris technologies global
2011535,EZET,Franklin Ethereum Trust,franklin ethereum trust
2011589,MOGMF,Mogotes Metals Inc.,mogotes metals
2011641,FERG,Ferguson Enterprises Inc. /DE/,ferguson enterprises inc. /de/
2011674,YDES,YD Bio Ltd,yd bio
2011674,YDESW,YD Bio Ltd,yd bio
2011954,TWNPQ,Twin Hospitality Group Inc.,twin hospitality group
2012096,PMAX,Powell Max Ltd,powell max
2012219,OMSE,OMS Energy Technologies Inc.,oms energy technologies
2012318,IPCXU,Inflection Point Acquisition Corp. III,inflection point acquisition corp. iii
2012318,IPCX,Inflection Point Acquisition Corp. III,inflection point acquisition corp. iii
2012318,IPCXR,Inflection Point Acquisition Corp. III,inflection point acquisition corp. iii
2012383,BLK,"BlackRock, Inc.",blackrock
2012593,RAPP,"Rapport Therapeutics, Inc.",rapport therapeutics
2012600,RYOJ,"rYojbaba Co., Ltd.",ryojbaba co
2012706,SUNS,"Sunrise Realty Trust, Inc.",sunrise realty trust
2012726,FDSB,"Fifth District Bancorp, Inc.",fifth district bancorp
2012807,RFAIR,RF Acquisition Corp II,rf acquisition corp ii
2012807,RFAIU,RF Acquisition Corp II,rf acquisition corp ii
2012807,RFAI,RF Acquisition Corp II,rf acquisition corp ii
2013186,TNMWF,TNL Mediagene,tnl mediagene
2013186,TNMG,TNL Mediagene,tnl mediagene
2013223,HSLV,Highlander Silver Corp.,highlander silver
2013320,ELOG,Eastern International Ltd.,eastern international
2013639,FBLA,"FB Bancorp, Inc. /MD/","fb bancorp, inc. /md/"
2013649,CHA,Chagee Holdings Ltd.,chagee holdings
2013744,ETHW,Bitwise Ethereum ETF,bitwise ethereum etf
2013745,CLMT,"Calumet, Inc. /DE","calumet, inc. /de"
2013792,EWSB,"EWSB Bancorp, Inc. /MD/","ewsb bancorp, inc. /md/"
2013807,FOXXW,Foxx Development Holdings Inc.,foxx development holdings
2013807,FOXX,Foxx Development Holdings Inc.,foxx development holdings
2014254,FSTWF,FST Corp.,fst
2014254,KBSX,FST Corp.,fst
2014337,NPT,Texxon Holding Ltd,texxon holding
2014596,CON,"Concentra Group Holdings Parent, Inc.",concentra group holdings parent
2014982,SIMAW,SIM Acquisition Corp. I,sim acquisition corp. i
2014982,SIMAU,SIM Acquisition Corp. I,sim acquisition corp. i
2014982,SIMA,SIM Acquisition Corp. I,sim acquisition corp. i
2015034,BTC,Grayscale Bitcoin Mini Trust ETF,grayscale bitcoin mini trust etf
2015502,LPAA,Launch One Acquisition Corp.,launch one acquisition
2015502,LPAAW,Launch One Acquisition Corp.,launch one acquisition
2015502,LPAAU,Launch One Acquisition Corp.,launch one acquisition
2015691,ELPW,Elong Power Holding Ltd.,elong power holding
2015845,ECG,"Everus Construction Group, Inc.",everus construction group
2015947,SBXD,SilverBox Corp IV,silverbox corp iv
2015947,SBXD-UN,SilverBox Corp IV,silverbox corp iv
2015947,SBXD-WT,SilverBox Corp IV,silverbox corp iv
2015955,CUBWW,Lionheart Holdings,lionheart holdings
2015955,CUBWU,Lionheart Holdings,lionheart holdings
2015955,CUB,Lionheart Holdings,lionheart holdings
2016072,VLOSU,Velos Acquisition I Corp.,velos acquisition i
2016072,MBAVW,Velos Acquisition I Corp.,velos acquisition i
2016072,MBAVU,Velos Acquisition I Corp.,velos acquisition i
2016072,VLOS,Velos Acquisition I Corp.,velos acquisition i
2016072,MBAV,Velos Acquisition I Corp.,velos acquisition i
2016221,MACIU,Melar Acquisition Corp. I/Cayman,melar acquisition corp. i/cayman
2016221,MACI,Melar Acquisition Corp. I/Cayman,melar acquisition corp. i/cayman
2016221,MACIW,Melar Acquisition Corp. I/Cayman,melar acquisition corp. i/cayman
2016337,PTLE,PTL Ltd,ptl
2017206,MRP,"Millrose Properties, Inc.",millrose properties
2017526,FRNM,"Freenome, Inc.",freenome
2017526,PCSC,"Freenome, Inc.",freenome
2017758,LHAI,Linkhome Holdings Inc.,linkhome holdings
2017950,DTSQU,DT Cloud Star Acquisition Corp,dt cloud star acquisition
2017950,DTSQ,DT Cloud Star Acquisition Corp,dt cloud star acquisition
2017950,DTSQR,DT Cloud Star Acquisition Corp,dt cloud star acquisition
2018064,TTGT,"TechTarget, Inc.",techtarget
2018145,RDACR,Rising Dragon Acquisition Corp.,rising dragon acquisition
2018145,RDACU,Rising Dragon Acquisition Corp.,rising dragon acquisition
2018145,RDAC,Rising Dragon Acquisition Corp.,rising dragon acquisition
2018222,JEM,707 Cayman Holdings Ltd.,707 cayman holdings
2018462,PCLA,PicoCELA Inc.,picocela
2018463,BRETF,Brazilian Rare Earths Limited/ADR,brazilian rare earths limited/adr
2018463,BRELY,Brazilian Rare Earths Limited/ADR,brazilian rare earths limited/adr
2018529,NCT,Intercont (Cayman) Ltd,intercont (cayman)
2019061,SOBO,South Bow Corp,south bow
2019103,SLSR,Solaris Resources Inc.,solaris resources
2019410,CAI,"Caris Life Sciences, Inc.",caris life sciences
2019435,BGLWW,Blue Gold Ltd,blue gold
2019435,BGL,Blue Gold Ltd,blue gold
2019505,HIT,"Health In Tech, Inc.",health in tech
2019793,SAFX,"XCF Global, Inc.",xcf global
2019804,IMSRW,Terrestrial Energy Inc. /DE/,terrestrial energy inc. /de/
2019804,IMSR,Terrestrial Energy Inc. /DE/,terrestrial energy inc. /de/
2020027,CLIK,Click Holdings Ltd.,click holdings
2020228,MSGY,Masonglory Ltd,masonglory
2020385,TAVIR,Tavia Acquisition Corp.,tavia acquisition
2020385,TAVI,Tavia Acquisition Corp.,tavia acquisition
2020385,TAVIU,Tavia Acquisition Corp.,tavia acquisition
2020455,ETH,Grayscale Ethereum Staking Mini ETF,grayscale ethereum staking mini etf
2020737,CABR,"Caring Brands, Inc.",caring brands
2020795,UNIT,Uniti Group Inc.,uniti group
2020932,AGMB,Agomab Therapeutics NV,agomab therapeutics nv
2020987,YHNAR,YHN Acquisition I Ltd,yhn acquisition i
2020987,YHNAU,YHN Acquisition I Ltd,yhn acquisition i
2020987,YHNA,YHN Acquisition I Ltd,yhn acquisition i
2021390,GALDY,Galderma Group AG/ADR,galderma group ag/adr
2021390,GDERF,Galderma Group AG/ADR,galderma group ag/adr
2021688,UFG,Uni-Fuels Holdings Ltd,uni-fuels holdings
2021728,CBRS,Cerebras Systems Inc.,cerebras systems
2021880,HMH,HMH Holding Inc,hmh holding
2021938,SNNRF,Sunrise Communications AG,sunrise communications ag
2021989,CUPPF,Super Copper Corp.,super copper
2022059,AGMRF,"Silver Mountain Resources, Inc.",silver mountain resources
2022059,AGMWF,"Silver Mountain Resources, Inc.",silver mountain resources
2022308,KIDZW,KIDZ AI Inc.,kidz ai
2022308,KIDZ,KIDZ AI Inc.,kidz ai
2022416,SLXNW,Silexion Therapeutics Corp,silexion therapeutics
2022416,SLXN,Silexion Therapeutics Corp,silexion therapeutics
2022626,UPB,"Upstream Bio, Inc.",upstream bio
2023016,TTRX,Turn Therapeutics Inc.,turn therapeutics
2023153,HTLM,HomesToLife Ltd,homestolife
2023311,AAPG,ASCENTAGE PHARMA GROUP INTERNATIONAL,ascentage pharma group international
2023554,SNDK,Sandisk Corp,sandisk
2023658,BCAX,Bicara Therapeutics Inc.,bicara therapeutics
2023676,LPBBU,Launch Two Acquisition Corp.,launch two acquisition
2023676,LPBB,Launch Two Acquisition Corp.,launch two acquisition
2023676,LPBBW,Launch Two Acquisition Corp.,launch two acquisition
2023730,HDRN,"Hadron Energy, Inc.",hadron energy
2023730,HDRNW,"Hadron Energy, Inc.",hadron energy
2023796,FCHL,Fitness Champs Holdings Ltd,fitness champs holdings
2023870,LACHF,Lapco Holdings Limited/ADR,lapco holdings limited/adr
2023870,LPCHY,Lapco Holdings Limited/ADR,lapco holdings limited/adr
2024114,TGHL,GrowHub Ltd,growhub
2024203,CAPNU,Cayson Acquisition Corp,cayson acquisition
2024203,CAPN,Cayson Acquisition Corp,cayson acquisition
2024203,CAPNR,Cayson Acquisition Corp,cayson acquisition
2024218,SMC,Summit Midstream Corp,summit midstream
2024258,POAS,PHAOS TECHNOLOGY HOLDINGS (CAYMAN) Ltd,phaos technology holdings (cayman)
2024306,JFB,JFB Construction Holdings,jfb construction holdings
2024459,CHARR,Charlton Aria Acquisition Corp,charlton aria acquisition
2024459,CHARU,Charlton Aria Acquisition Corp,charlton aria acquisition
2024459,CHAR,Charlton Aria Acquisition Corp,charlton aria acquisition
2024460,CHPGU,ChampionsGate Acquisition Corp,championsgate acquisition
2024460,CHPGR,ChampionsGate Acquisition Corp,championsgate acquisition
2024460,CHPG,ChampionsGate Acquisition Corp,championsgate acquisition
2024656,FMFC,Kandal M Venture Ltd,kandal m venture
2024876,EDHL,Everbright Digital Holding Ltd.,everbright digital holding
2024899,MFBI,"Monroe Federal Bancorp, Inc.",monroe federal bancorp
2024996,STCK,Grayscale Stacks Trust (STX),grayscale stacks trust (stx)
2025000,GSNR,Grayscale Near Trust (NEAR),grayscale near trust (near)
2025218,DLXY,Delixy Holdings Ltd,delixy holdings
2025341,POLE,Andretti Acquisition Corp. II,andretti acquisition corp. ii
2025341,POLEU,Andretti Acquisition Corp. II,andretti acquisition corp. ii
2025341,POLEW,Andretti Acquisition Corp. II,andretti acquisition corp. ii
2025401,FERA,Fifth Era Acquisition Corp I,fifth era acquisition corp i
2025401,FERAU,Fifth Era Acquisition Corp I,fifth era acquisition corp i
2025401,FERAR,Fifth Era Acquisition Corp I,fifth era acquisition corp i
2025410,SARO,"StandardAero, Inc.",standardaero
2025416,OWLS,OBOOK HOLDINGS INC.,obook holdings
2025608,SOUL-RI,Soulpower Acquisition Corp.,soulpower acquisition
2025608,SOUL-UN,Soulpower Acquisition Corp.,soulpower acquisition
2025608,SOUL,Soulpower Acquisition Corp.,soulpower acquisition
2025774,ALPS,Alps Group Inc,alps group
2025774,ALPWF,Alps Group Inc,alps group
2025878,ITXP,"Independence Power Holdings, Inc.",independence power holdings
2025942,CURX,Curanex Pharmaceuticals Inc,curanex pharmaceuticals
2025947,TGMPF,Tantalus Systems Holding Inc.,tantalus systems holding
2026053,PS,PERSHING SQUARE INC.,pershing square
2026353,ATHR,"Aether Holdings, Inc.",aether holdings
2026478,NMAX,Newsmax Inc.,newsmax
2026514,NAMMW,Namib Minerals,namib minerals
2026514,NAMM,Namib Minerals,namib minerals
2026767,ALIS,Calisa Acquisition Corp,calisa acquisition
2026767,ALISR,Calisa Acquisition Corp,calisa acquisition
2026767,ALISU,Calisa Acquisition Corp,calisa acquisition
2027037,GDGIF,"Gemdale Gold, Inc",gemdale gold
2027160,VNTG,Vantage Corp (Singapore),vantage corp (singapore)
2027166,NSNFY,"Nissin Foods Holdings Co., Ltd./ADR","nissin foods holdings co., ltd./adr"
2027262,FTRK,Fast Track Group,fast track group
2027265,MB,MASTERBEEF GROUP,masterbeef group
2027317,CURB,Curbline Properties Corp.,curbline properties
2027329,OPTH,Optimi Health Corp.,optimi health
2027330,SGIPF,"Sugi Holdings Co., Ltd./ADR","sugi holdings co., ltd./adr"
2027330,SGIHY,"Sugi Holdings Co., Ltd./ADR","sugi holdings co., ltd./adr"
2027360,RCT,RedCloud Holdings plc,redcloud holdings plc
2027708,CEPO,"Cantor Equity Partners I, Inc.",cantor equity partners i
2027722,GRAN,Grande Group Ltd/HK,grande group ltd/hk
2027815,BMHL,Bluemount Holdings Ltd,bluemount holdings
2027982,CCLV,"C2 Capital Group, Inc.",c2 capital group
2028027,NTWOW,Newbury Street II Acquisition Corp,newbury street ii acquisition
2028027,NTWO,Newbury Street II Acquisition Corp,newbury street ii acquisition
2028027,NTWOU,Newbury Street II Acquisition Corp,newbury street ii acquisition
2028177,YOUL,Youlife Group Inc.,youlife group
2028201,COLA,Columbus Acquisition Corp/Cayman Islands,columbus acquisition corp/cayman islands
2028201,COLAR,Columbus Acquisition Corp/Cayman Islands,columbus acquisition corp/cayman islands
2028201,COLAU,Columbus Acquisition Corp/Cayman Islands,columbus acquisition corp/cayman islands
2028293,RAINW,"Rain Enhancement Technologies Holdco, Inc.",rain enhancement technologies holdco
2028293,RAIN,"Rain Enhancement Technologies Holdco, Inc.",rain enhancement technologies holdco
2028336,NUAIW,"New ERA Energy & Digital, Inc.",new era energy & digital
2028336,NUAI,"New ERA Energy & Digital, Inc.",new era energy & digital
2028355,IPEX,Inflection Point Acquisition Corp. V,inflection point acquisition corp. v
2028355,IPEXR,Inflection Point Acquisition Corp. V,inflection point acquisition corp. v
2028355,IPEXU,Inflection Point Acquisition Corp. V,inflection point acquisition corp. v
2028464,ENT,"ENTRATA, INC.",entrata
2028516,ATIIU,Archimedes Tech SPAC Partners II Co.,archimedes tech spac partners ii
2028516,ATIIW,Archimedes Tech SPAC Partners II Co.,archimedes tech spac partners ii
2028516,ATII,Archimedes Tech SPAC Partners II Co.,archimedes tech spac partners ii
2028541,VSOL,VanEck Solana ETF,vaneck solana etf
2028614,DMAAU,Drugs Made In America Acquisition Corp.,drugs made in america acquisition
2028614,DMAAR,Drugs Made In America Acquisition Corp.,drugs made in america acquisition
2028614,DMAA,Drugs Made In America Acquisition Corp.,drugs made in america acquisition
2028699,DYNC,Dynamix Corp,dynamix
2028699,DYNCW,Dynamix Corp,dynamix
2028699,DYNCU,Dynamix Corp,dynamix
2028707,MRLN,"Merlin, Inc.",merlin
2028735,SPEGR,Silver Pegasus Acquisition Corp.,silver pegasus acquisition
2028735,SPEG,Silver Pegasus Acquisition Corp.,silver pegasus acquisition
2028735,SPEGU,Silver Pegasus Acquisition Corp.,silver pegasus acquisition
2028834,TSOL,21Shares Solana ETF,21shares solana etf
2028835,TOXR,21Shares XRP ETF,21shares xrp etf
2028935,FACTW,FACT II Acquisition Corp.,fact ii acquisition
2028935,FACT,FACT II Acquisition Corp.,fact ii acquisition
2028935,FACTU,FACT II Acquisition Corp.,fact ii acquisition
2029014,MRCL,Mercalot Inc.,mercalot
2029039,NSRX,Nasus Pharma Ltd,nasus pharma
2029118,INR,"INFINITY NATURAL RESOURCES, INC.",infinity natural resources
2029138,SAGT,SAGTEC GLOBAL Ltd,sagtec global
2029297,GTAO,Grayscale Bittensor Trust (TAO),grayscale bittensor trust (tao)
2029303,THTG,Tech Tonic Group Corp.,tech tonic group
2029471,HMR,Heidmar Maritime Holdings Corp.,heidmar maritime holdings
2029472,PUIGF,Puig Brands S.A./ADR,puig brands s.a./adr
2029472,PUGBY,Puig Brands S.A./ADR,puig brands s.a./adr
2029586,BLNH,"Blue Line Holdings, Inc.",blue line holdings
2029769,OACCU,Oaktree Acquisition Corp. III Life Sciences,oaktree acquisition corp. iii life sciences
2029769,OACCW,Oaktree Acquisition Corp. III Life Sciences,oaktree acquisition corp. iii life sciences
2029769,OACC,Oaktree Acquisition Corp. III Life Sciences,oaktree acquisition corp. iii life sciences
2029976,KFII,K&F GROWTH ACQUISITION CORP. II,k&f growth acquisition corp. ii
2029976,KFIIU,K&F GROWTH ACQUISITION CORP. II,k&f growth acquisition corp. ii
2029976,KFIIR,K&F GROWTH ACQUISITION CORP. II,k&f growth acquisition corp. ii
2030277,LFS,"LEIFRAS Co., Ltd.",leifras co
2030482,PLMK,"Plum Acquisition Corp, IV","plum acquisition corp, iv"
2030482,PLMKU,"Plum Acquisition Corp, IV","plum acquisition corp, iv"
2030482,PLMKW,"Plum Acquisition Corp, IV","plum acquisition corp, iv"
2030522,MWYN,"Marwynn Holdings, Inc.",marwynn holdings
2030617,PMI,"Picard Medical, Inc.",picard medical
2030663,SZZLU,Sizzle Acquisition Corp. II,sizzle acquisition corp. ii
2030663,SZZL,Sizzle Acquisition Corp. II,sizzle acquisition corp. ii
2030663,SZZLR,Sizzle Acquisition Corp. II,sizzle acquisition corp. ii
2030763,MEDS,"Wellgistics Health, Inc.",wellgistics health
2030763,WGRX,"Wellgistics Health, Inc.",wellgistics health
2030781,SAIL,"SailPoint, Inc.",sailpoint
2030829,PGAC,PANTAGES CAPITAL ACQUISITION Corp,pantages capital acquisition
2030829,PGACR,PANTAGES CAPITAL ACQUISITION Corp,pantages capital acquisition
2030829,PGACU,PANTAGES CAPITAL ACQUISITION Corp,pantages capital acquisition
2030834,ONEG,OneConstruction Group Ltd,oneconstruction group
2030954,XHLD,"TEN Holdings, Inc.",ten holdings
2031009,KAZR,Skyline Builders Group Holding Ltd,skyline builders group holding
2031069,NCIQ,Hashdex Nasdaq CME Crypto Index ETF,hashdex nasdaq cme crypto index etf
2031561,ALDFW,Aldel Financial II Inc.,aldel financial ii
2031561,ALDF,Aldel Financial II Inc.,aldel financial ii
2031561,ALDFU,Aldel Financial II Inc.,aldel financial ii
2031688,ANPA,Rich Sparkle Holdings Ltd,rich sparkle holdings
2031760,VZSLY,Vizsla Royalties Corp.,vizsla royalties
2031760,VROYF,Vizsla Royalties Corp.,vizsla royalties
2032341,CYAB,"CYABRA, INC.",cyabra
2032399,MICLF,Mycronic AB/ADR,mycronic ab/adr
2032399,MYCRY,Mycronic AB/ADR,mycronic ab/adr
2032517,STKTF,Sectra AB/ADR,sectra ab/adr
2032517,SCTAY,Sectra AB/ADR,sectra ab/adr
2032528,DRDBU,Roman DBDR Acquisition Corp. II,roman dbdr acquisition corp. ii
2032528,DRDBW,Roman DBDR Acquisition Corp. II,roman dbdr acquisition corp. ii
2032528,DRDB,Roman DBDR Acquisition Corp. II,roman dbdr acquisition corp. ii
2032545,CJMB,CALLAN JMB INC.,callan jmb
2032609,SHFH,Scientist Home Future Health Ltd,scientist home future health
2032732,ALOIS,"Arrived Homes 5, LLC",arrived homes 5
2032732,AVPKS,"Arrived Homes 5, LLC",arrived homes 5
2032732,AEHGS,"Arrived Homes 5, LLC",arrived homes 5
2032732,AVSBS,"Arrived Homes 5, LLC",arrived homes 5
2032755,PFAI,Pinnacle Food Group Ltd,pinnacle food group
2032779,EHLD,Euroholdings Ltd.,euroholdings
2032887,PDYTY,PT Dayamitra Telekomunikasi Tbk/ADR,pt dayamitra telekomunikasi tbk/adr
2032966,TICAW,"TIC Solutions, Inc.",tic solutions
2032966,TIC,"TIC Solutions, Inc.",tic solutions
2033019,KOKSF,Kokusai Electric Corporation/ADR,kokusai electric corporation/adr
2033019,KKSIY,Kokusai Electric Corporation/ADR,kokusai electric corporation/adr
2033122,TACOW,Berto Acquisition Corp.,berto acquisition
2033122,TACOU,Berto Acquisition Corp.,berto acquisition
2033122,TACO,Berto Acquisition Corp.,berto acquisition
2033264,VDTA,Vertical Data Inc.,vertical data
2033377,MGRT,Mega Fortune Co Ltd,mega fortune
2033383,FUSE,Fusemachines Inc.,fusemachines
2033383,FUSEW,Fusemachines Inc.,fusemachines
2033515,SORA,AsiaStrategy,asiastrategy
2033535,CMDB,Costamare Bulkers Holdings Ltd,costamare bulkers holdings
2033593,SVCCW,Stellar V Capital Corp. (Cayman Islands),stellar v capital corp. (cayman islands)
2033593,SVCC,Stellar V Capital Corp. (Cayman Islands),stellar v capital corp. (cayman islands)
2033593,SVCCU,Stellar V Capital Corp. (Cayman Islands),stellar v capital corp. (cayman islands)
2033615,MGNO,"Magnolia Bancorp, Inc.",magnolia bancorp
2033770,DAIC,"CID Holdco, Inc.",cid holdco
2033770,DAICW,"CID Holdco, Inc.",cid holdco
2033807,EZPZ,Franklin Crypto Trust,franklin crypto trust
2033991,TVA,Texas Ventures Acquisition III Corp,texas ventures acquisition iii
2033991,TVACU,Texas Ventures Acquisition III Corp,texas ventures acquisition iii
2033991,TVACW,Texas Ventures Acquisition III Corp,texas ventures acquisition iii
2034012,GSUI,Grayscale Sui Staking ETF,grayscale sui staking etf
2034037,SDHIR,Siddhi Acquisition Corp (Cayman Islands),siddhi acquisition corp (cayman islands)
2034037,SDHIU,Siddhi Acquisition Corp (Cayman Islands),siddhi acquisition corp (cayman islands)
2034037,SDHI,Siddhi Acquisition Corp (Cayman Islands),siddhi acquisition corp (cayman islands)
2034266,CEPV,"Cantor Equity Partners V, Inc.",cantor equity partners v
2034267,CEPF,"Cantor Equity Partners IV, Inc.",cantor equity partners iv
2034269,CEPT,"Cantor Equity Partners II, Inc.",cantor equity partners ii
2034288,RMGL,Rocky Mountains Group Ltd,rocky mountains group
2034300,DGMDF,Digital Domain Holdings Limited/ADR,digital domain holdings limited/adr
2034300,DDHLY,Digital Domain Holdings Limited/ADR,digital domain holdings limited/adr
2034313,OBA,Oxley Bridge Acquisition Ltd,oxley bridge acquisition
2034313,OBAWW,Oxley Bridge Acquisition Ltd,oxley bridge acquisition
2034313,OBAWU,Oxley Bridge Acquisition Ltd,oxley bridge acquisition
2034334,AACBR,Artius II Acquisition Inc.,artius ii acquisition
2034334,AACBU,Artius II Acquisition Inc.,artius ii acquisition
2034334,AACB,Artius II Acquisition Inc.,artius ii acquisition
2034400,BTTC,Black Titan Corp,black titan
2034467,PBRRY,PT Barito Renewables Energy Tbk/ADR,pt barito renewables energy tbk/adr
2034520,GIBO,GIBO HOLDINGS Ltd,gibo holdings
2034520,GIBOW,GIBO HOLDINGS Ltd,gibo holdings
2034723,YDDL,One & one Green Technologies. INC,one & one green technologies
2035016,RIBBR,Ribbon Acquisition Corp.,ribbon acquisition
2035016,RIBB,Ribbon Acquisition Corp.,ribbon acquisition
2035016,RIBBU,Ribbon Acquisition Corp.,ribbon acquisition
2035053,GAVA,Grayscale Avalanche Staking ETF,grayscale avalanche staking etf
2035057,IFCNF,Inficon Holding AG/ADR,inficon holding ag/adr
2035057,IFHLY,Inficon Holding AG/ADR,inficon holding ag/adr
2035149,FLOC,Flowco Holdings Inc.,flowco holdings
2035173,RTACU,Renatus Tactical Acquisition Corp I,renatus tactical acquisition corp i
2035173,RTAC,Renatus Tactical Acquisition Corp I,renatus tactical acquisition corp i
2035173,RTACW,Renatus Tactical Acquisition Corp I,renatus tactical acquisition corp i
2035304,TTAM,Titan America SA,titan america sa
2035644,RANGR,Range Capital Acquisition Corp.,range capital acquisition
2035644,RANGU,Range Capital Acquisition Corp.,range capital acquisition
2035644,RANG,Range Capital Acquisition Corp.,range capital acquisition
2035697,PLBL,Polibeli Group Ltd,polibeli group
2035709,PHOE,Phoenix Asia Holdings Ltd,phoenix asia holdings
2035832,AKTS,"Aktis Oncology, Inc.",aktis oncology
2035989,AMRZ,Amrize Ltd,amrize
2035992,MCTA,Charming Medical Ltd,charming medical
2036042,SION,"Sionna Therapeutics, Inc.",sionna therapeutics
2036060,SBMW,"Security Midwest Bancorp, Inc.",security midwest bancorp
2036307,OFAL,OFA Group,ofa group
2036973,UYSCR,UY Scuti Acquisition Corp.,uy scuti acquisition
2036973,UYSC,UY Scuti Acquisition Corp.,uy scuti acquisition
2036973,UYSCU,UY Scuti Acquisition Corp.,uy scuti acquisition
2037400,CAAS,"China Automotive Systems, Inc.",china automotive systems
2037427,GXRP,Grayscale XRP Trust ETF,grayscale xrp trust etf
2037786,USREF,Tactical Resources Corp.,tactical resources
2038166,NKTP,"Nok Therapeutics, Inc.",nok therapeutics
2038378,ACCL,Acco Group Holdings Ltd,acco group holdings
2038439,VWAV,"VisionWave Holdings, Inc.",visionwave holdings
2038439,VWAVW,"VisionWave Holdings, Inc.",visionwave holdings
2038688,XDT,Xdata Group,xdata group
2038919,DFSLY,Defeng Solife Holdings Limited/ADR,defeng solife holdings limited/adr
2038958,MANDF,Mandatum Oyj/ADR,mandatum oyj/adr
2038958,MDDTY,Mandatum Oyj/ADR,mandatum oyj/adr
2039058,JACS-RI,Jackson Acquisition Co II,jackson acquisition co ii
2039058,JACS-UN,Jackson Acquisition Co II,jackson acquisition co ii
2039058,JACS,Jackson Acquisition Co II,jackson acquisition co ii
2039060,RBNE,Robin Energy Ltd.,robin energy
2039072,DAVI,DAVION HEALTHCARE PLC,davion healthcare plc
2039273,JAGU,Jaguar Uranium Corp.,jaguar uranium
2039497,RHLD,"Resolute Holdings Management, Inc.",resolute holdings management
2039525,XRP,Bitwise XRP ETF,bitwise xrp etf
2039784,MGCOF,"Midea Group Co., Ltd./ADR","midea group co., ltd./adr"
2039784,MGCLY,"Midea Group Co., Ltd./ADR","midea group co., ltd./adr"
2039972,GMTL,Guardian Metal Resources PLC,guardian metal resources plc
2040127,KRMN,Karman Holdings Inc.,karman holdings
2040290,LGPS,LOGPROSTYLE INC.,logprostyle
2040381,PACH,Pioneer Acquisition I Corp,pioneer acquisition i
2040381,PACHW,Pioneer Acquisition I Corp,pioneer acquisition i
2040381,PACHU,Pioneer Acquisition I Corp,pioneer acquisition i
2040475,DMII,Drugs Made In America Acquisition II Corp.,drugs made in america acquisition ii
2040475,DMIIU,Drugs Made In America Acquisition II Corp.,drugs made in america acquisition ii
2040475,DMIIR,Drugs Made In America Acquisition II Corp.,drugs made in america acquisition ii
2040491,ASIC,Ategrity Specialty Insurance Co Holdings,ategrity specialty insurance co holdings
2040753,XONI,"Xtreme One Entertainment, Inc.",xtreme one entertainment
2041047,CCAQU,COLLECTIVE ACQUISITION CORP.,collective acquisition
2041047,CCAQW,COLLECTIVE ACQUISITION CORP.,collective acquisition
2041047,CCAQ,COLLECTIVE ACQUISITION CORP.,collective acquisition
2041338,TDIC,Dreamland Ltd,dreamland
2041385,RAL,Ralliant Corp,ralliant
2041493,ALUB-UN,Alussa Energy Acquisition Corp. II,alussa energy acquisition corp. ii
2041493,ALUB,Alussa Energy Acquisition Corp. II,alussa energy acquisition corp. ii
2041493,ALUB-WT,Alussa Energy Acquisition Corp. II,alussa energy acquisition corp. ii
2041531,BDTB,Bodhi Tree Biotechnology Inc,bodhi tree biotechnology
2041610,PSKY,Paramount Skydance Corp,paramount skydance
2041829,CHOW,ChowChow Cloud International Holdings Ltd,chowchow cloud international holdings
2041869,SOLC,Canary Marinade Solana ETF,canary marinade solana etf
2041918,LTMGF,Lottomatica Group S.p.A./ADR,lottomatica group s.p.a./adr
2041918,LOTMY,Lottomatica Group S.p.A./ADR,lottomatica group s.p.a./adr
2042022,WYFI,"WhiteFiber, Inc.",whitefiber
2042182,OYSEU,Oyster Enterprises II Acquisition Corp,oyster enterprises ii acquisition
2042182,OYSE,Oyster Enterprises II Acquisition Corp,oyster enterprises ii acquisition
2042182,OYSER,Oyster Enterprises II Acquisition Corp,oyster enterprises ii acquisition
2042187,KYFGF,Kyoto Financial Group Inc/ADR,kyoto financial group inc/adr
2042187,KYTFY,Kyoto Financial Group Inc/ADR,kyoto financial group inc/adr
2042292,BDCIW,BTC Development Corp.,btc development
2042292,BDCIU,BTC Development Corp.,btc development
2042292,BDCI,BTC Development Corp.,btc development
2042320,AOAO,Alpha One Inc.,alpha one
2042347,SPTX,"Seaport Therapeutics, Inc.",seaport therapeutics
2042444,OBNK,Osprey BONK Trust,osprey bonk trust
2042460,HAVA,Harvard Ave Acquisition Corp,harvard ave acquisition
2042460,HAVAU,Harvard Ave Acquisition Corp,harvard ave acquisition
2042460,HAVAR,Harvard Ave Acquisition Corp,harvard ave acquisition
2042556,SPGNY,Springer Nature AG & Co. KGaA/ADR,springer nature ag & co. kgaa/adr
2042556,SPGDF,Springer Nature AG & Co. KGaA/ADR,springer nature ag & co. kgaa/adr
2042694,PRMB,Primo Brands Corp,primo brands
2042902,EVAC-UN,EQV Ventures Acquisition Corp. II,eqv ventures acquisition corp. ii
2042902,EVAC,EQV Ventures Acquisition Corp. II,eqv ventures acquisition corp. ii
2042902,EVAC-WT,EQV Ventures Acquisition Corp. II,eqv ventures acquisition corp. ii
2043424,FKURF,Fujikura Ltd/ADR,fujikura ltd/adr
2043508,LKSP,Lake Superior Acquisition Corp,lake superior acquisition
2043508,LKSPR,Lake Superior Acquisition Corp,lake superior acquisition
2043508,LKSPU,Lake Superior Acquisition Corp,lake superior acquisition
2043630,APACU,StoneBridge Acquisition II Corp,stonebridge acquisition ii
2043630,APACR,StoneBridge Acquisition II Corp,stonebridge acquisition ii
2043630,APAC,StoneBridge Acquisition II Corp,stonebridge acquisition ii
2043699,NHIC,NewHold Investment Corp. III,newhold investment corp. iii
2043699,NHICW,NewHold Investment Corp. III,newhold investment corp. iii
2043699,NHICU,NewHold Investment Corp. III,newhold investment corp. iii
2043766,GTERA,Globa Terra Acquisition Corp,globa terra acquisition
2043766,GTERU,Globa Terra Acquisition Corp,globa terra acquisition
2043766,GTERR,Globa Terra Acquisition Corp,globa terra acquisition
2043766,GTERW,Globa Terra Acquisition Corp,globa terra acquisition
2044009,XRPNW,Armada Acquisition Corp. II,armada acquisition corp. ii
2044009,XRPN,Armada Acquisition Corp. II,armada acquisition corp. ii
2044009,XRPNU,Armada Acquisition Corp. II,armada acquisition corp. ii
2044153,NGXXF,NGEx Minerals Ltd.,ngex minerals
2044241,THH,TryHard Holdings Ltd,tryhard holdings
2044255,ANTA,Antalpha Platform Holding Co,antalpha platform holding
2044327,CFND,C1 Fund Inc.,c1 fund
2044523,ORIQU,Origin Investment Corp I,origin investment corp i
2044523,ORIQW,Origin Investment Corp I,origin investment corp i
2044523,ORIQ,Origin Investment Corp I,origin investment corp i
2044635,GSHRW,Gesher Acquisition Corp. II,gesher acquisition corp. ii
2044635,GSHR,Gesher Acquisition Corp. II,gesher acquisition corp. ii
2044635,GSHRU,Gesher Acquisition Corp. II,gesher acquisition corp. ii
2044725,EVMN,"Evommune, Inc.",evommune
2044817,MTNE-WT,CH4 Natural Solutions Corp,ch4 natural solutions
2044817,MTNE-UN,CH4 Natural Solutions Corp,ch4 natural solutions
2044817,MTNE,CH4 Natural Solutions Corp,ch4 natural solutions
2044863,TKMEF,"Tokyo Metro Co., Ltd./ADR","tokyo metro co., ltd./adr"
2044863,TKMTY,"Tokyo Metro Co., Ltd./ADR","tokyo metro co., ltd./adr"
2044984,ARSTY,Ariston Holding N.V./ADR,ariston holding n.v./adr
2045151,MENW,"Tailored Brands, Inc. / DE","tailored brands, inc. / de"
2045300,PRNCF,Prince Silver Corp.,prince silver
2045434,GHRTF,Greenheart Gold Inc.,greenheart gold
2045473,COPL-WT,Copley Acquisition Corp,copley acquisition
2045473,COPL,Copley Acquisition Corp,copley acquisition
2045473,COPL-UN,Copley Acquisition Corp,copley acquisition
2045872,BSOL,Bitwise Solana Staking ETF,bitwise solana staking etf
2045873,BLTG,BOUNDLESS GROUP,boundless group
2046042,JCAP,"Jefferson Capital, Inc. / DE","jefferson capital, inc. / de"
2046098,ALEUY,ALLEGRO.EU SA/ADR,allegro.eu sa/adr
2046098,ALEGF,ALLEGRO.EU SA/ADR,allegro.eu sa/adr
2046117,MAGH,Magnitude International Ltd,magnitude international
2046223,CDPMF,Cerro de Pasco Resources Inc.,cerro de pasco resources
2046370,UPX,Uptrend Holdings Ltd,uptrend holdings
2046386,MDLN,Medline Inc.,medline
2046656,HCHL,Happy City Holdings Ltd,happy city holdings
2047148,CTW,CTW Cayman,ctw cayman
2047177,CHEC,Chenghe Acquisition III Co.,chenghe acquisition iii
2047177,CHECU,Chenghe Acquisition III Co.,chenghe acquisition iii
2047177,CHECW,Chenghe Acquisition III Co.,chenghe acquisition iii
2047190,TCGL,TechCreate Group Ltd.,techcreate group
2047190,TCGLF,TechCreate Group Ltd.,techcreate group
2047235,WSBK,"Winchester Bancorp, Inc./MD/","winchester bancorp, inc./md/"
2047273,BUUU,BUUU Group Ltd,buuu group
2047455,QSEAR,Quartzsea Acquisition Corp,quartzsea acquisition
2047455,QSEAU,Quartzsea Acquisition Corp,quartzsea acquisition
2047455,QSEA,Quartzsea Acquisition Corp,quartzsea acquisition
2047497,RAC,Rithm Acquisition Corp.,rithm acquisition
2047497,RAC-UN,Rithm Acquisition Corp.,rithm acquisition
2047497,RAC-WT,Rithm Acquisition Corp.,rithm acquisition
2048270,SMFSY,"Sumitomo Forestry Co., Ltd./ADR","sumitomo forestry co., ltd./adr"
2048270,SMFRF,"Sumitomo Forestry Co., Ltd./ADR","sumitomo forestry co., ltd./adr"
2048271,WSHP,WeShop Holdings Ltd,weshop holdings
2048519,AEBI,Aebi Schmidt Holding AG,aebi schmidt holding ag
2048847,FCHDF,Fairchild Gold Corp.,fairchild gold
2048948,NPACW,New Providence Acquisition Corp. III/Cayman,new providence acquisition corp. iii/cayman
2048948,NPACU,New Providence Acquisition Corp. III/Cayman,new providence acquisition corp. iii/cayman
2048948,NPAC,New Providence Acquisition Corp. III/Cayman,new providence acquisition corp. iii/cayman
2048951,TMSWW,Teamshares Inc,teamshares
2048951,TMS,Teamshares Inc,teamshares
2048958,SUNXF,Stardust Solar Energy Inc.,stardust solar energy
2049187,KMRK,K-TECH SOLUTIONS CO LTD,k-tech solutions
2049248,LCCCU,Lakeshore Acquisition III Corp.,lakeshore acquisition iii
2049248,LCCC,Lakeshore Acquisition III Corp.,lakeshore acquisition iii
2049248,LCCCR,Lakeshore Acquisition III Corp.,lakeshore acquisition iii
2049323,AMPM,AM PM Group Ltd,am pm group
2049560,TUNGF,American Tungsten Corp.,american tungsten
2049662,FACWW,Factorial Energy Inc.,factorial energy
2049662,FAC,Factorial Energy Inc.,factorial energy
2049977,STA,"Starton Holdings, Inc.",starton holdings
2050338,CLBZ,Collab Z Inc.,collab z
2050501,BLUWW,Blue Water Acquisition Corp. III,blue water acquisition corp. iii
2050501,BLUW,Blue Water Acquisition Corp. III,blue water acquisition corp. iii
2050501,BLUWU,Blue Water Acquisition Corp. III,blue water acquisition corp. iii
2051380,PEW,GrabAGun Digital Holdings Inc.,grabagun digital holdings
2051380,PEW-WT,GrabAGun Digital Holdings Inc.,grabagun digital holdings
2051587,BSAAU,BEST SPAC I Acquisition Corp.,best spac i acquisition
2051587,BSAA,BEST SPAC I Acquisition Corp.,best spac i acquisition
2051587,BSAAR,BEST SPAC I Acquisition Corp.,best spac i acquisition
2051820,MLCI,Mount Logan Capital Inc.,mount logan capital
2051820,MLCIL,Mount Logan Capital Inc.,mount logan capital
2051985,IRHOU,Iron Horse Acquisition II Corp.,iron horse acquisition ii
2051985,IRHOR,Iron Horse Acquisition II Corp.,iron horse acquisition ii
2051985,IRHO,Iron Horse Acquisition II Corp.,iron horse acquisition ii
2052053,PWRL,Powerlaw Corp.,powerlaw
2052162,DAAQW,Digital Asset Acquisition Corp.,digital asset acquisition
2052162,DAAQU,Digital Asset Acquisition Corp.,digital asset acquisition
2052162,DAAQ,Digital Asset Acquisition Corp.,digital asset acquisition
2052243,TWLV,Twelve Seas Investment Co III/Cayman,twelve seas investment co iii/cayman
2052243,TWLVR,Twelve Seas Investment Co III/Cayman,twelve seas investment co iii/cayman
2052243,TWLVU,Twelve Seas Investment Co III/Cayman,twelve seas investment co iii/cayman
2052373,MKAR,Mkango Rare Earths Ltd,mkango rare earths
2052547,EGHAR,EGH Acquisition Corp.,egh acquisition
2052547,EGHAU,EGH Acquisition Corp.,egh acquisition
2052547,EGHA,EGH Acquisition Corp.,egh acquisition
2052568,LGN,Legence Corp.,legence
2052959,LION,Lionsgate Studios Corp.,lionsgate studios
2053033,PLTS,Platinum Analytics Cayman Ltd,platinum analytics cayman
2053115,YLY,Zi Yun Dong Fang Ltd,zi yun dong fang
2053383,KXHCF,Kioxia Holdings Corporation/ADR,kioxia holdings corporation/adr
2053383,KXIAY,Kioxia Holdings Corporation/ADR,kioxia holdings corporation/adr
2053411,PCPGY,PC Partner Group Ltd/ADR,pc partner group ltd/adr
2053411,PCPPF,PC Partner Group Ltd/ADR,pc partner group ltd/adr
2053456,TGE,Generation Essentials Group,generation essentials group
2053456,TGE-WT,Generation Essentials Group,generation essentials group
2053641,ETS,Elite Express Holding Inc.,elite express holding
2053791,BWOW,Bitwise Dogecoin ETF,bitwise dogecoin etf
2053799,KCHV,Kochav Defense Acquisition Corp.,kochav defense acquisition
2053799,KCHVR,Kochav Defense Acquisition Corp.,kochav defense acquisition
2053799,KCHVU,Kochav Defense Acquisition Corp.,kochav defense acquisition
2053843,YGSHY,Yangzijiang Shipbuilding Holdings Ltd/ADR,yangzijiang shipbuilding holdings ltd/adr
2053843,YSHLF,Yangzijiang Shipbuilding Holdings Ltd/ADR,yangzijiang shipbuilding holdings ltd/adr
2053927,WTG,Wintergreen Acquisition Corp.,wintergreen acquisition
2053927,WTGUU,Wintergreen Acquisition Corp.,wintergreen acquisition
2053927,WTGUR,Wintergreen Acquisition Corp.,wintergreen acquisition
2054272,ONCHU,1RT Acquisition Corp.,1rt acquisition
2054272,ONCH,1RT Acquisition Corp.,1rt acquisition
2054272,ONCHW,1RT Acquisition Corp.,1rt acquisition
2054507,HBNB,Hotel101 Global Holdings Corp.,hotel101 global holdings
2054696,NIQ,NIQ Global Intelligence plc,niq global intelligence plc
2054876,NMPAU,NMP Acquisition Corp.,nmp acquisition
2054876,NMPAR,NMP Acquisition Corp.,nmp acquisition
2054876,NMP,NMP Acquisition Corp.,nmp acquisition
2055116,KG,Kestrel Group Ltd,kestrel group
2055459,RDAGW,Republic Digital Acquisition Co,republic digital acquisition
2055459,RDAG,Republic Digital Acquisition Co,republic digital acquisition
2055459,RDAGU,Republic Digital Acquisition Co,republic digital acquisition
2055510,GDOG,Grayscale Dogecoin Trust ETF,grayscale dogecoin trust etf
2055592,GEMI,"Gemini Space Station, Inc.",gemini space station
2055879,VNME,Vendome Acquisition Corp I,vendome acquisition corp i
2055879,VNMEU,Vendome Acquisition Corp I,vendome acquisition corp i
2055879,VNMEW,Vendome Acquisition Corp I,vendome acquisition corp i
2055938,GRLMF,GreenLight Metals Inc.,greenlight metals
2056016,RDSC,Radiant Strategies Corp,radiant strategies
2056030,SPMEF,South Pacific Metals Corp.,south pacific metals
2056450,BXRLY,Boxer Retail Limited/ADR,boxer retail limited/adr
2056611,LTGO,"Latigo Biotherapeutics, Inc.",latigo biotherapeutics
2056634,PCAPW,ProCap Acquisition Corp,procap acquisition
2056634,PCAPU,ProCap Acquisition Corp,procap acquisition
2056634,PCAP,ProCap Acquisition Corp,procap acquisition
2056751,UUUFF,Recharge Resources Ltd.,recharge resources
2057030,AXIN,Axiom Intelligence Acquisition Corp 1,axiom intelligence acquisition corp 1
2057030,AXINU,Axiom Intelligence Acquisition Corp 1,axiom intelligence acquisition corp 1
2057030,AXINR,Axiom Intelligence Acquisition Corp 1,axiom intelligence acquisition corp 1
2057043,WENNW,WEN Acquisition Corp,wen acquisition
2057043,WENNU,WEN Acquisition Corp,wen acquisition
2057043,WENN,WEN Acquisition Corp,wen acquisition
2057381,RADC,Readvantage Corp.,readvantage
2057388,SOEZ,Franklin Solana Trust,franklin solana trust
2057463,GLIBB,Liberty Capital Corp/NV,liberty capital corp/nv
2057463,GLIBA,Liberty Capital Corp/NV,liberty capital corp/nv
2057463,GLIBK,Liberty Capital Corp/NV,liberty capital corp/nv
2058349,EFTY,"ETOILES CAPITAL GROUP CO., LTD",etoiles capital group co
2058359,CRAQ,Cal Redwood Acquisition Corp.,cal redwood acquisition
2058359,CRAQU,Cal Redwood Acquisition Corp.,cal redwood acquisition
2058359,CRAQR,Cal Redwood Acquisition Corp.,cal redwood acquisition
2058584,DKI,DarkIris Inc.,darkiris
2058601,BRBI,BRBI BR Partners S.A.,brbi br partners s.a
2058707,ATTO,"Attovia Therapeutics, Inc.",attovia therapeutics
2058758,AVBC,"Avidia Bancorp, Inc.",avidia bancorp
2058873,Q,"Qnity Electronics, Inc.",qnity electronics
2058897,CIB,Grupo Cibest S.A.,grupo cibest s.a
2059033,FIGX,FIGX Capital Acquisition Corp.,figx capital acquisition
2059033,FIGXW,FIGX Capital Acquisition Corp.,figx capital acquisition
2059033,FIGXU,FIGX Capital Acquisition Corp.,figx capital acquisition
2059165,SSEAU,STARRY SEA ACQUISITION CORP,starry sea acquisition
2059165,SSEAR,STARRY SEA ACQUISITION CORP,starry sea acquisition
2059165,SSEA,STARRY SEA ACQUISITION CORP,starry sea acquisition
2059438,XRPZ,Franklin XRP Trust,franklin xrp trust
2059573,PINWF,Pinewood Technologies Group plc,pinewood technologies group plc
2059653,LSBK,"Lake Shore Bancorp, Inc. /MD/","lake shore bancorp, inc. /md/"
2059654,BACCU,Blue Acquisition Corp/Cayman,blue acquisition corp/cayman
2059654,BACC,Blue Acquisition Corp/Cayman,blue acquisition corp/cayman
2059654,BACCR,Blue Acquisition Corp/Cayman,blue acquisition corp/cayman
2059690,GGTKY,PT GoTo Gojek Tokopedia Tbk/ADR,pt goto gojek tokopedia tbk/adr
2059986,ONWRF,Onward Medical N.V./ADR,onward medical n.v./adr
2059986,ONWRY,Onward Medical N.V./ADR,onward medical n.v./adr
2060016,AGCC,Agencia Comercial Spirits Ltd.,agencia comercial spirits
2060083,FOFO,"Hang Feng Technology Innovation Co., Ltd.",hang feng technology innovation co
2060217,HRZRF,"Horizon Robotics, Inc./ADR","horizon robotics, inc./adr"
2060217,HZRBY,"Horizon Robotics, Inc./ADR","horizon robotics, inc./adr"
2060337,JENA-UN,JENA ACQUISITION Corp II,jena acquisition corp ii
2060337,JENA-RI,JENA ACQUISITION Corp II,jena acquisition corp ii
2060337,JENA,JENA ACQUISITION Corp II,jena acquisition corp ii
2060703,SUIS,Canary Staked SUI ETF,canary staked sui etf
2060717,VAVX,VanEck Avalanche ETF,vaneck avalanche etf
2060863,NHLTY,Nightingale Health Plc,nightingale health plc
2060863,NGHLF,Nightingale Health Plc,nightingale health plc
2061379,LWAC,LightWave Acquisition Corp.,lightwave acquisition
2061379,LWACW,LightWave Acquisition Corp.,lightwave acquisition
2061379,LWACU,LightWave Acquisition Corp.,lightwave acquisition
2061473,PMTRU,Perimeter Acquisition Corp. I,perimeter acquisition corp. i
2061473,PMTR,Perimeter Acquisition Corp. I,perimeter acquisition corp. i
2061473,PMTRW,Perimeter Acquisition Corp. I,perimeter acquisition corp. i
2061626,TSUI,21Shares Sui ETF,21shares sui etf
2061911,MXUGF,Mixue Bingcheng Co Ltd/ADR,mixue bingcheng co ltd/adr
2061911,MXUBY,Mixue Bingcheng Co Ltd/ADR,mixue bingcheng co ltd/adr
2062440,KYIVW,Kyivstar Group Ltd.,kyivstar group
2062440,KYIV,Kyivstar Group Ltd.,kyivstar group
2062522,GWKSY,GAMES WORKSHOP GROUP PLC/ADR,games workshop group plc/adr
2062522,GMWKF,GAMES WORKSHOP GROUP PLC/ADR,games workshop group plc/adr
2062583,MMED,"MiniMed Group, Inc.",minimed group
2062803,IDPEY,IDP Education Ltd./ADR,idp education ltd./adr
2062803,IDPUF,IDP Education Ltd./ADR,idp education ltd./adr
2062807,MNZLY,Mercury NZ Ltd./ADR,mercury nz ltd./adr
2062807,MGHTF,Mercury NZ Ltd./ADR,mercury nz ltd./adr
2062925,SPGH,Smart Pointer Group Holdings Ltd,smart pointer group holdings
2063196,NTSK,Netskope Inc,netskope
2063231,CLRLY,Central Retail Corp Public Co Limited/ADR,central retail corp public co limited/adr
2063380,FSOL,Fidelity Solana Fund,fidelity solana fund
2063413,SMPHY,SM Prime Holdings Inc./ADR,sm prime holdings inc./adr
2063413,SPHXF,SM Prime Holdings Inc./ADR,sm prime holdings inc./adr
2063417,MREGY,Meridian Energy Ltd/ADR,meridian energy ltd/adr
2063417,MDDNF,Meridian Energy Ltd/ADR,meridian energy ltd/adr
2063671,GRCPY,Canal Plus SA/ADR,canal plus sa/adr
2063675,LSHGY,Louis Hachette Group/ADR,louis hachette group/adr
2063675,LSHGF,Louis Hachette Group/ADR,louis hachette group/adr
2063685,PSBTY,PT Sumber Alfaria Trijaya Tbk/ADR,pt sumber alfaria trijaya tbk/adr
2063685,PSBAF,PT Sumber Alfaria Trijaya Tbk/ADR,pt sumber alfaria trijaya tbk/adr
2063816,INACR,Indigo Acquisition Corp.,indigo acquisition
2063816,INAC,Indigo Acquisition Corp.,indigo acquisition
2063816,INACU,Indigo Acquisition Corp.,indigo acquisition
2063863,ELWT,"Elauwit Connection, Inc.",elauwit connection
2064124,FGRS,"Figure Technology Solutions, Inc.",figure technology solutions
2064124,FIGR,"Figure Technology Solutions, Inc.",figure technology solutions
2064177,BPACR,Blueport Acquisition Ltd,blueport acquisition
2064177,BPAC,Blueport Acquisition Ltd,blueport acquisition
2064177,BPACU,Blueport Acquisition Ltd,blueport acquisition
2064307,LOGC,ContextLogic Holdings Inc.,contextlogic holdings
2064314,TDOG,21Shares Dogecoin ETF,21shares dogecoin etf
2064355,BCSS,Bain Capital GSS Investment Corp.,bain capital gss investment
2064355,BCSS-WT,Bain Capital GSS Investment Corp.,bain capital gss investment
2064355,BCSS-UN,Bain Capital GSS Investment Corp.,bain capital gss investment
2064381,THCLY,"Toho Co., Ltd./ADR","toho co., ltd./adr"
2064658,MCGA,Yorkville Acquisition Corp.,yorkville acquisition
2064658,MCGAW,Yorkville Acquisition Corp.,yorkville acquisition
2064658,MCGAU,Yorkville Acquisition Corp.,yorkville acquisition
2064683,CCIIU,Cohen Circle Acquisition Corp. II,cohen circle acquisition corp. ii
2064683,CCII,Cohen Circle Acquisition Corp. II,cohen circle acquisition corp. ii
2064683,CCIIW,Cohen Circle Acquisition Corp. II,cohen circle acquisition corp. ii
2064764,PLSM,Pulsenmore Ltd.,pulsenmore
2064947,WBI,WaterBridge Infrastructure LLC,waterbridge infrastructure
2064953,SOLS,Solstice Advanced Materials Inc.,solstice advanced materials
2065282,ACMIF,Allied Critical Metals Corp.,allied critical metals
2065485,JXAMY,JX Advanced Metals Corporation/ADR,jx advanced metals corporation/adr
2065485,JXADF,JX Advanced Metals Corporation/ADR,jx advanced metals corporation/adr
2065601,CBC,"Central Bancompany, Inc.",central bancompany
2065636,MWH,"SOLV Energy, Inc.",solv energy
2065660,DNACF,"DeNA Co., Ltd./ADR","dena co., ltd./adr"
2065660,DNCLY,"DeNA Co., Ltd./ADR","dena co., ltd./adr"
2065661,PLUN-RI,Plutonian Acquisition Corp. II,plutonian acquisition corp. ii
2065661,PLUN,Plutonian Acquisition Corp. II,plutonian acquisition corp. ii
2065661,PLUN-UN,Plutonian Acquisition Corp. II,plutonian acquisition corp. ii
2065708,ANDG,Andersen Group Inc.,andersen group
2065741,NEUT,Neutrans Inc.,neutrans
2065779,BCARU,D. Boral ARC Acquisition I Corp.,d. boral arc acquisition i
2065779,BCARW,D. Boral ARC Acquisition I Corp.,d. boral arc acquisition i
2065779,BCAR,D. Boral ARC Acquisition I Corp.,d. boral arc acquisition i
2065812,FSSL,FS Specialty Lending Fund,fs specialty lending fund
2065932,FLNCF,Freelancer Ltd,freelancer
2065932,FRLCY,Freelancer Ltd,freelancer
2065948,SOCAW,Solarius Capital Acquisition Corp.,solarius capital acquisition
2065948,SOCAU,Solarius Capital Acquisition Corp.,solarius capital acquisition
2065948,SOCA,Solarius Capital Acquisition Corp.,solarius capital acquisition
2066600,SCBXY,SCB X Public Co Ltd,scb x public
2066600,SCXBF,SCB X Public Co Ltd,scb x public
2066601,TOKCF,"Tokyo Ohka Kogyo Co., Ltd./ADR","tokyo ohka kogyo co., ltd./adr"
2066601,TKCYY,"Tokyo Ohka Kogyo Co., Ltd./ADR","tokyo ohka kogyo co., ltd./adr"
2066824,VBNB,VanEck BNB ETF,vaneck bnb etf
2066836,CNXU,Conexeu Sciences Inc.,conexeu sciences
2066925,CAPI,"CAPSTONE 72, INC.",capstone 72
2067129,NP,Neptune Insurance Holdings Inc.,neptune insurance holdings
2067171,IDXMF,IDEX METALS CORP.,idex metals
2067592,MKLY,McKinley Acquisition Corp,mckinley acquisition
2067592,MKLYR,McKinley Acquisition Corp,mckinley acquisition
2067592,MKLYU,McKinley Acquisition Corp,mckinley acquisition
2067627,NKLR,Terra Innovatum Global N.V.,terra innovatum global n.v
2067674,SBMT,SILVER BOW MINING CORP.,silver bow mining
2067767,NXB,NextBoat Inc.,nextboat
2067876,VSNT,"Versant Media Group, Inc.",versant media group
2068385,SHAZW,SharonAI Holdings Inc.,sharonai holdings
2068385,SHAZ,SharonAI Holdings Inc.,sharonai holdings
2068427,ZLDPF,Zealand Pharma A/S/ADR,zealand pharma a/s/adr
2068440,LPGCY,Laopu Gold Co. Ltd./ADR,laopu gold co. ltd./adr
2068440,LPUGF,Laopu Gold Co. Ltd./ADR,laopu gold co. ltd./adr
2068441,STHRF,Strathcona Resources Ltd.,strathcona resources
2068454,KOYN,"CSLM Digital Asset Acquisition Corp III, Ltd",cslm digital asset acquisition corp iii
2068454,KOYNW,"CSLM Digital Asset Acquisition Corp III, Ltd",cslm digital asset acquisition corp iii
2068454,KOYNU,"CSLM Digital Asset Acquisition Corp III, Ltd",cslm digital asset acquisition corp iii
2068577,BRCB,"Black Rock Coffee Bar, Inc.",black rock coffee bar
2069238,PAII-UN,Pyrophyte Acquisition Corp. II,pyrophyte acquisition corp. ii
2069238,PAII,Pyrophyte Acquisition Corp. II,pyrophyte acquisition corp. ii
2069238,PAII-WT,Pyrophyte Acquisition Corp. II,pyrophyte acquisition corp. ii
2069604,PARK,"Park Dental Partners, Inc.",park dental partners
2069785,GLOO,"Gloo Holdings, Inc.",gloo holdings
2069856,HCMA,HCM III ACQUISITION CORP.,hcm iii acquisition
2069856,HCMAW,HCM III ACQUISITION CORP.,hcm iii acquisition
2069856,HCMAU,HCM III ACQUISITION CORP.,hcm iii acquisition
2070087,KOEI,"Koei Group Co., Ltd.",koei group co
2070237,SOUD,Hacker Interstellar Inc.,hacker interstellar
2070457,XXI,"Twenty One Capital, Inc.",twenty one capital
2070534,SLBT,SL Science Holding Ltd,sl science holding
2070542,AIB,AIB Data Centers Inc.,aib data centers
2070570,RECCY,Reece Limited/ADR,reece limited/adr
2070570,REECF,Reece Limited/ADR,reece limited/adr
2070602,HVMCU,Highview Merger Corp.,highview merger
2070602,HVMCW,Highview Merger Corp.,highview merger
2070602,HVMC,Highview Merger Corp.,highview merger
2070829,CTATF,"Contemporary Amperex Technology Co., Limited/ADR","contemporary amperex technology co., limited/adr"
2070829,CYATY,"Contemporary Amperex Technology Co., Limited/ADR","contemporary amperex technology co., limited/adr"
2070849,BLLN,"BillionToOne, Inc.",billiontoone
2070887,CRACW,Crown Reserve Acquisition Corp. I,crown reserve acquisition corp. i
2070887,CRAC,Crown Reserve Acquisition Corp. I,crown reserve acquisition corp. i
2070887,CRACU,Crown Reserve Acquisition Corp. I,crown reserve acquisition corp. i
2070887,CRACR,Crown Reserve Acquisition Corp. I,crown reserve acquisition corp. i
2070900,QUMSU,Quantumsphere Acquisition Corp,quantumsphere acquisition
2070900,QUMS,Quantumsphere Acquisition Corp,quantumsphere acquisition
2070900,QUMSR,Quantumsphere Acquisition Corp,quantumsphere acquisition
2070954,SMJF,SMJ International Holdings Inc.,smj international holdings
2071288,LMRI,"Lumexa Imaging Holdings, Inc.",lumexa imaging holdings
2071489,YSGL,Yellowstone Group Ltd.,yellowstone group
2071607,BMOK,BM Acquisition Corp.,bm acquisition
2071668,MICC,Magnum Ice Cream Co N.V.,magnum ice cream co n.v
2071778,FRMI,Fermi Inc.,fermi
2071868,JNGHF,"Jiangsu Hengrui Pharmaceuticals Co., Ltd./ADR","jiangsu hengrui pharmaceuticals co., ltd./adr"
2071868,JHPCY,"Jiangsu Hengrui Pharmaceuticals Co., Ltd./ADR","jiangsu hengrui pharmaceuticals co., ltd./adr"
2071881,TRMOY,Tourmaline Oil Corp/ADR,tourmaline oil corp/adr
2071881,TRMLF,Tourmaline Oil Corp/ADR,tourmaline oil corp/adr
2071911,CPXWF,Capital Power Corp/ADR,capital power corp/adr
2071911,CPWPF,Capital Power Corp/ADR,capital power corp/adr
2071911,CPRHF,Capital Power Corp/ADR,capital power corp/adr
2071911,CPXXY,Capital Power Corp/ADR,capital power corp/adr
2071912,PRSKY,PrairieSky Royalty Ltd/ADR,prairiesky royalty ltd/adr
2071912,PREKF,PrairieSky Royalty Ltd/ADR,prairiesky royalty ltd/adr
2071913,GBNXY,Gibson Energy Inc/ADR,gibson energy inc/adr
2071913,GBNXF,Gibson Energy Inc/ADR,gibson energy inc/adr
2072098,TMTNY,Toromont Industries Ltd./ADR,toromont industries ltd./adr
2072098,TMTNF,Toromont Industries Ltd./ADR,toromont industries ltd./adr
2072188,BIOTW,Relativity Holdings Inc.,relativity holdings
2072188,BIOT,Relativity Holdings Inc.,relativity holdings
2072389,NPIFF,Northland Power Inc./ADR,northland power inc./adr
2072389,NPIXY,Northland Power Inc./ADR,northland power inc./adr
2072389,NPICF,Northland Power Inc./ADR,northland power inc./adr
2072404,GSRF,GSR IV Acquisition Corp.,gsr iv acquisition
2072404,GSRFU,GSR IV Acquisition Corp.,gsr iv acquisition
2072404,GSRFR,GSR IV Acquisition Corp.,gsr iv acquisition
2072421,SNNF,"Seneca Bancorp, Inc.",seneca bancorp
2072563,SAPUY,Saputo Inc./ADR,saputo inc./adr
2072563,SAPIF,Saputo Inc./ADR,saputo inc./adr
2073153,HYNE,"Hoyne Bancorp, Inc.",hoyne bancorp
2073268,BIREF,Birchcliff Energy Ltd./ADR,birchcliff energy ltd./adr
2073268,BIREY,Birchcliff Energy Ltd./ADR,birchcliff energy ltd./adr
2073340,TLNC,Talon Capital Corp.,talon capital
2073340,TLNCW,Talon Capital Corp.,talon capital
2073340,TLNCU,Talon Capital Corp.,talon capital
2073515,ARCL,ARC Group Acquisition I Corp.,arc group acquisition i
2073515,ARCLR,ARC Group Acquisition I Corp.,arc group acquisition i
2073515,ARCLU,ARC Group Acquisition I Corp.,arc group acquisition i
2073515,ARCLW,ARC Group Acquisition I Corp.,arc group acquisition i
2073553,AIIA-RI,AI Infrastructure Acquisition Corp.,ai infrastructure acquisition
2073553,AIIA-UN,AI Infrastructure Acquisition Corp.,ai infrastructure acquisition
2073553,AIIA,AI Infrastructure Acquisition Corp.,ai infrastructure acquisition
2073615,ELEEF,Element Fleet Management Corp./ADR,element fleet management corp./adr
2073615,ELFTY,Element Fleet Management Corp./ADR,element fleet management corp./adr
2073620,PARXF,Parex Resources Inc./ADR,parex resources inc./adr
2073620,PAEXY,Parex Resources Inc./ADR,parex resources inc./adr
2073638,FNIGY,Finning International Inc./ADR,finning international inc./adr
2073638,FINGF,Finning International Inc./ADR,finning international inc./adr
2073643,METRY,METRO INC./ADR,metro inc./adr
2073655,TPZEY,Topaz Energy Corp./ADR,topaz energy corp./adr
2073655,TPZEF,Topaz Energy Corp./ADR,topaz energy corp./adr
2073669,HNSPF,Hansoh Pharmaceutical Group Co Limited/ADR,hansoh pharmaceutical group co limited/adr
2073669,HNPHY,Hansoh Pharmaceutical Group Co Limited/ADR,hansoh pharmaceutical group co limited/adr
2073804,TCLHF,TCL Electronics Holdings Limited/ADR,tcl electronics holdings limited/adr
2073804,TCLXY,TCL Electronics Holdings Limited/ADR,tcl electronics holdings limited/adr
2073893,DLMAF,Dollarama Inc./ADR,dollarama inc./adr
2073893,DLMAY,Dollarama Inc./ADR,dollarama inc./adr
2073901,TMKVY,Tamarack Valley Energy Ltd./ADR,tamarack valley energy ltd./adr
2073901,TNEYF,Tamarack Valley Energy Ltd./ADR,tamarack valley energy ltd./adr
2073913,NWCYY,North West Co Inc./ADR,north west co inc./adr
2073913,NNWWF,North West Co Inc./ADR,north west co inc./adr
2073928,MBVIU,M3-Brigade Acquisition VI Corp.,m3-brigade acquisition vi
2073928,MBVI,M3-Brigade Acquisition VI Corp.,m3-brigade acquisition vi
2073928,MBVIW,M3-Brigade Acquisition VI Corp.,m3-brigade acquisition vi
2073972,SSRLY,Sienna Senior Living Inc./ADR,sienna senior living inc./adr
2073972,LWSCF,Sienna Senior Living Inc./ADR,sienna senior living inc./adr
2074059,WIPKF,Winpak Ltd./ADR,winpak ltd./adr
2074123,CCHH,CCH Holdings Ltd,cch holdings
2074157,SVICY,StorageVault Canada Inc./ADR,storagevault canada inc./adr
2074157,SVAUF,StorageVault Canada Inc./ADR,storagevault canada inc./adr
2074158,GIVE,Wealth Management System Inc.,wealth management system
2074176,VNOM,"Viper Energy, Inc.",viper energy
2074220,CAZGF,Catapult Group International Ltd,catapult group international
2074409,QSOL,Invesco Galaxy Solana ETF,invesco galaxy solana etf
2074697,FCRS-UN,FutureCrest Acquisition Corp.,futurecrest acquisition
2074697,FCRS-WT,FutureCrest Acquisition Corp.,futurecrest acquisition
2074697,FCRS,FutureCrest Acquisition Corp.,futurecrest acquisition
2074745,VIRMF,Viridian Metals Inc.,viridian metals
2074850,GFUZW,General Fusion Group Ltd.,general fusion group
2074850,GFUZ,General Fusion Group Ltd.,general fusion group
2074872,KRSP-UN,Rice Acquisition Corp 3,rice acquisition corp 3
2074872,KRSP-WT,Rice Acquisition Corp 3,rice acquisition corp 3
2074872,KRSP,Rice Acquisition Corp 3,rice acquisition corp 3
2074878,NWAX-WT,New America Acquisition I Corp.,new america acquisition i
2074878,NWAX-UN,New America Acquisition I Corp.,new america acquisition i
2074878,NWAX,New America Acquisition I Corp.,new america acquisition i
2074973,CCXIU,Churchill Capital Corp XI,churchill capital corp xi
2074973,CCXI,Churchill Capital Corp XI,churchill capital corp xi
2074973,CCXIW,Churchill Capital Corp XI,churchill capital corp xi
2075036,EVON,EvoNexus Group LTD,evonexus group
2075038,IBL,I Bella Perfect Inc.,i bella perfect
2075068,IGACR,Invest Green Acquisition Corp,invest green acquisition
2075068,IGAC,Invest Green Acquisition Corp,invest green acquisition
2075068,IGACU,Invest Green Acquisition Corp,invest green acquisition
2075141,VSGRY,VusionGroup,vusiongroup
2075141,SRBEF,VusionGroup,vusiongroup
2075310,BLZR,Trailblazer Acquisition Corp.,trailblazer acquisition
2075310,BLZRW,Trailblazer Acquisition Corp.,trailblazer acquisition
2075310,BLZRU,Trailblazer Acquisition Corp.,trailblazer acquisition
2075320,PLYX,"Polaryx Therapeutics, Inc.",polaryx therapeutics
2075335,ROZE,ROZE AI INC.,roze ai
2075336,YCY,AA Mission Acquisition Corp. II,aa mission acquisition corp. ii
2075336,YCY-WT,AA Mission Acquisition Corp. II,aa mission acquisition corp. ii
2075336,YCY-UN,AA Mission Acquisition Corp. II,aa mission acquisition corp. ii
2075349,TNDEF,Top End Energy Ltd/ADR,top end energy ltd/adr
2075349,SERPY,Top End Energy Ltd/ADR,top end energy ltd/adr
2075474,GPTGF,GPT Group/ADR,gpt group/adr
2075474,GGRPY,GPT Group/ADR,gpt group/adr
2075589,LSBA,Law's Business Group Holding Ltd,law's business group holding
2075786,SEAH,"Seahawk Recycling Holdings, Inc.",seahawk recycling holdings
2075816,EMIS,Emmis Acquisition Corp.,emmis acquisition
2075816,EMISR,Emmis Acquisition Corp.,emmis acquisition
2075877,BKPKF,Bank Pekao S.A./ADR,bank pekao s.a./adr
2075877,BKPOY,Bank Pekao S.A./ADR,bank pekao s.a./adr
2075918,CSCCF,Capstone Copper Corp./ADR,capstone copper corp./adr
2075918,CSCCY,Capstone Copper Corp./ADR,capstone copper corp./adr
2076163,BRRWW,"ProCap Financial, Inc.",procap financial
2076163,BRR,"ProCap Financial, Inc.",procap financial
2076192,WSTNR,Westin Acquisition Corp,westin acquisition
2076192,WSTN,Westin Acquisition Corp,westin acquisition
2076192,WSTNU,Westin Acquisition Corp,westin acquisition
2076398,ZSICY,"Zhejiang Sanhua Intelligent Controls Co., Ltd./ADR","zhejiang sanhua intelligent controls co., ltd./adr"
2076398,ZSINF,"Zhejiang Sanhua Intelligent Controls Co., Ltd./ADR","zhejiang sanhua intelligent controls co., ltd./adr"
2076427,LATAU,Galata Acquisition Corp. II,galata acquisition corp. ii
2076427,LATAW,Galata Acquisition Corp. II,galata acquisition corp. ii
2076427,LATA,Galata Acquisition Corp. II,galata acquisition corp. ii
2076616,TDWD,Tailwind 2.0 Acquisition Corp.,tailwind 2.0 acquisition
2076616,TDWDU,Tailwind 2.0 Acquisition Corp.,tailwind 2.0 acquisition
2076616,TDWDR,Tailwind 2.0 Acquisition Corp.,tailwind 2.0 acquisition
2076631,AMRQF,AMAROQ LTD.,amaroq
2076739,SCII,SC II Acquisition Corp.,sc ii acquisition
2076739,SCIIU,SC II Acquisition Corp.,sc ii acquisition
2076739,SCIIR,SC II Acquisition Corp.,sc ii acquisition
2076975,BRAI,Braiin Ltd,braiin
2077010,OTGAU,OTG Acquisition Corp. I,otg acquisition corp. i
2077010,OTGAW,OTG Acquisition Corp. I,otg acquisition corp. i
2077010,OTGA,OTG Acquisition Corp. I,otg acquisition corp. i
2077033,MMTXU,Miluna Acquisition Corp,miluna acquisition
2077033,MMTX,Miluna Acquisition Corp,miluna acquisition
2077033,MMTXW,Miluna Acquisition Corp,miluna acquisition
2077146,OBICY,"OBIC Co., Ltd./ADR","obic co., ltd./adr"
2077146,OBIIF,"OBIC Co., Ltd./ADR","obic co., ltd./adr"
2077242,STLJF,Stella-Jones Inc./ADR,stella-jones inc./adr
2077242,STJNY,Stella-Jones Inc./ADR,stella-jones inc./adr
2077638,STSUF,Satsuma Technology PLC,satsuma technology plc
2077697,UNID,"RiverNorth Short Prime Unicorn Fund I, Inc",rivernorth short prime unicorn fund i
2077709,ROC,Rank One Computing Corp,rank one computing
2077715,UNIU,"RiverNorth Long Prime Unicorn Fund I, Inc.",rivernorth long prime unicorn fund i
2077785,IRAB,Iris Acquisition Corp II,iris acquisition corp ii
2077785,IRAB-UN,Iris Acquisition Corp II,iris acquisition corp ii
2077785,IRAB-WT,Iris Acquisition Corp II,iris acquisition corp ii
2077954,EVOX,Evolution Global Acquisition Corp,evolution global acquisition
2077954,EVOXU,Evolution Global Acquisition Corp,evolution global acquisition
2077954,EVOXW,Evolution Global Acquisition Corp,evolution global acquisition
2078008,VGNT,Versigent PLC,versigent plc
2078037,GRVT,GreenVector Holdings Ltd,greenvector holdings
2078149,VRHI,"Veri MedTech Holdings, Inc.",veri medtech holdings
2078416,LLYVK,"Liberty Live Holdings, Inc.",liberty live holdings
2078416,LLYVA,"Liberty Live Holdings, Inc.",liberty live holdings
2078416,LLYVB,"Liberty Live Holdings, Inc.",liberty live holdings
2078570,AMTU,"AMATUHI HOLDINGS, INC.",amatuhi holdings
2078653,RNGTW,Range Capital Acquisition Corp II,range capital acquisition corp ii
2078653,RNGT,Range Capital Acquisition Corp II,range capital acquisition corp ii
2078653,RNGTU,Range Capital Acquisition Corp II,range capital acquisition corp ii
2078856,PURR,Hyperliquid Strategies Inc,hyperliquid strategies
2078895,ASKRY,Asker Healthcare Group AB/ADR,asker healthcare group ab/adr
2079013,HCACR,Hall Chadwick Acquisition Corp,hall chadwick acquisition
2079013,HCACU,Hall Chadwick Acquisition Corp,hall chadwick acquisition
2079013,HCAC,Hall Chadwick Acquisition Corp,hall chadwick acquisition
2079106,LAFAR,LaFayette Acquisition Corp.,lafayette acquisition
2079106,LAFAU,LaFayette Acquisition Corp.,lafayette acquisition
2079106,LAFA,LaFayette Acquisition Corp.,lafayette acquisition
2079109,VRXA,Veraxa Biotech Holding AG,veraxa biotech holding ag
2079109,VRXAW,Veraxa Biotech Holding AG,veraxa biotech holding ag
2079173,AEXA,American Exceptionalism Acquisition Corp. A,american exceptionalism acquisition corp. a
2079253,APXTW,Apex Treasury Corp,apex treasury
2079253,APXT,Apex Treasury Corp,apex treasury
2079253,APXTU,Apex Treasury Corp,apex treasury
2079272,LABT,Lakewood-Amedex Biotherapeutics Inc.,lakewood-amedex biotherapeutics
2079292,DYORU,Insight Digital Partners II,insight digital partners ii
2079292,DYOR,Insight Digital Partners II,insight digital partners ii
2079292,DYORW,Insight Digital Partners II,insight digital partners ii
2079706,MBGCF,"Mitsubishi Gas Chemical Company, Inc./ADR","mitsubishi gas chemical company, inc./adr"
2079706,MBSHY,"Mitsubishi Gas Chemical Company, Inc./ADR","mitsubishi gas chemical company, inc./adr"
2079720,BUDA,"BUDA JUICE, INC.",buda juice
2079933,BEBE-WT,TGE Value Creative Solutions Corp,tge value creative solutions
2079933,BEBE,TGE Value Creative Solutions Corp,tge value creative solutions
2079933,BEBE-UN,TGE Value Creative Solutions Corp,tge value creative solutions
2079999,CDNL,Cardinal Infrastructure Group Inc.,cardinal infrastructure group
2080003,MLIZY,MELIUZ S.A.,meliuz s.a
2080019,GIW,GigCapital8 Corp.,gigcapital8
2080019,GIWWU,GigCapital8 Corp.,gigcapital8
2080019,GIWWR,GigCapital8 Corp.,gigcapital8
2080023,VACI-WT,Viking Acquisition Corp I,viking acquisition corp i
2080023,VACI-UN,Viking Acquisition Corp I,viking acquisition corp i
2080023,VACI,Viking Acquisition Corp I,viking acquisition corp i
2080073,VMET,Versamet Royalties Corp,versamet royalties
2080087,MYXXU,Maywood Acquisition Corp. 2,maywood acquisition corp. 2
2080087,MYXXW,Maywood Acquisition Corp. 2,maywood acquisition corp. 2
2080087,MYX,Maywood Acquisition Corp. 2,maywood acquisition corp. 2
2080087,MYXXR,Maywood Acquisition Corp. 2,maywood acquisition corp. 2
2080126,FPS,"Forgent Power Solutions, Inc.",forgent power solutions
2080215,USDE,StableCoinX Inc.,stablecoinx
2080215,USDEW,StableCoinX Inc.,stablecoinx
2080845,PAYP,PayPay Corp,paypay
2080921,APC,ARKO Petroleum Corp.,arko petroleum
2080985,ITHA,ITHAX Acquisition Corp III,ithax acquisition corp iii
2080985,ITHAU,ITHAX Acquisition Corp III,ithax acquisition corp iii
2080985,ITHAW,ITHAX Acquisition Corp III,ithax acquisition corp iii
2081043,ATAI,AtaiBeckley Inc.,ataibeckley
2081119,BOT,"RoboStrategy, Inc.",robostrategy
2081125,DNMX,Dynamix Corp III,dynamix corp iii
2081125,DNMXW,Dynamix Corp III,dynamix corp iii
2081125,DNMXU,Dynamix Corp III,dynamix corp iii
2081206,AGBK,AGI Inc,agi
2081300,SSACR,SPACSphere Acquisition Corp.,spacsphere acquisition
2081300,SSAC,SPACSphere Acquisition Corp.,spacsphere acquisition
2081300,SSACW,SPACSphere Acquisition Corp.,spacsphere acquisition
2081300,SSACU,SPACSphere Acquisition Corp.,spacsphere acquisition
2081358,CRANU,Crane Harbor Acquisition Corp. II,crane harbor acquisition corp. ii
2081358,CRANR,Crane Harbor Acquisition Corp. II,crane harbor acquisition corp. ii
2081358,CRAN,Crane Harbor Acquisition Corp. II,crane harbor acquisition corp. ii
2081438,GONYF,GO Residential Real Estate Investment Trust,go residential real estate investment trust
2081468,MESH,Meshflow Acquisition Corp,meshflow acquisition
2081468,MESHU,Meshflow Acquisition Corp,meshflow acquisition
2081468,MESHW,Meshflow Acquisition Corp,meshflow acquisition
2081515,GUAC,Berto Acquisition Corp. II,berto acquisition corp. ii
2081515,GUACW,Berto Acquisition Corp. II,berto acquisition corp. ii
2081515,GUACU,Berto Acquisition Corp. II,berto acquisition corp. ii
2081532,BLRKW,Bluerock Acquisition Corp.,bluerock acquisition
2081532,BLRKU,Bluerock Acquisition Corp.,bluerock acquisition
2081532,BLRK,Bluerock Acquisition Corp.,bluerock acquisition
2081536,WPAC-RI,White Pearl Acquisition Corp.,white pearl acquisition
2081536,WPAC-UN,White Pearl Acquisition Corp.,white pearl acquisition
2081536,WPAC,White Pearl Acquisition Corp.,white pearl acquisition
2081690,VECA-RI,Vernal Capital Acquisition Corp.,vernal capital acquisition
2081690,VECA-UN,Vernal Capital Acquisition Corp.,vernal capital acquisition
2081690,VECA,Vernal Capital Acquisition Corp.,vernal capital acquisition
2081909,SBXE-WT,SilverBox Corp V,silverbox corp v
2081909,SBXE-UN,SilverBox Corp V,silverbox corp v
2081909,SBXE,SilverBox Corp V,silverbox corp v
2082119,KRAQW,KRAKacquisition Corp,krakacquisition
2082119,KRAQ,KRAKacquisition Corp,krakacquisition
2082119,KRAQU,KRAKacquisition Corp,krakacquisition
2082141,AVVSY,Avio S.p.A./ADR,avio s.p.a./adr
2082141,AVVOF,Avio S.p.A./ADR,avio s.p.a./adr
2082149,DSACU,Daedalus Special Acquisition Corp.,daedalus special acquisition
2082149,DSACW,Daedalus Special Acquisition Corp.,daedalus special acquisition
2082149,DSAC,Daedalus Special Acquisition Corp.,daedalus special acquisition
2082247,FDXF,"FedEx Freight Holding Company, Inc.",fedex freight holding company
2082526,AESPU,Aeon Acquisition I Corp.,aeon acquisition i
2082526,AESP,Aeon Acquisition I Corp.,aeon acquisition i
2082526,AESPW,Aeon Acquisition I Corp.,aeon acquisition i
2082526,AESPR,Aeon Acquisition I Corp.,aeon acquisition i
2082542,BIXIW,Bitcoin Infrastructure Acquisition Corp Ltd,bitcoin infrastructure acquisition corp
2082542,BIXI,Bitcoin Infrastructure Acquisition Corp Ltd,bitcoin infrastructure acquisition corp
2082542,BIXIU,Bitcoin Infrastructure Acquisition Corp Ltd,bitcoin infrastructure acquisition corp
2082729,CBAI,Coolbit Technologies Ltd,coolbit technologies
2082844,SAC,Safeguard Acquisition Corp.,safeguard acquisition
2082844,SAC-UN,Safeguard Acquisition Corp.,safeguard acquisition
2082844,SAC-WT,Safeguard Acquisition Corp.,safeguard acquisition
2082847,BWIV-UN,Blue Water Acquisition Corp. IV,blue water acquisition corp. iv
2082847,BWIV-WT,Blue Water Acquisition Corp. IV,blue water acquisition corp. iv
2082847,BWIV,Blue Water Acquisition Corp. IV,blue water acquisition corp. iv
2082866,PNFP-PB,"Pinnacle Financial Partners, Inc.",pinnacle financial partners
2082866,PNFP-PA,"Pinnacle Financial Partners, Inc.",pinnacle financial partners
2082866,PNFP-PC,"Pinnacle Financial Partners, Inc.",pinnacle financial partners
2082866,PNFP,"Pinnacle Financial Partners, Inc.",pinnacle financial partners
2082876,FHFLF,Foshan Haitian Flavouring & Food Co Ltd./ADR,foshan haitian flavouring & food co ltd./adr
2082876,FHFFY,Foshan Haitian Flavouring & Food Co Ltd./ADR,foshan haitian flavouring & food co ltd./adr
2082889,CLNK,Bitwise Chainlink ETF,bitwise chainlink etf
2083002,ADAC,American Drive Acquisition Co,american drive acquisition
2083002,ADACW,American Drive Acquisition Co,american drive acquisition
2083002,ADACU,American Drive Acquisition Co,american drive acquisition
2083125,FTW-WT,PRESIDIO PRODUCTION Co,presidio production
2083125,FTW,PRESIDIO PRODUCTION Co,presidio production
2083143,SCPQW,Social Commerce Partners Corp,social commerce partners
2083143,SCPQU,Social Commerce Partners Corp,social commerce partners
2083143,SCPQ,Social Commerce Partners Corp,social commerce partners
2083217,QADRW,QDRO Acquisition Corp.,qdro acquisition
2083217,QADRU,QDRO Acquisition Corp.,qdro acquisition
2083217,QADR,QDRO Acquisition Corp.,qdro acquisition
2083221,SPIWF,SPIE SA/ADR,spie sa/adr
2083221,SPIIY,SPIE SA/ADR,spie sa/adr
2083452,SAGU-UN,Shreya Acquisition Group,shreya acquisition group
2083452,SAGU-RI,Shreya Acquisition Group,shreya acquisition group
2083452,SAGU-WT,Shreya Acquisition Group,shreya acquisition group
2083452,SAGU,Shreya Acquisition Group,shreya acquisition group
2083493,XCBEU,X3 Acquisition Corp. Ltd.,x3 acquisition corp
2083493,XCBE,X3 Acquisition Corp. Ltd.,x3 acquisition corp
2083493,XCBEW,X3 Acquisition Corp. Ltd.,x3 acquisition corp
2083526,MWC,"Micware Co., Ltd.",micware co
2083583,BSTR,"BSTR Holdings, Inc.",bstr holdings
2083632,OCTV,Octave Intelligence plc,octave intelligence plc
2083632,OCTLF,Octave Intelligence plc,octave intelligence plc
2083689,AEAQ,Activate Energy Acquisition Corp.,activate energy acquisition
2083689,AEAQU,Activate Energy Acquisition Corp.,activate energy acquisition
2083689,AEAQW,Activate Energy Acquisition Corp.,activate energy acquisition
2083728,LPCVU,Launchpad Cadenza Acquisition Corp I,launchpad cadenza acquisition corp i
2083728,LPCVW,Launchpad Cadenza Acquisition Corp I,launchpad cadenza acquisition corp i
2083728,LPCV,Launchpad Cadenza Acquisition Corp I,launchpad cadenza acquisition corp i
2083785,SUNB,"Sunbelt Rentals Holdings, Inc.",sunbelt rentals holdings
2083910,ARCIW,Archimedes Tech SPAC Partners III Co.,archimedes tech spac partners iii
2083910,ARCIU,Archimedes Tech SPAC Partners III Co.,archimedes tech spac partners iii
2083910,ARCI,Archimedes Tech SPAC Partners III Co.,archimedes tech spac partners iii
2083945,CCIL,CALM Chain International Ltd,calm chain international
2083946,WLIIW,Willow Lane Acquisition Corp. II,willow lane acquisition corp. ii
2083946,WLIIU,Willow Lane Acquisition Corp. II,willow lane acquisition corp. ii
2083946,WLII,Willow Lane Acquisition Corp. II,willow lane acquisition corp. ii
2083989,ALOVU,"Aldabra 4 Liquidity Opportunity Vehicle, Inc.",aldabra 4 liquidity opportunity vehicle
2083989,ALOVW,"Aldabra 4 Liquidity Opportunity Vehicle, Inc.",aldabra 4 liquidity opportunity vehicle
2083989,ALOV,"Aldabra 4 Liquidity Opportunity Vehicle, Inc.",aldabra 4 liquidity opportunity vehicle
2084022,SFGYY,Sony Financial Group Inc./ADR,sony financial group inc./adr
2084022,SFGRF,Sony Financial Group Inc./ADR,sony financial group inc./adr
2084026,QMLS,"QumulusAI, Inc.",qumulusai
2084227,ADBT,"Advasa Holdings, Inc.",advasa holdings
2084261,URSB,"URSB Bancorp, Inc.",ursb bancorp
2084296,NTMJ,Nintech Mould Factory Inc.,nintech mould factory
2084396,IEAGR,Infinite Eagle Acquisition Corp.,infinite eagle acquisition
2084396,IEAG,Infinite Eagle Acquisition Corp.,infinite eagle acquisition
2084396,IEAGU,Infinite Eagle Acquisition Corp.,infinite eagle acquisition
2084563,LFACW,Leapfrog Acquisition Corp,leapfrog acquisition
2084563,LFAC,Leapfrog Acquisition Corp,leapfrog acquisition
2084563,LFACU,Leapfrog Acquisition Corp,leapfrog acquisition
2084585,UATCY,"Unisound AI Technology Co., Ltd./ADR","unisound ai technology co., ltd./adr"
2084698,KHOBF,KHEOBA Ltd,kheoba
2085091,RVI,Robinhood Ventures Fund I,robinhood ventures fund i
2085177,QRED-UN,QuasarEdge Acquisition Corp,quasaredge acquisition
2085177,QRED,QuasarEdge Acquisition Corp,quasaredge acquisition
2085177,QRED-RI,QuasarEdge Acquisition Corp,quasaredge acquisition
2085187,BOBS,"Bob's Discount Furniture, Inc.",bob's discount furniture
2085208,DYBTY,Duality Biotherapeutics Inc/ADR,duality biotherapeutics inc/adr
2085208,DUTBF,Duality Biotherapeutics Inc/ADR,duality biotherapeutics inc/adr
2085236,AMVIF,AUMOVIO SE,aumovio se
2085236,AMVOY,AUMOVIO SE,aumovio se
2085408,GPACW,General Purpose Acquisition Corp.,general purpose acquisition
2085408,GPACU,General Purpose Acquisition Corp.,general purpose acquisition
2085408,GPAC,General Purpose Acquisition Corp.,general purpose acquisition
2085485,TRAD-UN,APEX Tech Acquisition Inc.,apex tech acquisition
2085485,TRAD-RI,APEX Tech Acquisition Inc.,apex tech acquisition
2085485,TRAD,APEX Tech Acquisition Inc.,apex tech acquisition
2085659,SVAQW,Silicon Valley Acquisition Corp.,silicon valley acquisition
2085659,SVAQU,Silicon Valley Acquisition Corp.,silicon valley acquisition
2085659,SVAQ,Silicon Valley Acquisition Corp.,silicon valley acquisition
2085795,APNA,APEIRON ACQUISITION VEHICLE I,apeiron acquisition vehicle i
2085836,POCH,"POCHE TECHNOLOGY CO., Ltd",poche technology co
2085932,ETSS-WT,Energy Transition Special Opportunities,energy transition special opportunities
2085932,ETSS-UN,Energy Transition Special Opportunities,energy transition special opportunities
2085932,ETSS,Energy Transition Special Opportunities,energy transition special opportunities
2086017,BAVA,Bitwise Avalanche ETF,bitwise avalanche etf
2086263,SORNW,Soren Acquisition Corp.,soren acquisition
2086263,SORNU,Soren Acquisition Corp.,soren acquisition
2086263,SORN,Soren Acquisition Corp.,soren acquisition
2086264,VHCPU,Vine Hill Capital Investment Corp. II,vine hill capital investment corp. ii
2086264,VHCP,Vine Hill Capital Investment Corp. II,vine hill capital investment corp. ii
2086264,VHCPW,Vine Hill Capital Investment Corp. II,vine hill capital investment corp. ii
2086438,GHXIU,"Gores Holdings XI, Inc.",gores holdings xi
2086438,GHXI,"Gores Holdings XI, Inc.",gores holdings xi
2086524,KTWOU,K2 Capital Acquisition Corp,k2 capital acquisition
2086524,KTWO,K2 Capital Acquisition Corp,k2 capital acquisition
2086524,KTWOR,K2 Capital Acquisition Corp,k2 capital acquisition
2086545,ARTC,Art Technology Acquisition Corp.,art technology acquisition
2086545,ARTCW,Art Technology Acquisition Corp.,art technology acquisition
2086545,ARTCU,Art Technology Acquisition Corp.,art technology acquisition
2086549,PHAX,Phalanx Acquisition Corp I,phalanx acquisition corp i
2086587,YSS,York Space Systems Inc.,york space systems
2086716,STDN,"Standard Nuclear, Inc.",standard nuclear
2086771,ELE,Elemental Royalty Corp,elemental royalty
2086775,BTECH,BTECH Corp,btech
2086841,CBAT,CBAK Energy Technology Ltd,cbak energy technology
2086869,RLMLF,RESOLUTION MINERALS LTD/ADR,resolution minerals ltd/adr
2086869,RSMIY,RESOLUTION MINERALS LTD/ADR,resolution minerals ltd/adr
2087064,MARH,Starrygazey Inc.,starrygazey
2087087,BIII,Black Spade Acquisition III Co,black spade acquisition iii
2087087,BIII-UN,Black Spade Acquisition III Co,black spade acquisition iii
2087087,BIII-WT,Black Spade Acquisition III Co,black spade acquisition iii
2087361,MEVOU,M Evo Global Acquisition Corp II,m evo global acquisition corp ii
2087361,MEVOW,M Evo Global Acquisition Corp II,m evo global acquisition corp ii
2087361,MEVO,M Evo Global Acquisition Corp II,m evo global acquisition corp ii
2087398,TMCR,Metals Royalty Co Inc.,metals royalty
2087419,PNSB,"PSB Financial, Inc.",psb financial
2087446,PAACU,Proem Acquisition Corp. I,proem acquisition corp. i
2087446,PAACW,Proem Acquisition Corp. I,proem acquisition corp. i
2087446,PAAC,Proem Acquisition Corp. I,proem acquisition corp. i
2087447,ZKPU,Lafayette Digital Acquisition Corp. I,lafayette digital acquisition corp. i
2087447,ZKPW,Lafayette Digital Acquisition Corp. I,lafayette digital acquisition corp. i
2087447,ZKP,Lafayette Digital Acquisition Corp. I,lafayette digital acquisition corp. i
2087450,LEGO-WT,Legato Merger Corp. IV,legato merger corp. iv
2087450,LEGO,Legato Merger Corp. IV,legato merger corp. iv
2087450,LEGO-UN,Legato Merger Corp. IV,legato merger corp. iv
2087500,NHKGF,NHK Spring Co. Ltd/ADR,nhk spring co. ltd/adr
2087500,NHKSY,NHK Spring Co. Ltd/ADR,nhk spring co. ltd/adr
2087587,CSHRW,CoinShares PLC,coinshares plc
2087587,CSHR,CoinShares PLC,coinshares plc
2087716,RKAM,"ROKIT America, Inc.",rokit america
2087840,ZJLMF,"Zhejiang Leapmotor Technology Co., Ltd./ADR","zhejiang leapmotor technology co., ltd./adr"
2087840,ZGJLY,"Zhejiang Leapmotor Technology Co., Ltd./ADR","zhejiang leapmotor technology co., ltd./adr"
2087843,GGPSF,Greatland Resources Limited/ADR,greatland resources limited/adr
2087843,GTLRY,Greatland Resources Limited/ADR,greatland resources limited/adr
2087844,MSSHY,Mitsui-Soko Holdings Co Limited/ADR,mitsui-soko holdings co limited/adr
2087844,MSOKF,Mitsui-Soko Holdings Co Limited/ADR,mitsui-soko holdings co limited/adr
2087852,SBKLF,Sumitomo Bakelite Co Limited/ADR,sumitomo bakelite co limited/adr
2087852,SBCLY,Sumitomo Bakelite Co Limited/ADR,sumitomo bakelite co limited/adr
2087856,AKCLY,Aica Kogyo Co Limited/ADR,aica kogyo co limited/adr
2087856,AIKCF,Aica Kogyo Co Limited/ADR,aica kogyo co limited/adr
2087965,CAES,"Cantor Equity Partners VII, Inc.",cantor equity partners vii
2087989,YSAU,Texas Precious Metals Trust,texas precious metals trust
2087989,YSAG,Texas Precious Metals Trust,texas precious metals trust
2088103,XFLH-RI,XFLH Capital Corp,xflh capital
2088103,XFLH-UN,XFLH Capital Corp,xflh capital
2088103,XFLH,XFLH Capital Corp,xflh capital
2088139,BHYP,Bitwise Hyperliquid ETF,bitwise hyperliquid etf
2088256,HQ,Horizon Quantum Holdings Ltd.,horizon quantum holdings
2088256,HQWWW,Horizon Quantum Holdings Ltd.,horizon quantum holdings
2088281,MFP,"Midera Food Processing, Inc.",midera food processing
2088295,BBCQW,Bleichroeder Acquisition Corp. II,bleichroeder acquisition corp. ii
2088295,BBCQ,Bleichroeder Acquisition Corp. II,bleichroeder acquisition corp. ii
2088295,BBCQU,Bleichroeder Acquisition Corp. II,bleichroeder acquisition corp. ii
2088325,OIMAU,OneIM Acquisition Corp.,oneim acquisition
2088325,OIMAW,OneIM Acquisition Corp.,oneim acquisition
2088325,OIM,OneIM Acquisition Corp.,oneim acquisition
2088339,OBIBF,"OBIC Business Consultants Co., Ltd./ADR","obic business consultants co., ltd./adr"
2088339,OBBCY,"OBIC Business Consultants Co., Ltd./ADR","obic business consultants co., ltd./adr"
2088375,TRBG,Turbogen Ltd.,turbogen
2088626,PECEW,Peace Acquisition Corp.,peace acquisition
2088626,PECE,Peace Acquisition Corp.,peace acquisition
2088626,PECEU,Peace Acquisition Corp.,peace acquisition
2088626,PECER,Peace Acquisition Corp.,peace acquisition
2088688,EXCBF,Excalibur Metals Corp.,excalibur metals
2088749,KBONU,Karbon Capital Partners Corp.,karbon capital partners
2088749,KBON,Karbon Capital Partners Corp.,karbon capital partners
2088749,KBONW,Karbon Capital Partners Corp.,karbon capital partners
2088776,ZSHOF,"Zensho Holdings Co., Ltd./ADR","zensho holdings co., ltd./adr"
2088776,ZSHLY,"Zensho Holdings Co., Ltd./ADR","zensho holdings co., ltd./adr"
2088805,CMII,Columbus Circle Capital Corp II,columbus circle capital corp ii
2088805,CMIIU,Columbus Circle Capital Corp II,columbus circle capital corp ii
2088805,CMIIW,Columbus Circle Capital Corp II,columbus circle capital corp ii
2088807,XSLLU,Xsolla SPAC 1,xsolla spac 1
2088807,XSLL,Xsolla SPAC 1,xsolla spac 1
2088807,XSLLW,Xsolla SPAC 1,xsolla spac 1
2088827,HRBAY,"Horiba, Ltd./ADR","horiba, ltd./adr"
2088827,HRIBF,"Horiba, Ltd./ADR","horiba, ltd./adr"
2088896,XE,"X-Energy, Inc.",x-energy
2089174,PCCOF,Paltac Corporation/ADR,paltac corporation/adr
2089174,PTAXY,Paltac Corporation/ADR,paltac corporation/adr
2089271,HONA,Honeywell Aerospace Inc.,honeywell aerospace
2089283,NUCL,Eagle Nuclear Energy Corp.,eagle nuclear energy
2089283,NUCLW,Eagle Nuclear Energy Corp.,eagle nuclear energy
2089488,SVNHF,SUNEVISION HOLDINGS/ADR,sunevision holdings/adr
2089488,SNEVY,SUNEVISION HOLDINGS/ADR,sunevision holdings/adr
2089499,GLVPY,GLENVEAGH PROPERTIES PLC/ADR,glenveagh properties plc/adr
2089499,GLVHF,GLENVEAGH PROPERTIES PLC/ADR,glenveagh properties plc/adr
2089506,TOETF,TOSEI CORP/ADR,tosei corp/adr
2089506,TEICY,TOSEI CORP/ADR,tosei corp/adr
2089509,JELLF,JEOL LTD/ADR,jeol ltd/adr
2089536,CEPS,"Cantor Equity Partners VI, Inc.",cantor equity partners vi
2089661,SUNC,SunocoCorp LLC,sunococorp
2089778,PNIG,Pacipic Nexus IntelliTech Group,pacipic nexus intellitech group
2089855,TKNZ,T. Rowe Price Active Crypto ETF,t. rowe price active crypto etf
2089969,BITA,iShares Bitcoin Premium Income ETF,ishares bitcoin premium income etf
2089982,HACQU,HCM IV Acquisition Corp.,hcm iv acquisition
2089982,HACQW,HCM IV Acquisition Corp.,hcm iv acquisition
2089982,HACQ,HCM IV Acquisition Corp.,hcm iv acquisition
2090011,THYP,21Shares Hyperliquid ETF,21shares hyperliquid etf
2090231,MTLPF,Metlen Energy & Metals PLC/ADR,metlen energy & metals plc/adr
2090231,MTMTY,Metlen Energy & Metals PLC/ADR,metlen energy & metals plc/adr
2090312,MBGL,Mobility Global Inc.,mobility global
2090441,IDACW,Iron Dome Acquisition I Corp.,iron dome acquisition i
2090441,IDACU,Iron Dome Acquisition I Corp.,iron dome acquisition i
2090441,IDAC,Iron Dome Acquisition I Corp.,iron dome acquisition i
2090452,FGIIW,FG Imperii Acquisition Corp.,fg imperii acquisition
2090452,FGIIU,FG Imperii Acquisition Corp.,fg imperii acquisition
2090452,FGII,FG Imperii Acquisition Corp.,fg imperii acquisition
2090646,BRUNW,Boost Run Inc.,boost run
2090646,BRUN,Boost Run Inc.,boost run
2090651,CNYGF,Canary Gold Corp.,canary gold
2090787,OHACR,Oceanhawk Acquisition Corp.,oceanhawk acquisition
2090787,OHACU,Oceanhawk Acquisition Corp.,oceanhawk acquisition
2090787,OHAC,Oceanhawk Acquisition Corp.,oceanhawk acquisition
2090910,LAGH,Lagarosse Holdings Ltd,lagarosse holdings
2091017,SSMR,Sunshine Silver Mining & Refining Co,sunshine silver mining & refining
2091024,CLBR,Colombier Acquisition Corp. III,colombier acquisition corp. iii
2091024,CLBR-UN,Colombier Acquisition Corp. III,colombier acquisition corp. iii
2091024,CLBR-WT,Colombier Acquisition Corp. III,colombier acquisition corp. iii
2091028,MTLMY,Metallium Limited/ADR,metallium limited/adr
2091028,MTMCF,Metallium Limited/ADR,metallium limited/adr
2091176,IACOU,Idea Acquisition Corp.,idea acquisition
2091176,IACO,Idea Acquisition Corp.,idea acquisition
2091176,IACOW,Idea Acquisition Corp.,idea acquisition
2091222,SAAQU,Space Asset Acquisition Corp.,space asset acquisition
2091222,SAAQ,Space Asset Acquisition Corp.,space asset acquisition
2091222,SAAQW,Space Asset Acquisition Corp.,space asset acquisition
2091349,TRAX,"First Tracks Biotherapeutics, Inc.",first tracks biotherapeutics
2091467,BGSI,Boyd Group Services Inc.,boyd group services
2091484,GLED-UN,GalaxyEdge Acquisition Corp,galaxyedge acquisition
2091484,GLED-RI,GalaxyEdge Acquisition Corp,galaxyedge acquisition
2091484,GLED,GalaxyEdge Acquisition Corp,galaxyedge acquisition
2091521,MDAT,Web3Labs Global Inc.,web3labs global
2091585,LKYLY,Locksley Resources Limited/ADR,locksley resources limited/adr
2091585,LKYRF,Locksley Resources Limited/ADR,locksley resources limited/adr
2091663,CDTHY,CONDUIT HOLDINGS LTD/ADR,conduit holdings ltd/adr
2091663,CNDHF,CONDUIT HOLDINGS LTD/ADR,conduit holdings ltd/adr
2091712,RFAMR,RF Acquisition Corp III,rf acquisition corp iii
2091712,RFAMU,RF Acquisition Corp III,rf acquisition corp iii
2091712,RFAM,RF Acquisition Corp III,rf acquisition corp iii
2092243,JAYGF,Blue Jay Gold Corp.,blue jay gold
2092248,NGCOY,"Nagase & Co., Ltd./ADR","nagase & co., ltd./adr"
2092248,NGSCF,"Nagase & Co., Ltd./ADR","nagase & co., ltd./adr"
2092252,RENGY,"Rengo Co., Ltd./ADR","rengo co., ltd./adr"
2092252,RNGOF,"Rengo Co., Ltd./ADR","rengo co., ltd./adr"
2092258,AWATY,Air Water Inc./ADR,air water inc./adr
2092258,AWTRF,Air Water Inc./ADR,air water inc./adr
2092287,TKDG,3KNIGHTS DYNAMICS GROUP Ltd,3knights dynamics group
2092291,TIWD,Timwood Holdings Ltd,timwood holdings
2092314,WATR,Air Water Ventures Ltd,air water ventures
2092446,AVAT,Avalanche Treasury Corp,avalanche treasury
2092574,SWMR,"Swarmer, Inc",swarmer
2092897,AACI,Armada Acquisition Corp. III,armada acquisition corp. iii
2092897,AACIU,Armada Acquisition Corp. III,armada acquisition corp. iii
2092897,AACIW,Armada Acquisition Corp. III,armada acquisition corp. iii
2092967,FRTT,Fort Technology Inc,fort technology
2093101,RNA,"Atrium Therapeutics, Inc.",atrium therapeutics
2093227,SMGSY,SMG Swiss Marketplace Group AG/ADR,smg swiss marketplace group ag/adr
2093314,ORNJY,OranjeBTC S.A. Educacao E Investmentimento/ADR,oranjebtc s.a. educacao e investmentimento/adr
2093484,MUZEW,Muzero Acquisition Corp,muzero acquisition
2093484,MUZEU,Muzero Acquisition Corp,muzero acquisition
2093484,MUZE,Muzero Acquisition Corp,muzero acquisition
2093507,GLNDW,Greenland Energy Co,greenland energy
2093507,GLND,Greenland Energy Co,greenland energy
2093524,APURR,Aperture AC,aperture ac
2093524,APUR,Aperture AC,aperture ac
2093536,ARXS,"Arxis, Inc.",arxis
2093618,NBKBY,Noba Bank Group AG/ADR,noba bank group ag/adr
2093654,ZJNGF,Zijin Gold International Co Limited/ADR,zijin gold international co limited/adr
2093654,ZJGIY,Zijin Gold International Co Limited/ADR,zijin gold international co limited/adr
2093667,MRUWY,"Maruwa Co., Ltd./ADR","maruwa co., ltd./adr"
2093667,MAWAF,"Maruwa Co., Ltd./ADR","maruwa co., ltd./adr"
2093856,APXCF,APEX CRITICAL METALS CORP.,apex critical metals
2093907,RNKGF,RENK Group AG/ADR,renk group ag/adr
2093907,RKGRY,RENK Group AG/ADR,renk group ag/adr
2093912,PTORU,Praetorian Acquisition Corp.,praetorian acquisition
2093912,PTORW,Praetorian Acquisition Corp.,praetorian acquisition
2093912,PTOR,Praetorian Acquisition Corp.,praetorian acquisition
2093976,NEUC,Neucleus Group Ltd,neucleus group
2094073,CTAAR,Clearthink 1 Acquisition Corp.,clearthink 1 acquisition
2094073,CTAAU,Clearthink 1 Acquisition Corp.,clearthink 1 acquisition
2094073,CTAA,Clearthink 1 Acquisition Corp.,clearthink 1 acquisition
2094076,OTAI-UN,Starlink AI Acquisition Corp,starlink ai acquisition
2094076,OTAI-RI,Starlink AI Acquisition Corp,starlink ai acquisition
2094076,OTAI,Starlink AI Acquisition Corp,starlink ai acquisition
2094100,MDCOY,PT Medco Energi Internasional Tbk/ADR,pt medco energi internasional tbk/adr
2094107,BSPA,"Ballston Spa Bancorp, Inc.",ballston spa bancorp
2094201,DPCDF,DPC DASH LTD/ADR,dpc dash ltd/adr
2094201,DPDSY,DPC DASH LTD/ADR,dpc dash ltd/adr
2094256,CLYD,"BEACON TOPCO, INC.",beacon topco
2094265,MLAA,Mountain Lake Acquisition Corp. II,mountain lake acquisition corp. ii
2094265,MLAAU,Mountain Lake Acquisition Corp. II,mountain lake acquisition corp. ii
2094265,MLAAW,Mountain Lake Acquisition Corp. II,mountain lake acquisition corp. ii
2094433,RMIX,"Suncrete, Inc.",suncrete
2094496,SECZ,Securitize Corp.,securitize
2094687,CRAUY,"Chery Automobile Co., Ltd./ADR","chery automobile co., ltd./adr"
2094687,CRYAF,"Chery Automobile Co., Ltd./ADR","chery automobile co., ltd./adr"
2094691,OBCKF,Ottobock SE & Co. KGaA/ADR,ottobock se & co. kgaa/adr
2094691,OBOCY,Ottobock SE & Co. KGaA/ADR,ottobock se & co. kgaa/adr
2094692,VSRPF,Verisure plc/ADR,verisure plc/adr
2094900,TGRGF,Tiger Gold Corp.,tiger gold
2094919,BID,Tribeca Strategic Acquisition Corp.,tribeca strategic acquisition
2094919,BIDWR,Tribeca Strategic Acquisition Corp.,tribeca strategic acquisition
2094919,BIDWU,Tribeca Strategic Acquisition Corp.,tribeca strategic acquisition
2094989,RUIH,RUI Holdings Inc,rui holdings
2095096,ENRD,Einride AB,einride ab
2095096,ENRDW,Einride AB,einride ab
2095150,CHON,ChainOn Group Ltd,chainon group
2095161,DBCAW,D. Boral Acquisition I Corp.,d. boral acquisition i
2095161,DBCAU,D. Boral Acquisition I Corp.,d. boral acquisition i
2095161,DBCA,D. Boral Acquisition I Corp.,d. boral acquisition i
2095292,BVENY,Brava Energia S.A.,brava energia s.a
2095297,KPET-WT,KPET Ultra Paceline Corp,kpet ultra paceline
2095297,KPET-UN,KPET Ultra Paceline Corp,kpet ultra paceline
2095297,KPET,KPET Ultra Paceline Corp,kpet ultra paceline
2095443,BREZR,Breeze Acquisition Corp. II,breeze acquisition corp. ii
2095443,BREZ,Breeze Acquisition Corp. II,breeze acquisition corp. ii
2095743,REA,"Rare Earths Americas, Inc.",rare earths americas
2096300,AVEX,AEVEX Corp.,aevex
2096362,AIAI,AIAI Holdings Corp,aiai holdings
2096533,NATNF,Nation Gold Corp.,nation gold
2096755,TVIVU,Texas Ventures Acquisition IV Corp,texas ventures acquisition iv
2096755,TVIV,Texas Ventures Acquisition IV Corp,texas ventures acquisition iv
2096755,TVIVW,Texas Ventures Acquisition IV Corp,texas ventures acquisition iv
2096861,SIND,Sinda Ltd.,sinda
2096900,ACAA,Averin Capital Acquisition Corp.,averin capital acquisition
2096900,ACAAW,Averin Capital Acquisition Corp.,averin capital acquisition
2096900,ACAAU,Averin Capital Acquisition Corp.,averin capital acquisition
2096997,KLRA,"Kailera Therapeutics, Inc.",kailera therapeutics
2097163,XNDU,Xanadu Quantum Technologies Ltd,xanadu quantum technologies
2097288,BHAVR,BHAV Acquisition Corp,bhav acquisition
2097288,BHAVU,BHAV Acquisition Corp,bhav acquisition
2097288,BHAV,BHAV Acquisition Corp,bhav acquisition
2097364,TMTSW,Spartacus Acquisition Corp. II,spartacus acquisition corp. ii
2097364,TMTSU,Spartacus Acquisition Corp. II,spartacus acquisition corp. ii
2097364,TMTS,Spartacus Acquisition Corp. II,spartacus acquisition corp. ii
2097376,MZYX-WT,MOZAYYX Acquisition Corp.,mozayyx acquisition
2097376,MZYX,MOZAYYX Acquisition Corp.,mozayyx acquisition
2097376,MZYX-UN,MOZAYYX Acquisition Corp.,mozayyx acquisition
2097388,ININ,Sin Lian Seng Construction,sin lian seng construction
2097461,BORAY,"Bora Pharmaceuticals Co., Ltd./ADR","bora pharmaceuticals co., ltd./adr"
2097508,BLDC,"Blockfusion Digital Infrastructure, Inc.",blockfusion digital infrastructure
2097702,GOW,GOWell Energy Technology,gowell energy technology
2097725,AIIR,AIR Global PLC,air global plc
2097986,FTHAW,Forefront Tech Holdings Acquisition Corp,forefront tech holdings acquisition
2097986,FTHAU,Forefront Tech Holdings Acquisition Corp,forefront tech holdings acquisition
2097986,FTHA,Forefront Tech Holdings Acquisition Corp,forefront tech holdings acquisition
2098242,SVIVU,Spring Valley Acquisition Corp. IV,spring valley acquisition corp. iv
2098242,SVIV,Spring Valley Acquisition Corp. IV,spring valley acquisition corp. iv
2098242,SVIVW,Spring Valley Acquisition Corp. IV,spring valley acquisition corp. iv
2098324,SWBKY,Shawbrook Group plc/ADR,shawbrook group plc/adr
2098324,SWBGF,Shawbrook Group plc/ADR,shawbrook group plc/adr
2098326,SNHIY,"Sany Heavy Industries Co., Ltd./ADR","sany heavy industries co., ltd./adr"
2098332,MDKGY,Merdeka Gold Resources Tbk PT/ADR,merdeka gold resources tbk pt/adr
2098381,LNTCY,"Lens Technology Co., Ltd./ADR","lens technology co., ltd./adr"
2098395,IMC,IMC Rare Earths Ltd,imc rare earths
2098397,ANJFY,"Anjoy Foods Group Co., Ltd./ADR","anjoy foods group co., ltd./adr"
2098425,BGTCF,"Beijing Geekplus Technology Co., Ltd./ADR","beijing geekplus technology co., ltd./adr"
2098425,BJGPY,"Beijing Geekplus Technology Co., Ltd./ADR","beijing geekplus technology co., ltd./adr"
2098430,MAIR,Madison Air Solutions Corp,madison air solutions
2098669,UAC-WT,United Acquisition Corp. I,united acquisition corp. i
2098669,UAC,United Acquisition Corp. I,united acquisition corp. i
2098669,UAC-UN,United Acquisition Corp. I,united acquisition corp. i
2098707,BRKHW,Burtech Acquisition Corp II,burtech acquisition corp ii
2098707,BRKHU,Burtech Acquisition Corp II,burtech acquisition corp ii
2098707,BRKH,Burtech Acquisition Corp II,burtech acquisition corp ii
2098710,FRTRY,"Fortior Technology (Shenzhen) Co., Ltd./ADR","fortior technology (shenzhen) co., ltd./adr"
2098712,GIX,GigCapital9 Corp.,gigcapital9
2098712,GIXXR,GigCapital9 Corp.,gigcapital9
2098712,GIXXU,GigCapital9 Corp.,gigcapital9
2098780,TRGSR,TRG Latin America Acquisitions Corp.,trg latin america acquisitions
2098780,TRGS,TRG Latin America Acquisitions Corp.,trg latin america acquisitions
2098780,TRGSU,TRG Latin America Acquisitions Corp.,trg latin america acquisitions
2098860,SICCY,"SICC Co., Ltd./ADR","sicc co., ltd./adr"
2099039,WSE,Wise Group plc,wise group plc
2099093,HCIC,Hennessy Capital Investment Corp. VIII,hennessy capital investment corp. viii
2099093,HCICU,Hennessy Capital Investment Corp. VIII,hennessy capital investment corp. viii
2099093,HCICR,Hennessy Capital Investment Corp. VIII,hennessy capital investment corp. viii
2099095,PTACW,Patriot Acquisition Corp./CI,patriot acquisition corp./ci
2099095,PTAC,Patriot Acquisition Corp./CI,patriot acquisition corp./ci
2099095,PTACU,Patriot Acquisition Corp./CI,patriot acquisition corp./ci
2099103,ETHB,iShares Staked Ethereum Trust ETF,ishares staked ethereum trust etf
2099232,FMACR,Future Money Acquisition Corp,future money acquisition
2099232,FMAC,Future Money Acquisition Corp,future money acquisition
2099232,FMACU,Future Money Acquisition Corp,future money acquisition
2099326,SGPIY,"Seres Group Co., Ltd./ADR","seres group co., ltd./adr"
2099338,MSAV,MSAV Holdings Ltd,msav holdings
2099656,HLXC,Helix Acquisition Corp. III,helix acquisition corp. iii
2099681,MOT,MetaOptics Ltd,metaoptics
2099727,INEOF,INEO Tech Corp.,ineo tech
2099767,NHIV,NewHold Investment Corp IV,newhold investment corp iv
2099767,NHIVU,NewHold Investment Corp IV,newhold investment corp iv
2099767,NHIVW,NewHold Investment Corp IV,newhold investment corp iv
2099818,YARRF,Pirate Gold Corp.,pirate gold
2099906,AACOW,Abony Acquisition Corp. I,abony acquisition corp. i
2099906,AACOU,Abony Acquisition Corp. I,abony acquisition corp. i
2099906,AACO,Abony Acquisition Corp. I,abony acquisition corp. i
2100125,CAQUU,Cambridge Acquisition Corp.,cambridge acquisition
2100125,CAQ,Cambridge Acquisition Corp.,cambridge acquisition
2100125,CAQUW,Cambridge Acquisition Corp.,cambridge acquisition
2100161,BXDC,Blackstone Digital Infrastructure Trust Inc.,blackstone digital infrastructure trust
2100457,AIBZ,Bitzero Holdings Inc.,bitzero holdings
2100603,MPJPY,Metaplanet Inc.,metaplanet
2100603,MTPLF,Metaplanet Inc.,metaplanet
2100704,EWAV,East West Ave Acquisition Corp.,east west ave acquisition
2100782,GENB,"Generate Biomedicines, Inc.",generate biomedicines
2100805,JAN,"Janus Living, Inc.",janus living
2100835,NYB,NYB Holdings Ltd,nyb holdings
2101135,ILLUW,Illumination Acquisition Corp. I,illumination acquisition corp. i
2101135,ILLUU,Illumination Acquisition Corp. I,illumination acquisition corp. i
2101135,ILLU,Illumination Acquisition Corp. I,illumination acquisition corp. i
2101240,SNSC,SunScout Holding Ltd,sunscout holding
2101393,APMCU,AmperCap Acquisition Co,ampercap acquisition
2101393,APMCR,AmperCap Acquisition Co,ampercap acquisition
2101393,APMC,AmperCap Acquisition Co,ampercap acquisition
2101411,WSAT,WISeSat.Space Holdings Corp.,wisesat.space holdings
2101470,WLCO,Wilco 63 Corp,wilco 63
2101470,WLCOU,Wilco 63 Corp,wilco 63
2101562,PALO,PALOMA ACQUISITION CORP I,paloma acquisition corp i
2101562,PALOU,PALOMA ACQUISITION CORP I,paloma acquisition corp i
2101562,PALOW,PALOMA ACQUISITION CORP I,paloma acquisition corp i
2101698,ELMT,Elmet Group Co.,elmet group
2101833,NANO,ATII Holdings Inc.,atii holdings
2101973,AFNDY,Allfunds Group PLC./ADR,allfunds group plc./adr
2102041,IPFXW,Inflection Point Acquisition Corp. VI,inflection point acquisition corp. vi
2102041,IPFX,Inflection Point Acquisition Corp. VI,inflection point acquisition corp. vi
2102041,IPFXU,Inflection Point Acquisition Corp. VI,inflection point acquisition corp. vi
2102123,AACPW,Apogee Acquisition Corp,apogee acquisition
2102123,AACP,Apogee Acquisition Corp,apogee acquisition
2102123,AACPR,Apogee Acquisition Corp,apogee acquisition
2102123,AACPU,Apogee Acquisition Corp,apogee acquisition
2102155,QLEP,Quantum Leap Acquisition Corp,quantum leap acquisition
2102155,QLEP-WT,Quantum Leap Acquisition Corp,quantum leap acquisition
2102593,NRGFF,AE Fuels Corp,ae fuels
2102713,KCAC-UN,Kensington Capital Acquisition Corp. VI,kensington capital acquisition corp. vi
2102713,KCAC-WT,Kensington Capital Acquisition Corp. VI,kensington capital acquisition corp. vi
2102713,KCA-UN,Kensington Capital Acquisition Corp. VI,kensington capital acquisition corp. vi
2102720,TARX,Tarsier Pharma Ltd.,tarsier pharma
2102771,KEYYW,Keystone Acquisition Corp.,keystone acquisition
2102771,KEYYU,Keystone Acquisition Corp.,keystone acquisition
2102771,KEYY,Keystone Acquisition Corp.,keystone acquisition
2102907,RML,Resolution Minerals Ltd,resolution minerals
2102972,FFGG,FF Global Holdings Ltd,ff global holdings
2103029,SKAI,Sky Acquisition Group,sky acquisition group
2103596,GFTFF,Grafton Resources Inc.,grafton resources
2103612,MSBT,Morgan Stanley Bitcoin Trust,morgan stanley bitcoin trust
2103884,CONE,"Compass Sub North, Inc.",compass sub north
2104032,SUCH,Suchness Tech Ltd,suchness tech
2104052,NVRI,Enviri Corp,enviri
2104177,LTGRU,Long Table Growth Corp.,long table growth
2104177,LTGR,Long Table Growth Corp.,long table growth
2104204,ALMR,"Alamar Biosciences, Inc.",alamar biosciences
2104260,WENC-UN,West Enclave Merger Corp.,west enclave merger
2104260,WENC-RI,West Enclave Merger Corp.,west enclave merger
2104260,WENC,West Enclave Merger Corp.,west enclave merger
2104277,HNUC,Holtec Nuclear Corp,holtec nuclear
2104296,TP,Ticketplus Ltd.,ticketplus
2104391,CATL,Catalyst Acquisition Corp.,catalyst acquisition
2104879,SHOTR,RMG ML Sports Holdings,rmg ml sports holdings
2104879,SHOTU,RMG ML Sports Holdings,rmg ml sports holdings
2104879,SHOT,RMG ML Sports Holdings,rmg ml sports holdings
2104882,EROK,"EagleRock Land, LLC",eaglerock land
2104943,EFGH,Embed Financial Group Holdings,embed financial group holdings
2105139,ADIG,ADI GLOBAL DISTRIBUTION INC.,adi global distribution
2105274,IPVVU,"InterPrivate Investment Partners V, Inc.",interprivate investment partners v
2105274,IPVV,"InterPrivate Investment Partners V, Inc.",interprivate investment partners v
2105318,GDMT,Gold Mountain Acquisition Corp.,gold mountain acquisition
2105398,CSQR,"Csquare, Inc.",csquare
2105838,SUMA,SUMA Acquisition Corp,suma acquisition
2105838,SUMAU,SUMA Acquisition Corp,suma acquisition
2105838,SUMAR,SUMA Acquisition Corp,suma acquisition
2106126,EURBF,Eurobank SA/ADR,eurobank sa/adr
2106436,MRCOU,Mercator Acquisition Corp.,mercator acquisition
2106436,MRCO,Mercator Acquisition Corp.,mercator acquisition
2106613,QNC,Quantum eMotion Corp,quantum emotion
2106762,GBNB,Grayscale BNB ETF,grayscale bnb etf
2107018,DPC,DPC Holdings Ltd,dpc holdings
2107375,SSHBY,"SBI Shinsei Bank, Limited/ADR","sbi shinsei bank, limited/adr"
2107724,MTAL-WT,Metals Acquisition Corp. II,metals acquisition corp. ii
2107724,MTAL-UN,Metals Acquisition Corp. II,metals acquisition corp. ii
2107724,MTAL,Metals Acquisition Corp. II,metals acquisition corp. ii
2107730,HYPG,Grayscale Hyperliquid Staking ETF,grayscale hyperliquid staking etf
2107946,YKCLY,Yamato Kogyo Co. Ltd/ADR,yamato kogyo co. ltd/adr
2107946,YMTKF,Yamato Kogyo Co. Ltd/ADR,yamato kogyo co. ltd/adr
2107960,SWCPF,SWCC Corp/ADR,swcc corp/adr
2107968,WQEY,WISeKey International Corp.,wisekey international
2107989,KELRF,Keisei Electric Railway Co. Ltd/ADR,keisei electric railway co. ltd/adr
2107989,KERCY,Keisei Electric Railway Co. Ltd/ADR,keisei electric railway co. ltd/adr
2108124,ODERF,"Odakyu Electric Railway Co., Ltd./ADR","odakyu electric railway co., ltd./adr"
2108124,ODKUY,"Odakyu Electric Railway Co., Ltd./ADR","odakyu electric railway co., ltd./adr"
2108164,PONO,"Pono Capital Four, Inc.",pono capital four
2108164,PONOR,"Pono Capital Four, Inc.",pono capital four
2108164,PONOU,"Pono Capital Four, Inc.",pono capital four
2108180,NOFCF,NOF Corporation/ADR,nof corporation/adr
2108185,YMATF,Azbil Corporation/ADR,azbil corporation/adr
2108185,AZBLY,Azbil Corporation/ADR,azbil corporation/adr
2108383,SCOP,Sprott Physical Copper Trust,sprott physical copper trust
2108962,GCGR,General Catalyst Global Resilience Merger Corp.,general catalyst global resilience merger
2108962,GCGRW,General Catalyst Global Resilience Merger Corp.,general catalyst global resilience merger
2108962,GCGRU,General Catalyst Global Resilience Merger Corp.,general catalyst global resilience merger
2109150,INIO,INNIO N.V.,innio n.v
2109234,BLMOY,BELIMO Holding AG/ADR,belimo holding ag/adr
2109234,BLHWF,BELIMO Holding AG/ADR,belimo holding ag/adr
2109545,KNWAY,Knowledge Atlas Technology Joint Stock Co Limited/ADR,knowledge atlas technology joint stock co limited/adr
2109545,KATJF,Knowledge Atlas Technology Joint Stock Co Limited/ADR,knowledge atlas technology joint stock co limited/adr
2109547,GIDHF,GigaDevice Semiconductor Inc./ADR,gigadevice semiconductor inc./adr
2109556,MNMXF,Minimax Group Inc./ADR,minimax group inc./adr
2109556,MMXGY,Minimax Group Inc./ADR,minimax group inc./adr
2109559,JNGDY,"Jingdong Industrials, Inc./ADR","jingdong industrials, inc./adr"
2109666,EXOSF,Exosens SAS/ADR,exosens sas/adr
2109801,VAT,"VARSAL TECH, INC.",varsal tech
2109823,LEDR,Leader's Advantage Acquisition Corp.,leader's advantage acquisition
2109869,XLAB,D. Boral ARC Merger Corp,d. boral arc merger
2109876,MCAHU,Mountain Crest Acquisition 6 Corp.,mountain crest acquisition 6
2109876,MCAH,Mountain Crest Acquisition 6 Corp.,mountain crest acquisition 6
2109876,MCAHR,Mountain Crest Acquisition 6 Corp.,mountain crest acquisition 6
2110029,EROC,"ERock, Inc.",erock
2110105,QNT,Quantinuum Inc.,quantinuum
2110117,ITG,"ITG, Inc./DE/","itg, inc./de/"
2110119,AMACU,AMR Resources Acquisition Corp.,amr resources acquisition
2110119,AMAC,AMR Resources Acquisition Corp.,amr resources acquisition
2110423,DTSS,Datasea Intelligent Technology Ltd.,datasea intelligent technology
2110583,AELKY,ASELSAN Elektronik Sanayi ve Ticaret Anonim Sirketi/ADR,aselsan elektronik sanayi ve ticaret anonim sirketi/adr
2111009,AVAC,American Ventures Acquisition Corp. I,american ventures acquisition corp. i
2111038,DGAC,DISCIPLINED GROWTH ACQUISITION Corp,disciplined growth acquisition
2111038,DGAC-UN,DISCIPLINED GROWTH ACQUISITION Corp,disciplined growth acquisition
2111038,DGAC-RI,DISCIPLINED GROWTH ACQUISITION Corp,disciplined growth acquisition
2111453,VUECF,Verdera Energy Corp.,verdera energy
2111542,ACGC,ACP Holdings Acquisition Corp.,acp holdings acquisition
2111542,ACGCW,ACP Holdings Acquisition Corp.,acp holdings acquisition
2111542,ACGCU,ACP Holdings Acquisition Corp.,acp holdings acquisition
2111762,GSRV,GSR V Acquisition Corp.,gsr v acquisition
2111762,GSRVR,GSR V Acquisition Corp.,gsr v acquisition
2111762,GSRVU,GSR V Acquisition Corp.,gsr v acquisition
2111790,SHILY,Shanghai Iluvatar CoreX Semiconductor Co Ltd/ADR,shanghai iluvatar corex semiconductor co ltd/adr
2111846,GYGY,Game Your Game Inc.,game your game
2111860,XTND,"Xtend AI Robotics, Inc.",xtend ai robotics
2112446,JATT,JATT II Acquisition Corp.,jatt ii acquisition
2112457,AMAN,Amanat Acquisition Corp.,amanat acquisition
2112466,SIAI,Silentium Ltd.,silentium
2113060,IQMX,IQM Quantum Computers Oyj,iqm quantum computers oyj
2113060,IQMXW,IQM Quantum Computers Oyj,iqm quantum computers oyj
2113481,OSPRU,Osprey Acquisition Corp. III,osprey acquisition corp. iii
2113481,OSPR,Osprey Acquisition Corp. III,osprey acquisition corp. iii
2113605,CHWM,Chilwa Minerals Ltd,chilwa minerals
2113853,TELYF,TELYRX HOLDINGS INC.,telyrx holdings
2114044,COAG,"Hemab Therapeutics Holdings, Inc.",hemab therapeutics holdings
2114227,CXIIU,Churchill Capital Corp XII,churchill capital corp xii
2114227,CXII,Churchill Capital Corp XII,churchill capital corp xii
2114227,CXIIW,Churchill Capital Corp XII,churchill capital corp xii
2114229,XIII,Churchill Capital Corp XIII,churchill capital corp xiii
2114463,APBD,AParadise II Acquisition Corp.,aparadise ii acquisition
2115027,BAGZ,Cryptex Digital Market Cap ETF,cryptex digital market cap etf
2115119,CLBK,"Columbia Financial, Inc./MD/","columbia financial, inc./md/"
2115404,CAII,Collective Acquisition Corp. II,collective acquisition corp. ii
2115404,CAIIW,Collective Acquisition Corp. II,collective acquisition corp. ii
2115404,CAIIU,Collective Acquisition Corp. II,collective acquisition corp. ii
2115436,XOM,ExxonMobil Holdings Corp,exxonmobil holdings
2115899,LTAFF,Lithium Africa Corp.,lithium africa
2116105,FWAC,Futurewave Acquisition Corp,futurewave acquisition
2116105,FWACU,Futurewave Acquisition Corp,futurewave acquisition
2116230,NCOOU,Southern Cross Acquisition I Corp.,southern cross acquisition i
2116230,NCO,Southern Cross Acquisition I Corp.,southern cross acquisition i
2116276,BEJEF,Beijer Ref AB/ADR,beijer ref ab/adr
2117197,CMPLY,Com7 PCL/ADR,com7 pcl/adr
2117702,SICOF,Silverco Mining Ltd.,silverco mining
2118032,RACC,Research Alliance Corp III,research alliance corp iii
2118195,AADX,"Applied Aerospace & Defense, Inc.",applied aerospace & defense
2119292,PSQL,Bleichroeder Acquisition France Merger Sub 2,bleichroeder acquisition france merger sub 2
2119322,DMRC,Digimarc Corp,digimarc
2119416,OP,OpenPayd Global Holdings Ltd,openpayd global holdings
2120046,CVCCF,CVC Capital Partners plc/ADR,cvc capital partners plc/adr
2120046,CVCPY,CVC Capital Partners plc/ADR,cvc capital partners plc/adr
2120422,PFSEF,Pfisterer Holdings SE/ADR,pfisterer holdings se/adr
2120422,PFSTY,Pfisterer Holdings SE/ADR,pfisterer holdings se/adr
2120882,HXSCL,SK hynix Inc.,sk hynix
2120882,SKHY,SK hynix Inc.,sk hynix
2121703,FXACU,FortuneX Acquisition Corp,fortunex acquisition
2121703,FXACW,FortuneX Acquisition Corp,fortunex acquisition
2121703,FXAC,FortuneX Acquisition Corp,fortunex acquisition
2122392,PLCI,Pelican Acquisition II Corp,pelican acquisition ii
2122392,PLCIU,Pelican Acquisition II Corp,pelican acquisition ii
2122505,IACQ,Irenic Acquisition Corp.,irenic acquisition
2122505,IACQW,Irenic Acquisition Corp.,irenic acquisition
2122505,IACQU,Irenic Acquisition Corp.,irenic acquisition
2123232,CMBY,Cumberland Farms Ltd,cumberland farms
2123346,MNTCF,"Montage Technology Co., Ltd./ADR","montage technology co., ltd./adr"
2123346,MNTGY,"Montage Technology Co., Ltd./ADR","montage technology co., ltd./adr"
2123372,WXILY,"Wuxi Lead Intelligent Equipment Co., Ltd./ADR","wuxi lead intelligent equipment co., ltd./adr"
2123471,CCCTU,Columbus Circle Capital Corp III,columbus circle capital corp iii
2123471,CCCT,Columbus Circle Capital Corp III,columbus circle capital corp iii
2123475,ISNRU,Snow Rothschild Acquisition Corp.,snow rothschild acquisition
2123475,ISNR,Snow Rothschild Acquisition Corp.,snow rothschild acquisition
2123524,MUYNY,Muyuan Foods Co. Ltd/ADR,muyuan foods co. ltd/adr
2123531,EBGCY,Eastroc Beverage Group Co. Ltd/ADR,eastroc beverage group co. ltd/adr
2123531,ERBGF,Eastroc Beverage Group Co. Ltd/ADR,eastroc beverage group co. ltd/adr
2123553,ICGSF,ICG Silver & Gold Ltd.,icg silver & gold
2123613,KARD,"Kardigan, Inc.",kardigan
2123955,PNAQ,Pinnacle Acquisition Corp,pinnacle acquisition
2123969,RREV,RRE Ventures Acquisition Corp.,rre ventures acquisition
2123969,RREVU,RRE Ventures Acquisition Corp.,rre ventures acquisition
2123969,RREVW,RRE Ventures Acquisition Corp.,rre ventures acquisition
2124215,TKMSF,TKMS AG & CO. KGAA/ADR,tkms ag & co. kgaa/adr
2124403,VCRE,Vicore Pharma Holding AB,vicore pharma holding ab
2125551,ALPXU,Alpex Acquisition Corp,alpex acquisition
2125551,ALPX,Alpex Acquisition Corp,alpex acquisition
2125551,ALPXW,Alpex Acquisition Corp,alpex acquisition
2125551,ALPXR,Alpex Acquisition Corp,alpex acquisition
2125567,SAMO,Samos Energy Acquisition Corp,samos energy acquisition
2125567,SAMO-UN,Samos Energy Acquisition Corp,samos energy acquisition
2125750,CLCHF,Clinch Resources Ltd.,clinch resources
2125904,SKBBY,"Sichuan Kelun-Biotech Biopharmaceutical Co., Ltd./ADR","sichuan kelun-biotech biopharmaceutical co., ltd./adr"
2125951,BHTGY,"Beijing Haizhi Technology Group Co., Ltd./ADR","beijing haizhi technology group co., ltd./adr"
2126043,CGCFU,Cartesian Growth Corp IV,cartesian growth corp iv
2126043,CGCF,Cartesian Growth Corp IV,cartesian growth corp iv
2126198,XPRO,Expro Ltd,expro
2126221,RECX,"Recreatives Industries, Inc.",recreatives industries
2126620,NTCMY,Natura Cosmeticos S.A./ADR,natura cosmeticos s.a./adr
2127043,JMKE,Jersey Mike's Subs Inc.,jersey mike's subs
2127653,ATALF,American Tungsten & Antimony Ltd,american tungsten & antimony
2127653,ATAYY,American Tungsten & Antimony Ltd,american tungsten & antimony
2127839,BVGLY,Bellevue Gold Ltd./ADR,bellevue gold ltd./adr
2127839,BELGF,Bellevue Gold Ltd./ADR,bellevue gold ltd./adr
2127852,CSGNF,CSG N.V./ADR,csg n.v./adr
2127859,EULLY,EUROPEAN LITHIUM LTD/ADR,european lithium ltd/adr
2127859,EULIF,EUROPEAN LITHIUM LTD/ADR,european lithium ltd/adr
2127860,DTREF,DATELINE RESOURCES LTD/ADR,dateline resources ltd/adr
2127860,DTRSY,DATELINE RESOURCES LTD/ADR,dateline resources ltd/adr
2127861,ELSSF,ELIS S.A./ADR,elis s.a./adr
2127862,BCLGY,BALTIC CLASSIFIEDS GROUP PLC/ADR,baltic classifieds group plc/adr
2128045,BCCQU,Bleichroeder Acquisition Corp. III,bleichroeder acquisition corp. iii
2128045,BCCQ,Bleichroeder Acquisition Corp. III,bleichroeder acquisition corp. iii
2128115,AAC,Ares Acquisition Corp III,ares acquisition corp iii
2128115,AAC-UN,Ares Acquisition Corp III,ares acquisition corp iii
2128448,MTGLY,Mininglamp Technology Group Limited/ADR,mininglamp technology group limited/adr
2128458,JXIRY,Jiaxin International Resources Investment Limited/ADR,jiaxin international resources investment limited/adr
2128462,TLAC,Three Lions Acquisition Corp.,three lions acquisition
2128597,SXTEY,"Shenzhen Xunce Technology Co., Ltd./ADR","shenzhen xunce technology co., ltd./adr"
2128619,TYOEY,Toyo Engineering Corporation/ADR,toyo engineering corporation/adr
2128739,JAB,JAB Acquisition Corp I,jab acquisition corp i
2128739,JABRU,JAB Acquisition Corp I,jab acquisition corp i
2128813,HGZDY,"Hangzhou Diagens Biotechnology Co., Ltd./ADR","hangzhou diagens biotechnology co., ltd./adr"
2129056,JONE,Jones Ventures INTL Acquisition1 Corp,jones ventures intl acquisition1
2129056,JONEU,Jones Ventures INTL Acquisition1 Corp,jones ventures intl acquisition1
2129284,AMEGF,American Eagle Gold Corp.,american eagle gold
2129466,GDHRY,"Guangdong Huayan Robotics Co, Ltd./ADR","guangdong huayan robotics co, ltd./adr"
2129595,TEAC,Tidewise Acquisition Corp,tidewise acquisition
2129659,FDMMU,Freedom Metals Acquisition Corp.,freedom metals acquisition
2129659,FDMM,Freedom Metals Acquisition Corp.,freedom metals acquisition
2130219,HCAX,Hall Chadwick Acquisition Corp II,hall chadwick acquisition corp ii
2130386,YICCW,Yorkville International Capital Corp.,yorkville international capital
2130386,YICCU,Yorkville International Capital Corp.,yorkville international capital
2130386,YICC,Yorkville International Capital Corp.,yorkville international capital
2130606,OBX,"Gazelle Parent, Inc.",gazelle parent
2131040,RVII,Robinhood Ventures Fund II,robinhood ventures fund ii
2131101,PCAI,Powercheck AI Holdings Ltd,powercheck ai holdings
2131322,VGTHY,"Victory Giant Technology (HuiZhou) Co., Ltd./ADR","victory giant technology (huizhou) co., ltd./adr"
2131350,BRTM,B&R Technology Merger Corp.,b&r technology merger
2131350,BRTMU,B&R Technology Merger Corp.,b&r technology merger
2131524,BRVE,"Braveheart Bio, Inc.",braveheart bio
2131812,OPNHY,Open House Group Co. Ltd/ADR,open house group co. ltd/adr
2131812,OPPPF,Open House Group Co. Ltd/ADR,open house group co. ltd/adr
2131813,NWCL,newcleo Ltd.,newcleo
2131853,FTRA,FutureCorp Space Acquisition 1,futurecorp space acquisition 1
2131853,FTRA-UN,FutureCorp Space Acquisition 1,futurecorp space acquisition 1
2131882,MCFN,"McCarthy Finney, Inc.",mccarthy finney
2131961,MNYCY,Manycore Tech Inc./ADR,manycore tech inc./adr
2132082,SIGEY,"Sigenergy Technology Co., Ltd./ADR","sigenergy technology co., ltd./adr"
2133136,MTAKU,Market Technology Acquisition Corp,market technology acquisition
2133136,MTAK,Market Technology Acquisition Corp,market technology acquisition
2133239,SCAT,Southern Cross Acquisition II Corp.,southern cross acquisition ii
2133716,YLUZ,YPF Energia Electrica S.A.,ypf energia electrica s.a
2133810,TIHRF,Tharisa plc,tharisa plc
2133810,THARY,Tharisa plc,tharisa plc
2133836,BDDD,Bridge III Acquisition Ltd,bridge iii acquisition
2133892,KGBMY,Kongsberg Maritime ASA/ADR,kongsberg maritime asa/adr
2133892,KMRRF,Kongsberg Maritime ASA/ADR,kongsberg maritime asa/adr
2134539,ITHEY,Ithaca Energy PLC/ADR,ithaca energy plc/adr
2134539,ITHLF,Ithaca Energy PLC/ADR,ithaca energy plc/adr
2134552,ULIT,US Elemental Inc.,us elemental
2135163,ATAC,Albatross Acquisition Corp,albatross acquisition
2135894,SXZTY,"Shanghai Xizhi Technology Co., Ltd./ADR","shanghai xizhi technology co., ltd./adr"
2135939,NORT,Norient Acquisition,norient acquisition
2136116,HUAQY,Huaqin Co. LTD/ADR,huaqin co. ltd/adr
2136360,MTRL,Material Resource Acquisition Corp.,material resource acquisition
2136449,CSCM,Crestone Strategic Capital Acquisition Corp,crestone strategic capital acquisition
2136530,MIACU,Meridian3 Industrials Acquisition Corp,meridian3 industrials acquisition
2136530,MIAC,Meridian3 Industrials Acquisition Corp,meridian3 industrials acquisition
2137137,BEMPY,Bangkok Expressway & Metro Public Co Limited/ADR,bangkok expressway & metro public co limited/adr
2137358,OSOPF,Osotspa Public Co Limited/ADR,osotspa public co limited/adr
2137679,OCLT,OceanLight Acquisition Corp,oceanlight acquisition
2137754,PRLG,Prologium Holding Inc.,prologium holding
2137777,RACD,Research Alliance Corp IV,research alliance corp iv
2138186,NARA,"Narragansett Bancorp, Inc.",narragansett bancorp
2138369,SIAMY,Siam Global House Public Co Limited/ADR,siam global house public co limited/adr
2138373,CBAGY,Carabao Group Public Co Limited/ADR,carabao group public co limited/adr
2138373,CGPCF,Carabao Group Public Co Limited/ADR,carabao group public co limited/adr
2138474,ZABKY,Zabka Group S.A./ADR,zabka group s.a./adr
2138554,SHNTY,"Shanghai Top Numerical Control Technology Co., Ltd./ADR","shanghai top numerical control technology co., ltd./adr"
2139246,VII-UN,Viking Acquisition Corp. II,viking acquisition corp. ii
2139246,VII-WT,Viking Acquisition Corp. II,viking acquisition corp. ii
2139246,VII,Viking Acquisition Corp. II,viking acquisition corp. ii
2140030,TBCV,"Thunder Bridge Capital Partners V, Ltd.",thunder bridge capital partners v
2140589,LARS,Laris Growth Acquisition Corp.,laris growth acquisition
2140948,LNFGY,Lion Finance Group PLC/ADR,lion finance group plc/adr
2141099,RGAKF,Rigaku Holdings Corporation/ADR,rigaku holdings corporation/adr
2141099,RGKUY,Rigaku Holdings Corporation/ADR,rigaku holdings corporation/adr
2142762,ORGJF,Organo Corporation/ADR,organo corporation/adr
2142762,ORCRY,Organo Corporation/ADR,organo corporation/adr
2144751,CPTKF,Capital Tankers Corp./ADR,capital tankers corp./adr
2144751,CTNKY,Capital Tankers Corp./ADR,capital tankers corp./adr
2144761,MTBOY,Metis TechBio Co Ltd/ADR,metis techbio co ltd/adr
