phase,cik,breach_date,accession,status,path
documents,4904,2018-12-09,0000004904-19-000042,already_on_disk,Data\edgar\item5_02_text\4904\0000004904-19-000042_a09-20198xkitem502dire.htm
documents,4904,2018-12-09,0000004904-17-000017,already_on_disk,Data\edgar\item5_02_text\4904\0000004904-17-000017_a8kdepartureofcertainexecoff.htm
documents,4904,2019-02-18,0000004904-19-000042,already_on_disk,Data\edgar\item5_02_text\4904\0000004904-19-000042_a09-20198xkitem502dire.htm
documents,4904,2019-02-18,0000004904-17-000017,already_on_disk,Data\edgar\item5_02_text\4904\0000004904-17-000017_a8kdepartureofcertainexecoff.htm
documents,8670,2013-04-29,0000950142-13-001766,already_on_disk,Data\edgar\item5_02_text\8670\0000950142-13-001766_eh1301002_8k.htm
documents,8670,2013-04-29,0000950142-12-002159,already_on_disk,Data\edgar\item5_02_text\8670\0000950142-12-002159_eh1201199_8k.htm
documents,8670,2013-04-29,0001171843-12-003874,already_on_disk,Data\edgar\item5_02_text\8670\0001171843-12-003874_document.htm
documents,8670,2013-04-29,0000950142-11-002022,already_on_disk,Data\edgar\item5_02_text\8670\0000950142-11-002022_eh1100889_8k.htm
documents,8670,2013-04-29,0000950142-11-002020,already_on_disk,Data\edgar\item5_02_text\8670\0000950142-11-002020_eh1100888_8k.htm
documents,8670,2013-04-29,0000950142-11-001898,already_on_disk,Data\edgar\item5_02_text\8670\0000950142-11-001898_eh1100824_8k.htm
documents,8670,2013-04-29,0000008670-11-000024,already_on_disk,Data\edgar\item5_02_text\8670\0000008670-11-000024_form8k.htm
documents,8670,2013-04-29,0000950142-11-001656,already_on_disk,Data\edgar\item5_02_text\8670\0000950142-11-001656_eh1100701_form8k.htm
documents,8670,2013-04-29,0000950142-11-001591,already_on_disk,Data\edgar\item5_02_text\8670\0000950142-11-001591_eh1100673_form8k.htm
documents,8670,2013-04-29,0000008670-11-000020,already_on_disk,Data\edgar\item5_02_text\8670\0000008670-11-000020_form8k.htm
documents,8670,2013-04-29,0000950142-11-001005,already_on_disk,Data\edgar\item5_02_text\8670\0000950142-11-001005_eh1100392_form8k.htm
documents,12927,2016-11-21,0000012927-17-000040,already_on_disk,Data\edgar\item5_02_text\12927\0000012927-17-000040_a201706jun258-kdocument.htm
documents,12927,2016-11-21,0000012927-16-000165,already_on_disk,Data\edgar\item5_02_text\12927\0000012927-16-000165_a201611nov218-k.htm
documents,12927,2016-11-21,0000012927-16-000147,already_on_disk,Data\edgar\item5_02_text\12927\0000012927-16-000147_a201610octxx8-kdocument.htm
documents,12927,2016-11-21,0000012927-16-000105,already_on_disk,Data\edgar\item5_02_text\12927\0000012927-16-000105_a201602feb188-k.htm
documents,12927,2016-11-21,0000012927-15-000083,already_on_disk,Data\edgar\item5_02_text\12927\0000012927-15-000083_a201512dec148-kdocument.htm
documents,12927,2016-11-21,0000012927-15-000061,already_on_disk,Data\edgar\item5_02_text\12927\0000012927-15-000061_a201508aug118-kdocument.htm
documents,12927,2016-11-21,0000012927-15-000035,already_on_disk,Data\edgar\item5_02_text\12927\0000012927-15-000035_a201506jun228-kdocument.htm
documents,12927,2016-11-21,0000012927-15-000004,already_on_disk,Data\edgar\item5_02_text\12927\0000012927-15-000004_a201502feb58kdocument.htm
documents,12927,2016-11-21,0000012927-14-000070,already_on_disk,Data\edgar\item5_02_text\12927\0000012927-14-000070_a201412dec198kdocument.htm
documents,14693,2020-07-28,0000014693-21-000051,already_on_disk,Data\edgar\item5_02_text\14693\0000014693-21-000051_bfb-20210504.htm
documents,14693,2020-07-28,0000014693-21-000042,already_on_disk,Data\edgar\item5_02_text\14693\0000014693-21-000042_bfb-20210503.htm
documents,14693,2020-07-28,0000014693-21-000038,already_on_disk,Data\edgar\item5_02_text\14693\0000014693-21-000038_bfb-20210415.htm
documents,14693,2020-07-28,0000014693-21-000010,already_on_disk,Data\edgar\item5_02_text\14693\0000014693-21-000010_bfb-20210122.htm
documents,14693,2020-07-28,0000014693-20-000062,already_on_disk,Data\edgar\item5_02_text\14693\0000014693-20-000062_a8-kx20200610xhinrichs.htm
documents,14693,2020-07-28,0000014693-19-000171,already_on_disk,Data\edgar\item5_02_text\14693\0000014693-19-000171_a8-kx20190912xofficerd.htm
documents,14693,2020-07-28,0000014693-19-000016,already_on_disk,Data\edgar\item5_02_text\14693\0000014693-19-000016_draft8-kmarch2019.htm
documents,14693,2020-07-28,0000014693-18-000173,already_on_disk,Data\edgar\item5_02_text\14693\0000014693-18-000173_a8-kx20181115xnewdirectorw.htm
documents,18926,2013-12-27,0001193125-14-221590,already_on_disk,Data\edgar\item5_02_text\18926\0001193125-14-221590_d734946d8k.htm
documents,18926,2013-12-27,0001193125-13-124519,already_on_disk,Data\edgar\item5_02_text\18926\0001193125-13-124519_d509961d8k.htm
documents,18926,2013-12-27,0001193125-13-012088,already_on_disk,Data\edgar\item5_02_text\18926\0001193125-13-012088_d468068d8k.htm
documents,18926,2013-12-27,0001193125-12-134562,already_on_disk,Data\edgar\item5_02_text\18926\0001193125-12-134562_d321644d8k.htm
documents,18926,2017-01-30,0001193125-17-191355,already_on_disk,Data\edgar\item5_02_text\18926\0001193125-17-191355_d370866d8k.htm
documents,18926,2017-01-30,0001193125-17-053977,already_on_disk,Data\edgar\item5_02_text\18926\0001193125-17-053977_d354377d8k.htm
documents,18926,2017-01-30,0001193125-16-436965,already_on_disk,Data\edgar\item5_02_text\18926\0001193125-16-436965_d130401d8k.htm
documents,18926,2017-01-30,0001193125-15-378521,already_on_disk,Data\edgar\item5_02_text\18926\0001193125-15-378521_d52983d8k.htm
documents,18926,2017-01-30,0001193125-15-210785,already_on_disk,Data\edgar\item5_02_text\18926\0001193125-15-210785_d935325d8k.htm
documents,18926,2017-01-30,0001193125-15-197966,already_on_disk,Data\edgar\item5_02_text\18926\0001193125-15-197966_d930238d8k.htm
documents,18926,2017-02-28,0001193125-17-191355,already_on_disk,Data\edgar\item5_02_text\18926\0001193125-17-191355_d370866d8k.htm
documents,18926,2017-02-28,0001193125-17-053977,already_on_disk,Data\edgar\item5_02_text\18926\0001193125-17-053977_d354377d8k.htm
documents,18926,2017-02-28,0001193125-16-436965,already_on_disk,Data\edgar\item5_02_text\18926\0001193125-16-436965_d130401d8k.htm
documents,18926,2017-02-28,0001193125-15-378521,already_on_disk,Data\edgar\item5_02_text\18926\0001193125-15-378521_d52983d8k.htm
documents,18926,2017-02-28,0001193125-15-210785,already_on_disk,Data\edgar\item5_02_text\18926\0001193125-15-210785_d935325d8k.htm
documents,18926,2017-02-28,0001193125-15-197966,already_on_disk,Data\edgar\item5_02_text\18926\0001193125-15-197966_d930238d8k.htm
documents,18926,2020-08-20,0001193125-21-056971,already_on_disk,Data\edgar\item5_02_text\18926\0001193125-21-056971_d97460d8k.htm
documents,18926,2020-08-20,0001193125-21-011905,already_on_disk,Data\edgar\item5_02_text\18926\0001193125-21-011905_d53156d8k.htm
documents,18926,2020-08-20,0001193125-20-150103,already_on_disk,Data\edgar\item5_02_text\18926\0001193125-20-150103_d935861d8k.htm
documents,18926,2020-08-20,0001193125-19-325996,already_on_disk,Data\edgar\item5_02_text\18926\0001193125-19-325996_d859081d8k.htm
documents,18926,2020-08-20,0001193125-18-319718,already_on_disk,Data\edgar\item5_02_text\18926\0001193125-18-319718_d647295d8k.htm
documents,18926,2020-08-20,0001193125-18-319714,already_on_disk,Data\edgar\item5_02_text\18926\0001193125-18-319714_d617864d8k.htm
documents,18926,2020-08-20,0001193125-18-281219,already_on_disk,Data\edgar\item5_02_text\18926\0001193125-18-281219_d629720d8k.htm
documents,18926,2022-03-15,0001193125-22-243230,already_on_disk,Data\edgar\item5_02_text\18926\0001193125-22-243230_d396237d8k.htm
documents,18926,2022-03-15,0001193125-22-085992,already_on_disk,Data\edgar\item5_02_text\18926\0001193125-22-085992_d280485d8k.htm
documents,18926,2022-03-15,0001193125-21-056971,already_on_disk,Data\edgar\item5_02_text\18926\0001193125-21-056971_d97460d8k.htm
documents,18926,2022-03-15,0001193125-21-011905,already_on_disk,Data\edgar\item5_02_text\18926\0001193125-21-011905_d53156d8k.htm
documents,18926,2022-03-15,0001193125-20-150103,already_on_disk,Data\edgar\item5_02_text\18926\0001193125-20-150103_d935861d8k.htm
documents,20520,2022-02-24,0001140361-22-023997,already_on_disk,Data\edgar\item5_02_text\20520\0001140361-22-023997_brhc10039037_8k.htm
documents,20520,2022-02-24,0000020520-21-000008,already_on_disk,Data\edgar\item5_02_text\20520\0000020520-21-000008_fybr-20210430x8k.htm
documents,20520,2022-02-24,0001193125-21-205666,already_on_disk,Data\edgar\item5_02_text\20520\0001193125-21-205666_d362936d8k.htm
documents,20520,2022-02-24,0001193125-21-179930,already_on_disk,Data\edgar\item5_02_text\20520\0001193125-21-179930_d187333d8k.htm
documents,20520,2022-02-24,0001140361-21-015200,already_on_disk,Data\edgar\item5_02_text\20520\0001140361-21-015200_brhc10023786_8k12g3.htm
documents,20520,2022-02-24,0001140361-21-005386,already_on_disk,Data\edgar\item5_02_text\20520\0001140361-21-005386_brhc10020563_8k.htm
documents,20520,2022-02-24,0001140361-20-028400,already_on_disk,Data\edgar\item5_02_text\20520\0001140361-20-028400_brhc10017962_8k.htm
documents,20520,2022-02-24,0001140361-20-020249,already_on_disk,Data\edgar\item5_02_text\20520\0001140361-20-020249_brhc10015042_8k.htm
documents,20520,2022-02-24,0001193125-20-050127,already_on_disk,Data\edgar\item5_02_text\20520\0001193125-20-050127_d896833d8k.htm
documents,20520,2023-12-18,0001140361-24-026861,already_on_disk,Data\edgar\item5_02_text\20520\0001140361-24-026861_ef20029460_8k.htm
documents,20520,2023-12-18,0000950157-24-000104,already_on_disk,Data\edgar\item5_02_text\20520\0000950157-24-000104_form8-k.htm
documents,20520,2023-12-18,0001140361-22-023997,already_on_disk,Data\edgar\item5_02_text\20520\0001140361-22-023997_brhc10039037_8k.htm
documents,20520,2024-04-13,0001140361-24-026861,already_on_disk,Data\edgar\item5_02_text\20520\0001140361-24-026861_ef20029460_8k.htm
documents,20520,2024-04-13,0000950157-24-000104,already_on_disk,Data\edgar\item5_02_text\20520\0000950157-24-000104_form8-k.htm
documents,20520,2024-04-13,0001140361-22-023997,already_on_disk,Data\edgar\item5_02_text\20520\0001140361-22-023997_brhc10039037_8k.htm
documents,20520,2024-06-10,0001140361-24-026861,already_on_disk,Data\edgar\item5_02_text\20520\0001140361-24-026861_ef20029460_8k.htm
documents,20520,2024-06-10,0000950157-24-000104,already_on_disk,Data\edgar\item5_02_text\20520\0000950157-24-000104_form8-k.htm
documents,20520,2024-06-10,0001140361-22-023997,already_on_disk,Data\edgar\item5_02_text\20520\0001140361-22-023997_brhc10039037_8k.htm
documents,27904,2017-09-01,0001683168-18-001046,already_on_disk,Data\edgar\item5_02_text\27904\0001683168-18-001046_delta_8k.htm
documents,27904,2017-09-01,0001683168-17-002723,already_on_disk,Data\edgar\item5_02_text\27904\0001683168-17-002723_delta_8k.htm
documents,27904,2017-09-01,0001683168-17-000876,already_on_disk,Data\edgar\item5_02_text\27904\0001683168-17-000876_delta_8k.htm
documents,27904,2017-09-01,0001683168-17-000167,already_on_disk,Data\edgar\item5_02_text\27904\0001683168-17-000167_delta_8k.htm
documents,27904,2017-09-01,0001683168-16-000288,already_on_disk,Data\edgar\item5_02_text\27904\0001683168-16-000288_delta_8k.htm
documents,27904,2017-09-01,0001019687-16-006642,already_on_disk,Data\edgar\item5_02_text\27904\0001019687-16-006642_delta_8k.htm
documents,27904,2017-09-01,0001019687-16-005064,already_on_disk,Data\edgar\item5_02_text\27904\0001019687-16-005064_delta_8k.htm
documents,27904,2017-09-26,0001683168-18-001046,already_on_disk,Data\edgar\item5_02_text\27904\0001683168-18-001046_delta_8k.htm
documents,27904,2017-09-26,0001683168-17-002723,already_on_disk,Data\edgar\item5_02_text\27904\0001683168-17-002723_delta_8k.htm
documents,27904,2017-09-26,0001683168-17-000876,already_on_disk,Data\edgar\item5_02_text\27904\0001683168-17-000876_delta_8k.htm
documents,27904,2017-09-26,0001683168-17-000167,already_on_disk,Data\edgar\item5_02_text\27904\0001683168-17-000167_delta_8k.htm
documents,27904,2017-09-26,0001683168-16-000288,already_on_disk,Data\edgar\item5_02_text\27904\0001683168-16-000288_delta_8k.htm
documents,27904,2017-09-26,0001019687-16-006642,already_on_disk,Data\edgar\item5_02_text\27904\0001019687-16-006642_delta_8k.htm
documents,27904,2017-09-26,0001019687-16-005064,already_on_disk,Data\edgar\item5_02_text\27904\0001019687-16-005064_delta_8k.htm
documents,27996,2019-08-13,0000027996-20-000020,already_on_disk,Data\edgar\item5_02_text\27996\0000027996-20-000020_a20202198-k.htm
documents,27996,2019-08-13,0000027996-19-000085,already_on_disk,Data\edgar\item5_02_text\27996\0000027996-19-000085_a20197228-k.htm
documents,27996,2019-08-13,0000027996-19-000082,already_on_disk,Data\edgar\item5_02_text\27996\0000027996-19-000082_a20196188-k.htm
documents,27996,2019-08-13,0000027996-19-000039,already_on_disk,Data\edgar\item5_02_text\27996\0000027996-19-000039_a201903128-k.htm
documents,27996,2019-08-13,0000027996-19-000012,already_on_disk,Data\edgar\item5_02_text\27996\0000027996-19-000012_a201901258-k.htm
documents,27996,2019-08-13,0001140361-18-042450,already_on_disk,Data\edgar\item5_02_text\27996\0001140361-18-042450_s002521x1_8k.htm
documents,27996,2019-08-13,0001140361-18-019659,already_on_disk,Data\edgar\item5_02_text\27996\0001140361-18-019659_s002231x1_8k.htm
documents,33185,2014-01-31,0001144204-14-029598,already_on_disk,Data\edgar\item5_02_text\33185\0001144204-14-029598_v378250_8k.htm
documents,33185,2014-01-31,0001144204-13-055259,already_on_disk,Data\edgar\item5_02_text\33185\0001144204-13-055259_v357402_8k.htm
documents,33185,2014-01-31,0001144204-13-027066,already_on_disk,Data\edgar\item5_02_text\33185\0001144204-13-027066_v344230_8k.htm
documents,33185,2014-01-31,0001144204-12-058285,already_on_disk,Data\edgar\item5_02_text\33185\0001144204-12-058285_v326783_8k.htm
documents,33185,2014-01-31,0001144204-12-009385,already_on_disk,Data\edgar\item5_02_text\33185\0001144204-12-009385_v302726_8k.htm
documents,33185,2016-01-01,0001193125-17-320321,already_on_disk,Data\edgar\item5_02_text\33185\0001193125-17-320321_d461446d8k.htm
documents,33185,2016-01-01,0001193125-17-301130,already_on_disk,Data\edgar\item5_02_text\33185\0001193125-17-301130_d335628d8k.htm
documents,33185,2016-01-01,0001193125-17-293765,already_on_disk,Data\edgar\item5_02_text\33185\0001193125-17-293765_d420554d8k.htm
documents,33185,2016-01-01,0001193125-16-771552,already_on_disk,Data\edgar\item5_02_text\33185\0001193125-16-771552_d292527d8k.htm
documents,33185,2016-01-01,0001193125-16-713479,already_on_disk,Data\edgar\item5_02_text\33185\0001193125-16-713479_d257536d8k.htm
documents,33185,2016-01-01,0001144204-14-029598,already_on_disk,Data\edgar\item5_02_text\33185\0001144204-14-029598_v378250_8k.htm
documents,33185,2016-04-18,0001193125-17-320321,already_on_disk,Data\edgar\item5_02_text\33185\0001193125-17-320321_d461446d8k.htm
documents,33185,2016-04-18,0001193125-17-301130,already_on_disk,Data\edgar\item5_02_text\33185\0001193125-17-301130_d335628d8k.htm
documents,33185,2016-04-18,0001193125-17-293765,already_on_disk,Data\edgar\item5_02_text\33185\0001193125-17-293765_d420554d8k.htm
documents,33185,2016-04-18,0001193125-16-771552,already_on_disk,Data\edgar\item5_02_text\33185\0001193125-16-771552_d292527d8k.htm
documents,33185,2016-04-18,0001193125-16-713479,already_on_disk,Data\edgar\item5_02_text\33185\0001193125-16-713479_d257536d8k.htm
documents,33185,2016-04-18,0001144204-14-029598,already_on_disk,Data\edgar\item5_02_text\33185\0001144204-14-029598_v378250_8k.htm
documents,33185,2017-03-09,0001193125-17-320321,already_on_disk,Data\edgar\item5_02_text\33185\0001193125-17-320321_d461446d8k.htm
documents,33185,2017-03-09,0001193125-17-301130,already_on_disk,Data\edgar\item5_02_text\33185\0001193125-17-301130_d335628d8k.htm
documents,33185,2017-03-09,0001193125-17-293765,already_on_disk,Data\edgar\item5_02_text\33185\0001193125-17-293765_d420554d8k.htm
documents,33185,2017-03-09,0001193125-16-771552,already_on_disk,Data\edgar\item5_02_text\33185\0001193125-16-771552_d292527d8k.htm
documents,33185,2017-03-09,0001193125-16-713479,already_on_disk,Data\edgar\item5_02_text\33185\0001193125-16-713479_d257536d8k.htm
documents,40704,2022-11-18,0001193125-23-137156,already_on_disk,Data\edgar\item5_02_text\40704\0001193125-23-137156_d408002d8k.htm
documents,40704,2022-11-18,0001193125-22-255620,already_on_disk,Data\edgar\item5_02_text\40704\0001193125-22-255620_d514129d8k.htm
documents,40704,2022-11-18,0001193125-22-185819,already_on_disk,Data\edgar\item5_02_text\40704\0001193125-22-185819_d365231d8k.htm
documents,40704,2022-11-18,0001193125-21-350290,already_on_disk,Data\edgar\item5_02_text\40704\0001193125-21-350290_d257144d8k.htm
documents,40704,2022-11-18,0001564590-21-037515,already_on_disk,Data\edgar\item5_02_text\40704\0001564590-21-037515_gis-8k_20210716.htm
documents,43196,2016-02-16,0001437749-17-000933,already_on_disk,Data\edgar\item5_02_text\43196\0001437749-17-000933_gtn20170120_8k.htm
documents,43196,2016-02-16,0001437749-16-038936,already_on_disk,Data\edgar\item5_02_text\43196\0001437749-16-038936_gtn20160920_8k.htm
documents,43196,2016-02-16,0001437749-16-034694,already_on_disk,Data\edgar\item5_02_text\43196\0001437749-16-034694_gtn20160630_8k.htm
documents,43196,2016-02-16,0001437749-16-024501,already_on_disk,Data\edgar\item5_02_text\43196\0001437749-16-024501_gtn20160202_8k.htm
documents,43196,2016-02-16,0001437749-15-014446,already_on_disk,Data\edgar\item5_02_text\43196\0001437749-15-014446_gtn20150731_8k.htm
documents,43196,2016-08-08,0001437749-17-000933,already_on_disk,Data\edgar\item5_02_text\43196\0001437749-17-000933_gtn20170120_8k.htm
documents,43196,2016-08-08,0001437749-16-038936,already_on_disk,Data\edgar\item5_02_text\43196\0001437749-16-038936_gtn20160920_8k.htm
documents,43196,2016-08-08,0001437749-16-034694,already_on_disk,Data\edgar\item5_02_text\43196\0001437749-16-034694_gtn20160630_8k.htm
documents,43196,2016-08-08,0001437749-16-024501,already_on_disk,Data\edgar\item5_02_text\43196\0001437749-16-024501_gtn20160202_8k.htm
documents,43196,2016-08-08,0001437749-15-014446,already_on_disk,Data\edgar\item5_02_text\43196\0001437749-15-014446_gtn20150731_8k.htm
documents,43196,2021-09-01,0001437749-22-011229,already_on_disk,Data\edgar\item5_02_text\43196\0001437749-22-011229_gtn20220505b_8k.htm
documents,43196,2021-09-01,0001437749-22-004783,already_on_disk,Data\edgar\item5_02_text\43196\0001437749-22-004783_gtn20220301_8k.htm
documents,43196,2021-09-01,0001193125-21-057034,already_on_disk,Data\edgar\item5_02_text\43196\0001193125-21-057034_d139576d8k.htm
documents,47111,2023-09-03,0000047111-23-000006,already_on_disk,Data\edgar\item5_02_text\47111\0000047111-23-000006_hsy-20230202.htm
documents,47217,2007-07-01,0001104659-08-004386,already_on_disk,Data\edgar\item5_02_text\47217\0001104659-08-004386_a08-3596_18k.htm
documents,47217,2007-07-01,0001104659-07-041277,already_on_disk,Data\edgar\item5_02_text\47217\0001104659-07-041277_a07-14585_18k.htm
documents,47217,2007-07-01,0001104659-07-003960,already_on_disk,Data\edgar\item5_02_text\47217\0001104659-07-003960_a07-2312_18k.htm
documents,47217,2007-07-01,0001104659-06-080577,already_on_disk,Data\edgar\item5_02_text\47217\0001104659-06-080577_a06-25366_18k.htm
documents,47217,2007-07-01,0001104659-06-078068,already_on_disk,Data\edgar\item5_02_text\47217\0001104659-06-078068_a06-24620_18ka.htm
documents,47217,2007-07-01,0001104659-06-075980,already_on_disk,Data\edgar\item5_02_text\47217\0001104659-06-075980_a06-24249_18k.htm
documents,47217,2007-07-01,0001104659-06-062623,already_on_disk,Data\edgar\item5_02_text\47217\0001104659-06-062623_a06-20135_18k.htm
documents,47217,2007-07-01,0001104659-06-060568,already_on_disk,Data\edgar\item5_02_text\47217\0001104659-06-060568_a06-19530_18k.htm
documents,47217,2007-07-01,0001104659-06-036450,already_on_disk,Data\edgar\item5_02_text\47217\0001104659-06-036450_a06-12355_18k.htm
documents,47217,2007-07-01,0001104659-06-002894,already_on_disk,Data\edgar\item5_02_text\47217\0001104659-06-002894_a06-2808_18ka.htm
documents,47217,2007-07-01,0001104659-05-057353,already_on_disk,Data\edgar\item5_02_text\47217\0001104659-05-057353_a05-20651_18k.htm
documents,47217,2007-07-01,0000047217-05-000167,already_on_disk,Data\edgar\item5_02_text\47217\0000047217-05-000167_form8-k_092705.htm
documents,47217,2007-08-16,0001104659-08-004386,already_on_disk,Data\edgar\item5_02_text\47217\0001104659-08-004386_a08-3596_18k.htm
documents,47217,2007-08-16,0001104659-07-041277,already_on_disk,Data\edgar\item5_02_text\47217\0001104659-07-041277_a07-14585_18k.htm
documents,47217,2007-08-16,0001104659-07-003960,already_on_disk,Data\edgar\item5_02_text\47217\0001104659-07-003960_a07-2312_18k.htm
documents,47217,2007-08-16,0001104659-06-080577,already_on_disk,Data\edgar\item5_02_text\47217\0001104659-06-080577_a06-25366_18k.htm
documents,47217,2007-08-16,0001104659-06-078068,already_on_disk,Data\edgar\item5_02_text\47217\0001104659-06-078068_a06-24620_18ka.htm
documents,47217,2007-08-16,0001104659-06-075980,already_on_disk,Data\edgar\item5_02_text\47217\0001104659-06-075980_a06-24249_18k.htm
documents,47217,2007-08-16,0001104659-06-062623,already_on_disk,Data\edgar\item5_02_text\47217\0001104659-06-062623_a06-20135_18k.htm
documents,47217,2007-08-16,0001104659-06-060568,already_on_disk,Data\edgar\item5_02_text\47217\0001104659-06-060568_a06-19530_18k.htm
documents,47217,2007-08-16,0001104659-06-036450,already_on_disk,Data\edgar\item5_02_text\47217\0001104659-06-036450_a06-12355_18k.htm
documents,47217,2007-08-16,0001104659-06-002894,already_on_disk,Data\edgar\item5_02_text\47217\0001104659-06-002894_a06-2808_18ka.htm
documents,47217,2007-08-16,0001104659-05-057353,already_on_disk,Data\edgar\item5_02_text\47217\0001104659-05-057353_a05-20651_18k.htm
documents,47217,2007-08-16,0000047217-05-000167,already_on_disk,Data\edgar\item5_02_text\47217\0000047217-05-000167_form8-k_092705.htm
documents,47217,2008-12-04,0000047217-09-000003,already_on_disk,Data\edgar\item5_02_text\47217\0000047217-09-000003_bylawsform8-k_0109.htm
documents,47217,2008-12-04,0001104659-08-060212,already_on_disk,Data\edgar\item5_02_text\47217\0001104659-08-060212_a08-24087_18k.htm
documents,47217,2008-12-04,0001104659-08-055465,already_on_disk,Data\edgar\item5_02_text\47217\0001104659-08-055465_a08-22416_18k.htm
documents,47217,2008-12-04,0000047217-08-000117,already_on_disk,Data\edgar\item5_02_text\47217\0000047217-08-000117_q2form8-k_0508.htm
documents,47217,2008-12-04,0001104659-08-004386,already_on_disk,Data\edgar\item5_02_text\47217\0001104659-08-004386_a08-3596_18k.htm
documents,47217,2008-12-04,0001104659-07-041277,already_on_disk,Data\edgar\item5_02_text\47217\0001104659-07-041277_a07-14585_18k.htm
documents,47217,2008-12-04,0001104659-07-003960,already_on_disk,Data\edgar\item5_02_text\47217\0001104659-07-003960_a07-2312_18k.htm
documents,47217,2008-12-04,0001104659-06-080577,already_on_disk,Data\edgar\item5_02_text\47217\0001104659-06-080577_a06-25366_18k.htm
documents,47217,2008-12-08,0000047217-09-000003,already_on_disk,Data\edgar\item5_02_text\47217\0000047217-09-000003_bylawsform8-k_0109.htm
documents,47217,2008-12-08,0001104659-08-060212,already_on_disk,Data\edgar\item5_02_text\47217\0001104659-08-060212_a08-24087_18k.htm
documents,47217,2008-12-08,0001104659-08-055465,already_on_disk,Data\edgar\item5_02_text\47217\0001104659-08-055465_a08-22416_18k.htm
documents,47217,2008-12-08,0000047217-08-000117,already_on_disk,Data\edgar\item5_02_text\47217\0000047217-08-000117_q2form8-k_0508.htm
documents,47217,2008-12-08,0001104659-08-004386,already_on_disk,Data\edgar\item5_02_text\47217\0001104659-08-004386_a08-3596_18k.htm
documents,47217,2008-12-08,0001104659-07-041277,already_on_disk,Data\edgar\item5_02_text\47217\0001104659-07-041277_a07-14585_18k.htm
documents,47217,2008-12-08,0001104659-07-003960,already_on_disk,Data\edgar\item5_02_text\47217\0001104659-07-003960_a07-2312_18k.htm
documents,47217,2008-12-08,0001104659-06-080577,already_on_disk,Data\edgar\item5_02_text\47217\0001104659-06-080577_a06-25366_18k.htm
documents,47217,2010-02-09,0001047469-10-007177,already_on_disk,Data\edgar\item5_02_text\47217\0001047469-10-007177_a2199755z8-k.htm
documents,47217,2010-02-09,0001104659-10-015887,already_on_disk,Data\edgar\item5_02_text\47217\0001104659-10-015887_a10-6739_18k.htm
documents,47217,2010-02-09,0000047217-09-000032,already_on_disk,Data\edgar\item5_02_text\47217\0000047217-09-000032_form8-k_091709.htm
documents,47217,2010-02-09,0000047217-09-000003,already_on_disk,Data\edgar\item5_02_text\47217\0000047217-09-000003_bylawsform8-k_0109.htm
documents,47217,2010-02-09,0001104659-08-060212,already_on_disk,Data\edgar\item5_02_text\47217\0001104659-08-060212_a08-24087_18k.htm
documents,47217,2010-02-09,0001104659-08-055465,already_on_disk,Data\edgar\item5_02_text\47217\0001104659-08-055465_a08-22416_18k.htm
documents,47217,2010-02-09,0000047217-08-000117,already_on_disk,Data\edgar\item5_02_text\47217\0000047217-08-000117_q2form8-k_0508.htm
documents,51143,2007-02-23,0001104659-07-057720,already_on_disk,Data\edgar\item5_02_text\51143\0001104659-07-057720_a07-18155_48k.htm
documents,51143,2007-02-23,0001104659-07-049962,already_on_disk,Data\edgar\item5_02_text\51143\0001104659-07-049962_a07-17329_18k.htm
documents,51143,2007-02-23,0001104659-07-007260,already_on_disk,Data\edgar\item5_02_text\51143\0001104659-07-007260_a07-1990_78k.htm
documents,51143,2007-02-23,0001104659-07-005968,already_on_disk,Data\edgar\item5_02_text\51143\0001104659-07-005968_a07-1990_58k.htm
documents,51143,2007-02-23,0001104659-06-004976,already_on_disk,Data\edgar\item5_02_text\51143\0001104659-06-004976_a06-2706_38k.htm
documents,51143,2007-02-23,0001104659-05-045904,already_on_disk,Data\edgar\item5_02_text\51143\0001104659-05-045904_a05-16528_18k.htm
documents,51143,2007-02-23,0001104659-05-014582,already_on_disk,Data\edgar\item5_02_text\51143\0001104659-05-014582_a05-5804_28k.htm
documents,51143,2011-04-14,0001104659-11-003613,already_on_disk,Data\edgar\item5_02_text\51143\0001104659-11-003613_a11-4392_28k.htm
documents,51143,2011-04-14,0001104659-10-061274,already_on_disk,Data\edgar\item5_02_text\51143\0001104659-10-061274_a10-22284_18k.htm
documents,51143,2011-04-14,0001104659-10-003847,already_on_disk,Data\edgar\item5_02_text\51143\0001104659-10-003847_a10-2611_18k.htm
documents,920760,2023-07-20,0001628280-23-032661,already_on_disk,Data\edgar\item5_02_text\920760\0001628280-23-032661_len-20230918.htm
documents,920760,2023-07-20,0001628280-23-027264,already_on_disk,Data\edgar\item5_02_text\920760\0001628280-23-027264_len-20230731.htm
documents,920760,2023-07-20,0001628280-23-024926,already_on_disk,Data\edgar\item5_02_text\920760\0001628280-23-024926_len-20230714.htm
documents,920760,2023-07-20,0001193125-23-061576,already_on_disk,Data\edgar\item5_02_text\920760\0001193125-23-061576_d444988d8k.htm
documents,920760,2023-07-20,0001193125-22-290031,already_on_disk,Data\edgar\item5_02_text\920760\0001193125-22-290031_d386121d8k.htm
documents,920760,2023-07-20,0001628280-22-009207,already_on_disk,Data\edgar\item5_02_text\920760\0001628280-22-009207_len-20220412.htm
documents,920760,2023-07-20,0001628280-22-008548,already_on_disk,Data\edgar\item5_02_text\920760\0001628280-22-008548_len-20220406.htm
documents,920760,2023-07-20,0001193125-22-066148,already_on_disk,Data\edgar\item5_02_text\920760\0001193125-22-066148_d320216d8k.htm
documents,62709,2013-06-01,0000062709-14-000002,already_on_disk,Data\edgar\item5_02_text\62709\0000062709-14-000002_form8-kcarterresignation.htm
documents,62709,2013-06-01,0000062709-12-000066,already_on_disk,Data\edgar\item5_02_text\62709\0000062709-12-000066_form8-ka12x14x12.htm
documents,62709,2013-06-01,0000062709-12-000059,already_on_disk,Data\edgar\item5_02_text\62709\0000062709-12-000059_form8-ka09x19x12.htm
documents,62709,2013-06-01,0000062709-12-000057,already_on_disk,Data\edgar\item5_02_text\62709\0000062709-12-000057_form8-k09x20x2012.htm
documents,62709,2013-06-01,0000062709-12-000054,already_on_disk,Data\edgar\item5_02_text\62709\0000062709-12-000054_form8-k09x04x12.htm
documents,62709,2013-06-01,0000062709-12-000018,already_on_disk,Data\edgar\item5_02_text\62709\0000062709-12-000018_form8-k03x05x2012.htm
documents,62709,2013-06-01,0000062709-12-000007,already_on_disk,Data\edgar\item5_02_text\62709\0000062709-12-000007_f8k_01-18x2012.htm
documents,62709,2013-06-01,0000062709-11-000027,already_on_disk,Data\edgar\item5_02_text\62709\0000062709-11-000027_f8koct4-2011.htm
documents,68505,2009-01-01,0000950137-09-004049,already_on_disk,Data\edgar\item5_02_text\68505\0000950137-09-004049_c51456e8vk.htm
documents,68505,2009-01-01,0000950137-09-002505,already_on_disk,Data\edgar\item5_02_text\68505\0000950137-09-002505_c50376ae8vkza.htm
documents,68505,2009-01-01,0000950137-09-002115,already_on_disk,Data\edgar\item5_02_text\68505\0000950137-09-002115_c50170e8vk.htm
documents,68505,2009-01-01,0000950152-09-000904,already_on_disk,Data\edgar\item5_02_text\68505\0000950152-09-000904_c49112e8vk.htm
documents,68505,2009-01-01,0000950137-09-000352,already_on_disk,Data\edgar\item5_02_text\68505\0000950137-09-000352_c48878e8vk.htm
documents,68505,2009-01-01,0000950123-08-017856,already_on_disk,Data\edgar\item5_02_text\68505\0000950123-08-017856_c48295e8vk.htm
documents,68505,2009-01-01,0000950137-08-014456,already_on_disk,Data\edgar\item5_02_text\68505\0000950137-08-014456_c48236e8vk.htm
documents,68505,2009-01-01,0000950137-08-011276,already_on_disk,Data\edgar\item5_02_text\68505\0000950137-08-011276_c35242e8vk.htm
documents,68505,2009-01-01,0000898822-08-000839,already_on_disk,Data\edgar\item5_02_text\68505\0000898822-08-000839_mot8k.htm
documents,68505,2009-01-01,0000950137-08-009960,already_on_disk,Data\edgar\item5_02_text\68505\0000950137-08-009960_c33745e8vk.htm
documents,68505,2009-01-01,0000950137-08-006039,already_on_disk,Data\edgar\item5_02_text\68505\0000950137-08-006039_c25988e8vk.htm
documents,68505,2009-01-01,0000898822-08-000394,already_on_disk,Data\edgar\item5_02_text\68505\0000898822-08-000394_motorola8k.htm
documents,68505,2009-01-01,0000950137-08-004996,already_on_disk,Data\edgar\item5_02_text\68505\0000950137-08-004996_c25365e8vk.htm
documents,68505,2009-01-01,0000950137-08-003967,already_on_disk,Data\edgar\item5_02_text\68505\0000950137-08-003967_c25011e8vk.htm
documents,68505,2009-01-01,0000950137-08-003512,already_on_disk,Data\edgar\item5_02_text\68505\0000950137-08-003512_c24742e8vk.htm
documents,68505,2009-01-01,0000950137-08-002814,already_on_disk,Data\edgar\item5_02_text\68505\0000950137-08-002814_c24290e8vk.htm
documents,68505,2009-01-01,0000950137-08-001640,already_on_disk,Data\edgar\item5_02_text\68505\0000950137-08-001640_c23537e8vk.htm
documents,68505,2009-01-01,0000898822-07-001404,already_on_disk,Data\edgar\item5_02_text\68505\0000898822-07-001404_motorola8kbody.htm
documents,68505,2009-01-01,0000950137-07-015106,already_on_disk,Data\edgar\item5_02_text\68505\0000950137-07-015106_c19135e8vk.htm
documents,68505,2009-01-01,0000950137-07-014349,already_on_disk,Data\edgar\item5_02_text\68505\0000950137-07-014349_c18715e8vk.htm
documents,68505,2009-01-01,0000950137-07-010759,already_on_disk,Data\edgar\item5_02_text\68505\0000950137-07-010759_c17175e8vk.htm
documents,68505,2009-01-01,0000950137-07-009817,already_on_disk,Data\edgar\item5_02_text\68505\0000950137-07-009817_c16629e8vk.htm
documents,68505,2009-01-01,0000950137-07-008512,already_on_disk,Data\edgar\item5_02_text\68505\0000950137-07-008512_c15839e8vk.htm
documents,68505,2009-01-01,0000950137-07-007421,already_on_disk,Data\edgar\item5_02_text\68505\0000950137-07-007421_c15233e8vk.htm
documents,68505,2009-01-01,0000950137-07-005362,already_on_disk,Data\edgar\item5_02_text\68505\0000950137-07-005362_c14070e8vk.htm
documents,68505,2009-01-01,0000950137-07-004530,already_on_disk,Data\edgar\item5_02_text\68505\0000950137-07-004530_c13609ae8vkza.htm
documents,68505,2009-01-01,0000950137-07-004160,already_on_disk,Data\edgar\item5_02_text\68505\0000950137-07-004160_c13521e8vk.htm
documents,68505,2009-01-01,0000950137-07-002962,already_on_disk,Data\edgar\item5_02_text\68505\0000950137-07-002962_c12791e8vk.htm
documents,68505,2009-01-01,0000950137-07-002451,already_on_disk,Data\edgar\item5_02_text\68505\0000950137-07-002451_c12530e8vk.htm
documents,68505,2009-01-01,0000950137-07-002342,already_on_disk,Data\edgar\item5_02_text\68505\0000950137-07-002342_c12373e8vk.htm
documents,68505,2009-02-17,0000950137-09-004049,already_on_disk,Data\edgar\item5_02_text\68505\0000950137-09-004049_c51456e8vk.htm
documents,68505,2009-02-17,0000950137-09-002505,already_on_disk,Data\edgar\item5_02_text\68505\0000950137-09-002505_c50376ae8vkza.htm
documents,68505,2009-02-17,0000950137-09-002115,already_on_disk,Data\edgar\item5_02_text\68505\0000950137-09-002115_c50170e8vk.htm
documents,68505,2009-02-17,0000950152-09-000904,already_on_disk,Data\edgar\item5_02_text\68505\0000950152-09-000904_c49112e8vk.htm
documents,68505,2009-02-17,0000950137-09-000352,already_on_disk,Data\edgar\item5_02_text\68505\0000950137-09-000352_c48878e8vk.htm
documents,68505,2009-02-17,0000950123-08-017856,already_on_disk,Data\edgar\item5_02_text\68505\0000950123-08-017856_c48295e8vk.htm
documents,68505,2009-02-17,0000950137-08-014456,already_on_disk,Data\edgar\item5_02_text\68505\0000950137-08-014456_c48236e8vk.htm
documents,68505,2009-02-17,0000950137-08-011276,already_on_disk,Data\edgar\item5_02_text\68505\0000950137-08-011276_c35242e8vk.htm
documents,68505,2009-02-17,0000898822-08-000839,already_on_disk,Data\edgar\item5_02_text\68505\0000898822-08-000839_mot8k.htm
documents,68505,2009-02-17,0000950137-08-009960,already_on_disk,Data\edgar\item5_02_text\68505\0000950137-08-009960_c33745e8vk.htm
documents,68505,2009-02-17,0000950137-08-006039,already_on_disk,Data\edgar\item5_02_text\68505\0000950137-08-006039_c25988e8vk.htm
documents,68505,2009-02-17,0000898822-08-000394,already_on_disk,Data\edgar\item5_02_text\68505\0000898822-08-000394_motorola8k.htm
documents,68505,2009-02-17,0000950137-08-004996,already_on_disk,Data\edgar\item5_02_text\68505\0000950137-08-004996_c25365e8vk.htm
documents,68505,2009-02-17,0000950137-08-003967,already_on_disk,Data\edgar\item5_02_text\68505\0000950137-08-003967_c25011e8vk.htm
documents,68505,2009-02-17,0000950137-08-003512,already_on_disk,Data\edgar\item5_02_text\68505\0000950137-08-003512_c24742e8vk.htm
documents,68505,2009-02-17,0000950137-08-002814,already_on_disk,Data\edgar\item5_02_text\68505\0000950137-08-002814_c24290e8vk.htm
documents,68505,2009-02-17,0000950137-08-001640,already_on_disk,Data\edgar\item5_02_text\68505\0000950137-08-001640_c23537e8vk.htm
documents,68505,2009-02-17,0000898822-07-001404,already_on_disk,Data\edgar\item5_02_text\68505\0000898822-07-001404_motorola8kbody.htm
documents,68505,2009-02-17,0000950137-07-015106,already_on_disk,Data\edgar\item5_02_text\68505\0000950137-07-015106_c19135e8vk.htm
documents,68505,2009-02-17,0000950137-07-014349,already_on_disk,Data\edgar\item5_02_text\68505\0000950137-07-014349_c18715e8vk.htm
documents,68505,2009-02-17,0000950137-07-010759,already_on_disk,Data\edgar\item5_02_text\68505\0000950137-07-010759_c17175e8vk.htm
documents,68505,2009-02-17,0000950137-07-009817,already_on_disk,Data\edgar\item5_02_text\68505\0000950137-07-009817_c16629e8vk.htm
documents,68505,2009-02-17,0000950137-07-008512,already_on_disk,Data\edgar\item5_02_text\68505\0000950137-07-008512_c15839e8vk.htm
documents,68505,2009-02-17,0000950137-07-007421,already_on_disk,Data\edgar\item5_02_text\68505\0000950137-07-007421_c15233e8vk.htm
documents,68505,2009-02-17,0000950137-07-005362,already_on_disk,Data\edgar\item5_02_text\68505\0000950137-07-005362_c14070e8vk.htm
documents,68505,2009-02-17,0000950137-07-004530,already_on_disk,Data\edgar\item5_02_text\68505\0000950137-07-004530_c13609ae8vkza.htm
documents,68505,2009-02-17,0000950137-07-004160,already_on_disk,Data\edgar\item5_02_text\68505\0000950137-07-004160_c13521e8vk.htm
documents,68505,2009-02-17,0000950137-07-002962,already_on_disk,Data\edgar\item5_02_text\68505\0000950137-07-002962_c12791e8vk.htm
documents,68505,2009-02-17,0000950137-07-002451,already_on_disk,Data\edgar\item5_02_text\68505\0000950137-07-002451_c12530e8vk.htm
documents,1133421,2016-04-18,0001133421-17-000040,already_on_disk,Data\edgar\item5_02_text\1133421\0001133421-17-000040_noc-form8xk092617.htm
documents,1133421,2016-04-18,0001133421-17-000014,already_on_disk,Data\edgar\item5_02_text\1133421\0001133421-17-000014_noc-form8xk022717.htm
documents,1133421,2016-04-18,0001133421-17-000011,already_on_disk,Data\edgar\item5_02_text\1133421\0001133421-17-000011_noc-form8xk021717.htm
documents,1133421,2016-04-18,0001133421-16-000113,already_on_disk,Data\edgar\item5_02_text\1133421\0001133421-16-000113_noc-form8xkx1216.htm
documents,1133421,2016-04-18,0001133421-16-000072,already_on_disk,Data\edgar\item5_02_text\1133421\0001133421-16-000072_noc-form8xkx031616.htm
documents,1133421,2016-04-18,0001133421-16-000069,already_on_disk,Data\edgar\item5_02_text\1133421\0001133421-16-000069_noc-form8xkx021616.htm
documents,1133421,2016-04-18,0001133421-15-000050,already_on_disk,Data\edgar\item5_02_text\1133421\0001133421-15-000050_noc-10132015xform8k.htm
documents,1133421,2016-04-18,0001133421-15-000018,already_on_disk,Data\edgar\item5_02_text\1133421\0001133421-15-000018_noc-form8xkx031915.htm
documents,1133421,2016-04-18,0001133421-15-000016,already_on_disk,Data\edgar\item5_02_text\1133421\0001133421-15-000016_noc-form8xkx021815.htm
documents,1133421,2016-04-18,0001133421-15-000013,already_on_disk,Data\edgar\item5_02_text\1133421\0001133421-15-000013_noc-form8xkx021715.htm
documents,1133421,2016-04-18,0001133421-15-000011,already_on_disk,Data\edgar\item5_02_text\1133421\0001133421-15-000011_form8-k020215.htm
documents,1133421,2016-04-18,0001133421-14-000061,already_on_disk,Data\edgar\item5_02_text\1133421\0001133421-14-000061_noc-form8xk120814.htm
documents,1133421,2016-04-18,0001133421-14-000058,already_on_disk,Data\edgar\item5_02_text\1133421\0001133421-14-000058_noc-form8xk110414.htm
documents,73309,2023-05-26,0001193125-23-296305,already_on_disk,Data\edgar\item5_02_text\73309\0001193125-23-296305_d615320d8k.htm
documents,73309,2023-05-26,0001193125-23-206313,already_on_disk,Data\edgar\item5_02_text\73309\0001193125-23-206313_d496129d8k.htm
documents,73309,2023-05-26,0001193125-22-215713,already_on_disk,Data\edgar\item5_02_text\73309\0001193125-22-215713_d361471d8k.htm
documents,73309,2023-05-26,0001193125-22-159808,already_on_disk,Data\edgar\item5_02_text\73309\0001193125-22-159808_d235339d8ka.htm
documents,73309,2023-05-26,0001193125-22-066230,already_on_disk,Data\edgar\item5_02_text\73309\0001193125-22-066230_d245075d8ka.htm
documents,73309,2023-05-26,0001193125-22-050075,already_on_disk,Data\edgar\item5_02_text\73309\0001193125-22-050075_d315476d8k.htm
documents,73309,2023-05-26,0001193125-21-244798,already_on_disk,Data\edgar\item5_02_text\73309\0001193125-21-244798_d207304d8k.htm
documents,73309,2023-05-26,0001193125-21-181330,already_on_disk,Data\edgar\item5_02_text\73309\0001193125-21-181330_d156720d8ka.htm
documents,73756,2024-01-01,0000073756-24-000014,already_on_disk,Data\edgar\item5_02_text\73756\0000073756-24-000014_oii-20240221.htm
documents,73756,2024-01-01,0000073756-23-000140,already_on_disk,Data\edgar\item5_02_text\73756\0000073756-23-000140_oii-20231116.htm
documents,73756,2024-01-01,0000073756-23-000095,already_on_disk,Data\edgar\item5_02_text\73756\0000073756-23-000095_oii-20230705.htm
documents,73756,2024-01-01,0000073756-23-000012,already_on_disk,Data\edgar\item5_02_text\73756\0000073756-23-000012_oii-20230222.htm
documents,73756,2024-01-01,0000073756-22-000108,already_on_disk,Data\edgar\item5_02_text\73756\0000073756-22-000108_oii-20221020.htm
documents,73756,2024-01-01,0000073756-22-000106,already_on_disk,Data\edgar\item5_02_text\73756\0000073756-22-000106_oii-20220914.htm
documents,73756,2024-01-01,0000073756-22-000098,already_on_disk,Data\edgar\item5_02_text\73756\0000073756-22-000098_oii-20220818.htm
documents,73756,2024-01-01,0000073756-22-000020,already_on_disk,Data\edgar\item5_02_text\73756\0000073756-22-000020_oii-20220225.htm
documents,75362,2018-01-22,0001193125-18-152947,already_on_disk,Data\edgar\item5_02_text\75362\0001193125-18-152947_d555135d8k.htm
documents,75362,2018-01-22,0001193125-18-048187,already_on_disk,Data\edgar\item5_02_text\75362\0001193125-18-048187_d518625d8k.htm
documents,75362,2018-01-22,0001193125-17-369333,already_on_disk,Data\edgar\item5_02_text\75362\0001193125-17-369333_d498402d8k.htm
documents,75362,2018-01-22,0001193125-17-148456,already_on_disk,Data\edgar\item5_02_text\75362\0001193125-17-148456_d371963d8k.htm
documents,75362,2018-01-22,0001193125-16-789834,already_on_disk,Data\edgar\item5_02_text\75362\0001193125-16-789834_d255290d8k.htm
documents,75362,2018-01-22,0001193125-16-570149,already_on_disk,Data\edgar\item5_02_text\75362\0001193125-16-570149_d175553d8k.htm
documents,76334,2022-03-11,0001193125-22-269129,already_on_disk,Data\edgar\item5_02_text\76334\0001193125-22-269129_d417708d8k.htm
documents,76334,2022-03-11,0001193125-22-227588,already_on_disk,Data\edgar\item5_02_text\76334\0001193125-22-227588_d366447d8k.htm
documents,76334,2022-03-11,0001193125-22-204998,already_on_disk,Data\edgar\item5_02_text\76334\0001193125-22-204998_d319781d8k.htm
documents,76334,2022-03-11,0001193125-21-247770,already_on_disk,Data\edgar\item5_02_text\76334\0001193125-21-247770_d163815d8ka.htm
documents,76334,2022-03-11,0001193125-21-247766,already_on_disk,Data\edgar\item5_02_text\76334\0001193125-21-247766_d188448d8ka.htm
documents,76334,2022-03-11,0001193125-21-246081,already_on_disk,Data\edgar\item5_02_text\76334\0001193125-21-246081_d196075d8k.htm
documents,76334,2022-03-11,0000076334-21-000048,already_on_disk,Data\edgar\item5_02_text\76334\0000076334-21-000048_ph-20210422.htm
documents,76334,2022-03-11,0000076334-21-000013,already_on_disk,Data\edgar\item5_02_text\76334\0000076334-21-000013_ph-20210127.htm
documents,76334,2022-03-11,0000076334-21-000006,already_on_disk,Data\edgar\item5_02_text\76334\0000076334-21-000006_ph-20210110.htm
documents,76334,2022-03-11,0000076334-20-000124,already_on_disk,Data\edgar\item5_02_text\76334\0000076334-20-000124_ph-20201027.htm
documents,77476,2021-02-24,0000077476-21-000044,already_on_disk,Data\edgar\item5_02_text\77476\0000077476-21-000044_pep-20210803.htm
documents,77476,2021-02-24,0000077476-20-000075,already_on_disk,Data\edgar\item5_02_text\77476\0000077476-20-000075_pep-20201030.htm
documents,77476,2021-02-24,0000077476-20-000054,already_on_disk,Data\edgar\item5_02_text\77476\0000077476-20-000054_form8-kjuly2020.htm
documents,77476,2021-02-24,0000077476-20-000020,already_on_disk,Data\edgar\item5_02_text\77476\0000077476-20-000020_form8-kmarch2020.htm
documents,77476,2021-02-24,0000077476-19-000051,already_on_disk,Data\edgar\item5_02_text\77476\0000077476-19-000051_form8-kjune52019.htm
documents,77476,2021-02-24,0000077476-19-000022,already_on_disk,Data\edgar\item5_02_text\77476\0000077476-19-000022_form8-kmarch182019.htm
documents,77476,2021-02-24,0000077476-19-000020,already_on_disk,Data\edgar\item5_02_text\77476\0000077476-19-000020_form8-kmarch2019.htm
documents,78003,2006-12-01,0000078003-07-000294,already_on_disk,Data\edgar\item5_02_text\78003\0000078003-07-000294_pf8k1025.htm
documents,78003,2006-12-01,0000078003-07-000251,already_on_disk,Data\edgar\item5_02_text\78003\0000078003-07-000251_pf8k9271.htm
documents,78003,2006-12-01,0000078003-07-000245,already_on_disk,Data\edgar\item5_02_text\78003\0000078003-07-000245_pf8k927.htm
documents,78003,2006-12-01,0000078003-07-000213,already_on_disk,Data\edgar\item5_02_text\78003\0000078003-07-000213_pf8k822.htm
documents,78003,2006-12-01,0000078003-07-000122,already_on_disk,Data\edgar\item5_02_text\78003\0000078003-07-000122_pf8k0518.htm
documents,78003,2006-12-01,0000078003-07-000034,already_on_disk,Data\edgar\item5_02_text\78003\0000078003-07-000034_pf8k0221.htm
documents,78003,2006-12-01,0000078003-06-000352,already_on_disk,Data\edgar\item5_02_text\78003\0000078003-06-000352_pf8k1221.htm
documents,78003,2006-12-01,0000078003-06-000275,already_on_disk,Data\edgar\item5_02_text\78003\0000078003-06-000275_pf8k1026.htm
documents,78003,2006-12-01,0000078003-06-000195,already_on_disk,Data\edgar\item5_02_text\78003\0000078003-06-000195_pf8k0803.htm
documents,78003,2006-12-01,0000078003-05-000161,already_on_disk,Data\edgar\item5_02_text\78003\0000078003-05-000161_pf8k624.htm
documents,78003,2006-12-01,0000078003-05-000041,already_on_disk,Data\edgar\item5_02_text\78003\0000078003-05-000041_pfe8k0225.htm
documents,78003,2006-12-01,0000078003-05-000040,already_on_disk,Data\edgar\item5_02_text\78003\0000078003-05-000040_pf8k22405.htm
documents,91419,2010-04-05,0000950123-10-079634,already_on_disk,Data\edgar\item5_02_text\91419\0000950123-10-079634_l40559e8vk.htm
documents,91419,2010-04-05,0000950123-09-020588,already_on_disk,Data\edgar\item5_02_text\91419\0000950123-09-020588_l36977ae8vk.htm
documents,91419,2010-04-05,0000950123-09-015107,already_on_disk,Data\edgar\item5_02_text\91419\0000950123-09-015107_l36811ae8vk.htm
documents,91419,2010-04-05,0000950152-09-003994,already_on_disk,Data\edgar\item5_02_text\91419\0000950152-09-003994_l36206ae8vk.htm
documents,91419,2010-04-05,0001299933-09-000511,already_on_disk,Data\edgar\item5_02_text\91419\0001299933-09-000511_htm_31110.htm
documents,91419,2010-04-05,0001144204-08-036232,already_on_disk,Data\edgar\item5_02_text\91419\0001144204-08-036232_v117835_8k.txt
documents,91440,2022-03-01,0000091440-21-000014,already_on_disk,Data\edgar\item5_02_text\91440\0000091440-21-000014_sna-20210430.htm
documents,91440,2022-03-01,0001193125-21-116417,already_on_disk,Data\edgar\item5_02_text\91440\0001193125-21-116417_d277114d8k.htm
documents,92380,2017-10-01,0001193125-17-220944,already_on_disk,Data\edgar\item5_02_text\92380\0001193125-17-220944_d408249d8k.htm
documents,92380,2017-10-01,0001193125-17-183437,already_on_disk,Data\edgar\item5_02_text\92380\0001193125-17-183437_d386465d8k.htm
documents,92380,2017-10-01,0001193125-17-008419,already_on_disk,Data\edgar\item5_02_text\92380\0001193125-17-008419_d328190d8k.htm
documents,92380,2017-10-01,0001193125-16-447087,already_on_disk,Data\edgar\item5_02_text\92380\0001193125-16-447087_d124694d8k.htm
documents,92380,2017-10-01,0001193125-15-388118,already_on_disk,Data\edgar\item5_02_text\92380\0001193125-15-388118_d70797d8k.htm
documents,92380,2018-03-01,0001193125-17-220944,already_on_disk,Data\edgar\item5_02_text\92380\0001193125-17-220944_d408249d8k.htm
documents,92380,2018-03-01,0001193125-17-183437,already_on_disk,Data\edgar\item5_02_text\92380\0001193125-17-183437_d386465d8k.htm
documents,92380,2018-03-01,0001193125-17-008419,already_on_disk,Data\edgar\item5_02_text\92380\0001193125-17-008419_d328190d8k.htm
documents,96021,2023-01-14,0000096021-23-000190,already_on_disk,Data\edgar\item5_02_text\96021\0000096021-23-000190_syy-20231012.htm
documents,96021,2023-01-14,0000096021-23-000186,already_on_disk,Data\edgar\item5_02_text\96021\0000096021-23-000186_syy-20230907.htm
documents,96021,2023-01-14,0000096021-23-000165,already_on_disk,Data\edgar\item5_02_text\96021\0000096021-23-000165_syy-20230921.htm
documents,96021,2023-01-14,0000096021-23-000144,already_on_disk,Data\edgar\item5_02_text\96021\0000096021-23-000144_syy-20230907.htm
documents,96021,2023-01-14,0000096021-23-000120,already_on_disk,Data\edgar\item5_02_text\96021\0000096021-23-000120_syy-20230823.htm
documents,96021,2023-01-14,0000096021-23-000091,already_on_disk,Data\edgar\item5_02_text\96021\0000096021-23-000091_syy-20230731.htm
documents,96021,2023-01-14,0000096021-23-000042,already_on_disk,Data\edgar\item5_02_text\96021\0000096021-23-000042_syy-20230324.htm
documents,96021,2023-01-14,0001193125-22-305398,already_on_disk,Data\edgar\item5_02_text\96021\0001193125-22-305398_d820294d8k.htm
documents,96021,2023-01-14,0001193125-22-247448,already_on_disk,Data\edgar\item5_02_text\96021\0001193125-22-247448_d400273d8k.htm
documents,96021,2023-01-14,0001193125-22-212634,already_on_disk,Data\edgar\item5_02_text\96021\0001193125-22-212634_d314254d8k.htm
documents,96021,2023-01-14,0001193125-22-139528,already_on_disk,Data\edgar\item5_02_text\96021\0001193125-22-139528_d357605d8k.htm
documents,96021,2023-01-14,0001193125-22-058196,already_on_disk,Data\edgar\item5_02_text\96021\0001193125-22-058196_d326422d8k.htm
documents,96021,2023-01-14,0001193125-21-362516,already_on_disk,Data\edgar\item5_02_text\96021\0001193125-21-362516_d273666d8k.htm
documents,96021,2023-01-14,0001193125-21-338587,already_on_disk,Data\edgar\item5_02_text\96021\0001193125-21-338587_d247263d8k.htm
documents,96021,2023-01-14,0001193125-21-252868,already_on_disk,Data\edgar\item5_02_text\96021\0001193125-21-252868_d64012d8k.htm
documents,96021,2023-01-14,0001193125-21-236388,already_on_disk,Data\edgar\item5_02_text\96021\0001193125-21-236388_d211130d8k.htm
documents,96021,2023-01-14,0001193125-21-203381,already_on_disk,Data\edgar\item5_02_text\96021\0001193125-21-203381_d194967d8k.htm
documents,101830,2009-02-01,0000101830-09-000016,already_on_disk,Data\edgar\item5_02_text\101830\0000101830-09-000016_k20091105siurek.txt
documents,101830,2009-02-01,0000101830-09-000014,already_on_disk,Data\edgar\item5_02_text\101830\0000101830-09-000014_k20091016hall.txt
documents,101830,2009-02-01,0000101830-09-000013,already_on_disk,Data\edgar\item5_02_text\101830\0000101830-09-000013_k20090805sti.txt
documents,101830,2009-02-01,0000101830-09-000007,already_on_disk,Data\edgar\item5_02_text\101830\0000101830-09-000007_k2009march27hockaday.txt
documents,101830,2009-02-01,0000101830-09-000005,already_on_disk,Data\edgar\item5_02_text\101830\0000101830-09-000005_k2009march03.txt
documents,101830,2009-02-01,0000101830-09-000002,already_on_disk,Data\edgar\item5_02_text\101830\0000101830-09-000002_k2009laborcost.txt
documents,101830,2009-02-01,0001193125-08-260916,already_on_disk,Data\edgar\item5_02_text\101830\0001193125-08-260916_d8k.htm
documents,101830,2009-02-01,0001193125-08-257043,already_on_disk,Data\edgar\item5_02_text\101830\0001193125-08-257043_d8k.htm
documents,101830,2009-02-01,0000950123-08-016627,already_on_disk,Data\edgar\item5_02_text\101830\0000950123-08-016627_y72960e8vk.htm
documents,101830,2009-02-01,0000101830-08-000031,already_on_disk,Data\edgar\item5_02_text\101830\0000101830-08-000031_k2008nov12nilsson8ka.txt
documents,101830,2009-02-01,0000101830-08-000030,already_on_disk,Data\edgar\item5_02_text\101830\0000101830-08-000030_k2008oct248k.txt
documents,101830,2009-02-01,0000101830-08-000028,already_on_disk,Data\edgar\item5_02_text\101830\0000101830-08-000028_k2008oct06gregoire.txt
documents,101830,2009-02-01,0000101830-08-000026,already_on_disk,Data\edgar\item5_02_text\101830\0000101830-08-000026_k2008june09nuti.txt
documents,101830,2009-02-01,0000101830-08-000024,already_on_disk,Data\edgar\item5_02_text\101830\0000101830-08-000024_k2008may15westretaward.txt
documents,101830,2009-02-01,0001193125-08-098764,already_on_disk,Data\edgar\item5_02_text\101830\0001193125-08-098764_d8k.htm
documents,101830,2009-02-01,0000101830-08-000022,already_on_disk,Data\edgar\item5_02_text\101830\0000101830-08-000022_k2008mar25stiandlti.txt
documents,101830,2009-02-01,0000101830-08-000020,already_on_disk,Data\edgar\item5_02_text\101830\0000101830-08-000020_k2008mar17baneandlorimer.txt
documents,101830,2009-02-01,0000101830-08-000018,already_on_disk,Data\edgar\item5_02_text\101830\0000101830-08-000018_k2008mar03drendel.txt
documents,101830,2009-02-01,0000101830-08-000016,already_on_disk,Data\edgar\item5_02_text\101830\0000101830-08-000016_k2008feb28amended8k.txt
documents,101830,2009-02-01,0000101830-08-000013,already_on_disk,Data\edgar\item5_02_text\101830\0000101830-08-000013_k2008feb158k.txt
documents,101830,2009-02-01,0000101830-08-000008,already_on_disk,Data\edgar\item5_02_text\101830\0000101830-08-000008_k2008feb12whitworth.txt
documents,101830,2009-02-01,0000101830-08-000006,already_on_disk,Data\edgar\item5_02_text\101830\0000101830-08-000006_k2008jan24execdept.txt
documents,101830,2009-02-01,0000101830-08-000002,already_on_disk,Data\edgar\item5_02_text\101830\0000101830-08-000002_k2008janwestamend.txt
documents,101830,2009-02-01,0000101830-07-000042,already_on_disk,Data\edgar\item5_02_text\101830\0000101830-07-000042_k20071218hesse.txt
documents,101830,2009-02-01,0000101830-07-000039,already_on_disk,Data\edgar\item5_02_text\101830\0000101830-07-000039_k2007nov58k.txt
documents,101830,2009-02-01,0000101830-07-000036,already_on_disk,Data\edgar\item5_02_text\101830\0000101830-07-000036_k200710088k.txt
documents,101830,2009-02-01,0000101830-07-000032,already_on_disk,Data\edgar\item5_02_text\101830\0000101830-07-000032_k20070806newdirectors.txt
documents,101830,2009-02-01,0000101830-07-000011,already_on_disk,Data\edgar\item5_02_text\101830\0000101830-07-000011_k200703068k.txt
documents,101830,2009-02-01,0000101830-07-000008,already_on_disk,Data\edgar\item5_02_text\101830\0000101830-07-000008_k20070221amend1ltiandsti.txt
documents,101830,2009-01-01,0000101830-09-000013,already_on_disk,Data\edgar\item5_02_text\101830\0000101830-09-000013_k20090805sti.txt
documents,101830,2009-01-01,0000101830-09-000007,already_on_disk,Data\edgar\item5_02_text\101830\0000101830-09-000007_k2009march27hockaday.txt
documents,101830,2009-01-01,0000101830-09-000005,already_on_disk,Data\edgar\item5_02_text\101830\0000101830-09-000005_k2009march03.txt
documents,101830,2009-01-01,0000101830-09-000002,already_on_disk,Data\edgar\item5_02_text\101830\0000101830-09-000002_k2009laborcost.txt
documents,101830,2009-01-01,0001193125-08-260916,already_on_disk,Data\edgar\item5_02_text\101830\0001193125-08-260916_d8k.htm
documents,101830,2009-01-01,0001193125-08-257043,already_on_disk,Data\edgar\item5_02_text\101830\0001193125-08-257043_d8k.htm
documents,101830,2009-01-01,0000950123-08-016627,already_on_disk,Data\edgar\item5_02_text\101830\0000950123-08-016627_y72960e8vk.htm
documents,101830,2009-01-01,0000101830-08-000031,already_on_disk,Data\edgar\item5_02_text\101830\0000101830-08-000031_k2008nov12nilsson8ka.txt
documents,101830,2009-01-01,0000101830-08-000030,already_on_disk,Data\edgar\item5_02_text\101830\0000101830-08-000030_k2008oct248k.txt
documents,101830,2009-01-01,0000101830-08-000028,already_on_disk,Data\edgar\item5_02_text\101830\0000101830-08-000028_k2008oct06gregoire.txt
documents,101830,2009-01-01,0000101830-08-000026,already_on_disk,Data\edgar\item5_02_text\101830\0000101830-08-000026_k2008june09nuti.txt
documents,101830,2009-01-01,0000101830-08-000024,already_on_disk,Data\edgar\item5_02_text\101830\0000101830-08-000024_k2008may15westretaward.txt
documents,101830,2009-01-01,0001193125-08-098764,already_on_disk,Data\edgar\item5_02_text\101830\0001193125-08-098764_d8k.htm
documents,101830,2009-01-01,0000101830-08-000022,already_on_disk,Data\edgar\item5_02_text\101830\0000101830-08-000022_k2008mar25stiandlti.txt
documents,101830,2009-01-01,0000101830-08-000020,already_on_disk,Data\edgar\item5_02_text\101830\0000101830-08-000020_k2008mar17baneandlorimer.txt
documents,101830,2009-01-01,0000101830-08-000018,already_on_disk,Data\edgar\item5_02_text\101830\0000101830-08-000018_k2008mar03drendel.txt
documents,101830,2009-01-01,0000101830-08-000016,already_on_disk,Data\edgar\item5_02_text\101830\0000101830-08-000016_k2008feb28amended8k.txt
documents,101830,2009-01-01,0000101830-08-000013,already_on_disk,Data\edgar\item5_02_text\101830\0000101830-08-000013_k2008feb158k.txt
documents,101830,2009-01-01,0000101830-08-000008,already_on_disk,Data\edgar\item5_02_text\101830\0000101830-08-000008_k2008feb12whitworth.txt
documents,101830,2009-01-01,0000101830-08-000006,already_on_disk,Data\edgar\item5_02_text\101830\0000101830-08-000006_k2008jan24execdept.txt
documents,101830,2009-01-01,0000101830-08-000002,already_on_disk,Data\edgar\item5_02_text\101830\0000101830-08-000002_k2008janwestamend.txt
documents,101830,2009-01-01,0000101830-07-000042,already_on_disk,Data\edgar\item5_02_text\101830\0000101830-07-000042_k20071218hesse.txt
documents,101830,2009-01-01,0000101830-07-000039,already_on_disk,Data\edgar\item5_02_text\101830\0000101830-07-000039_k2007nov58k.txt
documents,101830,2009-01-01,0000101830-07-000036,already_on_disk,Data\edgar\item5_02_text\101830\0000101830-07-000036_k200710088k.txt
documents,101830,2009-01-01,0000101830-07-000032,already_on_disk,Data\edgar\item5_02_text\101830\0000101830-07-000032_k20070806newdirectors.txt
documents,101830,2009-01-01,0000101830-07-000011,already_on_disk,Data\edgar\item5_02_text\101830\0000101830-07-000011_k200703068k.txt
documents,101830,2009-01-01,0000101830-07-000008,already_on_disk,Data\edgar\item5_02_text\101830\0000101830-07-000008_k20070221amend1ltiandsti.txt
documents,101830,2015-08-17,0001193125-20-093630,already_on_disk,Data\edgar\item5_02_text\101830\0001193125-20-093630_d853508d8k.htm
documents,101830,2015-08-17,0000101830-19-000017,already_on_disk,Data\edgar\item5_02_text\101830\0000101830-19-000017_form8-xk20190516.htm
documents,101830,2015-08-17,0000101830-18-000057,already_on_disk,Data\edgar\item5_02_text\101830\0000101830-18-000057_form8-k20181203.htm
documents,101830,2015-08-17,0000101830-18-000029,already_on_disk,Data\edgar\item5_02_text\101830\0000101830-18-000029_form8-k20180629.htm
documents,101830,2015-08-17,0000101830-18-000027,already_on_disk,Data\edgar\item5_02_text\101830\0000101830-18-000027_form8-k20180523.htm
documents,101830,2015-08-17,0000101830-18-000021,already_on_disk,Data\edgar\item5_02_text\101830\0000101830-18-000021_form8-k20180501.htm
documents,101830,2015-08-17,0000101830-18-000005,already_on_disk,Data\edgar\item5_02_text\101830\0000101830-18-000005_form8-k20180116.htm
documents,101830,2015-08-17,0000101830-18-000003,already_on_disk,Data\edgar\item5_02_text\101830\0000101830-18-000003_form8-k20180102.htm
documents,101830,2015-08-17,0000101830-17-000003,already_on_disk,Data\edgar\item5_02_text\101830\0000101830-17-000003_form8-k20170118.htm
documents,101830,2015-08-17,0000101830-16-000096,already_on_disk,Data\edgar\item5_02_text\101830\0000101830-16-000096_form8-ka20161208.htm
documents,101830,2015-08-17,0000101830-16-000094,already_on_disk,Data\edgar\item5_02_text\101830\0000101830-16-000094_form8-k20161201.htm
documents,101830,2015-08-17,0000101830-16-000092,already_on_disk,Data\edgar\item5_02_text\101830\0000101830-16-000092_form8-k20161101.htm
documents,101830,2015-08-17,0000101830-16-000070,already_on_disk,Data\edgar\item5_02_text\101830\0000101830-16-000070_form8-k20160622.htm
documents,101830,2015-08-17,0000101830-16-000063,already_on_disk,Data\edgar\item5_02_text\101830\0000101830-16-000063_a8-k20160503.htm
documents,101830,2015-08-17,0000101830-16-000056,already_on_disk,Data\edgar\item5_02_text\101830\0000101830-16-000056_a8-k20160225.htm
documents,101830,2015-08-17,0000101830-15-000043,already_on_disk,Data\edgar\item5_02_text\101830\0000101830-15-000043_form8-k20151106.htm
documents,101830,2015-08-17,0000101830-15-000030,already_on_disk,Data\edgar\item5_02_text\101830\0000101830-15-000030_schwartzform8-k.htm
documents,101830,2015-08-17,0000101830-15-000025,already_on_disk,Data\edgar\item5_02_text\101830\0000101830-15-000025_a8-k20150807.htm
documents,101830,2015-08-17,0000101830-15-000024,already_on_disk,Data\edgar\item5_02_text\101830\0000101830-15-000024_a8-k20150810.htm
documents,101830,2015-08-17,0001193125-15-275046,already_on_disk,Data\edgar\item5_02_text\101830\0001193125-15-275046_d98547d8k.htm
documents,101830,2015-08-17,0000101830-14-000081,already_on_disk,Data\edgar\item5_02_text\101830\0000101830-14-000081_a8-k20141105.htm
documents,101830,2015-08-17,0000101830-14-000079,already_on_disk,Data\edgar\item5_02_text\101830\0000101830-14-000079_form8k20141105.htm
documents,101830,2015-08-17,0000101830-14-000066,already_on_disk,Data\edgar\item5_02_text\101830\0000101830-14-000066_form8-ka20141003.htm
documents,101830,2015-08-17,0000101830-14-000064,already_on_disk,Data\edgar\item5_02_text\101830\0000101830-14-000064_form8-k20141003.htm
documents,101830,2015-08-17,0001193125-14-297076,already_on_disk,Data\edgar\item5_02_text\101830\0001193125-14-297076_d772298d8k.htm
documents,101830,2015-08-17,0000101830-14-000049,already_on_disk,Data\edgar\item5_02_text\101830\0000101830-14-000049_elfman8-kfinal.htm
documents,101830,2015-08-17,0000101830-14-000021,already_on_disk,Data\edgar\item5_02_text\101830\0000101830-14-000021_a8-k20140306.htm
documents,101830,2015-08-17,0000101830-14-000019,already_on_disk,Data\edgar\item5_02_text\101830\0000101830-14-000019_a8-ka20140219.htm
documents,101830,2015-08-17,0000101830-14-000015,already_on_disk,Data\edgar\item5_02_text\101830\0000101830-14-000015_a8-k20140218sti.htm
documents,101830,2015-08-17,0000101830-14-000002,already_on_disk,Data\edgar\item5_02_text\101830\0000101830-14-000002_a8-k20140116.htm
documents,101830,2015-08-17,0000101830-13-000053,already_on_disk,Data\edgar\item5_02_text\101830\0000101830-13-000053_a8-k20131218.htm
documents,101830,2015-08-17,0001193125-13-372972,already_on_disk,Data\edgar\item5_02_text\101830\0001193125-13-372972_d598899d8ka.htm
documents,101830,2015-08-17,0001193125-13-372950,already_on_disk,Data\edgar\item5_02_text\101830\0001193125-13-372950_d598884d8k.htm
documents,101830,2015-08-17,0001193125-13-364138,already_on_disk,Data\edgar\item5_02_text\101830\0001193125-13-364138_d596894d8k.htm
documents,101830,2015-08-17,0000101830-13-000041,already_on_disk,Data\edgar\item5_02_text\101830\0000101830-13-000041_form8-k20130906.htm
documents,101830,2017-05-01,0000101830-18-000005,already_on_disk,Data\edgar\item5_02_text\101830\0000101830-18-000005_form8-k20180116.htm
documents,101830,2017-05-01,0000101830-18-000003,already_on_disk,Data\edgar\item5_02_text\101830\0000101830-18-000003_form8-k20180102.htm
documents,101830,2017-05-01,0000101830-17-000003,already_on_disk,Data\edgar\item5_02_text\101830\0000101830-17-000003_form8-k20170118.htm
documents,101830,2017-05-01,0000101830-16-000096,already_on_disk,Data\edgar\item5_02_text\101830\0000101830-16-000096_form8-ka20161208.htm
documents,101830,2017-05-01,0000101830-16-000094,already_on_disk,Data\edgar\item5_02_text\101830\0000101830-16-000094_form8-k20161201.htm
documents,101830,2017-05-01,0000101830-16-000092,already_on_disk,Data\edgar\item5_02_text\101830\0000101830-16-000092_form8-k20161101.htm
documents,101830,2017-05-01,0000101830-16-000070,already_on_disk,Data\edgar\item5_02_text\101830\0000101830-16-000070_form8-k20160622.htm
documents,101830,2017-05-01,0000101830-16-000063,already_on_disk,Data\edgar\item5_02_text\101830\0000101830-16-000063_a8-k20160503.htm
documents,101830,2017-05-01,0000101830-16-000056,already_on_disk,Data\edgar\item5_02_text\101830\0000101830-16-000056_a8-k20160225.htm
documents,101830,2017-05-01,0000101830-15-000043,already_on_disk,Data\edgar\item5_02_text\101830\0000101830-15-000043_form8-k20151106.htm
documents,101830,2017-05-01,0000101830-15-000030,already_on_disk,Data\edgar\item5_02_text\101830\0000101830-15-000030_schwartzform8-k.htm
documents,101830,2017-05-01,0000101830-15-000025,already_on_disk,Data\edgar\item5_02_text\101830\0000101830-15-000025_a8-k20150807.htm
documents,101830,2017-05-01,0000101830-15-000024,already_on_disk,Data\edgar\item5_02_text\101830\0000101830-15-000024_a8-k20150810.htm
documents,101830,2017-05-01,0001193125-15-275046,already_on_disk,Data\edgar\item5_02_text\101830\0001193125-15-275046_d98547d8k.htm
documents,101830,2017-05-07,0000101830-18-000005,already_on_disk,Data\edgar\item5_02_text\101830\0000101830-18-000005_form8-k20180116.htm
documents,101830,2017-05-07,0000101830-18-000003,already_on_disk,Data\edgar\item5_02_text\101830\0000101830-18-000003_form8-k20180102.htm
documents,101830,2017-05-07,0000101830-17-000003,already_on_disk,Data\edgar\item5_02_text\101830\0000101830-17-000003_form8-k20170118.htm
documents,101830,2017-05-07,0000101830-16-000096,already_on_disk,Data\edgar\item5_02_text\101830\0000101830-16-000096_form8-ka20161208.htm
documents,101830,2017-05-07,0000101830-16-000094,already_on_disk,Data\edgar\item5_02_text\101830\0000101830-16-000094_form8-k20161201.htm
documents,101830,2017-05-07,0000101830-16-000092,already_on_disk,Data\edgar\item5_02_text\101830\0000101830-16-000092_form8-k20161101.htm
documents,101830,2017-05-07,0000101830-16-000070,already_on_disk,Data\edgar\item5_02_text\101830\0000101830-16-000070_form8-k20160622.htm
documents,101830,2017-05-07,0000101830-16-000063,already_on_disk,Data\edgar\item5_02_text\101830\0000101830-16-000063_a8-k20160503.htm
documents,101830,2017-05-07,0000101830-16-000056,already_on_disk,Data\edgar\item5_02_text\101830\0000101830-16-000056_a8-k20160225.htm
documents,101830,2017-05-07,0000101830-15-000043,already_on_disk,Data\edgar\item5_02_text\101830\0000101830-15-000043_form8-k20151106.htm
documents,101830,2017-05-07,0000101830-15-000030,already_on_disk,Data\edgar\item5_02_text\101830\0000101830-15-000030_schwartzform8-k.htm
documents,101830,2017-05-07,0000101830-15-000025,already_on_disk,Data\edgar\item5_02_text\101830\0000101830-15-000025_a8-k20150807.htm
documents,101830,2017-05-07,0000101830-15-000024,already_on_disk,Data\edgar\item5_02_text\101830\0000101830-15-000024_a8-k20150810.htm
documents,101830,2017-05-07,0001193125-15-275046,already_on_disk,Data\edgar\item5_02_text\101830\0001193125-15-275046_d98547d8k.htm
documents,101830,2018-03-02,0000101830-18-000029,already_on_disk,Data\edgar\item5_02_text\101830\0000101830-18-000029_form8-k20180629.htm
documents,101830,2018-03-02,0000101830-18-000027,already_on_disk,Data\edgar\item5_02_text\101830\0000101830-18-000027_form8-k20180523.htm
documents,101830,2018-03-02,0000101830-18-000021,already_on_disk,Data\edgar\item5_02_text\101830\0000101830-18-000021_form8-k20180501.htm
documents,101830,2018-03-02,0000101830-18-000005,already_on_disk,Data\edgar\item5_02_text\101830\0000101830-18-000005_form8-k20180116.htm
documents,101830,2018-03-02,0000101830-18-000003,already_on_disk,Data\edgar\item5_02_text\101830\0000101830-18-000003_form8-k20180102.htm
documents,101830,2018-03-02,0000101830-17-000003,already_on_disk,Data\edgar\item5_02_text\101830\0000101830-17-000003_form8-k20170118.htm
documents,101830,2018-03-02,0000101830-16-000096,already_on_disk,Data\edgar\item5_02_text\101830\0000101830-16-000096_form8-ka20161208.htm
documents,101830,2018-03-02,0000101830-16-000094,already_on_disk,Data\edgar\item5_02_text\101830\0000101830-16-000094_form8-k20161201.htm
documents,101830,2018-03-02,0000101830-16-000092,already_on_disk,Data\edgar\item5_02_text\101830\0000101830-16-000092_form8-k20161101.htm
documents,101830,2018-03-02,0000101830-16-000070,already_on_disk,Data\edgar\item5_02_text\101830\0000101830-16-000070_form8-k20160622.htm
documents,101830,2018-03-02,0000101830-16-000063,already_on_disk,Data\edgar\item5_02_text\101830\0000101830-16-000063_a8-k20160503.htm
documents,101830,2019-03-14,0000101830-19-000017,already_on_disk,Data\edgar\item5_02_text\101830\0000101830-19-000017_form8-xk20190516.htm
documents,101830,2019-03-14,0000101830-18-000057,already_on_disk,Data\edgar\item5_02_text\101830\0000101830-18-000057_form8-k20181203.htm
documents,101830,2019-03-14,0000101830-18-000029,already_on_disk,Data\edgar\item5_02_text\101830\0000101830-18-000029_form8-k20180629.htm
documents,101830,2019-03-14,0000101830-18-000027,already_on_disk,Data\edgar\item5_02_text\101830\0000101830-18-000027_form8-k20180523.htm
documents,101830,2019-03-14,0000101830-18-000021,already_on_disk,Data\edgar\item5_02_text\101830\0000101830-18-000021_form8-k20180501.htm
documents,101830,2019-03-14,0000101830-18-000005,already_on_disk,Data\edgar\item5_02_text\101830\0000101830-18-000005_form8-k20180116.htm
documents,101830,2019-03-14,0000101830-18-000003,already_on_disk,Data\edgar\item5_02_text\101830\0000101830-18-000003_form8-k20180102.htm
documents,101830,2019-05-09,0000101830-19-000017,already_on_disk,Data\edgar\item5_02_text\101830\0000101830-19-000017_form8-xk20190516.htm
documents,101830,2019-05-09,0000101830-18-000057,already_on_disk,Data\edgar\item5_02_text\101830\0000101830-18-000057_form8-k20181203.htm
documents,101830,2019-05-09,0000101830-18-000029,already_on_disk,Data\edgar\item5_02_text\101830\0000101830-18-000029_form8-k20180629.htm
documents,101830,2019-05-09,0000101830-18-000027,already_on_disk,Data\edgar\item5_02_text\101830\0000101830-18-000027_form8-k20180523.htm
documents,101830,2019-05-09,0000101830-18-000021,already_on_disk,Data\edgar\item5_02_text\101830\0000101830-18-000021_form8-k20180501.htm
documents,101830,2019-05-09,0000101830-18-000005,already_on_disk,Data\edgar\item5_02_text\101830\0000101830-18-000005_form8-k20180116.htm
documents,101830,2019-05-09,0000101830-18-000003,already_on_disk,Data\edgar\item5_02_text\101830\0000101830-18-000003_form8-k20180102.htm
documents,101830,2019-06-02,0000101830-19-000017,already_on_disk,Data\edgar\item5_02_text\101830\0000101830-19-000017_form8-xk20190516.htm
documents,101830,2019-06-02,0000101830-18-000057,already_on_disk,Data\edgar\item5_02_text\101830\0000101830-18-000057_form8-k20181203.htm
documents,101830,2019-06-02,0000101830-18-000029,already_on_disk,Data\edgar\item5_02_text\101830\0000101830-18-000029_form8-k20180629.htm
documents,101830,2019-06-02,0000101830-18-000027,already_on_disk,Data\edgar\item5_02_text\101830\0000101830-18-000027_form8-k20180523.htm
documents,101830,2019-06-02,0000101830-18-000021,already_on_disk,Data\edgar\item5_02_text\101830\0000101830-18-000021_form8-k20180501.htm
documents,101830,2019-06-02,0000101830-18-000005,already_on_disk,Data\edgar\item5_02_text\101830\0000101830-18-000005_form8-k20180116.htm
documents,101830,2019-06-02,0000101830-18-000003,already_on_disk,Data\edgar\item5_02_text\101830\0000101830-18-000003_form8-k20180102.htm
documents,101830,2019-06-08,0000101830-19-000017,already_on_disk,Data\edgar\item5_02_text\101830\0000101830-19-000017_form8-xk20190516.htm
documents,101830,2019-06-08,0000101830-18-000057,already_on_disk,Data\edgar\item5_02_text\101830\0000101830-18-000057_form8-k20181203.htm
documents,101830,2019-06-08,0000101830-18-000029,already_on_disk,Data\edgar\item5_02_text\101830\0000101830-18-000029_form8-k20180629.htm
documents,101830,2019-06-08,0000101830-18-000027,already_on_disk,Data\edgar\item5_02_text\101830\0000101830-18-000027_form8-k20180523.htm
documents,101830,2019-06-08,0000101830-18-000021,already_on_disk,Data\edgar\item5_02_text\101830\0000101830-18-000021_form8-k20180501.htm
documents,101830,2019-06-08,0000101830-18-000005,already_on_disk,Data\edgar\item5_02_text\101830\0000101830-18-000005_form8-k20180116.htm
documents,101830,2019-06-08,0000101830-18-000003,already_on_disk,Data\edgar\item5_02_text\101830\0000101830-18-000003_form8-k20180102.htm
documents,101830,2019-06-22,0000101830-19-000017,already_on_disk,Data\edgar\item5_02_text\101830\0000101830-19-000017_form8-xk20190516.htm
documents,101830,2019-06-22,0000101830-18-000057,already_on_disk,Data\edgar\item5_02_text\101830\0000101830-18-000057_form8-k20181203.htm
documents,101830,2019-06-22,0000101830-18-000029,already_on_disk,Data\edgar\item5_02_text\101830\0000101830-18-000029_form8-k20180629.htm
documents,101830,2019-06-22,0000101830-18-000027,already_on_disk,Data\edgar\item5_02_text\101830\0000101830-18-000027_form8-k20180523.htm
documents,101830,2019-06-22,0000101830-18-000021,already_on_disk,Data\edgar\item5_02_text\101830\0000101830-18-000021_form8-k20180501.htm
documents,101830,2019-06-22,0000101830-18-000005,already_on_disk,Data\edgar\item5_02_text\101830\0000101830-18-000005_form8-k20180116.htm
documents,101830,2019-06-22,0000101830-18-000003,already_on_disk,Data\edgar\item5_02_text\101830\0000101830-18-000003_form8-k20180102.htm
documents,101830,2019-08-13,0001193125-20-093630,already_on_disk,Data\edgar\item5_02_text\101830\0001193125-20-093630_d853508d8k.htm
documents,101830,2019-08-13,0000101830-19-000017,already_on_disk,Data\edgar\item5_02_text\101830\0000101830-19-000017_form8-xk20190516.htm
documents,101830,2019-08-13,0000101830-18-000057,already_on_disk,Data\edgar\item5_02_text\101830\0000101830-18-000057_form8-k20181203.htm
documents,101830,2019-08-13,0000101830-18-000029,already_on_disk,Data\edgar\item5_02_text\101830\0000101830-18-000029_form8-k20180629.htm
documents,101830,2019-08-13,0000101830-18-000027,already_on_disk,Data\edgar\item5_02_text\101830\0000101830-18-000027_form8-k20180523.htm
documents,101830,2019-08-13,0000101830-18-000021,already_on_disk,Data\edgar\item5_02_text\101830\0000101830-18-000021_form8-k20180501.htm
documents,101830,2019-08-13,0000101830-18-000005,already_on_disk,Data\edgar\item5_02_text\101830\0000101830-18-000005_form8-k20180116.htm
documents,101830,2019-08-13,0000101830-18-000003,already_on_disk,Data\edgar\item5_02_text\101830\0000101830-18-000003_form8-k20180102.htm
documents,1770450,2023-12-10,0001193125-24-148178,already_on_disk,Data\edgar\item5_02_text\1770450\0001193125-24-148178_d803316d8k.htm
documents,1770450,2023-12-10,0001193125-24-069299,already_on_disk,Data\edgar\item5_02_text\1770450\0001193125-24-069299_d761588d8k.htm
documents,1770450,2023-12-10,0001193125-24-007505,already_on_disk,Data\edgar\item5_02_text\1770450\0001193125-24-007505_d719218d8k.htm
documents,1770450,2023-12-10,0001193125-24-003451,already_on_disk,Data\edgar\item5_02_text\1770450\0001193125-24-003451_d105522d8k.htm
documents,1770450,2023-12-10,0001193125-23-244902,already_on_disk,Data\edgar\item5_02_text\1770450\0001193125-23-244902_d546628d8k.htm
documents,1770450,2023-12-10,0001193125-23-109413,already_on_disk,Data\edgar\item5_02_text\1770450\0001193125-23-109413_d480296d8k.htm
documents,1770450,2023-12-10,0001193125-23-071477,already_on_disk,Data\edgar\item5_02_text\1770450\0001193125-23-071477_d487423d8k.htm
documents,1770450,2023-12-10,0001214659-22-013995,already_on_disk,Data\edgar\item5_02_text\1770450\0001214659-22-013995_r11162208k.htm
documents,1770450,2023-12-10,0000899140-22-000629,already_on_disk,Data\edgar\item5_02_text\1770450\0000899140-22-000629_x8ka.htm
documents,1770450,2023-12-10,0001193125-22-203586,already_on_disk,Data\edgar\item5_02_text\1770450\0001193125-22-203586_d385786d8k.htm
documents,1770450,2023-12-10,0001193125-22-187967,already_on_disk,Data\edgar\item5_02_text\1770450\0001193125-22-187967_d367622d8k.htm
documents,1770450,2023-12-10,0001193125-22-151952,already_on_disk,Data\edgar\item5_02_text\1770450\0001193125-22-151952_d360810d8k.htm
documents,1770450,2023-12-10,0001193125-22-106872,already_on_disk,Data\edgar\item5_02_text\1770450\0001193125-22-106872_d343265d8k.htm
documents,1770450,2023-12-10,0001193125-22-083286,already_on_disk,Data\edgar\item5_02_text\1770450\0001193125-22-083286_d339981d8k.htm
documents,1770450,2023-12-10,0001193125-22-012572,already_on_disk,Data\edgar\item5_02_text\1770450\0001193125-22-012572_d477752d8k.htm
documents,277135,2017-08-23,0000277135-17-000044,already_on_disk,Data\edgar\item5_02_text\277135\0000277135-17-000044_gww121220178kbodelection.htm
documents,277135,2017-08-23,0000277135-17-000028,already_on_disk,Data\edgar\item5_02_text\277135\0000277135-17-000028_gww080220178kchairman.htm
documents,277135,2017-08-23,0000277135-17-000023,already_on_disk,Data\edgar\item5_02_text\277135\0000277135-17-000023_gww063020178kbodelection.htm
documents,277135,2017-08-23,0000277135-17-000020,already_on_disk,Data\edgar\item5_02_text\277135\0000277135-17-000020_gww063020178k.htm
documents,277135,2017-08-23,0000277135-16-000057,already_on_disk,Data\edgar\item5_02_text\277135\0000277135-16-000057_form8-k93016.htm
documents,277135,2017-08-23,0001104659-16-137921,already_on_disk,Data\edgar\item5_02_text\277135\0001104659-16-137921_a16-15974_18k.htm
documents,277135,2017-09-26,0001104659-18-021832,already_on_disk,Data\edgar\item5_02_text\277135\0001104659-18-021832_a18-9445_18k.htm
documents,277135,2017-09-26,0000277135-17-000044,already_on_disk,Data\edgar\item5_02_text\277135\0000277135-17-000044_gww121220178kbodelection.htm
documents,277135,2017-09-26,0000277135-17-000028,already_on_disk,Data\edgar\item5_02_text\277135\0000277135-17-000028_gww080220178kchairman.htm
documents,277135,2017-09-26,0000277135-17-000023,already_on_disk,Data\edgar\item5_02_text\277135\0000277135-17-000023_gww063020178kbodelection.htm
documents,277135,2017-09-26,0000277135-17-000020,already_on_disk,Data\edgar\item5_02_text\277135\0000277135-17-000020_gww063020178k.htm
documents,277135,2017-09-26,0000277135-16-000057,already_on_disk,Data\edgar\item5_02_text\277135\0000277135-16-000057_form8-k93016.htm
documents,277135,2017-09-26,0001104659-16-137921,already_on_disk,Data\edgar\item5_02_text\277135\0001104659-16-137921_a16-15974_18k.htm
documents,315293,2020-12-17,0001193125-21-223710,already_on_disk,Data\edgar\item5_02_text\315293\0001193125-21-223710_d208525d8k.htm
documents,315293,2020-12-17,0001193125-21-206409,already_on_disk,Data\edgar\item5_02_text\315293\0001193125-21-206409_d55212d8k.htm
documents,315293,2020-12-17,0001193125-21-022598,already_on_disk,Data\edgar\item5_02_text\315293\0001193125-21-022598_d116873d8k.htm
documents,315293,2020-12-17,0001193125-20-282544,already_on_disk,Data\edgar\item5_02_text\315293\0001193125-20-282544_d873218d8k.htm
documents,315293,2020-12-17,0001193125-20-178023,already_on_disk,Data\edgar\item5_02_text\315293\0001193125-20-178023_d947905d8k.htm
documents,315293,2020-12-17,0001193125-20-120011,already_on_disk,Data\edgar\item5_02_text\315293\0001193125-20-120011_d922389d8k.htm
documents,315293,2020-12-17,0001193125-20-093512,already_on_disk,Data\edgar\item5_02_text\315293\0001193125-20-093512_d867242d8k12b.htm
documents,315293,2020-12-17,0001193125-20-045455,already_on_disk,Data\edgar\item5_02_text\315293\0001193125-20-045455_d863960d8k.htm
documents,315293,2020-12-17,0001193125-19-181180,already_on_disk,Data\edgar\item5_02_text\315293\0001193125-19-181180_d721968d8k.htm
documents,315293,2020-12-17,0001193125-19-165112,already_on_disk,Data\edgar\item5_02_text\315293\0001193125-19-165112_d756679d8k.htm
documents,318154,2021-04-21,0001193125-21-229599,already_on_disk,Data\edgar\item5_02_text\318154\0001193125-21-229599_d198092d8k.htm
documents,318154,2021-04-21,0001193125-20-197806,already_on_disk,Data\edgar\item5_02_text\318154\0001193125-20-197806_d931570d8k.htm
documents,318154,2021-04-21,0001193125-20-197795,already_on_disk,Data\edgar\item5_02_text\318154\0001193125-20-197795_d931562d8k.htm
documents,318154,2021-04-21,0001193125-19-272011,already_on_disk,Data\edgar\item5_02_text\318154\0001193125-19-272011_d822516d8k.htm
documents,318154,2023-08-16,0001193125-24-153221,already_on_disk,Data\edgar\item5_02_text\318154\0001193125-24-153221_d827769d8k.htm
documents,318154,2023-08-16,0001193125-23-295027,already_on_disk,Data\edgar\item5_02_text\318154\0001193125-23-295027_d598661d8k.htm
documents,318154,2023-08-16,0001193125-23-203033,already_on_disk,Data\edgar\item5_02_text\318154\0001193125-23-203033_d525761d8k.htm
documents,318154,2023-08-16,0001193125-22-211269,already_on_disk,Data\edgar\item5_02_text\318154\0001193125-22-211269_d386700d8k.htm
documents,319687,2013-01-01,0001104659-17-025203,already_on_disk,Data\edgar\item5_02_text\319687\0001104659-17-025203_a17-11675_18k.htm
documents,319687,2013-01-01,0001193125-16-696990,already_on_disk,Data\edgar\item5_02_text\319687\0001193125-16-696990_d240884d8k.htm
documents,319687,2013-01-01,0001193125-16-685286,already_on_disk,Data\edgar\item5_02_text\319687\0001193125-16-685286_d244666d8k.htm
documents,319687,2013-01-01,0001104659-16-112678,already_on_disk,Data\edgar\item5_02_text\319687\0001104659-16-112678_a16-8741_18k.htm
documents,319687,2013-01-01,0001104659-16-105862,already_on_disk,Data\edgar\item5_02_text\319687\0001104659-16-105862_a16-5927_78k.htm
documents,319687,2013-01-01,0001104659-16-088696,already_on_disk,Data\edgar\item5_02_text\319687\0001104659-16-088696_a16-1427_18ka.htm
documents,319687,2013-01-01,0001193125-15-347459,already_on_disk,Data\edgar\item5_02_text\319687\0001193125-15-347459_d31772d8k.htm
documents,319687,2013-01-01,0001104659-15-064079,already_on_disk,Data\edgar\item5_02_text\319687\0001104659-15-064079_a15-19109_18k.htm
documents,320193,2010-06-01,0001181431-10-056327,already_on_disk,Data\edgar\item5_02_text\320193\0001181431-10-056327_rrd291195.htm
documents,320193,2010-06-01,0001181431-10-016054,already_on_disk,Data\edgar\item5_02_text\320193\0001181431-10-016054_rrd269693.htm
documents,320193,2010-06-01,0001193125-10-044765,already_on_disk,Data\edgar\item5_02_text\320193\0001193125-10-044765_d8k.htm
documents,320193,2010-06-01,0001181431-09-037492,already_on_disk,Data\edgar\item5_02_text\320193\0001181431-09-037492_rrd249632.htm
documents,320193,2010-06-01,0001181431-09-003017,already_on_disk,Data\edgar\item5_02_text\320193\0001181431-09-003017_rrd229456.htm
documents,320193,2013-07-18,0001181431-13-041847,already_on_disk,Data\edgar\item5_02_text\320193\0001181431-13-041847_rrd386884.htm
documents,320193,2013-07-18,0001193125-13-267629,already_on_disk,Data\edgar\item5_02_text\320193\0001193125-13-267629_d556626d8k.htm
documents,320193,2013-07-18,0001181431-12-038301,already_on_disk,Data\edgar\item5_02_text\320193\0001181431-12-038301_rrd349607.htm
documents,320193,2013-07-18,0001181431-12-032458,already_on_disk,Data\edgar\item5_02_text\320193\0001181431-12-032458_rrd346000.htm
documents,320193,2013-07-18,0001181431-11-056354,already_on_disk,Data\edgar\item5_02_text\320193\0001181431-11-056354_rrd325897.htm
documents,320193,2013-07-18,0001181431-11-047179,already_on_disk,Data\edgar\item5_02_text\320193\0001181431-11-047179_rrd320651.htm
documents,320193,2014-08-31,0001193125-14-271698,already_on_disk,Data\edgar\item5_02_text\320193\0001193125-14-271698_d758295d8k.htm
documents,320193,2014-08-31,0001181431-14-021923,already_on_disk,Data\edgar\item5_02_text\320193\0001181431-14-021923_rrd410610.htm
documents,320193,2014-08-31,0001193125-14-084697,already_on_disk,Data\edgar\item5_02_text\320193\0001193125-14-084697_d684095d8k.htm
documents,320193,2014-08-31,0001181431-13-041847,already_on_disk,Data\edgar\item5_02_text\320193\0001181431-13-041847_rrd386884.htm
documents,320193,2014-08-31,0001193125-13-267629,already_on_disk,Data\edgar\item5_02_text\320193\0001193125-13-267629_d556626d8k.htm
documents,320193,2015-07-01,0001193125-15-406279,already_on_disk,Data\edgar\item5_02_text\320193\0001193125-15-406279_d107635d8k.htm
documents,320193,2015-07-01,0001193125-15-336615,already_on_disk,Data\edgar\item5_02_text\320193\0001193125-15-336615_d10101d8k.htm
documents,320193,2015-07-01,0001193125-14-271698,already_on_disk,Data\edgar\item5_02_text\320193\0001193125-14-271698_d758295d8k.htm
documents,320193,2015-07-01,0001181431-14-021923,already_on_disk,Data\edgar\item5_02_text\320193\0001181431-14-021923_rrd410610.htm
documents,320193,2015-07-01,0001193125-14-084697,already_on_disk,Data\edgar\item5_02_text\320193\0001193125-14-084697_d684095d8k.htm
documents,320193,2015-07-01,0001181431-13-041847,already_on_disk,Data\edgar\item5_02_text\320193\0001181431-13-041847_rrd386884.htm
documents,320193,2015-09-18,0001193125-16-488223,already_on_disk,Data\edgar\item5_02_text\320193\0001193125-16-488223_d150918d8k.htm
documents,320193,2015-09-18,0001193125-15-406279,already_on_disk,Data\edgar\item5_02_text\320193\0001193125-15-406279_d107635d8k.htm
documents,320193,2015-09-18,0001193125-15-336615,already_on_disk,Data\edgar\item5_02_text\320193\0001193125-15-336615_d10101d8k.htm
documents,320193,2015-09-18,0001193125-14-271698,already_on_disk,Data\edgar\item5_02_text\320193\0001193125-14-271698_d758295d8k.htm
documents,320193,2015-09-18,0001181431-14-021923,already_on_disk,Data\edgar\item5_02_text\320193\0001181431-14-021923_rrd410610.htm
documents,320193,2015-09-18,0001193125-14-084697,already_on_disk,Data\edgar\item5_02_text\320193\0001193125-14-084697_d684095d8k.htm
documents,320193,2019-02-02,0000320193-19-000093,already_on_disk,Data\edgar\item5_02_text\320193\0000320193-19-000093_a8-kseptember201991019.htm
documents,320193,2019-02-02,0000320193-19-000026,already_on_disk,Data\edgar\item5_02_text\320193\0000320193-19-000026_a8-kfebruary2019252019.htm
documents,320193,2019-02-02,0001193125-17-308859,already_on_disk,Data\edgar\item5_02_text\320193\0001193125-17-308859_d386231d8k.htm
documents,320193,2020-11-01,0001193125-21-001982,already_on_disk,Data\edgar\item5_02_text\320193\0001193125-21-001982_d29637d8k.htm
documents,320193,2020-11-01,0000320193-19-000093,already_on_disk,Data\edgar\item5_02_text\320193\0000320193-19-000093_a8-kseptember201991019.htm
documents,320193,2020-11-01,0000320193-19-000026,already_on_disk,Data\edgar\item5_02_text\320193\0000320193-19-000026_a8-kfebruary2019252019.htm
documents,1336920,2022-09-30,0001628280-23-036068,already_on_disk,Data\edgar\item5_02_text\1336920\0001628280-23-036068_ldos-20231027.htm
documents,1336920,2022-09-30,0001628280-23-010215,already_on_disk,Data\edgar\item5_02_text\1336920\0001628280-23-010215_ldos-20230223.htm
documents,1336920,2022-09-30,0001336920-23-000019,already_on_disk,Data\edgar\item5_02_text\1336920\0001336920-23-000019_ldos-20230223.htm
documents,1336920,2022-09-30,0001336920-22-000010,already_on_disk,Data\edgar\item5_02_text\1336920\0001336920-22-000010_ldos-20220211.htm
documents,1336920,2022-09-30,0001336920-21-000031,already_on_disk,Data\edgar\item5_02_text\1336920\0001336920-21-000031_ldos-20210727.htm
documents,1336920,2022-09-30,0001628280-21-008697,already_on_disk,Data\edgar\item5_02_text\1336920\0001628280-21-008697_ldos-20210430.htm
documents,1336920,2022-09-30,0001336920-20-000078,already_on_disk,Data\edgar\item5_02_text\1336920\0001336920-20-000078_ldos-20201015.htm
documents,354190,2017-06-01,0001193125-17-171866,already_on_disk,Data\edgar\item5_02_text\354190\0001193125-17-171866_d400552d8k.htm
documents,354190,2017-06-01,0001193125-16-442035,already_on_disk,Data\edgar\item5_02_text\354190\0001193125-16-442035_d120631d8k.htm
documents,354190,2017-06-18,0001193125-17-171866,already_on_disk,Data\edgar\item5_02_text\354190\0001193125-17-171866_d400552d8k.htm
documents,354190,2017-06-18,0001193125-16-442035,already_on_disk,Data\edgar\item5_02_text\354190\0001193125-16-442035_d120631d8k.htm
documents,354950,2014-02-10,0000354950-14-000030,already_on_disk,Data\edgar\item5_02_text\354950\0000354950-14-000030_hd_8kx08212014.htm
documents,354950,2014-02-10,0000354950-14-000006,already_on_disk,Data\edgar\item5_02_text\354950\0000354950-14-000006_hd_8kx02272014.htm
documents,354950,2014-02-10,0000354950-13-000037,already_on_disk,Data\edgar\item5_02_text\354950\0000354950-13-000037_hd_8kx09202013.htm
documents,354950,2014-02-10,0000354950-13-000017,already_on_disk,Data\edgar\item5_02_text\354950\0000354950-13-000017_hd_8kx05232013.htm
documents,354950,2014-02-10,0000354950-13-000005,already_on_disk,Data\edgar\item5_02_text\354950\0000354950-13-000005_hd_8kx03062013.htm
documents,354950,2014-02-10,0000354950-12-000032,already_on_disk,Data\edgar\item5_02_text\354950\0000354950-12-000032_hd_8kx11152012.htm
documents,354950,2014-02-10,0000354950-12-000027,already_on_disk,Data\edgar\item5_02_text\354950\0000354950-12-000027_hd_8kx09212012.htm
documents,708818,2023-03-29,0000950170-23-044125,already_on_disk,Data\edgar\item5_02_text\708818\0000950170-23-044125_nxgn-20230822.htm
documents,708818,2023-03-29,0000950170-23-001988,already_on_disk,Data\edgar\item5_02_text\708818\0000950170-23-001988_nxgn-20230202.htm
documents,708818,2023-03-29,0001193125-21-302080,already_on_disk,Data\edgar\item5_02_text\708818\0001193125-21-302080_d537072d8k.htm
documents,708818,2023-03-29,0001193125-21-277369,already_on_disk,Data\edgar\item5_02_text\708818\0001193125-21-277369_d233324d8k.htm
documents,708818,2023-03-29,0001564590-21-044962,already_on_disk,Data\edgar\item5_02_text\708818\0001564590-21-044962_nxgn-8ka_20210811.htm
documents,708818,2023-03-29,0001564590-21-044938,already_on_disk,Data\edgar\item5_02_text\708818\0001564590-21-044938_nxgn-8k_20210811.htm
documents,708818,2023-03-29,0001193125-21-195231,already_on_disk,Data\edgar\item5_02_text\708818\0001193125-21-195231_d192112d8k.htm
documents,723254,2020-09-16,0000723254-21-000012,already_on_disk,Data\edgar\item5_02_text\723254\0000723254-21-000012_ctas-20210423.htm
documents,723254,2020-09-16,0000723254-19-000019,already_on_disk,Data\edgar\item5_02_text\723254\0000723254-19-000019_ctas8-kaappointmentofdirec.htm
documents,723254,2020-09-16,0000723254-19-000015,already_on_disk,Data\edgar\item5_02_text\723254\0000723254-19-000015_ctas8-kdepartureandappoint.htm
documents,731766,2024-02-12,0000731766-24-000159,already_on_disk,Data\edgar\item5_02_text\731766\0000731766-24-000159_unh-20240515.htm
documents,731766,2024-02-12,0000731766-24-000148,already_on_disk,Data\edgar\item5_02_text\731766\0000731766-24-000148_unh-20240328.htm
documents,731766,2024-02-12,0000731766-24-000122,already_on_disk,Data\edgar\item5_02_text\731766\0000731766-24-000122_unh-20240328.htm
documents,731766,2024-02-12,0000731766-24-000026,already_on_disk,Data\edgar\item5_02_text\731766\0000731766-24-000026_unh-20240206.htm
documents,731766,2024-02-12,0000731766-23-000061,already_on_disk,Data\edgar\item5_02_text\731766\0000731766-23-000061_unh-20231103.htm
documents,731766,2024-02-12,0000731766-22-000051,already_on_disk,Data\edgar\item5_02_text\731766\0000731766-22-000051_unh-20221212.htm
documents,731766,2024-02-12,0000731766-22-000010,already_on_disk,Data\edgar\item5_02_text\731766\0000731766-22-000010_unh-20220214.htm
documents,732712,2008-06-27,0001193125-08-204660,already_on_disk,Data\edgar\item5_02_text\732712\0001193125-08-204660_d8k.htm
documents,732712,2008-06-27,0001193125-07-261097,already_on_disk,Data\edgar\item5_02_text\732712\0001193125-07-261097_d8k.htm
documents,732712,2008-06-27,0001193125-07-199004,already_on_disk,Data\edgar\item5_02_text\732712\0001193125-07-199004_d8k.htm
documents,732712,2008-06-27,0001193125-07-132583,already_on_disk,Data\edgar\item5_02_text\732712\0001193125-07-132583_d8k.htm
documents,732712,2008-06-27,0001193125-07-020398,already_on_disk,Data\edgar\item5_02_text\732712\0001193125-07-020398_d8k.htm
documents,732712,2008-06-27,0001193125-06-256227,already_on_disk,Data\edgar\item5_02_text\732712\0001193125-06-256227_d8k.htm
documents,732712,2008-06-27,0001193125-06-251425,already_on_disk,Data\edgar\item5_02_text\732712\0001193125-06-251425_d8k.htm
documents,732712,2008-06-27,0001193125-06-248715,already_on_disk,Data\edgar\item5_02_text\732712\0001193125-06-248715_d8k.htm
documents,732712,2014-01-20,0001193125-14-045399,already_on_disk,Data\edgar\item5_02_text\732712\0001193125-14-045399_d675217d8k.htm
documents,732712,2014-01-20,0001193125-13-432495,already_on_disk,Data\edgar\item5_02_text\732712\0001193125-13-432495_d624629d8k.htm
documents,732712,2014-01-20,0001193125-13-357857,already_on_disk,Data\edgar\item5_02_text\732712\0001193125-13-357857_d588937d8ka.htm
documents,732712,2014-01-20,0001193125-13-357855,already_on_disk,Data\edgar\item5_02_text\732712\0001193125-13-357855_d588915d8ka.htm
documents,732712,2014-01-20,0001193125-13-253564,already_on_disk,Data\edgar\item5_02_text\732712\0001193125-13-253564_d551901d8k.htm
documents,732712,2014-01-20,0001193125-13-043053,already_on_disk,Data\edgar\item5_02_text\732712\0001193125-13-043053_d481194d8k.htm
documents,732712,2014-01-20,0001193125-12-493313,already_on_disk,Data\edgar\item5_02_text\732712\0001193125-12-493313_d449798d8k.htm
documents,732712,2014-02-26,0001193125-14-045399,already_on_disk,Data\edgar\item5_02_text\732712\0001193125-14-045399_d675217d8k.htm
documents,732712,2014-02-26,0001193125-13-432495,already_on_disk,Data\edgar\item5_02_text\732712\0001193125-13-432495_d624629d8k.htm
documents,732712,2014-02-26,0001193125-13-357857,already_on_disk,Data\edgar\item5_02_text\732712\0001193125-13-357857_d588937d8ka.htm
documents,732712,2014-02-26,0001193125-13-357855,already_on_disk,Data\edgar\item5_02_text\732712\0001193125-13-357855_d588915d8ka.htm
documents,732712,2014-02-26,0001193125-13-253564,already_on_disk,Data\edgar\item5_02_text\732712\0001193125-13-253564_d551901d8k.htm
documents,732712,2014-02-26,0001193125-13-043053,already_on_disk,Data\edgar\item5_02_text\732712\0001193125-13-043053_d481194d8k.htm
documents,732712,2014-02-26,0001193125-12-493313,already_on_disk,Data\edgar\item5_02_text\732712\0001193125-12-493313_d449798d8k.htm
documents,732712,2016-08-10,0001193125-17-303383,already_on_disk,Data\edgar\item5_02_text\732712\0001193125-17-303383_d469226d8k.htm
documents,732712,2016-08-10,0001193125-17-165255,already_on_disk,Data\edgar\item5_02_text\732712\0001193125-17-165255_d396957d8k.htm
documents,732712,2016-08-10,0001193125-17-088316,already_on_disk,Data\edgar\item5_02_text\732712\0001193125-17-088316_d360349d8k.htm
documents,732712,2016-08-10,0001193125-16-798875,already_on_disk,Data\edgar\item5_02_text\732712\0001193125-16-798875_d313010d8k.htm
documents,732712,2016-08-10,0001193125-16-699639,already_on_disk,Data\edgar\item5_02_text\732712\0001193125-16-699639_d145813d8k.htm
documents,732712,2016-08-10,0001193125-16-617604,already_on_disk,Data\edgar\item5_02_text\732712\0001193125-16-617604_d208487d8k.htm
documents,732712,2016-08-10,0001193125-16-610887,already_on_disk,Data\edgar\item5_02_text\732712\0001193125-16-610887_d200861d8ka.htm
documents,732712,2016-08-10,0001193125-15-400066,already_on_disk,Data\edgar\item5_02_text\732712\0001193125-15-400066_d33874d8k.htm
documents,732712,2016-08-10,0001193125-15-394003,already_on_disk,Data\edgar\item5_02_text\732712\0001193125-15-394003_d161224d8ka.htm
documents,732712,2016-08-10,0001193125-15-367882,already_on_disk,Data\edgar\item5_02_text\732712\0001193125-15-367882_d97140d8k.htm
documents,732712,2016-08-10,0001193125-15-311636,already_on_disk,Data\edgar\item5_02_text\732712\0001193125-15-311636_d72446d8k.htm
documents,732712,2016-08-10,0001193125-15-185255,already_on_disk,Data\edgar\item5_02_text\732712\0001193125-15-185255_d924053d8k.htm
documents,732712,2016-08-10,0001193125-15-051424,already_on_disk,Data\edgar\item5_02_text\732712\0001193125-15-051424_d876243d8k.htm
documents,732712,2016-08-10,0001193125-15-035447,already_on_disk,Data\edgar\item5_02_text\732712\0001193125-15-035447_d865815d8k.htm
documents,732712,2016-08-10,0001193125-15-010064,already_on_disk,Data\edgar\item5_02_text\732712\0001193125-15-010064_d850349d8k.htm
documents,732712,2016-08-10,0001193125-14-436511,already_on_disk,Data\edgar\item5_02_text\732712\0001193125-14-436511_d836146d8k.htm
documents,732712,2016-08-10,0001193125-14-331837,already_on_disk,Data\edgar\item5_02_text\732712\0001193125-14-331837_d783476d8ka.htm
documents,732712,2017-07-20,0001193125-17-303383,already_on_disk,Data\edgar\item5_02_text\732712\0001193125-17-303383_d469226d8k.htm
documents,732712,2017-07-20,0001193125-17-165255,already_on_disk,Data\edgar\item5_02_text\732712\0001193125-17-165255_d396957d8k.htm
documents,732712,2017-07-20,0001193125-17-088316,already_on_disk,Data\edgar\item5_02_text\732712\0001193125-17-088316_d360349d8k.htm
documents,732712,2017-07-20,0001193125-16-798875,already_on_disk,Data\edgar\item5_02_text\732712\0001193125-16-798875_d313010d8k.htm
documents,732712,2017-07-20,0001193125-16-699639,already_on_disk,Data\edgar\item5_02_text\732712\0001193125-16-699639_d145813d8k.htm
documents,732712,2017-07-20,0001193125-16-617604,already_on_disk,Data\edgar\item5_02_text\732712\0001193125-16-617604_d208487d8k.htm
documents,732712,2017-07-20,0001193125-16-610887,already_on_disk,Data\edgar\item5_02_text\732712\0001193125-16-610887_d200861d8ka.htm
documents,732712,2017-07-20,0001193125-15-400066,already_on_disk,Data\edgar\item5_02_text\732712\0001193125-15-400066_d33874d8k.htm
documents,732712,2017-07-20,0001193125-15-394003,already_on_disk,Data\edgar\item5_02_text\732712\0001193125-15-394003_d161224d8ka.htm
documents,732712,2017-07-20,0001193125-15-367882,already_on_disk,Data\edgar\item5_02_text\732712\0001193125-15-367882_d97140d8k.htm
documents,732712,2017-07-20,0001193125-15-311636,already_on_disk,Data\edgar\item5_02_text\732712\0001193125-15-311636_d72446d8k.htm
documents,732712,2019-03-12,0001193125-20-072475,already_on_disk,Data\edgar\item5_02_text\732712\0001193125-20-072475_d897160d8k.htm
documents,732712,2019-03-12,0001193125-20-025340,already_on_disk,Data\edgar\item5_02_text\732712\0001193125-20-025340_d881959d8k.htm
documents,732712,2019-03-12,0001193125-19-307167,already_on_disk,Data\edgar\item5_02_text\732712\0001193125-19-307167_d831633d8k.htm
documents,732712,2019-03-12,0001193125-19-142992,already_on_disk,Data\edgar\item5_02_text\732712\0001193125-19-142992_d706817d8k.htm
documents,732712,2019-03-12,0001193125-19-031481,already_on_disk,Data\edgar\item5_02_text\732712\0001193125-19-031481_d695569d8ka.htm
documents,732712,2019-03-12,0001193125-19-031476,already_on_disk,Data\edgar\item5_02_text\732712\0001193125-19-031476_d704619d8k.htm
documents,732712,2019-03-12,0001193125-18-292824,already_on_disk,Data\edgar\item5_02_text\732712\0001193125-18-292824_d623931d8k.htm
documents,732712,2019-03-12,0001193125-18-268028,already_on_disk,Data\edgar\item5_02_text\732712\0001193125-18-268028_d614347d8k.htm
documents,732712,2019-03-12,0001193125-18-187324,already_on_disk,Data\edgar\item5_02_text\732712\0001193125-18-187324_d602397d8k.htm
documents,732712,2019-03-12,0001193125-18-073362,already_on_disk,Data\edgar\item5_02_text\732712\0001193125-18-073362_d544764d8k.htm
documents,732712,2019-03-12,0001193125-17-303383,already_on_disk,Data\edgar\item5_02_text\732712\0001193125-17-303383_d469226d8k.htm
documents,732712,2019-03-12,0001193125-17-165255,already_on_disk,Data\edgar\item5_02_text\732712\0001193125-17-165255_d396957d8k.htm
documents,732712,2019-03-12,0001193125-17-088316,already_on_disk,Data\edgar\item5_02_text\732712\0001193125-17-088316_d360349d8k.htm
documents,732712,2019-04-24,0001193125-19-142992,already_on_disk,Data\edgar\item5_02_text\732712\0001193125-19-142992_d706817d8k.htm
documents,732712,2019-04-24,0001193125-19-031481,already_on_disk,Data\edgar\item5_02_text\732712\0001193125-19-031481_d695569d8ka.htm
documents,732712,2019-04-24,0001193125-19-031476,already_on_disk,Data\edgar\item5_02_text\732712\0001193125-19-031476_d704619d8k.htm
documents,732712,2019-04-24,0001193125-18-292824,already_on_disk,Data\edgar\item5_02_text\732712\0001193125-18-292824_d623931d8k.htm
documents,732712,2019-04-24,0001193125-18-268028,already_on_disk,Data\edgar\item5_02_text\732712\0001193125-18-268028_d614347d8k.htm
documents,732712,2019-04-24,0001193125-18-187324,already_on_disk,Data\edgar\item5_02_text\732712\0001193125-18-187324_d602397d8k.htm
documents,732712,2019-04-24,0001193125-18-073362,already_on_disk,Data\edgar\item5_02_text\732712\0001193125-18-073362_d544764d8k.htm
documents,732712,2019-04-24,0001193125-17-303383,already_on_disk,Data\edgar\item5_02_text\732712\0001193125-17-303383_d469226d8k.htm
documents,732712,2019-04-24,0001193125-17-165255,already_on_disk,Data\edgar\item5_02_text\732712\0001193125-17-165255_d396957d8k.htm
documents,732712,2019-06-03,0001193125-19-142992,already_on_disk,Data\edgar\item5_02_text\732712\0001193125-19-142992_d706817d8k.htm
documents,732712,2019-06-03,0001193125-19-031481,already_on_disk,Data\edgar\item5_02_text\732712\0001193125-19-031481_d695569d8ka.htm
documents,732712,2019-06-03,0001193125-19-031476,already_on_disk,Data\edgar\item5_02_text\732712\0001193125-19-031476_d704619d8k.htm
documents,732712,2019-06-03,0001193125-18-292824,already_on_disk,Data\edgar\item5_02_text\732712\0001193125-18-292824_d623931d8k.htm
documents,732712,2019-06-03,0001193125-18-268028,already_on_disk,Data\edgar\item5_02_text\732712\0001193125-18-268028_d614347d8k.htm
documents,732712,2019-06-03,0001193125-18-187324,already_on_disk,Data\edgar\item5_02_text\732712\0001193125-18-187324_d602397d8k.htm
documents,732712,2019-06-03,0001193125-18-073362,already_on_disk,Data\edgar\item5_02_text\732712\0001193125-18-073362_d544764d8k.htm
documents,732712,2019-06-03,0001193125-17-303383,already_on_disk,Data\edgar\item5_02_text\732712\0001193125-17-303383_d469226d8k.htm
documents,732712,2023-05-11,0001193125-23-058988,already_on_disk,Data\edgar\item5_02_text\732712\0001193125-23-058988_d461784d8k.htm
documents,732712,2023-05-11,0001193125-22-278771,already_on_disk,Data\edgar\item5_02_text\732712\0001193125-22-278771_d416800d8k.htm
documents,732712,2023-05-11,0001193125-22-230055,already_on_disk,Data\edgar\item5_02_text\732712\0001193125-22-230055_d373006d8k.htm
documents,732712,2023-05-11,0001193125-22-230053,already_on_disk,Data\edgar\item5_02_text\732712\0001193125-22-230053_d375293d8ka.htm
documents,732712,2023-05-11,0001193125-22-168378,already_on_disk,Data\edgar\item5_02_text\732712\0001193125-22-168378_d366918d8k.htm
documents,732712,2023-05-11,0001193125-22-151826,already_on_disk,Data\edgar\item5_02_text\732712\0001193125-22-151826_d340833d8k.htm
documents,732712,2023-05-11,0001193125-21-346654,already_on_disk,Data\edgar\item5_02_text\732712\0001193125-21-346654_d228353d8ka.htm
documents,732712,2023-05-11,0001193125-21-346650,already_on_disk,Data\edgar\item5_02_text\732712\0001193125-21-346650_d228333d8ka.htm
documents,732712,2023-05-11,0001193125-21-323046,already_on_disk,Data\edgar\item5_02_text\732712\0001193125-21-323046_d231208d8k.htm
documents,732712,2023-05-11,0001193125-21-262922,already_on_disk,Data\edgar\item5_02_text\732712\0001193125-21-262922_d198679d8k.htm
documents,732712,2023-05-11,0001193125-21-245801,already_on_disk,Data\edgar\item5_02_text\732712\0001193125-21-245801_d216962d8k.htm
documents,732712,2023-05-11,0001193125-21-199523,already_on_disk,Data\edgar\item5_02_text\732712\0001193125-21-199523_d139513d8k.htm
documents,732712,2023-05-11,0001193125-21-160418,already_on_disk,Data\edgar\item5_02_text\732712\0001193125-21-160418_d528712d8ka.htm
documents,732712,2023-09-21,0001193125-24-170544,already_on_disk,Data\edgar\item5_02_text\732712\0001193125-24-170544_d858119d8k.htm
documents,732712,2023-09-21,0001193125-24-146021,already_on_disk,Data\edgar\item5_02_text\732712\0001193125-24-146021_d770164d8k.htm
documents,732712,2023-09-21,0001193125-24-022476,already_on_disk,Data\edgar\item5_02_text\732712\0001193125-24-022476_d745812d8k.htm
documents,732712,2023-09-21,0001193125-24-013874,already_on_disk,Data\edgar\item5_02_text\732712\0001193125-24-013874_d701168d8k.htm
documents,732712,2023-09-21,0001193125-23-058988,already_on_disk,Data\edgar\item5_02_text\732712\0001193125-23-058988_d461784d8k.htm
documents,732712,2023-09-21,0001193125-22-278771,already_on_disk,Data\edgar\item5_02_text\732712\0001193125-22-278771_d416800d8k.htm
documents,732712,2023-09-21,0001193125-22-230055,already_on_disk,Data\edgar\item5_02_text\732712\0001193125-22-230055_d373006d8k.htm
documents,732712,2023-09-21,0001193125-22-230053,already_on_disk,Data\edgar\item5_02_text\732712\0001193125-22-230053_d375293d8ka.htm
documents,732712,2023-09-21,0001193125-22-168378,already_on_disk,Data\edgar\item5_02_text\732712\0001193125-22-168378_d366918d8k.htm
documents,732712,2023-09-21,0001193125-22-151826,already_on_disk,Data\edgar\item5_02_text\732712\0001193125-22-151826_d340833d8k.htm
documents,732712,2023-09-21,0001193125-21-346654,already_on_disk,Data\edgar\item5_02_text\732712\0001193125-21-346654_d228353d8ka.htm
documents,732712,2023-09-21,0001193125-21-346650,already_on_disk,Data\edgar\item5_02_text\732712\0001193125-21-346650_d228333d8ka.htm
documents,732712,2023-09-21,0001193125-21-323046,already_on_disk,Data\edgar\item5_02_text\732712\0001193125-21-323046_d231208d8k.htm
documents,732712,2024-02-06,0001193125-24-170544,already_on_disk,Data\edgar\item5_02_text\732712\0001193125-24-170544_d858119d8k.htm
documents,732712,2024-02-06,0001193125-24-146021,already_on_disk,Data\edgar\item5_02_text\732712\0001193125-24-146021_d770164d8k.htm
documents,732712,2024-02-06,0001193125-24-022476,already_on_disk,Data\edgar\item5_02_text\732712\0001193125-24-022476_d745812d8k.htm
documents,732712,2024-02-06,0001193125-24-013874,already_on_disk,Data\edgar\item5_02_text\732712\0001193125-24-013874_d701168d8k.htm
documents,732712,2024-02-06,0001193125-23-058988,already_on_disk,Data\edgar\item5_02_text\732712\0001193125-23-058988_d461784d8k.htm
documents,732712,2024-02-06,0001193125-22-278771,already_on_disk,Data\edgar\item5_02_text\732712\0001193125-22-278771_d416800d8k.htm
documents,732712,2024-02-06,0001193125-22-230055,already_on_disk,Data\edgar\item5_02_text\732712\0001193125-22-230055_d373006d8k.htm
documents,732712,2024-02-06,0001193125-22-230053,already_on_disk,Data\edgar\item5_02_text\732712\0001193125-22-230053_d375293d8ka.htm
documents,732712,2024-02-06,0001193125-22-168378,already_on_disk,Data\edgar\item5_02_text\732712\0001193125-22-168378_d366918d8k.htm
documents,732712,2024-02-06,0001193125-22-151826,already_on_disk,Data\edgar\item5_02_text\732712\0001193125-22-151826_d340833d8k.htm
documents,732717,2008-05-23,0000732717-08-000070,already_on_disk,Data\edgar\item5_02_text\732717\0000732717-08-000070_chicopardo8k.htm
documents,732717,2008-05-23,0000732717-07-000089,already_on_disk,Data\edgar\item5_02_text\732717\0000732717-07-000089_amdmobilityplan.htm
documents,732717,2008-05-23,0000732717-07-000084,already_on_disk,Data\edgar\item5_02_text\732717\0000732717-07-000084_sigmanretirement8k.htm
documents,732717,2008-05-23,0000732717-07-000038,already_on_disk,Data\edgar\item5_02_text\732717\0000732717-07-000038_amdceopay.htm
documents,732717,2008-05-23,0000732717-07-000028,already_on_disk,Data\edgar\item5_02_text\732717\0000732717-07-000028_annmeet20078k.htm
documents,732717,2008-05-23,0000732717-07-000007,already_on_disk,Data\edgar\item5_02_text\732717\0000732717-07-000007_cmteappts8k.htm
documents,732717,2008-05-23,0000950123-06-015733,already_on_disk,Data\edgar\item5_02_text\732717\0000950123-06-015733_y28428e8vk.txt
documents,732717,2012-01-01,0000732717-12-000063,already_on_disk,Data\edgar\item5_02_text\732717\0000732717-12-000063_ford.htm
documents,732717,2012-01-01,0000732717-11-000107,already_on_disk,Data\edgar\item5_02_text\732717\0000732717-11-000107_stephensonserp.htm
documents,732717,2012-01-01,0000732717-11-000033,already_on_disk,Data\edgar\item5_02_text\732717\0000732717-11-000033_form8k-a.htm
documents,732717,2012-01-01,0000732717-11-000016,already_on_disk,Data\edgar\item5_02_text\732717\0000732717-11-000016_lindner_8k.htm
documents,732717,2012-01-01,0000732717-10-000097,already_on_disk,Data\edgar\item5_02_text\732717\0000732717-10-000097_rose8ka.htm
documents,732717,2012-01-01,0000732717-10-000082,already_on_disk,Data\edgar\item5_02_text\732717\0000732717-10-000082_sept20108k.htm
documents,732717,2012-01-01,0000732717-10-000051,already_on_disk,Data\edgar\item5_02_text\732717\0000732717-10-000051_june8k2010j24.htm
documents,732717,2012-01-01,0000732717-10-000011,already_on_disk,Data\edgar\item5_02_text\732717\0000732717-10-000011_aldinger8k.htm
documents,732717,2013-01-01,0000732717-15-000089,already_on_disk,Data\edgar\item5_02_text\732717\0000732717-15-000089_form8k.htm
documents,732717,2013-01-01,0000732717-15-000073,already_on_disk,Data\edgar\item5_02_text\732717\0000732717-15-000073_form8k.htm
documents,732717,2013-01-01,0000732717-15-000056,already_on_disk,Data\edgar\item5_02_text\732717\0000732717-15-000056_form8k.htm
documents,732717,2013-01-01,0000732717-14-000138,already_on_disk,Data\edgar\item5_02_text\732717\0000732717-14-000138_form8k.htm
documents,732717,2013-01-01,0000732717-14-000126,already_on_disk,Data\edgar\item5_02_text\732717\0000732717-14-000126_form8k.htm
documents,732717,2013-01-01,0000732717-14-000094,already_on_disk,Data\edgar\item5_02_text\732717\0000732717-14-000094_form8k.htm
documents,732717,2013-01-01,0000732717-13-000101,already_on_disk,Data\edgar\item5_02_text\732717\0000732717-13-000101_hrc8k.htm
documents,732717,2013-01-01,0000732717-13-000090,already_on_disk,Data\edgar\item5_02_text\732717\0000732717-13-000090_newdirector8k.htm
documents,732717,2013-01-01,0000732717-13-000077,already_on_disk,Data\edgar\item5_02_text\732717\0000732717-13-000077_form8k.htm
documents,732717,2013-01-01,0000732717-13-000058,already_on_disk,Data\edgar\item5_02_text\732717\0000732717-13-000058_taylor8k.htm
documents,732717,2013-01-01,0000732717-13-000012,already_on_disk,Data\edgar\item5_02_text\732717\0000732717-13-000012_mccallister8k.htm
documents,732717,2013-01-01,0000732717-12-000063,already_on_disk,Data\edgar\item5_02_text\732717\0000732717-12-000063_ford.htm
documents,732717,2013-01-01,0000732717-11-000107,already_on_disk,Data\edgar\item5_02_text\732717\0000732717-11-000107_stephensonserp.htm
documents,732717,2013-01-01,0000732717-11-000033,already_on_disk,Data\edgar\item5_02_text\732717\0000732717-11-000033_form8k-a.htm
documents,732717,2013-01-01,0000732717-11-000016,already_on_disk,Data\edgar\item5_02_text\732717\0000732717-11-000016_lindner_8k.htm
documents,732717,2013-11-05,0000732717-14-000126,already_on_disk,Data\edgar\item5_02_text\732717\0000732717-14-000126_form8k.htm
documents,732717,2013-11-05,0000732717-14-000094,already_on_disk,Data\edgar\item5_02_text\732717\0000732717-14-000094_form8k.htm
documents,732717,2013-11-05,0000732717-13-000101,already_on_disk,Data\edgar\item5_02_text\732717\0000732717-13-000101_hrc8k.htm
documents,732717,2013-11-05,0000732717-13-000090,already_on_disk,Data\edgar\item5_02_text\732717\0000732717-13-000090_newdirector8k.htm
documents,732717,2013-11-05,0000732717-13-000077,already_on_disk,Data\edgar\item5_02_text\732717\0000732717-13-000077_form8k.htm
documents,732717,2013-11-05,0000732717-13-000058,already_on_disk,Data\edgar\item5_02_text\732717\0000732717-13-000058_taylor8k.htm
documents,732717,2013-11-05,0000732717-13-000012,already_on_disk,Data\edgar\item5_02_text\732717\0000732717-13-000012_mccallister8k.htm
documents,732717,2013-11-05,0000732717-12-000063,already_on_disk,Data\edgar\item5_02_text\732717\0000732717-12-000063_ford.htm
documents,732717,2013-11-05,0000732717-11-000107,already_on_disk,Data\edgar\item5_02_text\732717\0000732717-11-000107_stephensonserp.htm
documents,732717,2014-02-01,0000732717-15-000089,already_on_disk,Data\edgar\item5_02_text\732717\0000732717-15-000089_form8k.htm
documents,732717,2014-02-01,0000732717-15-000073,already_on_disk,Data\edgar\item5_02_text\732717\0000732717-15-000073_form8k.htm
documents,732717,2014-02-01,0000732717-15-000056,already_on_disk,Data\edgar\item5_02_text\732717\0000732717-15-000056_form8k.htm
documents,732717,2014-02-01,0000732717-14-000138,already_on_disk,Data\edgar\item5_02_text\732717\0000732717-14-000138_form8k.htm
documents,732717,2014-02-01,0000732717-14-000126,already_on_disk,Data\edgar\item5_02_text\732717\0000732717-14-000126_form8k.htm
documents,732717,2014-02-01,0000732717-14-000094,already_on_disk,Data\edgar\item5_02_text\732717\0000732717-14-000094_form8k.htm
documents,732717,2014-02-01,0000732717-13-000101,already_on_disk,Data\edgar\item5_02_text\732717\0000732717-13-000101_hrc8k.htm
documents,732717,2014-02-01,0000732717-13-000090,already_on_disk,Data\edgar\item5_02_text\732717\0000732717-13-000090_newdirector8k.htm
documents,732717,2014-02-01,0000732717-13-000077,already_on_disk,Data\edgar\item5_02_text\732717\0000732717-13-000077_form8k.htm
documents,732717,2014-02-01,0000732717-13-000058,already_on_disk,Data\edgar\item5_02_text\732717\0000732717-13-000058_taylor8k.htm
documents,732717,2014-02-01,0000732717-13-000012,already_on_disk,Data\edgar\item5_02_text\732717\0000732717-13-000012_mccallister8k.htm
documents,732717,2014-02-01,0000732717-12-000063,already_on_disk,Data\edgar\item5_02_text\732717\0000732717-12-000063_ford.htm
documents,732717,2014-04-01,0000732717-14-000126,already_on_disk,Data\edgar\item5_02_text\732717\0000732717-14-000126_form8k.htm
documents,732717,2014-04-01,0000732717-14-000094,already_on_disk,Data\edgar\item5_02_text\732717\0000732717-14-000094_form8k.htm
documents,732717,2014-04-01,0000732717-13-000101,already_on_disk,Data\edgar\item5_02_text\732717\0000732717-13-000101_hrc8k.htm
documents,732717,2014-04-01,0000732717-13-000090,already_on_disk,Data\edgar\item5_02_text\732717\0000732717-13-000090_newdirector8k.htm
documents,732717,2014-04-01,0000732717-13-000077,already_on_disk,Data\edgar\item5_02_text\732717\0000732717-13-000077_form8k.htm
documents,732717,2014-04-01,0000732717-13-000058,already_on_disk,Data\edgar\item5_02_text\732717\0000732717-13-000058_taylor8k.htm
documents,732717,2014-04-01,0000732717-13-000012,already_on_disk,Data\edgar\item5_02_text\732717\0000732717-13-000012_mccallister8k.htm
documents,732717,2014-04-01,0000732717-12-000063,already_on_disk,Data\edgar\item5_02_text\732717\0000732717-12-000063_ford.htm
documents,732717,2014-04-09,0000732717-14-000126,already_on_disk,Data\edgar\item5_02_text\732717\0000732717-14-000126_form8k.htm
documents,732717,2014-04-09,0000732717-14-000094,already_on_disk,Data\edgar\item5_02_text\732717\0000732717-14-000094_form8k.htm
documents,732717,2014-04-09,0000732717-13-000101,already_on_disk,Data\edgar\item5_02_text\732717\0000732717-13-000101_hrc8k.htm
documents,732717,2014-04-09,0000732717-13-000090,already_on_disk,Data\edgar\item5_02_text\732717\0000732717-13-000090_newdirector8k.htm
documents,732717,2014-04-09,0000732717-13-000077,already_on_disk,Data\edgar\item5_02_text\732717\0000732717-13-000077_form8k.htm
documents,732717,2014-04-09,0000732717-13-000058,already_on_disk,Data\edgar\item5_02_text\732717\0000732717-13-000058_taylor8k.htm
documents,732717,2014-04-09,0000732717-13-000012,already_on_disk,Data\edgar\item5_02_text\732717\0000732717-13-000012_mccallister8k.htm
documents,732717,2014-04-09,0000732717-12-000063,already_on_disk,Data\edgar\item5_02_text\732717\0000732717-12-000063_ford.htm
documents,732717,2014-06-05,0000732717-15-000089,already_on_disk,Data\edgar\item5_02_text\732717\0000732717-15-000089_form8k.htm
documents,732717,2014-06-05,0000732717-15-000073,already_on_disk,Data\edgar\item5_02_text\732717\0000732717-15-000073_form8k.htm
documents,732717,2014-06-05,0000732717-15-000056,already_on_disk,Data\edgar\item5_02_text\732717\0000732717-15-000056_form8k.htm
documents,732717,2014-06-05,0000732717-14-000138,already_on_disk,Data\edgar\item5_02_text\732717\0000732717-14-000138_form8k.htm
documents,732717,2014-06-05,0000732717-14-000126,already_on_disk,Data\edgar\item5_02_text\732717\0000732717-14-000126_form8k.htm
documents,732717,2014-06-05,0000732717-14-000094,already_on_disk,Data\edgar\item5_02_text\732717\0000732717-14-000094_form8k.htm
documents,732717,2014-06-05,0000732717-13-000101,already_on_disk,Data\edgar\item5_02_text\732717\0000732717-13-000101_hrc8k.htm
documents,732717,2014-06-05,0000732717-13-000090,already_on_disk,Data\edgar\item5_02_text\732717\0000732717-13-000090_newdirector8k.htm
documents,732717,2014-06-05,0000732717-13-000077,already_on_disk,Data\edgar\item5_02_text\732717\0000732717-13-000077_form8k.htm
documents,732717,2014-06-05,0000732717-13-000058,already_on_disk,Data\edgar\item5_02_text\732717\0000732717-13-000058_taylor8k.htm
documents,732717,2014-06-05,0000732717-13-000012,already_on_disk,Data\edgar\item5_02_text\732717\0000732717-13-000012_mccallister8k.htm
documents,732717,2014-06-05,0000732717-12-000063,already_on_disk,Data\edgar\item5_02_text\732717\0000732717-12-000063_ford.htm
documents,732717,2014-06-11,0000732717-15-000089,already_on_disk,Data\edgar\item5_02_text\732717\0000732717-15-000089_form8k.htm
documents,732717,2014-06-11,0000732717-15-000073,already_on_disk,Data\edgar\item5_02_text\732717\0000732717-15-000073_form8k.htm
documents,732717,2014-06-11,0000732717-15-000056,already_on_disk,Data\edgar\item5_02_text\732717\0000732717-15-000056_form8k.htm
documents,732717,2014-06-11,0000732717-14-000138,already_on_disk,Data\edgar\item5_02_text\732717\0000732717-14-000138_form8k.htm
documents,732717,2014-06-11,0000732717-14-000126,already_on_disk,Data\edgar\item5_02_text\732717\0000732717-14-000126_form8k.htm
documents,732717,2014-06-11,0000732717-14-000094,already_on_disk,Data\edgar\item5_02_text\732717\0000732717-14-000094_form8k.htm
documents,732717,2014-06-11,0000732717-13-000101,already_on_disk,Data\edgar\item5_02_text\732717\0000732717-13-000101_hrc8k.htm
documents,732717,2014-06-11,0000732717-13-000090,already_on_disk,Data\edgar\item5_02_text\732717\0000732717-13-000090_newdirector8k.htm
documents,732717,2014-06-11,0000732717-13-000077,already_on_disk,Data\edgar\item5_02_text\732717\0000732717-13-000077_form8k.htm
documents,732717,2014-06-11,0000732717-13-000058,already_on_disk,Data\edgar\item5_02_text\732717\0000732717-13-000058_taylor8k.htm
documents,732717,2014-06-11,0000732717-13-000012,already_on_disk,Data\edgar\item5_02_text\732717\0000732717-13-000012_mccallister8k.htm
documents,732717,2014-06-11,0000732717-12-000063,already_on_disk,Data\edgar\item5_02_text\732717\0000732717-12-000063_ford.htm
documents,732717,2014-08-05,0000732717-14-000138,already_on_disk,Data\edgar\item5_02_text\732717\0000732717-14-000138_form8k.htm
documents,732717,2014-08-05,0000732717-14-000126,already_on_disk,Data\edgar\item5_02_text\732717\0000732717-14-000126_form8k.htm
documents,732717,2014-08-05,0000732717-14-000094,already_on_disk,Data\edgar\item5_02_text\732717\0000732717-14-000094_form8k.htm
documents,732717,2014-08-05,0000732717-13-000101,already_on_disk,Data\edgar\item5_02_text\732717\0000732717-13-000101_hrc8k.htm
documents,732717,2014-08-05,0000732717-13-000090,already_on_disk,Data\edgar\item5_02_text\732717\0000732717-13-000090_newdirector8k.htm
documents,732717,2014-08-05,0000732717-13-000077,already_on_disk,Data\edgar\item5_02_text\732717\0000732717-13-000077_form8k.htm
documents,732717,2014-08-05,0000732717-13-000058,already_on_disk,Data\edgar\item5_02_text\732717\0000732717-13-000058_taylor8k.htm
documents,732717,2014-08-05,0000732717-13-000012,already_on_disk,Data\edgar\item5_02_text\732717\0000732717-13-000012_mccallister8k.htm
documents,732717,2014-08-11,0000732717-14-000138,already_on_disk,Data\edgar\item5_02_text\732717\0000732717-14-000138_form8k.htm
documents,732717,2014-08-11,0000732717-14-000126,already_on_disk,Data\edgar\item5_02_text\732717\0000732717-14-000126_form8k.htm
documents,732717,2014-08-11,0000732717-14-000094,already_on_disk,Data\edgar\item5_02_text\732717\0000732717-14-000094_form8k.htm
documents,732717,2014-08-11,0000732717-13-000101,already_on_disk,Data\edgar\item5_02_text\732717\0000732717-13-000101_hrc8k.htm
documents,732717,2014-08-11,0000732717-13-000090,already_on_disk,Data\edgar\item5_02_text\732717\0000732717-13-000090_newdirector8k.htm
documents,732717,2014-08-11,0000732717-13-000077,already_on_disk,Data\edgar\item5_02_text\732717\0000732717-13-000077_form8k.htm
documents,732717,2014-08-11,0000732717-13-000058,already_on_disk,Data\edgar\item5_02_text\732717\0000732717-13-000058_taylor8k.htm
documents,732717,2014-08-11,0000732717-13-000012,already_on_disk,Data\edgar\item5_02_text\732717\0000732717-13-000012_mccallister8k.htm
documents,732717,2014-10-09,0000732717-14-000138,already_on_disk,Data\edgar\item5_02_text\732717\0000732717-14-000138_form8k.htm
documents,732717,2014-10-09,0000732717-14-000126,already_on_disk,Data\edgar\item5_02_text\732717\0000732717-14-000126_form8k.htm
documents,732717,2014-10-09,0000732717-14-000094,already_on_disk,Data\edgar\item5_02_text\732717\0000732717-14-000094_form8k.htm
documents,732717,2014-10-09,0000732717-13-000101,already_on_disk,Data\edgar\item5_02_text\732717\0000732717-13-000101_hrc8k.htm
documents,732717,2014-10-09,0000732717-13-000090,already_on_disk,Data\edgar\item5_02_text\732717\0000732717-13-000090_newdirector8k.htm
documents,732717,2014-10-09,0000732717-13-000077,already_on_disk,Data\edgar\item5_02_text\732717\0000732717-13-000077_form8k.htm
documents,732717,2014-10-09,0000732717-13-000058,already_on_disk,Data\edgar\item5_02_text\732717\0000732717-13-000058_taylor8k.htm
documents,732717,2014-10-09,0000732717-13-000012,already_on_disk,Data\edgar\item5_02_text\732717\0000732717-13-000012_mccallister8k.htm
documents,732717,2014-10-16,0000732717-14-000138,already_on_disk,Data\edgar\item5_02_text\732717\0000732717-14-000138_form8k.htm
documents,732717,2014-10-16,0000732717-14-000126,already_on_disk,Data\edgar\item5_02_text\732717\0000732717-14-000126_form8k.htm
documents,732717,2014-10-16,0000732717-14-000094,already_on_disk,Data\edgar\item5_02_text\732717\0000732717-14-000094_form8k.htm
documents,732717,2014-10-16,0000732717-13-000101,already_on_disk,Data\edgar\item5_02_text\732717\0000732717-13-000101_hrc8k.htm
documents,732717,2014-10-16,0000732717-13-000090,already_on_disk,Data\edgar\item5_02_text\732717\0000732717-13-000090_newdirector8k.htm
documents,732717,2014-10-16,0000732717-13-000077,already_on_disk,Data\edgar\item5_02_text\732717\0000732717-13-000077_form8k.htm
documents,732717,2014-10-16,0000732717-13-000058,already_on_disk,Data\edgar\item5_02_text\732717\0000732717-13-000058_taylor8k.htm
documents,732717,2014-10-16,0000732717-13-000012,already_on_disk,Data\edgar\item5_02_text\732717\0000732717-13-000012_mccallister8k.htm
documents,732717,2017-01-01,0000732717-17-000084,already_on_disk,Data\edgar\item5_02_text\732717\0000732717-17-000084_serpamendment8k.htm
documents,732717,2017-01-01,0000732717-16-000257,already_on_disk,Data\edgar\item5_02_text\732717\0000732717-16-000257_form8k.htm
documents,732717,2017-01-01,0000732717-16-000251,already_on_disk,Data\edgar\item5_02_text\732717\0000732717-16-000251_delavegaretirement8k.htm
documents,732717,2017-01-01,0000732717-16-000186,already_on_disk,Data\edgar\item5_02_text\732717\0000732717-16-000186_newdirector8k.htm
documents,732717,2017-01-01,0000732717-15-000089,already_on_disk,Data\edgar\item5_02_text\732717\0000732717-15-000089_form8k.htm
documents,732717,2017-01-01,0000732717-15-000073,already_on_disk,Data\edgar\item5_02_text\732717\0000732717-15-000073_form8k.htm
documents,732717,2017-01-01,0000732717-15-000056,already_on_disk,Data\edgar\item5_02_text\732717\0000732717-15-000056_form8k.htm
documents,732717,2017-01-25,0000732717-17-000084,already_on_disk,Data\edgar\item5_02_text\732717\0000732717-17-000084_serpamendment8k.htm
documents,732717,2017-01-25,0000732717-16-000257,already_on_disk,Data\edgar\item5_02_text\732717\0000732717-16-000257_form8k.htm
documents,732717,2017-01-25,0000732717-16-000251,already_on_disk,Data\edgar\item5_02_text\732717\0000732717-16-000251_delavegaretirement8k.htm
documents,732717,2017-01-25,0000732717-16-000186,already_on_disk,Data\edgar\item5_02_text\732717\0000732717-16-000186_newdirector8k.htm
documents,732717,2017-01-25,0000732717-15-000089,already_on_disk,Data\edgar\item5_02_text\732717\0000732717-15-000089_form8k.htm
documents,732717,2017-01-25,0000732717-15-000073,already_on_disk,Data\edgar\item5_02_text\732717\0000732717-15-000073_form8k.htm
documents,732717,2017-01-25,0000732717-15-000056,already_on_disk,Data\edgar\item5_02_text\732717\0000732717-15-000056_form8k.htm
documents,732717,2017-02-01,0000732717-18-000005,already_on_disk,Data\edgar\item5_02_text\732717\0000732717-18-000005_form8k.htm
documents,732717,2017-02-01,0000732717-17-000084,already_on_disk,Data\edgar\item5_02_text\732717\0000732717-17-000084_serpamendment8k.htm
documents,732717,2017-02-01,0000732717-16-000257,already_on_disk,Data\edgar\item5_02_text\732717\0000732717-16-000257_form8k.htm
documents,732717,2017-02-01,0000732717-16-000251,already_on_disk,Data\edgar\item5_02_text\732717\0000732717-16-000251_delavegaretirement8k.htm
documents,732717,2017-02-01,0000732717-16-000186,already_on_disk,Data\edgar\item5_02_text\732717\0000732717-16-000186_newdirector8k.htm
documents,732717,2017-02-01,0000732717-15-000089,already_on_disk,Data\edgar\item5_02_text\732717\0000732717-15-000089_form8k.htm
documents,732717,2017-02-01,0000732717-15-000073,already_on_disk,Data\edgar\item5_02_text\732717\0000732717-15-000073_form8k.htm
documents,732717,2017-02-01,0000732717-15-000056,already_on_disk,Data\edgar\item5_02_text\732717\0000732717-15-000056_form8k.htm
documents,732717,2018-08-17,0000732717-18-000050,already_on_disk,Data\edgar\item5_02_text\732717\0000732717-18-000050_form8k.htm
documents,732717,2018-08-17,0000732717-18-000005,already_on_disk,Data\edgar\item5_02_text\732717\0000732717-18-000005_form8k.htm
documents,732717,2018-08-17,0000732717-17-000084,already_on_disk,Data\edgar\item5_02_text\732717\0000732717-17-000084_serpamendment8k.htm
documents,732717,2018-08-17,0000732717-16-000257,already_on_disk,Data\edgar\item5_02_text\732717\0000732717-16-000257_form8k.htm
documents,732717,2018-08-17,0000732717-16-000251,already_on_disk,Data\edgar\item5_02_text\732717\0000732717-16-000251_delavegaretirement8k.htm
documents,732717,2018-08-21,0000732717-18-000050,already_on_disk,Data\edgar\item5_02_text\732717\0000732717-18-000050_form8k.htm
documents,732717,2018-08-21,0000732717-18-000005,already_on_disk,Data\edgar\item5_02_text\732717\0000732717-18-000005_form8k.htm
documents,732717,2018-08-21,0000732717-17-000084,already_on_disk,Data\edgar\item5_02_text\732717\0000732717-17-000084_serpamendment8k.htm
documents,732717,2018-08-21,0000732717-16-000257,already_on_disk,Data\edgar\item5_02_text\732717\0000732717-16-000257_form8k.htm
documents,732717,2018-08-21,0000732717-16-000251,already_on_disk,Data\edgar\item5_02_text\732717\0000732717-16-000251_delavegaretirement8k.htm
documents,732717,2019-01-01,0000732717-24-000012,already_on_disk,Data\edgar\item5_02_text\732717\0000732717-24-000012_t-20240301.htm
documents,732717,2019-01-01,0001193125-23-022845,already_on_disk,Data\edgar\item5_02_text\732717\0001193125-23-022845_d457902d8k.htm
documents,732717,2019-01-01,0000732717-22-000091,already_on_disk,Data\edgar\item5_02_text\732717\0000732717-22-000091_t-20220630.htm
documents,732717,2019-01-01,0000732717-22-000073,already_on_disk,Data\edgar\item5_02_text\732717\0000732717-22-000073_a8-kdial.htm
documents,732717,2019-01-01,0001193125-22-076137,already_on_disk,Data\edgar\item5_02_text\732717\0001193125-22-076137_d330864d8k.htm
documents,732717,2019-01-01,0000732717-21-000088,already_on_disk,Data\edgar\item5_02_text\732717\0000732717-21-000088_t-20210625.htm
documents,732717,2019-01-01,0001193125-21-199754,already_on_disk,Data\edgar\item5_02_text\732717\0001193125-21-199754_d139615d8k.htm
documents,732717,2019-01-01,0001193125-21-100281,already_on_disk,Data\edgar\item5_02_text\732717\0001193125-21-100281_d167058d8k.htm
documents,732717,2019-01-01,0001193125-21-015737,already_on_disk,Data\edgar\item5_02_text\732717\0001193125-21-015737_d21535d8k.htm
documents,732717,2019-01-01,0001193125-20-296128,already_on_disk,Data\edgar\item5_02_text\732717\0001193125-20-296128_d23235d8k.htm
documents,732717,2019-01-01,0000732717-20-000020,already_on_disk,Data\edgar\item5_02_text\732717\0000732717-20-000020_form8k.htm
documents,732717,2019-01-01,0001193125-20-123202,already_on_disk,Data\edgar\item5_02_text\732717\0001193125-20-123202_d913267d8k.htm
documents,732717,2019-01-01,0001193125-19-316283,already_on_disk,Data\edgar\item5_02_text\732717\0001193125-19-316283_d851493d8k.htm
documents,732717,2019-01-01,0000732717-19-000054,already_on_disk,Data\edgar\item5_02_text\732717\0000732717-19-000054_form8k.htm
documents,732717,2019-01-01,0001193125-19-239966,already_on_disk,Data\edgar\item5_02_text\732717\0001193125-19-239966_d799915d8k.htm
documents,732717,2019-01-01,0001193125-19-236682,already_on_disk,Data\edgar\item5_02_text\732717\0001193125-19-236682_d798261d8k.htm
documents,732717,2019-01-01,0001193125-19-233801,already_on_disk,Data\edgar\item5_02_text\732717\0001193125-19-233801_d767363d8k.htm
documents,732717,2019-01-01,0000732717-19-000034,already_on_disk,Data\edgar\item5_02_text\732717\0000732717-19-000034_newdirector.htm
documents,732717,2019-01-01,0000732717-18-000050,already_on_disk,Data\edgar\item5_02_text\732717\0000732717-18-000050_form8k.htm
documents,732717,2019-01-01,0000732717-18-000005,already_on_disk,Data\edgar\item5_02_text\732717\0000732717-18-000005_form8k.htm
documents,732717,2019-01-01,0000732717-17-000084,already_on_disk,Data\edgar\item5_02_text\732717\0000732717-17-000084_serpamendment8k.htm
documents,732717,2022-06-01,0000732717-24-000012,already_on_disk,Data\edgar\item5_02_text\732717\0000732717-24-000012_t-20240301.htm
documents,732717,2022-06-01,0001193125-23-022845,already_on_disk,Data\edgar\item5_02_text\732717\0001193125-23-022845_d457902d8k.htm
documents,732717,2022-06-01,0000732717-22-000091,already_on_disk,Data\edgar\item5_02_text\732717\0000732717-22-000091_t-20220630.htm
documents,732717,2022-06-01,0000732717-22-000073,already_on_disk,Data\edgar\item5_02_text\732717\0000732717-22-000073_a8-kdial.htm
documents,732717,2022-06-01,0001193125-22-076137,already_on_disk,Data\edgar\item5_02_text\732717\0001193125-22-076137_d330864d8k.htm
documents,732717,2022-06-01,0000732717-21-000088,already_on_disk,Data\edgar\item5_02_text\732717\0000732717-21-000088_t-20210625.htm
documents,732717,2022-06-01,0001193125-21-199754,already_on_disk,Data\edgar\item5_02_text\732717\0001193125-21-199754_d139615d8k.htm
documents,732717,2022-06-01,0001193125-21-100281,already_on_disk,Data\edgar\item5_02_text\732717\0001193125-21-100281_d167058d8k.htm
documents,732717,2022-06-01,0001193125-21-015737,already_on_disk,Data\edgar\item5_02_text\732717\0001193125-21-015737_d21535d8k.htm
documents,732717,2022-06-01,0001193125-20-296128,already_on_disk,Data\edgar\item5_02_text\732717\0001193125-20-296128_d23235d8k.htm
documents,732717,2022-06-01,0000732717-20-000020,already_on_disk,Data\edgar\item5_02_text\732717\0000732717-20-000020_form8k.htm
documents,732717,2022-08-30,0001193125-23-022845,already_on_disk,Data\edgar\item5_02_text\732717\0001193125-23-022845_d457902d8k.htm
documents,732717,2022-08-30,0000732717-22-000091,already_on_disk,Data\edgar\item5_02_text\732717\0000732717-22-000091_t-20220630.htm
documents,732717,2022-08-30,0000732717-22-000073,already_on_disk,Data\edgar\item5_02_text\732717\0000732717-22-000073_a8-kdial.htm
documents,732717,2022-08-30,0001193125-22-076137,already_on_disk,Data\edgar\item5_02_text\732717\0001193125-22-076137_d330864d8k.htm
documents,732717,2022-08-30,0000732717-21-000088,already_on_disk,Data\edgar\item5_02_text\732717\0000732717-21-000088_t-20210625.htm
documents,732717,2022-08-30,0001193125-21-199754,already_on_disk,Data\edgar\item5_02_text\732717\0001193125-21-199754_d139615d8k.htm
documents,732717,2022-08-30,0001193125-21-100281,already_on_disk,Data\edgar\item5_02_text\732717\0001193125-21-100281_d167058d8k.htm
documents,732717,2022-08-30,0001193125-21-015737,already_on_disk,Data\edgar\item5_02_text\732717\0001193125-21-015737_d21535d8k.htm
documents,732717,2022-08-30,0001193125-20-296128,already_on_disk,Data\edgar\item5_02_text\732717\0001193125-20-296128_d23235d8k.htm
documents,732717,2023-03-01,0001193125-23-022845,already_on_disk,Data\edgar\item5_02_text\732717\0001193125-23-022845_d457902d8k.htm
documents,732717,2023-03-01,0000732717-22-000091,already_on_disk,Data\edgar\item5_02_text\732717\0000732717-22-000091_t-20220630.htm
documents,732717,2023-03-01,0000732717-22-000073,already_on_disk,Data\edgar\item5_02_text\732717\0000732717-22-000073_a8-kdial.htm
documents,732717,2023-03-01,0001193125-22-076137,already_on_disk,Data\edgar\item5_02_text\732717\0001193125-22-076137_d330864d8k.htm
documents,732717,2023-03-01,0000732717-21-000088,already_on_disk,Data\edgar\item5_02_text\732717\0000732717-21-000088_t-20210625.htm
documents,732717,2023-03-01,0001193125-21-199754,already_on_disk,Data\edgar\item5_02_text\732717\0001193125-21-199754_d139615d8k.htm
documents,732717,2023-03-01,0001193125-21-100281,already_on_disk,Data\edgar\item5_02_text\732717\0001193125-21-100281_d167058d8k.htm
documents,732717,2024-03-17,0000732717-24-000012,already_on_disk,Data\edgar\item5_02_text\732717\0000732717-24-000012_t-20240301.htm
documents,732717,2024-03-17,0001193125-23-022845,already_on_disk,Data\edgar\item5_02_text\732717\0001193125-23-022845_d457902d8k.htm
documents,732717,2024-03-17,0000732717-22-000091,already_on_disk,Data\edgar\item5_02_text\732717\0000732717-22-000091_t-20220630.htm
documents,732717,2024-03-17,0000732717-22-000073,already_on_disk,Data\edgar\item5_02_text\732717\0000732717-22-000073_a8-kdial.htm
documents,732717,2024-03-26,0000732717-24-000012,already_on_disk,Data\edgar\item5_02_text\732717\0000732717-24-000012_t-20240301.htm
documents,732717,2024-03-26,0001193125-23-022845,already_on_disk,Data\edgar\item5_02_text\732717\0001193125-23-022845_d457902d8k.htm
documents,732717,2024-03-26,0000732717-22-000091,already_on_disk,Data\edgar\item5_02_text\732717\0000732717-22-000091_t-20220630.htm
documents,732717,2024-03-26,0000732717-22-000073,already_on_disk,Data\edgar\item5_02_text\732717\0000732717-22-000073_a8-kdial.htm
documents,732717,2024-04-09,0000732717-24-000012,already_on_disk,Data\edgar\item5_02_text\732717\0000732717-24-000012_t-20240301.htm
documents,732717,2024-04-09,0001193125-23-022845,already_on_disk,Data\edgar\item5_02_text\732717\0001193125-23-022845_d457902d8k.htm
documents,732717,2024-04-09,0000732717-22-000091,already_on_disk,Data\edgar\item5_02_text\732717\0000732717-22-000091_t-20220630.htm
documents,732717,2024-04-09,0000732717-22-000073,already_on_disk,Data\edgar\item5_02_text\732717\0000732717-22-000073_a8-kdial.htm
documents,732717,2024-04-14,0000732717-24-000012,already_on_disk,Data\edgar\item5_02_text\732717\0000732717-24-000012_t-20240301.htm
documents,732717,2024-04-14,0001193125-23-022845,already_on_disk,Data\edgar\item5_02_text\732717\0001193125-23-022845_d457902d8k.htm
documents,732717,2024-04-14,0000732717-22-000091,already_on_disk,Data\edgar\item5_02_text\732717\0000732717-22-000091_t-20220630.htm
documents,732717,2024-04-14,0000732717-22-000073,already_on_disk,Data\edgar\item5_02_text\732717\0000732717-22-000073_a8-kdial.htm
documents,764180,2006-12-01,0001193125-07-019313,already_on_disk,Data\edgar\item5_02_text\764180\0001193125-07-019313_d8k.htm
documents,764180,2006-12-01,0001193125-05-040688,already_on_disk,Data\edgar\item5_02_text\764180\0001193125-05-040688_d8ka.htm
documents,764180,2006-12-01,0001193125-05-040686,already_on_disk,Data\edgar\item5_02_text\764180\0001193125-05-040686_d8ka.htm
documents,764180,2006-12-01,0000950117-04-004470,already_on_disk,Data\edgar\item5_02_text\764180\0000950117-04-004470_a38915.htm
documents,771497,2018-01-08,0001144204-19-016646,already_on_disk,Data\edgar\item5_02_text\771497\0001144204-19-016646_tv517418_8ka.htm
documents,771497,2018-01-08,0001144204-19-016641,already_on_disk,Data\edgar\item5_02_text\771497\0001144204-19-016641_tv517419_8ka.htm
documents,771497,2018-01-08,0001144204-19-001120,already_on_disk,Data\edgar\item5_02_text\771497\0001144204-19-001120_tv510628_8k.htm
documents,771497,2018-01-08,0001144204-18-055152,already_on_disk,Data\edgar\item5_02_text\771497\0001144204-18-055152_tv505362_8k.htm
documents,771497,2018-01-08,0001144204-18-048330,already_on_disk,Data\edgar\item5_02_text\771497\0001144204-18-048330_tv502442_8k.htm
documents,771497,2018-01-08,0001571049-17-008020,already_on_disk,Data\edgar\item5_02_text\771497\0001571049-17-008020_t1702643_8k.htm
documents,771497,2018-01-08,0001571049-17-007803,already_on_disk,Data\edgar\item5_02_text\771497\0001571049-17-007803_t1702518_8k.htm
documents,771497,2018-01-08,0001571049-17-005791,already_on_disk,Data\edgar\item5_02_text\771497\0001571049-17-005791_t1704024x1_8k.htm
documents,771497,2018-01-08,0001571049-17-003091,already_on_disk,Data\edgar\item5_02_text\771497\0001571049-17-003091_t1700928_8k.htm
documents,771497,2018-01-08,0001571049-17-002191,already_on_disk,Data\edgar\item5_02_text\771497\0001571049-17-002191_t1700685_8ka.htm
documents,771497,2018-01-08,0001571049-17-000711,already_on_disk,Data\edgar\item5_02_text\771497\0001571049-17-000711_t1700228_8k.htm
documents,771497,2018-01-08,0001571049-16-020727,already_on_disk,Data\edgar\item5_02_text\771497\0001571049-16-020727_t1603127_8k.htm
documents,771497,2018-01-08,0001571049-16-015903,already_on_disk,Data\edgar\item5_02_text\771497\0001571049-16-015903_t1601513_8k.htm
documents,771497,2018-01-08,0001571049-16-011409,already_on_disk,Data\edgar\item5_02_text\771497\0001571049-16-011409_t1600293_8k.htm
documents,773840,2021-02-16,0001193125-21-215278,already_on_disk,Data\edgar\item5_02_text\773840\0001193125-21-215278_d153129d8k.htm
documents,773840,2021-02-16,0000773840-20-000031,already_on_disk,Data\edgar\item5_02_text\773840\0000773840-20-000031_hon-20200605.htm
documents,773840,2021-02-16,0000773840-20-000011,already_on_disk,Data\edgar\item5_02_text\773840\0000773840-20-000011_c917648k.htm
documents,773840,2021-02-16,0000773840-19-000029,already_on_disk,Data\edgar\item5_02_text\773840\0000773840-19-000029_c917648k.htm
documents,773840,2021-02-16,0000930413-19-002693,already_on_disk,Data\edgar\item5_02_text\773840\0000930413-19-002693_c94427_8k.htm
documents,773840,2021-02-16,0000930413-19-002643,already_on_disk,Data\edgar\item5_02_text\773840\0000930413-19-002643_c94369_8k-ixbrl.htm
documents,773840,2021-02-16,0000773840-19-000018,already_on_disk,Data\edgar\item5_02_text\773840\0000773840-19-000018_c917648k.htm
documents,773840,2021-02-16,0000930413-19-002021,already_on_disk,Data\edgar\item5_02_text\773840\0000930413-19-002021_c93930_8k.htm
documents,773840,2023-05-27,0000773840-24-000006,already_on_disk,Data\edgar\item5_02_text\773840\0000773840-24-000006_hon-20240130.htm
documents,773840,2023-05-27,0000773840-23-000088,already_on_disk,Data\edgar\item5_02_text\773840\0000773840-23-000088_hon-20231128.htm
documents,773840,2023-05-27,0000773840-23-000076,already_on_disk,Data\edgar\item5_02_text\773840\0000773840-23-000076_hon-20231010.htm
documents,773840,2023-05-27,0000773840-23-000063,already_on_disk,Data\edgar\item5_02_text\773840\0000773840-23-000063_hon-20230615.htm
documents,773840,2023-05-27,0001193125-23-069598,already_on_disk,Data\edgar\item5_02_text\773840\0001193125-23-069598_d780318d8k.htm
documents,773840,2023-05-27,0001193125-22-269566,already_on_disk,Data\edgar\item5_02_text\773840\0001193125-22-269566_d384236d8k.htm
documents,773840,2023-05-27,0000773840-22-000062,already_on_disk,Data\edgar\item5_02_text\773840\0000773840-22-000062_hon-20220930.htm
documents,773840,2023-05-27,0001193125-22-248396,already_on_disk,Data\edgar\item5_02_text\773840\0001193125-22-248396_d357106d8k.htm
documents,773840,2023-05-27,0000773840-22-000058,already_on_disk,Data\edgar\item5_02_text\773840\0000773840-22-000058_hon-20220901.htm
documents,773840,2023-05-27,0001193125-22-204108,already_on_disk,Data\edgar\item5_02_text\773840\0001193125-22-204108_d376391d8k.htm
documents,773840,2023-05-27,0001193125-22-011376,already_on_disk,Data\edgar\item5_02_text\773840\0001193125-22-011376_d300159d8k.htm
documents,773840,2023-05-27,0000773840-22-000003,already_on_disk,Data\edgar\item5_02_text\773840\0000773840-22-000003_hon-20220105.htm
documents,773840,2023-05-27,0001193125-21-215278,already_on_disk,Data\edgar\item5_02_text\773840\0001193125-21-215278_d153129d8k.htm
documents,773840,2023-06-03,0000773840-24-000006,already_on_disk,Data\edgar\item5_02_text\773840\0000773840-24-000006_hon-20240130.htm
documents,773840,2023-06-03,0000773840-23-000088,already_on_disk,Data\edgar\item5_02_text\773840\0000773840-23-000088_hon-20231128.htm
documents,773840,2023-06-03,0000773840-23-000076,already_on_disk,Data\edgar\item5_02_text\773840\0000773840-23-000076_hon-20231010.htm
documents,773840,2023-06-03,0000773840-23-000063,already_on_disk,Data\edgar\item5_02_text\773840\0000773840-23-000063_hon-20230615.htm
documents,773840,2023-06-03,0001193125-23-069598,already_on_disk,Data\edgar\item5_02_text\773840\0001193125-23-069598_d780318d8k.htm
documents,773840,2023-06-03,0001193125-22-269566,already_on_disk,Data\edgar\item5_02_text\773840\0001193125-22-269566_d384236d8k.htm
documents,773840,2023-06-03,0000773840-22-000062,already_on_disk,Data\edgar\item5_02_text\773840\0000773840-22-000062_hon-20220930.htm
documents,773840,2023-06-03,0001193125-22-248396,already_on_disk,Data\edgar\item5_02_text\773840\0001193125-22-248396_d357106d8k.htm
documents,773840,2023-06-03,0000773840-22-000058,already_on_disk,Data\edgar\item5_02_text\773840\0000773840-22-000058_hon-20220901.htm
documents,773840,2023-06-03,0001193125-22-204108,already_on_disk,Data\edgar\item5_02_text\773840\0001193125-22-204108_d376391d8k.htm
documents,773840,2023-06-03,0001193125-22-011376,already_on_disk,Data\edgar\item5_02_text\773840\0001193125-22-011376_d300159d8k.htm
documents,773840,2023-06-03,0000773840-22-000003,already_on_disk,Data\edgar\item5_02_text\773840\0000773840-22-000003_hon-20220105.htm
documents,773840,2023-06-03,0001193125-21-215278,already_on_disk,Data\edgar\item5_02_text\773840\0001193125-21-215278_d153129d8k.htm
documents,789019,2017-07-05,0001193125-17-357415,already_on_disk,Data\edgar\item5_02_text\789019\0001193125-17-357415_d485065d8k.htm
documents,789019,2017-07-05,0001193125-17-288464,already_on_disk,Data\edgar\item5_02_text\789019\0001193125-17-288464_d447207d8k.htm
documents,789019,2017-07-05,0001193125-17-082168,already_on_disk,Data\edgar\item5_02_text\789019\0001193125-17-082168_d303439d8k.htm
documents,789019,2017-07-05,0001193125-16-643151,already_on_disk,Data\edgar\item5_02_text\789019\0001193125-16-643151_d226559d8k.htm
documents,789019,2017-07-05,0001193125-15-318450,already_on_disk,Data\edgar\item5_02_text\789019\0001193125-15-318450_d37036d8k.htm
documents,789019,2019-12-05,0001193125-20-188481,already_on_disk,Data\edgar\item5_02_text\789019\0001193125-20-188481_d88910d8k.htm
documents,789019,2019-12-05,0001193125-20-184744,already_on_disk,Data\edgar\item5_02_text\789019\0001193125-20-184744_d949734d8k.htm
documents,789019,2019-12-05,0001193125-20-073072,already_on_disk,Data\edgar\item5_02_text\789019\0001193125-20-073072_d884867d8k.htm
documents,789019,2019-12-05,0001193125-19-249565,already_on_disk,Data\edgar\item5_02_text\789019\0001193125-19-249565_d797112d8k.htm
documents,789019,2019-12-05,0001193125-18-277602,already_on_disk,Data\edgar\item5_02_text\789019\0001193125-18-277602_d602842d8k.htm
documents,789019,2022-03-01,0001193125-21-167940,already_on_disk,Data\edgar\item5_02_text\789019\0001193125-21-167940_d171596d8k.htm
documents,789019,2022-03-01,0001193125-20-188481,already_on_disk,Data\edgar\item5_02_text\789019\0001193125-20-188481_d88910d8k.htm
documents,789019,2022-03-01,0001193125-20-184744,already_on_disk,Data\edgar\item5_02_text\789019\0001193125-20-184744_d949734d8k.htm
documents,789019,2022-03-01,0001193125-20-073072,already_on_disk,Data\edgar\item5_02_text\789019\0001193125-20-073072_d884867d8k.htm
documents,789019,2022-09-24,0001193125-21-167940,already_on_disk,Data\edgar\item5_02_text\789019\0001193125-21-167940_d171596d8k.htm
documents,789019,2023-05-28,,no_502_in_window,
documents,789570,2019-07-07,0001193125-20-038441,already_on_disk,Data\edgar\item5_02_text\789570\0001193125-20-038441_d870226d8k.htm
documents,789570,2019-07-07,0001193125-19-048428,already_on_disk,Data\edgar\item5_02_text\789570\0001193125-19-048428_d689692d8k.htm
documents,789570,2019-07-07,0001193125-19-012788,already_on_disk,Data\edgar\item5_02_text\789570\0001193125-19-012788_d685192d8k.htm
documents,789570,2019-07-07,0001193125-18-297663,already_on_disk,Data\edgar\item5_02_text\789570\0001193125-18-297663_d633159d8k.htm
documents,789570,2019-07-07,0001193125-18-255165,already_on_disk,Data\edgar\item5_02_text\789570\0001193125-18-255165_d610341d8k.htm
documents,789570,2019-07-07,0001193125-18-084015,already_on_disk,Data\edgar\item5_02_text\789570\0001193125-18-084015_d551820d8k.htm
documents,789570,2023-09-08,0001193125-23-056496,already_on_disk,Data\edgar\item5_02_text\789570\0001193125-23-056496_d465171d8k.htm
documents,789570,2023-09-08,0001193125-22-226494,already_on_disk,Data\edgar\item5_02_text\789570\0001193125-22-226494_d337126d8k.htm
documents,789570,2023-09-08,0000789570-22-000020,already_on_disk,Data\edgar\item5_02_text\789570\0000789570-22-000020_mgm-20220620.htm
documents,789570,2023-09-08,0001193125-22-145101,already_on_disk,Data\edgar\item5_02_text\789570\0001193125-22-145101_d276126d8k.htm
documents,789570,2023-09-08,0001193125-21-370665,already_on_disk,Data\edgar\item5_02_text\789570\0001193125-21-370665_d285126d8k.htm
documents,790070,2014-01-07,0000790070-14-000025,already_on_disk,Data\edgar\item5_02_text\790070\0000790070-14-000025_a8-kforfebruary2014.htm
documents,790070,2014-01-07,0000790070-13-000067,already_on_disk,Data\edgar\item5_02_text\790070\0000790070-13-000067_a8-kforjuly2013.htm
documents,790070,2014-01-07,0000790070-12-000136,already_on_disk,Data\edgar\item5_02_text\790070\0000790070-12-000136_a8-kforsept2012.htm
documents,790070,2014-01-07,0000790070-12-000102,already_on_disk,Data\edgar\item5_02_text\790070\0000790070-12-000102_a8-kfor82012.htm
documents,790070,2014-01-07,0001193125-12-305335,already_on_disk,Data\edgar\item5_02_text\790070\0001193125-12-305335_d381923d8k.htm
documents,790070,2014-01-07,0001193125-12-021198,already_on_disk,Data\edgar\item5_02_text\790070\0001193125-12-021198_d289231d8k.htm
documents,796343,2013-09-11,0000796343-14-000007,already_on_disk,Data\edgar\item5_02_text\796343\0000796343-14-000007_a8-kxitem502xjanuary2014.htm
documents,796343,2013-09-11,0000796343-13-000036,already_on_disk,Data\edgar\item5_02_text\796343\0000796343-13-000036_a8-kannualmeetingresults.htm
documents,796343,2013-09-11,0000796343-13-000030,already_on_disk,Data\edgar\item5_02_text\796343\0000796343-13-000030_adbe8kq113.htm
documents,796343,2013-09-11,0000796343-13-000017,already_on_disk,Data\edgar\item5_02_text\796343\0000796343-13-000017_a8-kxitem502xjanuary2013.htm
documents,796343,2013-09-11,0001104659-12-082162,already_on_disk,Data\edgar\item5_02_text\796343\0001104659-12-082162_a12-28685_18k.htm
documents,796343,2013-09-11,0001104659-12-047044,already_on_disk,Data\edgar\item5_02_text\796343\0001104659-12-047044_a12-15738_18ka.htm
documents,796343,2013-09-11,0001104659-12-036984,already_on_disk,Data\edgar\item5_02_text\796343\0001104659-12-036984_a12-12167_18k.htm
documents,796343,2013-09-11,0001104659-12-025271,already_on_disk,Data\edgar\item5_02_text\796343\0001104659-12-025271_a12-9614_18k.htm
documents,796343,2013-09-11,0001104659-12-004271,already_on_disk,Data\edgar\item5_02_text\796343\0001104659-12-004271_a12-3470_18k.htm
documents,796343,2013-09-11,0001104659-11-069679,already_on_disk,Data\edgar\item5_02_text\796343\0001104659-11-069679_a11-31720_18k.htm
documents,796343,2013-09-17,0000796343-14-000007,already_on_disk,Data\edgar\item5_02_text\796343\0000796343-14-000007_a8-kxitem502xjanuary2014.htm
documents,796343,2013-09-17,0000796343-13-000036,already_on_disk,Data\edgar\item5_02_text\796343\0000796343-13-000036_a8-kannualmeetingresults.htm
documents,796343,2013-09-17,0000796343-13-000030,already_on_disk,Data\edgar\item5_02_text\796343\0000796343-13-000030_adbe8kq113.htm
documents,796343,2013-09-17,0000796343-13-000017,already_on_disk,Data\edgar\item5_02_text\796343\0000796343-13-000017_a8-kxitem502xjanuary2013.htm
documents,796343,2013-09-17,0001104659-12-082162,already_on_disk,Data\edgar\item5_02_text\796343\0001104659-12-082162_a12-28685_18k.htm
documents,796343,2013-09-17,0001104659-12-047044,already_on_disk,Data\edgar\item5_02_text\796343\0001104659-12-047044_a12-15738_18ka.htm
documents,796343,2013-09-17,0001104659-12-036984,already_on_disk,Data\edgar\item5_02_text\796343\0001104659-12-036984_a12-12167_18k.htm
documents,796343,2013-09-17,0001104659-12-025271,already_on_disk,Data\edgar\item5_02_text\796343\0001104659-12-025271_a12-9614_18k.htm
documents,796343,2013-09-17,0001104659-12-004271,already_on_disk,Data\edgar\item5_02_text\796343\0001104659-12-004271_a12-3470_18k.htm
documents,796343,2013-09-17,0001104659-11-069679,already_on_disk,Data\edgar\item5_02_text\796343\0001104659-11-069679_a11-31720_18k.htm
documents,796343,2019-10-19,0000796343-20-000085,already_on_disk,Data\edgar\item5_02_text\796343\0000796343-20-000085_adbe8-k041020.htm
documents,796343,2019-10-19,0000796343-20-000040,already_on_disk,Data\edgar\item5_02_text\796343\0000796343-20-000040_adbe8-k13020.htm
documents,796343,2019-10-19,0000796343-19-000091,already_on_disk,Data\edgar\item5_02_text\796343\0000796343-19-000091_adbe8-k20190412.htm
documents,796343,2019-10-19,0000796343-19-000024,already_on_disk,Data\edgar\item5_02_text\796343\0000796343-19-000024_adbe8-k20190128.htm
documents,796343,2019-10-19,0000796343-19-000008,already_on_disk,Data\edgar\item5_02_text\796343\0000796343-19-000008_adbe8-k1222019xdirectors.htm
documents,796343,2019-10-19,0000796343-18-000179,already_on_disk,Data\edgar\item5_02_text\796343\0000796343-18-000179_adbe8-k11192018xcao.htm
documents,796343,2019-10-19,0000796343-18-000088,already_on_disk,Data\edgar\item5_02_text\796343\0000796343-18-000088_a8-k20180413.htm
documents,796343,2019-10-19,0000796343-18-000072,already_on_disk,Data\edgar\item5_02_text\796343\0000796343-18-000072_a8-k20180405.htm
documents,796343,2019-10-19,0000796343-18-000039,already_on_disk,Data\edgar\item5_02_text\796343\0000796343-18-000039_adbe8-k20180126.htm
documents,796343,2019-10-19,0000796343-17-000188,already_on_disk,Data\edgar\item5_02_text\796343\0000796343-17-000188_adbe8kfy17.htm
documents,798354,2008-12-02,0001193125-08-259651,already_on_disk,Data\edgar\item5_02_text\798354\0001193125-08-259651_d8k.htm
documents,798354,2008-12-02,0001193125-08-242170,already_on_disk,Data\edgar\item5_02_text\798354\0001193125-08-242170_d8k.htm
documents,798354,2008-12-02,0001193125-08-046505,already_on_disk,Data\edgar\item5_02_text\798354\0001193125-08-046505_d8k.htm
documents,798354,2008-12-02,0001193125-08-009621,already_on_disk,Data\edgar\item5_02_text\798354\0001193125-08-009621_d8k.htm
documents,798354,2008-12-02,0001193125-07-261412,already_on_disk,Data\edgar\item5_02_text\798354\0001193125-07-261412_d8k.htm
documents,798354,2008-12-02,0001193125-07-254937,already_on_disk,Data\edgar\item5_02_text\798354\0001193125-07-254937_d8ka.htm
documents,798354,2008-12-02,0001193125-07-188641,already_on_disk,Data\edgar\item5_02_text\798354\0001193125-07-188641_d8k.htm
documents,798354,2008-12-02,0001193125-07-156539,already_on_disk,Data\edgar\item5_02_text\798354\0001193125-07-156539_d8k.htm
documents,798354,2008-12-02,0001193125-07-121330,already_on_disk,Data\edgar\item5_02_text\798354\0001193125-07-121330_d8k.htm
documents,798354,2008-12-02,0001193125-07-042701,already_on_disk,Data\edgar\item5_02_text\798354\0001193125-07-042701_d8k.htm
documents,798354,2021-09-25,0001193125-22-050253,already_on_disk,Data\edgar\item5_02_text\798354\0001193125-22-050253_d270501d8k.htm
documents,798354,2021-09-25,0001193125-21-329664,already_on_disk,Data\edgar\item5_02_text\798354\0001193125-21-329664_d596785d8k.htm
documents,798354,2021-09-25,0001193125-21-244723,already_on_disk,Data\edgar\item5_02_text\798354\0001193125-21-244723_d115852d8k.htm
documents,798354,2021-09-25,0001193125-21-202190,already_on_disk,Data\edgar\item5_02_text\798354\0001193125-21-202190_d352882d8k.htm
documents,798354,2021-09-25,0001193125-21-190089,already_on_disk,Data\edgar\item5_02_text\798354\0001193125-21-190089_d502599d8k.htm
documents,798354,2021-09-25,0001193125-20-301277,already_on_disk,Data\edgar\item5_02_text\798354\0001193125-20-301277_d41801d8ka.htm
documents,798354,2021-09-25,0001193125-20-283929,already_on_disk,Data\edgar\item5_02_text\798354\0001193125-20-283929_d92758d8k.htm
documents,798354,2021-09-25,0001193125-20-103974,already_on_disk,Data\edgar\item5_02_text\798354\0001193125-20-103974_d889670d8k.htm
documents,798354,2023-12-06,0001193125-24-066902,already_on_disk,Data\edgar\item5_02_text\798354\0001193125-24-066902_d793857d8k.htm
documents,798354,2023-12-06,0001193125-24-041537,already_on_disk,Data\edgar\item5_02_text\798354\0001193125-24-041537_d786177d8ka.htm
documents,798354,2023-12-06,0001193125-24-041532,already_on_disk,Data\edgar\item5_02_text\798354\0001193125-24-041532_d781218d8k.htm
documents,798354,2023-12-06,0001193125-23-289928,already_on_disk,Data\edgar\item5_02_text\798354\0001193125-23-289928_d625221d8k.htm
documents,798354,2023-12-06,0001193125-23-200634,already_on_disk,Data\edgar\item5_02_text\798354\0001193125-23-200634_d494907d8k.htm
documents,798354,2023-12-06,0001193125-22-310467,already_on_disk,Data\edgar\item5_02_text\798354\0001193125-22-310467_d421577d8k.htm
documents,798354,2023-12-06,0001193125-22-290040,already_on_disk,Data\edgar\item5_02_text\798354\0001193125-22-290040_d606620d8k.htm
documents,798354,2023-12-06,0001193125-22-156174,already_on_disk,Data\edgar\item5_02_text\798354\0001193125-22-156174_d354609d8ka.htm
documents,798354,2023-12-06,0001193125-22-050253,already_on_disk,Data\edgar\item5_02_text\798354\0001193125-22-050253_d270501d8k.htm
documents,813828,2023-01-01,0000813828-23-000036,already_on_disk,Data\edgar\item5_02_text\813828\0000813828-23-000036_para-20231116.htm
documents,813828,2023-01-01,0000813828-23-000021,already_on_disk,Data\edgar\item5_02_text\813828\0000813828-23-000021_para-20230628.htm
documents,813828,2023-01-01,0000813828-22-000018,already_on_disk,Data\edgar\item5_02_text\813828\0000813828-22-000018_viac-20220412.htm
documents,813828,2023-01-01,0000813828-22-000013,already_on_disk,Data\edgar\item5_02_text\813828\0000813828-22-000013_viac-20220311.htm
documents,813828,2023-01-01,0000813828-21-000015,already_on_disk,Data\edgar\item5_02_text\813828\0000813828-21-000015_viac-20210528.htm
documents,813828,2023-08-10,0000813828-23-000036,already_on_disk,Data\edgar\item5_02_text\813828\0000813828-23-000036_para-20231116.htm
documents,813828,2023-08-10,0000813828-23-000021,already_on_disk,Data\edgar\item5_02_text\813828\0000813828-23-000021_para-20230628.htm
documents,813828,2023-08-10,0000813828-22-000018,already_on_disk,Data\edgar\item5_02_text\813828\0000813828-22-000018_viac-20220412.htm
documents,813828,2023-08-10,0000813828-22-000013,already_on_disk,Data\edgar\item5_02_text\813828\0000813828-22-000013_viac-20220311.htm
documents,815097,2020-12-25,0000815097-22-000047,already_on_disk,Data\edgar\item5_02_text\815097\0000815097-22-000047_ccl-20220623.htm
documents,815097,2020-12-25,0001104659-22-061290,already_on_disk,Data\edgar\item5_02_text\815097\0001104659-22-061290_tm2215651d1_8k.htm
documents,815097,2020-12-25,0001104659-22-051225,already_on_disk,Data\edgar\item5_02_text\815097\0001104659-22-051225_tm2213670d1_8k.htm
documents,815097,2020-12-25,0000815097-21-000033,already_on_disk,Data\edgar\item5_02_text\815097\0000815097-21-000033_ccl-20210301.htm
documents,815097,2020-12-25,0000815097-20-000111,already_on_disk,Data\edgar\item5_02_text\815097\0000815097-20-000111_ccl-20201130.htm
documents,815097,2020-12-25,0000815097-20-000033,already_on_disk,Data\edgar\item5_02_text\815097\0000815097-20-000033_usrelease-bodupdate.htm
documents,815097,2020-12-25,0001193125-19-010578,already_on_disk,Data\edgar\item5_02_text\815097\0001193125-19-010578_d691897d8k.htm
documents,815097,2021-03-19,0000815097-21-000033,already_on_disk,Data\edgar\item5_02_text\815097\0000815097-21-000033_ccl-20210301.htm
documents,815097,2021-03-19,0000815097-20-000111,already_on_disk,Data\edgar\item5_02_text\815097\0000815097-20-000111_ccl-20201130.htm
documents,815097,2021-03-19,0000815097-20-000033,already_on_disk,Data\edgar\item5_02_text\815097\0000815097-20-000033_usrelease-bodupdate.htm
documents,823768,2021-01-21,0001104659-21-036763,already_on_disk,Data\edgar\item5_02_text\823768\0001104659-21-036763_tm219849d1_8k.htm
documents,823768,2021-01-21,0001104659-21-029723,already_on_disk,Data\edgar\item5_02_text\823768\0001104659-21-029723_tm216945d2_8k.htm
documents,823768,2021-01-21,0001104659-20-042259,already_on_disk,Data\edgar\item5_02_text\823768\0001104659-20-042259_tm2014773-1_8k.htm
documents,823768,2021-01-21,0001104659-20-024590,already_on_disk,Data\edgar\item5_02_text\823768\0001104659-20-024590_tm207498-2_8k.htm
documents,823768,2021-01-21,0001410578-19-000883,already_on_disk,Data\edgar\item5_02_text\823768\0001410578-19-000883_tv528069_8k.htm
documents,823768,2021-01-21,0001104659-19-010295,already_on_disk,Data\edgar\item5_02_text\823768\0001104659-19-010295_a19-5282_18k.htm
documents,831259,2023-08-08,0000831259-24-000005,already_on_disk,Data\edgar\item5_02_text\831259\0000831259-24-000005_fcx-20240206.htm
documents,831259,2023-08-08,0000831259-23-000007,already_on_disk,Data\edgar\item5_02_text\831259\0000831259-23-000007_fcx-20230207.htm
documents,831259,2023-08-08,0000831259-22-000015,already_on_disk,Data\edgar\item5_02_text\831259\0000831259-22-000015_fcx-20220309.htm
documents,831259,2023-08-08,0000831259-22-000006,already_on_disk,Data\edgar\item5_02_text\831259\0000831259-22-000006_fcx-20211209.htm
documents,831259,2023-08-08,0000831259-21-000040,already_on_disk,Data\edgar\item5_02_text\831259\0000831259-21-000040_fcx-20211209.htm
documents,831259,2023-08-08,0000831259-21-000035,already_on_disk,Data\edgar\item5_02_text\831259\0000831259-21-000035_fcx-20210802.htm
documents,858877,2012-03-26,0001193125-12-415386,already_on_disk,Data\edgar\item5_02_text\858877\0001193125-12-415386_d420303d8k.htm
documents,858877,2012-03-26,0001193125-12-396875,already_on_disk,Data\edgar\item5_02_text\858877\0001193125-12-396875_d413605d8k.htm
documents,858877,2012-03-26,0001193125-12-332045,already_on_disk,Data\edgar\item5_02_text\858877\0001193125-12-332045_d389962d8k.htm
documents,858877,2012-03-26,0001193125-11-335127,already_on_disk,Data\edgar\item5_02_text\858877\0001193125-11-335127_d266515d8k.htm
documents,858877,2012-03-26,0001193125-11-252379,already_on_disk,Data\edgar\item5_02_text\858877\0001193125-11-252379_d233696d8k.htm
documents,858877,2012-03-26,0001193125-11-073802,already_on_disk,Data\edgar\item5_02_text\858877\0001193125-11-073802_d8ka.htm
documents,858877,2012-03-26,0001193125-11-067985,already_on_disk,Data\edgar\item5_02_text\858877\0001193125-11-067985_d8k.htm
documents,858877,2012-03-26,0001193125-11-043592,already_on_disk,Data\edgar\item5_02_text\858877\0001193125-11-043592_d8k.htm
documents,858877,2012-04-13,0001193125-12-415386,already_on_disk,Data\edgar\item5_02_text\858877\0001193125-12-415386_d420303d8k.htm
documents,858877,2012-04-13,0001193125-12-396875,already_on_disk,Data\edgar\item5_02_text\858877\0001193125-12-396875_d413605d8k.htm
documents,858877,2012-04-13,0001193125-12-332045,already_on_disk,Data\edgar\item5_02_text\858877\0001193125-12-332045_d389962d8k.htm
documents,858877,2012-04-13,0001193125-11-335127,already_on_disk,Data\edgar\item5_02_text\858877\0001193125-11-335127_d266515d8k.htm
documents,858877,2012-04-13,0001193125-11-252379,already_on_disk,Data\edgar\item5_02_text\858877\0001193125-11-252379_d233696d8k.htm
documents,858877,2012-04-13,0001193125-11-073802,already_on_disk,Data\edgar\item5_02_text\858877\0001193125-11-073802_d8ka.htm
documents,858877,2012-04-13,0001193125-11-067985,already_on_disk,Data\edgar\item5_02_text\858877\0001193125-11-067985_d8k.htm
documents,858877,2012-04-13,0001193125-11-043592,already_on_disk,Data\edgar\item5_02_text\858877\0001193125-11-043592_d8k.htm
documents,860731,2020-09-21,,no_502_in_window,
documents,872589,2010-06-18,0001206774-10-002373,already_on_disk,Data\edgar\item5_02_text\872589\0001206774-10-002373_regeneron_8k.htm
documents,872589,2010-06-18,0000950123-08-015831,already_on_disk,Data\edgar\item5_02_text\872589\0000950123-08-015831_y72730e8vk.htm
documents,877890,2013-04-26,0001193125-13-401148,already_on_disk,Data\edgar\item5_02_text\877890\0001193125-13-401148_d613499d8k.htm
documents,877890,2013-04-26,0001193125-13-239426,already_on_disk,Data\edgar\item5_02_text\877890\0001193125-13-239426_d544715d8k.htm
documents,877890,2013-04-26,0001157523-13-002588,already_on_disk,Data\edgar\item5_02_text\877890\0001157523-13-002588_a50629668.htm
documents,877890,2013-04-26,0001193125-12-391734,already_on_disk,Data\edgar\item5_02_text\877890\0001193125-12-391734_d411392d8k.htm
documents,877890,2013-04-26,0001193125-12-253772,already_on_disk,Data\edgar\item5_02_text\877890\0001193125-12-253772_d361291d8k.htm
documents,877890,2013-04-26,0001193125-11-157124,already_on_disk,Data\edgar\item5_02_text\877890\0001193125-11-157124_d8k.htm
documents,877890,2016-11-15,0001193125-17-031807,already_on_disk,Data\edgar\item5_02_text\877890\0001193125-17-031807_d261814d8k.htm
documents,877890,2016-11-15,0001193125-17-013672,already_on_disk,Data\edgar\item5_02_text\877890\0001193125-17-013672_d290685d8k.htm
documents,877890,2016-11-15,0001193125-17-004612,already_on_disk,Data\edgar\item5_02_text\877890\0001193125-17-004612_d324996d8k.htm
documents,877890,2016-11-15,0001157523-16-005150,already_on_disk,Data\edgar\item5_02_text\877890\0001157523-16-005150_a51324757.htm
documents,877890,2016-11-15,0001193125-16-527884,already_on_disk,Data\edgar\item5_02_text\877890\0001193125-16-527884_d172629d8k.htm
documents,877890,2016-11-15,0001193125-16-433579,already_on_disk,Data\edgar\item5_02_text\877890\0001193125-16-433579_d81279d8k.htm
documents,877890,2016-11-15,0001157523-15-004123,already_on_disk,Data\edgar\item5_02_text\877890\0001157523-15-004123_a51250511.htm
documents,877890,2016-11-15,0001193125-15-360559,already_on_disk,Data\edgar\item5_02_text\877890\0001193125-15-360559_d42301d8k.htm
documents,877890,2016-11-15,0001193125-15-353421,already_on_disk,Data\edgar\item5_02_text\877890\0001193125-15-353421_d33904d8k.htm
documents,877890,2016-11-15,0001157523-15-003366,already_on_disk,Data\edgar\item5_02_text\877890\0001157523-15-003366_a51206658.htm
documents,877890,2016-11-15,0001193125-15-345782,already_on_disk,Data\edgar\item5_02_text\877890\0001193125-15-345782_d49249d8k.htm
documents,877890,2016-11-15,0001193125-15-335884,already_on_disk,Data\edgar\item5_02_text\877890\0001193125-15-335884_d96454d8k.htm
documents,877890,2016-11-15,0001193125-15-266066,already_on_disk,Data\edgar\item5_02_text\877890\0001193125-15-266066_d154508d8k.htm
documents,877890,2016-11-15,0001193125-15-065855,already_on_disk,Data\edgar\item5_02_text\877890\0001193125-15-065855_d881596d8k.htm
documents,877890,2016-11-15,0001193125-15-048421,already_on_disk,Data\edgar\item5_02_text\877890\0001193125-15-048421_d874015d8k.htm
documents,877890,2016-11-15,0001193125-15-008524,already_on_disk,Data\edgar\item5_02_text\877890\0001193125-15-008524_d850948d8k.htm
documents,877890,2016-11-15,0001157523-14-004783,already_on_disk,Data\edgar\item5_02_text\877890\0001157523-14-004783_a51000556.htm
documents,877890,2018-10-13,0001193125-19-250705,already_on_disk,Data\edgar\item5_02_text\877890\0001193125-19-250705_d803650d8ka.htm
documents,877890,2018-10-13,0001193125-19-224094,already_on_disk,Data\edgar\item5_02_text\877890\0001193125-19-224094_d759140d8k.htm
documents,877890,2018-10-13,0001193125-19-201216,already_on_disk,Data\edgar\item5_02_text\877890\0001193125-19-201216_d772801d8k.htm
documents,877890,2018-10-13,0001193125-19-167172,already_on_disk,Data\edgar\item5_02_text\877890\0001193125-19-167172_d758546d8k.htm
documents,877890,2018-10-13,0001157523-19-000883,already_on_disk,Data\edgar\item5_02_text\877890\0001157523-19-000883_a51974231.htm
documents,877890,2018-10-13,0001193125-18-346960,already_on_disk,Data\edgar\item5_02_text\877890\0001193125-18-346960_d668949d8k.htm
documents,877890,2018-10-13,0001193125-18-188778,already_on_disk,Data\edgar\item5_02_text\877890\0001193125-18-188778_d603268d8k.htm
documents,877890,2018-10-13,0001193125-18-121052,already_on_disk,Data\edgar\item5_02_text\877890\0001193125-18-121052_d570758d8k.htm
documents,877890,2018-10-13,0001193125-18-032239,already_on_disk,Data\edgar\item5_02_text\877890\0001193125-18-032239_d444495d8k.htm
documents,877890,2018-10-13,0001193125-17-290475,already_on_disk,Data\edgar\item5_02_text\877890\0001193125-17-290475_d456834d8k.htm
documents,877890,2018-10-13,0001193125-17-289405,already_on_disk,Data\edgar\item5_02_text\877890\0001193125-17-289405_d457482d8k.htm
documents,877890,2018-10-13,0001193125-17-225256,already_on_disk,Data\edgar\item5_02_text\877890\0001193125-17-225256_d421356d8k.htm
documents,877890,2018-10-13,0001193125-17-214883,already_on_disk,Data\edgar\item5_02_text\877890\0001193125-17-214883_d419173d8k.htm
documents,877890,2018-10-13,0001193125-17-031807,already_on_disk,Data\edgar\item5_02_text\877890\0001193125-17-031807_d261814d8k.htm
documents,877890,2018-10-13,0001193125-17-013672,already_on_disk,Data\edgar\item5_02_text\877890\0001193125-17-013672_d290685d8k.htm
documents,877890,2018-10-13,0001193125-17-004612,already_on_disk,Data\edgar\item5_02_text\877890\0001193125-17-004612_d324996d8k.htm
documents,892553,2009-07-23,0001193125-09-115885,already_on_disk,Data\edgar\item5_02_text\892553\0001193125-09-115885_d8k.htm
documents,892553,2009-07-23,0000950152-08-001622,already_on_disk,Data\edgar\item5_02_text\892553\0000950152-08-001622_l30421ae8vk.htm
documents,892553,2009-07-23,0000950152-07-006507,already_on_disk,Data\edgar\item5_02_text\892553\0000950152-07-006507_l27383ae8vk.htm
documents,892553,2009-07-23,0000950152-07-006436,already_on_disk,Data\edgar\item5_02_text\892553\0000950152-07-006436_l27402ae8vkza.htm
documents,896878,2008-05-26,0000950134-08-022449,already_on_disk,Data\edgar\item5_02_text\896878\0000950134-08-022449_f50905e8vk.htm
documents,896878,2008-05-26,0000950134-08-021520,already_on_disk,Data\edgar\item5_02_text\896878\0000950134-08-021520_f50751e8vk.htm
documents,896878,2008-05-26,0000950134-08-018583,already_on_disk,Data\edgar\item5_02_text\896878\0000950134-08-018583_f50264e8vk.htm
documents,896878,2008-05-26,0000950134-08-013312,already_on_disk,Data\edgar\item5_02_text\896878\0000950134-08-013312_f42434e8vk.htm
documents,896878,2008-05-26,0000950134-08-001977,already_on_disk,Data\edgar\item5_02_text\896878\0000950134-08-001977_f37812e8vk.htm
documents,896878,2008-05-26,0000950134-07-025545,already_on_disk,Data\edgar\item5_02_text\896878\0000950134-07-025545_f36499e8vk.htm
documents,896878,2008-05-26,0000950134-07-023354,already_on_disk,Data\edgar\item5_02_text\896878\0000950134-07-023354_f35310e8vk.htm
documents,896878,2008-05-26,0000950134-07-022010,already_on_disk,Data\edgar\item5_02_text\896878\0000950134-07-022010_f34854e8vk.htm
documents,896878,2008-05-26,0000950134-07-020924,already_on_disk,Data\edgar\item5_02_text\896878\0000950134-07-020924_f34301e8vk.htm
documents,896878,2008-05-26,0000891618-07-000516,already_on_disk,Data\edgar\item5_02_text\896878\0000891618-07-000516_f33043e8vk.htm
documents,896878,2008-05-26,0000950134-07-016170,already_on_disk,Data\edgar\item5_02_text\896878\0000950134-07-016170_f32322e8vk.htm
documents,896878,2008-05-26,0000950134-07-013435,already_on_disk,Data\edgar\item5_02_text\896878\0000950134-07-013435_f31168e8vk.htm
documents,896878,2008-05-26,0000950134-07-013237,already_on_disk,Data\edgar\item5_02_text\896878\0000950134-07-013237_f31085e8vk.htm
documents,896878,2008-05-26,0000950134-07-004389,already_on_disk,Data\edgar\item5_02_text\896878\0000950134-07-004389_f27833e8vk.htm
documents,896878,2008-05-26,0000950134-06-019813,already_on_disk,Data\edgar\item5_02_text\896878\0000950134-06-019813_f24517e8vk.htm
documents,896878,2008-05-26,0000950134-06-016417,already_on_disk,Data\edgar\item5_02_text\896878\0000950134-06-016417_f23154e8vk.htm
documents,896878,2008-09-24,0000950134-08-022449,already_on_disk,Data\edgar\item5_02_text\896878\0000950134-08-022449_f50905e8vk.htm
documents,896878,2008-09-24,0000950134-08-021520,already_on_disk,Data\edgar\item5_02_text\896878\0000950134-08-021520_f50751e8vk.htm
documents,896878,2008-09-24,0000950134-08-018583,already_on_disk,Data\edgar\item5_02_text\896878\0000950134-08-018583_f50264e8vk.htm
documents,896878,2008-09-24,0000950134-08-013312,already_on_disk,Data\edgar\item5_02_text\896878\0000950134-08-013312_f42434e8vk.htm
documents,896878,2008-09-24,0000950134-08-001977,already_on_disk,Data\edgar\item5_02_text\896878\0000950134-08-001977_f37812e8vk.htm
documents,896878,2008-09-24,0000950134-07-025545,already_on_disk,Data\edgar\item5_02_text\896878\0000950134-07-025545_f36499e8vk.htm
documents,896878,2008-09-24,0000950134-07-023354,already_on_disk,Data\edgar\item5_02_text\896878\0000950134-07-023354_f35310e8vk.htm
documents,896878,2008-09-24,0000950134-07-022010,already_on_disk,Data\edgar\item5_02_text\896878\0000950134-07-022010_f34854e8vk.htm
documents,896878,2008-09-24,0000950134-07-020924,already_on_disk,Data\edgar\item5_02_text\896878\0000950134-07-020924_f34301e8vk.htm
documents,896878,2008-09-24,0000891618-07-000516,already_on_disk,Data\edgar\item5_02_text\896878\0000891618-07-000516_f33043e8vk.htm
documents,896878,2008-09-24,0000950134-07-016170,already_on_disk,Data\edgar\item5_02_text\896878\0000950134-07-016170_f32322e8vk.htm
documents,896878,2008-09-24,0000950134-07-013435,already_on_disk,Data\edgar\item5_02_text\896878\0000950134-07-013435_f31168e8vk.htm
documents,896878,2008-09-24,0000950134-07-013237,already_on_disk,Data\edgar\item5_02_text\896878\0000950134-07-013237_f31085e8vk.htm
documents,896878,2008-09-24,0000950134-07-004389,already_on_disk,Data\edgar\item5_02_text\896878\0000950134-07-004389_f27833e8vk.htm
documents,896878,2008-09-24,0000950134-06-019813,already_on_disk,Data\edgar\item5_02_text\896878\0000950134-06-019813_f24517e8vk.htm
documents,896878,2014-02-01,0001193125-15-019001,already_on_disk,Data\edgar\item5_02_text\896878\0001193125-15-019001_d857753d8k.htm
documents,896878,2014-02-01,0001193125-14-394221,already_on_disk,Data\edgar\item5_02_text\896878\0001193125-14-394221_d815122d8k.htm
documents,896878,2014-02-01,0001193125-14-284196,already_on_disk,Data\edgar\item5_02_text\896878\0001193125-14-284196_d766109d8k.htm
documents,896878,2014-02-01,0000896878-14-000030,already_on_disk,Data\edgar\item5_02_text\896878\0000896878-14-000030_fy14q2earningsupdate8-kshe.htm
documents,896878,2014-02-01,0001193125-14-020495,already_on_disk,Data\edgar\item5_02_text\896878\0001193125-14-020495_d660005d8k.htm
documents,896878,2014-02-01,0001193125-13-302682,already_on_disk,Data\edgar\item5_02_text\896878\0001193125-13-302682_d575840d8k.htm
documents,896878,2014-02-01,0001193125-13-295758,already_on_disk,Data\edgar\item5_02_text\896878\0001193125-13-295758_d568831d8k.htm
documents,896878,2014-02-01,0000896878-13-000062,already_on_disk,Data\edgar\item5_02_text\896878\0000896878-13-000062_pressrelease05-20x138xkshe.htm
documents,896878,2014-02-01,0001193125-12-319554,already_on_disk,Data\edgar\item5_02_text\896878\0001193125-12-319554_d386790d8k.htm
documents,896878,2014-02-01,0001193125-12-186061,already_on_disk,Data\edgar\item5_02_text\896878\0001193125-12-186061_d341240d8k.htm
documents,896878,2014-04-01,0001193125-15-019001,already_on_disk,Data\edgar\item5_02_text\896878\0001193125-15-019001_d857753d8k.htm
documents,896878,2014-04-01,0001193125-14-394221,already_on_disk,Data\edgar\item5_02_text\896878\0001193125-14-394221_d815122d8k.htm
documents,896878,2014-04-01,0001193125-14-284196,already_on_disk,Data\edgar\item5_02_text\896878\0001193125-14-284196_d766109d8k.htm
documents,896878,2014-04-01,0000896878-14-000030,already_on_disk,Data\edgar\item5_02_text\896878\0000896878-14-000030_fy14q2earningsupdate8-kshe.htm
documents,896878,2014-04-01,0001193125-14-020495,already_on_disk,Data\edgar\item5_02_text\896878\0001193125-14-020495_d660005d8k.htm
documents,896878,2014-04-01,0001193125-13-302682,already_on_disk,Data\edgar\item5_02_text\896878\0001193125-13-302682_d575840d8k.htm
documents,896878,2014-04-01,0001193125-13-295758,already_on_disk,Data\edgar\item5_02_text\896878\0001193125-13-295758_d568831d8k.htm
documents,896878,2014-04-01,0000896878-13-000062,already_on_disk,Data\edgar\item5_02_text\896878\0000896878-13-000062_pressrelease05-20x138xkshe.htm
documents,896878,2014-04-01,0001193125-12-319554,already_on_disk,Data\edgar\item5_02_text\896878\0001193125-12-319554_d386790d8k.htm
documents,896878,2014-04-01,0001193125-12-186061,already_on_disk,Data\edgar\item5_02_text\896878\0001193125-12-186061_d341240d8k.htm
documents,896878,2014-04-18,0001193125-15-019001,already_on_disk,Data\edgar\item5_02_text\896878\0001193125-15-019001_d857753d8k.htm
documents,896878,2014-04-18,0001193125-14-394221,already_on_disk,Data\edgar\item5_02_text\896878\0001193125-14-394221_d815122d8k.htm
documents,896878,2014-04-18,0001193125-14-284196,already_on_disk,Data\edgar\item5_02_text\896878\0001193125-14-284196_d766109d8k.htm
documents,896878,2014-04-18,0000896878-14-000030,already_on_disk,Data\edgar\item5_02_text\896878\0000896878-14-000030_fy14q2earningsupdate8-kshe.htm
documents,896878,2014-04-18,0001193125-14-020495,already_on_disk,Data\edgar\item5_02_text\896878\0001193125-14-020495_d660005d8k.htm
documents,896878,2014-04-18,0001193125-13-302682,already_on_disk,Data\edgar\item5_02_text\896878\0001193125-13-302682_d575840d8k.htm
documents,896878,2014-04-18,0001193125-13-295758,already_on_disk,Data\edgar\item5_02_text\896878\0001193125-13-295758_d568831d8k.htm
documents,896878,2014-04-18,0000896878-13-000062,already_on_disk,Data\edgar\item5_02_text\896878\0000896878-13-000062_pressrelease05-20x138xkshe.htm
documents,896878,2014-04-18,0001193125-12-319554,already_on_disk,Data\edgar\item5_02_text\896878\0001193125-12-319554_d386790d8k.htm
documents,896878,2014-04-18,0001193125-12-186061,already_on_disk,Data\edgar\item5_02_text\896878\0001193125-12-186061_d341240d8k.htm
documents,896878,2015-04-07,0001193125-15-019001,already_on_disk,Data\edgar\item5_02_text\896878\0001193125-15-019001_d857753d8k.htm
documents,896878,2015-04-07,0001193125-14-394221,already_on_disk,Data\edgar\item5_02_text\896878\0001193125-14-394221_d815122d8k.htm
documents,896878,2015-04-07,0001193125-14-284196,already_on_disk,Data\edgar\item5_02_text\896878\0001193125-14-284196_d766109d8k.htm
documents,896878,2015-04-07,0000896878-14-000030,already_on_disk,Data\edgar\item5_02_text\896878\0000896878-14-000030_fy14q2earningsupdate8-kshe.htm
documents,896878,2015-04-07,0001193125-14-020495,already_on_disk,Data\edgar\item5_02_text\896878\0001193125-14-020495_d660005d8k.htm
documents,896878,2015-04-07,0001193125-13-302682,already_on_disk,Data\edgar\item5_02_text\896878\0001193125-13-302682_d575840d8k.htm
documents,896878,2015-04-07,0001193125-13-295758,already_on_disk,Data\edgar\item5_02_text\896878\0001193125-13-295758_d568831d8k.htm
documents,896878,2015-04-07,0000896878-13-000062,already_on_disk,Data\edgar\item5_02_text\896878\0000896878-13-000062_pressrelease05-20x138xkshe.htm
documents,896878,2015-04-14,0001193125-15-019001,already_on_disk,Data\edgar\item5_02_text\896878\0001193125-15-019001_d857753d8k.htm
documents,896878,2015-04-14,0001193125-14-394221,already_on_disk,Data\edgar\item5_02_text\896878\0001193125-14-394221_d815122d8k.htm
documents,896878,2015-04-14,0001193125-14-284196,already_on_disk,Data\edgar\item5_02_text\896878\0001193125-14-284196_d766109d8k.htm
documents,896878,2015-04-14,0000896878-14-000030,already_on_disk,Data\edgar\item5_02_text\896878\0000896878-14-000030_fy14q2earningsupdate8-kshe.htm
documents,896878,2015-04-14,0001193125-14-020495,already_on_disk,Data\edgar\item5_02_text\896878\0001193125-14-020495_d660005d8k.htm
documents,896878,2015-04-14,0001193125-13-302682,already_on_disk,Data\edgar\item5_02_text\896878\0001193125-13-302682_d575840d8k.htm
documents,896878,2015-04-14,0001193125-13-295758,already_on_disk,Data\edgar\item5_02_text\896878\0001193125-13-295758_d568831d8k.htm
documents,896878,2015-04-14,0000896878-13-000062,already_on_disk,Data\edgar\item5_02_text\896878\0000896878-13-000062_pressrelease05-20x138xkshe.htm
documents,896878,2015-05-20,0001193125-15-360231,already_on_disk,Data\edgar\item5_02_text\896878\0001193125-15-360231_d64564d8k.htm
documents,896878,2015-05-20,0001193125-15-019001,already_on_disk,Data\edgar\item5_02_text\896878\0001193125-15-019001_d857753d8k.htm
documents,896878,2015-05-20,0001193125-14-394221,already_on_disk,Data\edgar\item5_02_text\896878\0001193125-14-394221_d815122d8k.htm
documents,896878,2015-05-20,0001193125-14-284196,already_on_disk,Data\edgar\item5_02_text\896878\0001193125-14-284196_d766109d8k.htm
documents,896878,2015-05-20,0000896878-14-000030,already_on_disk,Data\edgar\item5_02_text\896878\0000896878-14-000030_fy14q2earningsupdate8-kshe.htm
documents,896878,2015-05-20,0001193125-14-020495,already_on_disk,Data\edgar\item5_02_text\896878\0001193125-14-020495_d660005d8k.htm
documents,896878,2015-05-20,0001193125-13-302682,already_on_disk,Data\edgar\item5_02_text\896878\0001193125-13-302682_d575840d8k.htm
documents,896878,2015-05-20,0001193125-13-295758,already_on_disk,Data\edgar\item5_02_text\896878\0001193125-13-295758_d568831d8k.htm
documents,896878,2015-05-20,0000896878-13-000062,already_on_disk,Data\edgar\item5_02_text\896878\0000896878-13-000062_pressrelease05-20x138xkshe.htm
documents,896878,2015-09-18,0001193125-15-360231,already_on_disk,Data\edgar\item5_02_text\896878\0001193125-15-360231_d64564d8k.htm
documents,896878,2015-09-18,0001193125-15-019001,already_on_disk,Data\edgar\item5_02_text\896878\0001193125-15-019001_d857753d8k.htm
documents,896878,2015-09-18,0001193125-14-394221,already_on_disk,Data\edgar\item5_02_text\896878\0001193125-14-394221_d815122d8k.htm
documents,896878,2015-09-18,0001193125-14-284196,already_on_disk,Data\edgar\item5_02_text\896878\0001193125-14-284196_d766109d8k.htm
documents,896878,2015-09-18,0000896878-14-000030,already_on_disk,Data\edgar\item5_02_text\896878\0000896878-14-000030_fy14q2earningsupdate8-kshe.htm
documents,896878,2015-09-18,0001193125-14-020495,already_on_disk,Data\edgar\item5_02_text\896878\0001193125-14-020495_d660005d8k.htm
documents,896878,2015-10-12,0000896878-16-000219,already_on_disk,Data\edgar\item5_02_text\896878\0000896878-16-000219_a8-kshellfor5x2016vasqueza.htm
documents,896878,2015-10-12,0001193125-15-360231,already_on_disk,Data\edgar\item5_02_text\896878\0001193125-15-360231_d64564d8k.htm
documents,896878,2015-10-12,0001193125-15-019001,already_on_disk,Data\edgar\item5_02_text\896878\0001193125-15-019001_d857753d8k.htm
documents,896878,2015-10-12,0001193125-14-394221,already_on_disk,Data\edgar\item5_02_text\896878\0001193125-14-394221_d815122d8k.htm
documents,896878,2015-10-12,0001193125-14-284196,already_on_disk,Data\edgar\item5_02_text\896878\0001193125-14-284196_d766109d8k.htm
documents,896878,2015-10-12,0000896878-14-000030,already_on_disk,Data\edgar\item5_02_text\896878\0000896878-14-000030_fy14q2earningsupdate8-kshe.htm
documents,896878,2015-10-12,0001193125-14-020495,already_on_disk,Data\edgar\item5_02_text\896878\0001193125-14-020495_d660005d8k.htm
documents,896878,2015-12-01,0000896878-16-000219,already_on_disk,Data\edgar\item5_02_text\896878\0000896878-16-000219_a8-kshellfor5x2016vasqueza.htm
documents,896878,2015-12-01,0001193125-15-360231,already_on_disk,Data\edgar\item5_02_text\896878\0001193125-15-360231_d64564d8k.htm
documents,896878,2015-12-01,0001193125-15-019001,already_on_disk,Data\edgar\item5_02_text\896878\0001193125-15-019001_d857753d8k.htm
documents,896878,2015-12-01,0001193125-14-394221,already_on_disk,Data\edgar\item5_02_text\896878\0001193125-14-394221_d815122d8k.htm
documents,896878,2015-12-01,0001193125-14-284196,already_on_disk,Data\edgar\item5_02_text\896878\0001193125-14-284196_d766109d8k.htm
documents,896878,2015-12-01,0000896878-14-000030,already_on_disk,Data\edgar\item5_02_text\896878\0000896878-14-000030_fy14q2earningsupdate8-kshe.htm
documents,896878,2015-12-01,0001193125-14-020495,already_on_disk,Data\edgar\item5_02_text\896878\0001193125-14-020495_d660005d8k.htm
documents,896878,2015-12-07,0000896878-16-000219,already_on_disk,Data\edgar\item5_02_text\896878\0000896878-16-000219_a8-kshellfor5x2016vasqueza.htm
documents,896878,2015-12-07,0001193125-15-360231,already_on_disk,Data\edgar\item5_02_text\896878\0001193125-15-360231_d64564d8k.htm
documents,896878,2015-12-07,0001193125-15-019001,already_on_disk,Data\edgar\item5_02_text\896878\0001193125-15-019001_d857753d8k.htm
documents,896878,2015-12-07,0001193125-14-394221,already_on_disk,Data\edgar\item5_02_text\896878\0001193125-14-394221_d815122d8k.htm
documents,896878,2015-12-07,0001193125-14-284196,already_on_disk,Data\edgar\item5_02_text\896878\0001193125-14-284196_d766109d8k.htm
documents,896878,2015-12-07,0000896878-14-000030,already_on_disk,Data\edgar\item5_02_text\896878\0000896878-14-000030_fy14q2earningsupdate8-kshe.htm
documents,896878,2015-12-07,0001193125-14-020495,already_on_disk,Data\edgar\item5_02_text\896878\0001193125-14-020495_d660005d8k.htm
documents,896878,2015-12-31,0000896878-16-000219,already_on_disk,Data\edgar\item5_02_text\896878\0000896878-16-000219_a8-kshellfor5x2016vasqueza.htm
documents,896878,2015-12-31,0001193125-15-360231,already_on_disk,Data\edgar\item5_02_text\896878\0001193125-15-360231_d64564d8k.htm
documents,896878,2015-12-31,0001193125-15-019001,already_on_disk,Data\edgar\item5_02_text\896878\0001193125-15-019001_d857753d8k.htm
documents,896878,2015-12-31,0001193125-14-394221,already_on_disk,Data\edgar\item5_02_text\896878\0001193125-14-394221_d815122d8k.htm
documents,896878,2015-12-31,0001193125-14-284196,already_on_disk,Data\edgar\item5_02_text\896878\0001193125-14-284196_d766109d8k.htm
documents,896878,2015-12-31,0000896878-14-000030,already_on_disk,Data\edgar\item5_02_text\896878\0000896878-14-000030_fy14q2earningsupdate8-kshe.htm
documents,896878,2015-12-31,0001193125-14-020495,already_on_disk,Data\edgar\item5_02_text\896878\0001193125-14-020495_d660005d8k.htm
documents,896878,2016-01-21,0000896878-16-000219,already_on_disk,Data\edgar\item5_02_text\896878\0000896878-16-000219_a8-kshellfor5x2016vasqueza.htm
documents,896878,2016-01-21,0001193125-15-360231,already_on_disk,Data\edgar\item5_02_text\896878\0001193125-15-360231_d64564d8k.htm
documents,896878,2016-01-21,0001193125-15-019001,already_on_disk,Data\edgar\item5_02_text\896878\0001193125-15-019001_d857753d8k.htm
documents,896878,2016-01-21,0001193125-14-394221,already_on_disk,Data\edgar\item5_02_text\896878\0001193125-14-394221_d815122d8k.htm
documents,896878,2016-01-21,0001193125-14-284196,already_on_disk,Data\edgar\item5_02_text\896878\0001193125-14-284196_d766109d8k.htm
documents,896878,2016-01-21,0000896878-14-000030,already_on_disk,Data\edgar\item5_02_text\896878\0000896878-14-000030_fy14q2earningsupdate8-kshe.htm
documents,896878,2016-01-21,0001193125-14-020495,already_on_disk,Data\edgar\item5_02_text\896878\0001193125-14-020495_d660005d8k.htm
documents,896878,2016-02-04,0000896878-16-000219,already_on_disk,Data\edgar\item5_02_text\896878\0000896878-16-000219_a8-kshellfor5x2016vasqueza.htm
documents,896878,2016-02-04,0001193125-15-360231,already_on_disk,Data\edgar\item5_02_text\896878\0001193125-15-360231_d64564d8k.htm
documents,896878,2016-02-04,0001193125-15-019001,already_on_disk,Data\edgar\item5_02_text\896878\0001193125-15-019001_d857753d8k.htm
documents,896878,2016-02-04,0001193125-14-394221,already_on_disk,Data\edgar\item5_02_text\896878\0001193125-14-394221_d815122d8k.htm
documents,896878,2016-02-04,0001193125-14-284196,already_on_disk,Data\edgar\item5_02_text\896878\0001193125-14-284196_d766109d8k.htm
documents,896878,2016-02-04,0000896878-14-000030,already_on_disk,Data\edgar\item5_02_text\896878\0000896878-14-000030_fy14q2earningsupdate8-kshe.htm
documents,896878,2016-02-24,0000896878-16-000219,already_on_disk,Data\edgar\item5_02_text\896878\0000896878-16-000219_a8-kshellfor5x2016vasqueza.htm
documents,896878,2016-02-24,0001193125-15-360231,already_on_disk,Data\edgar\item5_02_text\896878\0001193125-15-360231_d64564d8k.htm
documents,896878,2016-02-24,0001193125-15-019001,already_on_disk,Data\edgar\item5_02_text\896878\0001193125-15-019001_d857753d8k.htm
documents,896878,2016-02-24,0001193125-14-394221,already_on_disk,Data\edgar\item5_02_text\896878\0001193125-14-394221_d815122d8k.htm
documents,896878,2016-02-24,0001193125-14-284196,already_on_disk,Data\edgar\item5_02_text\896878\0001193125-14-284196_d766109d8k.htm
documents,896878,2016-02-29,0000896878-16-000219,already_on_disk,Data\edgar\item5_02_text\896878\0000896878-16-000219_a8-kshellfor5x2016vasqueza.htm
documents,896878,2016-02-29,0001193125-15-360231,already_on_disk,Data\edgar\item5_02_text\896878\0001193125-15-360231_d64564d8k.htm
documents,896878,2016-02-29,0001193125-15-019001,already_on_disk,Data\edgar\item5_02_text\896878\0001193125-15-019001_d857753d8k.htm
documents,896878,2016-02-29,0001193125-14-394221,already_on_disk,Data\edgar\item5_02_text\896878\0001193125-14-394221_d815122d8k.htm
documents,896878,2016-02-29,0001193125-14-284196,already_on_disk,Data\edgar\item5_02_text\896878\0001193125-14-284196_d766109d8k.htm
documents,896878,2016-03-07,0000896878-16-000219,already_on_disk,Data\edgar\item5_02_text\896878\0000896878-16-000219_a8-kshellfor5x2016vasqueza.htm
documents,896878,2016-03-07,0001193125-15-360231,already_on_disk,Data\edgar\item5_02_text\896878\0001193125-15-360231_d64564d8k.htm
documents,896878,2016-03-07,0001193125-15-019001,already_on_disk,Data\edgar\item5_02_text\896878\0001193125-15-019001_d857753d8k.htm
documents,896878,2016-03-07,0001193125-14-394221,already_on_disk,Data\edgar\item5_02_text\896878\0001193125-14-394221_d815122d8k.htm
documents,896878,2016-03-07,0001193125-14-284196,already_on_disk,Data\edgar\item5_02_text\896878\0001193125-14-284196_d766109d8k.htm
documents,896878,2016-03-17,0000896878-16-000219,already_on_disk,Data\edgar\item5_02_text\896878\0000896878-16-000219_a8-kshellfor5x2016vasqueza.htm
documents,896878,2016-03-17,0001193125-15-360231,already_on_disk,Data\edgar\item5_02_text\896878\0001193125-15-360231_d64564d8k.htm
documents,896878,2016-03-17,0001193125-15-019001,already_on_disk,Data\edgar\item5_02_text\896878\0001193125-15-019001_d857753d8k.htm
documents,896878,2016-03-17,0001193125-14-394221,already_on_disk,Data\edgar\item5_02_text\896878\0001193125-14-394221_d815122d8k.htm
documents,896878,2016-03-17,0001193125-14-284196,already_on_disk,Data\edgar\item5_02_text\896878\0001193125-14-284196_d766109d8k.htm
documents,896878,2016-03-22,0000896878-16-000219,already_on_disk,Data\edgar\item5_02_text\896878\0000896878-16-000219_a8-kshellfor5x2016vasqueza.htm
documents,896878,2016-03-22,0001193125-15-360231,already_on_disk,Data\edgar\item5_02_text\896878\0001193125-15-360231_d64564d8k.htm
documents,896878,2016-03-22,0001193125-15-019001,already_on_disk,Data\edgar\item5_02_text\896878\0001193125-15-019001_d857753d8k.htm
documents,896878,2016-03-22,0001193125-14-394221,already_on_disk,Data\edgar\item5_02_text\896878\0001193125-14-394221_d815122d8k.htm
documents,896878,2016-03-22,0001193125-14-284196,already_on_disk,Data\edgar\item5_02_text\896878\0001193125-14-284196_d766109d8k.htm
documents,896878,2016-03-29,0000896878-16-000219,already_on_disk,Data\edgar\item5_02_text\896878\0000896878-16-000219_a8-kshellfor5x2016vasqueza.htm
documents,896878,2016-03-29,0001193125-15-360231,already_on_disk,Data\edgar\item5_02_text\896878\0001193125-15-360231_d64564d8k.htm
documents,896878,2016-03-29,0001193125-15-019001,already_on_disk,Data\edgar\item5_02_text\896878\0001193125-15-019001_d857753d8k.htm
documents,896878,2016-03-29,0001193125-14-394221,already_on_disk,Data\edgar\item5_02_text\896878\0001193125-14-394221_d815122d8k.htm
documents,896878,2016-03-29,0001193125-14-284196,already_on_disk,Data\edgar\item5_02_text\896878\0001193125-14-284196_d766109d8k.htm
documents,896878,2016-04-06,0000896878-16-000219,already_on_disk,Data\edgar\item5_02_text\896878\0000896878-16-000219_a8-kshellfor5x2016vasqueza.htm
documents,896878,2016-04-06,0001193125-15-360231,already_on_disk,Data\edgar\item5_02_text\896878\0001193125-15-360231_d64564d8k.htm
documents,896878,2016-04-06,0001193125-15-019001,already_on_disk,Data\edgar\item5_02_text\896878\0001193125-15-019001_d857753d8k.htm
documents,896878,2016-04-06,0001193125-14-394221,already_on_disk,Data\edgar\item5_02_text\896878\0001193125-14-394221_d815122d8k.htm
documents,896878,2016-04-06,0001193125-14-284196,already_on_disk,Data\edgar\item5_02_text\896878\0001193125-14-284196_d766109d8k.htm
documents,896878,2016-04-14,0000896878-16-000219,already_on_disk,Data\edgar\item5_02_text\896878\0000896878-16-000219_a8-kshellfor5x2016vasqueza.htm
documents,896878,2016-04-14,0001193125-15-360231,already_on_disk,Data\edgar\item5_02_text\896878\0001193125-15-360231_d64564d8k.htm
documents,896878,2016-04-14,0001193125-15-019001,already_on_disk,Data\edgar\item5_02_text\896878\0001193125-15-019001_d857753d8k.htm
documents,896878,2016-04-14,0001193125-14-394221,already_on_disk,Data\edgar\item5_02_text\896878\0001193125-14-394221_d815122d8k.htm
documents,896878,2016-04-14,0001193125-14-284196,already_on_disk,Data\edgar\item5_02_text\896878\0001193125-14-284196_d766109d8k.htm
documents,896878,2016-04-29,0000896878-16-000219,already_on_disk,Data\edgar\item5_02_text\896878\0000896878-16-000219_a8-kshellfor5x2016vasqueza.htm
documents,896878,2016-04-29,0001193125-15-360231,already_on_disk,Data\edgar\item5_02_text\896878\0001193125-15-360231_d64564d8k.htm
documents,896878,2016-04-29,0001193125-15-019001,already_on_disk,Data\edgar\item5_02_text\896878\0001193125-15-019001_d857753d8k.htm
documents,896878,2016-04-29,0001193125-14-394221,already_on_disk,Data\edgar\item5_02_text\896878\0001193125-14-394221_d815122d8k.htm
documents,896878,2016-04-29,0001193125-14-284196,already_on_disk,Data\edgar\item5_02_text\896878\0001193125-14-284196_d766109d8k.htm
documents,896878,2016-05-17,0000896878-16-000219,already_on_disk,Data\edgar\item5_02_text\896878\0000896878-16-000219_a8-kshellfor5x2016vasqueza.htm
documents,896878,2016-05-17,0001193125-15-360231,already_on_disk,Data\edgar\item5_02_text\896878\0001193125-15-360231_d64564d8k.htm
documents,896878,2016-05-17,0001193125-15-019001,already_on_disk,Data\edgar\item5_02_text\896878\0001193125-15-019001_d857753d8k.htm
documents,896878,2016-05-17,0001193125-14-394221,already_on_disk,Data\edgar\item5_02_text\896878\0001193125-14-394221_d815122d8k.htm
documents,896878,2016-05-17,0001193125-14-284196,already_on_disk,Data\edgar\item5_02_text\896878\0001193125-14-284196_d766109d8k.htm
documents,896878,2016-05-27,0000896878-16-000219,already_on_disk,Data\edgar\item5_02_text\896878\0000896878-16-000219_a8-kshellfor5x2016vasqueza.htm
documents,896878,2016-05-27,0001193125-15-360231,already_on_disk,Data\edgar\item5_02_text\896878\0001193125-15-360231_d64564d8k.htm
documents,896878,2016-05-27,0001193125-15-019001,already_on_disk,Data\edgar\item5_02_text\896878\0001193125-15-019001_d857753d8k.htm
documents,896878,2016-05-27,0001193125-14-394221,already_on_disk,Data\edgar\item5_02_text\896878\0001193125-14-394221_d815122d8k.htm
documents,896878,2016-05-27,0001193125-14-284196,already_on_disk,Data\edgar\item5_02_text\896878\0001193125-14-284196_d766109d8k.htm
documents,896878,2016-06-01,0000896878-16-000219,already_on_disk,Data\edgar\item5_02_text\896878\0000896878-16-000219_a8-kshellfor5x2016vasqueza.htm
documents,896878,2016-06-01,0001193125-15-360231,already_on_disk,Data\edgar\item5_02_text\896878\0001193125-15-360231_d64564d8k.htm
documents,896878,2016-06-01,0001193125-15-019001,already_on_disk,Data\edgar\item5_02_text\896878\0001193125-15-019001_d857753d8k.htm
documents,896878,2016-06-01,0001193125-14-394221,already_on_disk,Data\edgar\item5_02_text\896878\0001193125-14-394221_d815122d8k.htm
documents,896878,2016-06-01,0001193125-14-284196,already_on_disk,Data\edgar\item5_02_text\896878\0001193125-14-284196_d766109d8k.htm
documents,896878,2016-06-09,0000896878-16-000219,already_on_disk,Data\edgar\item5_02_text\896878\0000896878-16-000219_a8-kshellfor5x2016vasqueza.htm
documents,896878,2016-06-09,0001193125-15-360231,already_on_disk,Data\edgar\item5_02_text\896878\0001193125-15-360231_d64564d8k.htm
documents,896878,2016-06-09,0001193125-15-019001,already_on_disk,Data\edgar\item5_02_text\896878\0001193125-15-019001_d857753d8k.htm
documents,896878,2016-06-09,0001193125-14-394221,already_on_disk,Data\edgar\item5_02_text\896878\0001193125-14-394221_d815122d8k.htm
documents,896878,2016-06-09,0001193125-14-284196,already_on_disk,Data\edgar\item5_02_text\896878\0001193125-14-284196_d766109d8k.htm
documents,896878,2016-08-03,0000896878-16-000219,already_on_disk,Data\edgar\item5_02_text\896878\0000896878-16-000219_a8-kshellfor5x2016vasqueza.htm
documents,896878,2016-08-03,0001193125-15-360231,already_on_disk,Data\edgar\item5_02_text\896878\0001193125-15-360231_d64564d8k.htm
documents,896878,2016-08-03,0001193125-15-019001,already_on_disk,Data\edgar\item5_02_text\896878\0001193125-15-019001_d857753d8k.htm
documents,896878,2016-08-03,0001193125-14-394221,already_on_disk,Data\edgar\item5_02_text\896878\0001193125-14-394221_d815122d8k.htm
documents,896878,2016-08-22,0000896878-16-000219,already_on_disk,Data\edgar\item5_02_text\896878\0000896878-16-000219_a8-kshellfor5x2016vasqueza.htm
documents,896878,2016-08-22,0001193125-15-360231,already_on_disk,Data\edgar\item5_02_text\896878\0001193125-15-360231_d64564d8k.htm
documents,896878,2016-08-22,0001193125-15-019001,already_on_disk,Data\edgar\item5_02_text\896878\0001193125-15-019001_d857753d8k.htm
documents,896878,2016-08-22,0001193125-14-394221,already_on_disk,Data\edgar\item5_02_text\896878\0001193125-14-394221_d815122d8k.htm
documents,896878,2016-09-12,0000896878-16-000219,already_on_disk,Data\edgar\item5_02_text\896878\0000896878-16-000219_a8-kshellfor5x2016vasqueza.htm
documents,896878,2016-09-12,0001193125-15-360231,already_on_disk,Data\edgar\item5_02_text\896878\0001193125-15-360231_d64564d8k.htm
documents,896878,2016-09-12,0001193125-15-019001,already_on_disk,Data\edgar\item5_02_text\896878\0001193125-15-019001_d857753d8k.htm
documents,896878,2016-09-12,0001193125-14-394221,already_on_disk,Data\edgar\item5_02_text\896878\0001193125-14-394221_d815122d8k.htm
documents,896878,2016-09-26,0000896878-16-000219,already_on_disk,Data\edgar\item5_02_text\896878\0000896878-16-000219_a8-kshellfor5x2016vasqueza.htm
documents,896878,2016-09-26,0001193125-15-360231,already_on_disk,Data\edgar\item5_02_text\896878\0001193125-15-360231_d64564d8k.htm
documents,896878,2016-09-26,0001193125-15-019001,already_on_disk,Data\edgar\item5_02_text\896878\0001193125-15-019001_d857753d8k.htm
documents,896878,2016-09-26,0001193125-14-394221,already_on_disk,Data\edgar\item5_02_text\896878\0001193125-14-394221_d815122d8k.htm
documents,896878,2016-10-18,0000896878-16-000219,already_on_disk,Data\edgar\item5_02_text\896878\0000896878-16-000219_a8-kshellfor5x2016vasqueza.htm
documents,896878,2016-10-18,0001193125-15-360231,already_on_disk,Data\edgar\item5_02_text\896878\0001193125-15-360231_d64564d8k.htm
documents,896878,2016-10-18,0001193125-15-019001,already_on_disk,Data\edgar\item5_02_text\896878\0001193125-15-019001_d857753d8k.htm
documents,896878,2016-10-18,0001193125-14-394221,already_on_disk,Data\edgar\item5_02_text\896878\0001193125-14-394221_d815122d8k.htm
documents,896878,2016-10-23,0000896878-16-000219,already_on_disk,Data\edgar\item5_02_text\896878\0000896878-16-000219_a8-kshellfor5x2016vasqueza.htm
documents,896878,2016-10-23,0001193125-15-360231,already_on_disk,Data\edgar\item5_02_text\896878\0001193125-15-360231_d64564d8k.htm
documents,896878,2016-10-23,0001193125-15-019001,already_on_disk,Data\edgar\item5_02_text\896878\0001193125-15-019001_d857753d8k.htm
documents,896878,2016-10-23,0001193125-14-394221,already_on_disk,Data\edgar\item5_02_text\896878\0001193125-14-394221_d815122d8k.htm
documents,896878,2016-10-30,0000896878-16-000219,already_on_disk,Data\edgar\item5_02_text\896878\0000896878-16-000219_a8-kshellfor5x2016vasqueza.htm
documents,896878,2016-10-30,0001193125-15-360231,already_on_disk,Data\edgar\item5_02_text\896878\0001193125-15-360231_d64564d8k.htm
documents,896878,2016-10-30,0001193125-15-019001,already_on_disk,Data\edgar\item5_02_text\896878\0001193125-15-019001_d857753d8k.htm
documents,896878,2016-10-30,0001193125-14-394221,already_on_disk,Data\edgar\item5_02_text\896878\0001193125-14-394221_d815122d8k.htm
documents,896878,2016-11-22,0000896878-16-000219,already_on_disk,Data\edgar\item5_02_text\896878\0000896878-16-000219_a8-kshellfor5x2016vasqueza.htm
documents,896878,2016-11-22,0001193125-15-360231,already_on_disk,Data\edgar\item5_02_text\896878\0001193125-15-360231_d64564d8k.htm
documents,896878,2016-11-22,0001193125-15-019001,already_on_disk,Data\edgar\item5_02_text\896878\0001193125-15-019001_d857753d8k.htm
documents,896878,2016-12-05,0000896878-16-000219,already_on_disk,Data\edgar\item5_02_text\896878\0000896878-16-000219_a8-kshellfor5x2016vasqueza.htm
documents,896878,2016-12-05,0001193125-15-360231,already_on_disk,Data\edgar\item5_02_text\896878\0001193125-15-360231_d64564d8k.htm
documents,896878,2016-12-05,0001193125-15-019001,already_on_disk,Data\edgar\item5_02_text\896878\0001193125-15-019001_d857753d8k.htm
documents,896878,2016-12-13,0000896878-16-000219,already_on_disk,Data\edgar\item5_02_text\896878\0000896878-16-000219_a8-kshellfor5x2016vasqueza.htm
documents,896878,2016-12-13,0001193125-15-360231,already_on_disk,Data\edgar\item5_02_text\896878\0001193125-15-360231_d64564d8k.htm
documents,896878,2016-12-13,0001193125-15-019001,already_on_disk,Data\edgar\item5_02_text\896878\0001193125-15-019001_d857753d8k.htm
documents,896878,2017-01-01,0000896878-17-000162,already_on_disk,Data\edgar\item5_02_text\896878\0000896878-17-000162_a8-kshellboardann101917.htm
documents,896878,2017-01-01,0000896878-17-000117,already_on_disk,Data\edgar\item5_02_text\896878\0000896878-17-000117_fy17q4earnings8-kshell.htm
documents,896878,2017-01-01,0000896878-17-000080,already_on_disk,Data\edgar\item5_02_text\896878\0000896878-17-000080_a8-kshelldeborahliuonboard.htm
documents,896878,2017-01-01,0000896878-16-000219,already_on_disk,Data\edgar\item5_02_text\896878\0000896878-16-000219_a8-kshellfor5x2016vasqueza.htm
documents,896878,2017-01-01,0001193125-15-360231,already_on_disk,Data\edgar\item5_02_text\896878\0001193125-15-360231_d64564d8k.htm
documents,896878,2017-01-01,0001193125-15-019001,already_on_disk,Data\edgar\item5_02_text\896878\0001193125-15-019001_d857753d8k.htm
documents,896878,2017-01-12,0000896878-17-000080,already_on_disk,Data\edgar\item5_02_text\896878\0000896878-17-000080_a8-kshelldeborahliuonboard.htm
documents,896878,2017-01-12,0000896878-16-000219,already_on_disk,Data\edgar\item5_02_text\896878\0000896878-16-000219_a8-kshellfor5x2016vasqueza.htm
documents,896878,2017-01-12,0001193125-15-360231,already_on_disk,Data\edgar\item5_02_text\896878\0001193125-15-360231_d64564d8k.htm
documents,896878,2017-01-12,0001193125-15-019001,already_on_disk,Data\edgar\item5_02_text\896878\0001193125-15-019001_d857753d8k.htm
documents,896878,2017-01-27,0000896878-17-000080,already_on_disk,Data\edgar\item5_02_text\896878\0000896878-17-000080_a8-kshelldeborahliuonboard.htm
documents,896878,2017-01-27,0000896878-16-000219,already_on_disk,Data\edgar\item5_02_text\896878\0000896878-16-000219_a8-kshellfor5x2016vasqueza.htm
documents,896878,2017-01-27,0001193125-15-360231,already_on_disk,Data\edgar\item5_02_text\896878\0001193125-15-360231_d64564d8k.htm
documents,896878,2017-02-13,0000896878-17-000080,already_on_disk,Data\edgar\item5_02_text\896878\0000896878-17-000080_a8-kshelldeborahliuonboard.htm
documents,896878,2017-02-13,0000896878-16-000219,already_on_disk,Data\edgar\item5_02_text\896878\0000896878-16-000219_a8-kshellfor5x2016vasqueza.htm
documents,896878,2017-02-13,0001193125-15-360231,already_on_disk,Data\edgar\item5_02_text\896878\0001193125-15-360231_d64564d8k.htm
documents,896878,2017-02-20,0000896878-17-000117,already_on_disk,Data\edgar\item5_02_text\896878\0000896878-17-000117_fy17q4earnings8-kshell.htm
documents,896878,2017-02-20,0000896878-17-000080,already_on_disk,Data\edgar\item5_02_text\896878\0000896878-17-000080_a8-kshelldeborahliuonboard.htm
documents,896878,2017-02-20,0000896878-16-000219,already_on_disk,Data\edgar\item5_02_text\896878\0000896878-16-000219_a8-kshellfor5x2016vasqueza.htm
documents,896878,2017-02-20,0001193125-15-360231,already_on_disk,Data\edgar\item5_02_text\896878\0001193125-15-360231_d64564d8k.htm
documents,896878,2017-02-28,0000896878-17-000117,already_on_disk,Data\edgar\item5_02_text\896878\0000896878-17-000117_fy17q4earnings8-kshell.htm
documents,896878,2017-02-28,0000896878-17-000080,already_on_disk,Data\edgar\item5_02_text\896878\0000896878-17-000080_a8-kshelldeborahliuonboard.htm
documents,896878,2017-02-28,0000896878-16-000219,already_on_disk,Data\edgar\item5_02_text\896878\0000896878-16-000219_a8-kshellfor5x2016vasqueza.htm
documents,896878,2017-02-28,0001193125-15-360231,already_on_disk,Data\edgar\item5_02_text\896878\0001193125-15-360231_d64564d8k.htm
documents,896878,2017-03-12,0000896878-17-000117,already_on_disk,Data\edgar\item5_02_text\896878\0000896878-17-000117_fy17q4earnings8-kshell.htm
documents,896878,2017-03-12,0000896878-17-000080,already_on_disk,Data\edgar\item5_02_text\896878\0000896878-17-000080_a8-kshelldeborahliuonboard.htm
documents,896878,2017-03-12,0000896878-16-000219,already_on_disk,Data\edgar\item5_02_text\896878\0000896878-16-000219_a8-kshellfor5x2016vasqueza.htm
documents,896878,2017-03-12,0001193125-15-360231,already_on_disk,Data\edgar\item5_02_text\896878\0001193125-15-360231_d64564d8k.htm
documents,896878,2017-04-02,0000896878-17-000117,already_on_disk,Data\edgar\item5_02_text\896878\0000896878-17-000117_fy17q4earnings8-kshell.htm
documents,896878,2017-04-02,0000896878-17-000080,already_on_disk,Data\edgar\item5_02_text\896878\0000896878-17-000080_a8-kshelldeborahliuonboard.htm
documents,896878,2017-04-02,0000896878-16-000219,already_on_disk,Data\edgar\item5_02_text\896878\0000896878-16-000219_a8-kshellfor5x2016vasqueza.htm
documents,896878,2017-04-02,0001193125-15-360231,already_on_disk,Data\edgar\item5_02_text\896878\0001193125-15-360231_d64564d8k.htm
documents,896878,2017-04-17,0000896878-17-000162,already_on_disk,Data\edgar\item5_02_text\896878\0000896878-17-000162_a8-kshellboardann101917.htm
documents,896878,2017-04-17,0000896878-17-000117,already_on_disk,Data\edgar\item5_02_text\896878\0000896878-17-000117_fy17q4earnings8-kshell.htm
documents,896878,2017-04-17,0000896878-17-000080,already_on_disk,Data\edgar\item5_02_text\896878\0000896878-17-000080_a8-kshelldeborahliuonboard.htm
documents,896878,2017-04-17,0000896878-16-000219,already_on_disk,Data\edgar\item5_02_text\896878\0000896878-16-000219_a8-kshellfor5x2016vasqueza.htm
documents,896878,2017-04-17,0001193125-15-360231,already_on_disk,Data\edgar\item5_02_text\896878\0001193125-15-360231_d64564d8k.htm
documents,896878,2017-04-30,0000896878-17-000162,already_on_disk,Data\edgar\item5_02_text\896878\0000896878-17-000162_a8-kshellboardann101917.htm
documents,896878,2017-04-30,0000896878-17-000117,already_on_disk,Data\edgar\item5_02_text\896878\0000896878-17-000117_fy17q4earnings8-kshell.htm
documents,896878,2017-04-30,0000896878-17-000080,already_on_disk,Data\edgar\item5_02_text\896878\0000896878-17-000080_a8-kshelldeborahliuonboard.htm
documents,896878,2017-04-30,0000896878-16-000219,already_on_disk,Data\edgar\item5_02_text\896878\0000896878-16-000219_a8-kshellfor5x2016vasqueza.htm
documents,896878,2017-04-30,0001193125-15-360231,already_on_disk,Data\edgar\item5_02_text\896878\0001193125-15-360231_d64564d8k.htm
documents,896878,2017-06-01,0000896878-17-000162,already_on_disk,Data\edgar\item5_02_text\896878\0000896878-17-000162_a8-kshellboardann101917.htm
documents,896878,2017-06-01,0000896878-17-000117,already_on_disk,Data\edgar\item5_02_text\896878\0000896878-17-000117_fy17q4earnings8-kshell.htm
documents,896878,2017-06-01,0000896878-17-000080,already_on_disk,Data\edgar\item5_02_text\896878\0000896878-17-000080_a8-kshelldeborahliuonboard.htm
documents,896878,2017-06-01,0000896878-16-000219,already_on_disk,Data\edgar\item5_02_text\896878\0000896878-16-000219_a8-kshellfor5x2016vasqueza.htm
documents,896878,2017-06-01,0001193125-15-360231,already_on_disk,Data\edgar\item5_02_text\896878\0001193125-15-360231_d64564d8k.htm
documents,896878,2017-06-14,0000896878-17-000162,already_on_disk,Data\edgar\item5_02_text\896878\0000896878-17-000162_a8-kshellboardann101917.htm
documents,896878,2017-06-14,0000896878-17-000117,already_on_disk,Data\edgar\item5_02_text\896878\0000896878-17-000117_fy17q4earnings8-kshell.htm
documents,896878,2017-06-14,0000896878-17-000080,already_on_disk,Data\edgar\item5_02_text\896878\0000896878-17-000080_a8-kshelldeborahliuonboard.htm
documents,896878,2017-06-14,0000896878-16-000219,already_on_disk,Data\edgar\item5_02_text\896878\0000896878-16-000219_a8-kshellfor5x2016vasqueza.htm
documents,896878,2017-06-14,0001193125-15-360231,already_on_disk,Data\edgar\item5_02_text\896878\0001193125-15-360231_d64564d8k.htm
documents,896878,2017-07-30,0000896878-18-000025,already_on_disk,Data\edgar\item5_02_text\896878\0000896878-18-000025_a8-kshell012318.htm
documents,896878,2017-07-30,0000896878-17-000162,already_on_disk,Data\edgar\item5_02_text\896878\0000896878-17-000162_a8-kshellboardann101917.htm
documents,896878,2017-07-30,0000896878-17-000117,already_on_disk,Data\edgar\item5_02_text\896878\0000896878-17-000117_fy17q4earnings8-kshell.htm
documents,896878,2017-07-30,0000896878-17-000080,already_on_disk,Data\edgar\item5_02_text\896878\0000896878-17-000080_a8-kshelldeborahliuonboard.htm
documents,896878,2017-07-30,0000896878-16-000219,already_on_disk,Data\edgar\item5_02_text\896878\0000896878-16-000219_a8-kshellfor5x2016vasqueza.htm
documents,896878,2017-07-30,0001193125-15-360231,already_on_disk,Data\edgar\item5_02_text\896878\0001193125-15-360231_d64564d8k.htm
documents,896878,2017-08-08,0000896878-18-000025,already_on_disk,Data\edgar\item5_02_text\896878\0000896878-18-000025_a8-kshell012318.htm
documents,896878,2017-08-08,0000896878-17-000162,already_on_disk,Data\edgar\item5_02_text\896878\0000896878-17-000162_a8-kshellboardann101917.htm
documents,896878,2017-08-08,0000896878-17-000117,already_on_disk,Data\edgar\item5_02_text\896878\0000896878-17-000117_fy17q4earnings8-kshell.htm
documents,896878,2017-08-08,0000896878-17-000080,already_on_disk,Data\edgar\item5_02_text\896878\0000896878-17-000080_a8-kshelldeborahliuonboard.htm
documents,896878,2017-08-08,0000896878-16-000219,already_on_disk,Data\edgar\item5_02_text\896878\0000896878-16-000219_a8-kshellfor5x2016vasqueza.htm
documents,896878,2017-08-08,0001193125-15-360231,already_on_disk,Data\edgar\item5_02_text\896878\0001193125-15-360231_d64564d8k.htm
documents,896878,2017-08-16,0000896878-18-000025,already_on_disk,Data\edgar\item5_02_text\896878\0000896878-18-000025_a8-kshell012318.htm
documents,896878,2017-08-16,0000896878-17-000162,already_on_disk,Data\edgar\item5_02_text\896878\0000896878-17-000162_a8-kshellboardann101917.htm
documents,896878,2017-08-16,0000896878-17-000117,already_on_disk,Data\edgar\item5_02_text\896878\0000896878-17-000117_fy17q4earnings8-kshell.htm
documents,896878,2017-08-16,0000896878-17-000080,already_on_disk,Data\edgar\item5_02_text\896878\0000896878-17-000080_a8-kshelldeborahliuonboard.htm
documents,896878,2017-08-16,0000896878-16-000219,already_on_disk,Data\edgar\item5_02_text\896878\0000896878-16-000219_a8-kshellfor5x2016vasqueza.htm
documents,896878,2017-08-16,0001193125-15-360231,already_on_disk,Data\edgar\item5_02_text\896878\0001193125-15-360231_d64564d8k.htm
documents,896878,2017-08-25,0000896878-18-000025,already_on_disk,Data\edgar\item5_02_text\896878\0000896878-18-000025_a8-kshell012318.htm
documents,896878,2017-08-25,0000896878-17-000162,already_on_disk,Data\edgar\item5_02_text\896878\0000896878-17-000162_a8-kshellboardann101917.htm
documents,896878,2017-08-25,0000896878-17-000117,already_on_disk,Data\edgar\item5_02_text\896878\0000896878-17-000117_fy17q4earnings8-kshell.htm
documents,896878,2017-08-25,0000896878-17-000080,already_on_disk,Data\edgar\item5_02_text\896878\0000896878-17-000080_a8-kshelldeborahliuonboard.htm
documents,896878,2017-08-25,0000896878-16-000219,already_on_disk,Data\edgar\item5_02_text\896878\0000896878-16-000219_a8-kshellfor5x2016vasqueza.htm
documents,896878,2017-08-25,0001193125-15-360231,already_on_disk,Data\edgar\item5_02_text\896878\0001193125-15-360231_d64564d8k.htm
documents,896878,2017-09-01,0000896878-18-000025,already_on_disk,Data\edgar\item5_02_text\896878\0000896878-18-000025_a8-kshell012318.htm
documents,896878,2017-09-01,0000896878-17-000162,already_on_disk,Data\edgar\item5_02_text\896878\0000896878-17-000162_a8-kshellboardann101917.htm
documents,896878,2017-09-01,0000896878-17-000117,already_on_disk,Data\edgar\item5_02_text\896878\0000896878-17-000117_fy17q4earnings8-kshell.htm
documents,896878,2017-09-01,0000896878-17-000080,already_on_disk,Data\edgar\item5_02_text\896878\0000896878-17-000080_a8-kshelldeborahliuonboard.htm
documents,896878,2017-09-01,0000896878-16-000219,already_on_disk,Data\edgar\item5_02_text\896878\0000896878-16-000219_a8-kshellfor5x2016vasqueza.htm
documents,896878,2017-09-01,0001193125-15-360231,already_on_disk,Data\edgar\item5_02_text\896878\0001193125-15-360231_d64564d8k.htm
documents,896878,2017-10-17,0000896878-18-000025,already_on_disk,Data\edgar\item5_02_text\896878\0000896878-18-000025_a8-kshell012318.htm
documents,896878,2017-10-17,0000896878-17-000162,already_on_disk,Data\edgar\item5_02_text\896878\0000896878-17-000162_a8-kshellboardann101917.htm
documents,896878,2017-10-17,0000896878-17-000117,already_on_disk,Data\edgar\item5_02_text\896878\0000896878-17-000117_fy17q4earnings8-kshell.htm
documents,896878,2017-10-17,0000896878-17-000080,already_on_disk,Data\edgar\item5_02_text\896878\0000896878-17-000080_a8-kshelldeborahliuonboard.htm
documents,896878,2017-10-17,0000896878-16-000219,already_on_disk,Data\edgar\item5_02_text\896878\0000896878-16-000219_a8-kshellfor5x2016vasqueza.htm
documents,896878,2017-10-17,0001193125-15-360231,already_on_disk,Data\edgar\item5_02_text\896878\0001193125-15-360231_d64564d8k.htm
documents,896878,2018-02-06,0000896878-18-000162,already_on_disk,Data\edgar\item5_02_text\896878\0000896878-18-000162_fy18q4earnings8-kshell.htm
documents,896878,2018-02-06,0000896878-18-000073,already_on_disk,Data\edgar\item5_02_text\896878\0000896878-18-000073_fy18q3earnings8-kshell.htm
documents,896878,2018-02-06,0000896878-18-000025,already_on_disk,Data\edgar\item5_02_text\896878\0000896878-18-000025_a8-kshell012318.htm
documents,896878,2018-02-06,0000896878-17-000162,already_on_disk,Data\edgar\item5_02_text\896878\0000896878-17-000162_a8-kshellboardann101917.htm
documents,896878,2018-02-06,0000896878-17-000117,already_on_disk,Data\edgar\item5_02_text\896878\0000896878-17-000117_fy17q4earnings8-kshell.htm
documents,896878,2018-02-06,0000896878-17-000080,already_on_disk,Data\edgar\item5_02_text\896878\0000896878-17-000080_a8-kshelldeborahliuonboard.htm
documents,896878,2018-02-06,0000896878-16-000219,already_on_disk,Data\edgar\item5_02_text\896878\0000896878-16-000219_a8-kshellfor5x2016vasqueza.htm
documents,896878,2018-03-14,0000896878-18-000162,already_on_disk,Data\edgar\item5_02_text\896878\0000896878-18-000162_fy18q4earnings8-kshell.htm
documents,896878,2018-03-14,0000896878-18-000073,already_on_disk,Data\edgar\item5_02_text\896878\0000896878-18-000073_fy18q3earnings8-kshell.htm
documents,896878,2018-03-14,0000896878-18-000025,already_on_disk,Data\edgar\item5_02_text\896878\0000896878-18-000025_a8-kshell012318.htm
documents,896878,2018-03-14,0000896878-17-000162,already_on_disk,Data\edgar\item5_02_text\896878\0000896878-17-000162_a8-kshellboardann101917.htm
documents,896878,2018-03-14,0000896878-17-000117,already_on_disk,Data\edgar\item5_02_text\896878\0000896878-17-000117_fy17q4earnings8-kshell.htm
documents,896878,2018-03-14,0000896878-17-000080,already_on_disk,Data\edgar\item5_02_text\896878\0000896878-17-000080_a8-kshelldeborahliuonboard.htm
documents,896878,2018-03-14,0000896878-16-000219,already_on_disk,Data\edgar\item5_02_text\896878\0000896878-16-000219_a8-kshellfor5x2016vasqueza.htm
documents,896878,2018-04-26,0000896878-18-000162,already_on_disk,Data\edgar\item5_02_text\896878\0000896878-18-000162_fy18q4earnings8-kshell.htm
documents,896878,2018-04-26,0000896878-18-000073,already_on_disk,Data\edgar\item5_02_text\896878\0000896878-18-000073_fy18q3earnings8-kshell.htm
documents,896878,2018-04-26,0000896878-18-000025,already_on_disk,Data\edgar\item5_02_text\896878\0000896878-18-000025_a8-kshell012318.htm
documents,896878,2018-04-26,0000896878-17-000162,already_on_disk,Data\edgar\item5_02_text\896878\0000896878-17-000162_a8-kshellboardann101917.htm
documents,896878,2018-04-26,0000896878-17-000117,already_on_disk,Data\edgar\item5_02_text\896878\0000896878-17-000117_fy17q4earnings8-kshell.htm
documents,896878,2018-04-26,0000896878-17-000080,already_on_disk,Data\edgar\item5_02_text\896878\0000896878-17-000080_a8-kshelldeborahliuonboard.htm
documents,896878,2018-04-26,0000896878-16-000219,already_on_disk,Data\edgar\item5_02_text\896878\0000896878-16-000219_a8-kshellfor5x2016vasqueza.htm
documents,896878,2018-05-16,0000896878-18-000207,already_on_disk,Data\edgar\item5_02_text\896878\0000896878-18-000207_a8-kshell110518.htm
documents,896878,2018-05-16,0000896878-18-000162,already_on_disk,Data\edgar\item5_02_text\896878\0000896878-18-000162_fy18q4earnings8-kshell.htm
documents,896878,2018-05-16,0000896878-18-000073,already_on_disk,Data\edgar\item5_02_text\896878\0000896878-18-000073_fy18q3earnings8-kshell.htm
documents,896878,2018-05-16,0000896878-18-000025,already_on_disk,Data\edgar\item5_02_text\896878\0000896878-18-000025_a8-kshell012318.htm
documents,896878,2018-05-16,0000896878-17-000162,already_on_disk,Data\edgar\item5_02_text\896878\0000896878-17-000162_a8-kshellboardann101917.htm
documents,896878,2018-05-16,0000896878-17-000117,already_on_disk,Data\edgar\item5_02_text\896878\0000896878-17-000117_fy17q4earnings8-kshell.htm
documents,896878,2018-05-16,0000896878-17-000080,already_on_disk,Data\edgar\item5_02_text\896878\0000896878-17-000080_a8-kshelldeborahliuonboard.htm
documents,896878,2018-06-15,0000896878-18-000207,already_on_disk,Data\edgar\item5_02_text\896878\0000896878-18-000207_a8-kshell110518.htm
documents,896878,2018-06-15,0000896878-18-000162,already_on_disk,Data\edgar\item5_02_text\896878\0000896878-18-000162_fy18q4earnings8-kshell.htm
documents,896878,2018-06-15,0000896878-18-000073,already_on_disk,Data\edgar\item5_02_text\896878\0000896878-18-000073_fy18q3earnings8-kshell.htm
documents,896878,2018-06-15,0000896878-18-000025,already_on_disk,Data\edgar\item5_02_text\896878\0000896878-18-000025_a8-kshell012318.htm
documents,896878,2018-06-15,0000896878-17-000162,already_on_disk,Data\edgar\item5_02_text\896878\0000896878-17-000162_a8-kshellboardann101917.htm
documents,896878,2018-06-15,0000896878-17-000117,already_on_disk,Data\edgar\item5_02_text\896878\0000896878-17-000117_fy17q4earnings8-kshell.htm
documents,896878,2018-06-15,0000896878-17-000080,already_on_disk,Data\edgar\item5_02_text\896878\0000896878-17-000080_a8-kshelldeborahliuonboard.htm
documents,896878,2019-01-29,0000896878-18-000207,already_on_disk,Data\edgar\item5_02_text\896878\0000896878-18-000207_a8-kshell110518.htm
documents,896878,2019-01-29,0000896878-18-000162,already_on_disk,Data\edgar\item5_02_text\896878\0000896878-18-000162_fy18q4earnings8-kshell.htm
documents,896878,2019-01-29,0000896878-18-000073,already_on_disk,Data\edgar\item5_02_text\896878\0000896878-18-000073_fy18q3earnings8-kshell.htm
documents,896878,2019-01-29,0000896878-18-000025,already_on_disk,Data\edgar\item5_02_text\896878\0000896878-18-000025_a8-kshell012318.htm
documents,896878,2019-01-29,0000896878-17-000162,already_on_disk,Data\edgar\item5_02_text\896878\0000896878-17-000162_a8-kshellboardann101917.htm
documents,896878,2019-01-29,0000896878-17-000117,already_on_disk,Data\edgar\item5_02_text\896878\0000896878-17-000117_fy17q4earnings8-kshell.htm
documents,896878,2019-01-29,0000896878-17-000080,already_on_disk,Data\edgar\item5_02_text\896878\0000896878-17-000080_a8-kshelldeborahliuonboard.htm
documents,896878,2019-02-21,0000896878-18-000207,already_on_disk,Data\edgar\item5_02_text\896878\0000896878-18-000207_a8-kshell110518.htm
documents,896878,2019-02-21,0000896878-18-000162,already_on_disk,Data\edgar\item5_02_text\896878\0000896878-18-000162_fy18q4earnings8-kshell.htm
documents,896878,2019-02-21,0000896878-18-000073,already_on_disk,Data\edgar\item5_02_text\896878\0000896878-18-000073_fy18q3earnings8-kshell.htm
documents,896878,2019-02-21,0000896878-18-000025,already_on_disk,Data\edgar\item5_02_text\896878\0000896878-18-000025_a8-kshell012318.htm
documents,896878,2019-02-21,0000896878-17-000162,already_on_disk,Data\edgar\item5_02_text\896878\0000896878-17-000162_a8-kshellboardann101917.htm
documents,896878,2019-02-21,0000896878-17-000117,already_on_disk,Data\edgar\item5_02_text\896878\0000896878-17-000117_fy17q4earnings8-kshell.htm
documents,896878,2019-02-21,0000896878-17-000080,already_on_disk,Data\edgar\item5_02_text\896878\0000896878-17-000080_a8-kshelldeborahliuonboard.htm
documents,896878,2019-03-21,0000896878-18-000207,already_on_disk,Data\edgar\item5_02_text\896878\0000896878-18-000207_a8-kshell110518.htm
documents,896878,2019-03-21,0000896878-18-000162,already_on_disk,Data\edgar\item5_02_text\896878\0000896878-18-000162_fy18q4earnings8-kshell.htm
documents,896878,2019-03-21,0000896878-18-000073,already_on_disk,Data\edgar\item5_02_text\896878\0000896878-18-000073_fy18q3earnings8-kshell.htm
documents,896878,2019-03-21,0000896878-18-000025,already_on_disk,Data\edgar\item5_02_text\896878\0000896878-18-000025_a8-kshell012318.htm
documents,896878,2019-03-21,0000896878-17-000162,already_on_disk,Data\edgar\item5_02_text\896878\0000896878-17-000162_a8-kshellboardann101917.htm
documents,896878,2019-03-21,0000896878-17-000117,already_on_disk,Data\edgar\item5_02_text\896878\0000896878-17-000117_fy17q4earnings8-kshell.htm
documents,896878,2019-03-21,0000896878-17-000080,already_on_disk,Data\edgar\item5_02_text\896878\0000896878-17-000080_a8-kshelldeborahliuonboard.htm
documents,896878,2019-03-26,0000896878-18-000207,already_on_disk,Data\edgar\item5_02_text\896878\0000896878-18-000207_a8-kshell110518.htm
documents,896878,2019-03-26,0000896878-18-000162,already_on_disk,Data\edgar\item5_02_text\896878\0000896878-18-000162_fy18q4earnings8-kshell.htm
documents,896878,2019-03-26,0000896878-18-000073,already_on_disk,Data\edgar\item5_02_text\896878\0000896878-18-000073_fy18q3earnings8-kshell.htm
documents,896878,2019-03-26,0000896878-18-000025,already_on_disk,Data\edgar\item5_02_text\896878\0000896878-18-000025_a8-kshell012318.htm
documents,896878,2019-03-26,0000896878-17-000162,already_on_disk,Data\edgar\item5_02_text\896878\0000896878-17-000162_a8-kshellboardann101917.htm
documents,896878,2019-03-26,0000896878-17-000117,already_on_disk,Data\edgar\item5_02_text\896878\0000896878-17-000117_fy17q4earnings8-kshell.htm
documents,896878,2019-03-26,0000896878-17-000080,already_on_disk,Data\edgar\item5_02_text\896878\0000896878-17-000080_a8-kshelldeborahliuonboard.htm
documents,896878,2019-04-07,0000896878-18-000207,already_on_disk,Data\edgar\item5_02_text\896878\0000896878-18-000207_a8-kshell110518.htm
documents,896878,2019-04-07,0000896878-18-000162,already_on_disk,Data\edgar\item5_02_text\896878\0000896878-18-000162_fy18q4earnings8-kshell.htm
documents,896878,2019-04-07,0000896878-18-000073,already_on_disk,Data\edgar\item5_02_text\896878\0000896878-18-000073_fy18q3earnings8-kshell.htm
documents,896878,2019-04-07,0000896878-18-000025,already_on_disk,Data\edgar\item5_02_text\896878\0000896878-18-000025_a8-kshell012318.htm
documents,896878,2019-04-07,0000896878-17-000162,already_on_disk,Data\edgar\item5_02_text\896878\0000896878-17-000162_a8-kshellboardann101917.htm
documents,896878,2019-04-07,0000896878-17-000117,already_on_disk,Data\edgar\item5_02_text\896878\0000896878-17-000117_fy17q4earnings8-kshell.htm
documents,896878,2019-04-07,0000896878-17-000080,already_on_disk,Data\edgar\item5_02_text\896878\0000896878-17-000080_a8-kshelldeborahliuonboard.htm
documents,896878,2019-04-16,0000896878-18-000207,already_on_disk,Data\edgar\item5_02_text\896878\0000896878-18-000207_a8-kshell110518.htm
documents,896878,2019-04-16,0000896878-18-000162,already_on_disk,Data\edgar\item5_02_text\896878\0000896878-18-000162_fy18q4earnings8-kshell.htm
documents,896878,2019-04-16,0000896878-18-000073,already_on_disk,Data\edgar\item5_02_text\896878\0000896878-18-000073_fy18q3earnings8-kshell.htm
documents,896878,2019-04-16,0000896878-18-000025,already_on_disk,Data\edgar\item5_02_text\896878\0000896878-18-000025_a8-kshell012318.htm
documents,896878,2019-04-16,0000896878-17-000162,already_on_disk,Data\edgar\item5_02_text\896878\0000896878-17-000162_a8-kshellboardann101917.htm
documents,896878,2019-04-16,0000896878-17-000117,already_on_disk,Data\edgar\item5_02_text\896878\0000896878-17-000117_fy17q4earnings8-kshell.htm
documents,896878,2019-04-16,0000896878-17-000080,already_on_disk,Data\edgar\item5_02_text\896878\0000896878-17-000080_a8-kshelldeborahliuonboard.htm
documents,896878,2019-09-20,0000896878-18-000207,already_on_disk,Data\edgar\item5_02_text\896878\0000896878-18-000207_a8-kshell110518.htm
documents,896878,2019-09-20,0000896878-18-000162,already_on_disk,Data\edgar\item5_02_text\896878\0000896878-18-000162_fy18q4earnings8-kshell.htm
documents,896878,2019-09-20,0000896878-18-000073,already_on_disk,Data\edgar\item5_02_text\896878\0000896878-18-000073_fy18q3earnings8-kshell.htm
documents,896878,2019-09-20,0000896878-18-000025,already_on_disk,Data\edgar\item5_02_text\896878\0000896878-18-000025_a8-kshell012318.htm
documents,896878,2019-09-20,0000896878-17-000162,already_on_disk,Data\edgar\item5_02_text\896878\0000896878-17-000162_a8-kshellboardann101917.htm
documents,896878,2020-03-31,0000896878-18-000207,already_on_disk,Data\edgar\item5_02_text\896878\0000896878-18-000207_a8-kshell110518.htm
documents,896878,2020-03-31,0000896878-18-000162,already_on_disk,Data\edgar\item5_02_text\896878\0000896878-18-000162_fy18q4earnings8-kshell.htm
documents,896878,2020-03-31,0000896878-18-000073,already_on_disk,Data\edgar\item5_02_text\896878\0000896878-18-000073_fy18q3earnings8-kshell.htm
documents,896878,2020-04-12,0000896878-20-000202,already_on_disk,Data\edgar\item5_02_text\896878\0000896878-20-000202_intu-20201016.htm
documents,896878,2020-04-12,0000896878-18-000207,already_on_disk,Data\edgar\item5_02_text\896878\0000896878-18-000207_a8-kshell110518.htm
documents,896878,2020-04-12,0000896878-18-000162,already_on_disk,Data\edgar\item5_02_text\896878\0000896878-18-000162_fy18q4earnings8-kshell.htm
documents,896878,2020-04-12,0000896878-18-000073,already_on_disk,Data\edgar\item5_02_text\896878\0000896878-18-000073_fy18q3earnings8-kshell.htm
documents,896878,2022-02-06,0000896878-22-000019,already_on_disk,Data\edgar\item5_02_text\896878\0000896878-22-000019_intu-20220524.htm
documents,896878,2022-02-06,0000896878-22-000003,already_on_disk,Data\edgar\item5_02_text\896878\0000896878-22-000003_intu-20220120.htm
documents,896878,2022-02-06,0000896878-21-000255,already_on_disk,Data\edgar\item5_02_text\896878\0000896878-21-000255_intu-20211104.htm
documents,896878,2022-02-06,0000896878-20-000202,already_on_disk,Data\edgar\item5_02_text\896878\0000896878-20-000202_intu-20201016.htm
documents,896878,2022-04-15,0000896878-22-000019,already_on_disk,Data\edgar\item5_02_text\896878\0000896878-22-000019_intu-20220524.htm
documents,896878,2022-04-15,0000896878-22-000003,already_on_disk,Data\edgar\item5_02_text\896878\0000896878-22-000003_intu-20220120.htm
documents,896878,2022-04-15,0000896878-21-000255,already_on_disk,Data\edgar\item5_02_text\896878\0000896878-21-000255_intu-20211104.htm
documents,896878,2022-04-15,0000896878-20-000202,already_on_disk,Data\edgar\item5_02_text\896878\0000896878-20-000202_intu-20201016.htm
documents,896878,2023-01-01,0000896878-23-000028,already_on_disk,Data\edgar\item5_02_text\896878\0000896878-23-000028_intu-20230814.htm
documents,896878,2023-01-01,0000896878-23-000016,already_on_disk,Data\edgar\item5_02_text\896878\0000896878-23-000016_intu-20230504.htm
documents,896878,2023-01-01,0000896878-23-000009,already_on_disk,Data\edgar\item5_02_text\896878\0000896878-23-000009_intu-20230223.htm
documents,896878,2023-01-01,0000896878-22-000019,already_on_disk,Data\edgar\item5_02_text\896878\0000896878-22-000019_intu-20220524.htm
documents,896878,2023-01-01,0000896878-22-000003,already_on_disk,Data\edgar\item5_02_text\896878\0000896878-22-000003_intu-20220120.htm
documents,896878,2023-01-01,0000896878-21-000255,already_on_disk,Data\edgar\item5_02_text\896878\0000896878-21-000255_intu-20211104.htm
documents,896878,2023-06-04,0000896878-24-000032,already_on_disk,Data\edgar\item5_02_text\896878\0000896878-24-000032_intu-20240724.htm
documents,896878,2023-06-04,0000896878-24-000021,already_on_disk,Data\edgar\item5_02_text\896878\0000896878-24-000021_intu-20240502.htm
documents,896878,2023-06-04,0000896878-23-000028,already_on_disk,Data\edgar\item5_02_text\896878\0000896878-23-000028_intu-20230814.htm
documents,896878,2023-06-04,0000896878-23-000016,already_on_disk,Data\edgar\item5_02_text\896878\0000896878-23-000016_intu-20230504.htm
documents,896878,2023-06-04,0000896878-23-000009,already_on_disk,Data\edgar\item5_02_text\896878\0000896878-23-000009_intu-20230223.htm
documents,896878,2023-06-04,0000896878-22-000019,already_on_disk,Data\edgar\item5_02_text\896878\0000896878-22-000019_intu-20220524.htm
documents,896878,2023-06-04,0000896878-22-000003,already_on_disk,Data\edgar\item5_02_text\896878\0000896878-22-000003_intu-20220120.htm
documents,896878,2023-06-04,0000896878-21-000255,already_on_disk,Data\edgar\item5_02_text\896878\0000896878-21-000255_intu-20211104.htm
documents,896878,2023-12-01,0000896878-24-000032,already_on_disk,Data\edgar\item5_02_text\896878\0000896878-24-000032_intu-20240724.htm
documents,896878,2023-12-01,0000896878-24-000021,already_on_disk,Data\edgar\item5_02_text\896878\0000896878-24-000021_intu-20240502.htm
documents,896878,2023-12-01,0000896878-23-000028,already_on_disk,Data\edgar\item5_02_text\896878\0000896878-23-000028_intu-20230814.htm
documents,896878,2023-12-01,0000896878-23-000016,already_on_disk,Data\edgar\item5_02_text\896878\0000896878-23-000016_intu-20230504.htm
documents,896878,2023-12-01,0000896878-23-000009,already_on_disk,Data\edgar\item5_02_text\896878\0000896878-23-000009_intu-20230223.htm
documents,896878,2023-12-01,0000896878-22-000019,already_on_disk,Data\edgar\item5_02_text\896878\0000896878-22-000019_intu-20220524.htm
documents,896878,2023-12-01,0000896878-22-000003,already_on_disk,Data\edgar\item5_02_text\896878\0000896878-22-000003_intu-20220120.htm
documents,896878,2024-01-29,0000896878-24-000041,already_on_disk,Data\edgar\item5_02_text\896878\0000896878-24-000041_intu-20241031.htm
documents,896878,2024-01-29,0000896878-24-000032,already_on_disk,Data\edgar\item5_02_text\896878\0000896878-24-000032_intu-20240724.htm
documents,896878,2024-01-29,0000896878-24-000021,already_on_disk,Data\edgar\item5_02_text\896878\0000896878-24-000021_intu-20240502.htm
documents,896878,2024-01-29,0000896878-23-000028,already_on_disk,Data\edgar\item5_02_text\896878\0000896878-23-000028_intu-20230814.htm
documents,896878,2024-01-29,0000896878-23-000016,already_on_disk,Data\edgar\item5_02_text\896878\0000896878-23-000016_intu-20230504.htm
documents,896878,2024-01-29,0000896878-23-000009,already_on_disk,Data\edgar\item5_02_text\896878\0000896878-23-000009_intu-20230223.htm
documents,896878,2024-01-29,0000896878-22-000019,already_on_disk,Data\edgar\item5_02_text\896878\0000896878-22-000019_intu-20220524.htm
documents,896878,2024-03-05,0000896878-25-000027,already_on_disk,Data\edgar\item5_02_text\896878\0000896878-25-000027_intu-20250612.htm
documents,896878,2024-03-05,0000896878-24-000041,already_on_disk,Data\edgar\item5_02_text\896878\0000896878-24-000041_intu-20241031.htm
documents,896878,2024-03-05,0000896878-24-000032,already_on_disk,Data\edgar\item5_02_text\896878\0000896878-24-000032_intu-20240724.htm
documents,896878,2024-03-05,0000896878-24-000021,already_on_disk,Data\edgar\item5_02_text\896878\0000896878-24-000021_intu-20240502.htm
documents,896878,2024-03-05,0000896878-23-000028,already_on_disk,Data\edgar\item5_02_text\896878\0000896878-23-000028_intu-20230814.htm
documents,896878,2024-03-05,0000896878-23-000016,already_on_disk,Data\edgar\item5_02_text\896878\0000896878-23-000016_intu-20230504.htm
documents,896878,2024-03-05,0000896878-23-000009,already_on_disk,Data\edgar\item5_02_text\896878\0000896878-23-000009_intu-20230223.htm
documents,896878,2024-03-05,0000896878-22-000019,already_on_disk,Data\edgar\item5_02_text\896878\0000896878-22-000019_intu-20220524.htm
documents,896878,2024-12-20,0000896878-25-000027,already_on_disk,Data\edgar\item5_02_text\896878\0000896878-25-000027_intu-20250612.htm
documents,896878,2024-12-20,0000896878-24-000041,already_on_disk,Data\edgar\item5_02_text\896878\0000896878-24-000041_intu-20241031.htm
documents,896878,2024-12-20,0000896878-24-000032,already_on_disk,Data\edgar\item5_02_text\896878\0000896878-24-000032_intu-20240724.htm
documents,896878,2024-12-20,0000896878-24-000021,already_on_disk,Data\edgar\item5_02_text\896878\0000896878-24-000021_intu-20240502.htm
documents,896878,2024-12-20,0000896878-23-000028,already_on_disk,Data\edgar\item5_02_text\896878\0000896878-23-000028_intu-20230814.htm
documents,896878,2024-12-20,0000896878-23-000016,already_on_disk,Data\edgar\item5_02_text\896878\0000896878-23-000016_intu-20230504.htm
documents,896878,2024-12-20,0000896878-23-000009,already_on_disk,Data\edgar\item5_02_text\896878\0000896878-23-000009_intu-20230223.htm
documents,908937,2012-03-19,0000930413-12-001340,already_on_disk,Data\edgar\item5_02_text\908937\0000930413-12-001340_c68784_8k.htm
documents,908937,2012-03-19,0000930413-11-005668,already_on_disk,Data\edgar\item5_02_text\908937\0000930413-11-005668_c66772_8-k.htm
documents,908937,2012-03-19,0000930413-11-004876,already_on_disk,Data\edgar\item5_02_text\908937\0000930413-11-004876_c66342_8k.htm
documents,908937,2012-03-19,0000950123-11-034955,already_on_disk,Data\edgar\item5_02_text\908937\0000950123-11-034955_y90820e8vk.htm
documents,908937,2012-03-19,0000930413-11-001085,already_on_disk,Data\edgar\item5_02_text\908937\0000930413-11-001085_c64388_8k.htm
documents,908937,2012-04-12,0000930413-12-001340,already_on_disk,Data\edgar\item5_02_text\908937\0000930413-12-001340_c68784_8k.htm
documents,908937,2012-04-12,0000930413-11-005668,already_on_disk,Data\edgar\item5_02_text\908937\0000930413-11-005668_c66772_8-k.htm
documents,908937,2012-04-12,0000930413-11-004876,already_on_disk,Data\edgar\item5_02_text\908937\0000930413-11-004876_c66342_8k.htm
documents,908937,2012-04-12,0000950123-11-034955,already_on_disk,Data\edgar\item5_02_text\908937\0000950123-11-034955_y90820e8vk.htm
documents,908937,2012-04-12,0000930413-11-001085,already_on_disk,Data\edgar\item5_02_text\908937\0000930413-11-001085_c64388_8k.htm
documents,908937,2016-02-01,0000930413-16-005595,already_on_disk,Data\edgar\item5_02_text\908937\0000930413-16-005595_c84068_8k.htm
documents,908937,2016-02-01,0000930413-15-003326,already_on_disk,Data\edgar\item5_02_text\908937\0000930413-15-003326_c82186_8k.htm
documents,908937,2016-02-01,0000930413-15-003027,already_on_disk,Data\edgar\item5_02_text\908937\0000930413-15-003027_c81935_8k.htm
documents,908937,2016-02-01,0000930413-15-002950,already_on_disk,Data\edgar\item5_02_text\908937\0000930413-15-002950_c81858_8k.htm
documents,908937,2016-02-01,0000930413-15-002882,already_on_disk,Data\edgar\item5_02_text\908937\0000930413-15-002882_c81795_8k.htm
documents,908937,2016-02-01,0000930413-15-002576,already_on_disk,Data\edgar\item5_02_text\908937\0000930413-15-002576_c81485_8k.htm
documents,908937,2016-02-01,0000930413-14-004831,already_on_disk,Data\edgar\item5_02_text\908937\0000930413-14-004831_c79487_8k.htm
documents,908937,2016-04-05,0000930413-16-005595,already_on_disk,Data\edgar\item5_02_text\908937\0000930413-16-005595_c84068_8k.htm
documents,908937,2016-04-05,0000930413-15-003326,already_on_disk,Data\edgar\item5_02_text\908937\0000930413-15-003326_c82186_8k.htm
documents,908937,2016-04-05,0000930413-15-003027,already_on_disk,Data\edgar\item5_02_text\908937\0000930413-15-003027_c81935_8k.htm
documents,908937,2016-04-05,0000930413-15-002950,already_on_disk,Data\edgar\item5_02_text\908937\0000930413-15-002950_c81858_8k.htm
documents,908937,2016-04-05,0000930413-15-002882,already_on_disk,Data\edgar\item5_02_text\908937\0000930413-15-002882_c81795_8k.htm
documents,908937,2016-04-05,0000930413-15-002576,already_on_disk,Data\edgar\item5_02_text\908937\0000930413-15-002576_c81485_8k.htm
documents,908937,2016-04-05,0000930413-14-004831,already_on_disk,Data\edgar\item5_02_text\908937\0000930413-14-004831_c79487_8k.htm
documents,908937,2016-08-20,0000930413-16-005595,already_on_disk,Data\edgar\item5_02_text\908937\0000930413-16-005595_c84068_8k.htm
documents,908937,2016-08-20,0000930413-15-003326,already_on_disk,Data\edgar\item5_02_text\908937\0000930413-15-003326_c82186_8k.htm
documents,908937,2016-08-20,0000930413-15-003027,already_on_disk,Data\edgar\item5_02_text\908937\0000930413-15-003027_c81935_8k.htm
documents,908937,2016-08-20,0000930413-15-002950,already_on_disk,Data\edgar\item5_02_text\908937\0000930413-15-002950_c81858_8k.htm
documents,908937,2016-08-20,0000930413-15-002882,already_on_disk,Data\edgar\item5_02_text\908937\0000930413-15-002882_c81795_8k.htm
documents,908937,2016-08-20,0000930413-15-002576,already_on_disk,Data\edgar\item5_02_text\908937\0000930413-15-002576_c81485_8k.htm
documents,908937,2016-08-20,0000930413-14-004831,already_on_disk,Data\edgar\item5_02_text\908937\0000930413-14-004831_c79487_8k.htm
documents,908937,2016-09-26,0000930413-16-005595,already_on_disk,Data\edgar\item5_02_text\908937\0000930413-16-005595_c84068_8k.htm
documents,908937,2016-09-26,0000930413-15-003326,already_on_disk,Data\edgar\item5_02_text\908937\0000930413-15-003326_c82186_8k.htm
documents,908937,2016-09-26,0000930413-15-003027,already_on_disk,Data\edgar\item5_02_text\908937\0000930413-15-003027_c81935_8k.htm
documents,908937,2016-09-26,0000930413-15-002950,already_on_disk,Data\edgar\item5_02_text\908937\0000930413-15-002950_c81858_8k.htm
documents,908937,2016-09-26,0000930413-15-002882,already_on_disk,Data\edgar\item5_02_text\908937\0000930413-15-002882_c81795_8k.htm
documents,908937,2016-09-26,0000930413-15-002576,already_on_disk,Data\edgar\item5_02_text\908937\0000930413-15-002576_c81485_8k.htm
documents,908937,2016-09-26,0000930413-14-004831,already_on_disk,Data\edgar\item5_02_text\908937\0000930413-14-004831_c79487_8k.htm
documents,908937,2016-10-04,0000930413-16-005595,already_on_disk,Data\edgar\item5_02_text\908937\0000930413-16-005595_c84068_8k.htm
documents,908937,2016-10-04,0000930413-15-003326,already_on_disk,Data\edgar\item5_02_text\908937\0000930413-15-003326_c82186_8k.htm
documents,908937,2016-10-04,0000930413-15-003027,already_on_disk,Data\edgar\item5_02_text\908937\0000930413-15-003027_c81935_8k.htm
documents,908937,2016-10-04,0000930413-15-002950,already_on_disk,Data\edgar\item5_02_text\908937\0000930413-15-002950_c81858_8k.htm
documents,908937,2016-10-04,0000930413-15-002882,already_on_disk,Data\edgar\item5_02_text\908937\0000930413-15-002882_c81795_8k.htm
documents,908937,2016-10-04,0000930413-15-002576,already_on_disk,Data\edgar\item5_02_text\908937\0000930413-15-002576_c81485_8k.htm
documents,908937,2016-10-04,0000930413-14-004831,already_on_disk,Data\edgar\item5_02_text\908937\0000930413-14-004831_c79487_8k.htm
documents,908937,2016-10-31,0000930413-16-005595,already_on_disk,Data\edgar\item5_02_text\908937\0000930413-16-005595_c84068_8k.htm
documents,908937,2016-10-31,0000930413-15-003326,already_on_disk,Data\edgar\item5_02_text\908937\0000930413-15-003326_c82186_8k.htm
documents,908937,2016-10-31,0000930413-15-003027,already_on_disk,Data\edgar\item5_02_text\908937\0000930413-15-003027_c81935_8k.htm
documents,908937,2016-10-31,0000930413-15-002950,already_on_disk,Data\edgar\item5_02_text\908937\0000930413-15-002950_c81858_8k.htm
documents,908937,2016-10-31,0000930413-15-002882,already_on_disk,Data\edgar\item5_02_text\908937\0000930413-15-002882_c81795_8k.htm
documents,908937,2016-10-31,0000930413-15-002576,already_on_disk,Data\edgar\item5_02_text\908937\0000930413-15-002576_c81485_8k.htm
documents,908937,2016-10-31,0000930413-14-004831,already_on_disk,Data\edgar\item5_02_text\908937\0000930413-14-004831_c79487_8k.htm
documents,908937,2016-11-15,0000930413-16-005595,already_on_disk,Data\edgar\item5_02_text\908937\0000930413-16-005595_c84068_8k.htm
documents,908937,2016-11-15,0000930413-15-003326,already_on_disk,Data\edgar\item5_02_text\908937\0000930413-15-003326_c82186_8k.htm
documents,908937,2016-11-15,0000930413-15-003027,already_on_disk,Data\edgar\item5_02_text\908937\0000930413-15-003027_c81935_8k.htm
documents,908937,2016-11-15,0000930413-15-002950,already_on_disk,Data\edgar\item5_02_text\908937\0000930413-15-002950_c81858_8k.htm
documents,908937,2016-11-15,0000930413-15-002882,already_on_disk,Data\edgar\item5_02_text\908937\0000930413-15-002882_c81795_8k.htm
documents,908937,2016-11-15,0000930413-15-002576,already_on_disk,Data\edgar\item5_02_text\908937\0000930413-15-002576_c81485_8k.htm
documents,908937,2016-11-15,0000930413-14-004831,already_on_disk,Data\edgar\item5_02_text\908937\0000930413-14-004831_c79487_8k.htm
documents,908937,2016-12-04,0000930413-16-005595,already_on_disk,Data\edgar\item5_02_text\908937\0000930413-16-005595_c84068_8k.htm
documents,908937,2016-12-04,0000930413-15-003326,already_on_disk,Data\edgar\item5_02_text\908937\0000930413-15-003326_c82186_8k.htm
documents,908937,2016-12-04,0000930413-15-003027,already_on_disk,Data\edgar\item5_02_text\908937\0000930413-15-003027_c81935_8k.htm
documents,908937,2016-12-04,0000930413-15-002950,already_on_disk,Data\edgar\item5_02_text\908937\0000930413-15-002950_c81858_8k.htm
documents,908937,2016-12-04,0000930413-15-002882,already_on_disk,Data\edgar\item5_02_text\908937\0000930413-15-002882_c81795_8k.htm
documents,908937,2016-12-04,0000930413-15-002576,already_on_disk,Data\edgar\item5_02_text\908937\0000930413-15-002576_c81485_8k.htm
documents,908937,2016-12-04,0000930413-14-004831,already_on_disk,Data\edgar\item5_02_text\908937\0000930413-14-004831_c79487_8k.htm
documents,908937,2016-12-19,0000930413-16-005595,already_on_disk,Data\edgar\item5_02_text\908937\0000930413-16-005595_c84068_8k.htm
documents,908937,2016-12-19,0000930413-15-003326,already_on_disk,Data\edgar\item5_02_text\908937\0000930413-15-003326_c82186_8k.htm
documents,908937,2016-12-19,0000930413-15-003027,already_on_disk,Data\edgar\item5_02_text\908937\0000930413-15-003027_c81935_8k.htm
documents,908937,2016-12-19,0000930413-15-002950,already_on_disk,Data\edgar\item5_02_text\908937\0000930413-15-002950_c81858_8k.htm
documents,908937,2016-12-19,0000930413-15-002882,already_on_disk,Data\edgar\item5_02_text\908937\0000930413-15-002882_c81795_8k.htm
documents,908937,2016-12-19,0000930413-15-002576,already_on_disk,Data\edgar\item5_02_text\908937\0000930413-15-002576_c81485_8k.htm
documents,908937,2017-01-06,0000930413-16-005595,already_on_disk,Data\edgar\item5_02_text\908937\0000930413-16-005595_c84068_8k.htm
documents,908937,2017-01-06,0000930413-15-003326,already_on_disk,Data\edgar\item5_02_text\908937\0000930413-15-003326_c82186_8k.htm
documents,908937,2017-01-06,0000930413-15-003027,already_on_disk,Data\edgar\item5_02_text\908937\0000930413-15-003027_c81935_8k.htm
documents,908937,2017-01-06,0000930413-15-002950,already_on_disk,Data\edgar\item5_02_text\908937\0000930413-15-002950_c81858_8k.htm
documents,908937,2017-01-06,0000930413-15-002882,already_on_disk,Data\edgar\item5_02_text\908937\0000930413-15-002882_c81795_8k.htm
documents,908937,2017-01-06,0000930413-15-002576,already_on_disk,Data\edgar\item5_02_text\908937\0000930413-15-002576_c81485_8k.htm
documents,908937,2017-01-25,0000930413-16-005595,already_on_disk,Data\edgar\item5_02_text\908937\0000930413-16-005595_c84068_8k.htm
documents,908937,2017-01-25,0000930413-15-003326,already_on_disk,Data\edgar\item5_02_text\908937\0000930413-15-003326_c82186_8k.htm
documents,908937,2017-01-25,0000930413-15-003027,already_on_disk,Data\edgar\item5_02_text\908937\0000930413-15-003027_c81935_8k.htm
documents,908937,2017-01-25,0000930413-15-002950,already_on_disk,Data\edgar\item5_02_text\908937\0000930413-15-002950_c81858_8k.htm
documents,908937,2017-01-25,0000930413-15-002882,already_on_disk,Data\edgar\item5_02_text\908937\0000930413-15-002882_c81795_8k.htm
documents,908937,2017-01-25,0000930413-15-002576,already_on_disk,Data\edgar\item5_02_text\908937\0000930413-15-002576_c81485_8k.htm
documents,908937,2017-08-06,0000908937-18-000008,already_on_disk,Data\edgar\item5_02_text\908937\0000908937-18-000008_siri-20180123x8xk.htm
documents,908937,2017-08-06,0000908937-18-000005,already_on_disk,Data\edgar\item5_02_text\908937\0000908937-18-000005_siri-20180111x8xk.htm
documents,908937,2017-08-06,0000930413-16-005595,already_on_disk,Data\edgar\item5_02_text\908937\0000930413-16-005595_c84068_8k.htm
documents,908937,2017-08-06,0000930413-15-003326,already_on_disk,Data\edgar\item5_02_text\908937\0000930413-15-003326_c82186_8k.htm
documents,908937,2017-09-18,0000908937-18-000008,already_on_disk,Data\edgar\item5_02_text\908937\0000908937-18-000008_siri-20180123x8xk.htm
documents,908937,2017-09-18,0000908937-18-000005,already_on_disk,Data\edgar\item5_02_text\908937\0000908937-18-000005_siri-20180111x8xk.htm
documents,908937,2017-09-18,0000930413-16-005595,already_on_disk,Data\edgar\item5_02_text\908937\0000930413-16-005595_c84068_8k.htm
documents,912752,2020-05-01,0000912752-19-000072,already_on_disk,Data\edgar\item5_02_text\912752\0000912752-19-000072_form8-kxexecutiveretir.htm
documents,912752,2020-05-01,0000912752-19-000004,already_on_disk,Data\edgar\item5_02_text\912752\0000912752-19-000004_a20198-kbensonleggboardapp.htm
documents,912752,2021-06-23,0000912752-22-000049,already_on_disk,Data\edgar\item5_02_text\912752\0000912752-22-000049_sbgi-20220609.htm
documents,912752,2021-06-23,0000912752-21-000046,already_on_disk,Data\edgar\item5_02_text\912752\0000912752-21-000046_sbgi-20210521.htm
documents,912752,2021-06-23,0000912752-21-000028,already_on_disk,Data\edgar\item5_02_text\912752\0000912752-21-000028_sbgi-20210408.htm
documents,912752,2021-06-23,0000912752-19-000072,already_on_disk,Data\edgar\item5_02_text\912752\0000912752-19-000072_form8-kxexecutiveretir.htm
documents,912752,2021-12-16,0000912752-22-000049,already_on_disk,Data\edgar\item5_02_text\912752\0000912752-22-000049_sbgi-20220609.htm
documents,912752,2021-12-16,0000912752-21-000046,already_on_disk,Data\edgar\item5_02_text\912752\0000912752-21-000046_sbgi-20210521.htm
documents,912752,2021-12-16,0000912752-21-000028,already_on_disk,Data\edgar\item5_02_text\912752\0000912752-21-000028_sbgi-20210408.htm
documents,920522,2013-08-13,0001140361-15-032543,already_on_disk,Data\edgar\item5_02_text\920522\0001140361-15-032543_form8k.htm
documents,920522,2013-08-13,0000920522-15-000011,already_on_disk,Data\edgar\item5_02_text\920522\0000920522-15-000011_ess8-kdraftxmanagementtran.htm
documents,920522,2013-08-13,0001140361-14-046028,already_on_disk,Data\edgar\item5_02_text\920522\0001140361-14-046028_form8k.htm
documents,920522,2013-08-13,0001140361-14-015094,already_on_disk,Data\edgar\item5_02_text\920522\0001140361-14-015094_form8k.htm
documents,920522,2013-08-13,0001140361-14-003902,already_on_disk,Data\edgar\item5_02_text\920522\0001140361-14-003902_form8k.htm
documents,920522,2013-08-13,0001140361-13-030591,already_on_disk,Data\edgar\item5_02_text\920522\0001140361-13-030591_form8k.htm
documents,920522,2013-08-13,0001140361-13-021459,already_on_disk,Data\edgar\item5_02_text\920522\0001140361-13-021459_form8k.htm
documents,920522,2013-08-13,0001140361-13-012917,already_on_disk,Data\edgar\item5_02_text\920522\0001140361-13-012917_form8k.htm
documents,920522,2013-08-13,0001140361-12-050307,already_on_disk,Data\edgar\item5_02_text\920522\0001140361-12-050307_form8k.htm
documents,1001039,2008-07-29,0001193125-08-208064,already_on_disk,Data\edgar\item5_02_text\1001039\0001193125-08-208064_d8k.htm
documents,1001039,2008-07-29,0001193125-08-052734,already_on_disk,Data\edgar\item5_02_text\1001039\0001193125-08-052734_d8k.htm
documents,1001039,2008-07-29,0001193125-08-017986,already_on_disk,Data\edgar\item5_02_text\1001039\0001193125-08-017986_d8k.htm
documents,1001039,2008-07-29,0001001039-07-000153,already_on_disk,Data\edgar\item5_02_text\1001039\0001001039-07-000153_form8kmay0207.htm
documents,1001039,2008-07-29,0001193125-07-053319,already_on_disk,Data\edgar\item5_02_text\1001039\0001193125-07-053319_d8k.htm
documents,1001039,2008-07-29,0001193125-06-254494,already_on_disk,Data\edgar\item5_02_text\1001039\0001193125-06-254494_d8k.htm
documents,943452,2022-03-15,0001140361-22-044669,already_on_disk,Data\edgar\item5_02_text\943452\0001140361-22-044669_brhc10045145_8k.htm
documents,943452,2022-03-15,0001140361-22-024697,already_on_disk,Data\edgar\item5_02_text\943452\0001140361-22-024697_brhc10039263_8k.htm
documents,943452,2022-03-15,0001140361-22-020352,already_on_disk,Data\edgar\item5_02_text\943452\0001140361-22-020352_brhc10038011_8k.htm
documents,943452,2022-03-15,0001140361-22-013268,already_on_disk,Data\edgar\item5_02_text\943452\0001140361-22-013268_brhc10036113_8k.htm
documents,943452,2022-03-15,0001140361-21-031241,already_on_disk,Data\edgar\item5_02_text\943452\0001140361-21-031241_brhc10028941_8k.htm
documents,943452,2022-03-15,0001140361-21-028111,already_on_disk,Data\edgar\item5_02_text\943452\0001140361-21-028111_brhc10027999_8k.htm
documents,943452,2022-03-15,0001140361-21-023780,already_on_disk,Data\edgar\item5_02_text\943452\0001140361-21-023780_brhc10026725_8k.htm
documents,943452,2022-03-15,0001140361-21-018288,already_on_disk,Data\edgar\item5_02_text\943452\0001140361-21-018288_brhc10024960_8k.htm
documents,943452,2022-03-15,0001140361-21-005371,already_on_disk,Data\edgar\item5_02_text\943452\0001140361-21-005371_brhc10020545_8k.htm
documents,943452,2022-03-15,0001140361-20-027975,already_on_disk,Data\edgar\item5_02_text\943452\0001140361-20-027975_brhc10017815_8k.htm
documents,943452,2022-03-15,0001140361-20-017477,already_on_disk,Data\edgar\item5_02_text\943452\0001140361-20-017477_brhc10014086_form8k.htm
documents,943452,2022-03-15,0001140361-20-012015,already_on_disk,Data\edgar\item5_02_text\943452\0001140361-20-012015_form8k.htm
documents,943452,2022-03-15,0001140361-20-010932,already_on_disk,Data\edgar\item5_02_text\943452\0001140361-20-010932_form8k.htm
documents,1000228,2023-09-27,0001193125-24-147029,already_on_disk,Data\edgar\item5_02_text\1000228\0001193125-24-147029_d682449d8k.htm
documents,1000228,2023-09-27,0001193125-23-297629,already_on_disk,Data\edgar\item5_02_text\1000228\0001193125-23-297629_d27795d8k.htm
documents,1000228,2023-09-27,0001193125-23-278944,already_on_disk,Data\edgar\item5_02_text\1000228\0001193125-23-278944_d297418d8k.htm
documents,1000228,2023-09-27,0001193125-23-154352,already_on_disk,Data\edgar\item5_02_text\1000228\0001193125-23-154352_d476925d8k.htm
documents,1000228,2023-09-27,0001193125-22-293869,already_on_disk,Data\edgar\item5_02_text\1000228\0001193125-22-293869_d420796d8k.htm
documents,1000228,2023-09-27,0001193125-22-094333,already_on_disk,Data\edgar\item5_02_text\1000228\0001193125-22-094333_d337149d8k.htm
documents,1000228,2023-09-27,0001193125-22-002148,already_on_disk,Data\edgar\item5_02_text\1000228\0001193125-22-002148_d207148d8k.htm
documents,1000228,2023-09-27,0001193125-21-350793,already_on_disk,Data\edgar\item5_02_text\1000228\0001193125-21-350793_d263555d8k.htm
documents,1001082,2023-02-22,0001104659-23-114464,already_on_disk,Data\edgar\item5_02_text\1001082\0001104659-23-114464_tm2329920d1_8k.htm
documents,1001082,2023-02-22,0001104659-23-106153,already_on_disk,Data\edgar\item5_02_text\1001082\0001104659-23-106153_tm2326296d1_8k.htm
documents,1001082,2023-02-22,0001104659-23-088620,already_on_disk,Data\edgar\item5_02_text\1001082\0001104659-23-088620_tm2323111d2_8k.htm
documents,1001082,2023-02-22,0001001082-23-000031,already_on_disk,Data\edgar\item5_02_text\1001082\0001001082-23-000031_dish-20230619x8k.htm
documents,1001082,2023-02-22,0001001082-23-000008,already_on_disk,Data\edgar\item5_02_text\1001082\0001001082-23-000008_dish-20230109x8k.htm
documents,1001082,2023-02-22,0001001082-22-000013,already_on_disk,Data\edgar\item5_02_text\1001082\0001001082-22-000013_dish-20220329x8k.htm
documents,1001082,2023-02-22,0001001082-22-000006,already_on_disk,Data\edgar\item5_02_text\1001082\0001001082-22-000006_dish-20211230x8k.htm
documents,1001082,2023-05-17,0001104659-23-116755,already_on_disk,Data\edgar\item5_02_text\1001082\0001104659-23-116755_tm2323753d3_8k.htm
documents,1001082,2023-05-17,0001104659-23-114464,already_on_disk,Data\edgar\item5_02_text\1001082\0001104659-23-114464_tm2329920d1_8k.htm
documents,1001082,2023-05-17,0001104659-23-106153,already_on_disk,Data\edgar\item5_02_text\1001082\0001104659-23-106153_tm2326296d1_8k.htm
documents,1001082,2023-05-17,0001104659-23-088620,already_on_disk,Data\edgar\item5_02_text\1001082\0001104659-23-088620_tm2323111d2_8k.htm
documents,1001082,2023-05-17,0001001082-23-000031,already_on_disk,Data\edgar\item5_02_text\1001082\0001001082-23-000031_dish-20230619x8k.htm
documents,1001082,2023-05-17,0001001082-23-000008,already_on_disk,Data\edgar\item5_02_text\1001082\0001001082-23-000008_dish-20230109x8k.htm
documents,1001082,2023-05-17,0001001082-22-000013,already_on_disk,Data\edgar\item5_02_text\1001082\0001001082-22-000013_dish-20220329x8k.htm
documents,1001082,2023-05-17,0001001082-22-000006,already_on_disk,Data\edgar\item5_02_text\1001082\0001001082-22-000006_dish-20211230x8k.htm
documents,1001250,2023-05-01,0001001250-23-000119,already_on_disk,Data\edgar\item5_02_text\1001250\0001001250-23-000119_el-20230822.htm
documents,1001250,2023-05-01,0001001250-22-000114,already_on_disk,Data\edgar\item5_02_text\1001250\0001001250-22-000114_el-20220718.htm
documents,1001250,2023-05-01,0001001250-22-000105,already_on_disk,Data\edgar\item5_02_text\1001250\0001001250-22-000105_el-20220711.htm
documents,1001250,2023-05-01,0001001250-22-000048,already_on_disk,Data\edgar\item5_02_text\1001250\0001001250-22-000048_el-20220425.htm
documents,1001250,2023-05-01,0001001250-22-000023,already_on_disk,Data\edgar\item5_02_text\1001250\0001001250-22-000023_el-20220228.htm
documents,1001250,2023-05-01,0001001250-22-000020,already_on_disk,Data\edgar\item5_02_text\1001250\0001001250-22-000020_el-20220222.htm
documents,1001250,2023-05-01,0001001250-21-000168,already_on_disk,Data\edgar\item5_02_text\1001250\0001001250-21-000168_el-20211021.htm
documents,1001250,2023-05-01,0001001250-21-000111,already_on_disk,Data\edgar\item5_02_text\1001250\0001001250-21-000111_el-20210713.htm
documents,1001250,2023-05-30,0001001250-23-000119,already_on_disk,Data\edgar\item5_02_text\1001250\0001001250-23-000119_el-20230822.htm
documents,1001250,2023-05-30,0001001250-22-000114,already_on_disk,Data\edgar\item5_02_text\1001250\0001001250-22-000114_el-20220718.htm
documents,1001250,2023-05-30,0001001250-22-000105,already_on_disk,Data\edgar\item5_02_text\1001250\0001001250-22-000105_el-20220711.htm
documents,1001250,2023-05-30,0001001250-22-000048,already_on_disk,Data\edgar\item5_02_text\1001250\0001001250-22-000048_el-20220425.htm
documents,1001250,2023-05-30,0001001250-22-000023,already_on_disk,Data\edgar\item5_02_text\1001250\0001001250-22-000023_el-20220228.htm
documents,1001250,2023-05-30,0001001250-22-000020,already_on_disk,Data\edgar\item5_02_text\1001250\0001001250-22-000020_el-20220222.htm
documents,1001250,2023-05-30,0001001250-21-000168,already_on_disk,Data\edgar\item5_02_text\1001250\0001001250-21-000168_el-20211021.htm
documents,1001250,2023-05-30,0001001250-21-000111,already_on_disk,Data\edgar\item5_02_text\1001250\0001001250-21-000111_el-20210713.htm
documents,1001250,2023-07-11,0001001250-23-000119,already_on_disk,Data\edgar\item5_02_text\1001250\0001001250-23-000119_el-20230822.htm
documents,1001250,2023-07-11,0001001250-22-000114,already_on_disk,Data\edgar\item5_02_text\1001250\0001001250-22-000114_el-20220718.htm
documents,1001250,2023-07-11,0001001250-22-000105,already_on_disk,Data\edgar\item5_02_text\1001250\0001001250-22-000105_el-20220711.htm
documents,1001250,2023-07-11,0001001250-22-000048,already_on_disk,Data\edgar\item5_02_text\1001250\0001001250-22-000048_el-20220425.htm
documents,1001250,2023-07-11,0001001250-22-000023,already_on_disk,Data\edgar\item5_02_text\1001250\0001001250-22-000023_el-20220228.htm
documents,1001250,2023-07-11,0001001250-22-000020,already_on_disk,Data\edgar\item5_02_text\1001250\0001001250-22-000020_el-20220222.htm
documents,1001250,2023-07-11,0001001250-21-000168,already_on_disk,Data\edgar\item5_02_text\1001250\0001001250-21-000168_el-20211021.htm
documents,1001250,2023-07-11,0001001250-21-000111,already_on_disk,Data\edgar\item5_02_text\1001250\0001001250-21-000111_el-20210713.htm
documents,1002517,2014-12-10,0001193125-15-258580,already_on_disk,Data\edgar\item5_02_text\1002517\0001193125-15-258580_d59687d8k.htm
documents,1002517,2014-12-10,0001193125-15-233526,already_on_disk,Data\edgar\item5_02_text\1002517\0001193125-15-233526_d949102d8k.htm
documents,1002517,2014-12-10,0001193125-15-166554,already_on_disk,Data\edgar\item5_02_text\1002517\0001193125-15-166554_d919953d8k.htm
documents,1002517,2014-12-10,0001002517-15-000004,already_on_disk,Data\edgar\item5_02_text\1002517\0001002517-15-000004_a8k-annualmeetingofstockho.htm
documents,1002517,2014-12-10,0001002517-14-000051,already_on_disk,Data\edgar\item5_02_text\1002517\0001002517-14-000051_nuance8-kdecember12014.htm
documents,1002517,2014-12-10,0001002517-14-000040,already_on_disk,Data\edgar\item5_02_text\1002517\0001002517-14-000040_nuanceform8-koctober102014.htm
documents,1002517,2014-12-10,0001193125-14-318861,already_on_disk,Data\edgar\item5_02_text\1002517\0001193125-14-318861_d779274d8k.htm
documents,1002517,2014-12-10,0001002517-14-000020,already_on_disk,Data\edgar\item5_02_text\1002517\0001002517-14-000020_nuanceform8-kmay62014.htm
documents,1002517,2014-12-10,0001002517-14-000016,already_on_disk,Data\edgar\item5_02_text\1002517\0001002517-14-000016_nuance-form8xkmarch122014.htm
documents,1002517,2014-12-10,0001002517-14-000003,already_on_disk,Data\edgar\item5_02_text\1002517\0001002517-14-000003_nuanceform8-kjanuary212014.htm
documents,1002517,2014-12-10,0001002517-13-000062,already_on_disk,Data\edgar\item5_02_text\1002517\0001002517-13-000062_nuance-form8xknovember2720.htm
documents,1002517,2014-12-10,0001002517-13-000053,already_on_disk,Data\edgar\item5_02_text\1002517\0001002517-13-000053_november1820138-k.htm
documents,1002517,2014-12-10,0001193125-13-393693,already_on_disk,Data\edgar\item5_02_text\1002517\0001193125-13-393693_d609863d8k.htm
documents,1002517,2014-12-10,0001193125-13-017607,already_on_disk,Data\edgar\item5_02_text\1002517\0001193125-13-017607_d469550d8k.htm
documents,1002517,2014-12-10,0001193125-12-501951,already_on_disk,Data\edgar\item5_02_text\1002517\0001193125-12-501951_d453281d8k.htm
documents,1041061,2023-01-13,0001041061-23-000043,already_on_disk,Data\edgar\item5_02_text\1041061\0001041061-23-000043_yum-20230718.htm
documents,1041061,2023-01-13,0001041061-23-000035,already_on_disk,Data\edgar\item5_02_text\1041061\0001041061-23-000035_yum-20230718.htm
documents,1041061,2023-01-13,0001041061-23-000033,already_on_disk,Data\edgar\item5_02_text\1041061\0001041061-23-000033_yum-20230627.htm
documents,1041061,2023-01-13,0001104659-22-129816,already_on_disk,Data\edgar\item5_02_text\1041061\0001104659-22-129816_tm2233338d1_8k.htm
documents,1041061,2023-01-13,0001041061-21-000048,already_on_disk,Data\edgar\item5_02_text\1041061\0001041061-21-000048_yum-20210917.htm
documents,1041061,2023-01-13,0001041061-21-000003,already_on_disk,Data\edgar\item5_02_text\1041061\0001041061-21-000003_yum-20210202.htm
documents,1048911,2011-05-01,0000950123-10-090493,already_on_disk,Data\edgar\item5_02_text\1048911\0000950123-10-090493_c06437e8vk.htm
documents,1048911,2011-05-01,0000950123-10-058498,already_on_disk,Data\edgar\item5_02_text\1048911\0000950123-10-058498_c02434e8vk.htm
documents,1048911,2011-05-01,0000950123-09-056728,already_on_disk,Data\edgar\item5_02_text\1048911\0000950123-09-056728_c91825e8vk.htm
documents,1048911,2011-05-01,0000950123-09-044728,already_on_disk,Data\edgar\item5_02_text\1048911\0000950123-09-044728_c90386e8vk.htm
documents,1048911,2011-05-01,0000950123-09-012599,already_on_disk,Data\edgar\item5_02_text\1048911\0000950123-09-012599_c86509e8vk.htm
documents,1051470,2013-10-31,0001193125-14-069855,already_on_disk,Data\edgar\item5_02_text\1051470\0001193125-14-069855_d685453d8k.htm
documents,1051470,2013-10-31,0001193125-14-062781,already_on_disk,Data\edgar\item5_02_text\1051470\0001193125-14-062781_d681431d8k.htm
documents,1051470,2013-10-31,0000950157-13-000209,already_on_disk,Data\edgar\item5_02_text\1051470\0000950157-13-000209_form8k-a.htm
documents,1051470,2013-10-31,0001193125-13-080108,already_on_disk,Data\edgar\item5_02_text\1051470\0001193125-13-080108_d491261d8k.htm
documents,1051470,2013-10-31,0001193125-12-078385,already_on_disk,Data\edgar\item5_02_text\1051470\0001193125-12-078385_d306456d8k.htm
documents,1051470,2013-11-19,0001193125-14-069855,already_on_disk,Data\edgar\item5_02_text\1051470\0001193125-14-069855_d685453d8k.htm
documents,1051470,2013-11-19,0001193125-14-062781,already_on_disk,Data\edgar\item5_02_text\1051470\0001193125-14-062781_d681431d8k.htm
documents,1051470,2013-11-19,0000950157-13-000209,already_on_disk,Data\edgar\item5_02_text\1051470\0000950157-13-000209_form8k-a.htm
documents,1051470,2013-11-19,0001193125-13-080108,already_on_disk,Data\edgar\item5_02_text\1051470\0001193125-13-080108_d491261d8k.htm
documents,1051470,2013-11-19,0001193125-12-078385,already_on_disk,Data\edgar\item5_02_text\1051470\0001193125-12-078385_d306456d8k.htm
documents,1058290,2020-04-09,0001206774-20-002232,already_on_disk,Data\edgar\item5_02_text\1058290\0001206774-20-002232_ctsh3788061-8k.htm
documents,1058290,2020-04-09,0001058290-20-000013,already_on_disk,Data\edgar\item5_02_text\1058290\0001058290-20-000013_ctsh-20200305.htm
documents,1058290,2020-04-09,0001058290-20-000004,already_on_disk,Data\edgar\item5_02_text\1058290\0001058290-20-000004_earningsrelease123119.htm
documents,1058290,2020-04-09,0001058290-19-000038,already_on_disk,Data\edgar\item5_02_text\1058290\0001058290-19-000038_form8-kx20191202.htm
documents,1058290,2020-04-09,0001058290-19-000030,already_on_disk,Data\edgar\item5_02_text\1058290\0001058290-19-000030_form8-kax20190916.htm
documents,1058290,2020-04-09,0001058290-19-000028,already_on_disk,Data\edgar\item5_02_text\1058290\0001058290-19-000028_form8-kx20190917.htm
documents,1058290,2020-04-09,0001058290-19-000021,already_on_disk,Data\edgar\item5_02_text\1058290\0001058290-19-000021_form8-kx20190716.htm
documents,1058290,2020-04-09,0001058290-19-000006,already_on_disk,Data\edgar\item5_02_text\1058290\0001058290-19-000006_earningsrelease123118.htm
documents,1058290,2020-04-09,0001058290-18-000044,already_on_disk,Data\edgar\item5_02_text\1058290\0001058290-18-000044_a8-kx10302018.htm
documents,1058290,2020-04-09,0001058290-18-000021,already_on_disk,Data\edgar\item5_02_text\1058290\0001058290-18-000021_form8-kx20180612.htm
documents,1058290,2020-04-09,0001058290-18-000019,already_on_disk,Data\edgar\item5_02_text\1058290\0001058290-18-000019_form8-kx20180605.htm
documents,1060391,2013-08-10,0001060391-14-000007,already_on_disk,Data\edgar\item5_02_text\1060391\0001060391-14-000007_a8-kwickhamresignation2x11.htm
documents,1060391,2013-08-10,0001060391-13-000038,already_on_disk,Data\edgar\item5_02_text\1060391\0001060391-13-000038_a8-kcooretirementannouncme.htm
documents,1060391,2013-08-10,0001060391-13-000035,already_on_disk,Data\edgar\item5_02_text\1060391\0001060391-13-000035_form8-knewboardmembers8x23.htm
documents,1060391,2013-08-10,0001060391-13-000021,already_on_disk,Data\edgar\item5_02_text\1060391\0001060391-13-000021_a8-kgoebelcao.htm
documents,1060391,2013-08-10,0001060391-12-000023,already_on_disk,Data\edgar\item5_02_text\1060391\0001060391-12-000023_culpepper8-k.htm
documents,1060391,2013-08-10,0001060391-12-000012,already_on_disk,Data\edgar\item5_02_text\1060391\0001060391-12-000012_a8-kboucherxops.htm
documents,1060391,2013-08-10,0001193125-12-282327,already_on_disk,Data\edgar\item5_02_text\1060391\0001193125-12-282327_d371544d8k.htm
documents,1060391,2013-08-10,0001193125-12-186198,already_on_disk,Data\edgar\item5_02_text\1060391\0001193125-12-186198_d341816d8k.htm
documents,1060391,2013-08-10,0001193125-12-144048,already_on_disk,Data\edgar\item5_02_text\1060391\0001193125-12-144048_d328277d8k.htm
documents,1060391,2013-08-10,0001193125-11-350759,already_on_disk,Data\edgar\item5_02_text\1060391\0001193125-11-350759_d273136d8k.htm
documents,1060391,2013-08-10,0001193125-11-326028,already_on_disk,Data\edgar\item5_02_text\1060391\0001193125-11-326028_d263609d8k.htm
documents,1060391,2013-08-26,0001060391-14-000007,already_on_disk,Data\edgar\item5_02_text\1060391\0001060391-14-000007_a8-kwickhamresignation2x11.htm
documents,1060391,2013-08-26,0001060391-13-000038,already_on_disk,Data\edgar\item5_02_text\1060391\0001060391-13-000038_a8-kcooretirementannouncme.htm
documents,1060391,2013-08-26,0001060391-13-000035,already_on_disk,Data\edgar\item5_02_text\1060391\0001060391-13-000035_form8-knewboardmembers8x23.htm
documents,1060391,2013-08-26,0001060391-13-000021,already_on_disk,Data\edgar\item5_02_text\1060391\0001060391-13-000021_a8-kgoebelcao.htm
documents,1060391,2013-08-26,0001060391-12-000023,already_on_disk,Data\edgar\item5_02_text\1060391\0001060391-12-000023_culpepper8-k.htm
documents,1060391,2013-08-26,0001060391-12-000012,already_on_disk,Data\edgar\item5_02_text\1060391\0001060391-12-000012_a8-kboucherxops.htm
documents,1060391,2013-08-26,0001193125-12-282327,already_on_disk,Data\edgar\item5_02_text\1060391\0001193125-12-282327_d371544d8k.htm
documents,1060391,2013-08-26,0001193125-12-186198,already_on_disk,Data\edgar\item5_02_text\1060391\0001193125-12-186198_d341816d8k.htm
documents,1060391,2013-08-26,0001193125-12-144048,already_on_disk,Data\edgar\item5_02_text\1060391\0001193125-12-144048_d328277d8k.htm
documents,1060391,2013-08-26,0001193125-11-350759,already_on_disk,Data\edgar\item5_02_text\1060391\0001193125-11-350759_d273136d8k.htm
documents,1060391,2013-08-26,0001193125-11-326028,already_on_disk,Data\edgar\item5_02_text\1060391\0001193125-11-326028_d263609d8k.htm
documents,1060391,2019-02-01,0001060391-21-000027,already_on_disk,Data\edgar\item5_02_text\1060391\0001060391-21-000027_rsg-20210625.htm
documents,1060391,2019-02-01,0001193125-21-100584,already_on_disk,Data\edgar\item5_02_text\1060391\0001193125-21-100584_d163151d8k.htm
documents,1060391,2019-02-01,0001193125-21-095518,already_on_disk,Data\edgar\item5_02_text\1060391\0001193125-21-095518_d103941d8k.htm
documents,1060391,2019-02-01,0001060391-21-000005,already_on_disk,Data\edgar\item5_02_text\1060391\0001060391-21-000005_rsg-20210211.htm
documents,1060391,2019-02-01,0001060391-20-000048,already_on_disk,Data\edgar\item5_02_text\1060391\0001060391-20-000048_rsg-20200728.htm
documents,1060391,2019-02-01,0001060391-20-000042,already_on_disk,Data\edgar\item5_02_text\1060391\0001060391-20-000042_rsg-20200520.htm
documents,1060391,2019-02-01,0001060391-20-000039,already_on_disk,Data\edgar\item5_02_text\1060391\0001060391-20-000039_rsg-20200520.htm
documents,1060391,2019-02-01,0001193125-20-060522,already_on_disk,Data\edgar\item5_02_text\1060391\0001193125-20-060522_d895651d8k.htm
documents,1060391,2019-02-01,0001193125-19-133178,already_on_disk,Data\edgar\item5_02_text\1060391\0001193125-19-133178_d739771d8k.htm
documents,1060391,2019-02-01,0001193125-18-288678,already_on_disk,Data\edgar\item5_02_text\1060391\0001193125-18-288678_d625853d8k.htm
documents,1060391,2019-02-01,0001193125-18-219719,already_on_disk,Data\edgar\item5_02_text\1060391\0001193125-18-219719_d521065d8k.htm
documents,1060391,2019-02-01,0001193125-18-036970,already_on_disk,Data\edgar\item5_02_text\1060391\0001193125-18-036970_d442262d8ka.htm
documents,1060391,2019-02-01,0001193125-17-363416,already_on_disk,Data\edgar\item5_02_text\1060391\0001193125-17-363416_d502515d8k.htm
documents,1060391,2019-02-01,0001060391-17-000039,already_on_disk,Data\edgar\item5_02_text\1060391\0001060391-17-000039_form8-knewboardmember7x31x.htm
documents,1060391,2019-02-01,0001060391-17-000013,already_on_disk,Data\edgar\item5_02_text\1060391\0001060391-17-000013_form8-knewboardmember2x16x.htm
documents,1060391,2021-09-20,0001060391-21-000027,already_on_disk,Data\edgar\item5_02_text\1060391\0001060391-21-000027_rsg-20210625.htm
documents,1060391,2021-09-20,0001193125-21-100584,already_on_disk,Data\edgar\item5_02_text\1060391\0001193125-21-100584_d163151d8k.htm
documents,1060391,2021-09-20,0001193125-21-095518,already_on_disk,Data\edgar\item5_02_text\1060391\0001193125-21-095518_d103941d8k.htm
documents,1060391,2021-09-20,0001060391-21-000005,already_on_disk,Data\edgar\item5_02_text\1060391\0001060391-21-000005_rsg-20210211.htm
documents,1060391,2021-09-20,0001060391-20-000048,already_on_disk,Data\edgar\item5_02_text\1060391\0001060391-20-000048_rsg-20200728.htm
documents,1060391,2021-09-20,0001060391-20-000042,already_on_disk,Data\edgar\item5_02_text\1060391\0001060391-20-000042_rsg-20200520.htm
documents,1060391,2021-09-20,0001060391-20-000039,already_on_disk,Data\edgar\item5_02_text\1060391\0001060391-20-000039_rsg-20200520.htm
documents,1060391,2021-09-20,0001193125-20-060522,already_on_disk,Data\edgar\item5_02_text\1060391\0001193125-20-060522_d895651d8k.htm
documents,1060391,2022-04-09,0001060391-21-000027,already_on_disk,Data\edgar\item5_02_text\1060391\0001060391-21-000027_rsg-20210625.htm
documents,1060391,2022-04-09,0001193125-21-100584,already_on_disk,Data\edgar\item5_02_text\1060391\0001193125-21-100584_d163151d8k.htm
documents,1060391,2022-04-09,0001193125-21-095518,already_on_disk,Data\edgar\item5_02_text\1060391\0001193125-21-095518_d103941d8k.htm
documents,1060391,2022-04-09,0001060391-21-000005,already_on_disk,Data\edgar\item5_02_text\1060391\0001060391-21-000005_rsg-20210211.htm
documents,1060391,2022-04-09,0001060391-20-000048,already_on_disk,Data\edgar\item5_02_text\1060391\0001060391-20-000048_rsg-20200728.htm
documents,1060391,2022-04-09,0001060391-20-000042,already_on_disk,Data\edgar\item5_02_text\1060391\0001060391-20-000042_rsg-20200520.htm
documents,1060391,2022-04-09,0001060391-20-000039,already_on_disk,Data\edgar\item5_02_text\1060391\0001060391-20-000039_rsg-20200520.htm
documents,1067837,2019-09-18,0001193125-20-102721,already_on_disk,Data\edgar\item5_02_text\1067837\0001193125-20-102721_d888724d8k.htm
documents,1067837,2019-09-18,0001193125-20-064544,already_on_disk,Data\edgar\item5_02_text\1067837\0001193125-20-064544_d883612d8k.htm
documents,1067837,2019-09-18,0001193125-20-044811,already_on_disk,Data\edgar\item5_02_text\1067837\0001193125-20-044811_d819261d8k.htm
documents,1067837,2019-09-18,0001193125-19-273550,already_on_disk,Data\edgar\item5_02_text\1067837\0001193125-19-273550_d812387d8k.htm
documents,1067837,2019-09-18,0001193125-19-256917,already_on_disk,Data\edgar\item5_02_text\1067837\0001193125-19-256917_d796156d8k.htm
documents,1067837,2019-09-18,0001193125-18-356367,already_on_disk,Data\edgar\item5_02_text\1067837\0001193125-18-356367_d674333d8k.htm
documents,1067837,2019-09-18,0001193125-18-342316,already_on_disk,Data\edgar\item5_02_text\1067837\0001193125-18-342316_d588661d8k.htm
documents,1067837,2019-09-18,0001193125-18-300274,already_on_disk,Data\edgar\item5_02_text\1067837\0001193125-18-300274_d621680d8k.htm
documents,1067837,2019-09-18,0001193125-17-347026,already_on_disk,Data\edgar\item5_02_text\1067837\0001193125-17-347026_d683081d8k.htm
documents,1091667,2008-07-14,0001091667-09-000003,already_on_disk,Data\edgar\item5_02_text\1091667\0001091667-09-000003_body.htm
documents,1091667,2008-07-14,0001091667-08-000201,already_on_disk,Data\edgar\item5_02_text\1091667\0001091667-08-000201_body.htm
documents,1091667,2008-07-14,0001091667-08-000197,already_on_disk,Data\edgar\item5_02_text\1091667\0001091667-08-000197_body.htm
documents,1091667,2008-07-14,0001091667-08-000171,already_on_disk,Data\edgar\item5_02_text\1091667\0001091667-08-000171_body.htm
documents,1091667,2008-07-14,0001091667-08-000143,already_on_disk,Data\edgar\item5_02_text\1091667\0001091667-08-000143_body.htm
documents,1091667,2008-07-14,0001091667-08-000129,already_on_disk,Data\edgar\item5_02_text\1091667\0001091667-08-000129_body.htm
documents,1091667,2008-07-14,0001271834-08-000007,already_on_disk,Data\edgar\item5_02_text\1091667\0001271834-08-000007_body.htm
documents,1091667,2008-07-14,0001271834-08-000003,already_on_disk,Data\edgar\item5_02_text\1091667\0001271834-08-000003_body.htm
documents,1091667,2008-07-14,0001091667-08-000035,already_on_disk,Data\edgar\item5_02_text\1091667\0001091667-08-000035_body.htm
documents,1091667,2008-07-14,0001091667-08-000034,already_on_disk,Data\edgar\item5_02_text\1091667\0001091667-08-000034_body.htm
documents,1091667,2008-07-14,0001091667-07-000230,already_on_disk,Data\edgar\item5_02_text\1091667\0001091667-07-000230_body.htm
documents,1091667,2008-07-14,0001091667-07-000222,already_on_disk,Data\edgar\item5_02_text\1091667\0001091667-07-000222_body.htm
documents,1091667,2008-07-14,0001091667-07-000050,already_on_disk,Data\edgar\item5_02_text\1091667\0001091667-07-000050_body.htm
documents,1091667,2008-08-11,0001091667-09-000003,already_on_disk,Data\edgar\item5_02_text\1091667\0001091667-09-000003_body.htm
documents,1091667,2008-08-11,0001091667-08-000201,already_on_disk,Data\edgar\item5_02_text\1091667\0001091667-08-000201_body.htm
documents,1091667,2008-08-11,0001091667-08-000197,already_on_disk,Data\edgar\item5_02_text\1091667\0001091667-08-000197_body.htm
documents,1091667,2008-08-11,0001091667-08-000171,already_on_disk,Data\edgar\item5_02_text\1091667\0001091667-08-000171_body.htm
documents,1091667,2008-08-11,0001091667-08-000143,already_on_disk,Data\edgar\item5_02_text\1091667\0001091667-08-000143_body.htm
documents,1091667,2008-08-11,0001091667-08-000129,already_on_disk,Data\edgar\item5_02_text\1091667\0001091667-08-000129_body.htm
documents,1091667,2008-08-11,0001271834-08-000007,already_on_disk,Data\edgar\item5_02_text\1091667\0001271834-08-000007_body.htm
documents,1091667,2008-08-11,0001271834-08-000003,already_on_disk,Data\edgar\item5_02_text\1091667\0001271834-08-000003_body.htm
documents,1091667,2008-08-11,0001091667-08-000035,already_on_disk,Data\edgar\item5_02_text\1091667\0001091667-08-000035_body.htm
documents,1091667,2008-08-11,0001091667-08-000034,already_on_disk,Data\edgar\item5_02_text\1091667\0001091667-08-000034_body.htm
documents,1091667,2008-08-11,0001091667-07-000230,already_on_disk,Data\edgar\item5_02_text\1091667\0001091667-07-000230_body.htm
documents,1091667,2008-08-11,0001091667-07-000222,already_on_disk,Data\edgar\item5_02_text\1091667\0001091667-07-000222_body.htm
documents,1091667,2008-08-11,0001091667-07-000050,already_on_disk,Data\edgar\item5_02_text\1091667\0001091667-07-000050_body.htm
documents,1091667,2013-04-26,0001091667-13-000058,already_on_disk,Data\edgar\item5_02_text\1091667\0001091667-13-000058_chtr51138-k.htm
documents,1091667,2013-04-26,0001091667-12-000122,already_on_disk,Data\edgar\item5_02_text\1091667\0001091667-12-000122_chtr815128-k.htm
documents,1091667,2013-04-26,0001091667-12-000109,already_on_disk,Data\edgar\item5_02_text\1091667\0001091667-12-000109_chtr83128-k.htm
documents,1091667,2013-04-26,0001091667-12-000100,already_on_disk,Data\edgar\item5_02_text\1091667\0001091667-12-000100_chtr68128-k.htm
documents,1091667,2013-04-26,0001091667-12-000050,already_on_disk,Data\edgar\item5_02_text\1091667\0001091667-12-000050_chtr51128-k.htm
documents,1091667,2013-04-26,0001091667-12-000014,already_on_disk,Data\edgar\item5_02_text\1091667\0001091667-12-000014_body.htm
documents,1091667,2013-04-26,0001091667-12-000008,already_on_disk,Data\edgar\item5_02_text\1091667\0001091667-12-000008_body.htm
documents,1091667,2013-04-26,0001091667-11-000162,already_on_disk,Data\edgar\item5_02_text\1091667\0001091667-11-000162_body.htm
documents,1091667,2013-04-26,0001091667-11-000130,already_on_disk,Data\edgar\item5_02_text\1091667\0001091667-11-000130_body.htm
documents,1091667,2013-04-26,0001091667-11-000116,already_on_disk,Data\edgar\item5_02_text\1091667\0001091667-11-000116_body.htm
documents,1091667,2013-04-26,0001091667-11-000079,already_on_disk,Data\edgar\item5_02_text\1091667\0001091667-11-000079_body.htm
documents,1091667,2014-01-21,0001091667-14-000139,already_on_disk,Data\edgar\item5_02_text\1091667\0001091667-14-000139_chtr59148k.htm
documents,1091667,2014-01-21,0001091667-14-000060,already_on_disk,Data\edgar\item5_02_text\1091667\0001091667-14-000060_chtr11520148-k.htm
documents,1091667,2014-01-21,0001091667-13-000176,already_on_disk,Data\edgar\item5_02_text\1091667\0001091667-13-000176_chtr118138-k.htm
documents,1091667,2014-01-21,0001091667-13-000058,already_on_disk,Data\edgar\item5_02_text\1091667\0001091667-13-000058_chtr51138-k.htm
documents,1091667,2014-01-21,0001091667-12-000122,already_on_disk,Data\edgar\item5_02_text\1091667\0001091667-12-000122_chtr815128-k.htm
documents,1091667,2014-01-21,0001091667-12-000109,already_on_disk,Data\edgar\item5_02_text\1091667\0001091667-12-000109_chtr83128-k.htm
documents,1091667,2014-01-21,0001091667-12-000100,already_on_disk,Data\edgar\item5_02_text\1091667\0001091667-12-000100_chtr68128-k.htm
documents,1091667,2014-01-21,0001091667-12-000050,already_on_disk,Data\edgar\item5_02_text\1091667\0001091667-12-000050_chtr51128-k.htm
documents,1091667,2014-01-21,0001091667-12-000014,already_on_disk,Data\edgar\item5_02_text\1091667\0001091667-12-000014_body.htm
documents,1091667,2014-09-30,0001091667-15-000051,already_on_disk,Data\edgar\item5_02_text\1091667\0001091667-15-000051_chtr313158k.htm
documents,1091667,2014-09-30,0001091667-14-000139,already_on_disk,Data\edgar\item5_02_text\1091667\0001091667-14-000139_chtr59148k.htm
documents,1091667,2014-09-30,0001091667-14-000060,already_on_disk,Data\edgar\item5_02_text\1091667\0001091667-14-000060_chtr11520148-k.htm
documents,1091667,2014-09-30,0001091667-13-000176,already_on_disk,Data\edgar\item5_02_text\1091667\0001091667-13-000176_chtr118138-k.htm
documents,1091667,2014-09-30,0001091667-13-000058,already_on_disk,Data\edgar\item5_02_text\1091667\0001091667-13-000058_chtr51138-k.htm
documents,1091667,2022-12-21,0001091667-23-000034,already_on_disk,Data\edgar\item5_02_text\1091667\0001091667-23-000034_chtr-20230222.htm
documents,1091667,2022-12-21,0001091667-22-000104,already_on_disk,Data\edgar\item5_02_text\1091667\0001091667-22-000104_chtr-20220920.htm
documents,1091667,2022-12-21,0001091667-21-000143,already_on_disk,Data\edgar\item5_02_text\1091667\0001091667-21-000143_chtr-20211019.htm
documents,1091667,2022-12-21,0001091667-21-000029,already_on_disk,Data\edgar\item5_02_text\1091667\0001091667-21-000029_chtr-20210203.htm
documents,1091667,2022-12-21,0001091667-20-000215,already_on_disk,Data\edgar\item5_02_text\1091667\0001091667-20-000215_chtr-20201223.htm
documents,1091667,2023-01-01,0001091667-23-000034,already_on_disk,Data\edgar\item5_02_text\1091667\0001091667-23-000034_chtr-20230222.htm
documents,1091667,2023-01-01,0001091667-22-000104,already_on_disk,Data\edgar\item5_02_text\1091667\0001091667-22-000104_chtr-20220920.htm
documents,1091667,2023-01-01,0001091667-21-000143,already_on_disk,Data\edgar\item5_02_text\1091667\0001091667-21-000143_chtr-20211019.htm
documents,1091667,2023-01-01,0001091667-21-000029,already_on_disk,Data\edgar\item5_02_text\1091667\0001091667-21-000029_chtr-20210203.htm
documents,1091667,2023-09-01,0001091667-24-000030,already_on_disk,Data\edgar\item5_02_text\1091667\0001091667-24-000030_chtr-20240130.htm
documents,1091667,2023-09-01,0001091667-23-000137,already_on_disk,Data\edgar\item5_02_text\1091667\0001091667-23-000137_chtr-20231024.htm
documents,1091667,2023-09-01,0001091667-23-000119,already_on_disk,Data\edgar\item5_02_text\1091667\0001091667-23-000119_chtr-20230815.htm
documents,1091667,2023-09-01,0001091667-23-000034,already_on_disk,Data\edgar\item5_02_text\1091667\0001091667-23-000034_chtr-20230222.htm
documents,1091667,2023-09-01,0001091667-22-000104,already_on_disk,Data\edgar\item5_02_text\1091667\0001091667-22-000104_chtr-20220920.htm
documents,1091667,2023-09-01,0001091667-21-000143,already_on_disk,Data\edgar\item5_02_text\1091667\0001091667-21-000143_chtr-20211019.htm
documents,1105705,2006-12-01,0001105705-07-000019,already_on_disk,Data\edgar\item5_02_text\1105705\0001105705-07-000019_f07-03_308k.txt
documents,1105705,2006-12-01,0001105705-07-000007,already_on_disk,Data\edgar\item5_02_text\1105705\0001105705-07-000007_f07-01_258k.txt
documents,1105705,2006-12-01,0001105705-06-000022,already_on_disk,Data\edgar\item5_02_text\1105705\0001105705-06-000022_k8twi22306.txt
documents,1105705,2006-12-01,0001105705-06-000002,already_on_disk,Data\edgar\item5_02_text\1105705\0001105705-06-000002_k8twijanuary172006.txt
documents,1105705,2006-12-01,0001105705-05-000047,already_on_disk,Data\edgar\item5_02_text\1105705\0001105705-05-000047_k8twi12-20.txt
documents,1105705,2015-01-28,0001105705-14-000036,already_on_disk,Data\edgar\item5_02_text\1105705\0001105705-14-000036_form8k10814.htm
documents,1105705,2015-01-28,0001105705-14-000013,already_on_disk,Data\edgar\item5_02_text\1105705\0001105705-14-000013_form8k41414.htm
documents,1105705,2015-01-28,0001105705-13-000054,already_on_disk,Data\edgar\item5_02_text\1105705\0001105705-13-000054_form8ka_averill-agreement.htm
documents,1105705,2015-01-28,0001105705-13-000048,already_on_disk,Data\edgar\item5_02_text\1105705\0001105705-13-000048_form8k_2010stock-plan.htm
documents,1105705,2015-01-28,0001105705-13-000022,already_on_disk,Data\edgar\item5_02_text\1105705\0001105705-13-000022_form8k2013form8k.htm
documents,1105705,2015-02-19,0001105705-14-000036,already_on_disk,Data\edgar\item5_02_text\1105705\0001105705-14-000036_form8k10814.htm
documents,1105705,2015-02-19,0001105705-14-000013,already_on_disk,Data\edgar\item5_02_text\1105705\0001105705-14-000013_form8k41414.htm
documents,1105705,2015-02-19,0001105705-13-000054,already_on_disk,Data\edgar\item5_02_text\1105705\0001105705-13-000054_form8ka_averill-agreement.htm
documents,1105705,2015-02-19,0001105705-13-000048,already_on_disk,Data\edgar\item5_02_text\1105705\0001105705-13-000048_form8k_2010stock-plan.htm
documents,1105705,2015-02-19,0001105705-13-000022,already_on_disk,Data\edgar\item5_02_text\1105705\0001105705-13-000022_form8k2013form8k.htm
documents,1105705,2016-08-10,0000950157-16-002366,already_on_disk,Data\edgar\item5_02_text\1105705\0000950157-16-002366_form8k.htm
documents,1105705,2016-08-10,0001105705-16-000017,already_on_disk,Data\edgar\item5_02_text\1105705\0001105705-16-000017_form8k.htm
documents,1105705,2016-08-10,0001105705-14-000036,already_on_disk,Data\edgar\item5_02_text\1105705\0001105705-14-000036_form8k10814.htm
documents,1105705,2017-05-15,0000950157-16-002366,already_on_disk,Data\edgar\item5_02_text\1105705\0000950157-16-002366_form8k.htm
documents,1105705,2017-05-15,0001105705-16-000017,already_on_disk,Data\edgar\item5_02_text\1105705\0001105705-16-000017_form8k.htm
documents,1105705,2017-07-20,0000950157-16-002366,already_on_disk,Data\edgar\item5_02_text\1105705\0000950157-16-002366_form8k.htm
documents,1105705,2017-07-20,0001105705-16-000017,already_on_disk,Data\edgar\item5_02_text\1105705\0001105705-16-000017_form8k.htm
documents,1105705,2017-07-23,0000950157-16-002366,already_on_disk,Data\edgar\item5_02_text\1105705\0000950157-16-002366_form8k.htm
documents,1105705,2017-07-23,0001105705-16-000017,already_on_disk,Data\edgar\item5_02_text\1105705\0001105705-16-000017_form8k.htm
documents,1105705,2017-10-30,0000950157-16-002366,already_on_disk,Data\edgar\item5_02_text\1105705\0000950157-16-002366_form8k.htm
documents,1105705,2017-10-30,0001105705-16-000017,already_on_disk,Data\edgar\item5_02_text\1105705\0001105705-16-000017_form8k.htm
documents,1108524,2008-02-07,0001193125-08-071264,already_on_disk,Data\edgar\item5_02_text\1108524\0001193125-08-071264_d8k.htm
documents,1108524,2008-02-07,0001193125-08-050327,already_on_disk,Data\edgar\item5_02_text\1108524\0001193125-08-050327_d8k.htm
documents,1108524,2008-02-07,0001193125-07-210111,already_on_disk,Data\edgar\item5_02_text\1108524\0001193125-07-210111_d8k.htm
documents,1108524,2008-02-07,0001193125-07-208064,already_on_disk,Data\edgar\item5_02_text\1108524\0001193125-07-208064_d8k.htm
documents,1108524,2008-02-07,0001193125-07-186040,already_on_disk,Data\edgar\item5_02_text\1108524\0001193125-07-186040_d8k.htm
documents,1108524,2008-02-07,0001193125-07-155725,already_on_disk,Data\edgar\item5_02_text\1108524\0001193125-07-155725_d8k.htm
documents,1108524,2008-02-07,0001193125-07-134937,already_on_disk,Data\edgar\item5_02_text\1108524\0001193125-07-134937_d8k.htm
documents,1108524,2008-02-07,0001193125-07-078925,already_on_disk,Data\edgar\item5_02_text\1108524\0001193125-07-078925_d8k.htm
documents,1108524,2008-02-07,0001193125-07-072263,already_on_disk,Data\edgar\item5_02_text\1108524\0001193125-07-072263_d8k.htm
documents,1108524,2008-02-07,0001193125-07-006987,already_on_disk,Data\edgar\item5_02_text\1108524\0001193125-07-006987_d8k.htm
documents,1108524,2008-02-07,0001193125-06-187910,already_on_disk,Data\edgar\item5_02_text\1108524\0001193125-06-187910_d8k.htm
documents,1108524,2008-02-07,0001193125-06-174639,already_on_disk,Data\edgar\item5_02_text\1108524\0001193125-06-174639_d8k.htm
documents,1108524,2008-02-07,0001193125-06-123693,already_on_disk,Data\edgar\item5_02_text\1108524\0001193125-06-123693_d8k.htm
documents,1123360,2012-06-22,0001123360-12-000041,already_on_disk,Data\edgar\item5_02_text\1123360\0001123360-12-000041_form8kjoehyde.htm
documents,1123360,2012-06-22,0001123360-11-000082,already_on_disk,Data\edgar\item5_02_text\1123360\0001123360-11-000082_gpn-09282011x8k.htm
documents,1123360,2012-06-22,0001193125-10-213864,already_on_disk,Data\edgar\item5_02_text\1123360\0001193125-10-213864_d8k.htm
documents,1123360,2012-07-25,0001123360-12-000041,already_on_disk,Data\edgar\item5_02_text\1123360\0001123360-12-000041_form8kjoehyde.htm
documents,1123360,2012-07-25,0001123360-11-000082,already_on_disk,Data\edgar\item5_02_text\1123360\0001123360-11-000082_gpn-09282011x8k.htm
documents,1123360,2012-07-25,0001193125-10-213864,already_on_disk,Data\edgar\item5_02_text\1123360\0001193125-10-213864_d8k.htm
documents,1124610,2015-07-02,0001124610-16-000036,already_on_disk,Data\edgar\item5_02_text\1124610\0001124610-16-000036_a8-k02x08x16.htm
documents,1124610,2015-07-02,0001193125-16-438413,already_on_disk,Data\edgar\item5_02_text\1124610\0001193125-16-438413_d131398d8k.htm
documents,1124610,2015-07-02,0001124610-15-000034,already_on_disk,Data\edgar\item5_02_text\1124610\0001124610-15-000034_a8-k12x11x15.htm
documents,1124610,2015-07-02,0001124610-15-000026,already_on_disk,Data\edgar\item5_02_text\1124610\0001124610-15-000026_a10-06x158xk.htm
documents,1124610,2015-07-02,0001124610-14-000027,already_on_disk,Data\edgar\item5_02_text\1124610\0001124610-14-000027_a8-k08x19x14.htm
documents,1124610,2015-07-02,0001124610-14-000014,already_on_disk,Data\edgar\item5_02_text\1124610\0001124610-14-000014_a8-k04x07x14.htm
documents,1124610,2015-07-02,0001124610-13-000036,already_on_disk,Data\edgar\item5_02_text\1124610\0001124610-13-000036_a8-k09x10x13.htm
documents,1124610,2015-07-02,0001124610-13-000034,already_on_disk,Data\edgar\item5_02_text\1124610\0001124610-13-000034_a8-k08x22x13.htm
documents,1124610,2015-07-02,0001124610-13-000031,already_on_disk,Data\edgar\item5_02_text\1124610\0001124610-13-000031_a8-k08x19x13.htm
documents,1124610,2015-08-19,0001124610-16-000036,already_on_disk,Data\edgar\item5_02_text\1124610\0001124610-16-000036_a8-k02x08x16.htm
documents,1124610,2015-08-19,0001193125-16-438413,already_on_disk,Data\edgar\item5_02_text\1124610\0001193125-16-438413_d131398d8k.htm
documents,1124610,2015-08-19,0001124610-15-000034,already_on_disk,Data\edgar\item5_02_text\1124610\0001124610-15-000034_a8-k12x11x15.htm
documents,1124610,2015-08-19,0001124610-15-000026,already_on_disk,Data\edgar\item5_02_text\1124610\0001124610-15-000026_a10-06x158xk.htm
documents,1124610,2015-08-19,0001124610-14-000027,already_on_disk,Data\edgar\item5_02_text\1124610\0001124610-14-000027_a8-k08x19x14.htm
documents,1124610,2015-08-19,0001124610-14-000014,already_on_disk,Data\edgar\item5_02_text\1124610\0001124610-14-000014_a8-k04x07x14.htm
documents,1124610,2015-08-19,0001124610-13-000036,already_on_disk,Data\edgar\item5_02_text\1124610\0001124610-13-000036_a8-k09x10x13.htm
documents,1124610,2015-08-19,0001124610-13-000034,already_on_disk,Data\edgar\item5_02_text\1124610\0001124610-13-000034_a8-k08x22x13.htm
documents,1124610,2015-08-19,0001124610-13-000031,already_on_disk,Data\edgar\item5_02_text\1124610\0001124610-13-000031_a8-k08x19x13.htm
documents,1136893,2007-09-24,0000892569-08-000425,already_on_disk,Data\edgar\item5_02_text\1136893\0000892569-08-000425_a39263e8vk.htm
documents,1136893,2007-09-24,0000892569-08-000017,already_on_disk,Data\edgar\item5_02_text\1136893\0000892569-08-000017_a36828e8vk.htm
documents,1136893,2007-09-24,0000892569-07-001428,already_on_disk,Data\edgar\item5_02_text\1136893\0000892569-07-001428_a35843e8vk.htm
documents,1136893,2007-09-24,0000892569-06-001310,already_on_disk,Data\edgar\item5_02_text\1136893\0000892569-06-001310_a24601e8vk.htm
documents,1136893,2007-09-24,0000892569-06-001297,already_on_disk,Data\edgar\item5_02_text\1136893\0000892569-06-001297_a24549e8vk.htm
documents,1136893,2007-09-24,0000892569-06-000846,already_on_disk,Data\edgar\item5_02_text\1136893\0000892569-06-000846_a21921e8vk.htm
documents,1136893,2007-09-24,0000892569-06-000649,already_on_disk,Data\edgar\item5_02_text\1136893\0000892569-06-000649_a19972e8vk.htm
documents,1136893,2007-09-24,0001104659-06-006239,already_on_disk,Data\edgar\item5_02_text\1136893\0001104659-06-006239_a06-3827_28k.htm
documents,1136893,2007-09-24,0001193125-05-239862,already_on_disk,Data\edgar\item5_02_text\1136893\0001193125-05-239862_d8k.htm
documents,1136893,2023-05-01,0001193125-24-069200,already_on_disk,Data\edgar\item5_02_text\1136893\0001193125-24-069200_d705411d8k.htm
documents,1136893,2023-05-01,0001193125-24-044681,already_on_disk,Data\edgar\item5_02_text\1136893\0001193125-24-044681_d764426d8k.htm
documents,1136893,2023-05-01,0001193125-24-021392,already_on_disk,Data\edgar\item5_02_text\1136893\0001193125-24-021392_d761353d8k.htm
documents,1136893,2023-05-01,0001193125-23-218012,already_on_disk,Data\edgar\item5_02_text\1136893\0001193125-23-218012_d534612d8k.htm
documents,1136893,2023-05-01,0001136893-23-000090,already_on_disk,Data\edgar\item5_02_text\1136893\0001136893-23-000090_fis-20230522.htm
documents,1136893,2023-05-01,0001136893-23-000069,already_on_disk,Data\edgar\item5_02_text\1136893\0001136893-23-000069_fis-20230417.htm
documents,1136893,2023-05-01,0001193125-23-015151,already_on_disk,Data\edgar\item5_02_text\1136893\0001193125-23-015151_d103120d8k.htm
documents,1136893,2023-05-01,0001193125-23-011458,already_on_disk,Data\edgar\item5_02_text\1136893\0001193125-23-011458_d426581d8k.htm
documents,1136893,2023-05-01,0001193125-22-305874,already_on_disk,Data\edgar\item5_02_text\1136893\0001193125-22-305874_d427115d8k.htm
documents,1136893,2023-05-01,0001136893-22-000173,already_on_disk,Data\edgar\item5_02_text\1136893\0001136893-22-000173_fis-20221018.htm
documents,1136893,2023-05-01,0001136893-22-000155,already_on_disk,Data\edgar\item5_02_text\1136893\0001136893-22-000155_fis-20220815.htm
documents,1136893,2023-05-01,0001136893-22-000134,already_on_disk,Data\edgar\item5_02_text\1136893\0001136893-22-000134_fis-20220525.htm
documents,1136893,2023-05-01,0001136893-22-000056,already_on_disk,Data\edgar\item5_02_text\1136893\0001136893-22-000056_fis-20220316.htm
documents,1136893,2023-05-01,0001136893-22-000028,already_on_disk,Data\edgar\item5_02_text\1136893\0001136893-22-000028_fis-20220208.htm
documents,1136893,2023-05-01,0001136893-22-000005,already_on_disk,Data\edgar\item5_02_text\1136893\0001136893-22-000005_fis-20220111.htm
documents,1136893,2023-05-01,0001136893-21-000203,already_on_disk,Data\edgar\item5_02_text\1136893\0001136893-21-000203_fis-20210902.htm
documents,1136893,2023-05-01,0001136893-21-000196,already_on_disk,Data\edgar\item5_02_text\1136893\0001136893-21-000196_fis-20210831.htm
documents,1136893,2023-05-01,0001136893-21-000145,already_on_disk,Data\edgar\item5_02_text\1136893\0001136893-21-000145_fis-20210608.htm
documents,1136893,2023-05-27,0001193125-24-021392,already_on_disk,Data\edgar\item5_02_text\1136893\0001193125-24-021392_d761353d8k.htm
documents,1136893,2023-05-27,0001193125-23-218012,already_on_disk,Data\edgar\item5_02_text\1136893\0001193125-23-218012_d534612d8k.htm
documents,1136893,2023-05-27,0001136893-23-000090,already_on_disk,Data\edgar\item5_02_text\1136893\0001136893-23-000090_fis-20230522.htm
documents,1136893,2023-05-27,0001136893-23-000069,already_on_disk,Data\edgar\item5_02_text\1136893\0001136893-23-000069_fis-20230417.htm
documents,1136893,2023-05-27,0001193125-23-015151,already_on_disk,Data\edgar\item5_02_text\1136893\0001193125-23-015151_d103120d8k.htm
documents,1136893,2023-05-27,0001193125-23-011458,already_on_disk,Data\edgar\item5_02_text\1136893\0001193125-23-011458_d426581d8k.htm
documents,1136893,2023-05-27,0001193125-22-305874,already_on_disk,Data\edgar\item5_02_text\1136893\0001193125-22-305874_d427115d8k.htm
documents,1136893,2023-05-27,0001136893-22-000173,already_on_disk,Data\edgar\item5_02_text\1136893\0001136893-22-000173_fis-20221018.htm
documents,1136893,2023-05-27,0001136893-22-000155,already_on_disk,Data\edgar\item5_02_text\1136893\0001136893-22-000155_fis-20220815.htm
documents,1136893,2023-05-27,0001136893-22-000134,already_on_disk,Data\edgar\item5_02_text\1136893\0001136893-22-000134_fis-20220525.htm
documents,1136893,2023-05-27,0001136893-22-000056,already_on_disk,Data\edgar\item5_02_text\1136893\0001136893-22-000056_fis-20220316.htm
documents,1136893,2023-05-27,0001136893-22-000028,already_on_disk,Data\edgar\item5_02_text\1136893\0001136893-22-000028_fis-20220208.htm
documents,1136893,2023-05-27,0001136893-22-000005,already_on_disk,Data\edgar\item5_02_text\1136893\0001136893-22-000005_fis-20220111.htm
documents,1136893,2023-05-27,0001136893-21-000203,already_on_disk,Data\edgar\item5_02_text\1136893\0001136893-21-000203_fis-20210902.htm
documents,1136893,2023-05-27,0001136893-21-000196,already_on_disk,Data\edgar\item5_02_text\1136893\0001136893-21-000196_fis-20210831.htm
documents,1136893,2023-05-27,0001136893-21-000145,already_on_disk,Data\edgar\item5_02_text\1136893\0001136893-21-000145_fis-20210608.htm
documents,1136893,2023-06-21,0001193125-23-218012,already_on_disk,Data\edgar\item5_02_text\1136893\0001193125-23-218012_d534612d8k.htm
documents,1136893,2023-06-21,0001136893-23-000090,already_on_disk,Data\edgar\item5_02_text\1136893\0001136893-23-000090_fis-20230522.htm
documents,1136893,2023-06-21,0001136893-23-000069,already_on_disk,Data\edgar\item5_02_text\1136893\0001136893-23-000069_fis-20230417.htm
documents,1136893,2023-06-21,0001193125-23-015151,already_on_disk,Data\edgar\item5_02_text\1136893\0001193125-23-015151_d103120d8k.htm
documents,1136893,2023-06-21,0001193125-23-011458,already_on_disk,Data\edgar\item5_02_text\1136893\0001193125-23-011458_d426581d8k.htm
documents,1136893,2023-06-21,0001193125-22-305874,already_on_disk,Data\edgar\item5_02_text\1136893\0001193125-22-305874_d427115d8k.htm
documents,1136893,2023-06-21,0001136893-22-000173,already_on_disk,Data\edgar\item5_02_text\1136893\0001136893-22-000173_fis-20221018.htm
documents,1136893,2023-06-21,0001136893-22-000155,already_on_disk,Data\edgar\item5_02_text\1136893\0001136893-22-000155_fis-20220815.htm
documents,1136893,2023-06-21,0001136893-22-000134,already_on_disk,Data\edgar\item5_02_text\1136893\0001136893-22-000134_fis-20220525.htm
documents,1136893,2023-06-21,0001136893-22-000056,already_on_disk,Data\edgar\item5_02_text\1136893\0001136893-22-000056_fis-20220316.htm
documents,1136893,2023-06-21,0001136893-22-000028,already_on_disk,Data\edgar\item5_02_text\1136893\0001136893-22-000028_fis-20220208.htm
documents,1136893,2023-06-21,0001136893-22-000005,already_on_disk,Data\edgar\item5_02_text\1136893\0001136893-22-000005_fis-20220111.htm
documents,1136893,2023-06-21,0001136893-21-000203,already_on_disk,Data\edgar\item5_02_text\1136893\0001136893-21-000203_fis-20210902.htm
documents,1136893,2023-06-21,0001136893-21-000196,already_on_disk,Data\edgar\item5_02_text\1136893\0001136893-21-000196_fis-20210831.htm
documents,1136893,2023-06-26,0001193125-23-218012,already_on_disk,Data\edgar\item5_02_text\1136893\0001193125-23-218012_d534612d8k.htm
documents,1136893,2023-06-26,0001136893-23-000090,already_on_disk,Data\edgar\item5_02_text\1136893\0001136893-23-000090_fis-20230522.htm
documents,1136893,2023-06-26,0001136893-23-000069,already_on_disk,Data\edgar\item5_02_text\1136893\0001136893-23-000069_fis-20230417.htm
documents,1136893,2023-06-26,0001193125-23-015151,already_on_disk,Data\edgar\item5_02_text\1136893\0001193125-23-015151_d103120d8k.htm
documents,1136893,2023-06-26,0001193125-23-011458,already_on_disk,Data\edgar\item5_02_text\1136893\0001193125-23-011458_d426581d8k.htm
documents,1136893,2023-06-26,0001193125-22-305874,already_on_disk,Data\edgar\item5_02_text\1136893\0001193125-22-305874_d427115d8k.htm
documents,1136893,2023-06-26,0001136893-22-000173,already_on_disk,Data\edgar\item5_02_text\1136893\0001136893-22-000173_fis-20221018.htm
documents,1136893,2023-06-26,0001136893-22-000155,already_on_disk,Data\edgar\item5_02_text\1136893\0001136893-22-000155_fis-20220815.htm
documents,1136893,2023-06-26,0001136893-22-000134,already_on_disk,Data\edgar\item5_02_text\1136893\0001136893-22-000134_fis-20220525.htm
documents,1136893,2023-06-26,0001136893-22-000056,already_on_disk,Data\edgar\item5_02_text\1136893\0001136893-22-000056_fis-20220316.htm
documents,1136893,2023-06-26,0001136893-22-000028,already_on_disk,Data\edgar\item5_02_text\1136893\0001136893-22-000028_fis-20220208.htm
documents,1136893,2023-06-26,0001136893-22-000005,already_on_disk,Data\edgar\item5_02_text\1136893\0001136893-22-000005_fis-20220111.htm
documents,1136893,2023-06-26,0001136893-21-000203,already_on_disk,Data\edgar\item5_02_text\1136893\0001136893-21-000203_fis-20210902.htm
documents,1136893,2023-06-26,0001136893-21-000196,already_on_disk,Data\edgar\item5_02_text\1136893\0001136893-21-000196_fis-20210831.htm
documents,1136893,2023-07-17,0001193125-23-218012,already_on_disk,Data\edgar\item5_02_text\1136893\0001193125-23-218012_d534612d8k.htm
documents,1136893,2023-07-17,0001136893-23-000090,already_on_disk,Data\edgar\item5_02_text\1136893\0001136893-23-000090_fis-20230522.htm
documents,1136893,2023-07-17,0001136893-23-000069,already_on_disk,Data\edgar\item5_02_text\1136893\0001136893-23-000069_fis-20230417.htm
documents,1136893,2023-07-17,0001193125-23-015151,already_on_disk,Data\edgar\item5_02_text\1136893\0001193125-23-015151_d103120d8k.htm
documents,1136893,2023-07-17,0001193125-23-011458,already_on_disk,Data\edgar\item5_02_text\1136893\0001193125-23-011458_d426581d8k.htm
documents,1136893,2023-07-17,0001193125-22-305874,already_on_disk,Data\edgar\item5_02_text\1136893\0001193125-22-305874_d427115d8k.htm
documents,1136893,2023-07-17,0001136893-22-000173,already_on_disk,Data\edgar\item5_02_text\1136893\0001136893-22-000173_fis-20221018.htm
documents,1136893,2023-07-17,0001136893-22-000155,already_on_disk,Data\edgar\item5_02_text\1136893\0001136893-22-000155_fis-20220815.htm
documents,1136893,2023-07-17,0001136893-22-000134,already_on_disk,Data\edgar\item5_02_text\1136893\0001136893-22-000134_fis-20220525.htm
documents,1136893,2023-07-17,0001136893-22-000056,already_on_disk,Data\edgar\item5_02_text\1136893\0001136893-22-000056_fis-20220316.htm
documents,1136893,2023-07-17,0001136893-22-000028,already_on_disk,Data\edgar\item5_02_text\1136893\0001136893-22-000028_fis-20220208.htm
documents,1136893,2023-07-17,0001136893-22-000005,already_on_disk,Data\edgar\item5_02_text\1136893\0001136893-22-000005_fis-20220111.htm
documents,1136893,2023-07-17,0001136893-21-000203,already_on_disk,Data\edgar\item5_02_text\1136893\0001136893-21-000203_fis-20210902.htm
documents,1136893,2023-07-17,0001136893-21-000196,already_on_disk,Data\edgar\item5_02_text\1136893\0001136893-21-000196_fis-20210831.htm
documents,1136893,2023-07-21,0001193125-23-218012,already_on_disk,Data\edgar\item5_02_text\1136893\0001193125-23-218012_d534612d8k.htm
documents,1136893,2023-07-21,0001136893-23-000090,already_on_disk,Data\edgar\item5_02_text\1136893\0001136893-23-000090_fis-20230522.htm
documents,1136893,2023-07-21,0001136893-23-000069,already_on_disk,Data\edgar\item5_02_text\1136893\0001136893-23-000069_fis-20230417.htm
documents,1136893,2023-07-21,0001193125-23-015151,already_on_disk,Data\edgar\item5_02_text\1136893\0001193125-23-015151_d103120d8k.htm
documents,1136893,2023-07-21,0001193125-23-011458,already_on_disk,Data\edgar\item5_02_text\1136893\0001193125-23-011458_d426581d8k.htm
documents,1136893,2023-07-21,0001193125-22-305874,already_on_disk,Data\edgar\item5_02_text\1136893\0001193125-22-305874_d427115d8k.htm
documents,1136893,2023-07-21,0001136893-22-000173,already_on_disk,Data\edgar\item5_02_text\1136893\0001136893-22-000173_fis-20221018.htm
documents,1136893,2023-07-21,0001136893-22-000155,already_on_disk,Data\edgar\item5_02_text\1136893\0001136893-22-000155_fis-20220815.htm
documents,1136893,2023-07-21,0001136893-22-000134,already_on_disk,Data\edgar\item5_02_text\1136893\0001136893-22-000134_fis-20220525.htm
documents,1136893,2023-07-21,0001136893-22-000056,already_on_disk,Data\edgar\item5_02_text\1136893\0001136893-22-000056_fis-20220316.htm
documents,1136893,2023-07-21,0001136893-22-000028,already_on_disk,Data\edgar\item5_02_text\1136893\0001136893-22-000028_fis-20220208.htm
documents,1136893,2023-07-21,0001136893-22-000005,already_on_disk,Data\edgar\item5_02_text\1136893\0001136893-22-000005_fis-20220111.htm
documents,1136893,2023-07-21,0001136893-21-000203,already_on_disk,Data\edgar\item5_02_text\1136893\0001136893-21-000203_fis-20210902.htm
documents,1136893,2023-07-21,0001136893-21-000196,already_on_disk,Data\edgar\item5_02_text\1136893\0001136893-21-000196_fis-20210831.htm
documents,1136893,2023-09-08,0001193125-24-044681,already_on_disk,Data\edgar\item5_02_text\1136893\0001193125-24-044681_d764426d8k.htm
documents,1136893,2023-09-08,0001193125-24-021392,already_on_disk,Data\edgar\item5_02_text\1136893\0001193125-24-021392_d761353d8k.htm
documents,1136893,2023-09-08,0001193125-23-218012,already_on_disk,Data\edgar\item5_02_text\1136893\0001193125-23-218012_d534612d8k.htm
documents,1136893,2023-09-08,0001136893-23-000090,already_on_disk,Data\edgar\item5_02_text\1136893\0001136893-23-000090_fis-20230522.htm
documents,1136893,2023-09-08,0001136893-23-000069,already_on_disk,Data\edgar\item5_02_text\1136893\0001136893-23-000069_fis-20230417.htm
documents,1136893,2023-09-08,0001193125-23-015151,already_on_disk,Data\edgar\item5_02_text\1136893\0001193125-23-015151_d103120d8k.htm
documents,1136893,2023-09-08,0001193125-23-011458,already_on_disk,Data\edgar\item5_02_text\1136893\0001193125-23-011458_d426581d8k.htm
documents,1136893,2023-09-08,0001193125-22-305874,already_on_disk,Data\edgar\item5_02_text\1136893\0001193125-22-305874_d427115d8k.htm
documents,1136893,2023-09-08,0001136893-22-000173,already_on_disk,Data\edgar\item5_02_text\1136893\0001136893-22-000173_fis-20221018.htm
documents,1136893,2023-09-08,0001136893-22-000155,already_on_disk,Data\edgar\item5_02_text\1136893\0001136893-22-000155_fis-20220815.htm
documents,1136893,2023-09-08,0001136893-22-000134,already_on_disk,Data\edgar\item5_02_text\1136893\0001136893-22-000134_fis-20220525.htm
documents,1136893,2023-09-08,0001136893-22-000056,already_on_disk,Data\edgar\item5_02_text\1136893\0001136893-22-000056_fis-20220316.htm
documents,1136893,2023-09-08,0001136893-22-000028,already_on_disk,Data\edgar\item5_02_text\1136893\0001136893-22-000028_fis-20220208.htm
documents,1136893,2023-09-08,0001136893-22-000005,already_on_disk,Data\edgar\item5_02_text\1136893\0001136893-22-000005_fis-20220111.htm
documents,1136893,2023-09-08,0001136893-21-000203,already_on_disk,Data\edgar\item5_02_text\1136893\0001136893-21-000203_fis-20210902.htm
documents,1136893,2023-09-19,0001193125-24-069200,already_on_disk,Data\edgar\item5_02_text\1136893\0001193125-24-069200_d705411d8k.htm
documents,1136893,2023-09-19,0001193125-24-044681,already_on_disk,Data\edgar\item5_02_text\1136893\0001193125-24-044681_d764426d8k.htm
documents,1136893,2023-09-19,0001193125-24-021392,already_on_disk,Data\edgar\item5_02_text\1136893\0001193125-24-021392_d761353d8k.htm
documents,1136893,2023-09-19,0001193125-23-218012,already_on_disk,Data\edgar\item5_02_text\1136893\0001193125-23-218012_d534612d8k.htm
documents,1136893,2023-09-19,0001136893-23-000090,already_on_disk,Data\edgar\item5_02_text\1136893\0001136893-23-000090_fis-20230522.htm
documents,1136893,2023-09-19,0001136893-23-000069,already_on_disk,Data\edgar\item5_02_text\1136893\0001136893-23-000069_fis-20230417.htm
documents,1136893,2023-09-19,0001193125-23-015151,already_on_disk,Data\edgar\item5_02_text\1136893\0001193125-23-015151_d103120d8k.htm
documents,1136893,2023-09-19,0001193125-23-011458,already_on_disk,Data\edgar\item5_02_text\1136893\0001193125-23-011458_d426581d8k.htm
documents,1136893,2023-09-19,0001193125-22-305874,already_on_disk,Data\edgar\item5_02_text\1136893\0001193125-22-305874_d427115d8k.htm
documents,1136893,2023-09-19,0001136893-22-000173,already_on_disk,Data\edgar\item5_02_text\1136893\0001136893-22-000173_fis-20221018.htm
documents,1136893,2023-09-19,0001136893-22-000155,already_on_disk,Data\edgar\item5_02_text\1136893\0001136893-22-000155_fis-20220815.htm
documents,1136893,2023-09-19,0001136893-22-000134,already_on_disk,Data\edgar\item5_02_text\1136893\0001136893-22-000134_fis-20220525.htm
documents,1136893,2023-09-19,0001136893-22-000056,already_on_disk,Data\edgar\item5_02_text\1136893\0001136893-22-000056_fis-20220316.htm
documents,1136893,2023-09-19,0001136893-22-000028,already_on_disk,Data\edgar\item5_02_text\1136893\0001136893-22-000028_fis-20220208.htm
documents,1136893,2023-09-19,0001136893-22-000005,already_on_disk,Data\edgar\item5_02_text\1136893\0001136893-22-000005_fis-20220111.htm
documents,1136893,2023-10-04,0001193125-24-069200,already_on_disk,Data\edgar\item5_02_text\1136893\0001193125-24-069200_d705411d8k.htm
documents,1136893,2023-10-04,0001193125-24-044681,already_on_disk,Data\edgar\item5_02_text\1136893\0001193125-24-044681_d764426d8k.htm
documents,1136893,2023-10-04,0001193125-24-021392,already_on_disk,Data\edgar\item5_02_text\1136893\0001193125-24-021392_d761353d8k.htm
documents,1136893,2023-10-04,0001193125-23-218012,already_on_disk,Data\edgar\item5_02_text\1136893\0001193125-23-218012_d534612d8k.htm
documents,1136893,2023-10-04,0001136893-23-000090,already_on_disk,Data\edgar\item5_02_text\1136893\0001136893-23-000090_fis-20230522.htm
documents,1136893,2023-10-04,0001136893-23-000069,already_on_disk,Data\edgar\item5_02_text\1136893\0001136893-23-000069_fis-20230417.htm
documents,1136893,2023-10-04,0001193125-23-015151,already_on_disk,Data\edgar\item5_02_text\1136893\0001193125-23-015151_d103120d8k.htm
documents,1136893,2023-10-04,0001193125-23-011458,already_on_disk,Data\edgar\item5_02_text\1136893\0001193125-23-011458_d426581d8k.htm
documents,1136893,2023-10-04,0001193125-22-305874,already_on_disk,Data\edgar\item5_02_text\1136893\0001193125-22-305874_d427115d8k.htm
documents,1136893,2023-10-04,0001136893-22-000173,already_on_disk,Data\edgar\item5_02_text\1136893\0001136893-22-000173_fis-20221018.htm
documents,1136893,2023-10-04,0001136893-22-000155,already_on_disk,Data\edgar\item5_02_text\1136893\0001136893-22-000155_fis-20220815.htm
documents,1136893,2023-10-04,0001136893-22-000134,already_on_disk,Data\edgar\item5_02_text\1136893\0001136893-22-000134_fis-20220525.htm
documents,1136893,2023-10-04,0001136893-22-000056,already_on_disk,Data\edgar\item5_02_text\1136893\0001136893-22-000056_fis-20220316.htm
documents,1136893,2023-10-04,0001136893-22-000028,already_on_disk,Data\edgar\item5_02_text\1136893\0001136893-22-000028_fis-20220208.htm
documents,1136893,2023-10-04,0001136893-22-000005,already_on_disk,Data\edgar\item5_02_text\1136893\0001136893-22-000005_fis-20220111.htm
documents,1136893,2023-11-09,0001193125-24-088508,already_on_disk,Data\edgar\item5_02_text\1136893\0001193125-24-088508_d759372d8k.htm
documents,1136893,2023-11-09,0001193125-24-069200,already_on_disk,Data\edgar\item5_02_text\1136893\0001193125-24-069200_d705411d8k.htm
documents,1136893,2023-11-09,0001193125-24-044681,already_on_disk,Data\edgar\item5_02_text\1136893\0001193125-24-044681_d764426d8k.htm
documents,1136893,2023-11-09,0001193125-24-021392,already_on_disk,Data\edgar\item5_02_text\1136893\0001193125-24-021392_d761353d8k.htm
documents,1136893,2023-11-09,0001193125-23-218012,already_on_disk,Data\edgar\item5_02_text\1136893\0001193125-23-218012_d534612d8k.htm
documents,1136893,2023-11-09,0001136893-23-000090,already_on_disk,Data\edgar\item5_02_text\1136893\0001136893-23-000090_fis-20230522.htm
documents,1136893,2023-11-09,0001136893-23-000069,already_on_disk,Data\edgar\item5_02_text\1136893\0001136893-23-000069_fis-20230417.htm
documents,1136893,2023-11-09,0001193125-23-015151,already_on_disk,Data\edgar\item5_02_text\1136893\0001193125-23-015151_d103120d8k.htm
documents,1136893,2023-11-09,0001193125-23-011458,already_on_disk,Data\edgar\item5_02_text\1136893\0001193125-23-011458_d426581d8k.htm
documents,1136893,2023-11-09,0001193125-22-305874,already_on_disk,Data\edgar\item5_02_text\1136893\0001193125-22-305874_d427115d8k.htm
documents,1136893,2023-11-09,0001136893-22-000173,already_on_disk,Data\edgar\item5_02_text\1136893\0001136893-22-000173_fis-20221018.htm
documents,1136893,2023-11-09,0001136893-22-000155,already_on_disk,Data\edgar\item5_02_text\1136893\0001136893-22-000155_fis-20220815.htm
documents,1136893,2023-11-09,0001136893-22-000134,already_on_disk,Data\edgar\item5_02_text\1136893\0001136893-22-000134_fis-20220525.htm
documents,1136893,2023-11-09,0001136893-22-000056,already_on_disk,Data\edgar\item5_02_text\1136893\0001136893-22-000056_fis-20220316.htm
documents,1136893,2023-11-09,0001136893-22-000028,already_on_disk,Data\edgar\item5_02_text\1136893\0001136893-22-000028_fis-20220208.htm
documents,1136893,2023-11-09,0001136893-22-000005,already_on_disk,Data\edgar\item5_02_text\1136893\0001136893-22-000005_fis-20220111.htm
documents,1136893,2023-11-20,0001193125-24-088508,already_on_disk,Data\edgar\item5_02_text\1136893\0001193125-24-088508_d759372d8k.htm
documents,1136893,2023-11-20,0001193125-24-069200,already_on_disk,Data\edgar\item5_02_text\1136893\0001193125-24-069200_d705411d8k.htm
documents,1136893,2023-11-20,0001193125-24-044681,already_on_disk,Data\edgar\item5_02_text\1136893\0001193125-24-044681_d764426d8k.htm
documents,1136893,2023-11-20,0001193125-24-021392,already_on_disk,Data\edgar\item5_02_text\1136893\0001193125-24-021392_d761353d8k.htm
documents,1136893,2023-11-20,0001193125-23-218012,already_on_disk,Data\edgar\item5_02_text\1136893\0001193125-23-218012_d534612d8k.htm
documents,1136893,2023-11-20,0001136893-23-000090,already_on_disk,Data\edgar\item5_02_text\1136893\0001136893-23-000090_fis-20230522.htm
documents,1136893,2023-11-20,0001136893-23-000069,already_on_disk,Data\edgar\item5_02_text\1136893\0001136893-23-000069_fis-20230417.htm
documents,1136893,2023-11-20,0001193125-23-015151,already_on_disk,Data\edgar\item5_02_text\1136893\0001193125-23-015151_d103120d8k.htm
documents,1136893,2023-11-20,0001193125-23-011458,already_on_disk,Data\edgar\item5_02_text\1136893\0001193125-23-011458_d426581d8k.htm
documents,1136893,2023-11-20,0001193125-22-305874,already_on_disk,Data\edgar\item5_02_text\1136893\0001193125-22-305874_d427115d8k.htm
documents,1136893,2023-11-20,0001136893-22-000173,already_on_disk,Data\edgar\item5_02_text\1136893\0001136893-22-000173_fis-20221018.htm
documents,1136893,2023-11-20,0001136893-22-000155,already_on_disk,Data\edgar\item5_02_text\1136893\0001136893-22-000155_fis-20220815.htm
documents,1136893,2023-11-20,0001136893-22-000134,already_on_disk,Data\edgar\item5_02_text\1136893\0001136893-22-000134_fis-20220525.htm
documents,1136893,2023-11-20,0001136893-22-000056,already_on_disk,Data\edgar\item5_02_text\1136893\0001136893-22-000056_fis-20220316.htm
documents,1136893,2023-11-20,0001136893-22-000028,already_on_disk,Data\edgar\item5_02_text\1136893\0001136893-22-000028_fis-20220208.htm
documents,1136893,2023-11-20,0001136893-22-000005,already_on_disk,Data\edgar\item5_02_text\1136893\0001136893-22-000005_fis-20220111.htm
documents,1137789,2016-02-29,0001104659-16-135046,already_on_disk,Data\edgar\item5_02_text\1137789\0001104659-16-135046_a16-15724_18k.htm
documents,1137789,2016-02-29,0001104659-16-131749,already_on_disk,Data\edgar\item5_02_text\1137789\0001104659-16-131749_a16-14684_18k.htm
documents,1137789,2016-02-29,0001104659-16-129505,already_on_disk,Data\edgar\item5_02_text\1137789\0001104659-16-129505_a16-14144_18k.htm
documents,1137789,2016-02-29,0001104659-16-087730,already_on_disk,Data\edgar\item5_02_text\1137789\0001104659-16-087730_a16-1112_18k.htm
documents,1137789,2016-02-29,0001104659-15-071908,already_on_disk,Data\edgar\item5_02_text\1137789\0001104659-15-071908_a15-21454_28k.htm
documents,1137789,2016-02-29,0001104659-15-066273,already_on_disk,Data\edgar\item5_02_text\1137789\0001104659-15-066273_a15-19999_18k.htm
documents,1137789,2016-02-29,0001104659-15-057159,already_on_disk,Data\edgar\item5_02_text\1137789\0001104659-15-057159_a15-16497_18k.htm
documents,1137789,2016-02-29,0001104659-15-052507,already_on_disk,Data\edgar\item5_02_text\1137789\0001104659-15-052507_a15-16036_18k.htm
documents,1137789,2016-02-29,0001104659-15-033202,fetched,Data\edgar\item5_02_text\1137789\0001104659-15-033202_a15-10570_18k.htm
documents,1137789,2016-02-29,0001104659-14-073609,fetched,Data\edgar\item5_02_text\1137789\0001104659-14-073609_a14-22946_18k.htm
documents,1137789,2016-02-29,0001104659-14-066107,fetched,Data\edgar\item5_02_text\1137789\0001104659-14-066107_a14-20892_28k.htm
documents,1137789,2016-02-29,0001104659-14-052995,fetched,Data\edgar\item5_02_text\1137789\0001104659-14-052995_a14-17631_18k.htm
documents,1137789,2016-02-29,0001104659-14-029197,fetched,Data\edgar\item5_02_text\1137789\0001104659-14-029197_a14-10680_18k.htm
documents,1137789,2016-03-14,0001104659-16-135046,already_on_disk,Data\edgar\item5_02_text\1137789\0001104659-16-135046_a16-15724_18k.htm
documents,1137789,2016-03-14,0001104659-16-131749,already_on_disk,Data\edgar\item5_02_text\1137789\0001104659-16-131749_a16-14684_18k.htm
documents,1137789,2016-03-14,0001104659-16-129505,already_on_disk,Data\edgar\item5_02_text\1137789\0001104659-16-129505_a16-14144_18k.htm
documents,1137789,2016-03-14,0001104659-16-087730,already_on_disk,Data\edgar\item5_02_text\1137789\0001104659-16-087730_a16-1112_18k.htm
documents,1137789,2016-03-14,0001104659-15-071908,already_on_disk,Data\edgar\item5_02_text\1137789\0001104659-15-071908_a15-21454_28k.htm
documents,1137789,2016-03-14,0001104659-15-066273,already_on_disk,Data\edgar\item5_02_text\1137789\0001104659-15-066273_a15-19999_18k.htm
documents,1137789,2016-03-14,0001104659-15-057159,already_on_disk,Data\edgar\item5_02_text\1137789\0001104659-15-057159_a15-16497_18k.htm
documents,1137789,2016-03-14,0001104659-15-052507,already_on_disk,Data\edgar\item5_02_text\1137789\0001104659-15-052507_a15-16036_18k.htm
documents,1137789,2016-03-14,0001104659-15-033202,already_on_disk,Data\edgar\item5_02_text\1137789\0001104659-15-033202_a15-10570_18k.htm
documents,1137789,2016-03-14,0001104659-14-073609,already_on_disk,Data\edgar\item5_02_text\1137789\0001104659-14-073609_a14-22946_18k.htm
documents,1137789,2016-03-14,0001104659-14-066107,already_on_disk,Data\edgar\item5_02_text\1137789\0001104659-14-066107_a14-20892_28k.htm
documents,1137789,2016-03-14,0001104659-14-052995,already_on_disk,Data\edgar\item5_02_text\1137789\0001104659-14-052995_a14-17631_18k.htm
documents,1137789,2016-03-14,0001104659-14-029197,already_on_disk,Data\edgar\item5_02_text\1137789\0001104659-14-029197_a14-10680_18k.htm
documents,1137789,2017-07-08,0001137789-17-000068,already_on_disk,Data\edgar\item5_02_text\1137789\0001137789-17-000068_tabulation8-k2017agm.htm
documents,1137789,2017-07-08,0001137789-17-000046,already_on_disk,Data\edgar\item5_02_text\1137789\0001137789-17-000046_q118form8-kitem502e.htm
documents,1137789,2017-07-08,0001193125-17-234440,already_on_disk,Data\edgar\item5_02_text\1137789\0001193125-17-234440_d431036d8k.htm
documents,1137789,2017-07-08,0001193125-17-192960,already_on_disk,Data\edgar\item5_02_text\1137789\0001193125-17-192960_d405947d8k.htm
documents,1137789,2017-07-08,0001193125-17-013685,already_on_disk,Data\edgar\item5_02_text\1137789\0001193125-17-013685_d330788d8k.htm
documents,1137789,2017-07-08,0001104659-16-151422,already_on_disk,Data\edgar\item5_02_text\1137789\0001104659-16-151422_a16-20294_18k.htm
documents,1137789,2017-07-08,0001104659-16-148575,already_on_disk,Data\edgar\item5_02_text\1137789\0001104659-16-148575_a16-19472_18k.htm
documents,1137789,2017-07-08,0001104659-16-146813,already_on_disk,Data\edgar\item5_02_text\1137789\0001104659-16-146813_a16-19103_18k.htm
documents,1137789,2017-07-08,0001104659-16-135046,already_on_disk,Data\edgar\item5_02_text\1137789\0001104659-16-135046_a16-15724_18k.htm
documents,1137789,2017-07-08,0001104659-16-131749,already_on_disk,Data\edgar\item5_02_text\1137789\0001104659-16-131749_a16-14684_18k.htm
documents,1137789,2017-07-08,0001104659-16-129505,already_on_disk,Data\edgar\item5_02_text\1137789\0001104659-16-129505_a16-14144_18k.htm
documents,1137789,2017-07-08,0001104659-16-087730,already_on_disk,Data\edgar\item5_02_text\1137789\0001104659-16-087730_a16-1112_18k.htm
documents,1137789,2017-07-08,0001104659-15-071908,already_on_disk,Data\edgar\item5_02_text\1137789\0001104659-15-071908_a15-21454_28k.htm
documents,1137789,2017-07-08,0001104659-15-066273,already_on_disk,Data\edgar\item5_02_text\1137789\0001104659-15-066273_a15-19999_18k.htm
documents,1137789,2017-07-08,0001104659-15-057159,already_on_disk,Data\edgar\item5_02_text\1137789\0001104659-15-057159_a15-16497_18k.htm
documents,1137789,2017-07-08,0001104659-15-052507,already_on_disk,Data\edgar\item5_02_text\1137789\0001104659-15-052507_a15-16036_18k.htm
documents,1140859,2024-02-21,0001104659-24-090498,already_on_disk,Data\edgar\item5_02_text\1140859\0001104659-24-090498_tm2421656d1_8k.htm
documents,1140859,2024-02-21,0001104659-24-089929,already_on_disk,Data\edgar\item5_02_text\1140859\0001104659-24-089929_tm2421656d2_8k.htm
documents,1140859,2024-02-21,0001140859-24-000081,already_on_disk,Data\edgar\item5_02_text\1140859\0001140859-24-000081_abc-20240430.htm
documents,1140859,2024-02-21,0001104659-24-035045,already_on_disk,Data\edgar\item5_02_text\1140859\0001104659-24-035045_tm248865d1_8ka.htm
documents,1140859,2024-02-21,0001104659-24-033278,already_on_disk,Data\edgar\item5_02_text\1140859\0001104659-24-033278_tm248543d1_8k.htm
documents,1140859,2024-02-21,0001140859-24-000012,already_on_disk,Data\edgar\item5_02_text\1140859\0001140859-24-000012_abc-20240112.htm
documents,1140859,2024-02-21,0001140859-23-000125,already_on_disk,Data\edgar\item5_02_text\1140859\0001140859-23-000125_abc-20230809.htm
documents,1140859,2024-02-21,0001140859-23-000021,already_on_disk,Data\edgar\item5_02_text\1140859\0001140859-23-000021_abc-20230123.htm
documents,1140859,2024-02-21,0001104659-22-119574,already_on_disk,Data\edgar\item5_02_text\1140859\0001104659-22-119574_tm2230705d1_8ka.htm
documents,1140859,2024-02-21,0001140859-22-000095,already_on_disk,Data\edgar\item5_02_text\1140859\0001140859-22-000095_abc-20221109.htm
documents,1140859,2024-02-21,0001140859-22-000064,already_on_disk,Data\edgar\item5_02_text\1140859\0001140859-22-000064_abc-20221103.htm
documents,1140859,2024-02-21,0001140859-22-000054,already_on_disk,Data\edgar\item5_02_text\1140859\0001140859-22-000054_abc-20220922.htm
documents,1140859,2024-02-21,0001104659-22-041712,already_on_disk,Data\edgar\item5_02_text\1140859\0001104659-22-041712_tm2210260d2_8k.htm
documents,1140859,2024-04-10,0001104659-24-090498,already_on_disk,Data\edgar\item5_02_text\1140859\0001104659-24-090498_tm2421656d1_8k.htm
documents,1140859,2024-04-10,0001104659-24-089929,already_on_disk,Data\edgar\item5_02_text\1140859\0001104659-24-089929_tm2421656d2_8k.htm
documents,1140859,2024-04-10,0001140859-24-000081,already_on_disk,Data\edgar\item5_02_text\1140859\0001140859-24-000081_abc-20240430.htm
documents,1140859,2024-04-10,0001104659-24-035045,already_on_disk,Data\edgar\item5_02_text\1140859\0001104659-24-035045_tm248865d1_8ka.htm
documents,1140859,2024-04-10,0001104659-24-033278,already_on_disk,Data\edgar\item5_02_text\1140859\0001104659-24-033278_tm248543d1_8k.htm
documents,1140859,2024-04-10,0001140859-24-000012,already_on_disk,Data\edgar\item5_02_text\1140859\0001140859-24-000012_abc-20240112.htm
documents,1140859,2024-04-10,0001140859-23-000125,already_on_disk,Data\edgar\item5_02_text\1140859\0001140859-23-000125_abc-20230809.htm
documents,1140859,2024-04-10,0001140859-23-000021,already_on_disk,Data\edgar\item5_02_text\1140859\0001140859-23-000021_abc-20230123.htm
documents,1140859,2024-04-10,0001104659-22-119574,already_on_disk,Data\edgar\item5_02_text\1140859\0001104659-22-119574_tm2230705d1_8ka.htm
documents,1140859,2024-04-10,0001140859-22-000095,already_on_disk,Data\edgar\item5_02_text\1140859\0001140859-22-000095_abc-20221109.htm
documents,1140859,2024-04-10,0001140859-22-000064,already_on_disk,Data\edgar\item5_02_text\1140859\0001140859-22-000064_abc-20221103.htm
documents,1140859,2024-04-10,0001140859-22-000054,already_on_disk,Data\edgar\item5_02_text\1140859\0001140859-22-000054_abc-20220922.htm
documents,1140859,2024-05-08,0001104659-24-090498,already_on_disk,Data\edgar\item5_02_text\1140859\0001104659-24-090498_tm2421656d1_8k.htm
documents,1140859,2024-05-08,0001104659-24-089929,already_on_disk,Data\edgar\item5_02_text\1140859\0001104659-24-089929_tm2421656d2_8k.htm
documents,1140859,2024-05-08,0001140859-24-000081,already_on_disk,Data\edgar\item5_02_text\1140859\0001140859-24-000081_abc-20240430.htm
documents,1140859,2024-05-08,0001104659-24-035045,already_on_disk,Data\edgar\item5_02_text\1140859\0001104659-24-035045_tm248865d1_8ka.htm
documents,1140859,2024-05-08,0001104659-24-033278,already_on_disk,Data\edgar\item5_02_text\1140859\0001104659-24-033278_tm248543d1_8k.htm
documents,1140859,2024-05-08,0001140859-24-000012,already_on_disk,Data\edgar\item5_02_text\1140859\0001140859-24-000012_abc-20240112.htm
documents,1140859,2024-05-08,0001140859-23-000125,already_on_disk,Data\edgar\item5_02_text\1140859\0001140859-23-000125_abc-20230809.htm
documents,1140859,2024-05-08,0001140859-23-000021,already_on_disk,Data\edgar\item5_02_text\1140859\0001140859-23-000021_abc-20230123.htm
documents,1140859,2024-05-08,0001104659-22-119574,already_on_disk,Data\edgar\item5_02_text\1140859\0001104659-22-119574_tm2230705d1_8ka.htm
documents,1140859,2024-05-08,0001140859-22-000095,already_on_disk,Data\edgar\item5_02_text\1140859\0001140859-22-000095_abc-20221109.htm
documents,1140859,2024-05-08,0001140859-22-000064,already_on_disk,Data\edgar\item5_02_text\1140859\0001140859-22-000064_abc-20221103.htm
documents,1140859,2024-05-08,0001140859-22-000054,already_on_disk,Data\edgar\item5_02_text\1140859\0001140859-22-000054_abc-20220922.htm
documents,1166691,2008-01-29,0001193125-08-029361,already_on_disk,Data\edgar\item5_02_text\1166691\0001193125-08-029361_d8k.htm
documents,1166691,2008-01-29,0000950103-07-003148,already_on_disk,Data\edgar\item5_02_text\1166691\0000950103-07-003148_dp07973_8k.htm
documents,1166691,2008-01-29,0000950103-06-002700,already_on_disk,Data\edgar\item5_02_text\1166691\0000950103-06-002700_dp04125_8k.htm
documents,1166691,2009-05-11,0000950103-09-000292,already_on_disk,Data\edgar\item5_02_text\1166691\0000950103-09-000292_dp12535_8k.htm
documents,1166691,2009-05-11,0000950103-08-002956,already_on_disk,Data\edgar\item5_02_text\1166691\0000950103-08-002956_dp12049_8k.htm
documents,1166691,2009-05-11,0001193125-08-029361,already_on_disk,Data\edgar\item5_02_text\1166691\0001193125-08-029361_d8k.htm
documents,1166691,2009-05-11,0000950103-07-003148,already_on_disk,Data\edgar\item5_02_text\1166691\0000950103-07-003148_dp07973_8k.htm
documents,1166691,2009-06-22,0000950103-09-000292,already_on_disk,Data\edgar\item5_02_text\1166691\0000950103-09-000292_dp12535_8k.htm
documents,1166691,2009-06-22,0000950103-08-002956,already_on_disk,Data\edgar\item5_02_text\1166691\0000950103-08-002956_dp12049_8k.htm
documents,1166691,2009-06-22,0001193125-08-029361,already_on_disk,Data\edgar\item5_02_text\1166691\0001193125-08-029361_d8k.htm
documents,1166691,2009-06-22,0000950103-07-003148,already_on_disk,Data\edgar\item5_02_text\1166691\0000950103-07-003148_dp07973_8k.htm
documents,1166691,2012-08-24,0000950103-14-001112,already_on_disk,Data\edgar\item5_02_text\1166691\0000950103-14-001112_dp43945_8k.htm
documents,1166691,2012-08-24,0000950103-13-004940,already_on_disk,Data\edgar\item5_02_text\1166691\0000950103-13-004940_dp40191_8k.htm
documents,1166691,2012-08-24,0000950103-13-004474,already_on_disk,Data\edgar\item5_02_text\1166691\0000950103-13-004474_dp39750_8k.htm
documents,1166691,2012-08-24,0001193125-12-392575,already_on_disk,Data\edgar\item5_02_text\1166691\0001193125-12-392575_d412146d8k.htm
documents,1166691,2012-08-24,0001193125-11-320674,already_on_disk,Data\edgar\item5_02_text\1166691\0001193125-11-320674_d260243d8k.htm
documents,1166691,2012-08-24,0001193125-11-299646,already_on_disk,Data\edgar\item5_02_text\1166691\0001193125-11-299646_d253806d8k.htm
documents,1166691,2012-08-24,0001193125-11-285508,already_on_disk,Data\edgar\item5_02_text\1166691\0001193125-11-285508_d248768d8ka.htm
documents,1166691,2012-08-24,0001193125-11-254480,already_on_disk,Data\edgar\item5_02_text\1166691\0001193125-11-254480_d235545d8k.htm
documents,1166691,2012-08-24,0001193125-11-180049,already_on_disk,Data\edgar\item5_02_text\1166691\0001193125-11-180049_d8k.htm
documents,1166691,2012-08-24,0000950103-11-000772,already_on_disk,Data\edgar\item5_02_text\1166691\0000950103-11-000772_dp21327_8k.htm
documents,1166691,2012-08-24,0000950103-11-000353,already_on_disk,Data\edgar\item5_02_text\1166691\0000950103-11-000353_dp20918_8k.htm
documents,1166691,2012-08-24,0000950103-11-000002,already_on_disk,Data\edgar\item5_02_text\1166691\0000950103-11-000002_dp20533_8k.htm
documents,1166691,2013-08-24,0000950103-14-001112,already_on_disk,Data\edgar\item5_02_text\1166691\0000950103-14-001112_dp43945_8k.htm
documents,1166691,2013-08-24,0000950103-13-004940,already_on_disk,Data\edgar\item5_02_text\1166691\0000950103-13-004940_dp40191_8k.htm
documents,1166691,2013-08-24,0000950103-13-004474,already_on_disk,Data\edgar\item5_02_text\1166691\0000950103-13-004474_dp39750_8k.htm
documents,1166691,2013-08-24,0001193125-12-392575,already_on_disk,Data\edgar\item5_02_text\1166691\0001193125-12-392575_d412146d8k.htm
documents,1166691,2013-08-24,0001193125-11-320674,already_on_disk,Data\edgar\item5_02_text\1166691\0001193125-11-320674_d260243d8k.htm
documents,1166691,2013-08-24,0001193125-11-299646,already_on_disk,Data\edgar\item5_02_text\1166691\0001193125-11-299646_d253806d8k.htm
documents,1166691,2013-08-24,0001193125-11-285508,already_on_disk,Data\edgar\item5_02_text\1166691\0001193125-11-285508_d248768d8ka.htm
documents,1166691,2013-08-24,0001193125-11-254480,already_on_disk,Data\edgar\item5_02_text\1166691\0001193125-11-254480_d235545d8k.htm
documents,1166691,2013-10-15,0000950103-14-001112,already_on_disk,Data\edgar\item5_02_text\1166691\0000950103-14-001112_dp43945_8k.htm
documents,1166691,2013-10-15,0000950103-13-004940,already_on_disk,Data\edgar\item5_02_text\1166691\0000950103-13-004940_dp40191_8k.htm
documents,1166691,2013-10-15,0000950103-13-004474,already_on_disk,Data\edgar\item5_02_text\1166691\0000950103-13-004474_dp39750_8k.htm
documents,1166691,2013-10-15,0001193125-12-392575,already_on_disk,Data\edgar\item5_02_text\1166691\0001193125-12-392575_d412146d8k.htm
documents,1166691,2013-10-15,0001193125-11-320674,already_on_disk,Data\edgar\item5_02_text\1166691\0001193125-11-320674_d260243d8k.htm
documents,1166691,2013-10-15,0001193125-11-299646,already_on_disk,Data\edgar\item5_02_text\1166691\0001193125-11-299646_d253806d8k.htm
documents,1166691,2013-10-15,0001193125-11-285508,already_on_disk,Data\edgar\item5_02_text\1166691\0001193125-11-285508_d248768d8ka.htm
documents,1166691,2014-09-29,0000950103-14-008968,already_on_disk,Data\edgar\item5_02_text\1166691\0000950103-14-008968_dp52034_8k.htm
documents,1166691,2014-09-29,0000950103-14-004539,already_on_disk,Data\edgar\item5_02_text\1166691\0000950103-14-004539_dp47519_8k.htm
documents,1166691,2014-09-29,0000950103-14-001112,already_on_disk,Data\edgar\item5_02_text\1166691\0000950103-14-001112_dp43945_8k.htm
documents,1166691,2014-09-29,0000950103-13-004940,already_on_disk,Data\edgar\item5_02_text\1166691\0000950103-13-004940_dp40191_8k.htm
documents,1166691,2014-09-29,0000950103-13-004474,already_on_disk,Data\edgar\item5_02_text\1166691\0000950103-13-004474_dp39750_8k.htm
documents,1166691,2022-01-04,0000950103-22-017696,already_on_disk,Data\edgar\item5_02_text\1166691\0000950103-22-017696_dp182381_8k.htm
documents,1166691,2023-10-16,0001166691-24-000019,already_on_disk,Data\edgar\item5_02_text\1166691\0001166691-24-000019_cmcsa-20240415.htm
documents,1166691,2023-10-16,0000950103-23-017250,already_on_disk,Data\edgar\item5_02_text\1166691\0000950103-23-017250_dp203713_8ka.htm
documents,1166691,2023-10-16,0000950103-23-014572,already_on_disk,Data\edgar\item5_02_text\1166691\0000950103-23-014572_dp200774_8k.htm
documents,1166691,2023-10-16,0000950103-23-008707,already_on_disk,Data\edgar\item5_02_text\1166691\0000950103-23-008707_dp195127_8k.htm
documents,1166691,2023-10-16,0000950103-23-006065,already_on_disk,Data\edgar\item5_02_text\1166691\0000950103-23-006065_dp192586_8k.htm
documents,1166691,2023-10-16,0000950103-23-004120,already_on_disk,Data\edgar\item5_02_text\1166691\0000950103-23-004120_dp190622_8k.htm
documents,1166691,2023-10-16,0000950103-23-000208,already_on_disk,Data\edgar\item5_02_text\1166691\0000950103-23-000208_dp186651_8k.htm
documents,1166691,2023-10-16,0000950103-22-021872,already_on_disk,Data\edgar\item5_02_text\1166691\0000950103-22-021872_dp186161_8k.htm
documents,1166691,2023-10-16,0000950103-22-017696,already_on_disk,Data\edgar\item5_02_text\1166691\0000950103-22-017696_dp182381_8k.htm
documents,1166691,2024-01-26,0001166691-24-000019,already_on_disk,Data\edgar\item5_02_text\1166691\0001166691-24-000019_cmcsa-20240415.htm
documents,1166691,2024-01-26,0000950103-23-017250,already_on_disk,Data\edgar\item5_02_text\1166691\0000950103-23-017250_dp203713_8ka.htm
documents,1166691,2024-01-26,0000950103-23-014572,already_on_disk,Data\edgar\item5_02_text\1166691\0000950103-23-014572_dp200774_8k.htm
documents,1166691,2024-01-26,0000950103-23-008707,already_on_disk,Data\edgar\item5_02_text\1166691\0000950103-23-008707_dp195127_8k.htm
documents,1166691,2024-01-26,0000950103-23-006065,already_on_disk,Data\edgar\item5_02_text\1166691\0000950103-23-006065_dp192586_8k.htm
documents,1166691,2024-01-26,0000950103-23-004120,already_on_disk,Data\edgar\item5_02_text\1166691\0000950103-23-004120_dp190622_8k.htm
documents,1166691,2024-01-26,0000950103-23-000208,already_on_disk,Data\edgar\item5_02_text\1166691\0000950103-23-000208_dp186651_8k.htm
documents,1166691,2024-01-26,0000950103-22-021872,already_on_disk,Data\edgar\item5_02_text\1166691\0000950103-22-021872_dp186161_8k.htm
documents,1166691,2024-01-26,0000950103-22-017696,already_on_disk,Data\edgar\item5_02_text\1166691\0000950103-22-017696_dp182381_8k.htm
documents,1166691,2024-02-14,0000950103-25-003639,already_on_disk,Data\edgar\item5_02_text\1166691\0000950103-25-003639_dp226495_8k.htm
documents,1166691,2024-02-14,0001166691-24-000019,already_on_disk,Data\edgar\item5_02_text\1166691\0001166691-24-000019_cmcsa-20240415.htm
documents,1166691,2024-02-14,0000950103-23-017250,already_on_disk,Data\edgar\item5_02_text\1166691\0000950103-23-017250_dp203713_8ka.htm
documents,1166691,2024-02-14,0000950103-23-014572,already_on_disk,Data\edgar\item5_02_text\1166691\0000950103-23-014572_dp200774_8k.htm
documents,1166691,2024-02-14,0000950103-23-008707,already_on_disk,Data\edgar\item5_02_text\1166691\0000950103-23-008707_dp195127_8k.htm
documents,1166691,2024-02-14,0000950103-23-006065,already_on_disk,Data\edgar\item5_02_text\1166691\0000950103-23-006065_dp192586_8k.htm
documents,1166691,2024-02-14,0000950103-23-004120,already_on_disk,Data\edgar\item5_02_text\1166691\0000950103-23-004120_dp190622_8k.htm
documents,1166691,2024-02-14,0000950103-23-000208,already_on_disk,Data\edgar\item5_02_text\1166691\0000950103-23-000208_dp186651_8k.htm
documents,1166691,2024-02-14,0000950103-22-021872,already_on_disk,Data\edgar\item5_02_text\1166691\0000950103-22-021872_dp186161_8k.htm
documents,1166691,2024-02-14,0000950103-22-017696,already_on_disk,Data\edgar\item5_02_text\1166691\0000950103-22-017696_dp182381_8k.htm
documents,1166691,2024-10-04,0000950103-25-003639,already_on_disk,Data\edgar\item5_02_text\1166691\0000950103-25-003639_dp226495_8k.htm
documents,1166691,2024-10-04,0001166691-24-000019,already_on_disk,Data\edgar\item5_02_text\1166691\0001166691-24-000019_cmcsa-20240415.htm
documents,1166691,2024-10-04,0000950103-23-017250,already_on_disk,Data\edgar\item5_02_text\1166691\0000950103-23-017250_dp203713_8ka.htm
documents,1166691,2024-10-04,0000950103-23-014572,already_on_disk,Data\edgar\item5_02_text\1166691\0000950103-23-014572_dp200774_8k.htm
documents,1166691,2024-10-04,0000950103-23-008707,already_on_disk,Data\edgar\item5_02_text\1166691\0000950103-23-008707_dp195127_8k.htm
documents,1166691,2024-10-04,0000950103-23-006065,already_on_disk,Data\edgar\item5_02_text\1166691\0000950103-23-006065_dp192586_8k.htm
documents,1166691,2024-10-04,0000950103-23-004120,already_on_disk,Data\edgar\item5_02_text\1166691\0000950103-23-004120_dp190622_8k.htm
documents,1166691,2024-10-04,0000950103-23-000208,already_on_disk,Data\edgar\item5_02_text\1166691\0000950103-23-000208_dp186651_8k.htm
documents,1166691,2024-10-04,0000950103-22-021872,already_on_disk,Data\edgar\item5_02_text\1166691\0000950103-22-021872_dp186161_8k.htm
documents,1166691,2024-10-04,0000950103-22-017696,already_on_disk,Data\edgar\item5_02_text\1166691\0000950103-22-017696_dp182381_8k.htm
documents,1180262,2022-02-01,0001157523-22-000997,already_on_disk,Data\edgar\item5_02_text\1180262\0001157523-22-000997_a52798528.htm
documents,1180262,2022-02-01,0001157523-21-000581,already_on_disk,Data\edgar\item5_02_text\1180262\0001157523-21-000581_a52422763.htm
documents,1180262,2022-02-01,0001193125-21-150054,already_on_disk,Data\edgar\item5_02_text\1180262\0001193125-21-150054_d140297d8ka.htm
documents,1180262,2022-02-01,0001193125-21-062102,already_on_disk,Data\edgar\item5_02_text\1180262\0001193125-21-062102_d116702d8k.htm
documents,1180262,2022-02-01,0001193125-21-000193,already_on_disk,Data\edgar\item5_02_text\1180262\0001193125-21-000193_d10767d8k.htm
documents,1180262,2022-02-01,0001157523-20-001457,already_on_disk,Data\edgar\item5_02_text\1180262\0001157523-20-001457_a52021913.htm
documents,1180262,2022-02-01,0001157523-20-000216,already_on_disk,Data\edgar\item5_02_text\1180262\0001157523-20-000216_a52174472.htm
documents,51434,2023-05-30,0001193125-24-070875,already_on_disk,Data\edgar\item5_02_text\51434\0001193125-24-070875_d807996d8k.htm
documents,51434,2023-05-30,0001193125-24-038571,already_on_disk,Data\edgar\item5_02_text\51434\0001193125-24-038571_d789158d8k.htm
documents,51434,2023-05-30,0001193125-24-038566,already_on_disk,Data\edgar\item5_02_text\51434\0001193125-24-038566_d763142d8k.htm
documents,51434,2023-05-30,0001193125-23-249022,already_on_disk,Data\edgar\item5_02_text\51434\0001193125-23-249022_d544451d8k.htm
documents,51434,2023-05-30,0001193125-23-002536,already_on_disk,Data\edgar\item5_02_text\51434\0001193125-23-002536_d441350d8k.htm
documents,51434,2023-05-30,0001193125-22-148419,already_on_disk,Data\edgar\item5_02_text\51434\0001193125-22-148419_d353540d8k.htm
documents,51434,2023-05-30,0001193125-22-105647,already_on_disk,Data\edgar\item5_02_text\51434\0001193125-22-105647_d334460d8k.htm
documents,1283699,2014-01-02,0001193125-14-058782,already_on_disk,Data\edgar\item5_02_text\1283699\0001193125-14-058782_d679014d8k.htm
documents,1283699,2014-01-02,0001193125-13-448555,already_on_disk,Data\edgar\item5_02_text\1283699\0001193125-13-448555_d630913d8k.htm
documents,1283699,2014-01-02,0001283699-13-000134,already_on_disk,Data\edgar\item5_02_text\1283699\0001283699-13-000134_tmus11072013form8-k.htm
documents,1283699,2014-01-02,0001283699-13-000120,already_on_disk,Data\edgar\item5_02_text\1283699\0001283699-13-000120_tmus10252013form8-k.htm
documents,1283699,2014-01-02,0001193125-13-246944,already_on_disk,Data\edgar\item5_02_text\1283699\0001193125-13-246944_d548762d8k.htm
documents,1283699,2014-01-02,0001193125-13-193449,already_on_disk,Data\edgar\item5_02_text\1283699\0001193125-13-193449_d527693d8k.htm
documents,1283699,2014-01-02,0001283699-13-000011,already_on_disk,Data\edgar\item5_02_text\1283699\0001283699-13-000011_form8-k020713.htm
documents,1283699,2014-01-02,0001283699-12-000027,already_on_disk,Data\edgar\item5_02_text\1283699\0001283699-12-000027_form8-k100212.htm
documents,1283699,2014-01-02,0001283699-12-000010,already_on_disk,Data\edgar\item5_02_text\1283699\0001283699-12-000010_a8-klandry073012.htm
documents,1283699,2014-01-02,0001445305-12-001909,already_on_disk,Data\edgar\item5_02_text\1283699\0001445305-12-001909_a8-k053112.htm
documents,1283699,2014-01-02,0001193125-12-056765,already_on_disk,Data\edgar\item5_02_text\1283699\0001193125-12-056765_d300486d8k.htm
documents,1283699,2015-09-14,0001193125-16-470124,already_on_disk,Data\edgar\item5_02_text\1283699\0001193125-16-470124_d145133d8k.htm
documents,1283699,2015-09-14,0001193125-15-063256,already_on_disk,Data\edgar\item5_02_text\1283699\0001193125-15-063256_d881569d8k.htm
documents,1283699,2015-09-14,0001193125-15-052763,already_on_disk,Data\edgar\item5_02_text\1283699\0001193125-15-052763_d876668d8k.htm
documents,1283699,2015-09-14,0001193125-14-058782,already_on_disk,Data\edgar\item5_02_text\1283699\0001193125-14-058782_d679014d8k.htm
documents,1283699,2015-09-14,0001193125-13-448555,already_on_disk,Data\edgar\item5_02_text\1283699\0001193125-13-448555_d630913d8k.htm
documents,1283699,2015-09-14,0001283699-13-000134,already_on_disk,Data\edgar\item5_02_text\1283699\0001283699-13-000134_tmus11072013form8-k.htm
documents,1283699,2015-09-14,0001283699-13-000120,already_on_disk,Data\edgar\item5_02_text\1283699\0001283699-13-000120_tmus10252013form8-k.htm
documents,1283699,2015-10-01,0001193125-16-470124,already_on_disk,Data\edgar\item5_02_text\1283699\0001193125-16-470124_d145133d8k.htm
documents,1283699,2015-10-01,0001193125-15-063256,already_on_disk,Data\edgar\item5_02_text\1283699\0001193125-15-063256_d881569d8k.htm
documents,1283699,2015-10-01,0001193125-15-052763,already_on_disk,Data\edgar\item5_02_text\1283699\0001193125-15-052763_d876668d8k.htm
documents,1283699,2015-10-01,0001193125-14-058782,already_on_disk,Data\edgar\item5_02_text\1283699\0001193125-14-058782_d679014d8k.htm
documents,1283699,2015-10-01,0001193125-13-448555,already_on_disk,Data\edgar\item5_02_text\1283699\0001193125-13-448555_d630913d8k.htm
documents,1283699,2015-10-01,0001283699-13-000134,already_on_disk,Data\edgar\item5_02_text\1283699\0001283699-13-000134_tmus11072013form8-k.htm
documents,1283699,2015-10-01,0001283699-13-000120,already_on_disk,Data\edgar\item5_02_text\1283699\0001283699-13-000120_tmus10252013form8-k.htm
documents,1283699,2015-11-04,0001193125-16-470124,already_on_disk,Data\edgar\item5_02_text\1283699\0001193125-16-470124_d145133d8k.htm
documents,1283699,2015-11-04,0001193125-15-063256,already_on_disk,Data\edgar\item5_02_text\1283699\0001193125-15-063256_d881569d8k.htm
documents,1283699,2015-11-04,0001193125-15-052763,already_on_disk,Data\edgar\item5_02_text\1283699\0001193125-15-052763_d876668d8k.htm
documents,1283699,2015-11-04,0001193125-14-058782,already_on_disk,Data\edgar\item5_02_text\1283699\0001193125-14-058782_d679014d8k.htm
documents,1283699,2015-11-04,0001193125-13-448555,already_on_disk,Data\edgar\item5_02_text\1283699\0001193125-13-448555_d630913d8k.htm
documents,1283699,2015-11-04,0001283699-13-000134,already_on_disk,Data\edgar\item5_02_text\1283699\0001283699-13-000134_tmus11072013form8-k.htm
documents,1283699,2017-04-01,0001193125-17-099960,already_on_disk,Data\edgar\item5_02_text\1283699\0001193125-17-099960_d364789d8k.htm
documents,1283699,2017-04-01,0001193125-17-056336,already_on_disk,Data\edgar\item5_02_text\1283699\0001193125-17-056336_d349134d8k.htm
documents,1283699,2017-04-01,0001193125-16-628913,already_on_disk,Data\edgar\item5_02_text\1283699\0001193125-16-628913_d386854d8k.htm
documents,1283699,2017-04-01,0001193125-16-470124,already_on_disk,Data\edgar\item5_02_text\1283699\0001193125-16-470124_d145133d8k.htm
documents,1283699,2017-08-24,0001193125-18-051913,already_on_disk,Data\edgar\item5_02_text\1283699\0001193125-18-051913_d538557d8k.htm
documents,1283699,2017-08-24,0001193125-17-377654,already_on_disk,Data\edgar\item5_02_text\1283699\0001193125-17-377654_d497580d8k.htm
documents,1283699,2017-08-24,0001193125-17-099960,already_on_disk,Data\edgar\item5_02_text\1283699\0001193125-17-099960_d364789d8k.htm
documents,1283699,2017-08-24,0001193125-17-056336,already_on_disk,Data\edgar\item5_02_text\1283699\0001193125-17-056336_d349134d8k.htm
documents,1283699,2017-08-24,0001193125-16-628913,already_on_disk,Data\edgar\item5_02_text\1283699\0001193125-16-628913_d386854d8k.htm
documents,1283699,2017-08-24,0001193125-16-470124,already_on_disk,Data\edgar\item5_02_text\1283699\0001193125-16-470124_d145133d8k.htm
documents,1283699,2017-09-16,0001193125-18-051913,already_on_disk,Data\edgar\item5_02_text\1283699\0001193125-18-051913_d538557d8k.htm
documents,1283699,2017-09-16,0001193125-17-377654,already_on_disk,Data\edgar\item5_02_text\1283699\0001193125-17-377654_d497580d8k.htm
documents,1283699,2017-09-16,0001193125-17-099960,already_on_disk,Data\edgar\item5_02_text\1283699\0001193125-17-099960_d364789d8k.htm
documents,1283699,2017-09-16,0001193125-17-056336,already_on_disk,Data\edgar\item5_02_text\1283699\0001193125-17-056336_d349134d8k.htm
documents,1283699,2017-09-16,0001193125-16-628913,already_on_disk,Data\edgar\item5_02_text\1283699\0001193125-16-628913_d386854d8k.htm
documents,1283699,2017-09-16,0001193125-16-470124,already_on_disk,Data\edgar\item5_02_text\1283699\0001193125-16-470124_d145133d8k.htm
documents,1283699,2018-08-20,0001283699-18-000071,already_on_disk,Data\edgar\item5_02_text\1283699\0001283699-18-000071_form8-killekappointment.htm
documents,1283699,2018-08-20,0001283699-18-000063,already_on_disk,Data\edgar\item5_02_text\1283699\0001283699-18-000063_form8-kdannenfeldtresignat.htm
documents,1283699,2018-08-20,0001283699-18-000031,already_on_disk,Data\edgar\item5_02_text\1283699\0001283699-18-000031_tmus06142018form8-k.htm
documents,1283699,2018-08-20,0001104659-18-028086,already_on_disk,Data\edgar\item5_02_text\1283699\0001104659-18-028086_a18-12444_18k.htm
documents,1283699,2018-08-20,0001193125-18-051913,already_on_disk,Data\edgar\item5_02_text\1283699\0001193125-18-051913_d538557d8k.htm
documents,1283699,2018-08-20,0001193125-17-377654,already_on_disk,Data\edgar\item5_02_text\1283699\0001193125-17-377654_d497580d8k.htm
documents,1283699,2018-08-20,0001193125-17-099960,already_on_disk,Data\edgar\item5_02_text\1283699\0001193125-17-099960_d364789d8k.htm
documents,1283699,2018-08-20,0001193125-17-056336,already_on_disk,Data\edgar\item5_02_text\1283699\0001193125-17-056336_d349134d8k.htm
documents,1283699,2019-11-26,0001140361-20-014470,already_on_disk,Data\edgar\item5_02_text\1283699\0001140361-20-014470_nt10012922x2_8k.htm
documents,1283699,2019-11-26,0001140361-20-014081,already_on_disk,Data\edgar\item5_02_text\1283699\0001140361-20-014081_nc10012662x1_8k.htm
documents,1283699,2019-11-26,0001193125-20-119230,already_on_disk,Data\edgar\item5_02_text\1283699\0001193125-20-119230_d912727d8k.htm
documents,1283699,2019-11-26,0001193125-20-109354,already_on_disk,Data\edgar\item5_02_text\1283699\0001193125-20-109354_d883806d8k.htm
documents,1283699,2019-11-26,0001193125-20-093622,already_on_disk,Data\edgar\item5_02_text\1283699\0001193125-20-093622_d886127d8k.htm
documents,1283699,2019-11-26,0001283699-20-000064,already_on_disk,Data\edgar\item5_02_text\1283699\0001283699-20-000064_tmus03252020form8-k.htm
documents,1283699,2019-11-26,0001193125-20-071678,already_on_disk,Data\edgar\item5_02_text\1283699\0001193125-20-071678_d870009d8k.htm
documents,1283699,2019-11-26,0001193125-20-041926,already_on_disk,Data\edgar\item5_02_text\1283699\0001193125-20-041926_d888203d8k.htm
documents,1283699,2019-11-26,0001193125-19-294093,already_on_disk,Data\edgar\item5_02_text\1283699\0001193125-19-294093_d834261d8k.htm
documents,1283699,2019-11-26,0001283699-19-000066,already_on_disk,Data\edgar\item5_02_text\1283699\0001283699-19-000066_a8-kswanteenotstreelection.htm
documents,1283699,2019-11-26,0001283699-19-000064,already_on_disk,Data\edgar\item5_02_text\1283699\0001283699-19-000064_a8-kcartersecondamendment.htm
documents,1283699,2019-11-26,0001283699-18-000071,already_on_disk,Data\edgar\item5_02_text\1283699\0001283699-18-000071_form8-killekappointment.htm
documents,1283699,2019-11-26,0001283699-18-000063,already_on_disk,Data\edgar\item5_02_text\1283699\0001283699-18-000063_form8-kdannenfeldtresignat.htm
documents,1283699,2019-11-26,0001283699-18-000031,already_on_disk,Data\edgar\item5_02_text\1283699\0001283699-18-000031_tmus06142018form8-k.htm
documents,1283699,2019-11-26,0001104659-18-028086,already_on_disk,Data\edgar\item5_02_text\1283699\0001104659-18-028086_a18-12444_18k.htm
documents,1283699,2019-11-26,0001193125-18-051913,already_on_disk,Data\edgar\item5_02_text\1283699\0001193125-18-051913_d538557d8k.htm
documents,1283699,2019-11-26,0001193125-17-377654,already_on_disk,Data\edgar\item5_02_text\1283699\0001193125-17-377654_d497580d8k.htm
documents,1283699,2020-04-02,0001140361-20-014470,already_on_disk,Data\edgar\item5_02_text\1283699\0001140361-20-014470_nt10012922x2_8k.htm
documents,1283699,2020-04-02,0001140361-20-014081,already_on_disk,Data\edgar\item5_02_text\1283699\0001140361-20-014081_nc10012662x1_8k.htm
documents,1283699,2020-04-02,0001193125-20-119230,already_on_disk,Data\edgar\item5_02_text\1283699\0001193125-20-119230_d912727d8k.htm
documents,1283699,2020-04-02,0001193125-20-109354,already_on_disk,Data\edgar\item5_02_text\1283699\0001193125-20-109354_d883806d8k.htm
documents,1283699,2020-04-02,0001193125-20-093622,already_on_disk,Data\edgar\item5_02_text\1283699\0001193125-20-093622_d886127d8k.htm
documents,1283699,2020-04-02,0001283699-20-000064,already_on_disk,Data\edgar\item5_02_text\1283699\0001283699-20-000064_tmus03252020form8-k.htm
documents,1283699,2020-04-02,0001193125-20-071678,already_on_disk,Data\edgar\item5_02_text\1283699\0001193125-20-071678_d870009d8k.htm
documents,1283699,2020-04-02,0001193125-20-041926,already_on_disk,Data\edgar\item5_02_text\1283699\0001193125-20-041926_d888203d8k.htm
documents,1283699,2020-04-02,0001193125-19-294093,already_on_disk,Data\edgar\item5_02_text\1283699\0001193125-19-294093_d834261d8k.htm
documents,1283699,2020-04-02,0001283699-19-000066,already_on_disk,Data\edgar\item5_02_text\1283699\0001283699-19-000066_a8-kswanteenotstreelection.htm
documents,1283699,2020-04-02,0001283699-19-000064,already_on_disk,Data\edgar\item5_02_text\1283699\0001283699-19-000064_a8-kcartersecondamendment.htm
documents,1283699,2020-04-02,0001283699-18-000071,already_on_disk,Data\edgar\item5_02_text\1283699\0001283699-18-000071_form8-killekappointment.htm
documents,1283699,2020-04-02,0001283699-18-000063,already_on_disk,Data\edgar\item5_02_text\1283699\0001283699-18-000063_form8-kdannenfeldtresignat.htm
documents,1283699,2020-04-02,0001283699-18-000031,already_on_disk,Data\edgar\item5_02_text\1283699\0001283699-18-000031_tmus06142018form8-k.htm
documents,1283699,2020-04-02,0001104659-18-028086,already_on_disk,Data\edgar\item5_02_text\1283699\0001104659-18-028086_a18-12444_18k.htm
documents,1283699,2020-04-15,0001140361-20-014470,already_on_disk,Data\edgar\item5_02_text\1283699\0001140361-20-014470_nt10012922x2_8k.htm
documents,1283699,2020-04-15,0001140361-20-014081,already_on_disk,Data\edgar\item5_02_text\1283699\0001140361-20-014081_nc10012662x1_8k.htm
documents,1283699,2020-04-15,0001193125-20-119230,already_on_disk,Data\edgar\item5_02_text\1283699\0001193125-20-119230_d912727d8k.htm
documents,1283699,2020-04-15,0001193125-20-109354,already_on_disk,Data\edgar\item5_02_text\1283699\0001193125-20-109354_d883806d8k.htm
documents,1283699,2020-04-15,0001193125-20-093622,already_on_disk,Data\edgar\item5_02_text\1283699\0001193125-20-093622_d886127d8k.htm
documents,1283699,2020-04-15,0001283699-20-000064,already_on_disk,Data\edgar\item5_02_text\1283699\0001283699-20-000064_tmus03252020form8-k.htm
documents,1283699,2020-04-15,0001193125-20-071678,already_on_disk,Data\edgar\item5_02_text\1283699\0001193125-20-071678_d870009d8k.htm
documents,1283699,2020-04-15,0001193125-20-041926,already_on_disk,Data\edgar\item5_02_text\1283699\0001193125-20-041926_d888203d8k.htm
documents,1283699,2020-04-15,0001193125-19-294093,already_on_disk,Data\edgar\item5_02_text\1283699\0001193125-19-294093_d834261d8k.htm
documents,1283699,2020-04-15,0001283699-19-000066,already_on_disk,Data\edgar\item5_02_text\1283699\0001283699-19-000066_a8-kswanteenotstreelection.htm
documents,1283699,2020-04-15,0001283699-19-000064,already_on_disk,Data\edgar\item5_02_text\1283699\0001283699-19-000064_a8-kcartersecondamendment.htm
documents,1283699,2020-04-15,0001283699-18-000071,already_on_disk,Data\edgar\item5_02_text\1283699\0001283699-18-000071_form8-killekappointment.htm
documents,1283699,2020-04-15,0001283699-18-000063,already_on_disk,Data\edgar\item5_02_text\1283699\0001283699-18-000063_form8-kdannenfeldtresignat.htm
documents,1283699,2020-04-15,0001283699-18-000031,already_on_disk,Data\edgar\item5_02_text\1283699\0001283699-18-000031_tmus06142018form8-k.htm
documents,1283699,2020-04-15,0001104659-18-028086,already_on_disk,Data\edgar\item5_02_text\1283699\0001104659-18-028086_a18-12444_18k.htm
documents,1283699,2020-08-27,0001193125-21-113210,already_on_disk,Data\edgar\item5_02_text\1283699\0001193125-21-113210_d910799d8k.htm
documents,1283699,2020-08-27,0001193125-21-076354,already_on_disk,Data\edgar\item5_02_text\1283699\0001193125-21-076354_d152529d8k.htm
documents,1283699,2020-08-27,0001193125-20-291827,already_on_disk,Data\edgar\item5_02_text\1283699\0001193125-20-291827_d94439d8k.htm
documents,1283699,2020-08-27,0001140361-20-014470,already_on_disk,Data\edgar\item5_02_text\1283699\0001140361-20-014470_nt10012922x2_8k.htm
documents,1283699,2020-08-27,0001140361-20-014081,already_on_disk,Data\edgar\item5_02_text\1283699\0001140361-20-014081_nc10012662x1_8k.htm
documents,1283699,2020-08-27,0001193125-20-119230,already_on_disk,Data\edgar\item5_02_text\1283699\0001193125-20-119230_d912727d8k.htm
documents,1283699,2020-08-27,0001193125-20-109354,already_on_disk,Data\edgar\item5_02_text\1283699\0001193125-20-109354_d883806d8k.htm
documents,1283699,2020-08-27,0001193125-20-093622,already_on_disk,Data\edgar\item5_02_text\1283699\0001193125-20-093622_d886127d8k.htm
documents,1283699,2020-08-27,0001283699-20-000064,already_on_disk,Data\edgar\item5_02_text\1283699\0001283699-20-000064_tmus03252020form8-k.htm
documents,1283699,2020-08-27,0001193125-20-071678,already_on_disk,Data\edgar\item5_02_text\1283699\0001193125-20-071678_d870009d8k.htm
documents,1283699,2020-08-27,0001193125-20-041926,already_on_disk,Data\edgar\item5_02_text\1283699\0001193125-20-041926_d888203d8k.htm
documents,1283699,2020-08-27,0001193125-19-294093,already_on_disk,Data\edgar\item5_02_text\1283699\0001193125-19-294093_d834261d8k.htm
documents,1283699,2020-08-27,0001283699-19-000066,already_on_disk,Data\edgar\item5_02_text\1283699\0001283699-19-000066_a8-kswanteenotstreelection.htm
documents,1283699,2020-08-27,0001283699-19-000064,already_on_disk,Data\edgar\item5_02_text\1283699\0001283699-19-000064_a8-kcartersecondamendment.htm
documents,1283699,2020-08-27,0001283699-18-000071,already_on_disk,Data\edgar\item5_02_text\1283699\0001283699-18-000071_form8-killekappointment.htm
documents,1283699,2020-08-27,0001283699-18-000063,already_on_disk,Data\edgar\item5_02_text\1283699\0001283699-18-000063_form8-kdannenfeldtresignat.htm
documents,1283699,2020-08-31,0001193125-21-076354,already_on_disk,Data\edgar\item5_02_text\1283699\0001193125-21-076354_d152529d8k.htm
documents,1283699,2020-08-31,0001193125-20-291827,already_on_disk,Data\edgar\item5_02_text\1283699\0001193125-20-291827_d94439d8k.htm
documents,1283699,2020-08-31,0001140361-20-014470,already_on_disk,Data\edgar\item5_02_text\1283699\0001140361-20-014470_nt10012922x2_8k.htm
documents,1283699,2020-08-31,0001140361-20-014081,already_on_disk,Data\edgar\item5_02_text\1283699\0001140361-20-014081_nc10012662x1_8k.htm
documents,1283699,2020-08-31,0001193125-20-119230,already_on_disk,Data\edgar\item5_02_text\1283699\0001193125-20-119230_d912727d8k.htm
documents,1283699,2020-08-31,0001193125-20-109354,already_on_disk,Data\edgar\item5_02_text\1283699\0001193125-20-109354_d883806d8k.htm
documents,1283699,2020-08-31,0001193125-20-093622,already_on_disk,Data\edgar\item5_02_text\1283699\0001193125-20-093622_d886127d8k.htm
documents,1283699,2020-08-31,0001283699-20-000064,already_on_disk,Data\edgar\item5_02_text\1283699\0001283699-20-000064_tmus03252020form8-k.htm
documents,1283699,2020-08-31,0001193125-20-071678,already_on_disk,Data\edgar\item5_02_text\1283699\0001193125-20-071678_d870009d8k.htm
documents,1283699,2020-08-31,0001193125-20-041926,already_on_disk,Data\edgar\item5_02_text\1283699\0001193125-20-041926_d888203d8k.htm
documents,1283699,2020-08-31,0001193125-19-294093,already_on_disk,Data\edgar\item5_02_text\1283699\0001193125-19-294093_d834261d8k.htm
documents,1283699,2020-08-31,0001283699-19-000066,already_on_disk,Data\edgar\item5_02_text\1283699\0001283699-19-000066_a8-kswanteenotstreelection.htm
documents,1283699,2020-08-31,0001283699-19-000064,already_on_disk,Data\edgar\item5_02_text\1283699\0001283699-19-000064_a8-kcartersecondamendment.htm
documents,1283699,2020-08-31,0001283699-18-000071,already_on_disk,Data\edgar\item5_02_text\1283699\0001283699-18-000071_form8-killekappointment.htm
documents,1283699,2020-08-31,0001283699-18-000063,already_on_disk,Data\edgar\item5_02_text\1283699\0001283699-18-000063_form8-kdannenfeldtresignat.htm
documents,1283699,2021-01-18,0001193125-21-198692,already_on_disk,Data\edgar\item5_02_text\1283699\0001193125-21-198692_d165204d8k.htm
documents,1283699,2021-01-18,0001193125-21-113210,already_on_disk,Data\edgar\item5_02_text\1283699\0001193125-21-113210_d910799d8k.htm
documents,1283699,2021-01-18,0001193125-21-076354,already_on_disk,Data\edgar\item5_02_text\1283699\0001193125-21-076354_d152529d8k.htm
documents,1283699,2021-01-18,0001193125-20-291827,already_on_disk,Data\edgar\item5_02_text\1283699\0001193125-20-291827_d94439d8k.htm
documents,1283699,2021-01-18,0001140361-20-014470,already_on_disk,Data\edgar\item5_02_text\1283699\0001140361-20-014470_nt10012922x2_8k.htm
documents,1283699,2021-01-18,0001140361-20-014081,already_on_disk,Data\edgar\item5_02_text\1283699\0001140361-20-014081_nc10012662x1_8k.htm
documents,1283699,2021-01-18,0001193125-20-119230,already_on_disk,Data\edgar\item5_02_text\1283699\0001193125-20-119230_d912727d8k.htm
documents,1283699,2021-01-18,0001193125-20-109354,already_on_disk,Data\edgar\item5_02_text\1283699\0001193125-20-109354_d883806d8k.htm
documents,1283699,2021-01-18,0001193125-20-093622,already_on_disk,Data\edgar\item5_02_text\1283699\0001193125-20-093622_d886127d8k.htm
documents,1283699,2021-01-18,0001283699-20-000064,already_on_disk,Data\edgar\item5_02_text\1283699\0001283699-20-000064_tmus03252020form8-k.htm
documents,1283699,2021-01-18,0001193125-20-071678,already_on_disk,Data\edgar\item5_02_text\1283699\0001193125-20-071678_d870009d8k.htm
documents,1283699,2021-01-18,0001193125-20-041926,already_on_disk,Data\edgar\item5_02_text\1283699\0001193125-20-041926_d888203d8k.htm
documents,1283699,2021-01-18,0001193125-19-294093,already_on_disk,Data\edgar\item5_02_text\1283699\0001193125-19-294093_d834261d8k.htm
documents,1283699,2021-01-18,0001283699-19-000066,already_on_disk,Data\edgar\item5_02_text\1283699\0001283699-19-000066_a8-kswanteenotstreelection.htm
documents,1283699,2021-01-18,0001283699-19-000064,already_on_disk,Data\edgar\item5_02_text\1283699\0001283699-19-000064_a8-kcartersecondamendment.htm
documents,1283699,2021-02-12,0001193125-21-198692,already_on_disk,Data\edgar\item5_02_text\1283699\0001193125-21-198692_d165204d8k.htm
documents,1283699,2021-02-12,0001193125-21-113210,already_on_disk,Data\edgar\item5_02_text\1283699\0001193125-21-113210_d910799d8k.htm
documents,1283699,2021-02-12,0001193125-21-076354,already_on_disk,Data\edgar\item5_02_text\1283699\0001193125-21-076354_d152529d8k.htm
documents,1283699,2021-02-12,0001193125-20-291827,already_on_disk,Data\edgar\item5_02_text\1283699\0001193125-20-291827_d94439d8k.htm
documents,1283699,2021-02-12,0001140361-20-014470,already_on_disk,Data\edgar\item5_02_text\1283699\0001140361-20-014470_nt10012922x2_8k.htm
documents,1283699,2021-02-12,0001140361-20-014081,already_on_disk,Data\edgar\item5_02_text\1283699\0001140361-20-014081_nc10012662x1_8k.htm
documents,1283699,2021-02-12,0001193125-20-119230,already_on_disk,Data\edgar\item5_02_text\1283699\0001193125-20-119230_d912727d8k.htm
documents,1283699,2021-02-12,0001193125-20-109354,already_on_disk,Data\edgar\item5_02_text\1283699\0001193125-20-109354_d883806d8k.htm
documents,1283699,2021-02-12,0001193125-20-093622,already_on_disk,Data\edgar\item5_02_text\1283699\0001193125-20-093622_d886127d8k.htm
documents,1283699,2021-02-12,0001283699-20-000064,already_on_disk,Data\edgar\item5_02_text\1283699\0001283699-20-000064_tmus03252020form8-k.htm
documents,1283699,2021-02-12,0001193125-20-071678,already_on_disk,Data\edgar\item5_02_text\1283699\0001193125-20-071678_d870009d8k.htm
documents,1283699,2021-02-12,0001193125-20-041926,already_on_disk,Data\edgar\item5_02_text\1283699\0001193125-20-041926_d888203d8k.htm
documents,1283699,2021-02-12,0001193125-19-294093,already_on_disk,Data\edgar\item5_02_text\1283699\0001193125-19-294093_d834261d8k.htm
documents,1283699,2021-02-12,0001283699-19-000066,already_on_disk,Data\edgar\item5_02_text\1283699\0001283699-19-000066_a8-kswanteenotstreelection.htm
documents,1283699,2021-02-12,0001283699-19-000064,already_on_disk,Data\edgar\item5_02_text\1283699\0001283699-19-000064_a8-kcartersecondamendment.htm
documents,1283699,2021-02-20,0001193125-21-275230,already_on_disk,Data\edgar\item5_02_text\1283699\0001193125-21-275230_d234276d8k.htm
documents,1283699,2021-02-20,0001193125-21-198692,already_on_disk,Data\edgar\item5_02_text\1283699\0001193125-21-198692_d165204d8k.htm
documents,1283699,2021-02-20,0001193125-21-113210,already_on_disk,Data\edgar\item5_02_text\1283699\0001193125-21-113210_d910799d8k.htm
documents,1283699,2021-02-20,0001193125-21-076354,already_on_disk,Data\edgar\item5_02_text\1283699\0001193125-21-076354_d152529d8k.htm
documents,1283699,2021-02-20,0001193125-20-291827,already_on_disk,Data\edgar\item5_02_text\1283699\0001193125-20-291827_d94439d8k.htm
documents,1283699,2021-02-20,0001140361-20-014470,already_on_disk,Data\edgar\item5_02_text\1283699\0001140361-20-014470_nt10012922x2_8k.htm
documents,1283699,2021-02-20,0001140361-20-014081,already_on_disk,Data\edgar\item5_02_text\1283699\0001140361-20-014081_nc10012662x1_8k.htm
documents,1283699,2021-02-20,0001193125-20-119230,already_on_disk,Data\edgar\item5_02_text\1283699\0001193125-20-119230_d912727d8k.htm
documents,1283699,2021-02-20,0001193125-20-109354,already_on_disk,Data\edgar\item5_02_text\1283699\0001193125-20-109354_d883806d8k.htm
documents,1283699,2021-02-20,0001193125-20-093622,already_on_disk,Data\edgar\item5_02_text\1283699\0001193125-20-093622_d886127d8k.htm
documents,1283699,2021-02-20,0001283699-20-000064,already_on_disk,Data\edgar\item5_02_text\1283699\0001283699-20-000064_tmus03252020form8-k.htm
documents,1283699,2021-02-20,0001193125-20-071678,already_on_disk,Data\edgar\item5_02_text\1283699\0001193125-20-071678_d870009d8k.htm
documents,1283699,2021-02-20,0001193125-20-041926,already_on_disk,Data\edgar\item5_02_text\1283699\0001193125-20-041926_d888203d8k.htm
documents,1283699,2021-02-20,0001193125-19-294093,already_on_disk,Data\edgar\item5_02_text\1283699\0001193125-19-294093_d834261d8k.htm
documents,1283699,2021-02-20,0001283699-19-000066,already_on_disk,Data\edgar\item5_02_text\1283699\0001283699-19-000066_a8-kswanteenotstreelection.htm
documents,1283699,2021-02-20,0001283699-19-000064,already_on_disk,Data\edgar\item5_02_text\1283699\0001283699-19-000064_a8-kcartersecondamendment.htm
documents,1283699,2021-03-01,0001193125-21-275230,already_on_disk,Data\edgar\item5_02_text\1283699\0001193125-21-275230_d234276d8k.htm
documents,1283699,2021-03-01,0001193125-21-198692,already_on_disk,Data\edgar\item5_02_text\1283699\0001193125-21-198692_d165204d8k.htm
documents,1283699,2021-03-01,0001193125-21-113210,already_on_disk,Data\edgar\item5_02_text\1283699\0001193125-21-113210_d910799d8k.htm
documents,1283699,2021-03-01,0001193125-21-076354,already_on_disk,Data\edgar\item5_02_text\1283699\0001193125-21-076354_d152529d8k.htm
documents,1283699,2021-03-01,0001193125-20-291827,already_on_disk,Data\edgar\item5_02_text\1283699\0001193125-20-291827_d94439d8k.htm
documents,1283699,2021-03-01,0001140361-20-014470,already_on_disk,Data\edgar\item5_02_text\1283699\0001140361-20-014470_nt10012922x2_8k.htm
documents,1283699,2021-03-01,0001140361-20-014081,already_on_disk,Data\edgar\item5_02_text\1283699\0001140361-20-014081_nc10012662x1_8k.htm
documents,1283699,2021-03-01,0001193125-20-119230,already_on_disk,Data\edgar\item5_02_text\1283699\0001193125-20-119230_d912727d8k.htm
documents,1283699,2021-03-01,0001193125-20-109354,already_on_disk,Data\edgar\item5_02_text\1283699\0001193125-20-109354_d883806d8k.htm
documents,1283699,2021-03-01,0001193125-20-093622,already_on_disk,Data\edgar\item5_02_text\1283699\0001193125-20-093622_d886127d8k.htm
documents,1283699,2021-03-01,0001283699-20-000064,already_on_disk,Data\edgar\item5_02_text\1283699\0001283699-20-000064_tmus03252020form8-k.htm
documents,1283699,2021-03-01,0001193125-20-071678,already_on_disk,Data\edgar\item5_02_text\1283699\0001193125-20-071678_d870009d8k.htm
documents,1283699,2021-03-01,0001193125-20-041926,already_on_disk,Data\edgar\item5_02_text\1283699\0001193125-20-041926_d888203d8k.htm
documents,1283699,2021-03-01,0001193125-19-294093,already_on_disk,Data\edgar\item5_02_text\1283699\0001193125-19-294093_d834261d8k.htm
documents,1283699,2021-03-01,0001283699-19-000066,already_on_disk,Data\edgar\item5_02_text\1283699\0001283699-19-000066_a8-kswanteenotstreelection.htm
documents,1283699,2021-03-01,0001283699-19-000064,already_on_disk,Data\edgar\item5_02_text\1283699\0001283699-19-000064_a8-kcartersecondamendment.htm
documents,1283699,2021-03-31,0001193125-21-275230,already_on_disk,Data\edgar\item5_02_text\1283699\0001193125-21-275230_d234276d8k.htm
documents,1283699,2021-03-31,0001193125-21-198692,already_on_disk,Data\edgar\item5_02_text\1283699\0001193125-21-198692_d165204d8k.htm
documents,1283699,2021-03-31,0001193125-21-113210,already_on_disk,Data\edgar\item5_02_text\1283699\0001193125-21-113210_d910799d8k.htm
documents,1283699,2021-03-31,0001193125-21-076354,already_on_disk,Data\edgar\item5_02_text\1283699\0001193125-21-076354_d152529d8k.htm
documents,1283699,2021-03-31,0001193125-20-291827,already_on_disk,Data\edgar\item5_02_text\1283699\0001193125-20-291827_d94439d8k.htm
documents,1283699,2021-03-31,0001140361-20-014470,already_on_disk,Data\edgar\item5_02_text\1283699\0001140361-20-014470_nt10012922x2_8k.htm
documents,1283699,2021-03-31,0001140361-20-014081,already_on_disk,Data\edgar\item5_02_text\1283699\0001140361-20-014081_nc10012662x1_8k.htm
documents,1283699,2021-03-31,0001193125-20-119230,already_on_disk,Data\edgar\item5_02_text\1283699\0001193125-20-119230_d912727d8k.htm
documents,1283699,2021-03-31,0001193125-20-109354,already_on_disk,Data\edgar\item5_02_text\1283699\0001193125-20-109354_d883806d8k.htm
documents,1283699,2021-03-31,0001193125-20-093622,already_on_disk,Data\edgar\item5_02_text\1283699\0001193125-20-093622_d886127d8k.htm
documents,1283699,2021-03-31,0001283699-20-000064,already_on_disk,Data\edgar\item5_02_text\1283699\0001283699-20-000064_tmus03252020form8-k.htm
documents,1283699,2021-03-31,0001193125-20-071678,already_on_disk,Data\edgar\item5_02_text\1283699\0001193125-20-071678_d870009d8k.htm
documents,1283699,2021-03-31,0001193125-20-041926,already_on_disk,Data\edgar\item5_02_text\1283699\0001193125-20-041926_d888203d8k.htm
documents,1283699,2021-03-31,0001193125-19-294093,already_on_disk,Data\edgar\item5_02_text\1283699\0001193125-19-294093_d834261d8k.htm
documents,1283699,2021-03-31,0001283699-19-000066,already_on_disk,Data\edgar\item5_02_text\1283699\0001283699-19-000066_a8-kswanteenotstreelection.htm
documents,1283699,2021-08-13,0001193125-21-275230,already_on_disk,Data\edgar\item5_02_text\1283699\0001193125-21-275230_d234276d8k.htm
documents,1283699,2021-08-13,0001193125-21-198692,already_on_disk,Data\edgar\item5_02_text\1283699\0001193125-21-198692_d165204d8k.htm
documents,1283699,2021-08-13,0001193125-21-113210,already_on_disk,Data\edgar\item5_02_text\1283699\0001193125-21-113210_d910799d8k.htm
documents,1283699,2021-08-13,0001193125-21-076354,already_on_disk,Data\edgar\item5_02_text\1283699\0001193125-21-076354_d152529d8k.htm
documents,1283699,2021-08-13,0001193125-20-291827,already_on_disk,Data\edgar\item5_02_text\1283699\0001193125-20-291827_d94439d8k.htm
documents,1283699,2021-08-13,0001140361-20-014470,already_on_disk,Data\edgar\item5_02_text\1283699\0001140361-20-014470_nt10012922x2_8k.htm
documents,1283699,2021-08-13,0001140361-20-014081,already_on_disk,Data\edgar\item5_02_text\1283699\0001140361-20-014081_nc10012662x1_8k.htm
documents,1283699,2021-08-13,0001193125-20-119230,already_on_disk,Data\edgar\item5_02_text\1283699\0001193125-20-119230_d912727d8k.htm
documents,1283699,2021-08-13,0001193125-20-109354,already_on_disk,Data\edgar\item5_02_text\1283699\0001193125-20-109354_d883806d8k.htm
documents,1283699,2021-08-13,0001193125-20-093622,already_on_disk,Data\edgar\item5_02_text\1283699\0001193125-20-093622_d886127d8k.htm
documents,1283699,2021-08-13,0001283699-20-000064,already_on_disk,Data\edgar\item5_02_text\1283699\0001283699-20-000064_tmus03252020form8-k.htm
documents,1283699,2021-08-13,0001193125-20-071678,already_on_disk,Data\edgar\item5_02_text\1283699\0001193125-20-071678_d870009d8k.htm
documents,1283699,2021-08-13,0001193125-20-041926,already_on_disk,Data\edgar\item5_02_text\1283699\0001193125-20-041926_d888203d8k.htm
documents,1283699,2021-08-13,0001193125-19-294093,already_on_disk,Data\edgar\item5_02_text\1283699\0001193125-19-294093_d834261d8k.htm
documents,1283699,2021-08-17,0001193125-21-275230,already_on_disk,Data\edgar\item5_02_text\1283699\0001193125-21-275230_d234276d8k.htm
documents,1283699,2021-08-17,0001193125-21-198692,already_on_disk,Data\edgar\item5_02_text\1283699\0001193125-21-198692_d165204d8k.htm
documents,1283699,2021-08-17,0001193125-21-113210,already_on_disk,Data\edgar\item5_02_text\1283699\0001193125-21-113210_d910799d8k.htm
documents,1283699,2021-08-17,0001193125-21-076354,already_on_disk,Data\edgar\item5_02_text\1283699\0001193125-21-076354_d152529d8k.htm
documents,1283699,2021-08-17,0001193125-20-291827,already_on_disk,Data\edgar\item5_02_text\1283699\0001193125-20-291827_d94439d8k.htm
documents,1283699,2021-08-17,0001140361-20-014470,already_on_disk,Data\edgar\item5_02_text\1283699\0001140361-20-014470_nt10012922x2_8k.htm
documents,1283699,2021-08-17,0001140361-20-014081,already_on_disk,Data\edgar\item5_02_text\1283699\0001140361-20-014081_nc10012662x1_8k.htm
documents,1283699,2021-08-17,0001193125-20-119230,already_on_disk,Data\edgar\item5_02_text\1283699\0001193125-20-119230_d912727d8k.htm
documents,1283699,2021-08-17,0001193125-20-109354,already_on_disk,Data\edgar\item5_02_text\1283699\0001193125-20-109354_d883806d8k.htm
documents,1283699,2021-08-17,0001193125-20-093622,already_on_disk,Data\edgar\item5_02_text\1283699\0001193125-20-093622_d886127d8k.htm
documents,1283699,2021-08-17,0001283699-20-000064,already_on_disk,Data\edgar\item5_02_text\1283699\0001283699-20-000064_tmus03252020form8-k.htm
documents,1283699,2021-08-17,0001193125-20-071678,already_on_disk,Data\edgar\item5_02_text\1283699\0001193125-20-071678_d870009d8k.htm
documents,1283699,2021-08-17,0001193125-20-041926,already_on_disk,Data\edgar\item5_02_text\1283699\0001193125-20-041926_d888203d8k.htm
documents,1283699,2021-08-17,0001193125-19-294093,already_on_disk,Data\edgar\item5_02_text\1283699\0001193125-19-294093_d834261d8k.htm
documents,1283699,2021-08-26,0001193125-21-275230,already_on_disk,Data\edgar\item5_02_text\1283699\0001193125-21-275230_d234276d8k.htm
documents,1283699,2021-08-26,0001193125-21-198692,already_on_disk,Data\edgar\item5_02_text\1283699\0001193125-21-198692_d165204d8k.htm
documents,1283699,2021-08-26,0001193125-21-113210,already_on_disk,Data\edgar\item5_02_text\1283699\0001193125-21-113210_d910799d8k.htm
documents,1283699,2021-08-26,0001193125-21-076354,already_on_disk,Data\edgar\item5_02_text\1283699\0001193125-21-076354_d152529d8k.htm
documents,1283699,2021-08-26,0001193125-20-291827,already_on_disk,Data\edgar\item5_02_text\1283699\0001193125-20-291827_d94439d8k.htm
documents,1283699,2021-08-26,0001140361-20-014470,already_on_disk,Data\edgar\item5_02_text\1283699\0001140361-20-014470_nt10012922x2_8k.htm
documents,1283699,2021-08-26,0001140361-20-014081,already_on_disk,Data\edgar\item5_02_text\1283699\0001140361-20-014081_nc10012662x1_8k.htm
documents,1283699,2021-08-26,0001193125-20-119230,already_on_disk,Data\edgar\item5_02_text\1283699\0001193125-20-119230_d912727d8k.htm
documents,1283699,2021-08-26,0001193125-20-109354,already_on_disk,Data\edgar\item5_02_text\1283699\0001193125-20-109354_d883806d8k.htm
documents,1283699,2021-08-26,0001193125-20-093622,already_on_disk,Data\edgar\item5_02_text\1283699\0001193125-20-093622_d886127d8k.htm
documents,1283699,2021-08-26,0001283699-20-000064,already_on_disk,Data\edgar\item5_02_text\1283699\0001283699-20-000064_tmus03252020form8-k.htm
documents,1283699,2021-08-26,0001193125-20-071678,already_on_disk,Data\edgar\item5_02_text\1283699\0001193125-20-071678_d870009d8k.htm
documents,1283699,2021-08-26,0001193125-20-041926,already_on_disk,Data\edgar\item5_02_text\1283699\0001193125-20-041926_d888203d8k.htm
documents,1283699,2021-08-26,0001193125-19-294093,already_on_disk,Data\edgar\item5_02_text\1283699\0001193125-19-294093_d834261d8k.htm
documents,1283699,2022-03-08,0001193125-22-115091,already_on_disk,Data\edgar\item5_02_text\1283699\0001193125-22-115091_d328570d8k.htm
documents,1283699,2022-03-08,0001193125-21-275230,already_on_disk,Data\edgar\item5_02_text\1283699\0001193125-21-275230_d234276d8k.htm
documents,1283699,2022-03-08,0001193125-21-198692,already_on_disk,Data\edgar\item5_02_text\1283699\0001193125-21-198692_d165204d8k.htm
documents,1283699,2022-03-08,0001193125-21-113210,already_on_disk,Data\edgar\item5_02_text\1283699\0001193125-21-113210_d910799d8k.htm
documents,1283699,2022-03-08,0001193125-21-076354,already_on_disk,Data\edgar\item5_02_text\1283699\0001193125-21-076354_d152529d8k.htm
documents,1283699,2022-03-08,0001193125-20-291827,already_on_disk,Data\edgar\item5_02_text\1283699\0001193125-20-291827_d94439d8k.htm
documents,1283699,2022-03-08,0001140361-20-014470,already_on_disk,Data\edgar\item5_02_text\1283699\0001140361-20-014470_nt10012922x2_8k.htm
documents,1283699,2022-03-08,0001140361-20-014081,already_on_disk,Data\edgar\item5_02_text\1283699\0001140361-20-014081_nc10012662x1_8k.htm
documents,1283699,2022-03-08,0001193125-20-119230,already_on_disk,Data\edgar\item5_02_text\1283699\0001193125-20-119230_d912727d8k.htm
documents,1283699,2022-03-08,0001193125-20-109354,already_on_disk,Data\edgar\item5_02_text\1283699\0001193125-20-109354_d883806d8k.htm
documents,1283699,2022-03-08,0001193125-20-093622,already_on_disk,Data\edgar\item5_02_text\1283699\0001193125-20-093622_d886127d8k.htm
documents,1283699,2022-03-08,0001283699-20-000064,already_on_disk,Data\edgar\item5_02_text\1283699\0001283699-20-000064_tmus03252020form8-k.htm
documents,1283699,2022-03-08,0001193125-20-071678,already_on_disk,Data\edgar\item5_02_text\1283699\0001193125-20-071678_d870009d8k.htm
documents,1283699,2022-11-25,0001193125-23-185341,already_on_disk,Data\edgar\item5_02_text\1283699\0001193125-23-185341_d506777d8k.htm
documents,1283699,2022-11-25,0001193125-23-171171,already_on_disk,Data\edgar\item5_02_text\1283699\0001193125-23-171171_d526068d8k.htm
documents,1283699,2022-11-25,0001193125-23-066908,already_on_disk,Data\edgar\item5_02_text\1283699\0001193125-23-066908_d381908d8k.htm
documents,1283699,2022-11-25,0001193125-23-035719,already_on_disk,Data\edgar\item5_02_text\1283699\0001193125-23-035719_d445719d8k.htm
documents,1283699,2022-11-25,0001193125-23-024130,already_on_disk,Data\edgar\item5_02_text\1283699\0001193125-23-024130_d634006d8k.htm
documents,1283699,2022-11-25,0001193125-22-290740,already_on_disk,Data\edgar\item5_02_text\1283699\0001193125-22-290740_d422589d8k.htm
documents,1283699,2022-11-25,0001193125-22-239983,already_on_disk,Data\edgar\item5_02_text\1283699\0001193125-22-239983_d395918d8k.htm
documents,1283699,2022-11-25,0001193125-22-115091,already_on_disk,Data\edgar\item5_02_text\1283699\0001193125-22-115091_d328570d8k.htm
documents,1283699,2022-11-25,0001193125-21-275230,already_on_disk,Data\edgar\item5_02_text\1283699\0001193125-21-275230_d234276d8k.htm
documents,1283699,2022-11-25,0001193125-21-198692,already_on_disk,Data\edgar\item5_02_text\1283699\0001193125-21-198692_d165204d8k.htm
documents,1283699,2022-11-25,0001193125-21-113210,already_on_disk,Data\edgar\item5_02_text\1283699\0001193125-21-113210_d910799d8k.htm
documents,1283699,2022-11-25,0001193125-21-076354,already_on_disk,Data\edgar\item5_02_text\1283699\0001193125-21-076354_d152529d8k.htm
documents,1283699,2023-02-01,0001193125-23-231377,already_on_disk,Data\edgar\item5_02_text\1283699\0001193125-23-231377_d551212d8k.htm
documents,1283699,2023-02-01,0001193125-23-190499,already_on_disk,Data\edgar\item5_02_text\1283699\0001193125-23-190499_d372769d8k.htm
documents,1283699,2023-02-01,0001193125-23-185341,already_on_disk,Data\edgar\item5_02_text\1283699\0001193125-23-185341_d506777d8k.htm
documents,1283699,2023-02-01,0001193125-23-171171,already_on_disk,Data\edgar\item5_02_text\1283699\0001193125-23-171171_d526068d8k.htm
documents,1283699,2023-02-01,0001193125-23-066908,already_on_disk,Data\edgar\item5_02_text\1283699\0001193125-23-066908_d381908d8k.htm
documents,1283699,2023-02-01,0001193125-23-035719,already_on_disk,Data\edgar\item5_02_text\1283699\0001193125-23-035719_d445719d8k.htm
documents,1283699,2023-02-01,0001193125-23-024130,already_on_disk,Data\edgar\item5_02_text\1283699\0001193125-23-024130_d634006d8k.htm
documents,1283699,2023-02-01,0001193125-22-290740,already_on_disk,Data\edgar\item5_02_text\1283699\0001193125-22-290740_d422589d8k.htm
documents,1283699,2023-02-01,0001193125-22-239983,already_on_disk,Data\edgar\item5_02_text\1283699\0001193125-22-239983_d395918d8k.htm
documents,1283699,2023-02-01,0001193125-22-115091,already_on_disk,Data\edgar\item5_02_text\1283699\0001193125-22-115091_d328570d8k.htm
documents,1283699,2023-02-01,0001193125-21-275230,already_on_disk,Data\edgar\item5_02_text\1283699\0001193125-21-275230_d234276d8k.htm
documents,1283699,2023-02-01,0001193125-21-198692,already_on_disk,Data\edgar\item5_02_text\1283699\0001193125-21-198692_d165204d8k.htm
documents,1283699,2023-02-01,0001193125-21-113210,already_on_disk,Data\edgar\item5_02_text\1283699\0001193125-21-113210_d910799d8k.htm
documents,1283699,2023-02-01,0001193125-21-076354,already_on_disk,Data\edgar\item5_02_text\1283699\0001193125-21-076354_d152529d8k.htm
documents,1283699,2023-02-24,0001193125-23-231377,already_on_disk,Data\edgar\item5_02_text\1283699\0001193125-23-231377_d551212d8k.htm
documents,1283699,2023-02-24,0001193125-23-190499,already_on_disk,Data\edgar\item5_02_text\1283699\0001193125-23-190499_d372769d8k.htm
documents,1283699,2023-02-24,0001193125-23-185341,already_on_disk,Data\edgar\item5_02_text\1283699\0001193125-23-185341_d506777d8k.htm
documents,1283699,2023-02-24,0001193125-23-171171,already_on_disk,Data\edgar\item5_02_text\1283699\0001193125-23-171171_d526068d8k.htm
documents,1283699,2023-02-24,0001193125-23-066908,already_on_disk,Data\edgar\item5_02_text\1283699\0001193125-23-066908_d381908d8k.htm
documents,1283699,2023-02-24,0001193125-23-035719,already_on_disk,Data\edgar\item5_02_text\1283699\0001193125-23-035719_d445719d8k.htm
documents,1283699,2023-02-24,0001193125-23-024130,already_on_disk,Data\edgar\item5_02_text\1283699\0001193125-23-024130_d634006d8k.htm
documents,1283699,2023-02-24,0001193125-22-290740,already_on_disk,Data\edgar\item5_02_text\1283699\0001193125-22-290740_d422589d8k.htm
documents,1283699,2023-02-24,0001193125-22-239983,already_on_disk,Data\edgar\item5_02_text\1283699\0001193125-22-239983_d395918d8k.htm
documents,1283699,2023-02-24,0001193125-22-115091,already_on_disk,Data\edgar\item5_02_text\1283699\0001193125-22-115091_d328570d8k.htm
documents,1283699,2023-02-24,0001193125-21-275230,already_on_disk,Data\edgar\item5_02_text\1283699\0001193125-21-275230_d234276d8k.htm
documents,1283699,2023-02-24,0001193125-21-198692,already_on_disk,Data\edgar\item5_02_text\1283699\0001193125-21-198692_d165204d8k.htm
documents,1283699,2023-02-24,0001193125-21-113210,already_on_disk,Data\edgar\item5_02_text\1283699\0001193125-21-113210_d910799d8k.htm
documents,1283699,2023-02-24,0001193125-21-076354,already_on_disk,Data\edgar\item5_02_text\1283699\0001193125-21-076354_d152529d8k.htm
documents,1283699,2023-04-28,0001193125-23-231377,already_on_disk,Data\edgar\item5_02_text\1283699\0001193125-23-231377_d551212d8k.htm
documents,1283699,2023-04-28,0001193125-23-190499,already_on_disk,Data\edgar\item5_02_text\1283699\0001193125-23-190499_d372769d8k.htm
documents,1283699,2023-04-28,0001193125-23-185341,already_on_disk,Data\edgar\item5_02_text\1283699\0001193125-23-185341_d506777d8k.htm
documents,1283699,2023-04-28,0001193125-23-171171,already_on_disk,Data\edgar\item5_02_text\1283699\0001193125-23-171171_d526068d8k.htm
documents,1283699,2023-04-28,0001193125-23-066908,already_on_disk,Data\edgar\item5_02_text\1283699\0001193125-23-066908_d381908d8k.htm
documents,1283699,2023-04-28,0001193125-23-035719,already_on_disk,Data\edgar\item5_02_text\1283699\0001193125-23-035719_d445719d8k.htm
documents,1283699,2023-04-28,0001193125-23-024130,already_on_disk,Data\edgar\item5_02_text\1283699\0001193125-23-024130_d634006d8k.htm
documents,1283699,2023-04-28,0001193125-22-290740,already_on_disk,Data\edgar\item5_02_text\1283699\0001193125-22-290740_d422589d8k.htm
documents,1283699,2023-04-28,0001193125-22-239983,already_on_disk,Data\edgar\item5_02_text\1283699\0001193125-22-239983_d395918d8k.htm
documents,1283699,2023-04-28,0001193125-22-115091,already_on_disk,Data\edgar\item5_02_text\1283699\0001193125-22-115091_d328570d8k.htm
documents,1283699,2023-04-28,0001193125-21-275230,already_on_disk,Data\edgar\item5_02_text\1283699\0001193125-21-275230_d234276d8k.htm
documents,1283699,2023-04-28,0001193125-21-198692,already_on_disk,Data\edgar\item5_02_text\1283699\0001193125-21-198692_d165204d8k.htm
documents,1288776,2008-06-27,0001193125-08-140342,already_on_disk,Data\edgar\item5_02_text\1288776\0001193125-08-140342_d8k.htm
documents,1288776,2008-06-27,0001193125-07-190912,already_on_disk,Data\edgar\item5_02_text\1288776\0001193125-07-190912_d8k.htm
documents,1288776,2008-06-27,0001193125-07-115893,already_on_disk,Data\edgar\item5_02_text\1288776\0001193125-07-115893_d8k.htm
documents,1288776,2008-06-27,0001193125-07-067097,already_on_disk,Data\edgar\item5_02_text\1288776\0001193125-07-067097_d8k.htm
documents,1288776,2008-06-27,0001193125-07-061671,already_on_disk,Data\edgar\item5_02_text\1288776\0001193125-07-061671_d8k.htm
documents,1288776,2008-06-27,0001193125-07-046301,already_on_disk,Data\edgar\item5_02_text\1288776\0001193125-07-046301_d8k.htm
documents,1288776,2008-06-27,0001193125-07-019222,already_on_disk,Data\edgar\item5_02_text\1288776\0001193125-07-019222_d8k.htm
documents,1319161,2020-08-05,0001193125-20-275574,already_on_disk,Data\edgar\item5_02_text\1319161\0001193125-20-275574_d68962d8k.htm
documents,1319161,2020-08-05,0001193125-20-261384,already_on_disk,Data\edgar\item5_02_text\1319161\0001193125-20-261384_d82687d8k.htm
documents,1319161,2020-08-05,0001193125-20-167792,already_on_disk,Data\edgar\item5_02_text\1319161\0001193125-20-167792_d937369d8k.htm
documents,1319161,2020-08-05,0001193125-19-035628,already_on_disk,Data\edgar\item5_02_text\1319161\0001193125-19-035628_d670714d8k.htm
documents,1319161,2020-08-05,0001193125-18-273859,already_on_disk,Data\edgar\item5_02_text\1319161\0001193125-18-273859_d602932d8k.htm
documents,1319161,2020-08-05,0001193125-18-269285,already_on_disk,Data\edgar\item5_02_text\1319161\0001193125-18-269285_d620718d8k.htm
documents,1319161,2020-09-09,0001193125-20-275574,already_on_disk,Data\edgar\item5_02_text\1319161\0001193125-20-275574_d68962d8k.htm
documents,1319161,2020-09-09,0001193125-20-261384,already_on_disk,Data\edgar\item5_02_text\1319161\0001193125-20-261384_d82687d8k.htm
documents,1319161,2020-09-09,0001193125-20-167792,already_on_disk,Data\edgar\item5_02_text\1319161\0001193125-20-167792_d937369d8k.htm
documents,1319161,2020-09-09,0001193125-19-035628,already_on_disk,Data\edgar\item5_02_text\1319161\0001193125-19-035628_d670714d8k.htm
documents,1319161,2020-09-09,0001193125-18-273859,already_on_disk,Data\edgar\item5_02_text\1319161\0001193125-18-273859_d602932d8k.htm
documents,1326160,2014-03-24,0001104659-14-053140,already_on_disk,Data\edgar\item5_02_text\1326160\0001104659-14-053140_a14-17625_18k.htm
documents,1326160,2014-03-24,0001104659-14-035262,already_on_disk,Data\edgar\item5_02_text\1326160\0001104659-14-035262_a14-12019_18k.htm
documents,1326160,2014-03-24,0001104659-14-000076,already_on_disk,Data\edgar\item5_02_text\1326160\0001104659-14-000076_a13-26918_18k.htm
documents,1326160,2014-03-24,0001104659-13-089600,already_on_disk,Data\edgar\item5_02_text\1326160\0001104659-13-089600_a13-25973_18ka.htm
documents,1326160,2014-03-24,0001104659-13-086631,already_on_disk,Data\edgar\item5_02_text\1326160\0001104659-13-086631_a13-24823_18k.htm
documents,1326160,2014-03-24,0001104659-13-067275,already_on_disk,Data\edgar\item5_02_text\1326160\0001104659-13-067275_a13-19929_18k.htm
documents,1326160,2014-03-24,0001104659-13-060144,already_on_disk,Data\edgar\item5_02_text\1326160\0001104659-13-060144_a13-17897_18k.htm
documents,1326160,2014-03-24,0001104659-13-049764,already_on_disk,Data\edgar\item5_02_text\1326160\0001104659-13-049764_a13-15164_18k.htm
documents,1326160,2014-03-24,0001104659-13-038285,already_on_disk,Data\edgar\item5_02_text\1326160\0001104659-13-038285_a13-11792_18k.htm
documents,1326160,2014-03-24,0001104659-13-014407,already_on_disk,Data\edgar\item5_02_text\1326160\0001104659-13-014407_a13-6049_18k.htm
documents,1326160,2014-03-24,0001104659-12-084708,already_on_disk,Data\edgar\item5_02_text\1326160\0001104659-12-084708_a12-29623_18k.htm
documents,1326160,2014-03-24,0001104659-12-080906,already_on_disk,Data\edgar\item5_02_text\1326160\0001104659-12-080906_a12-28312_18k.htm
documents,1326160,2014-03-24,0000898822-12-000348,already_on_disk,Data\edgar\item5_02_text\1326160\0000898822-12-000348_duke8kbody.htm
documents,1326160,2014-03-24,0001104659-12-049132,already_on_disk,Data\edgar\item5_02_text\1326160\0001104659-12-049132_a12-16408_18k.htm
documents,1326160,2014-03-24,0001193125-12-293901,already_on_disk,Data\edgar\item5_02_text\1326160\0001193125-12-293901_d376342d8k.htm
documents,1326160,2017-11-10,0001326160-17-000184,already_on_disk,Data\edgar\item5_02_text\1326160\0001326160-17-000184_final8-kredavisboardappoin.htm
documents,1326160,2017-11-10,0001104659-17-053547,already_on_disk,Data\edgar\item5_02_text\1326160\0001104659-17-053547_a17-20955_18k.htm
documents,1326160,2017-11-10,0001326160-17-000011,already_on_disk,Data\edgar\item5_02_text\1326160\0001326160-17-000011_form8-kcraverboardappointm.htm
documents,1326160,2017-11-10,0001104659-16-148226,already_on_disk,Data\edgar\item5_02_text\1326160\0001104659-16-148226_a16-19209_28k.htm
documents,1326160,2017-11-10,0001326160-16-000368,already_on_disk,Data\edgar\item5_02_text\1326160\0001326160-16-000368_form8-krewebsterboardappoi.htm
documents,1326160,2017-11-10,0001104659-16-119780,already_on_disk,Data\edgar\item5_02_text\1326160\0001104659-16-119780_a16-10869_18k.htm
documents,1326160,2017-11-10,0001104659-16-110903,already_on_disk,Data\edgar\item5_02_text\1326160\0001104659-16-110903_a16-8292_18k.htm
documents,1326160,2017-11-10,0001104659-16-100726,already_on_disk,Data\edgar\item5_02_text\1326160\0001104659-16-100726_a16-5348_18k.htm
documents,1326160,2017-11-10,0001193125-16-467698,already_on_disk,Data\edgar\item5_02_text\1326160\0001193125-16-467698_d143218d8k.htm
documents,1326160,2021-05-28,0001104659-21-138544,already_on_disk,Data\edgar\item5_02_text\1326160\0001104659-21-138544_tm2132901d1_8k.htm
documents,1326160,2021-05-28,0001326160-21-000219,already_on_disk,Data\edgar\item5_02_text\1326160\0001326160-21-000219_duk-20210922.htm
documents,1326160,2021-05-28,0001104659-21-064570,already_on_disk,Data\edgar\item5_02_text\1326160\0001104659-21-064570_tm2115845d1_8k.htm
documents,1326160,2021-05-28,0001104659-21-043714,already_on_disk,Data\edgar\item5_02_text\1326160\0001104659-21-043714_tm2111251d1_8k.htm
documents,1326160,2021-05-28,0001326160-21-000105,already_on_disk,Data\edgar\item5_02_text\1326160\0001326160-21-000105_duk-20210225.htm
documents,1326160,2021-05-28,0001104659-20-108520,already_on_disk,Data\edgar\item5_02_text\1326160\0001104659-20-108520_tm2031555-1_8k.htm
documents,1326160,2021-05-28,0001410578-19-000740,already_on_disk,Data\edgar\item5_02_text\1326160\0001410578-19-000740_tv527229_8k.htm
documents,1326160,2021-05-28,0001326160-19-000166,already_on_disk,Data\edgar\item5_02_text\1326160\0001326160-19-000166_a6-26x19form8xkfanandakis.htm
documents,1326801,2013-11-24,0001326801-14-000020,already_on_disk,Data\edgar\item5_02_text\1326801\0001326801-14-000020_form8-kq12014earnings.htm
documents,1326801,2013-11-24,0001193125-13-192397,already_on_disk,Data\edgar\item5_02_text\1326801\0001193125-13-192397_d530318d8k.htm
documents,1326801,2013-11-24,0001193125-13-177980,already_on_disk,Data\edgar\item5_02_text\1326801\0001193125-13-177980_d527261d8k.htm
documents,1326801,2013-11-24,0001326801-13-000008,already_on_disk,Data\edgar\item5_02_text\1326801\0001326801-13-000008_amendmenttofbform8-ksdhcom.htm
documents,1326801,2013-11-24,0001326801-13-000006,already_on_disk,Data\edgar\item5_02_text\1326801\0001326801-13-000006_fb_x8-kxappointmentxofxsus.htm
documents,1326801,2013-11-24,0001193125-12-379221,already_on_disk,Data\edgar\item5_02_text\1326801\0001193125-12-379221_d405186d8k.htm
documents,1326801,2013-11-24,0001193125-12-282349,already_on_disk,Data\edgar\item5_02_text\1326801\0001193125-12-282349_d371533d8k.htm
documents,1326801,2018-03-01,0001326801-18-000039,already_on_disk,Data\edgar\item5_02_text\1326801\0001326801-18-000039_form8k-a.htm
documents,1326801,2018-03-01,0001326801-18-000037,already_on_disk,Data\edgar\item5_02_text\1326801\0001326801-18-000037_form8k.htm
documents,1326801,2018-03-01,0001193125-18-145181,already_on_disk,Data\edgar\item5_02_text\1326801\0001193125-18-145181_d579264d8k.htm
documents,1326801,2018-03-01,0001326801-18-000003,already_on_disk,Data\edgar\item5_02_text\1326801\0001326801-18-000003_form8k_118.htm
documents,1326801,2018-03-01,0001326801-17-000011,already_on_disk,Data\edgar\item5_02_text\1326801\0001326801-17-000011_a8-kitem502.htm
documents,1326801,2018-03-01,0001326801-16-000094,already_on_disk,Data\edgar\item5_02_text\1326801\0001326801-16-000094_form8-kcaonovember2016.htm
documents,1326801,2018-09-01,0001326801-19-000016,already_on_disk,Data\edgar\item5_02_text\1326801\0001326801-19-000016_form8k_314.htm
documents,1326801,2018-09-01,0001326801-18-000039,already_on_disk,Data\edgar\item5_02_text\1326801\0001326801-18-000039_form8k-a.htm
documents,1326801,2018-09-01,0001326801-18-000037,already_on_disk,Data\edgar\item5_02_text\1326801\0001326801-18-000037_form8k.htm
documents,1326801,2018-09-01,0001193125-18-145181,already_on_disk,Data\edgar\item5_02_text\1326801\0001193125-18-145181_d579264d8k.htm
documents,1326801,2018-09-01,0001326801-18-000003,already_on_disk,Data\edgar\item5_02_text\1326801\0001326801-18-000003_form8k_118.htm
documents,1326801,2018-09-01,0001326801-17-000011,already_on_disk,Data\edgar\item5_02_text\1326801\0001326801-17-000011_a8-kitem502.htm
documents,1326801,2018-09-01,0001326801-16-000094,already_on_disk,Data\edgar\item5_02_text\1326801\0001326801-16-000094_form8-kcaonovember2016.htm
documents,1341439,2013-07-10,0001193125-13-037562,already_on_disk,Data\edgar\item5_02_text\1341439\0001193125-13-037562_d480568d8k.htm
documents,1341439,2013-07-10,0001193125-12-277735,already_on_disk,Data\edgar\item5_02_text\1341439\0001193125-12-277735_d370288d8k.htm
documents,1373715,2024-05-14,0001373715-24-000342,already_on_disk,Data\edgar\item5_02_text\1373715\0001373715-24-000342_now-20241021.htm
documents,1373715,2024-05-14,0001373715-24-000269,already_on_disk,Data\edgar\item5_02_text\1373715\0001373715-24-000269_now-20240724.htm
documents,1373715,2024-05-14,0001373715-23-000282,already_on_disk,Data\edgar\item5_02_text\1373715\0001373715-23-000282_now-20230601.htm
documents,1373715,2024-05-14,0001373715-23-000162,already_on_disk,Data\edgar\item5_02_text\1373715\0001373715-23-000162_now-20230424.htm
documents,1373715,2024-05-14,0001373715-23-000016,already_on_disk,Data\edgar\item5_02_text\1373715\0001373715-23-000016_now-20230124.htm
documents,1373715,2024-05-14,0001373715-22-000329,already_on_disk,Data\edgar\item5_02_text\1373715\0001373715-22-000329_now-20221023.htm
documents,1373715,2024-05-14,0001373715-22-000309,already_on_disk,Data\edgar\item5_02_text\1373715\0001373715-22-000309_now-20220822.htm
documents,1373715,2024-05-14,0001373715-22-000239,already_on_disk,Data\edgar\item5_02_text\1373715\0001373715-22-000239_now-20220725.htm
documents,1387467,2022-02-22,0001387467-22-000099,already_on_disk,Data\edgar\item5_02_text\1387467\0001387467-22-000099_aosl-20221206.htm
documents,1387467,2022-02-22,0001387467-22-000019,already_on_disk,Data\edgar\item5_02_text\1387467\0001387467-22-000019_aosl-20220224.htm
documents,1387467,2022-02-22,0001157523-21-001341,already_on_disk,Data\edgar\item5_02_text\1387467\0001157523-21-001341_a52521884.htm
documents,1387467,2022-02-22,0001157523-21-001054,already_on_disk,Data\edgar\item5_02_text\1387467\0001157523-21-001054_a52476520.htm
documents,1387467,2022-02-22,0001387467-21-000022,already_on_disk,Data\edgar\item5_02_text\1387467\0001387467-21-000022_aosl-20210225.htm
documents,1387467,2022-02-22,0001387467-21-000009,already_on_disk,Data\edgar\item5_02_text\1387467\0001387467-21-000009_aosl-20210203.htm
documents,1387467,2022-02-22,0001387467-20-000076,already_on_disk,Data\edgar\item5_02_text\1387467\0001387467-20-000076_aosvotingresultsof2020.htm
documents,1387467,2022-02-22,0001387467-20-000042,already_on_disk,Data\edgar\item5_02_text\1387467\0001387467-20-000042_aos8-k2020bonusplan.htm
documents,1113169,2007-12-24,0000950133-06-005364,already_on_disk,Data\edgar\item5_02_text\1113169\0000950133-06-005364_w28140e8vk.htm
documents,1113169,2007-12-24,0000950133-06-001306,already_on_disk,Data\edgar\item5_02_text\1113169\0000950133-06-001306_w18767e8vk.htm
documents,1113169,2023-05-29,0001113169-23-000046,already_on_disk,Data\edgar\item5_02_text\1113169\0001113169-23-000046_trow-20231031.htm
documents,1113169,2023-05-29,0001113169-23-000035,already_on_disk,Data\edgar\item5_02_text\1113169\0001113169-23-000035_trow-20230731.htm
documents,1113169,2023-05-29,0001113169-23-000009,already_on_disk,Data\edgar\item5_02_text\1113169\0001113169-23-000009_trow-20230303.htm
documents,1113169,2023-05-29,0001113169-22-000008,already_on_disk,Data\edgar\item5_02_text\1113169\0001113169-22-000008_trow-20220406.htm
documents,1113169,2023-05-29,0001113169-21-000040,already_on_disk,Data\edgar\item5_02_text\1113169\0001113169-21-000040_trow-20211229.htm
documents,1113169,2023-05-29,0001113169-21-000037,already_on_disk,Data\edgar\item5_02_text\1113169\0001113169-21-000037_trow-20211207.htm
documents,1113169,2023-05-29,0001113169-21-000035,already_on_disk,Data\edgar\item5_02_text\1113169\0001113169-21-000035_trow-20211102.htm
documents,1113169,2023-05-29,0001113169-21-000026,already_on_disk,Data\edgar\item5_02_text\1113169\0001113169-21-000026_trow-20210729.htm
documents,1397911,2018-07-10,0001397911-19-000008,already_on_disk,Data\edgar\item5_02_text\1397911\0001397911-19-000008_form8-k20190131.htm
documents,1397911,2018-07-10,0001397911-18-000184,already_on_disk,Data\edgar\item5_02_text\1397911\0001397911-18-000184_form8-k20180915boddeparture.htm
documents,1397911,2018-07-10,0001397911-18-000128,already_on_disk,Data\edgar\item5_02_text\1397911\0001397911-18-000128_form8-k20180604.htm
documents,1397911,2018-07-10,0001397911-18-000092,already_on_disk,Data\edgar\item5_02_text\1397911\0001397911-18-000092_form8-k20180329.htm
documents,1397911,2018-07-10,0001397911-16-000378,already_on_disk,Data\edgar\item5_02_text\1397911\0001397911-16-000378_form8-k20161223.htm
documents,1397911,2018-07-10,0001193125-16-784580,already_on_disk,Data\edgar\item5_02_text\1397911\0001193125-16-784580_d308002d8k.htm
documents,1397911,2018-07-10,0001397911-16-000332,already_on_disk,Data\edgar\item5_02_text\1397911\0001397911-16-000332_form8-k20160713paodeparture.htm
documents,1428439,2023-12-01,0001428439-24-000027,already_on_disk,Data\edgar\item5_02_text\1428439\0001428439-24-000027_wk-20240606.htm
documents,1428439,2023-12-01,0001428439-23-000032,already_on_disk,Data\edgar\item5_02_text\1428439\0001428439-23-000032_wk-20230809.htm
documents,1428439,2023-12-01,0001193125-23-063903,already_on_disk,Data\edgar\item5_02_text\1428439\0001193125-23-063903_d466555d8k.htm
documents,1428439,2023-12-01,0001428439-22-000038,already_on_disk,Data\edgar\item5_02_text\1428439\0001428439-22-000038_wk-20221213.htm
documents,1428439,2023-12-01,0001428439-22-000033,already_on_disk,Data\edgar\item5_02_text\1428439\0001428439-22-000033_wk-20221031.htm
documents,1428439,2023-12-01,0001193125-22-244792,already_on_disk,Data\edgar\item5_02_text\1428439\0001193125-22-244792_d392908d8k.htm
documents,1428439,2023-12-01,0001193125-22-004090,already_on_disk,Data\edgar\item5_02_text\1428439\0001193125-22-004090_d44793d8k.htm
documents,1428439,2023-12-28,0001428439-24-000027,already_on_disk,Data\edgar\item5_02_text\1428439\0001428439-24-000027_wk-20240606.htm
documents,1428439,2023-12-28,0001428439-23-000032,already_on_disk,Data\edgar\item5_02_text\1428439\0001428439-23-000032_wk-20230809.htm
documents,1428439,2023-12-28,0001193125-23-063903,already_on_disk,Data\edgar\item5_02_text\1428439\0001193125-23-063903_d466555d8k.htm
documents,1428439,2023-12-28,0001428439-22-000038,already_on_disk,Data\edgar\item5_02_text\1428439\0001428439-22-000038_wk-20221213.htm
documents,1428439,2023-12-28,0001428439-22-000033,already_on_disk,Data\edgar\item5_02_text\1428439\0001428439-22-000033_wk-20221031.htm
documents,1428439,2023-12-28,0001193125-22-244792,already_on_disk,Data\edgar\item5_02_text\1428439\0001193125-22-244792_d392908d8k.htm
documents,1428439,2023-12-28,0001193125-22-004090,already_on_disk,Data\edgar\item5_02_text\1428439\0001193125-22-004090_d44793d8k.htm
documents,1428439,2024-02-29,0001428439-24-000027,already_on_disk,Data\edgar\item5_02_text\1428439\0001428439-24-000027_wk-20240606.htm
documents,1428439,2024-02-29,0001428439-23-000032,already_on_disk,Data\edgar\item5_02_text\1428439\0001428439-23-000032_wk-20230809.htm
documents,1428439,2024-02-29,0001193125-23-063903,already_on_disk,Data\edgar\item5_02_text\1428439\0001193125-23-063903_d466555d8k.htm
documents,1428439,2024-02-29,0001428439-22-000038,already_on_disk,Data\edgar\item5_02_text\1428439\0001428439-22-000038_wk-20221213.htm
documents,1428439,2024-02-29,0001428439-22-000033,already_on_disk,Data\edgar\item5_02_text\1428439\0001428439-22-000033_wk-20221031.htm
documents,1428439,2024-02-29,0001193125-22-244792,already_on_disk,Data\edgar\item5_02_text\1428439\0001193125-22-244792_d392908d8k.htm
documents,1447669,2022-08-04,0001447669-22-000212,already_on_disk,Data\edgar\item5_02_text\1447669\0001447669-22-000212_twlo-20220804.htm
documents,1447669,2022-08-04,0001447669-22-000141,already_on_disk,Data\edgar\item5_02_text\1447669\0001447669-22-000141_twlo-20220804.htm
documents,1447669,2022-08-04,0001447669-22-000094,already_on_disk,Data\edgar\item5_02_text\1447669\0001447669-22-000094_twlo-20220428.htm
documents,1447669,2022-08-04,0001447669-21-000296,already_on_disk,Data\edgar\item5_02_text\1447669\0001447669-21-000296_twlo-20211208.htm
documents,1447669,2022-08-04,0001447669-21-000263,already_on_disk,Data\edgar\item5_02_text\1447669\0001447669-21-000263_twlo-20211025.htm
documents,1447669,2022-08-04,0001447669-21-000122,already_on_disk,Data\edgar\item5_02_text\1447669\0001447669-21-000122_twlo-20210430.htm
documents,1447669,2022-08-04,0001193125-21-091239,already_on_disk,Data\edgar\item5_02_text\1447669\0001193125-21-091239_d125978d8ka.htm
documents,1447669,2022-08-04,0001193125-21-049966,already_on_disk,Data\edgar\item5_02_text\1447669\0001193125-21-049966_d126706d8k.htm
documents,1447669,2022-08-04,0001193125-21-008667,already_on_disk,Data\edgar\item5_02_text\1447669\0001193125-21-008667_d113435d8k.htm
documents,1447669,2024-04-01,0001193125-24-086510,already_on_disk,Data\edgar\item5_02_text\1447669\0001193125-24-086510_d823064d8k.htm
documents,1447669,2024-04-01,0001193125-24-082747,already_on_disk,Data\edgar\item5_02_text\1447669\0001193125-24-082747_d819874d8k.htm
documents,1447669,2024-04-01,0001193125-24-004000,already_on_disk,Data\edgar\item5_02_text\1447669\0001193125-24-004000_d551551d8k.htm
documents,1447669,2024-04-01,0001447669-23-000241,already_on_disk,Data\edgar\item5_02_text\1447669\0001447669-23-000241_twlo-20231130.htm
documents,1447669,2024-04-01,0001447669-23-000224,already_on_disk,Data\edgar\item5_02_text\1447669\0001447669-23-000224_twlo-20231103.htm
documents,1447669,2024-04-01,0001447669-23-000075,already_on_disk,Data\edgar\item5_02_text\1447669\0001447669-23-000075_twlo-20230327.htm
documents,1447669,2024-04-01,0001193125-23-045159,already_on_disk,Data\edgar\item5_02_text\1447669\0001193125-23-045159_d490360d8k.htm
documents,1447669,2024-04-01,0001447669-23-000025,already_on_disk,Data\edgar\item5_02_text\1447669\0001447669-23-000025_twlo-20230214.htm
documents,1447669,2024-04-01,0001193125-23-034646,already_on_disk,Data\edgar\item5_02_text\1447669\0001193125-23-034646_d465044d8k.htm
documents,1447669,2024-04-01,0001447669-23-000009,already_on_disk,Data\edgar\item5_02_text\1447669\0001447669-23-000009_twlo-20221219.htm
documents,1447669,2024-04-01,0001447669-22-000212,already_on_disk,Data\edgar\item5_02_text\1447669\0001447669-22-000212_twlo-20220804.htm
documents,1447669,2024-04-01,0001447669-22-000141,already_on_disk,Data\edgar\item5_02_text\1447669\0001447669-22-000141_twlo-20220804.htm
documents,1447669,2024-04-01,0001447669-22-000094,already_on_disk,Data\edgar\item5_02_text\1447669\0001447669-22-000094_twlo-20220428.htm
documents,1400891,2024-12-24,0001193125-25-193386,already_on_disk,Data\edgar\item5_02_text\1400891\0001193125-25-193386_d93724d8k.htm
documents,1400891,2024-12-24,0001400891-25-000040,already_on_disk,Data\edgar\item5_02_text\1400891\0001400891-25-000040_ihm-20250530.htm
documents,1400891,2024-12-24,0001400891-25-000020,already_on_disk,Data\edgar\item5_02_text\1400891\0001400891-25-000020_ihm-20250326.htm
documents,1400891,2024-12-24,0001400891-25-000012,already_on_disk,Data\edgar\item5_02_text\1400891\0001400891-25-000012_ihm-20250303.htm
documents,1400891,2024-12-24,0001400891-24-000030,already_on_disk,Data\edgar\item5_02_text\1400891\0001400891-24-000030_ihm-20241028.htm
documents,1400891,2024-12-24,0001193125-23-149381,already_on_disk,Data\edgar\item5_02_text\1400891\0001193125-23-149381_d510391d8k.htm
documents,1472787,2023-12-18,0000950170-24-105161,already_on_disk,Data\edgar\item5_02_text\1472787\0000950170-24-105161_faf-20240910.htm
documents,1472787,2023-12-18,0001564590-22-025523,already_on_disk,Data\edgar\item5_02_text\1472787\0001564590-22-025523_faf-8k_20220706.htm
documents,1472787,2023-12-18,0001564590-22-020134,already_on_disk,Data\edgar\item5_02_text\1472787\0001564590-22-020134_faf-8k_20220510.htm
documents,1472787,2023-12-18,0001564590-22-010090,already_on_disk,Data\edgar\item5_02_text\1472787\0001564590-22-010090_faf-8ka_20220204.htm
documents,1472787,2023-12-18,0001564590-22-004505,already_on_disk,Data\edgar\item5_02_text\1472787\0001564590-22-004505_faf-8k_20220204.htm
documents,728535,2020-08-01,0001437749-22-001506,already_on_disk,Data\edgar\item5_02_text\728535\0001437749-22-001506_jbht20220124_8k.htm
documents,728535,2020-08-01,0001437749-21-001198,already_on_disk,Data\edgar\item5_02_text\728535\0001437749-21-001198_jbht20210122_8k.htm
documents,728535,2020-08-01,0001437749-20-024370,already_on_disk,Data\edgar\item5_02_text\728535\0001437749-20-024370_jbht20201123_8k.htm
documents,728535,2020-08-01,0001437749-20-002187,already_on_disk,Data\edgar\item5_02_text\728535\0001437749-20-002187_jbht20200207_8k.htm
documents,728535,2020-08-01,0001437749-20-001559,already_on_disk,Data\edgar\item5_02_text\728535\0001437749-20-001559_jbht20200203_8ka.htm
documents,728535,2020-08-01,0001437749-20-001300,already_on_disk,Data\edgar\item5_02_text\728535\0001437749-20-001300_jbht20200127_8k.htm
documents,728535,2020-08-01,0001437749-19-023851,already_on_disk,Data\edgar\item5_02_text\728535\0001437749-19-023851_jbht20191204_8k.htm
documents,728535,2020-08-01,0001437749-19-001348,already_on_disk,Data\edgar\item5_02_text\728535\0001437749-19-001348_jbht20190124_8k.htm
documents,728535,2020-08-17,0001437749-22-001506,already_on_disk,Data\edgar\item5_02_text\728535\0001437749-22-001506_jbht20220124_8k.htm
documents,728535,2020-08-17,0001437749-21-001198,already_on_disk,Data\edgar\item5_02_text\728535\0001437749-21-001198_jbht20210122_8k.htm
documents,728535,2020-08-17,0001437749-20-024370,already_on_disk,Data\edgar\item5_02_text\728535\0001437749-20-024370_jbht20201123_8k.htm
documents,728535,2020-08-17,0001437749-20-002187,already_on_disk,Data\edgar\item5_02_text\728535\0001437749-20-002187_jbht20200207_8k.htm
documents,728535,2020-08-17,0001437749-20-001559,already_on_disk,Data\edgar\item5_02_text\728535\0001437749-20-001559_jbht20200203_8ka.htm
documents,728535,2020-08-17,0001437749-20-001300,already_on_disk,Data\edgar\item5_02_text\728535\0001437749-20-001300_jbht20200127_8k.htm
documents,728535,2020-08-17,0001437749-19-023851,already_on_disk,Data\edgar\item5_02_text\728535\0001437749-19-023851_jbht20191204_8k.htm
documents,728535,2020-08-17,0001437749-19-001348,already_on_disk,Data\edgar\item5_02_text\728535\0001437749-19-001348_jbht20190124_8k.htm
documents,1501585,2022-03-01,0001193125-23-251587,already_on_disk,Data\edgar\item5_02_text\1501585\0001193125-23-251587_d554863d8k.htm
documents,1501585,2022-03-01,0001193125-22-309155,already_on_disk,Data\edgar\item5_02_text\1501585\0001193125-22-309155_d462123d8k.htm
documents,1501585,2022-03-01,0001193125-22-301591,already_on_disk,Data\edgar\item5_02_text\1501585\0001193125-22-301591_d421696d8k.htm
documents,1501585,2022-03-01,0001193125-22-200081,already_on_disk,Data\edgar\item5_02_text\1501585\0001193125-22-200081_d304819d8k.htm
documents,1501585,2022-03-01,0001193125-22-145035,already_on_disk,Data\edgar\item5_02_text\1501585\0001193125-22-145035_d259411d8k.htm
documents,1501585,2022-03-01,0001193125-22-065623,already_on_disk,Data\edgar\item5_02_text\1501585\0001193125-22-065623_d198358d8k.htm
documents,1501585,2022-03-01,0001193125-22-065618,already_on_disk,Data\edgar\item5_02_text\1501585\0001193125-22-065618_d199082d8ka.htm
documents,1501585,2022-03-01,0001193125-22-024572,already_on_disk,Data\edgar\item5_02_text\1501585\0001193125-22-024572_d82681d8k.htm
documents,1501585,2022-03-01,0001193125-22-023552,already_on_disk,Data\edgar\item5_02_text\1501585\0001193125-22-023552_d292072d8k.htm
documents,1501585,2022-03-01,0001193125-21-072840,already_on_disk,Data\edgar\item5_02_text\1501585\0001193125-21-072840_d84630d8k.htm
documents,1501585,2022-03-01,0001193125-21-013212,already_on_disk,Data\edgar\item5_02_text\1501585\0001193125-21-013212_d116167d8k.htm
documents,1501585,2022-03-01,0001193125-20-321598,already_on_disk,Data\edgar\item5_02_text\1501585\0001193125-20-321598_d95898d8k.htm
documents,1501585,2022-03-01,0001193125-20-068719,already_on_disk,Data\edgar\item5_02_text\1501585\0001193125-20-068719_d885433d8k.htm
documents,1510295,2018-11-28,0001510295-19-000078,already_on_disk,Data\edgar\item5_02_text\1510295\0001510295-19-000078_mpc8-kofficerchanges62019.htm
documents,1510295,2018-11-28,0001510295-19-000007,already_on_disk,Data\edgar\item5_02_text\1510295\0001510295-19-000007_mpc8-kjan2019.htm
documents,1510295,2018-11-28,0001510295-18-000225,already_on_disk,Data\edgar\item5_02_text\1510295\0001510295-18-000225_mpc8-knov82018.htm
documents,1510295,2018-11-28,0001193125-18-289740,already_on_disk,Data\edgar\item5_02_text\1510295\0001193125-18-289740_d632978d8k.htm
documents,1510295,2018-11-28,0001510295-18-000146,already_on_disk,Data\edgar\item5_02_text\1510295\0001510295-18-000146_mpc8-k8102018.htm
documents,1510295,2018-11-28,0001510295-17-000059,already_on_disk,Data\edgar\item5_02_text\1510295\0001510295-17-000059_mpc8-kappointments.htm
documents,1510295,2018-11-28,0001510295-17-000028,already_on_disk,Data\edgar\item5_02_text\1510295\0001510295-17-000028_mpc8-kmarch152017.htm
documents,1510295,2018-11-28,0001510295-17-000019,already_on_disk,Data\edgar\item5_02_text\1510295\0001510295-17-000019_mpc8-kastice.htm
documents,1510295,2018-11-28,0001510295-17-000011,already_on_disk,Data\edgar\item5_02_text\1510295\0001510295-17-000011_mpc8-kxstice.htm
documents,1512673,2016-02-01,0001193125-16-695521,already_on_disk,Data\edgar\item5_02_text\1512673\0001193125-16-695521_d240203d8k.htm
documents,1512673,2016-02-01,0001193125-16-679281,already_on_disk,Data\edgar\item5_02_text\1512673\0001193125-16-679281_d193806d8k.htm
documents,1512673,2016-02-01,0001193125-16-589702,already_on_disk,Data\edgar\item5_02_text\1512673\0001193125-16-589702_d153714d8k.htm
documents,1512673,2016-02-09,0001193125-16-695521,already_on_disk,Data\edgar\item5_02_text\1512673\0001193125-16-695521_d240203d8k.htm
documents,1512673,2016-02-09,0001193125-16-679281,already_on_disk,Data\edgar\item5_02_text\1512673\0001193125-16-679281_d193806d8k.htm
documents,1512673,2016-02-09,0001193125-16-589702,already_on_disk,Data\edgar\item5_02_text\1512673\0001193125-16-589702_d153714d8k.htm
documents,1512673,2016-03-21,0001193125-16-731604,already_on_disk,Data\edgar\item5_02_text\1512673\0001193125-16-731604_d234517d8k.htm
documents,1512673,2016-03-21,0001193125-16-695521,already_on_disk,Data\edgar\item5_02_text\1512673\0001193125-16-695521_d240203d8k.htm
documents,1512673,2016-03-21,0001193125-16-679281,already_on_disk,Data\edgar\item5_02_text\1512673\0001193125-16-679281_d193806d8k.htm
documents,1512673,2016-03-21,0001193125-16-589702,already_on_disk,Data\edgar\item5_02_text\1512673\0001193125-16-589702_d153714d8k.htm
documents,1512673,2023-01-12,0001193125-24-029919,already_on_disk,Data\edgar\item5_02_text\1512673\0001193125-24-029919_d728712d8k.htm
documents,1512673,2023-01-12,0001193125-23-265109,already_on_disk,Data\edgar\item5_02_text\1512673\0001193125-23-265109_d557189d8ka.htm
documents,1512673,2023-01-12,0001193125-23-236904,already_on_disk,Data\edgar\item5_02_text\1512673\0001193125-23-236904_d479324d8k.htm
documents,1512673,2023-01-12,0001193125-23-196098,already_on_disk,Data\edgar\item5_02_text\1512673\0001193125-23-196098_d539859d8k.htm
documents,1512673,2023-01-12,0001193125-23-185337,already_on_disk,Data\edgar\item5_02_text\1512673\0001193125-23-185337_d442940d8k.htm
documents,1512673,2023-01-12,0001193125-23-007182,already_on_disk,Data\edgar\item5_02_text\1512673\0001193125-23-007182_d449462d8k.htm
documents,1512673,2023-01-12,0001193125-22-115189,already_on_disk,Data\edgar\item5_02_text\1512673\0001193125-22-115189_d344135d8ka.htm
documents,1512673,2023-01-12,0001193125-22-106860,already_on_disk,Data\edgar\item5_02_text\1512673\0001193125-22-106860_d195404d8k.htm
documents,1512673,2023-01-12,0001193125-22-023529,already_on_disk,Data\edgar\item5_02_text\1512673\0001193125-22-023529_d261416d8k.htm
documents,1512673,2023-01-12,0001193125-21-155059,already_on_disk,Data\edgar\item5_02_text\1512673\0001193125-21-155059_d448286d8k.htm
documents,1535527,2022-04-01,0001104659-22-044351,already_on_disk,Data\edgar\item5_02_text\1535527\0001104659-22-044351_tm2212244d1_8k.htm
documents,1535527,2022-04-01,0001104659-22-004504,already_on_disk,Data\edgar\item5_02_text\1535527\0001104659-22-004504_tm222862d1_8k.htm
documents,1535527,2022-04-01,0001104659-21-154724,already_on_disk,Data\edgar\item5_02_text\1535527\0001104659-21-154724_tm2136531d1_8k.htm
documents,1535527,2022-04-01,0001104659-21-129072,already_on_disk,Data\edgar\item5_02_text\1535527\0001104659-21-129072_tm2130856d1_8k.htm
documents,1535527,2022-04-01,0001104659-21-117007,already_on_disk,Data\edgar\item5_02_text\1535527\0001104659-21-117007_tm2127949d1_8k.htm
documents,1535527,2022-04-01,0001104659-21-101531,already_on_disk,Data\edgar\item5_02_text\1535527\0001104659-21-101531_tm2124374d1_8k.htm
documents,1535527,2022-04-01,0001104659-21-048810,already_on_disk,Data\edgar\item5_02_text\1535527\0001104659-21-048810_tm2112658d1_8k.htm
documents,1535527,2022-04-01,0001104659-21-035670,already_on_disk,Data\edgar\item5_02_text\1535527\0001104659-21-035670_tm219494d1_8k.htm
documents,1535527,2022-04-01,0001104659-20-132008,already_on_disk,Data\edgar\item5_02_text\1535527\0001104659-20-132008_tm2037694d1_8k.htm
documents,1535527,2022-04-01,0001104659-20-074711,already_on_disk,Data\edgar\item5_02_text\1535527\0001104659-20-074711_tm2022965d1_8k.htm
documents,1535527,2022-04-01,0001104659-20-045597,already_on_disk,Data\edgar\item5_02_text\1535527\0001104659-20-045597_tm2015654d1_8k.htm
documents,1535527,2024-07-19,0001104659-23-028507,already_on_disk,Data\edgar\item5_02_text\1535527\0001104659-23-028507_tm238330d1_8k.htm
documents,1535527,2024-07-19,0001104659-23-005624,already_on_disk,Data\edgar\item5_02_text\1535527\0001104659-23-005624_tm234087d1_8k.htm
documents,1543151,2019-10-28,0001552781-20-000209,already_on_disk,Data\edgar\item5_02_text\1543151\0001552781-20-000209_e20170_uber-8k.htm
documents,1543151,2019-10-28,0001552781-20-000149,already_on_disk,Data\edgar\item5_02_text\1543151\0001552781-20-000149_e20097_uber-8k.htm
documents,1543151,2019-10-28,0001552781-19-000515,already_on_disk,Data\edgar\item5_02_text\1543151\0001552781-19-000515_e19531_uber-8k.htm
documents,1543151,2019-10-28,0001193125-19-201404,already_on_disk,Data\edgar\item5_02_text\1543151\0001193125-19-201404_d778039d8k.htm
documents,1543151,2019-10-28,0001193125-19-201403,already_on_disk,Data\edgar\item5_02_text\1543151\0001193125-19-201403_d778037d8k.htm
documents,1543151,2019-10-28,0001552781-19-000277,already_on_disk,Data\edgar\item5_02_text\1543151\0001552781-19-000277_e19316_uber-8k.htm
documents,1543151,2019-10-28,0001193125-19-157213,already_on_disk,Data\edgar\item5_02_text\1543151\0001193125-19-157213_d753156d8k.htm
documents,1543151,2023-01-23,0001543151-23-000021,already_on_disk,Data\edgar\item5_02_text\1543151\0001543151-23-000021_uber-20230728.htm
documents,1543151,2023-01-23,0001552781-23-000316,already_on_disk,Data\edgar\item5_02_text\1543151\0001552781-23-000316_e23297_uber-8k.htm
documents,1543151,2023-01-23,0001552781-21-000144,already_on_disk,Data\edgar\item5_02_text\1543151\0001552781-21-000144_e21165_uber-8k.htm
documents,1543151,2023-03-31,0001543151-23-000021,already_on_disk,Data\edgar\item5_02_text\1543151\0001543151-23-000021_uber-20230728.htm
documents,1543151,2023-03-31,0001552781-23-000316,already_on_disk,Data\edgar\item5_02_text\1543151\0001552781-23-000316_e23297_uber-8k.htm
documents,1543151,2024-08-23,0001552781-25-000025,already_on_disk,Data\edgar\item5_02_text\1543151\0001552781-25-000025_e25038_uber-8k.htm
documents,1543151,2024-08-23,0001552781-23-000451,already_on_disk,Data\edgar\item5_02_text\1543151\0001552781-23-000451_e23460_uber-8k.htm
documents,1543151,2024-08-23,0001543151-23-000036,already_on_disk,Data\edgar\item5_02_text\1543151\0001543151-23-000036_uber-20231107.htm
documents,1543151,2024-08-23,0001552781-23-000389,already_on_disk,Data\edgar\item5_02_text\1543151\0001552781-23-000389_e23399_uber-8k.htm
documents,1543151,2024-08-23,0001543151-23-000021,already_on_disk,Data\edgar\item5_02_text\1543151\0001543151-23-000021_uber-20230728.htm
documents,1543151,2024-08-23,0001552781-23-000316,already_on_disk,Data\edgar\item5_02_text\1543151\0001552781-23-000316_e23297_uber-8k.htm
documents,1553023,2017-10-18,0001553023-18-000090,already_on_disk,Data\edgar\item5_02_text\1553023\0001553023-18-000090_a8k180621.htm
documents,1553023,2017-10-18,0001553023-18-000025,already_on_disk,Data\edgar\item5_02_text\1553023\0001553023-18-000025_a4thqtrpressreleasefebruar.htm
documents,1553023,2017-10-18,0001553023-16-000216,already_on_disk,Data\edgar\item5_02_text\1553023\0001553023-16-000216_form8ka-gasa.htm
documents,1553023,2017-10-18,0001104659-16-153088,already_on_disk,Data\edgar\item5_02_text\1553023\0001104659-16-153088_a16-20657_18k.htm
documents,1564408,2022-03-01,0001193125-22-234696,already_on_disk,Data\edgar\item5_02_text\1564408\0001193125-22-234696_d400240d8k.htm
documents,1564408,2022-03-01,0001564590-22-026167,already_on_disk,Data\edgar\item5_02_text\1564408\0001564590-22-026167_snap-8k_20220719.htm
documents,1564408,2022-03-01,0001193125-21-284200,already_on_disk,Data\edgar\item5_02_text\1564408\0001193125-21-284200_d233227d8k.htm
documents,1564408,2022-03-01,0001193125-20-315448,already_on_disk,Data\edgar\item5_02_text\1564408\0001193125-20-315448_d27353d8k.htm
documents,1564408,2022-03-01,0001193125-20-291819,already_on_disk,Data\edgar\item5_02_text\1564408\0001193125-20-291819_d87827d8k.htm
documents,1564408,2022-03-01,0001564590-20-010661,already_on_disk,Data\edgar\item5_02_text\1564408\0001564590-20-010661_snap-8k_20200312.htm
documents,1590895,2023-08-23,0001590895-24-000004,already_on_disk,Data\edgar\item5_02_text\1590895\0001590895-24-000004_czr-20240126.htm
documents,1590895,2023-08-23,0001193125-22-196372,already_on_disk,Data\edgar\item5_02_text\1590895\0001193125-22-196372_d389156d8k.htm
documents,1590895,2023-08-23,0001590895-22-000078,already_on_disk,Data\edgar\item5_02_text\1590895\0001590895-22-000078_czr-20220225.htm
documents,1590895,2023-08-23,0001590895-22-000004,already_on_disk,Data\edgar\item5_02_text\1590895\0001590895-22-000004_czr-20211228.htm
documents,1590895,2023-08-23,0001193125-21-356883,already_on_disk,Data\edgar\item5_02_text\1590895\0001193125-21-356883_d262648d8ka.htm
documents,1590895,2023-08-23,0001193125-21-305552,already_on_disk,Data\edgar\item5_02_text\1590895\0001193125-21-305552_d437084d8k.htm
documents,1609711,2019-10-16,0001609711-23-000153,already_on_disk,Data\edgar\item5_02_text\1609711\0001609711-23-000153_gddy-20231005.htm
documents,1609711,2019-10-16,0001609711-23-000099,already_on_disk,Data\edgar\item5_02_text\1609711\0001609711-23-000099_gddy-20230606.htm
documents,1609711,2019-10-16,0001609711-23-000009,already_on_disk,Data\edgar\item5_02_text\1609711\0001609711-23-000009_gddy-20230122.htm
documents,1609711,2019-10-16,0001609711-22-000118,already_on_disk,Data\edgar\item5_02_text\1609711\0001609711-22-000118_gddy-20220923.htm
documents,1609711,2019-10-16,0001609711-22-000092,already_on_disk,Data\edgar\item5_02_text\1609711\0001609711-22-000092_gddy-20220707.htm
documents,1609711,2019-10-16,0001609711-22-000011,already_on_disk,Data\edgar\item5_02_text\1609711\0001609711-22-000011_gddy-20220103.htm
documents,1609711,2019-10-16,0001609711-22-000003,already_on_disk,Data\edgar\item5_02_text\1609711\0001609711-22-000003_gddy-20220103.htm
documents,1609711,2019-10-16,0001609711-21-000126,already_on_disk,Data\edgar\item5_02_text\1609711\0001609711-21-000126_gddy-20211130.htm
documents,1609711,2019-10-16,0001609711-21-000059,already_on_disk,Data\edgar\item5_02_text\1609711\0001609711-21-000059_gddy-20210501.htm
documents,1609711,2019-10-16,0001609711-21-000052,already_on_disk,Data\edgar\item5_02_text\1609711\0001609711-21-000052_gddy-20210210.htm
documents,1609711,2019-10-16,0001609711-21-000008,already_on_disk,Data\edgar\item5_02_text\1609711\0001609711-21-000008_gddy-20210210.htm
documents,1609711,2019-10-16,0001609711-20-000141,already_on_disk,Data\edgar\item5_02_text\1609711\0001609711-20-000141_gddy-20201030.htm
documents,1609711,2019-10-16,0001609711-20-000053,already_on_disk,Data\edgar\item5_02_text\1609711\0001609711-20-000053_gddy-20200305.htm
documents,1609711,2019-10-16,0001609711-20-000004,already_on_disk,Data\edgar\item5_02_text\1609711\0001609711-20-000004_gddy-20200207.htm
documents,1609711,2019-10-16,0001609711-19-000250,already_on_disk,Data\edgar\item5_02_text\1609711\0001609711-19-000250_gddy1242019-pao8xk.htm
documents,1609711,2019-10-16,0001609711-19-000212,already_on_disk,Data\edgar\item5_02_text\1609711\0001609711-19-000212_gddy942019-alakamend8xk.htm
documents,1609711,2019-10-16,0001609711-19-000190,already_on_disk,Data\edgar\item5_02_text\1609711\0001609711-19-000190_a8119-ceochange8xk.htm
documents,1609711,2019-10-16,0001609711-19-000176,already_on_disk,Data\edgar\item5_02_text\1609711\0001609711-19-000176_a71619cao8-k.htm
documents,1609711,2019-10-16,0001609711-19-000008,already_on_disk,Data\edgar\item5_02_text\1609711\0001609711-19-000008_gddy-2819xofficerchanges8xk.htm
documents,1609711,2019-10-16,0001609711-18-000218,already_on_disk,Data\edgar\item5_02_text\1609711\0001609711-18-000218_gddy-10318xparsons8xk.htm
documents,1609711,2019-10-16,0001609711-18-000176,already_on_disk,Data\edgar\item5_02_text\1609711\0001609711-18-000176_gddy-063018earningsrelease.htm
documents,1609711,2019-10-16,0001609711-18-000127,already_on_disk,Data\edgar\item5_02_text\1609711\0001609711-18-000127_gddy-03312018earningsrelea.htm
documents,1609711,2019-10-16,0001609711-18-000020,already_on_disk,Data\edgar\item5_02_text\1609711\0001609711-18-000020_gddy-2118xgarrettbod8xk.htm
documents,1609711,2019-10-16,0001609711-17-000280,already_on_disk,Data\edgar\item5_02_text\1609711\0001609711-17-000280_gddy-12817ua.htm
documents,1609711,2021-09-06,0001609711-22-000011,already_on_disk,Data\edgar\item5_02_text\1609711\0001609711-22-000011_gddy-20220103.htm
documents,1609711,2021-09-06,0001609711-22-000003,already_on_disk,Data\edgar\item5_02_text\1609711\0001609711-22-000003_gddy-20220103.htm
documents,1609711,2021-09-06,0001609711-21-000126,already_on_disk,Data\edgar\item5_02_text\1609711\0001609711-21-000126_gddy-20211130.htm
documents,1609711,2021-09-06,0001609711-21-000059,already_on_disk,Data\edgar\item5_02_text\1609711\0001609711-21-000059_gddy-20210501.htm
documents,1609711,2021-09-06,0001609711-21-000052,already_on_disk,Data\edgar\item5_02_text\1609711\0001609711-21-000052_gddy-20210210.htm
documents,1609711,2021-09-06,0001609711-21-000008,already_on_disk,Data\edgar\item5_02_text\1609711\0001609711-21-000008_gddy-20210210.htm
documents,1609711,2021-09-06,0001609711-20-000141,already_on_disk,Data\edgar\item5_02_text\1609711\0001609711-20-000141_gddy-20201030.htm
documents,1609711,2021-09-06,0001609711-20-000053,already_on_disk,Data\edgar\item5_02_text\1609711\0001609711-20-000053_gddy-20200305.htm
documents,1609711,2021-09-06,0001609711-20-000004,already_on_disk,Data\edgar\item5_02_text\1609711\0001609711-20-000004_gddy-20200207.htm
documents,1609711,2021-09-06,0001609711-19-000250,already_on_disk,Data\edgar\item5_02_text\1609711\0001609711-19-000250_gddy1242019-pao8xk.htm
documents,1609711,2021-09-06,0001609711-19-000212,already_on_disk,Data\edgar\item5_02_text\1609711\0001609711-19-000212_gddy942019-alakamend8xk.htm
documents,1609711,2022-03-14,0001609711-22-000118,already_on_disk,Data\edgar\item5_02_text\1609711\0001609711-22-000118_gddy-20220923.htm
documents,1609711,2022-03-14,0001609711-22-000092,already_on_disk,Data\edgar\item5_02_text\1609711\0001609711-22-000092_gddy-20220707.htm
documents,1609711,2022-03-14,0001609711-22-000011,already_on_disk,Data\edgar\item5_02_text\1609711\0001609711-22-000011_gddy-20220103.htm
documents,1609711,2022-03-14,0001609711-22-000003,already_on_disk,Data\edgar\item5_02_text\1609711\0001609711-22-000003_gddy-20220103.htm
documents,1609711,2022-03-14,0001609711-21-000126,already_on_disk,Data\edgar\item5_02_text\1609711\0001609711-21-000126_gddy-20211130.htm
documents,1609711,2022-03-14,0001609711-21-000059,already_on_disk,Data\edgar\item5_02_text\1609711\0001609711-21-000059_gddy-20210501.htm
documents,1609711,2022-03-14,0001609711-21-000052,already_on_disk,Data\edgar\item5_02_text\1609711\0001609711-21-000052_gddy-20210210.htm
documents,1609711,2022-03-14,0001609711-21-000008,already_on_disk,Data\edgar\item5_02_text\1609711\0001609711-21-000008_gddy-20210210.htm
documents,1609711,2022-03-14,0001609711-20-000141,already_on_disk,Data\edgar\item5_02_text\1609711\0001609711-20-000141_gddy-20201030.htm
documents,1609711,2022-03-14,0001609711-20-000053,already_on_disk,Data\edgar\item5_02_text\1609711\0001609711-20-000053_gddy-20200305.htm
documents,1632127,2019-03-01,0001437749-19-018435,already_on_disk,Data\edgar\item5_02_text\1632127\0001437749-19-018435_cabo20190911_8k.htm
documents,1632127,2019-03-01,0001437749-19-013104,already_on_disk,Data\edgar\item5_02_text\1632127\0001437749-19-013104_cabo20190624_8k.htm
documents,1632127,2019-03-01,0001437749-18-017917,already_on_disk,Data\edgar\item5_02_text\1632127\0001437749-18-017917_cabo20181002_8k.htm
documents,1632127,2019-03-01,0001437749-18-012969,already_on_disk,Data\edgar\item5_02_text\1632127\0001437749-18-012969_cabo20180702_8k.htm
documents,1632127,2019-03-01,0001437749-18-006058,already_on_disk,Data\edgar\item5_02_text\1632127\0001437749-18-006058_cabo20180330_8k.htm
documents,1632127,2019-03-01,0000950157-17-001559,already_on_disk,Data\edgar\item5_02_text\1632127\0000950157-17-001559_form8k.htm
documents,1632127,2019-03-01,0001437749-17-018584,already_on_disk,Data\edgar\item5_02_text\1632127\0001437749-17-018584_cabo20171107_8k.htm
documents,1632127,2019-03-01,0000950157-17-001405,already_on_disk,Data\edgar\item5_02_text\1632127\0000950157-17-001405_form8k.htm
documents,1632127,2019-03-01,0000950157-17-000552,already_on_disk,Data\edgar\item5_02_text\1632127\0000950157-17-000552_form8k.htm
documents,1632127,2019-08-08,0001437749-19-018435,already_on_disk,Data\edgar\item5_02_text\1632127\0001437749-19-018435_cabo20190911_8k.htm
documents,1632127,2019-08-08,0001437749-19-013104,already_on_disk,Data\edgar\item5_02_text\1632127\0001437749-19-013104_cabo20190624_8k.htm
documents,1632127,2019-08-08,0001437749-18-017917,already_on_disk,Data\edgar\item5_02_text\1632127\0001437749-18-017917_cabo20181002_8k.htm
documents,1632127,2019-08-08,0001437749-18-012969,already_on_disk,Data\edgar\item5_02_text\1632127\0001437749-18-012969_cabo20180702_8k.htm
documents,1632127,2019-08-08,0001437749-18-006058,already_on_disk,Data\edgar\item5_02_text\1632127\0001437749-18-006058_cabo20180330_8k.htm
documents,1632127,2019-08-08,0000950157-17-001559,already_on_disk,Data\edgar\item5_02_text\1632127\0000950157-17-001559_form8k.htm
documents,1632127,2019-08-08,0001437749-17-018584,already_on_disk,Data\edgar\item5_02_text\1632127\0001437749-17-018584_cabo20171107_8k.htm
documents,1632127,2019-08-08,0000950157-17-001405,already_on_disk,Data\edgar\item5_02_text\1632127\0000950157-17-001405_form8k.htm
documents,1640147,2024-03-01,0001640147-24-000183,already_on_disk,Data\edgar\item5_02_text\1640147\0001640147-24-000183_snow-20240630.htm
documents,1640147,2024-03-01,0001640147-24-000033,already_on_disk,Data\edgar\item5_02_text\1640147\0001640147-24-000033_snow-20240227.htm
documents,1640147,2024-03-01,0001640147-24-000031,already_on_disk,Data\edgar\item5_02_text\1640147\0001640147-24-000031_snow-20240227.htm
documents,1640147,2024-03-01,0001640147-23-000193,already_on_disk,Data\edgar\item5_02_text\1640147\0001640147-23-000193_snow-20230822.htm
documents,1640147,2024-03-01,0001640147-23-000073,already_on_disk,Data\edgar\item5_02_text\1640147\0001640147-23-000073_snow-20230523.htm
documents,1640147,2024-03-01,0001640147-23-000044,already_on_disk,Data\edgar\item5_02_text\1640147\0001640147-23-000044_snow-20230405.htm
documents,1640147,2024-04-14,0001640147-24-000183,already_on_disk,Data\edgar\item5_02_text\1640147\0001640147-24-000183_snow-20240630.htm
documents,1640147,2024-04-14,0001640147-24-000033,already_on_disk,Data\edgar\item5_02_text\1640147\0001640147-24-000033_snow-20240227.htm
documents,1640147,2024-04-14,0001640147-24-000031,already_on_disk,Data\edgar\item5_02_text\1640147\0001640147-24-000031_snow-20240227.htm
documents,1640147,2024-04-14,0001640147-23-000193,already_on_disk,Data\edgar\item5_02_text\1640147\0001640147-23-000193_snow-20230822.htm
documents,1640147,2024-04-14,0001640147-23-000073,already_on_disk,Data\edgar\item5_02_text\1640147\0001640147-23-000073_snow-20230523.htm
documents,1640147,2024-04-14,0001640147-23-000044,already_on_disk,Data\edgar\item5_02_text\1640147\0001640147-23-000044_snow-20230405.htm
documents,1645590,2023-12-12,0001645590-25-000081,already_on_disk,Data\edgar\item5_02_text\1645590\0001645590-25-000081_hpe-20250716.htm
documents,1645590,2023-12-12,0001645590-25-000048,already_on_disk,Data\edgar\item5_02_text\1645590\0001645590-25-000048_hpe-20250402.htm
documents,1645590,2023-12-12,0001645590-24-000125,already_on_disk,Data\edgar\item5_02_text\1645590\0001645590-24-000125_hpe-20241030.htm
documents,1645590,2023-12-12,0001645590-24-000078,already_on_disk,Data\edgar\item5_02_text\1645590\0001645590-24-000078_hpe-20240410.htm
documents,1645590,2023-12-12,0001645590-24-000073,already_on_disk,Data\edgar\item5_02_text\1645590\0001645590-24-000073_hpe-20240401.htm
documents,1645590,2023-12-12,0001645590-24-000016,already_on_disk,Data\edgar\item5_02_text\1645590\0001645590-24-000016_hpe-20240206.htm
documents,1645590,2023-12-12,0001645590-24-000004,already_on_disk,Data\edgar\item5_02_text\1645590\0001645590-24-000004_hpe-20240117.htm
documents,1645590,2023-12-12,0001645590-23-000110,already_on_disk,Data\edgar\item5_02_text\1645590\0001645590-23-000110_hpe-20231213.htm
documents,1645590,2023-12-12,0001645590-23-000079,already_on_disk,Data\edgar\item5_02_text\1645590\0001645590-23-000079_hpe-20230803.htm
documents,1645590,2023-12-12,0001645590-23-000076,already_on_disk,Data\edgar\item5_02_text\1645590\0001645590-23-000076_hpe-20230614.htm
documents,1645590,2023-12-12,0001645590-23-000042,already_on_disk,Data\edgar\item5_02_text\1645590\0001645590-23-000042_hpe-20230405.htm
documents,1645590,2023-12-12,0001645590-23-000008,already_on_disk,Data\edgar\item5_02_text\1645590\0001645590-23-000008_hpe-20230127.htm
documents,1645590,2023-12-12,0001645590-23-000005,already_on_disk,Data\edgar\item5_02_text\1645590\0001645590-23-000005_hpe-20230110.htm
documents,1645590,2023-12-12,0001645590-22-000055,already_on_disk,Data\edgar\item5_02_text\1645590\0001645590-22-000055_hpe-20220922.htm
documents,1645590,2023-12-12,0001645590-22-000041,already_on_disk,Data\edgar\item5_02_text\1645590\0001645590-22-000041_hpe-20220617.htm
documents,1645590,2023-12-12,0001645590-22-000002,already_on_disk,Data\edgar\item5_02_text\1645590\0001645590-22-000002_hpe-20220118.htm
documents,1647088,2020-11-10,0001104659-20-079822,already_on_disk,Data\edgar\item5_02_text\1647088\0001104659-20-079822_tm2023606d1_8k.htm
documents,1647088,2020-11-10,0001104659-20-029590,already_on_disk,Data\edgar\item5_02_text\1647088\0001104659-20-029590_tm2011399d7_8k.htm
documents,1647088,2020-11-10,0001647088-19-000056,already_on_disk,Data\edgar\item5_02_text\1647088\0001647088-19-000056_wsc-20191114.htm
documents,1647088,2020-11-10,0001104659-19-036394,already_on_disk,Data\edgar\item5_02_text\1647088\0001104659-19-036394_a19-11676_18k.htm
documents,1647088,2020-11-10,0001104659-19-030318,already_on_disk,Data\edgar\item5_02_text\1647088\0001104659-19-030318_a19-10072_28k.htm
documents,1647088,2020-11-10,0001104659-19-020676,already_on_disk,Data\edgar\item5_02_text\1647088\0001104659-19-020676_a19-8140_18k.htm
documents,1647088,2020-11-10,0001104659-19-016868,already_on_disk,Data\edgar\item5_02_text\1647088\0001104659-19-016868_a19-6989_38k.htm
documents,1647088,2020-11-10,0001104659-19-016594,already_on_disk,Data\edgar\item5_02_text\1647088\0001104659-19-016594_a19-6989_18k.htm
documents,1652044,2016-03-29,0001193125-16-635647,already_on_disk,Data\edgar\item5_02_text\1652044\0001193125-16-635647_d205204d8k.htm
documents,1652044,2016-03-29,0001193125-16-619079,already_on_disk,Data\edgar\item5_02_text\1652044\0001193125-16-619079_d208205d8k.htm
documents,1652044,2016-03-29,0001193125-15-336577,already_on_disk,Data\edgar\item5_02_text\1652044\0001193125-15-336577_d82837d8k12b.htm
documents,1652044,2016-05-06,0001193125-16-635647,already_on_disk,Data\edgar\item5_02_text\1652044\0001193125-16-635647_d205204d8k.htm
documents,1652044,2016-05-06,0001193125-16-619079,already_on_disk,Data\edgar\item5_02_text\1652044\0001193125-16-619079_d208205d8k.htm
documents,1652044,2016-05-06,0001193125-15-336577,already_on_disk,Data\edgar\item5_02_text\1652044\0001193125-15-336577_d82837d8k12b.htm
documents,1652044,2016-08-10,0001193125-17-376656,already_on_disk,Data\edgar\item5_02_text\1652044\0001193125-17-376656_d462143d8k.htm
documents,1652044,2016-08-10,0001652044-17-000024,already_on_disk,Data\edgar\item5_02_text\1652044\0001652044-17-000024_goog8-kq22017.htm
documents,1652044,2016-08-10,0001193125-17-200227,already_on_disk,Data\edgar\item5_02_text\1652044\0001193125-17-200227_d410268d8k.htm
documents,1652044,2016-08-10,0001193125-16-635647,already_on_disk,Data\edgar\item5_02_text\1652044\0001193125-16-635647_d205204d8k.htm
documents,1652044,2016-08-10,0001193125-16-619079,already_on_disk,Data\edgar\item5_02_text\1652044\0001193125-16-619079_d208205d8k.htm
documents,1652044,2016-08-10,0001193125-15-336577,already_on_disk,Data\edgar\item5_02_text\1652044\0001193125-15-336577_d82837d8k12b.htm
documents,1652044,2017-06-29,0001193125-17-376656,already_on_disk,Data\edgar\item5_02_text\1652044\0001193125-17-376656_d462143d8k.htm
documents,1652044,2017-06-29,0001652044-17-000024,already_on_disk,Data\edgar\item5_02_text\1652044\0001652044-17-000024_goog8-kq22017.htm
documents,1652044,2017-06-29,0001193125-17-200227,already_on_disk,Data\edgar\item5_02_text\1652044\0001193125-17-200227_d410268d8k.htm
documents,1652044,2017-06-29,0001193125-16-635647,already_on_disk,Data\edgar\item5_02_text\1652044\0001193125-16-635647_d205204d8k.htm
documents,1652044,2017-06-29,0001193125-16-619079,already_on_disk,Data\edgar\item5_02_text\1652044\0001193125-16-619079_d208205d8k.htm
documents,1652044,2017-06-29,0001193125-15-336577,already_on_disk,Data\edgar\item5_02_text\1652044\0001193125-15-336577_d82837d8k12b.htm
documents,1660134,2023-09-23,0001660134-23-000044,already_on_disk,Data\edgar\item5_02_text\1660134\0001660134-23-000044_okta-20230824.htm
documents,1660134,2023-09-23,0001193125-23-127592,already_on_disk,Data\edgar\item5_02_text\1660134\0001193125-23-127592_d462366d8k.htm
documents,1660134,2023-09-23,0001660134-23-000009,already_on_disk,Data\edgar\item5_02_text\1660134\0001660134-23-000009_okta-20230227.htm
documents,1660134,2023-09-23,0001660134-22-000055,already_on_disk,Data\edgar\item5_02_text\1660134\0001660134-22-000055_okta-20221128.htm
documents,1660134,2023-09-23,0001660134-22-000041,already_on_disk,Data\edgar\item5_02_text\1660134\0001660134-22-000041_okta-20220826.htm
documents,1660134,2023-09-23,0001193125-22-226462,already_on_disk,Data\edgar\item5_02_text\1660134\0001193125-22-226462_d274610d8k.htm
documents,1660134,2023-09-23,0001193125-22-196321,already_on_disk,Data\edgar\item5_02_text\1660134\0001193125-22-196321_d373814d8k.htm
documents,1660134,2023-09-23,0001193125-22-128099,already_on_disk,Data\edgar\item5_02_text\1660134\0001193125-22-128099_d323985d8k.htm
documents,1660134,2023-09-23,0001193125-22-020651,already_on_disk,Data\edgar\item5_02_text\1660134\0001193125-22-020651_d50522d8k.htm
documents,1660134,2023-11-02,0001660134-23-000044,already_on_disk,Data\edgar\item5_02_text\1660134\0001660134-23-000044_okta-20230824.htm
documents,1660134,2023-11-02,0001193125-23-127592,already_on_disk,Data\edgar\item5_02_text\1660134\0001193125-23-127592_d462366d8k.htm
documents,1660134,2023-11-02,0001660134-23-000009,already_on_disk,Data\edgar\item5_02_text\1660134\0001660134-23-000009_okta-20230227.htm
documents,1660134,2023-11-02,0001660134-22-000055,already_on_disk,Data\edgar\item5_02_text\1660134\0001660134-22-000055_okta-20221128.htm
documents,1660134,2023-11-02,0001660134-22-000041,already_on_disk,Data\edgar\item5_02_text\1660134\0001660134-22-000041_okta-20220826.htm
documents,1660134,2023-11-02,0001193125-22-226462,already_on_disk,Data\edgar\item5_02_text\1660134\0001193125-22-226462_d274610d8k.htm
documents,1660134,2023-11-02,0001193125-22-196321,already_on_disk,Data\edgar\item5_02_text\1660134\0001193125-22-196321_d373814d8k.htm
documents,1660134,2023-11-02,0001193125-22-128099,already_on_disk,Data\edgar\item5_02_text\1660134\0001193125-22-128099_d323985d8k.htm
documents,1660134,2023-11-02,0001193125-22-020651,already_on_disk,Data\edgar\item5_02_text\1660134\0001193125-22-020651_d50522d8k.htm
documents,1660134,2023-11-07,0001660134-23-000044,already_on_disk,Data\edgar\item5_02_text\1660134\0001660134-23-000044_okta-20230824.htm
documents,1660134,2023-11-07,0001193125-23-127592,already_on_disk,Data\edgar\item5_02_text\1660134\0001193125-23-127592_d462366d8k.htm
documents,1660134,2023-11-07,0001660134-23-000009,already_on_disk,Data\edgar\item5_02_text\1660134\0001660134-23-000009_okta-20230227.htm
documents,1660134,2023-11-07,0001660134-22-000055,already_on_disk,Data\edgar\item5_02_text\1660134\0001660134-22-000055_okta-20221128.htm
documents,1660134,2023-11-07,0001660134-22-000041,already_on_disk,Data\edgar\item5_02_text\1660134\0001660134-22-000041_okta-20220826.htm
documents,1660134,2023-11-07,0001193125-22-226462,already_on_disk,Data\edgar\item5_02_text\1660134\0001193125-22-226462_d274610d8k.htm
documents,1660134,2023-11-07,0001193125-22-196321,already_on_disk,Data\edgar\item5_02_text\1660134\0001193125-22-196321_d373814d8k.htm
documents,1660134,2023-11-07,0001193125-22-128099,already_on_disk,Data\edgar\item5_02_text\1660134\0001193125-22-128099_d323985d8k.htm
documents,1660134,2023-11-07,0001193125-22-020651,already_on_disk,Data\edgar\item5_02_text\1660134\0001193125-22-020651_d50522d8k.htm
documents,1669779,2022-01-14,0001104659-23-003913,already_on_disk,Data\edgar\item5_02_text\1669779\0001104659-23-003913_tm233470d1_8ka.htm
documents,1669779,2022-01-14,0001558370-22-018128,already_on_disk,Data\edgar\item5_02_text\1669779\0001558370-22-018128_cwh-20221117x8k.htm
documents,1669779,2022-01-14,0001104659-22-094495,already_on_disk,Data\edgar\item5_02_text\1669779\0001104659-22-094495_tm2224566d1_8k.htm
documents,1669779,2022-01-14,0001104659-22-061345,already_on_disk,Data\edgar\item5_02_text\1669779\0001104659-22-061345_tm2215630d1_8k.htm
documents,1669779,2022-01-14,0001104659-21-151138,already_on_disk,Data\edgar\item5_02_text\1669779\0001104659-21-151138_tm2135777d1_8k.htm
documents,1669779,2022-01-14,0001104659-21-131104,already_on_disk,Data\edgar\item5_02_text\1669779\0001104659-21-131104_tm2131276d1_8k.htm
documents,1669779,2022-01-14,0001104659-21-027476,already_on_disk,Data\edgar\item5_02_text\1669779\0001104659-21-027476_tm217730d1_8k.htm
documents,1669779,2022-01-14,0001104659-20-075227,already_on_disk,Data\edgar\item5_02_text\1669779\0001104659-20-075227_tm2022868d1_8k.htm
documents,1669779,2022-01-14,0001104659-20-068342,already_on_disk,Data\edgar\item5_02_text\1669779\0001104659-20-068342_tm2021276-1_8k.htm
documents,1669779,2022-01-14,0001104659-20-047615,already_on_disk,Data\edgar\item5_02_text\1669779\0001104659-20-047615_tm2016086d1_8k.htm
documents,1669779,2022-01-14,0001104659-20-038289,already_on_disk,Data\edgar\item5_02_text\1669779\0001104659-20-038289_tm2013775-1_8k.htm
documents,1669779,2022-01-14,0001104659-20-008772,already_on_disk,Data\edgar\item5_02_text\1669779\0001104659-20-008772_tm206255d1_8k.htm
documents,1702780,2019-11-04,0001628280-20-009353,already_on_disk,Data\edgar\item5_02_text\1702780\0001628280-20-009353_atus-20200610.htm
documents,1702780,2019-11-04,0001628280-20-000630,already_on_disk,Data\edgar\item5_02_text\1702780\0001628280-20-000630_alticeusa8kjan282020.htm
documents,1702780,2019-11-04,0001628280-20-000094,already_on_disk,Data\edgar\item5_02_text\1702780\0001628280-20-000094_alticeusa8kjan32020.htm
documents,1702780,2019-11-04,0001628280-19-012621,already_on_disk,Data\edgar\item5_02_text\1702780\0001628280-19-012621_alticeusa8k10-28x19.htm
documents,1702780,2019-11-04,0000947871-19-000280,already_on_disk,Data\edgar\item5_02_text\1702780\0000947871-19-000280_ss132525_8k.htm
documents,1702780,2019-11-04,0001628280-19-001769,already_on_disk,Data\edgar\item5_02_text\1702780\0001628280-19-001769_alticeusa8k12-31x18.htm
documents,1702780,2019-11-04,0000947871-19-000006,already_on_disk,Data\edgar\item5_02_text\1702780\0000947871-19-000006_ss120698_8k.htm
documents,1702780,2019-11-04,0000947871-18-000915,already_on_disk,Data\edgar\item5_02_text\1702780\0000947871-18-000915_ss115609_8k.htm
documents,1702780,2019-11-04,0000947871-18-000770,already_on_disk,Data\edgar\item5_02_text\1702780\0000947871-18-000770_ss108508_8k.htm
documents,1702780,2019-11-04,0001104659-18-039903,already_on_disk,Data\edgar\item5_02_text\1702780\0001104659-18-039903_a18-15277_18k.htm
documents,1702780,2019-11-04,0000947871-18-000007,already_on_disk,Data\edgar\item5_02_text\1702780\0000947871-18-000007_ss73892_8k.htm
documents,1702780,2019-11-04,0000947871-17-000904,already_on_disk,Data\edgar\item5_02_text\1702780\0000947871-17-000904_ss66991_8k.htm
documents,1702780,2024-02-29,0001628280-24-001539,already_on_disk,Data\edgar\item5_02_text\1702780\0001628280-24-001539_atus-20240117.htm
documents,1702780,2024-02-29,0001628280-23-024947,already_on_disk,Data\edgar\item5_02_text\1702780\0001628280-23-024947_atus-20230715.htm
documents,1702780,2024-02-29,0001628280-23-016197,already_on_disk,Data\edgar\item5_02_text\1702780\0001628280-23-016197_atus-20230504.htm
documents,1702780,2024-02-29,0001628280-23-008929,already_on_disk,Data\edgar\item5_02_text\1702780\0001628280-23-008929_atus-20230317.htm
documents,1702780,2024-02-29,0000947871-23-000351,already_on_disk,Data\edgar\item5_02_text\1702780\0000947871-23-000351_ss1893769_8k.htm
documents,1702780,2024-02-29,0000947871-23-000216,already_on_disk,Data\edgar\item5_02_text\1702780\0000947871-23-000216_ss1796197_8k.htm
documents,1702780,2024-02-29,0001628280-22-025961,already_on_disk,Data\edgar\item5_02_text\1702780\0001628280-22-025961_atus-20220930.htm
documents,1702780,2024-02-29,0001628280-22-024496,already_on_disk,Data\edgar\item5_02_text\1702780\0001628280-22-024496_atus-20220906.htm
documents,1702780,2024-02-29,0001628280-22-023610,already_on_disk,Data\edgar\item5_02_text\1702780\0001628280-22-023610_atus-20220818.htm
documents,1702780,2024-02-29,0001628280-22-017248,already_on_disk,Data\edgar\item5_02_text\1702780\0001628280-22-017248_atus-20220615.htm
documents,1713683,2018-09-01,0001628280-18-012442,already_on_disk,Data\edgar\item5_02_text\1713683\0001628280-18-012442_zs101020188k.htm
documents,1713683,2018-09-01,0001193125-18-149450,already_on_disk,Data\edgar\item5_02_text\1713683\0001193125-18-149450_d559230d8k.htm
documents,315293,2020-12-29,0001193125-22-249226,already_on_disk,Data\edgar\item5_02_text\315293\0001193125-22-249226_d353815d8k.htm
documents,315293,2020-12-29,0001193125-22-238848,already_on_disk,Data\edgar\item5_02_text\315293\0001193125-22-238848_d309594d8k.htm
documents,315293,2020-12-29,0001193125-22-216213,already_on_disk,Data\edgar\item5_02_text\315293\0001193125-22-216213_d345233d8k.htm
documents,315293,2020-12-29,0001193125-22-180055,already_on_disk,Data\edgar\item5_02_text\315293\0001193125-22-180055_d235062d8k.htm
documents,315293,2020-12-29,0001193125-22-046592,already_on_disk,Data\edgar\item5_02_text\315293\0001193125-22-046592_d146058d8k.htm
documents,315293,2020-12-29,0001193125-21-223710,already_on_disk,Data\edgar\item5_02_text\315293\0001193125-21-223710_d208525d8k.htm
documents,315293,2020-12-29,0001193125-21-206409,already_on_disk,Data\edgar\item5_02_text\315293\0001193125-21-206409_d55212d8k.htm
documents,315293,2020-12-29,0001193125-21-022598,already_on_disk,Data\edgar\item5_02_text\315293\0001193125-21-022598_d116873d8k.htm
documents,315293,2020-12-29,0001193125-20-282544,already_on_disk,Data\edgar\item5_02_text\315293\0001193125-20-282544_d873218d8k.htm
documents,315293,2020-12-29,0001193125-20-178023,already_on_disk,Data\edgar\item5_02_text\315293\0001193125-20-178023_d947905d8k.htm
documents,315293,2020-12-29,0001193125-20-120011,already_on_disk,Data\edgar\item5_02_text\315293\0001193125-20-120011_d922389d8k.htm
documents,315293,2020-12-29,0001193125-20-093512,already_on_disk,Data\edgar\item5_02_text\315293\0001193125-20-093512_d867242d8k12b.htm
documents,315293,2020-12-29,0001193125-20-045455,already_on_disk,Data\edgar\item5_02_text\315293\0001193125-20-045455_d863960d8k.htm
documents,315293,2020-12-29,0001193125-19-181180,already_on_disk,Data\edgar\item5_02_text\315293\0001193125-19-181180_d721968d8k.htm
documents,315293,2020-12-29,0001193125-19-165112,already_on_disk,Data\edgar\item5_02_text\315293\0001193125-19-165112_d756679d8k.htm
documents,315293,2022-02-25,0001193125-22-249226,already_on_disk,Data\edgar\item5_02_text\315293\0001193125-22-249226_d353815d8k.htm
documents,315293,2022-02-25,0001193125-22-238848,already_on_disk,Data\edgar\item5_02_text\315293\0001193125-22-238848_d309594d8k.htm
documents,315293,2022-02-25,0001193125-22-216213,already_on_disk,Data\edgar\item5_02_text\315293\0001193125-22-216213_d345233d8k.htm
documents,315293,2022-02-25,0001193125-22-180055,already_on_disk,Data\edgar\item5_02_text\315293\0001193125-22-180055_d235062d8k.htm
documents,315293,2022-02-25,0001193125-22-046592,already_on_disk,Data\edgar\item5_02_text\315293\0001193125-22-046592_d146058d8k.htm
documents,315293,2022-02-25,0001193125-21-223710,already_on_disk,Data\edgar\item5_02_text\315293\0001193125-21-223710_d208525d8k.htm
documents,315293,2022-02-25,0001193125-21-206409,already_on_disk,Data\edgar\item5_02_text\315293\0001193125-21-206409_d55212d8k.htm
documents,315293,2022-02-25,0001193125-21-022598,already_on_disk,Data\edgar\item5_02_text\315293\0001193125-21-022598_d116873d8k.htm
documents,315293,2022-02-25,0001193125-20-282544,already_on_disk,Data\edgar\item5_02_text\315293\0001193125-20-282544_d873218d8k.htm
documents,315293,2022-02-25,0001193125-20-178023,already_on_disk,Data\edgar\item5_02_text\315293\0001193125-20-178023_d947905d8k.htm
documents,315293,2022-02-25,0001193125-20-120011,already_on_disk,Data\edgar\item5_02_text\315293\0001193125-20-120011_d922389d8k.htm
documents,315293,2022-02-25,0001193125-20-093512,already_on_disk,Data\edgar\item5_02_text\315293\0001193125-20-093512_d867242d8k12b.htm
documents,718877,2012-08-01,0001104659-12-070867,already_on_disk,Data\edgar\item5_02_text\718877\0001104659-12-070867_a12-24941_18k.htm
documents,718877,2012-08-01,0001104659-12-069148,already_on_disk,Data\edgar\item5_02_text\718877\0001104659-12-069148_a12-24009_18k.htm
documents,718877,2012-08-01,0001104659-12-065061,already_on_disk,Data\edgar\item5_02_text\718877\0001104659-12-065061_a12-21920_18k.htm
documents,718877,2012-08-01,0001104659-12-060277,already_on_disk,Data\edgar\item5_02_text\718877\0001104659-12-060277_a12-19029_18k.htm
documents,718877,2012-08-01,0001104659-12-047906,already_on_disk,Data\edgar\item5_02_text\718877\0001104659-12-047906_a12-15997_18k.htm
documents,718877,2012-08-01,0001104659-12-043056,already_on_disk,Data\edgar\item5_02_text\718877\0001104659-12-043056_a12-14498_18k.htm
documents,718877,2012-08-01,0001104659-12-019245,already_on_disk,Data\edgar\item5_02_text\718877\0001104659-12-019245_a12-7498_18k.htm
documents,718877,2012-08-01,0001104659-12-018951,already_on_disk,Data\edgar\item5_02_text\718877\0001104659-12-018951_a12-7162_18k.htm
documents,718877,2012-08-01,0001104659-12-015944,already_on_disk,Data\edgar\item5_02_text\718877\0001104659-12-015944_a12-6437_18k.htm
documents,718877,2012-08-01,0001104659-11-043165,already_on_disk,Data\edgar\item5_02_text\718877\0001104659-11-043165_a11-23508_18k.htm
documents,718877,2012-08-01,0001104659-11-013286,already_on_disk,Data\edgar\item5_02_text\718877\0001104659-11-013286_a11-7469_28k.htm
documents,718877,2012-08-01,0001104659-11-013007,already_on_disk,Data\edgar\item5_02_text\718877\0001104659-11-013007_a11-7469_18k.htm
documents,718877,2012-08-01,0001104659-10-055003,already_on_disk,Data\edgar\item5_02_text\718877\0001104659-10-055003_a10-20249_18k.htm
documents,718877,2012-08-01,0001104659-10-054725,already_on_disk,Data\edgar\item5_02_text\718877\0001104659-10-054725_a10-20068_18k.htm
documents,718877,2022-12-02,0001628280-22-032444,already_on_disk,Data\edgar\item5_02_text\718877\0001628280-22-032444_atvi-20221218.htm
documents,718877,2022-12-02,0001628280-22-032124,already_on_disk,Data\edgar\item5_02_text\718877\0001628280-22-032124_atvi-20221213.htm
documents,718877,2022-12-02,0001104659-22-106731,already_on_disk,Data\edgar\item5_02_text\718877\0001104659-22-106731_tm2227542d1_8k.htm
documents,718877,2022-12-02,0001104659-22-048385,already_on_disk,Data\edgar\item5_02_text\718877\0001104659-22-048385_tm2212883d1_8k.htm
documents,718877,2022-12-02,0001104659-21-115515,already_on_disk,Data\edgar\item5_02_text\718877\0001104659-21-115515_tm2127559d1_8k.htm
documents,718877,2022-12-02,0001104659-21-083428,already_on_disk,Data\edgar\item5_02_text\718877\0001104659-21-083428_tm2120202d1_8k.htm
documents,718877,2022-12-02,0001104659-21-076405,already_on_disk,Data\edgar\item5_02_text\718877\0001104659-21-076405_tm2118279d1_8k.htm
documents,718877,2022-12-02,0001104659-21-056776,already_on_disk,Data\edgar\item5_02_text\718877\0001104659-21-056776_tm2114493d1_8k.htm
documents,718877,2022-12-02,0001104659-21-046147,already_on_disk,Data\edgar\item5_02_text\718877\0001104659-21-046147_tm2111987d1_8k.htm
documents,1889539,2023-05-29,0001889539-23-000032,already_on_disk,Data\edgar\item5_02_text\1889539\0001889539-23-000032_crbg-20231130.htm
documents,1889539,2023-05-29,0001628280-23-029830,already_on_disk,Data\edgar\item5_02_text\1889539\0001628280-23-029830_crbg-20230811.htm
documents,1889539,2023-05-29,0001140361-23-034792,already_on_disk,Data\edgar\item5_02_text\1889539\0001140361-23-034792_brhc20055908_8k.htm
documents,1889539,2023-05-29,0001628280-23-023370,already_on_disk,Data\edgar\item5_02_text\1889539\0001628280-23-023370_crbg-20230620.htm
documents,1889539,2023-05-29,0001140361-23-025277,already_on_disk,Data\edgar\item5_02_text\1889539\0001140361-23-025277_brhc20053086_8k.htm
documents,1889539,2023-05-29,0001140361-23-003482,already_on_disk,Data\edgar\item5_02_text\1889539\0001140361-23-003482_brhc10047266_8k.htm
documents,1889539,2023-05-29,0001140361-23-001816,already_on_disk,Data\edgar\item5_02_text\1889539\0001140361-23-001816_brhc10046705_8k.htm
documents,1889539,2023-05-29,0001140361-22-036710,already_on_disk,Data\edgar\item5_02_text\1889539\0001140361-22-036710_brhc10042823_8k.htm
