outcome_cik,final_cik,org_name,breach_date,treated,accession,filing_date,form,items,primary_doc,on_disk,win_lo,win_hi,submissions_cached
4904,4904,American Electric Power,2018-12-09,0,0000004904-19-000042,2019-09-18,8-K,5.02,a09-20198xkitem502dire.htm,1,2016-12-09,2019-10-23,1
4904,4904,American Electric Power,2018-12-09,0,0000004904-17-000017,2017-02-27,8-K,5.02,a8kdepartureofcertainexecoff.htm,1,2016-12-09,2019-10-23,1
4904,4904,American Electric Power,2019-02-18,0,0000004904-19-000042,2019-09-18,8-K,5.02,a09-20198xkitem502dire.htm,1,2017-02-18,2019-10-23,1
4904,4904,American Electric Power,2019-02-18,0,0000004904-17-000017,2017-02-27,8-K,5.02,a8kdepartureofcertainexecoff.htm,1,2017-02-18,2019-10-23,1
8670,8670,"Automatic Data Processing, Inc.",2013-04-29,0,0000950142-13-001766,2013-08-07,8-K,5.02,eh1301002_8k.htm,1,2011-04-30,2013-12-01,1
8670,8670,"Automatic Data Processing, Inc.",2013-04-29,0,0000950142-12-002159,2012-11-13,8-K,"5.02,9.01",eh1201199_8k.htm,1,2011-04-30,2013-12-01,1
8670,8670,"Automatic Data Processing, Inc.",2013-04-29,0,0001171843-12-003874,2012-11-01,8-K,"5.02,9.01",document.htm,1,2011-04-30,2013-12-01,1
8670,8670,"Automatic Data Processing, Inc.",2013-04-29,0,0000950142-11-002022,2011-12-15,8-K,5.02,eh1100889_8k.htm,1,2011-04-30,2013-12-01,1
8670,8670,"Automatic Data Processing, Inc.",2013-04-29,0,0000950142-11-002020,2011-12-14,8-K,"5.02,9.01",eh1100888_8k.htm,1,2011-04-30,2013-12-01,1
8670,8670,"Automatic Data Processing, Inc.",2013-04-29,0,0000950142-11-001898,2011-11-15,8-K,"5.02,9.01",eh1100824_8k.htm,1,2011-04-30,2013-12-01,1
8670,8670,"Automatic Data Processing, Inc.",2013-04-29,0,0000008670-11-000024,2011-11-09,8-K,"5.02,9.01",form8k.htm,1,2011-04-30,2013-12-01,1
8670,8670,"Automatic Data Processing, Inc.",2013-04-29,0,0000950142-11-001656,2011-09-23,8-K,5.02,eh1100701_form8k.htm,1,2011-04-30,2013-12-01,1
8670,8670,"Automatic Data Processing, Inc.",2013-04-29,0,0000950142-11-001591,2011-09-12,8-K,5.02,eh1100673_form8k.htm,1,2011-04-30,2013-12-01,1
8670,8670,"Automatic Data Processing, Inc.",2013-04-29,0,0000008670-11-000020,2011-08-10,8-K,5.02,form8k.htm,1,2011-04-30,2013-12-01,1
8670,8670,"Automatic Data Processing, Inc.",2013-04-29,0,0000950142-11-001005,2011-05-19,8-K,"5.02,9.01",eh1100392_form8k.htm,1,2011-04-30,2013-12-01,1
12927,12927,The Boeing Company,2016-11-21,0,0000012927-17-000040,2017-06-28,8-K,"5.02,9.01",a201706jun258-kdocument.htm,1,2014-11-22,2017-08-08,1
12927,12927,The Boeing Company,2016-11-21,0,0000012927-16-000165,2016-11-21,8-K,"5.02,9.01",a201611nov218-k.htm,1,2014-11-22,2017-08-08,1
12927,12927,The Boeing Company,2016-11-21,0,0000012927-16-000147,2016-10-14,8-K,"5.02,5.03,9.01",a201610octxx8-kdocument.htm,1,2014-11-22,2017-08-08,1
12927,12927,The Boeing Company,2016-11-21,0,0000012927-16-000105,2016-02-23,8-K,"5.02,5.03,9.01",a201602feb188-k.htm,1,2014-11-22,2017-08-08,1
12927,12927,The Boeing Company,2016-11-21,0,0000012927-15-000083,2015-12-15,8-K,"5.02,5.03,8.01,9.01",a201512dec148-kdocument.htm,1,2014-11-22,2017-08-08,1
12927,12927,The Boeing Company,2016-11-21,0,0000012927-15-000061,2015-08-13,8-K,"5.02,5.03,9.01",a201508aug118-kdocument.htm,1,2014-11-22,2017-08-08,1
12927,12927,The Boeing Company,2016-11-21,0,0000012927-15-000035,2015-06-23,8-K,"5.02,5.03,9.01",a201506jun228-kdocument.htm,1,2014-11-22,2017-08-08,1
12927,12927,The Boeing Company,2016-11-21,0,0000012927-15-000004,2015-02-10,8-K,"5.02,9.01",a201502feb58kdocument.htm,1,2014-11-22,2017-08-08,1
12927,12927,The Boeing Company,2016-11-21,0,0000012927-14-000070,2014-12-19,8-K,"5.02,9.01",a201412dec198kdocument.htm,1,2014-11-22,2017-08-08,1
14693,14693,Brown-Forman Corporation,2020-07-28,0,0000014693-21-000051,2021-05-10,8-K,"5.02,9.01",bfb-20210504.htm,1,2018-07-29,2021-09-28,1
14693,14693,Brown-Forman Corporation,2020-07-28,0,0000014693-21-000042,2021-05-03,8-K/A,5.02,bfb-20210503.htm,1,2018-07-29,2021-09-28,1
14693,14693,Brown-Forman Corporation,2020-07-28,0,0000014693-21-000038,2021-04-15,8-K,"5.02,7.01,9.01",bfb-20210415.htm,1,2018-07-29,2021-09-28,1
14693,14693,Brown-Forman Corporation,2020-07-28,0,0000014693-21-000010,2021-01-27,8-K,"5.02,7.01,9.01",bfb-20210122.htm,1,2018-07-29,2021-09-28,1
14693,14693,Brown-Forman Corporation,2020-07-28,0,0000014693-20-000062,2020-06-10,8-K,5.02,a8-kx20200610xhinrichs.htm,1,2018-07-29,2021-09-28,1
14693,14693,Brown-Forman Corporation,2020-07-28,0,0000014693-19-000171,2019-09-12,8-K,5.02,a8-kx20190912xofficerd.htm,1,2018-07-29,2021-09-28,1
14693,14693,Brown-Forman Corporation,2020-07-28,0,0000014693-19-000016,2019-03-29,8-K,5.02,draft8-kmarch2019.htm,1,2018-07-29,2021-09-28,1
14693,14693,Brown-Forman Corporation,2020-07-28,0,0000014693-18-000173,2018-11-16,8-K,"5.02,9.01",a8-kx20181115xnewdirectorw.htm,1,2018-07-29,2021-09-28,1
18926,18926,CenturyLink,2013-12-27,1,0001193125-14-221590,2014-06-02,8-K,"5.02,5.03,5.07,9.01",d734946d8k.htm,1,2011-12-28,2014-11-24,1
18926,18926,CenturyLink,2013-12-27,1,0001193125-13-124519,2013-03-25,8-K,"5.02,9.01",d509961d8k.htm,1,2011-12-28,2014-11-24,1
18926,18926,CenturyLink,2013-12-27,1,0001193125-13-012088,2013-01-14,8-K,5.02,d468068d8k.htm,1,2011-12-28,2014-11-24,1
18926,18926,CenturyLink,2013-12-27,1,0001193125-12-134562,2012-03-27,8-K,5.02,d321644d8k.htm,1,2011-12-28,2014-11-24,1
18926,18926,CenturyLink,2017-01-30,1,0001193125-17-191355,2017-06-01,8-K,"5.02,8.01,9.01",d370866d8k.htm,1,2015-01-31,2017-08-19,1
18926,18926,CenturyLink,2017-01-30,1,0001193125-17-053977,2017-02-23,8-K,"5.02,9.01",d354377d8k.htm,1,2015-01-31,2017-08-19,1
18926,18926,CenturyLink,2017-01-30,1,0001193125-16-436965,2016-01-25,8-K,"5.02,9.01",d130401d8k.htm,1,2015-01-31,2017-08-19,1
18926,18926,CenturyLink,2017-01-30,1,0001193125-15-378521,2015-11-16,8-K,"5.02,9.01",d52983d8k.htm,1,2015-01-31,2017-08-19,1
18926,18926,CenturyLink,2017-01-30,1,0001193125-15-210785,2015-06-02,8-K,"5.02,9.01",d935325d8k.htm,1,2015-01-31,2017-08-19,1
18926,18926,CenturyLink,2017-01-30,1,0001193125-15-197966,2015-05-22,8-K,"5.02,5.07,9.01",d930238d8k.htm,1,2015-01-31,2017-08-19,1
18926,18926,CenturyLink,2017-02-28,1,0001193125-17-191355,2017-06-01,8-K,"5.02,8.01,9.01",d370866d8k.htm,1,2015-03-01,2017-08-27,1
18926,18926,CenturyLink,2017-02-28,1,0001193125-17-053977,2017-02-23,8-K,"5.02,9.01",d354377d8k.htm,1,2015-03-01,2017-08-27,1
18926,18926,CenturyLink,2017-02-28,1,0001193125-16-436965,2016-01-25,8-K,"5.02,9.01",d130401d8k.htm,1,2015-03-01,2017-08-27,1
18926,18926,CenturyLink,2017-02-28,1,0001193125-15-378521,2015-11-16,8-K,"5.02,9.01",d52983d8k.htm,1,2015-03-01,2017-08-27,1
18926,18926,CenturyLink,2017-02-28,1,0001193125-15-210785,2015-06-02,8-K,"5.02,9.01",d935325d8k.htm,1,2015-03-01,2017-08-27,1
18926,18926,CenturyLink,2017-02-28,1,0001193125-15-197966,2015-05-22,8-K,"5.02,5.07,9.01",d930238d8k.htm,1,2015-03-01,2017-08-27,1
18926,18926,CenturyLink Communications,2020-08-20,1,0001193125-21-056971,2021-02-25,8-K,"5.02,9.01",d97460d8k.htm,1,2018-08-21,2021-03-24,1
18926,18926,CenturyLink Communications,2020-08-20,1,0001193125-21-011905,2021-01-20,8-K,"5.02,9.01",d53156d8k.htm,1,2018-08-21,2021-03-24,1
18926,18926,CenturyLink Communications,2020-08-20,1,0001193125-20-150103,2020-05-22,8-K,"5.02,5.07,9.01",d935861d8k.htm,1,2018-08-21,2021-03-24,1
18926,18926,CenturyLink Communications,2020-08-20,1,0001193125-19-325996,2019-12-30,8-K,"5.02,9.01",d859081d8k.htm,1,2018-08-21,2021-03-24,1
18926,18926,CenturyLink Communications,2020-08-20,1,0001193125-18-319718,2018-11-07,8-K,5.02,d647295d8k.htm,1,2018-08-21,2021-03-24,1
18926,18926,CenturyLink Communications,2020-08-20,1,0001193125-18-319714,2018-11-07,8-K,"5.02,9.01",d617864d8k.htm,1,2018-08-21,2021-03-24,1
18926,18926,CenturyLink Communications,2020-08-20,1,0001193125-18-281219,2018-09-24,8-K,"5.02,9.01",d629720d8k.htm,1,2018-08-21,2021-03-24,1
18926,18926,Centurylink Communications,2022-03-15,1,0001193125-22-243230,2022-09-13,8-K,"5.02,9.01",d396237d8k.htm,1,2020-03-15,2022-10-18,1
18926,18926,Centurylink Communications,2022-03-15,1,0001193125-22-085992,2022-03-28,8-K,"5.02,9.01",d280485d8k.htm,1,2020-03-15,2022-10-18,1
18926,18926,Centurylink Communications,2022-03-15,1,0001193125-21-056971,2021-02-25,8-K,"5.02,9.01",d97460d8k.htm,1,2020-03-15,2022-10-18,1
18926,18926,Centurylink Communications,2022-03-15,1,0001193125-21-011905,2021-01-20,8-K,"5.02,9.01",d53156d8k.htm,1,2020-03-15,2022-10-18,1
18926,18926,Centurylink Communications,2022-03-15,1,0001193125-20-150103,2020-05-22,8-K,"5.02,5.07,9.01",d935861d8k.htm,1,2020-03-15,2022-10-18,1
20520,20520,Frontier Communications,2022-02-24,1,0001140361-22-023997,2022-06-24,8-K,5.02,brhc10039037_8k.htm,1,2020-02-25,2022-10-31,1
20520,20520,Frontier Communications,2022-02-24,1,0000020520-21-000008,2021-07-30,8-K,"5.02,8.01,9.01",fybr-20210430x8k.htm,1,2020-02-25,2022-10-31,1
20520,20520,Frontier Communications,2022-02-24,1,0001193125-21-205666,2021-07-01,8-K,"5.02,9.01",d362936d8k.htm,1,2020-02-25,2022-10-31,1
20520,20520,Frontier Communications,2022-02-24,1,0001193125-21-179930,2021-06-02,8-K,"5.02,9.01",d187333d8k.htm,1,2020-02-25,2022-10-31,1
20520,20520,Frontier Communications,2022-02-24,1,0001140361-21-015200,2021-04-30,8-K12G3,"1.01,1.02,2.03,3.02,3.03,5.01,5.02,5.03,9.01",brhc10023786_8k12g3.htm,1,2020-02-25,2022-10-31,1
20520,20520,Frontier Communications,2022-02-24,1,0001140361-21-005386,2021-02-18,8-K,"5.02,7.01,9.01",brhc10020563_8k.htm,1,2020-02-25,2022-10-31,1
20520,20520,Frontier Communications,2022-02-24,1,0001140361-20-028400,2020-12-15,8-K,"5.02,9.01",brhc10017962_8k.htm,1,2020-02-25,2022-10-31,1
20520,20520,Frontier Communications,2022-02-24,1,0001140361-20-020249,2020-09-11,8-K,5.02,brhc10015042_8k.htm,1,2020-02-25,2022-10-31,1
20520,20520,Frontier Communications,2022-02-24,1,0001193125-20-050127,2020-02-26,8-K,5.02,d896833d8k.htm,1,2020-02-25,2022-10-31,1
20520,20520,"Frontier Communications Parent, Inc.",2023-12-18,1,0001140361-24-026861,2024-05-20,8-K,"5.02,5.07,9.01",ef20029460_8k.htm,1,2021-12-18,2024-12-09,1
20520,20520,"Frontier Communications Parent, Inc.",2023-12-18,1,0000950157-24-000104,2024-02-05,8-K,"5.02,7.01,9.01",form8-k.htm,1,2021-12-18,2024-12-09,1
20520,20520,"Frontier Communications Parent, Inc.",2023-12-18,1,0001140361-22-023997,2022-06-24,8-K,5.02,brhc10039037_8k.htm,1,2021-12-18,2024-12-09,1
20520,20520,"Frontier Communications Parent, Inc.",2024-04-13,1,0001140361-24-026861,2024-05-20,8-K,"5.02,5.07,9.01",ef20029460_8k.htm,1,2022-04-14,2024-12-03,1
20520,20520,"Frontier Communications Parent, Inc.",2024-04-13,1,0000950157-24-000104,2024-02-05,8-K,"5.02,7.01,9.01",form8-k.htm,1,2022-04-14,2024-12-03,1
20520,20520,"Frontier Communications Parent, Inc.",2024-04-13,1,0001140361-22-023997,2022-06-24,8-K,5.02,brhc10039037_8k.htm,1,2022-04-14,2024-12-03,1
20520,20520,"Frontier Communications Parent, Inc.",2024-06-10,1,0001140361-24-026861,2024-05-20,8-K,"5.02,5.07,9.01",ef20029460_8k.htm,1,2022-06-11,2024-12-07,1
20520,20520,"Frontier Communications Parent, Inc.",2024-06-10,1,0000950157-24-000104,2024-02-05,8-K,"5.02,7.01,9.01",form8-k.htm,1,2022-06-11,2024-12-07,1
20520,20520,"Frontier Communications Parent, Inc.",2024-06-10,1,0001140361-22-023997,2022-06-24,8-K,5.02,brhc10039037_8k.htm,1,2022-06-11,2024-12-07,1
27904,27904,"Delta Air Lines, Inc.",2017-09-01,0,0001683168-18-001046,2018-04-20,8-K,"5.02,9.01",delta_8k.htm,1,2015-09-02,2018-10-10,1
27904,27904,"Delta Air Lines, Inc.",2017-09-01,0,0001683168-17-002723,2017-10-23,8-K,"5.02,9.01",delta_8k.htm,1,2015-09-02,2018-10-10,1
27904,27904,"Delta Air Lines, Inc.",2017-09-01,0,0001683168-17-000876,2017-04-11,8-K,5.02,delta_8k.htm,1,2015-09-02,2018-10-10,1
27904,27904,"Delta Air Lines, Inc.",2017-09-01,0,0001683168-17-000167,2017-01-26,8-K,"5.02,9.01",delta_8k.htm,1,2015-09-02,2018-10-10,1
27904,27904,"Delta Air Lines, Inc.",2017-09-01,0,0001683168-16-000288,2016-10-11,8-K,"5.02,9.01",delta_8k.htm,1,2015-09-02,2018-10-10,1
27904,27904,"Delta Air Lines, Inc.",2017-09-01,0,0001019687-16-006642,2016-06-10,8-K,"5.02,5.07",delta_8k.htm,1,2015-09-02,2018-10-10,1
27904,27904,"Delta Air Lines, Inc.",2017-09-01,0,0001019687-16-005064,2016-02-05,8-K,"5.02,9.01",delta_8k.htm,1,2015-09-02,2018-10-10,1
27904,27904,"Delta Air Lines, Inc.",2017-09-26,0,0001683168-18-001046,2018-04-20,8-K,"5.02,9.01",delta_8k.htm,1,2015-09-27,2018-10-10,1
27904,27904,"Delta Air Lines, Inc.",2017-09-26,0,0001683168-17-002723,2017-10-23,8-K,"5.02,9.01",delta_8k.htm,1,2015-09-27,2018-10-10,1
27904,27904,"Delta Air Lines, Inc.",2017-09-26,0,0001683168-17-000876,2017-04-11,8-K,5.02,delta_8k.htm,1,2015-09-27,2018-10-10,1
27904,27904,"Delta Air Lines, Inc.",2017-09-26,0,0001683168-17-000167,2017-01-26,8-K,"5.02,9.01",delta_8k.htm,1,2015-09-27,2018-10-10,1
27904,27904,"Delta Air Lines, Inc.",2017-09-26,0,0001683168-16-000288,2016-10-11,8-K,"5.02,9.01",delta_8k.htm,1,2015-09-27,2018-10-10,1
27904,27904,"Delta Air Lines, Inc.",2017-09-26,0,0001019687-16-006642,2016-06-10,8-K,"5.02,5.07",delta_8k.htm,1,2015-09-27,2018-10-10,1
27904,27904,"Delta Air Lines, Inc.",2017-09-26,0,0001019687-16-005064,2016-02-05,8-K,"5.02,9.01",delta_8k.htm,1,2015-09-27,2018-10-10,1
27996,27996,Deluxe Corporation,2019-08-13,0,0000027996-20-000020,2020-02-20,8-K,"5.02,7.01,9.01",a20202198-k.htm,1,2017-08-13,2020-03-01,1
27996,27996,Deluxe Corporation,2019-08-13,0,0000027996-19-000085,2019-07-22,8-K,"5.02,7.01,9.01",a20197228-k.htm,1,2017-08-13,2020-03-01,1
27996,27996,Deluxe Corporation,2019-08-13,0,0000027996-19-000082,2019-06-18,8-K,5.02,a20196188-k.htm,1,2017-08-13,2020-03-01,1
27996,27996,Deluxe Corporation,2019-08-13,0,0000027996-19-000039,2019-03-12,8-K,5.02,a201903128-k.htm,1,2017-08-13,2020-03-01,1
27996,27996,Deluxe Corporation,2019-08-13,0,0000027996-19-000012,2019-01-25,8-K,5.02,a201901258-k.htm,1,2017-08-13,2020-03-01,1
27996,27996,Deluxe Corporation,2019-08-13,0,0001140361-18-042450,2018-11-06,8-K,"5.02,9.01",s002521x1_8k.htm,1,2017-08-13,2020-03-01,1
27996,27996,Deluxe Corporation,2019-08-13,0,0001140361-18-019659,2018-04-26,8-K,"5.02,9.01",s002231x1_8k.htm,1,2017-08-13,2020-03-01,1
33185,33185,"Equifax, Inc.",2014-01-31,0,0001144204-14-029598,2014-05-12,8-K,"5.02,9.01",v378250_8k.htm,1,2012-02-01,2014-09-01,1
33185,33185,"Equifax, Inc.",2014-01-31,0,0001144204-13-055259,2013-10-15,8-K,"5.02,9.01",v357402_8k.htm,1,2012-02-01,2014-09-01,1
33185,33185,"Equifax, Inc.",2014-01-31,0,0001144204-13-027066,2013-05-08,8-K,"5.02,5.07,9.01",v344230_8k.htm,1,2012-02-01,2014-09-01,1
33185,33185,"Equifax, Inc.",2014-01-31,0,0001144204-12-058285,2012-10-29,8-K,"5.02,8.01,9.01",v326783_8k.htm,1,2012-02-01,2014-09-01,1
33185,33185,"Equifax, Inc.",2014-01-31,0,0001144204-12-009385,2012-02-15,8-K,"5.02,9.01",v302726_8k.htm,1,2012-02-01,2014-09-01,1
33185,33185,TALX Corporation,2016-01-01,0,0001193125-17-320321,2017-10-26,8-K,"5.02,9.01",d461446d8k.htm,1,2014-01-01,2017-11-11,1
33185,33185,TALX Corporation,2016-01-01,0,0001193125-17-301130,2017-10-02,8-K,"5.02,8.01,9.01",d335628d8k.htm,1,2014-01-01,2017-11-11,1
33185,33185,TALX Corporation,2016-01-01,0,0001193125-17-293765,2017-09-26,8-K,"5.02,9.01",d420554d8k.htm,1,2014-01-01,2017-11-11,1
33185,33185,TALX Corporation,2016-01-01,0,0001193125-16-771552,2016-11-18,8-K,"5.02,9.01",d292527d8k.htm,1,2014-01-01,2017-11-11,1
33185,33185,TALX Corporation,2016-01-01,0,0001193125-16-713479,2016-09-19,8-K,"5.02,9.01",d257536d8k.htm,1,2014-01-01,2017-11-11,1
33185,33185,TALX Corporation,2016-01-01,0,0001144204-14-029598,2014-05-12,8-K,"5.02,9.01",v378250_8k.htm,1,2014-01-01,2017-11-11,1
33185,33185,TALX Corporation,2016-04-18,0,0001193125-17-320321,2017-10-26,8-K,"5.02,9.01",d461446d8k.htm,1,2014-04-19,2018-01-17,1
33185,33185,TALX Corporation,2016-04-18,0,0001193125-17-301130,2017-10-02,8-K,"5.02,8.01,9.01",d335628d8k.htm,1,2014-04-19,2018-01-17,1
33185,33185,TALX Corporation,2016-04-18,0,0001193125-17-293765,2017-09-26,8-K,"5.02,9.01",d420554d8k.htm,1,2014-04-19,2018-01-17,1
33185,33185,TALX Corporation,2016-04-18,0,0001193125-16-771552,2016-11-18,8-K,"5.02,9.01",d292527d8k.htm,1,2014-04-19,2018-01-17,1
33185,33185,TALX Corporation,2016-04-18,0,0001193125-16-713479,2016-09-19,8-K,"5.02,9.01",d257536d8k.htm,1,2014-04-19,2018-01-17,1
33185,33185,TALX Corporation,2016-04-18,0,0001144204-14-029598,2014-05-12,8-K,"5.02,9.01",v378250_8k.htm,1,2014-04-19,2018-01-17,1
33185,33185,TALX Corporation,2017-03-09,0,0001193125-17-320321,2017-10-26,8-K,"5.02,9.01",d461446d8k.htm,1,2015-03-10,2017-11-15,1
33185,33185,TALX Corporation,2017-03-09,0,0001193125-17-301130,2017-10-02,8-K,"5.02,8.01,9.01",d335628d8k.htm,1,2015-03-10,2017-11-15,1
33185,33185,TALX Corporation,2017-03-09,0,0001193125-17-293765,2017-09-26,8-K,"5.02,9.01",d420554d8k.htm,1,2015-03-10,2017-11-15,1
33185,33185,TALX Corporation,2017-03-09,0,0001193125-16-771552,2016-11-18,8-K,"5.02,9.01",d292527d8k.htm,1,2015-03-10,2017-11-15,1
33185,33185,TALX Corporation,2017-03-09,0,0001193125-16-713479,2016-09-19,8-K,"5.02,9.01",d257536d8k.htm,1,2015-03-10,2017-11-15,1
40704,40704,"General Mills, Inc.",2022-11-18,0,0001193125-23-137156,2023-05-05,8-K,"5.02,9.01",d408002d8k.htm,1,2020-11-18,2023-07-11,1
40704,40704,"General Mills, Inc.",2022-11-18,0,0001193125-22-255620,2022-09-30,8-K,"5.02,5.07,9.01",d514129d8k.htm,1,2020-11-18,2023-07-11,1
40704,40704,"General Mills, Inc.",2022-11-18,0,0001193125-22-185819,2022-06-30,8-K,"5.02,8.01,9.01",d365231d8k.htm,1,2020-11-18,2023-07-11,1
40704,40704,"General Mills, Inc.",2022-11-18,0,0001193125-21-350290,2021-12-07,8-K,5.02,d257144d8k.htm,1,2020-11-18,2023-07-11,1
40704,40704,"General Mills, Inc.",2022-11-18,0,0001564590-21-037515,2021-07-22,8-K,"5.02,9.01",gis-8k_20210716.htm,1,2020-11-18,2023-07-11,1
43196,43196,"Gray Television, Inc.",2016-02-16,0,0001437749-17-000933,2017-01-20,8-K,"2.02,5.02,7.01,9.01",gtn20170120_8k.htm,1,2014-02-16,2017-02-27,1
43196,43196,"Gray Television, Inc.",2016-02-16,0,0001437749-16-038936,2016-09-21,8-K,"5.02,7.01,9.01",gtn20160920_8k.htm,1,2014-02-16,2017-02-27,1
43196,43196,"Gray Television, Inc.",2016-02-16,0,0001437749-16-034694,2016-06-30,8-K,"5.02,9.01",gtn20160630_8k.htm,1,2014-02-16,2017-02-27,1
43196,43196,"Gray Television, Inc.",2016-02-16,0,0001437749-16-024501,2016-02-02,8-K,"5.02,7.01,9.01",gtn20160202_8k.htm,1,2014-02-16,2017-02-27,1
43196,43196,"Gray Television, Inc.",2016-02-16,0,0001437749-15-014446,2015-07-31,8-K,5.02,gtn20150731_8k.htm,1,2014-02-16,2017-02-27,1
43196,43196,Gray Television,2016-08-08,0,0001437749-17-000933,2017-01-20,8-K,"2.02,5.02,7.01,9.01",gtn20170120_8k.htm,1,2014-08-09,2017-02-27,1
43196,43196,Gray Television,2016-08-08,0,0001437749-16-038936,2016-09-21,8-K,"5.02,7.01,9.01",gtn20160920_8k.htm,1,2014-08-09,2017-02-27,1
43196,43196,Gray Television,2016-08-08,0,0001437749-16-034694,2016-06-30,8-K,"5.02,9.01",gtn20160630_8k.htm,1,2014-08-09,2017-02-27,1
43196,43196,Gray Television,2016-08-08,0,0001437749-16-024501,2016-02-02,8-K,"5.02,7.01,9.01",gtn20160202_8k.htm,1,2014-08-09,2017-02-27,1
43196,43196,Gray Television,2016-08-08,0,0001437749-15-014446,2015-07-31,8-K,5.02,gtn20150731_8k.htm,1,2014-08-09,2017-02-27,1
43196,43196,"Gray Television, Inc.",2021-09-01,0,0001437749-22-011229,2022-05-06,8-K,"5.02,5.07",gtn20220505b_8k.htm,1,2019-09-02,2022-08-20,1
43196,43196,"Gray Television, Inc.",2021-09-01,0,0001437749-22-004783,2022-03-01,8-K,"5.02,7.01,9.01",gtn20220301_8k.htm,1,2019-09-02,2022-08-20,1
43196,43196,"Gray Television, Inc.",2021-09-01,0,0001193125-21-057034,2021-02-25,8-K,"5.02,7.01,8.01,9.01",d139576d8k.htm,1,2019-09-02,2022-08-20,1
47111,47111,The Hershey Company,2023-09-03,0,0000047111-23-000006,2023-02-06,8-K,"5.02,9.01",hsy-20230202.htm,1,2021-09-03,2024-06-04,1
47217,47217,Hewlett-Packard Company,2007-07-01,0,0001104659-08-004386,2008-01-24,8-K,"5.02,9.01",a08-3596_18k.htm,1,2005-07-01,2008-02-12,1
47217,47217,Hewlett-Packard Company,2007-07-01,0,0001104659-07-041277,2007-05-18,8-K,"5.02,5.03,9.01",a07-14585_18k.htm,1,2005-07-01,2008-02-12,1
47217,47217,Hewlett-Packard Company,2007-07-01,0,0001104659-07-003960,2007-01-23,8-K,"5.02,5.03,9.01",a07-2312_18k.htm,1,2005-07-01,2008-02-12,1
47217,47217,Hewlett-Packard Company,2007-07-01,0,0001104659-06-080577,2006-12-11,8-K,"5.02,9.01",a06-25366_18k.htm,1,2005-07-01,2008-02-12,1
47217,47217,Hewlett-Packard Company,2007-07-01,0,0001104659-06-078068,2006-11-28,8-K/A,5.02,a06-24620_18ka.htm,1,2005-07-01,2008-02-12,1
47217,47217,Hewlett-Packard Company,2007-07-01,0,0001104659-06-075980,2006-11-17,8-K,"5.02,5.03,9.01",a06-24249_18k.htm,1,2005-07-01,2008-02-12,1
47217,47217,Hewlett-Packard Company,2007-07-01,0,0001104659-06-062623,2006-09-22,8-K,"5.02,5.03,9.01",a06-20135_18k.htm,1,2005-07-01,2008-02-12,1
47217,47217,Hewlett-Packard Company,2007-07-01,0,0001104659-06-060568,2006-09-12,8-K,"5.02,5.03,8.01,9.01",a06-19530_18k.htm,1,2005-07-01,2008-02-12,1
47217,47217,Hewlett-Packard Company,2007-07-01,0,0001104659-06-036450,2006-05-22,8-K,"5.02,5.03,9.01",a06-12355_18k.htm,1,2005-07-01,2008-02-12,1
47217,47217,Hewlett-Packard Company,2007-07-01,0,0001104659-06-002894,2006-01-19,8-K/A,5.02,a06-2808_18ka.htm,1,2005-07-01,2008-02-12,1
47217,47217,Hewlett-Packard Company,2007-07-01,0,0001104659-05-057353,2005-11-23,8-K,"1.01,5.02,5.03,9.01",a05-20651_18k.htm,1,2005-07-01,2008-02-12,1
47217,47217,Hewlett-Packard Company,2007-07-01,0,0000047217-05-000167,2005-09-28,8-K,"1.01,5.02,5.03,9.01",form8-k_092705.htm,1,2005-07-01,2008-02-12,1
47217,47217,Hewlett Packard Company,2007-08-16,0,0001104659-08-004386,2008-01-24,8-K,"5.02,9.01",a08-3596_18k.htm,1,2005-08-16,2008-02-12,1
47217,47217,Hewlett Packard Company,2007-08-16,0,0001104659-07-041277,2007-05-18,8-K,"5.02,5.03,9.01",a07-14585_18k.htm,1,2005-08-16,2008-02-12,1
47217,47217,Hewlett Packard Company,2007-08-16,0,0001104659-07-003960,2007-01-23,8-K,"5.02,5.03,9.01",a07-2312_18k.htm,1,2005-08-16,2008-02-12,1
47217,47217,Hewlett Packard Company,2007-08-16,0,0001104659-06-080577,2006-12-11,8-K,"5.02,9.01",a06-25366_18k.htm,1,2005-08-16,2008-02-12,1
47217,47217,Hewlett Packard Company,2007-08-16,0,0001104659-06-078068,2006-11-28,8-K/A,5.02,a06-24620_18ka.htm,1,2005-08-16,2008-02-12,1
47217,47217,Hewlett Packard Company,2007-08-16,0,0001104659-06-075980,2006-11-17,8-K,"5.02,5.03,9.01",a06-24249_18k.htm,1,2005-08-16,2008-02-12,1
47217,47217,Hewlett Packard Company,2007-08-16,0,0001104659-06-062623,2006-09-22,8-K,"5.02,5.03,9.01",a06-20135_18k.htm,1,2005-08-16,2008-02-12,1
47217,47217,Hewlett Packard Company,2007-08-16,0,0001104659-06-060568,2006-09-12,8-K,"5.02,5.03,8.01,9.01",a06-19530_18k.htm,1,2005-08-16,2008-02-12,1
47217,47217,Hewlett Packard Company,2007-08-16,0,0001104659-06-036450,2006-05-22,8-K,"5.02,5.03,9.01",a06-12355_18k.htm,1,2005-08-16,2008-02-12,1
47217,47217,Hewlett Packard Company,2007-08-16,0,0001104659-06-002894,2006-01-19,8-K/A,5.02,a06-2808_18ka.htm,1,2005-08-16,2008-02-12,1
47217,47217,Hewlett Packard Company,2007-08-16,0,0001104659-05-057353,2005-11-23,8-K,"1.01,5.02,5.03,9.01",a05-20651_18k.htm,1,2005-08-16,2008-02-12,1
47217,47217,Hewlett Packard Company,2007-08-16,0,0000047217-05-000167,2005-09-28,8-K,"1.01,5.02,5.03,9.01",form8-k_092705.htm,1,2005-08-16,2008-02-12,1
47217,47217,Hewlett-Packard Company,2008-12-04,0,0000047217-09-000003,2009-01-20,8-K,"5.02,5.03,9.01",bylawsform8-k_0109.htm,1,2006-12-05,2009-06-02,1
47217,47217,Hewlett-Packard Company,2008-12-04,0,0001104659-08-060212,2008-09-24,8-K,5.02,a08-24087_18k.htm,1,2006-12-05,2009-06-02,1
47217,47217,Hewlett-Packard Company,2008-12-04,0,0001104659-08-055465,2008-08-27,8-K,"5.02,9.01",a08-22416_18k.htm,1,2006-12-05,2009-06-02,1
47217,47217,Hewlett-Packard Company,2008-12-04,0,0000047217-08-000117,2008-05-20,8-K,"2.02,5.02,9.01",q2form8-k_0508.htm,1,2006-12-05,2009-06-02,1
47217,47217,Hewlett-Packard Company,2008-12-04,0,0001104659-08-004386,2008-01-24,8-K,"5.02,9.01",a08-3596_18k.htm,1,2006-12-05,2009-06-02,1
47217,47217,Hewlett-Packard Company,2008-12-04,0,0001104659-07-041277,2007-05-18,8-K,"5.02,5.03,9.01",a07-14585_18k.htm,1,2006-12-05,2009-06-02,1
47217,47217,Hewlett-Packard Company,2008-12-04,0,0001104659-07-003960,2007-01-23,8-K,"5.02,5.03,9.01",a07-2312_18k.htm,1,2006-12-05,2009-06-02,1
47217,47217,Hewlett-Packard Company,2008-12-04,0,0001104659-06-080577,2006-12-11,8-K,"5.02,9.01",a06-25366_18k.htm,1,2006-12-05,2009-06-02,1
47217,47217,Hewlett-Packard Company,2008-12-08,0,0000047217-09-000003,2009-01-20,8-K,"5.02,5.03,9.01",bylawsform8-k_0109.htm,1,2006-12-09,2009-06-06,1
47217,47217,Hewlett-Packard Company,2008-12-08,0,0001104659-08-060212,2008-09-24,8-K,5.02,a08-24087_18k.htm,1,2006-12-09,2009-06-06,1
47217,47217,Hewlett-Packard Company,2008-12-08,0,0001104659-08-055465,2008-08-27,8-K,"5.02,9.01",a08-22416_18k.htm,1,2006-12-09,2009-06-06,1
47217,47217,Hewlett-Packard Company,2008-12-08,0,0000047217-08-000117,2008-05-20,8-K,"2.02,5.02,9.01",q2form8-k_0508.htm,1,2006-12-09,2009-06-06,1
47217,47217,Hewlett-Packard Company,2008-12-08,0,0001104659-08-004386,2008-01-24,8-K,"5.02,9.01",a08-3596_18k.htm,1,2006-12-09,2009-06-06,1
47217,47217,Hewlett-Packard Company,2008-12-08,0,0001104659-07-041277,2007-05-18,8-K,"5.02,5.03,9.01",a07-14585_18k.htm,1,2006-12-09,2009-06-06,1
47217,47217,Hewlett-Packard Company,2008-12-08,0,0001104659-07-003960,2007-01-23,8-K,"5.02,5.03,9.01",a07-2312_18k.htm,1,2006-12-09,2009-06-06,1
47217,47217,Hewlett-Packard Company,2008-12-08,0,0001104659-06-080577,2006-12-11,8-K,"5.02,9.01",a06-25366_18k.htm,1,2006-12-09,2009-06-06,1
47217,47217,Hewlett-Packard Company,2010-02-09,0,0001047469-10-007177,2010-08-06,8-K,"2.02,5.02,5.03,9.01",a2199755z8-k.htm,1,2008-02-10,2010-08-08,1
47217,47217,Hewlett-Packard Company,2010-02-09,0,0001104659-10-015887,2010-03-23,8-K,"5.02,5.07,9.01",a10-6739_18k.htm,1,2008-02-10,2010-08-08,1
47217,47217,Hewlett-Packard Company,2010-02-09,0,0000047217-09-000032,2009-09-17,8-K,"5.02,5.03,9.01",form8-k_091709.htm,1,2008-02-10,2010-08-08,1
47217,47217,Hewlett-Packard Company,2010-02-09,0,0000047217-09-000003,2009-01-20,8-K,"5.02,5.03,9.01",bylawsform8-k_0109.htm,1,2008-02-10,2010-08-08,1
47217,47217,Hewlett-Packard Company,2010-02-09,0,0001104659-08-060212,2008-09-24,8-K,5.02,a08-24087_18k.htm,1,2008-02-10,2010-08-08,1
47217,47217,Hewlett-Packard Company,2010-02-09,0,0001104659-08-055465,2008-08-27,8-K,"5.02,9.01",a08-22416_18k.htm,1,2008-02-10,2010-08-08,1
47217,47217,Hewlett-Packard Company,2010-02-09,0,0000047217-08-000117,2008-05-20,8-K,"2.02,5.02,9.01",q2form8-k_0508.htm,1,2008-02-10,2010-08-08,1
51143,51143,IBM,2007-02-23,0,0001104659-07-057720,2007-08-01,8-K,5.02,a07-18155_48k.htm,1,2005-02-23,2007-10-23,1
51143,51143,IBM,2007-02-23,0,0001104659-07-049962,2007-06-26,8-K,5.02,a07-17329_18k.htm,1,2005-02-23,2007-10-23,1
51143,51143,IBM,2007-02-23,0,0001104659-07-007260,2007-02-05,8-K,5.02,a07-1990_78k.htm,1,2005-02-23,2007-10-23,1
51143,51143,IBM,2007-02-23,0,0001104659-07-005968,2007-01-31,8-K,5.02,a07-1990_58k.htm,1,2005-02-23,2007-10-23,1
51143,51143,IBM,2007-02-23,0,0001104659-06-004976,2006-01-31,8-K,5.02,a06-2706_38k.htm,1,2005-02-23,2007-10-23,1
51143,51143,IBM,2007-02-23,0,0001104659-05-045904,2005-09-27,8-K,"5.02,5.03",a05-16528_18k.htm,1,2005-02-23,2007-10-23,1
51143,51143,IBM,2007-02-23,0,0001104659-05-014582,2005-04-01,8-K,5.02,a05-5804_28k.htm,1,2005-02-23,2007-10-23,1
51143,51143,IBM,2011-04-14,0,0001104659-11-003613,2011-01-28,8-K,5.02,a11-4392_28k.htm,1,2009-04-14,2011-10-11,1
51143,51143,IBM,2011-04-14,0,0001104659-10-061274,2010-12-06,8-K,5.02,a10-22284_18k.htm,1,2009-04-14,2011-10-11,1
51143,51143,IBM,2011-04-14,0,0001104659-10-003847,2010-01-29,8-K,5.02,a10-2611_18k.htm,1,2009-04-14,2011-10-11,1
920760,920760,Lennar Corporation,2023-07-20,0,0001628280-23-032661,2023-09-20,8-K,"5.02,9.01",len-20230918.htm,1,2021-07-20,2024-04-07,1
920760,920760,Lennar Corporation,2023-07-20,0,0001628280-23-027264,2023-08-03,8-K,"5.02,9.01",len-20230731.htm,1,2021-07-20,2024-04-07,1
920760,920760,Lennar Corporation,2023-07-20,0,0001628280-23-024926,2023-07-14,8-K,"5.02,9.01",len-20230714.htm,1,2021-07-20,2024-04-07,1
920760,920760,Lennar Corporation,2023-07-20,0,0001193125-23-061576,2023-03-06,8-K,"5.02,9.01",d444988d8k.htm,1,2021-07-20,2024-04-07,1
920760,920760,Lennar Corporation,2023-07-20,0,0001193125-22-290031,2022-11-21,8-K,"5.02,9.01",d386121d8k.htm,1,2021-07-20,2024-04-07,1
920760,920760,Lennar Corporation,2023-07-20,0,0001628280-22-009207,2022-04-14,8-K,"5.02,5.07,9.01",len-20220412.htm,1,2021-07-20,2024-04-07,1
920760,920760,Lennar Corporation,2023-07-20,0,0001628280-22-008548,2022-04-06,8-K,"5.02,9.01",len-20220406.htm,1,2021-07-20,2024-04-07,1
920760,920760,Lennar Corporation,2023-07-20,0,0001193125-22-066148,2022-03-04,8-K,"5.02,9.01",d320216d8k.htm,1,2021-07-20,2024-04-07,1
62709,62709,"Marsh & McLennan Companies, Inc.",2013-06-01,0,0000062709-14-000002,2014-01-06,8-K,5.02,form8-kcarterresignation.htm,1,2011-06-02,2014-05-25,1
62709,62709,"Marsh & McLennan Companies, Inc.",2013-06-01,0,0000062709-12-000066,2012-12-14,8-K/A,"5.02,9.01",form8-ka12x14x12.htm,1,2011-06-02,2014-05-25,1
62709,62709,"Marsh & McLennan Companies, Inc.",2013-06-01,0,0000062709-12-000059,2012-09-24,8-K/A,5.02,form8-ka09x19x12.htm,1,2011-06-02,2014-05-25,1
62709,62709,"Marsh & McLennan Companies, Inc.",2013-06-01,0,0000062709-12-000057,2012-09-21,8-K,"5.02,9.01",form8-k09x20x2012.htm,1,2011-06-02,2014-05-25,1
62709,62709,"Marsh & McLennan Companies, Inc.",2013-06-01,0,0000062709-12-000054,2012-09-04,8-K,"5.02,9.01",form8-k09x04x12.htm,1,2011-06-02,2014-05-25,1
62709,62709,"Marsh & McLennan Companies, Inc.",2013-06-01,0,0000062709-12-000018,2012-03-05,8-K,5.02,form8-k03x05x2012.htm,1,2011-06-02,2014-05-25,1
62709,62709,"Marsh & McLennan Companies, Inc.",2013-06-01,0,0000062709-12-000007,2012-01-18,8-K,"5.02,9.01",f8k_01-18x2012.htm,1,2011-06-02,2014-05-25,1
62709,62709,"Marsh & McLennan Companies, Inc.",2013-06-01,0,0000062709-11-000027,2011-10-07,8-K,"5.02,9.01",f8koct4-2011.htm,1,2011-06-02,2014-05-25,1
68505,68505,"Motorola, Inc.",2009-01-01,0,0000950137-09-004049,2009-05-22,8-K,5.02,c51456e8vk.htm,1,2007-01-02,2009-08-05,1
68505,68505,"Motorola, Inc.",2009-01-01,0,0000950137-09-002505,2009-04-01,8-K/A,5.02,c50376ae8vkza.htm,1,2007-01-02,2009-08-05,1
68505,68505,"Motorola, Inc.",2009-01-01,0,0000950137-09-002115,2009-03-23,8-K,"5.02,8.01,9.01",c50170e8vk.htm,1,2007-01-02,2009-08-05,1
68505,68505,"Motorola, Inc.",2009-01-01,0,0000950152-09-000904,2009-02-03,8-K,"2.02,5.02,8.01,9.01",c49112e8vk.htm,1,2007-01-02,2009-08-05,1
68505,68505,"Motorola, Inc.",2009-01-01,0,0000950137-09-000352,2009-01-21,8-K,"2.02,2.05,5.02,9.01",c48878e8vk.htm,1,2007-01-02,2009-08-05,1
68505,68505,"Motorola, Inc.",2009-01-01,0,0000950123-08-017856,2008-12-18,8-K,5.02,c48295e8vk.htm,1,2007-01-02,2009-08-05,1
68505,68505,"Motorola, Inc.",2009-01-01,0,0000950137-08-014456,2008-12-17,8-K,"5.02,8.01,9.01",c48236e8vk.htm,1,2007-01-02,2009-08-05,1
68505,68505,"Motorola, Inc.",2009-01-01,0,0000950137-08-011276,2008-08-29,8-K,"5.02,9.01",c35242e8vk.htm,1,2007-01-02,2009-08-05,1
68505,68505,"Motorola, Inc.",2009-01-01,0,0000898822-08-000839,2008-08-04,8-K,"5.02,5.03,8.01,9.01",mot8k.htm,1,2007-01-02,2009-08-05,1
68505,68505,"Motorola, Inc.",2009-01-01,0,0000950137-08-009960,2008-07-31,8-K,5.02,c33745e8vk.htm,1,2007-01-02,2009-08-05,1
68505,68505,"Motorola, Inc.",2009-01-01,0,0000950137-08-006039,2008-04-25,8-K,5.02,c25988e8vk.htm,1,2007-01-02,2009-08-05,1
68505,68505,"Motorola, Inc.",2009-01-01,0,0000898822-08-000394,2008-04-08,8-K,"5.02,8.01,9.01",motorola8k.htm,1,2007-01-02,2009-08-05,1
68505,68505,"Motorola, Inc.",2009-01-01,0,0000950137-08-004996,2008-04-02,8-K,"5.02,9.01",c25365e8vk.htm,1,2007-01-02,2009-08-05,1
68505,68505,"Motorola, Inc.",2009-01-01,0,0000950137-08-003967,2008-03-20,8-K,5.02,c25011e8vk.htm,1,2007-01-02,2009-08-05,1
68505,68505,"Motorola, Inc.",2009-01-01,0,0000950137-08-003512,2008-03-11,8-K,"5.02,9.01",c24742e8vk.htm,1,2007-01-02,2009-08-05,1
68505,68505,"Motorola, Inc.",2009-01-01,0,0000950137-08-002814,2008-02-27,8-K,"5.02,9.01",c24290e8vk.htm,1,2007-01-02,2009-08-05,1
68505,68505,"Motorola, Inc.",2009-01-01,0,0000950137-08-001640,2008-02-05,8-K,5.02,c23537e8vk.htm,1,2007-01-02,2009-08-05,1
68505,68505,"Motorola, Inc.",2009-01-01,0,0000898822-07-001404,2007-11-30,8-K,"5.02,9.01",motorola8kbody.htm,1,2007-01-02,2009-08-05,1
68505,68505,"Motorola, Inc.",2009-01-01,0,0000950137-07-015106,2007-10-04,8-K,"5.02,9.01",c19135e8vk.htm,1,2007-01-02,2009-08-05,1
68505,68505,"Motorola, Inc.",2009-01-01,0,0000950137-07-014349,2007-09-19,8-K,"5.02,9.01",c18715e8vk.htm,1,2007-01-02,2009-08-05,1
68505,68505,"Motorola, Inc.",2009-01-01,0,0000950137-07-010759,2007-07-30,8-K,"5.02,9.01",c17175e8vk.htm,1,2007-01-02,2009-08-05,1
68505,68505,"Motorola, Inc.",2009-01-01,0,0000950137-07-009817,2007-07-10,8-K,5.02,c16629e8vk.htm,1,2007-01-02,2009-08-05,1
68505,68505,"Motorola, Inc.",2009-01-01,0,0000950137-07-008512,2007-06-06,8-K,5.02,c15839e8vk.htm,1,2007-01-02,2009-08-05,1
68505,68505,"Motorola, Inc.",2009-01-01,0,0000950137-07-007421,2007-05-14,8-K,"5.02,9.01",c15233e8vk.htm,1,2007-01-02,2009-08-05,1
68505,68505,"Motorola, Inc.",2009-01-01,0,0000950137-07-005362,2007-04-10,8-K,5.02,c14070e8vk.htm,1,2007-01-02,2009-08-05,1
68505,68505,"Motorola, Inc.",2009-01-01,0,0000950137-07-004530,2007-03-27,8-K/A,"5.02,9.01",c13609ae8vkza.htm,1,2007-01-02,2009-08-05,1
68505,68505,"Motorola, Inc.",2009-01-01,0,0000950137-07-004160,2007-03-21,8-K,"5.02,7.01,8.01,9.01",c13521e8vk.htm,1,2007-01-02,2009-08-05,1
68505,68505,"Motorola, Inc.",2009-01-01,0,0000950137-07-002962,2007-02-28,8-K,5.02,c12791e8vk.htm,1,2007-01-02,2009-08-05,1
68505,68505,"Motorola, Inc.",2009-01-01,0,0000950137-07-002451,2007-02-20,8-K,5.02,c12530e8vk.htm,1,2007-01-02,2009-08-05,1
68505,68505,"Motorola, Inc.",2009-01-01,0,0000950137-07-002342,2007-02-15,8-K,"5.02,9.01",c12373e8vk.htm,1,2007-01-02,2009-08-05,1
68505,68505,"Motorola, Inc.",2009-02-17,0,0000950137-09-004049,2009-05-22,8-K,5.02,c51456e8vk.htm,1,2007-02-18,2009-08-16,1
68505,68505,"Motorola, Inc.",2009-02-17,0,0000950137-09-002505,2009-04-01,8-K/A,5.02,c50376ae8vkza.htm,1,2007-02-18,2009-08-16,1
68505,68505,"Motorola, Inc.",2009-02-17,0,0000950137-09-002115,2009-03-23,8-K,"5.02,8.01,9.01",c50170e8vk.htm,1,2007-02-18,2009-08-16,1
68505,68505,"Motorola, Inc.",2009-02-17,0,0000950152-09-000904,2009-02-03,8-K,"2.02,5.02,8.01,9.01",c49112e8vk.htm,1,2007-02-18,2009-08-16,1
68505,68505,"Motorola, Inc.",2009-02-17,0,0000950137-09-000352,2009-01-21,8-K,"2.02,2.05,5.02,9.01",c48878e8vk.htm,1,2007-02-18,2009-08-16,1
68505,68505,"Motorola, Inc.",2009-02-17,0,0000950123-08-017856,2008-12-18,8-K,5.02,c48295e8vk.htm,1,2007-02-18,2009-08-16,1
68505,68505,"Motorola, Inc.",2009-02-17,0,0000950137-08-014456,2008-12-17,8-K,"5.02,8.01,9.01",c48236e8vk.htm,1,2007-02-18,2009-08-16,1
68505,68505,"Motorola, Inc.",2009-02-17,0,0000950137-08-011276,2008-08-29,8-K,"5.02,9.01",c35242e8vk.htm,1,2007-02-18,2009-08-16,1
68505,68505,"Motorola, Inc.",2009-02-17,0,0000898822-08-000839,2008-08-04,8-K,"5.02,5.03,8.01,9.01",mot8k.htm,1,2007-02-18,2009-08-16,1
68505,68505,"Motorola, Inc.",2009-02-17,0,0000950137-08-009960,2008-07-31,8-K,5.02,c33745e8vk.htm,1,2007-02-18,2009-08-16,1
68505,68505,"Motorola, Inc.",2009-02-17,0,0000950137-08-006039,2008-04-25,8-K,5.02,c25988e8vk.htm,1,2007-02-18,2009-08-16,1
68505,68505,"Motorola, Inc.",2009-02-17,0,0000898822-08-000394,2008-04-08,8-K,"5.02,8.01,9.01",motorola8k.htm,1,2007-02-18,2009-08-16,1
68505,68505,"Motorola, Inc.",2009-02-17,0,0000950137-08-004996,2008-04-02,8-K,"5.02,9.01",c25365e8vk.htm,1,2007-02-18,2009-08-16,1
68505,68505,"Motorola, Inc.",2009-02-17,0,0000950137-08-003967,2008-03-20,8-K,5.02,c25011e8vk.htm,1,2007-02-18,2009-08-16,1
68505,68505,"Motorola, Inc.",2009-02-17,0,0000950137-08-003512,2008-03-11,8-K,"5.02,9.01",c24742e8vk.htm,1,2007-02-18,2009-08-16,1
68505,68505,"Motorola, Inc.",2009-02-17,0,0000950137-08-002814,2008-02-27,8-K,"5.02,9.01",c24290e8vk.htm,1,2007-02-18,2009-08-16,1
68505,68505,"Motorola, Inc.",2009-02-17,0,0000950137-08-001640,2008-02-05,8-K,5.02,c23537e8vk.htm,1,2007-02-18,2009-08-16,1
68505,68505,"Motorola, Inc.",2009-02-17,0,0000898822-07-001404,2007-11-30,8-K,"5.02,9.01",motorola8kbody.htm,1,2007-02-18,2009-08-16,1
68505,68505,"Motorola, Inc.",2009-02-17,0,0000950137-07-015106,2007-10-04,8-K,"5.02,9.01",c19135e8vk.htm,1,2007-02-18,2009-08-16,1
68505,68505,"Motorola, Inc.",2009-02-17,0,0000950137-07-014349,2007-09-19,8-K,"5.02,9.01",c18715e8vk.htm,1,2007-02-18,2009-08-16,1
68505,68505,"Motorola, Inc.",2009-02-17,0,0000950137-07-010759,2007-07-30,8-K,"5.02,9.01",c17175e8vk.htm,1,2007-02-18,2009-08-16,1
68505,68505,"Motorola, Inc.",2009-02-17,0,0000950137-07-009817,2007-07-10,8-K,5.02,c16629e8vk.htm,1,2007-02-18,2009-08-16,1
68505,68505,"Motorola, Inc.",2009-02-17,0,0000950137-07-008512,2007-06-06,8-K,5.02,c15839e8vk.htm,1,2007-02-18,2009-08-16,1
68505,68505,"Motorola, Inc.",2009-02-17,0,0000950137-07-007421,2007-05-14,8-K,"5.02,9.01",c15233e8vk.htm,1,2007-02-18,2009-08-16,1
68505,68505,"Motorola, Inc.",2009-02-17,0,0000950137-07-005362,2007-04-10,8-K,5.02,c14070e8vk.htm,1,2007-02-18,2009-08-16,1
68505,68505,"Motorola, Inc.",2009-02-17,0,0000950137-07-004530,2007-03-27,8-K/A,"5.02,9.01",c13609ae8vkza.htm,1,2007-02-18,2009-08-16,1
68505,68505,"Motorola, Inc.",2009-02-17,0,0000950137-07-004160,2007-03-21,8-K,"5.02,7.01,8.01,9.01",c13521e8vk.htm,1,2007-02-18,2009-08-16,1
68505,68505,"Motorola, Inc.",2009-02-17,0,0000950137-07-002962,2007-02-28,8-K,5.02,c12791e8vk.htm,1,2007-02-18,2009-08-16,1
68505,68505,"Motorola, Inc.",2009-02-17,0,0000950137-07-002451,2007-02-20,8-K,5.02,c12530e8vk.htm,1,2007-02-18,2009-08-16,1
1133421,1133421,Northrop Grumman Systems Corporation,2016-04-18,0,0001133421-17-000040,2017-09-27,8-K,"5.02,9.01",noc-form8xk092617.htm,1,2014-04-19,2017-10-16,1
1133421,1133421,Northrop Grumman Systems Corporation,2016-04-18,0,0001133421-17-000014,2017-02-28,8-K,"5.02,9.01",noc-form8xk022717.htm,1,2014-04-19,2017-10-16,1
1133421,1133421,Northrop Grumman Systems Corporation,2016-04-18,0,0001133421-17-000011,2017-02-22,8-K,5.02,noc-form8xk021717.htm,1,2014-04-19,2017-10-16,1
1133421,1133421,Northrop Grumman Systems Corporation,2016-04-18,0,0001133421-16-000113,2016-12-09,8-K,"5.02,9.01",noc-form8xkx1216.htm,1,2014-04-19,2017-10-16,1
1133421,1133421,Northrop Grumman Systems Corporation,2016-04-18,0,0001133421-16-000072,2016-03-17,8-K,"5.02,9.01",noc-form8xkx031616.htm,1,2014-04-19,2017-10-16,1
1133421,1133421,Northrop Grumman Systems Corporation,2016-04-18,0,0001133421-16-000069,2016-02-22,8-K,"5.02,5.03,9.01",noc-form8xkx021616.htm,1,2014-04-19,2017-10-16,1
1133421,1133421,Northrop Grumman Systems Corporation,2016-04-18,0,0001133421-15-000050,2015-10-15,8-K,"5.02,9.01",noc-10132015xform8k.htm,1,2014-04-19,2017-10-16,1
1133421,1133421,Northrop Grumman Systems Corporation,2016-04-18,0,0001133421-15-000018,2015-03-20,8-K,"5.02,9.01",noc-form8xkx031915.htm,1,2014-04-19,2017-10-16,1
1133421,1133421,Northrop Grumman Systems Corporation,2016-04-18,0,0001133421-15-000016,2015-02-20,8-K,"5.02,9.01",noc-form8xkx021815.htm,1,2014-04-19,2017-10-16,1
1133421,1133421,Northrop Grumman Systems Corporation,2016-04-18,0,0001133421-15-000013,2015-02-19,8-K,"5.02,9.01",noc-form8xkx021715.htm,1,2014-04-19,2017-10-16,1
1133421,1133421,Northrop Grumman Systems Corporation,2016-04-18,0,0001133421-15-000011,2015-02-03,8-K,5.02,form8-k020215.htm,1,2014-04-19,2017-10-16,1
1133421,1133421,Northrop Grumman Systems Corporation,2016-04-18,0,0001133421-14-000061,2014-12-08,8-K,"5.02,9.01",noc-form8xk120814.htm,1,2014-04-19,2017-10-16,1
1133421,1133421,Northrop Grumman Systems Corporation,2016-04-18,0,0001133421-14-000058,2014-11-05,8-K,5.02,noc-form8xk110414.htm,1,2014-04-19,2017-10-16,1
73309,73309,Nucor Corporation,2023-05-26,0,0001193125-23-296305,2023-12-15,8-K,"5.02,9.01",d615320d8k.htm,1,2021-05-26,2023-12-25,1
73309,73309,Nucor Corporation,2023-05-26,0,0001193125-23-206313,2023-08-08,8-K,"5.02,9.01",d496129d8k.htm,1,2021-05-26,2023-12-25,1
73309,73309,Nucor Corporation,2023-05-26,0,0001193125-22-215713,2022-08-09,8-K,"5.02,9.01",d361471d8k.htm,1,2021-05-26,2023-12-25,1
73309,73309,Nucor Corporation,2023-05-26,0,0001193125-22-159808,2022-05-25,8-K/A,"5.02,9.01",d235339d8ka.htm,1,2021-05-26,2023-12-25,1
73309,73309,Nucor Corporation,2023-05-26,0,0001193125-22-066230,2022-03-04,8-K/A,"5.02,9.01",d245075d8ka.htm,1,2021-05-26,2023-12-25,1
73309,73309,Nucor Corporation,2023-05-26,0,0001193125-22-050075,2022-02-23,8-K,"5.02,9.01",d315476d8k.htm,1,2021-05-26,2023-12-25,1
73309,73309,Nucor Corporation,2023-05-26,0,0001193125-21-244798,2021-08-12,8-K,"5.02,9.01",d207304d8k.htm,1,2021-05-26,2023-12-25,1
73309,73309,Nucor Corporation,2023-05-26,0,0001193125-21-181330,2021-06-03,8-K/A,"5.02,9.01",d156720d8ka.htm,1,2021-05-26,2023-12-25,1
73756,73756,"Oceaneering International, Inc.",2024-01-01,0,0000073756-24-000014,2024-02-27,8-K,"5.02,9.01",oii-20240221.htm,1,2022-01-01,2024-08-28,1
73756,73756,"Oceaneering International, Inc.",2024-01-01,0,0000073756-23-000140,2023-11-17,8-K,5.02,oii-20231116.htm,1,2022-01-01,2024-08-28,1
73756,73756,"Oceaneering International, Inc.",2024-01-01,0,0000073756-23-000095,2023-07-10,8-K,5.02,oii-20230705.htm,1,2022-01-01,2024-08-28,1
73756,73756,"Oceaneering International, Inc.",2024-01-01,0,0000073756-23-000012,2023-02-27,8-K,"5.02,9.01",oii-20230222.htm,1,2022-01-01,2024-08-28,1
73756,73756,"Oceaneering International, Inc.",2024-01-01,0,0000073756-22-000108,2022-10-21,8-K,5.02,oii-20221020.htm,1,2022-01-01,2024-08-28,1
73756,73756,"Oceaneering International, Inc.",2024-01-01,0,0000073756-22-000106,2022-09-16,8-K,5.02,oii-20220914.htm,1,2022-01-01,2024-08-28,1
73756,73756,"Oceaneering International, Inc.",2024-01-01,0,0000073756-22-000098,2022-08-24,8-K,"5.02,9.01",oii-20220818.htm,1,2022-01-01,2024-08-28,1
73756,73756,"Oceaneering International, Inc.",2024-01-01,0,0000073756-22-000020,2022-03-01,8-K,"5.02,9.01",oii-20220225.htm,1,2022-01-01,2024-08-28,1
75362,75362,PACCAR,2018-01-22,0,0001193125-18-152947,2018-05-04,8-K,"5.02,5.03,5.07,9.01",d555135d8k.htm,1,2016-01-23,2018-08-13,1
75362,75362,PACCAR,2018-01-22,0,0001193125-18-048187,2018-02-16,8-K,"5.02,9.01",d518625d8k.htm,1,2016-01-23,2018-08-13,1
75362,75362,PACCAR,2018-01-22,0,0001193125-17-369333,2017-12-14,8-K,"5.02,9.01",d498402d8k.htm,1,2016-01-23,2018-08-13,1
75362,75362,PACCAR,2018-01-22,0,0001193125-17-148456,2017-04-28,8-K,"5.02,5.07",d371963d8k.htm,1,2016-01-23,2018-08-13,1
75362,75362,PACCAR,2018-01-22,0,0001193125-16-789834,2016-12-12,8-K,"5.02,8.01",d255290d8k.htm,1,2016-01-23,2018-08-13,1
75362,75362,PACCAR,2018-01-22,0,0001193125-16-570149,2016-04-29,8-K,"5.02,5.03,5.07,9.01",d175553d8k.htm,1,2016-01-23,2018-08-13,1
76334,76334,Parker-Hannifin Corporation,2022-03-11,0,0001193125-22-269129,2022-10-26,8-K,5.02,d417708d8k.htm,1,2020-03-11,2022-11-08,1
76334,76334,Parker-Hannifin Corporation,2022-03-11,0,0001193125-22-227588,2022-08-23,8-K,5.02,d366447d8k.htm,1,2020-03-11,2022-11-08,1
76334,76334,Parker-Hannifin Corporation,2022-03-11,0,0001193125-22-204998,2022-07-28,8-K,5.02,d319781d8k.htm,1,2020-03-11,2022-11-08,1
76334,76334,Parker-Hannifin Corporation,2022-03-11,0,0001193125-21-247770,2021-08-16,8-K/A,5.02,d163815d8ka.htm,1,2020-03-11,2022-11-08,1
76334,76334,Parker-Hannifin Corporation,2022-03-11,0,0001193125-21-247766,2021-08-16,8-K/A,5.02,d188448d8ka.htm,1,2020-03-11,2022-11-08,1
76334,76334,Parker-Hannifin Corporation,2022-03-11,0,0001193125-21-246081,2021-08-13,8-K,5.02,d196075d8k.htm,1,2020-03-11,2022-11-08,1
76334,76334,Parker-Hannifin Corporation,2022-03-11,0,0000076334-21-000048,2021-04-22,8-K,5.02,ph-20210422.htm,1,2020-03-11,2022-11-08,1
76334,76334,Parker-Hannifin Corporation,2022-03-11,0,0000076334-21-000013,2021-01-27,8-K,5.02,ph-20210127.htm,1,2020-03-11,2022-11-08,1
76334,76334,Parker-Hannifin Corporation,2022-03-11,0,0000076334-21-000006,2021-01-11,8-K,5.02,ph-20210110.htm,1,2020-03-11,2022-11-08,1
76334,76334,Parker-Hannifin Corporation,2022-03-11,0,0000076334-20-000124,2020-11-02,8-K,"5.02,5.07",ph-20201027.htm,1,2020-03-11,2022-11-08,1
77476,77476,"PepsiCo, Inc.",2021-02-24,0,0000077476-21-000044,2021-08-05,8-K,5.02,pep-20210803.htm,1,2019-02-25,2023-04-05,1
77476,77476,"PepsiCo, Inc.",2021-02-24,0,0000077476-20-000075,2020-11-02,8-K,5.02,pep-20201030.htm,1,2019-02-25,2023-04-05,1
77476,77476,"PepsiCo, Inc.",2021-02-24,0,0000077476-20-000054,2020-07-07,8-K,5.02,form8-kjuly2020.htm,1,2019-02-25,2023-04-05,1
77476,77476,"PepsiCo, Inc.",2021-02-24,0,0000077476-20-000020,2020-03-10,8-K,5.02,form8-kmarch2020.htm,1,2019-02-25,2023-04-05,1
77476,77476,"PepsiCo, Inc.",2021-02-24,0,0000077476-19-000051,2019-06-11,8-K,5.02,form8-kjune52019.htm,1,2019-02-25,2023-04-05,1
77476,77476,"PepsiCo, Inc.",2021-02-24,0,0000077476-19-000022,2019-03-18,8-K,5.02,form8-kmarch182019.htm,1,2019-02-25,2023-04-05,1
77476,77476,"PepsiCo, Inc.",2021-02-24,0,0000077476-19-000020,2019-03-07,8-K,5.02,form8-kmarch2019.htm,1,2019-02-25,2023-04-05,1
78003,78003,Pfizer Inc,2006-12-01,0,0000078003-07-000294,2007-10-30,8-K,"5.02,5.03,9.01",pf8k1025.htm,1,2004-12-01,2008-02-20,1
78003,78003,Pfizer Inc,2006-12-01,0,0000078003-07-000251,2007-09-28,8-K,5.02,pf8k9271.htm,1,2004-12-01,2008-02-20,1
78003,78003,Pfizer Inc,2006-12-01,0,0000078003-07-000245,2007-09-27,8-K,"5.02,9.01",pf8k927.htm,1,2004-12-01,2008-02-20,1
78003,78003,Pfizer Inc,2006-12-01,0,0000078003-07-000213,2007-08-22,8-K,"5.02,9.01",pf8k822.htm,1,2004-12-01,2008-02-20,1
78003,78003,Pfizer Inc,2006-12-01,0,0000078003-07-000122,2007-05-23,8-K,5.02,pf8k0518.htm,1,2004-12-01,2008-02-20,1
78003,78003,Pfizer Inc,2006-12-01,0,0000078003-07-000034,2007-02-27,8-K,"5.02,9.01",pf8k0221.htm,1,2004-12-01,2008-02-20,1
78003,78003,Pfizer Inc,2006-12-01,0,0000078003-06-000352,2006-12-21,8-K,"5.02,9.01",pf8k1221.htm,1,2004-12-01,2008-02-20,1
78003,78003,Pfizer Inc,2006-12-01,0,0000078003-06-000275,2006-10-26,8-K,"5.02,8.01",pf8k1026.htm,1,2004-12-01,2008-02-20,1
78003,78003,Pfizer Inc,2006-12-01,0,0000078003-06-000195,2006-08-03,8-K,"1.01,5.02,9.01",pf8k0803.htm,1,2004-12-01,2008-02-20,1
78003,78003,Pfizer Inc,2006-12-01,0,0000078003-05-000161,2005-06-24,8-K,5.02,pf8k624.htm,1,2004-12-01,2008-02-20,1
78003,78003,Pfizer Inc,2006-12-01,0,0000078003-05-000041,2005-02-25,8-K,5.02,pfe8k0225.htm,1,2004-12-01,2008-02-20,1
78003,78003,Pfizer Inc,2006-12-01,0,0000078003-05-000040,2005-02-24,8-K,"5.02,5.03,9.01",pf8k22405.htm,1,2004-12-01,2008-02-20,1
91419,91419,The J.M. Smucker Company,2010-04-05,0,0000950123-10-079634,2010-08-20,8-K,"5.02,5.07,9.01",l40559e8vk.htm,1,2008-04-05,2010-10-26,1
91419,91419,The J.M. Smucker Company,2010-04-05,0,0000950123-09-020588,2009-07-08,8-K,"5.02,9.01",l36977ae8vk.htm,1,2008-04-05,2010-10-26,1
91419,91419,The J.M. Smucker Company,2010-04-05,0,0000950123-09-015107,2009-06-18,8-K,5.02,l36811ae8vk.htm,1,2008-04-05,2010-10-26,1
91419,91419,The J.M. Smucker Company,2010-04-05,0,0000950152-09-003994,2009-04-22,8-K,5.02,l36206ae8vk.htm,1,2008-04-05,2010-10-26,1
91419,91419,The J.M. Smucker Company,2010-04-05,0,0001299933-09-000511,2009-01-30,8-K,"5.02,9.01",htm_31110.htm,1,2008-04-05,2010-10-26,1
91419,91419,The J.M. Smucker Company,2010-04-05,0,0001144204-08-036232,2008-06-23,8-K,5.02,v117835_8k.txt,1,2008-04-05,2010-10-26,1
91440,91440,Snap-on Incorporated,2022-03-01,0,0000091440-21-000014,2021-04-30,8-K,"5.02,5.07,9.01",sna-20210430.htm,1,2020-03-01,2022-10-04,1
91440,91440,Snap-on Incorporated,2022-03-01,0,0001193125-21-116417,2021-04-14,8-K,5.02,d277114d8k.htm,1,2020-03-01,2022-10-04,1
92380,92380,Southwest Airlines Co.,2017-10-01,0,0001193125-17-220944,2017-07-03,8-K,"5.02,9.01",d408249d8k.htm,1,2015-10-02,2018-10-17,1
92380,92380,Southwest Airlines Co.,2017-10-01,0,0001193125-17-183437,2017-05-25,8-K,5.02,d386465d8k.htm,1,2015-10-02,2018-10-17,1
92380,92380,Southwest Airlines Co.,2017-10-01,0,0001193125-17-008419,2017-01-12,8-K,5.02,d328190d8k.htm,1,2015-10-02,2018-10-17,1
92380,92380,Southwest Airlines Co.,2017-10-01,0,0001193125-16-447087,2016-02-02,8-K,5.02,d124694d8k.htm,1,2015-10-02,2018-10-17,1
92380,92380,Southwest Airlines Co.,2017-10-01,0,0001193125-15-388118,2015-11-25,8-K,5.02,d70797d8k.htm,1,2015-10-02,2018-10-17,1
92380,92380,Southwest Airlines Co.,2018-03-01,0,0001193125-17-220944,2017-07-03,8-K,"5.02,9.01",d408249d8k.htm,1,2016-03-01,2018-10-17,1
92380,92380,Southwest Airlines Co.,2018-03-01,0,0001193125-17-183437,2017-05-25,8-K,5.02,d386465d8k.htm,1,2016-03-01,2018-10-17,1
92380,92380,Southwest Airlines Co.,2018-03-01,0,0001193125-17-008419,2017-01-12,8-K,5.02,d328190d8k.htm,1,2016-03-01,2018-10-17,1
96021,96021,Sysco Corporation,2023-01-14,0,0000096021-23-000190,2023-10-17,8-K,5.02,syy-20231012.htm,1,2021-01-14,2023-11-12,1
96021,96021,Sysco Corporation,2023-01-14,0,0000096021-23-000186,2023-10-10,8-K/A,5.02,syy-20230907.htm,1,2021-01-14,2023-11-12,1
96021,96021,Sysco Corporation,2023-01-14,0,0000096021-23-000165,2023-09-22,8-K,5.02,syy-20230921.htm,1,2021-01-14,2023-11-12,1
96021,96021,Sysco Corporation,2023-01-14,0,0000096021-23-000144,2023-09-08,8-K,5.02,syy-20230907.htm,1,2021-01-14,2023-11-12,1
96021,96021,Sysco Corporation,2023-01-14,0,0000096021-23-000120,2023-08-29,8-K,5.02,syy-20230823.htm,1,2021-01-14,2023-11-12,1
96021,96021,Sysco Corporation,2023-01-14,0,0000096021-23-000091,2023-08-04,8-K,5.02,syy-20230731.htm,1,2021-01-14,2023-11-12,1
96021,96021,Sysco Corporation,2023-01-14,0,0000096021-23-000042,2023-03-28,8-K,"5.02,7.01,9.01",syy-20230324.htm,1,2021-01-14,2023-11-12,1
96021,96021,Sysco Corporation,2023-01-14,0,0001193125-22-305398,2022-12-15,8-K,"5.02,7.01,9.01",d820294d8k.htm,1,2021-01-14,2023-11-12,1
96021,96021,Sysco Corporation,2023-01-14,0,0001193125-22-247448,2022-09-20,8-K,5.02,d400273d8k.htm,1,2021-01-14,2023-11-12,1
96021,96021,Sysco Corporation,2023-01-14,0,0001193125-22-212634,2022-08-04,8-K,5.02,d314254d8k.htm,1,2021-01-14,2023-11-12,1
96021,96021,Sysco Corporation,2023-01-14,0,0001193125-22-139528,2022-05-04,8-K,5.02,d357605d8k.htm,1,2021-01-14,2023-11-12,1
96021,96021,Sysco Corporation,2023-01-14,0,0001193125-22-058196,2022-02-28,8-K,5.02,d326422d8k.htm,1,2021-01-14,2023-11-12,1
96021,96021,Sysco Corporation,2023-01-14,0,0001193125-21-362516,2021-12-20,8-K,"5.02,9.01",d273666d8k.htm,1,2021-01-14,2023-11-12,1
96021,96021,Sysco Corporation,2023-01-14,0,0001193125-21-338587,2021-11-23,8-K,"5.02,5.07",d247263d8k.htm,1,2021-01-14,2023-11-12,1
96021,96021,Sysco Corporation,2023-01-14,0,0001193125-21-252868,2021-08-20,8-K,"5.02,9.01",d64012d8k.htm,1,2021-01-14,2023-11-12,1
96021,96021,Sysco Corporation,2023-01-14,0,0001193125-21-236388,2021-08-04,8-K,5.02,d211130d8k.htm,1,2021-01-14,2023-11-12,1
96021,96021,Sysco Corporation,2023-01-14,0,0001193125-21-203381,2021-06-29,8-K,5.02,d194967d8k.htm,1,2021-01-14,2023-11-12,1
101830,101830,Sprint Nextel,2009-02-01,1,0000101830-09-000016,2009-11-06,8-K,5.02,k20091105siurek.txt,1,2007-02-02,2009-12-09,1
101830,101830,Sprint Nextel,2009-02-01,1,0000101830-09-000014,2009-10-16,8-K,5.02,k20091016hall.txt,1,2007-02-02,2009-12-09,1
101830,101830,Sprint Nextel,2009-02-01,1,0000101830-09-000013,2009-08-05,8-K/A,5.02,k20090805sti.txt,1,2007-02-02,2009-12-09,1
101830,101830,Sprint Nextel,2009-02-01,1,0000101830-09-000007,2009-03-27,8-K,5.02,k2009march27hockaday.txt,1,2007-02-02,2009-12-09,1
101830,101830,Sprint Nextel,2009-02-01,1,0000101830-09-000005,2009-03-03,8-K,"5.02,9.01",k2009march03.txt,1,2007-02-02,2009-12-09,1
101830,101830,Sprint Nextel,2009-02-01,1,0000101830-09-000002,2009-01-26,8-K,"2.05,5.02,9.01",k2009laborcost.txt,1,2007-02-02,2009-12-09,1
101830,101830,Sprint Nextel,2009-02-01,1,0001193125-08-260916,2008-12-29,8-K,"5.02,9.01",d8k.htm,1,2007-02-02,2009-12-09,1
101830,101830,Sprint Nextel,2009-02-01,1,0001193125-08-257043,2008-12-19,8-K,"5.02,9.01",d8k.htm,1,2007-02-02,2009-12-09,1
101830,101830,Sprint Nextel,2009-02-01,1,0000950123-08-016627,2008-11-28,8-K,"5.02,7.01,9.01",y72960e8vk.htm,1,2007-02-02,2009-12-09,1
101830,101830,Sprint Nextel,2009-02-01,1,0000101830-08-000031,2008-11-12,8-K/A,5.02,k2008nov12nilsson8ka.txt,1,2007-02-02,2009-12-09,1
101830,101830,Sprint Nextel,2009-02-01,1,0000101830-08-000030,2008-10-24,8-K,"5.02,9.01",k2008oct248k.txt,1,2007-02-02,2009-12-09,1
101830,101830,Sprint Nextel,2009-02-01,1,0000101830-08-000028,2008-10-07,8-K,5.02,k2008oct06gregoire.txt,1,2007-02-02,2009-12-09,1
101830,101830,Sprint Nextel,2009-02-01,1,0000101830-08-000026,2008-06-09,8-K,"5.02,9.01",k2008june09nuti.txt,1,2007-02-02,2009-12-09,1
101830,101830,Sprint Nextel,2009-02-01,1,0000101830-08-000024,2008-05-16,8-K,5.02,k2008may15westretaward.txt,1,2007-02-02,2009-12-09,1
101830,101830,Sprint Nextel,2009-02-01,1,0001193125-08-098764,2008-05-01,8-K,"5.02,9.01",d8k.htm,1,2007-02-02,2009-12-09,1
101830,101830,Sprint Nextel,2009-02-01,1,0000101830-08-000022,2008-03-25,8-K,5.02,k2008mar25stiandlti.txt,1,2007-02-02,2009-12-09,1
101830,101830,Sprint Nextel,2009-02-01,1,0000101830-08-000020,2008-03-17,8-K,5.02,k2008mar17baneandlorimer.txt,1,2007-02-02,2009-12-09,1
101830,101830,Sprint Nextel,2009-02-01,1,0000101830-08-000018,2008-03-03,8-K,5.02,k2008mar03drendel.txt,1,2007-02-02,2009-12-09,1
101830,101830,Sprint Nextel,2009-02-01,1,0000101830-08-000016,2008-02-28,8-K/A,5.02,k2008feb28amended8k.txt,1,2007-02-02,2009-12-09,1
101830,101830,Sprint Nextel,2009-02-01,1,0000101830-08-000013,2008-02-15,8-K,"1.01,5.02",k2008feb158k.txt,1,2007-02-02,2009-12-09,1
101830,101830,Sprint Nextel,2009-02-01,1,0000101830-08-000008,2008-02-13,8-K,"5.02,9.01",k2008feb12whitworth.txt,1,2007-02-02,2009-12-09,1
101830,101830,Sprint Nextel,2009-02-01,1,0000101830-08-000006,2008-01-24,8-K,"5.02,8.01,9.01",k2008jan24execdept.txt,1,2007-02-02,2009-12-09,1
101830,101830,Sprint Nextel,2009-02-01,1,0000101830-08-000002,2008-01-04,8-K,5.02,k2008janwestamend.txt,1,2007-02-02,2009-12-09,1
101830,101830,Sprint Nextel,2009-02-01,1,0000101830-07-000042,2007-12-20,8-K,"5.02,9.01",k20071218hesse.txt,1,2007-02-02,2009-12-09,1
101830,101830,Sprint Nextel,2009-02-01,1,0000101830-07-000039,2007-11-05,8-K/A,5.02,k2007nov58k.txt,1,2007-02-02,2009-12-09,1
101830,101830,Sprint Nextel,2009-02-01,1,0000101830-07-000036,2007-10-12,8-K,"5.02,7.01,9.01",k200710088k.txt,1,2007-02-02,2009-12-09,1
101830,101830,Sprint Nextel,2009-02-01,1,0000101830-07-000032,2007-08-07,8-K,"5.02,9.01",k20070806newdirectors.txt,1,2007-02-02,2009-12-09,1
101830,101830,Sprint Nextel,2009-02-01,1,0000101830-07-000011,2007-03-06,8-K,"5.02,9.01",k200703068k.txt,1,2007-02-02,2009-12-09,1
101830,101830,Sprint Nextel,2009-02-01,1,0000101830-07-000008,2007-02-21,8-K/A,5.02,k20070221amend1ltiandsti.txt,1,2007-02-02,2009-12-09,1
101830,101830,Sprint Nextel,2009-01-01,1,0000101830-09-000013,2009-08-05,8-K/A,5.02,k20090805sti.txt,1,2007-01-02,2009-09-26,1
101830,101830,Sprint Nextel,2009-01-01,1,0000101830-09-000007,2009-03-27,8-K,5.02,k2009march27hockaday.txt,1,2007-01-02,2009-09-26,1
101830,101830,Sprint Nextel,2009-01-01,1,0000101830-09-000005,2009-03-03,8-K,"5.02,9.01",k2009march03.txt,1,2007-01-02,2009-09-26,1
101830,101830,Sprint Nextel,2009-01-01,1,0000101830-09-000002,2009-01-26,8-K,"2.05,5.02,9.01",k2009laborcost.txt,1,2007-01-02,2009-09-26,1
101830,101830,Sprint Nextel,2009-01-01,1,0001193125-08-260916,2008-12-29,8-K,"5.02,9.01",d8k.htm,1,2007-01-02,2009-09-26,1
101830,101830,Sprint Nextel,2009-01-01,1,0001193125-08-257043,2008-12-19,8-K,"5.02,9.01",d8k.htm,1,2007-01-02,2009-09-26,1
101830,101830,Sprint Nextel,2009-01-01,1,0000950123-08-016627,2008-11-28,8-K,"5.02,7.01,9.01",y72960e8vk.htm,1,2007-01-02,2009-09-26,1
101830,101830,Sprint Nextel,2009-01-01,1,0000101830-08-000031,2008-11-12,8-K/A,5.02,k2008nov12nilsson8ka.txt,1,2007-01-02,2009-09-26,1
101830,101830,Sprint Nextel,2009-01-01,1,0000101830-08-000030,2008-10-24,8-K,"5.02,9.01",k2008oct248k.txt,1,2007-01-02,2009-09-26,1
101830,101830,Sprint Nextel,2009-01-01,1,0000101830-08-000028,2008-10-07,8-K,5.02,k2008oct06gregoire.txt,1,2007-01-02,2009-09-26,1
101830,101830,Sprint Nextel,2009-01-01,1,0000101830-08-000026,2008-06-09,8-K,"5.02,9.01",k2008june09nuti.txt,1,2007-01-02,2009-09-26,1
101830,101830,Sprint Nextel,2009-01-01,1,0000101830-08-000024,2008-05-16,8-K,5.02,k2008may15westretaward.txt,1,2007-01-02,2009-09-26,1
101830,101830,Sprint Nextel,2009-01-01,1,0001193125-08-098764,2008-05-01,8-K,"5.02,9.01",d8k.htm,1,2007-01-02,2009-09-26,1
101830,101830,Sprint Nextel,2009-01-01,1,0000101830-08-000022,2008-03-25,8-K,5.02,k2008mar25stiandlti.txt,1,2007-01-02,2009-09-26,1
101830,101830,Sprint Nextel,2009-01-01,1,0000101830-08-000020,2008-03-17,8-K,5.02,k2008mar17baneandlorimer.txt,1,2007-01-02,2009-09-26,1
101830,101830,Sprint Nextel,2009-01-01,1,0000101830-08-000018,2008-03-03,8-K,5.02,k2008mar03drendel.txt,1,2007-01-02,2009-09-26,1
101830,101830,Sprint Nextel,2009-01-01,1,0000101830-08-000016,2008-02-28,8-K/A,5.02,k2008feb28amended8k.txt,1,2007-01-02,2009-09-26,1
101830,101830,Sprint Nextel,2009-01-01,1,0000101830-08-000013,2008-02-15,8-K,"1.01,5.02",k2008feb158k.txt,1,2007-01-02,2009-09-26,1
101830,101830,Sprint Nextel,2009-01-01,1,0000101830-08-000008,2008-02-13,8-K,"5.02,9.01",k2008feb12whitworth.txt,1,2007-01-02,2009-09-26,1
101830,101830,Sprint Nextel,2009-01-01,1,0000101830-08-000006,2008-01-24,8-K,"5.02,8.01,9.01",k2008jan24execdept.txt,1,2007-01-02,2009-09-26,1
101830,101830,Sprint Nextel,2009-01-01,1,0000101830-08-000002,2008-01-04,8-K,5.02,k2008janwestamend.txt,1,2007-01-02,2009-09-26,1
101830,101830,Sprint Nextel,2009-01-01,1,0000101830-07-000042,2007-12-20,8-K,"5.02,9.01",k20071218hesse.txt,1,2007-01-02,2009-09-26,1
101830,101830,Sprint Nextel,2009-01-01,1,0000101830-07-000039,2007-11-05,8-K/A,5.02,k2007nov58k.txt,1,2007-01-02,2009-09-26,1
101830,101830,Sprint Nextel,2009-01-01,1,0000101830-07-000036,2007-10-12,8-K,"5.02,7.01,9.01",k200710088k.txt,1,2007-01-02,2009-09-26,1
101830,101830,Sprint Nextel,2009-01-01,1,0000101830-07-000032,2007-08-07,8-K,"5.02,9.01",k20070806newdirectors.txt,1,2007-01-02,2009-09-26,1
101830,101830,Sprint Nextel,2009-01-01,1,0000101830-07-000011,2007-03-06,8-K,"5.02,9.01",k200703068k.txt,1,2007-01-02,2009-09-26,1
101830,101830,Sprint Nextel,2009-01-01,1,0000101830-07-000008,2007-02-21,8-K/A,5.02,k20070221amend1ltiandsti.txt,1,2007-01-02,2009-09-26,1
101830,101830,Sprint Corporation,2015-08-17,1,0001193125-20-093630,2020-04-01,8-K,"1.01,1.02,2.01,2.03,3.01,5.01,5.02,5.03,9.01",d853508d8k.htm,1,2013-08-17,2020-10-06,1
101830,101830,Sprint Corporation,2015-08-17,1,0000101830-19-000017,2019-05-22,8-K,5.02,form8-xk20190516.htm,1,2013-08-17,2020-10-06,1
101830,101830,Sprint Corporation,2015-08-17,1,0000101830-18-000057,2018-12-06,8-K,5.02,form8-k20181203.htm,1,2013-08-17,2020-10-06,1
101830,101830,Sprint Corporation,2015-08-17,1,0000101830-18-000029,2018-07-02,8-K,"5.02,9.01",form8-k20180629.htm,1,2013-08-17,2020-10-06,1
101830,101830,Sprint Corporation,2015-08-17,1,0000101830-18-000027,2018-05-30,8-K,5.02,form8-k20180523.htm,1,2013-08-17,2020-10-06,1
101830,101830,Sprint Corporation,2015-08-17,1,0000101830-18-000021,2018-05-02,8-K,5.02,form8-k20180501.htm,1,2013-08-17,2020-10-06,1
101830,101830,Sprint Corporation,2015-08-17,1,0000101830-18-000005,2018-01-17,8-K,5.02,form8-k20180116.htm,1,2013-08-17,2020-10-06,1
101830,101830,Sprint Corporation,2015-08-17,1,0000101830-18-000003,2018-01-04,8-K,5.02,form8-k20180102.htm,1,2013-08-17,2020-10-06,1
101830,101830,Sprint Corporation,2015-08-17,1,0000101830-17-000003,2017-01-24,8-K,"5.02,9.01",form8-k20170118.htm,1,2013-08-17,2020-10-06,1
101830,101830,Sprint Corporation,2015-08-17,1,0000101830-16-000096,2016-12-12,8-K/A,5.02,form8-ka20161208.htm,1,2013-08-17,2020-10-06,1
101830,101830,Sprint Corporation,2015-08-17,1,0000101830-16-000094,2016-12-01,8-K,"5.02,9.01",form8-k20161201.htm,1,2013-08-17,2020-10-06,1
101830,101830,Sprint Corporation,2015-08-17,1,0000101830-16-000092,2016-11-03,8-K,"5.02,5.07",form8-k20161101.htm,1,2013-08-17,2020-10-06,1
101830,101830,Sprint Corporation,2015-08-17,1,0000101830-16-000070,2016-06-24,8-K,5.02,form8-k20160622.htm,1,2013-08-17,2020-10-06,1
101830,101830,Sprint Corporation,2015-08-17,1,0000101830-16-000063,2016-05-06,8-K,5.02,a8-k20160503.htm,1,2013-08-17,2020-10-06,1
101830,101830,Sprint Corporation,2015-08-17,1,0000101830-16-000056,2016-03-01,8-K,5.02,a8-k20160225.htm,1,2013-08-17,2020-10-06,1
101830,101830,Sprint Corporation,2015-08-17,1,0000101830-15-000043,2015-11-12,8-K,"5.02,9.01",form8-k20151106.htm,1,2013-08-17,2020-10-06,1
101830,101830,Sprint Corporation,2015-08-17,1,0000101830-15-000030,2015-10-15,8-K,5.02,schwartzform8-k.htm,1,2013-08-17,2020-10-06,1
101830,101830,Sprint Corporation,2015-08-17,1,0000101830-15-000025,2015-08-11,8-K,"5.02,9.01",a8-k20150807.htm,1,2013-08-17,2020-10-06,1
101830,101830,Sprint Corporation,2015-08-17,1,0000101830-15-000024,2015-08-11,8-K,"5.02,5.07",a8-k20150810.htm,1,2013-08-17,2020-10-06,1
101830,101830,Sprint Corporation,2015-08-17,1,0001193125-15-275046,2015-08-03,8-K,"5.02,9.01",d98547d8k.htm,1,2013-08-17,2020-10-06,1
101830,101830,Sprint Corporation,2015-08-17,1,0000101830-14-000081,2014-11-12,8-K,"5.02,9.01",a8-k20141105.htm,1,2013-08-17,2020-10-06,1
101830,101830,Sprint Corporation,2015-08-17,1,0000101830-14-000079,2014-11-07,8-K,"5.02,9.01",form8k20141105.htm,1,2013-08-17,2020-10-06,1
101830,101830,Sprint Corporation,2015-08-17,1,0000101830-14-000066,2014-10-09,8-K/A,5.02,form8-ka20141003.htm,1,2013-08-17,2020-10-06,1
101830,101830,Sprint Corporation,2015-08-17,1,0000101830-14-000064,2014-10-09,8-K,5.02,form8-k20141003.htm,1,2013-08-17,2020-10-06,1
101830,101830,Sprint Corporation,2015-08-17,1,0001193125-14-297076,2014-08-06,8-K,"5.02,9.01",d772298d8k.htm,1,2013-08-17,2020-10-06,1
101830,101830,Sprint Corporation,2015-08-17,1,0000101830-14-000049,2014-08-04,8-K,5.02,elfman8-kfinal.htm,1,2013-08-17,2020-10-06,1
101830,101830,Sprint Corporation,2015-08-17,1,0000101830-14-000021,2014-03-12,8-K,5.02,a8-k20140306.htm,1,2013-08-17,2020-10-06,1
101830,101830,Sprint Corporation,2015-08-17,1,0000101830-14-000019,2014-02-24,8-K/A,5.02,a8-ka20140219.htm,1,2013-08-17,2020-10-06,1
101830,101830,Sprint Corporation,2015-08-17,1,0000101830-14-000015,2014-02-24,8-K,5.02,a8-k20140218sti.htm,1,2013-08-17,2020-10-06,1
101830,101830,Sprint Corporation,2015-08-17,1,0000101830-14-000002,2014-01-16,8-K,"5.02,9.01",a8-k20140116.htm,1,2013-08-17,2020-10-06,1
101830,101830,Sprint Corporation,2015-08-17,1,0000101830-13-000053,2013-12-19,8-K,"5.02,5.08",a8-k20131218.htm,1,2013-08-17,2020-10-06,1
101830,101830,Sprint Corporation,2015-08-17,1,0001193125-13-372972,2013-09-20,8-K/A,5.02,d598899d8ka.htm,1,2013-08-17,2020-10-06,1
101830,101830,Sprint Corporation,2015-08-17,1,0001193125-13-372950,2013-09-20,8-K,"5.02,9.01",d598884d8k.htm,1,2013-08-17,2020-10-06,1
101830,101830,Sprint Corporation,2015-08-17,1,0001193125-13-364138,2013-09-11,8-K,"5.02,9.01",d596894d8k.htm,1,2013-08-17,2020-10-06,1
101830,101830,Sprint Corporation,2015-08-17,1,0000101830-13-000041,2013-09-06,8-K,"5.02,9.01",form8-k20130906.htm,1,2013-08-17,2020-10-06,1
101830,101830,Sprint Corporation,2017-05-01,1,0000101830-18-000005,2018-01-17,8-K,5.02,form8-k20180116.htm,1,2015-05-02,2018-03-19,1
101830,101830,Sprint Corporation,2017-05-01,1,0000101830-18-000003,2018-01-04,8-K,5.02,form8-k20180102.htm,1,2015-05-02,2018-03-19,1
101830,101830,Sprint Corporation,2017-05-01,1,0000101830-17-000003,2017-01-24,8-K,"5.02,9.01",form8-k20170118.htm,1,2015-05-02,2018-03-19,1
101830,101830,Sprint Corporation,2017-05-01,1,0000101830-16-000096,2016-12-12,8-K/A,5.02,form8-ka20161208.htm,1,2015-05-02,2018-03-19,1
101830,101830,Sprint Corporation,2017-05-01,1,0000101830-16-000094,2016-12-01,8-K,"5.02,9.01",form8-k20161201.htm,1,2015-05-02,2018-03-19,1
101830,101830,Sprint Corporation,2017-05-01,1,0000101830-16-000092,2016-11-03,8-K,"5.02,5.07",form8-k20161101.htm,1,2015-05-02,2018-03-19,1
101830,101830,Sprint Corporation,2017-05-01,1,0000101830-16-000070,2016-06-24,8-K,5.02,form8-k20160622.htm,1,2015-05-02,2018-03-19,1
101830,101830,Sprint Corporation,2017-05-01,1,0000101830-16-000063,2016-05-06,8-K,5.02,a8-k20160503.htm,1,2015-05-02,2018-03-19,1
101830,101830,Sprint Corporation,2017-05-01,1,0000101830-16-000056,2016-03-01,8-K,5.02,a8-k20160225.htm,1,2015-05-02,2018-03-19,1
101830,101830,Sprint Corporation,2017-05-01,1,0000101830-15-000043,2015-11-12,8-K,"5.02,9.01",form8-k20151106.htm,1,2015-05-02,2018-03-19,1
101830,101830,Sprint Corporation,2017-05-01,1,0000101830-15-000030,2015-10-15,8-K,5.02,schwartzform8-k.htm,1,2015-05-02,2018-03-19,1
101830,101830,Sprint Corporation,2017-05-01,1,0000101830-15-000025,2015-08-11,8-K,"5.02,9.01",a8-k20150807.htm,1,2015-05-02,2018-03-19,1
101830,101830,Sprint Corporation,2017-05-01,1,0000101830-15-000024,2015-08-11,8-K,"5.02,5.07",a8-k20150810.htm,1,2015-05-02,2018-03-19,1
101830,101830,Sprint Corporation,2017-05-01,1,0001193125-15-275046,2015-08-03,8-K,"5.02,9.01",d98547d8k.htm,1,2015-05-02,2018-03-19,1
101830,101830,Sprint,2017-05-07,1,0000101830-18-000005,2018-01-17,8-K,5.02,form8-k20180116.htm,1,2015-05-08,2018-03-19,1
101830,101830,Sprint,2017-05-07,1,0000101830-18-000003,2018-01-04,8-K,5.02,form8-k20180102.htm,1,2015-05-08,2018-03-19,1
101830,101830,Sprint,2017-05-07,1,0000101830-17-000003,2017-01-24,8-K,"5.02,9.01",form8-k20170118.htm,1,2015-05-08,2018-03-19,1
101830,101830,Sprint,2017-05-07,1,0000101830-16-000096,2016-12-12,8-K/A,5.02,form8-ka20161208.htm,1,2015-05-08,2018-03-19,1
101830,101830,Sprint,2017-05-07,1,0000101830-16-000094,2016-12-01,8-K,"5.02,9.01",form8-k20161201.htm,1,2015-05-08,2018-03-19,1
101830,101830,Sprint,2017-05-07,1,0000101830-16-000092,2016-11-03,8-K,"5.02,5.07",form8-k20161101.htm,1,2015-05-08,2018-03-19,1
101830,101830,Sprint,2017-05-07,1,0000101830-16-000070,2016-06-24,8-K,5.02,form8-k20160622.htm,1,2015-05-08,2018-03-19,1
101830,101830,Sprint,2017-05-07,1,0000101830-16-000063,2016-05-06,8-K,5.02,a8-k20160503.htm,1,2015-05-08,2018-03-19,1
101830,101830,Sprint,2017-05-07,1,0000101830-16-000056,2016-03-01,8-K,5.02,a8-k20160225.htm,1,2015-05-08,2018-03-19,1
101830,101830,Sprint,2017-05-07,1,0000101830-15-000043,2015-11-12,8-K,"5.02,9.01",form8-k20151106.htm,1,2015-05-08,2018-03-19,1
101830,101830,Sprint,2017-05-07,1,0000101830-15-000030,2015-10-15,8-K,5.02,schwartzform8-k.htm,1,2015-05-08,2018-03-19,1
101830,101830,Sprint,2017-05-07,1,0000101830-15-000025,2015-08-11,8-K,"5.02,9.01",a8-k20150807.htm,1,2015-05-08,2018-03-19,1
101830,101830,Sprint,2017-05-07,1,0000101830-15-000024,2015-08-11,8-K,"5.02,5.07",a8-k20150810.htm,1,2015-05-08,2018-03-19,1
101830,101830,Sprint,2017-05-07,1,0001193125-15-275046,2015-08-03,8-K,"5.02,9.01",d98547d8k.htm,1,2015-05-08,2018-03-19,1
101830,101830,Sprint Corporation,2018-03-02,1,0000101830-18-000029,2018-07-02,8-K,"5.02,9.01",form8-k20180629.htm,1,2016-03-02,2018-09-26,1
101830,101830,Sprint Corporation,2018-03-02,1,0000101830-18-000027,2018-05-30,8-K,5.02,form8-k20180523.htm,1,2016-03-02,2018-09-26,1
101830,101830,Sprint Corporation,2018-03-02,1,0000101830-18-000021,2018-05-02,8-K,5.02,form8-k20180501.htm,1,2016-03-02,2018-09-26,1
101830,101830,Sprint Corporation,2018-03-02,1,0000101830-18-000005,2018-01-17,8-K,5.02,form8-k20180116.htm,1,2016-03-02,2018-09-26,1
101830,101830,Sprint Corporation,2018-03-02,1,0000101830-18-000003,2018-01-04,8-K,5.02,form8-k20180102.htm,1,2016-03-02,2018-09-26,1
101830,101830,Sprint Corporation,2018-03-02,1,0000101830-17-000003,2017-01-24,8-K,"5.02,9.01",form8-k20170118.htm,1,2016-03-02,2018-09-26,1
101830,101830,Sprint Corporation,2018-03-02,1,0000101830-16-000096,2016-12-12,8-K/A,5.02,form8-ka20161208.htm,1,2016-03-02,2018-09-26,1
101830,101830,Sprint Corporation,2018-03-02,1,0000101830-16-000094,2016-12-01,8-K,"5.02,9.01",form8-k20161201.htm,1,2016-03-02,2018-09-26,1
101830,101830,Sprint Corporation,2018-03-02,1,0000101830-16-000092,2016-11-03,8-K,"5.02,5.07",form8-k20161101.htm,1,2016-03-02,2018-09-26,1
101830,101830,Sprint Corporation,2018-03-02,1,0000101830-16-000070,2016-06-24,8-K,5.02,form8-k20160622.htm,1,2016-03-02,2018-09-26,1
101830,101830,Sprint Corporation,2018-03-02,1,0000101830-16-000063,2016-05-06,8-K,5.02,a8-k20160503.htm,1,2016-03-02,2018-09-26,1
101830,101830,Sprint Corporation,2019-03-14,1,0000101830-19-000017,2019-05-22,8-K,5.02,form8-xk20190516.htm,1,2017-03-14,2019-11-05,1
101830,101830,Sprint Corporation,2019-03-14,1,0000101830-18-000057,2018-12-06,8-K,5.02,form8-k20181203.htm,1,2017-03-14,2019-11-05,1
101830,101830,Sprint Corporation,2019-03-14,1,0000101830-18-000029,2018-07-02,8-K,"5.02,9.01",form8-k20180629.htm,1,2017-03-14,2019-11-05,1
101830,101830,Sprint Corporation,2019-03-14,1,0000101830-18-000027,2018-05-30,8-K,5.02,form8-k20180523.htm,1,2017-03-14,2019-11-05,1
101830,101830,Sprint Corporation,2019-03-14,1,0000101830-18-000021,2018-05-02,8-K,5.02,form8-k20180501.htm,1,2017-03-14,2019-11-05,1
101830,101830,Sprint Corporation,2019-03-14,1,0000101830-18-000005,2018-01-17,8-K,5.02,form8-k20180116.htm,1,2017-03-14,2019-11-05,1
101830,101830,Sprint Corporation,2019-03-14,1,0000101830-18-000003,2018-01-04,8-K,5.02,form8-k20180102.htm,1,2017-03-14,2019-11-05,1
101830,101830,Sprint Corporation,2019-05-09,1,0000101830-19-000017,2019-05-22,8-K,5.02,form8-xk20190516.htm,1,2017-05-09,2019-11-05,1
101830,101830,Sprint Corporation,2019-05-09,1,0000101830-18-000057,2018-12-06,8-K,5.02,form8-k20181203.htm,1,2017-05-09,2019-11-05,1
101830,101830,Sprint Corporation,2019-05-09,1,0000101830-18-000029,2018-07-02,8-K,"5.02,9.01",form8-k20180629.htm,1,2017-05-09,2019-11-05,1
101830,101830,Sprint Corporation,2019-05-09,1,0000101830-18-000027,2018-05-30,8-K,5.02,form8-k20180523.htm,1,2017-05-09,2019-11-05,1
101830,101830,Sprint Corporation,2019-05-09,1,0000101830-18-000021,2018-05-02,8-K,5.02,form8-k20180501.htm,1,2017-05-09,2019-11-05,1
101830,101830,Sprint Corporation,2019-05-09,1,0000101830-18-000005,2018-01-17,8-K,5.02,form8-k20180116.htm,1,2017-05-09,2019-11-05,1
101830,101830,Sprint Corporation,2019-05-09,1,0000101830-18-000003,2018-01-04,8-K,5.02,form8-k20180102.htm,1,2017-05-09,2019-11-05,1
101830,101830,Sprint,2019-06-02,1,0000101830-19-000017,2019-05-22,8-K,5.02,form8-xk20190516.htm,1,2017-06-02,2020-01-07,1
101830,101830,Sprint,2019-06-02,1,0000101830-18-000057,2018-12-06,8-K,5.02,form8-k20181203.htm,1,2017-06-02,2020-01-07,1
101830,101830,Sprint,2019-06-02,1,0000101830-18-000029,2018-07-02,8-K,"5.02,9.01",form8-k20180629.htm,1,2017-06-02,2020-01-07,1
101830,101830,Sprint,2019-06-02,1,0000101830-18-000027,2018-05-30,8-K,5.02,form8-k20180523.htm,1,2017-06-02,2020-01-07,1
101830,101830,Sprint,2019-06-02,1,0000101830-18-000021,2018-05-02,8-K,5.02,form8-k20180501.htm,1,2017-06-02,2020-01-07,1
101830,101830,Sprint,2019-06-02,1,0000101830-18-000005,2018-01-17,8-K,5.02,form8-k20180116.htm,1,2017-06-02,2020-01-07,1
101830,101830,Sprint,2019-06-02,1,0000101830-18-000003,2018-01-04,8-K,5.02,form8-k20180102.htm,1,2017-06-02,2020-01-07,1
101830,101830,Sprint,2019-06-08,1,0000101830-19-000017,2019-05-22,8-K,5.02,form8-xk20190516.htm,1,2017-06-08,2019-12-05,1
101830,101830,Sprint,2019-06-08,1,0000101830-18-000057,2018-12-06,8-K,5.02,form8-k20181203.htm,1,2017-06-08,2019-12-05,1
101830,101830,Sprint,2019-06-08,1,0000101830-18-000029,2018-07-02,8-K,"5.02,9.01",form8-k20180629.htm,1,2017-06-08,2019-12-05,1
101830,101830,Sprint,2019-06-08,1,0000101830-18-000027,2018-05-30,8-K,5.02,form8-k20180523.htm,1,2017-06-08,2019-12-05,1
101830,101830,Sprint,2019-06-08,1,0000101830-18-000021,2018-05-02,8-K,5.02,form8-k20180501.htm,1,2017-06-08,2019-12-05,1
101830,101830,Sprint,2019-06-08,1,0000101830-18-000005,2018-01-17,8-K,5.02,form8-k20180116.htm,1,2017-06-08,2019-12-05,1
101830,101830,Sprint,2019-06-08,1,0000101830-18-000003,2018-01-04,8-K,5.02,form8-k20180102.htm,1,2017-06-08,2019-12-05,1
101830,101830,Sprint,2019-06-22,1,0000101830-19-000017,2019-05-22,8-K,5.02,form8-xk20190516.htm,1,2017-06-22,2020-01-07,1
101830,101830,Sprint,2019-06-22,1,0000101830-18-000057,2018-12-06,8-K,5.02,form8-k20181203.htm,1,2017-06-22,2020-01-07,1
101830,101830,Sprint,2019-06-22,1,0000101830-18-000029,2018-07-02,8-K,"5.02,9.01",form8-k20180629.htm,1,2017-06-22,2020-01-07,1
101830,101830,Sprint,2019-06-22,1,0000101830-18-000027,2018-05-30,8-K,5.02,form8-k20180523.htm,1,2017-06-22,2020-01-07,1
101830,101830,Sprint,2019-06-22,1,0000101830-18-000021,2018-05-02,8-K,5.02,form8-k20180501.htm,1,2017-06-22,2020-01-07,1
101830,101830,Sprint,2019-06-22,1,0000101830-18-000005,2018-01-17,8-K,5.02,form8-k20180116.htm,1,2017-06-22,2020-01-07,1
101830,101830,Sprint,2019-06-22,1,0000101830-18-000003,2018-01-04,8-K,5.02,form8-k20180102.htm,1,2017-06-22,2020-01-07,1
101830,101830,Sprint Corporation,2019-08-13,1,0001193125-20-093630,2020-04-01,8-K,"1.01,1.02,2.01,2.03,3.01,5.01,5.02,5.03,9.01",d853508d8k.htm,1,2017-08-13,2020-09-27,1
101830,101830,Sprint Corporation,2019-08-13,1,0000101830-19-000017,2019-05-22,8-K,5.02,form8-xk20190516.htm,1,2017-08-13,2020-09-27,1
101830,101830,Sprint Corporation,2019-08-13,1,0000101830-18-000057,2018-12-06,8-K,5.02,form8-k20181203.htm,1,2017-08-13,2020-09-27,1
101830,101830,Sprint Corporation,2019-08-13,1,0000101830-18-000029,2018-07-02,8-K,"5.02,9.01",form8-k20180629.htm,1,2017-08-13,2020-09-27,1
101830,101830,Sprint Corporation,2019-08-13,1,0000101830-18-000027,2018-05-30,8-K,5.02,form8-k20180523.htm,1,2017-08-13,2020-09-27,1
101830,101830,Sprint Corporation,2019-08-13,1,0000101830-18-000021,2018-05-02,8-K,5.02,form8-k20180501.htm,1,2017-08-13,2020-09-27,1
101830,101830,Sprint Corporation,2019-08-13,1,0000101830-18-000005,2018-01-17,8-K,5.02,form8-k20180116.htm,1,2017-08-13,2020-09-27,1
101830,101830,Sprint Corporation,2019-08-13,1,0000101830-18-000003,2018-01-04,8-K,5.02,form8-k20180102.htm,1,2017-08-13,2020-09-27,1
1770450,1770450,Xerox Corporation,2023-12-10,0,0001193125-24-148178,2024-05-28,8-K,"5.02,5.07,9.01",d803316d8k.htm,1,2021-12-10,2024-08-18,1
1770450,1770450,Xerox Corporation,2023-12-10,0,0001193125-24-069299,2024-03-15,8-K,"5.02,9.01",d761588d8k.htm,1,2021-12-10,2024-08-18,1
1770450,1770450,Xerox Corporation,2023-12-10,0,0001193125-24-007505,2024-01-12,8-K,"5.02,9.01",d719218d8k.htm,1,2021-12-10,2024-08-18,1
1770450,1770450,Xerox Corporation,2023-12-10,0,0001193125-24-003451,2024-01-05,8-K,"5.02,7.01,9.01",d105522d8k.htm,1,2021-12-10,2024-08-18,1
1770450,1770450,Xerox Corporation,2023-12-10,0,0001193125-23-244902,2023-09-28,8-K,"1.01,1.02,5.02,8.01,9.01",d546628d8k.htm,1,2021-12-10,2024-08-18,1
1770450,1770450,Xerox Corporation,2023-12-10,0,0001193125-23-109413,2023-04-21,8-K,"5.02,9.01",d480296d8k.htm,1,2021-12-10,2024-08-18,1
1770450,1770450,Xerox Corporation,2023-12-10,0,0001193125-23-071477,2023-03-15,8-K,5.02,d487423d8k.htm,1,2021-12-10,2024-08-18,1
1770450,1770450,Xerox Corporation,2023-12-10,0,0001214659-22-013995,2022-11-18,8-K,"5.02,7.01,9.01",r11162208k.htm,1,2021-12-10,2024-08-18,1
1770450,1770450,Xerox Corporation,2023-12-10,0,0000899140-22-000629,2022-08-03,8-K,"5.02,7.01,9.01",x8ka.htm,1,2021-12-10,2024-08-18,1
1770450,1770450,Xerox Corporation,2023-12-10,0,0001193125-22-203586,2022-07-27,8-K,"5.02,7.01,9.01",d385786d8k.htm,1,2021-12-10,2024-08-18,1
1770450,1770450,Xerox Corporation,2023-12-10,0,0001193125-22-187967,2022-07-05,8-K,"5.02,8.01,9.01",d367622d8k.htm,1,2021-12-10,2024-08-18,1
1770450,1770450,Xerox Corporation,2023-12-10,0,0001193125-22-151952,2022-05-16,8-K,5.02,d360810d8k.htm,1,2021-12-10,2024-08-18,1
1770450,1770450,Xerox Corporation,2023-12-10,0,0001193125-22-106872,2022-04-15,8-K,"5.02,9.01",d343265d8k.htm,1,2021-12-10,2024-08-18,1
1770450,1770450,Xerox Corporation,2023-12-10,0,0001193125-22-083286,2022-03-24,8-K,"5.02,9.01",d339981d8k.htm,1,2021-12-10,2024-08-18,1
1770450,1770450,Xerox Corporation,2023-12-10,0,0001193125-22-012572,2022-01-19,8-K,5.02,d477752d8k.htm,1,2021-12-10,2024-08-18,1
277135,277135,"W.W. Grainger, Inc.",2017-08-23,0,0000277135-17-000044,2017-12-13,8-K,"5.02,9.01",gww121220178kbodelection.htm,1,2015-08-24,2018-03-17,1
277135,277135,"W.W. Grainger, Inc.",2017-08-23,0,0000277135-17-000028,2017-08-02,8-K,"5.02,9.01",gww080220178kchairman.htm,1,2015-08-24,2018-03-17,1
277135,277135,"W.W. Grainger, Inc.",2017-08-23,0,0000277135-17-000023,2017-07-25,8-K,"5.02,9.01",gww063020178kbodelection.htm,1,2015-08-24,2018-03-17,1
277135,277135,"W.W. Grainger, Inc.",2017-08-23,0,0000277135-17-000020,2017-07-19,8-K,"2.02,5.02,9.01",gww063020178k.htm,1,2015-08-24,2018-03-17,1
277135,277135,"W.W. Grainger, Inc.",2017-08-23,0,0000277135-16-000057,2016-10-03,8-K,5.02,form8-k93016.htm,1,2015-08-24,2018-03-17,1
277135,277135,"W.W. Grainger, Inc.",2017-08-23,0,0001104659-16-137921,2016-08-08,8-K,"5.02,5.03,9.01",a16-15974_18k.htm,1,2015-08-24,2018-03-17,1
277135,277135,W.W. Grainger Inc.,2017-09-26,0,0001104659-18-021832,2018-04-02,8-K,"5.02,9.01",a18-9445_18k.htm,1,2015-09-27,2018-10-17,1
277135,277135,W.W. Grainger Inc.,2017-09-26,0,0000277135-17-000044,2017-12-13,8-K,"5.02,9.01",gww121220178kbodelection.htm,1,2015-09-27,2018-10-17,1
277135,277135,W.W. Grainger Inc.,2017-09-26,0,0000277135-17-000028,2017-08-02,8-K,"5.02,9.01",gww080220178kchairman.htm,1,2015-09-27,2018-10-17,1
277135,277135,W.W. Grainger Inc.,2017-09-26,0,0000277135-17-000023,2017-07-25,8-K,"5.02,9.01",gww063020178kbodelection.htm,1,2015-09-27,2018-10-17,1
277135,277135,W.W. Grainger Inc.,2017-09-26,0,0000277135-17-000020,2017-07-19,8-K,"2.02,5.02,9.01",gww063020178k.htm,1,2015-09-27,2018-10-17,1
277135,277135,W.W. Grainger Inc.,2017-09-26,0,0000277135-16-000057,2016-10-03,8-K,5.02,form8-k93016.htm,1,2015-09-27,2018-10-17,1
277135,277135,W.W. Grainger Inc.,2017-09-26,0,0001104659-16-137921,2016-08-08,8-K,"5.02,5.03,9.01",a16-15974_18k.htm,1,2015-09-27,2018-10-17,1
315293,315293,Aon Corporation,2020-12-17,0,0001193125-21-223710,2021-07-26,8-K,"1.01,1.02,5.02,7.01,9.01",d208525d8k.htm,1,2018-12-18,2021-11-17,1
315293,315293,Aon Corporation,2020-12-17,0,0001193125-21-206409,2021-07-01,8-K,5.02,d55212d8k.htm,1,2018-12-18,2021-11-17,1
315293,315293,Aon Corporation,2020-12-17,0,0001193125-21-022598,2021-01-29,8-K,5.02,d116873d8k.htm,1,2018-12-18,2021-11-17,1
315293,315293,Aon Corporation,2020-12-17,0,0001193125-20-282544,2020-10-30,8-K,"1.01,5.02,9.01",d873218d8k.htm,1,2018-12-18,2021-11-17,1
315293,315293,Aon Corporation,2020-12-17,0,0001193125-20-178023,2020-06-25,8-K,"5.02,5.07,9.01",d947905d8k.htm,1,2018-12-18,2021-11-17,1
315293,315293,Aon Corporation,2020-12-17,0,0001193125-20-120011,2020-04-27,8-K,"5.02,7.01,9.01",d922389d8k.htm,1,2018-12-18,2021-11-17,1
315293,315293,Aon Corporation,2020-12-17,0,0001193125-20-093512,2020-04-01,8-K12B,"1.01,2.03,3.01,3.02,3.03,5.02,5.03,8.01,9.01",d867242d8k12b.htm,1,2018-12-18,2021-11-17,1
315293,315293,Aon Corporation,2020-12-17,0,0001193125-20-045455,2020-02-24,8-K,5.02,d863960d8k.htm,1,2018-12-18,2021-11-17,1
315293,315293,Aon Corporation,2020-12-17,0,0001193125-19-181180,2019-06-25,8-K,"5.02,9.01",d721968d8k.htm,1,2018-12-18,2021-11-17,1
315293,315293,Aon Corporation,2020-12-17,0,0001193125-19-165112,2019-06-04,8-K,"5.02,9.01",d756679d8k.htm,1,2018-12-18,2021-11-17,1
318154,318154,Amgen Inc.,2021-04-21,0,0001193125-21-229599,2021-07-30,8-K,"5.02,9.01",d198092d8k.htm,1,2019-04-22,2021-12-19,1
318154,318154,Amgen Inc.,2021-04-21,0,0001193125-20-197806,2020-07-23,8-K,5.02,d931570d8k.htm,1,2019-04-22,2021-12-19,1
318154,318154,Amgen Inc.,2021-04-21,0,0001193125-20-197795,2020-07-23,8-K,5.02,d931562d8k.htm,1,2019-04-22,2021-12-19,1
318154,318154,Amgen Inc.,2021-04-21,0,0001193125-19-272011,2019-10-23,8-K,"5.02,9.01",d822516d8k.htm,1,2019-04-22,2021-12-19,1
318154,318154,Amgen Inc.,2023-08-16,0,0001193125-24-153221,2024-06-03,8-K,"5.02,5.07",d827769d8k.htm,1,2021-08-16,2025-03-24,1
318154,318154,Amgen Inc.,2023-08-16,0,0001193125-23-295027,2023-12-14,8-K,"5.02,9.01",d598661d8k.htm,1,2021-08-16,2025-03-24,1
318154,318154,Amgen Inc.,2023-08-16,0,0001193125-23-203033,2023-08-04,8-K,5.02,d525761d8k.htm,1,2021-08-16,2025-03-24,1
318154,318154,Amgen Inc.,2023-08-16,0,0001193125-22-211269,2022-08-03,8-K,"5.02,9.01",d386700d8k.htm,1,2021-08-16,2025-03-24,1
319687,319687,United Airlines,2013-01-01,0,0001104659-17-025203,2017-04-21,8-K,"5.02,9.01",a17-11675_18k.htm,1,2011-01-02,2018-01-02,1
319687,319687,United Airlines,2013-01-01,0,0001193125-16-696990,2016-08-30,8-K,"5.02,9.01",d240884d8k.htm,1,2011-01-02,2018-01-02,1
319687,319687,United Airlines,2013-01-01,0,0001193125-16-685286,2016-08-18,8-K,"5.02,9.01",d244666d8k.htm,1,2011-01-02,2018-01-02,1
319687,319687,United Airlines,2013-01-01,0,0001104659-16-112678,2016-04-20,8-K,"5.02,9.01",a16-8741_18k.htm,1,2011-01-02,2018-01-02,1
319687,319687,United Airlines,2013-01-01,0,0001104659-16-105862,2016-03-17,8-K,5.02,a16-5927_78k.htm,1,2011-01-02,2018-01-02,1
319687,319687,United Airlines,2013-01-01,0,0001104659-16-088696,2016-01-07,8-K/A,"5.02,9.01",a16-1427_18ka.htm,1,2011-01-02,2018-01-02,1
319687,319687,United Airlines,2013-01-01,0,0001193125-15-347459,2015-10-20,8-K,"5.02,9.01",d31772d8k.htm,1,2011-01-02,2018-01-02,1
319687,319687,United Airlines,2013-01-01,0,0001104659-15-064079,2015-09-08,8-K,"5.02,9.01",a15-19109_18k.htm,1,2011-01-02,2018-01-02,1
320193,320193,Apple Inc.,2010-06-01,0,0001181431-10-056327,2010-11-17,8-K,"5.02,5.03,9.01",rrd291195.htm,1,2008-06-01,2010-12-06,1
320193,320193,Apple Inc.,2010-06-01,0,0001181431-10-016054,2010-03-12,8-K,5.02,rrd269693.htm,1,2008-06-01,2010-12-06,1
320193,320193,Apple Inc.,2010-06-01,0,0001193125-10-044765,2010-03-01,8-K,"5.02,5.07,9.01",d8k.htm,1,2008-06-01,2010-12-06,1
320193,320193,Apple Inc.,2010-06-01,0,0001181431-09-037492,2009-08-04,8-K,5.02,rrd249632.htm,1,2008-06-01,2010-12-06,1
320193,320193,Apple Inc.,2010-06-01,0,0001181431-09-003017,2009-01-16,8-K,5.02,rrd229456.htm,1,2008-06-01,2010-12-06,1
320193,320193,Apple Inc.,2013-07-18,0,0001181431-13-041847,2013-07-30,8-K,5.02,rrd386884.htm,1,2011-07-19,2014-01-17,1
320193,320193,Apple Inc.,2013-07-18,0,0001193125-13-267629,2013-06-21,8-K,5.02,d556626d8k.htm,1,2011-07-19,2014-01-17,1
320193,320193,Apple Inc.,2013-07-18,0,0001181431-12-038301,2012-06-28,8-K,5.02,rrd349607.htm,1,2011-07-19,2014-01-17,1
320193,320193,Apple Inc.,2013-07-18,0,0001181431-12-032458,2012-05-24,8-K,5.02,rrd346000.htm,1,2011-07-19,2014-01-17,1
320193,320193,Apple Inc.,2013-07-18,0,0001181431-11-056354,2011-11-16,8-K,5.02,rrd325897.htm,1,2011-07-19,2014-01-17,1
320193,320193,Apple Inc.,2013-07-18,0,0001181431-11-047179,2011-08-26,8-K,5.02,rrd320651.htm,1,2011-07-19,2014-01-17,1
320193,320193,Apple Inc.,2014-08-31,0,0001193125-14-271698,2014-07-17,8-K,5.02,d758295d8k.htm,1,2012-08-31,2015-02-27,1
320193,320193,Apple Inc.,2014-08-31,0,0001181431-14-021923,2014-05-30,8-K,5.02,rrd410610.htm,1,2012-08-31,2015-02-27,1
320193,320193,Apple Inc.,2014-08-31,0,0001193125-14-084697,2014-03-05,8-K,"5.02,5.03,5.07,9.01",d684095d8k.htm,1,2012-08-31,2015-02-27,1
320193,320193,Apple Inc.,2014-08-31,0,0001181431-13-041847,2013-07-30,8-K,5.02,rrd386884.htm,1,2012-08-31,2015-02-27,1
320193,320193,Apple Inc.,2014-08-31,0,0001193125-13-267629,2013-06-21,8-K,5.02,d556626d8k.htm,1,2012-08-31,2015-02-27,1
320193,320193,Apple Inc.,2015-07-01,0,0001193125-15-406279,2015-12-17,8-K,5.02,d107635d8k.htm,1,2013-07-01,2016-02-21,1
320193,320193,Apple Inc.,2015-07-01,0,0001193125-15-336615,2015-10-02,8-K,5.02,d10101d8k.htm,1,2013-07-01,2016-02-21,1
320193,320193,Apple Inc.,2015-07-01,0,0001193125-14-271698,2014-07-17,8-K,5.02,d758295d8k.htm,1,2013-07-01,2016-02-21,1
320193,320193,Apple Inc.,2015-07-01,0,0001181431-14-021923,2014-05-30,8-K,5.02,rrd410610.htm,1,2013-07-01,2016-02-21,1
320193,320193,Apple Inc.,2015-07-01,0,0001193125-14-084697,2014-03-05,8-K,"5.02,5.03,5.07,9.01",d684095d8k.htm,1,2013-07-01,2016-02-21,1
320193,320193,Apple Inc.,2015-07-01,0,0001181431-13-041847,2013-07-30,8-K,5.02,rrd386884.htm,1,2013-07-01,2016-02-21,1
320193,320193,Apple Inc.,2015-09-18,0,0001193125-16-488223,2016-03-01,8-K,"5.02,5.07,9.01",d150918d8k.htm,1,2013-09-16,2016-03-16,1
320193,320193,Apple Inc.,2015-09-18,0,0001193125-15-406279,2015-12-17,8-K,5.02,d107635d8k.htm,1,2013-09-16,2016-03-16,1
320193,320193,Apple Inc.,2015-09-18,0,0001193125-15-336615,2015-10-02,8-K,5.02,d10101d8k.htm,1,2013-09-16,2016-03-16,1
320193,320193,Apple Inc.,2015-09-18,0,0001193125-14-271698,2014-07-17,8-K,5.02,d758295d8k.htm,1,2013-09-16,2016-03-16,1
320193,320193,Apple Inc.,2015-09-18,0,0001181431-14-021923,2014-05-30,8-K,5.02,rrd410610.htm,1,2013-09-16,2016-03-16,1
320193,320193,Apple Inc.,2015-09-18,0,0001193125-14-084697,2014-03-05,8-K,"5.02,5.03,5.07,9.01",d684095d8k.htm,1,2013-09-16,2016-03-16,1
320193,320193,Apple Inc.,2019-02-02,0,0000320193-19-000093,2019-09-13,8-K,5.02,a8-kseptember201991019.htm,1,2017-02-02,2019-11-26,1
320193,320193,Apple Inc.,2019-02-02,0,0000320193-19-000026,2019-02-06,8-K,5.02,a8-kfebruary2019252019.htm,1,2017-02-02,2019-11-26,1
320193,320193,Apple Inc.,2019-02-02,0,0001193125-17-308859,2017-10-12,8-K,5.02,d386231d8k.htm,1,2017-02-02,2019-11-26,1
320193,320193,Apple Inc.,2020-11-01,0,0001193125-21-001982,2021-01-05,8-K,5.02,d29637d8k.htm,1,2018-11-02,2021-04-30,1
320193,320193,Apple Inc.,2020-11-01,0,0000320193-19-000093,2019-09-13,8-K,5.02,a8-kseptember201991019.htm,1,2018-11-02,2021-04-30,1
320193,320193,Apple Inc.,2020-11-01,0,0000320193-19-000026,2019-02-06,8-K,5.02,a8-kfebruary2019252019.htm,1,2018-11-02,2021-04-30,1
1336920,1336920,"Leidos, Inc.",2022-09-30,0,0001628280-23-036068,2023-11-02,8-K,"5.02,7.01,9.01",ldos-20231027.htm,1,2020-09-30,2023-12-05,1
1336920,1336920,"Leidos, Inc.",2022-09-30,0,0001628280-23-010215,2023-03-31,8-K/A,"5.02,9.01",ldos-20230223.htm,1,2020-09-30,2023-12-05,1
1336920,1336920,"Leidos, Inc.",2022-09-30,0,0001336920-23-000019,2023-02-27,8-K,"5.02,9.01",ldos-20230223.htm,1,2020-09-30,2023-12-05,1
1336920,1336920,"Leidos, Inc.",2022-09-30,0,0001336920-22-000010,2022-02-16,8-K,"5.02,9.01",ldos-20220211.htm,1,2020-09-30,2023-12-05,1
1336920,1336920,"Leidos, Inc.",2022-09-30,0,0001336920-21-000031,2021-07-28,8-K,"5.02,9.01",ldos-20210727.htm,1,2020-09-30,2023-12-05,1
1336920,1336920,"Leidos, Inc.",2022-09-30,0,0001628280-21-008697,2021-05-04,8-K,"5.02,9.01",ldos-20210430.htm,1,2020-09-30,2023-12-05,1
1336920,1336920,"Leidos, Inc.",2022-09-30,0,0001336920-20-000078,2020-10-20,8-K,"5.02,9.01",ldos-20201015.htm,1,2020-09-30,2023-12-05,1
354190,354190,Gallagher NAC,2017-06-01,0,0001193125-17-171866,2017-05-16,8-K,"5.02,5.07,7.01,9.01",d400552d8k.htm,1,2015-06-02,2018-05-12,1
354190,354190,Gallagher NAC,2017-06-01,0,0001193125-16-442035,2016-01-28,8-K,"5.02,9.01",d120631d8k.htm,1,2015-06-02,2018-05-12,1
354190,354190,Gallagher NAC,2017-06-18,0,0001193125-17-171866,2017-05-16,8-K,"5.02,5.07,7.01,9.01",d400552d8k.htm,1,2015-06-19,2018-05-12,1
354190,354190,Gallagher NAC,2017-06-18,0,0001193125-16-442035,2016-01-28,8-K,"5.02,9.01",d120631d8k.htm,1,2015-06-19,2018-05-12,1
354950,354950,The Home Depot,2014-02-10,0,0000354950-14-000030,2014-08-21,8-K,"5.02,5.03,9.01",hd_8kx08212014.htm,1,2012-02-11,2014-09-10,1
354950,354950,The Home Depot,2014-02-10,0,0000354950-14-000006,2014-02-28,8-K,"5.02,9.01",hd_8kx02272014.htm,1,2012-02-11,2014-09-10,1
354950,354950,The Home Depot,2014-02-10,0,0000354950-13-000037,2013-09-20,8-K,"5.02,9.01",hd_8kx09202013.htm,1,2012-02-11,2014-09-10,1
354950,354950,The Home Depot,2014-02-10,0,0000354950-13-000017,2013-05-29,8-K,"5.02,5.07",hd_8kx05232013.htm,1,2012-02-11,2014-09-10,1
354950,354950,The Home Depot,2014-02-10,0,0000354950-13-000005,2013-03-06,8-K,"5.02,9.01",hd_8kx03062013.htm,1,2012-02-11,2014-09-10,1
354950,354950,The Home Depot,2014-02-10,0,0000354950-12-000032,2012-11-16,8-K,5.02,hd_8kx11152012.htm,1,2012-02-11,2014-09-10,1
354950,354950,The Home Depot,2014-02-10,0,0000354950-12-000027,2012-09-21,8-K,"5.02,9.01",hd_8kx09212012.htm,1,2012-02-11,2014-09-10,1
708818,708818,"NextGen Healthcare, Inc.",2023-03-29,0,0000950170-23-044125,2023-08-23,8-K,"5.02,5.07,9.01",nxgn-20230822.htm,1,2021-03-29,2023-10-25,1
708818,708818,"NextGen Healthcare, Inc.",2023-03-29,0,0000950170-23-001988,2023-02-07,8-K,"5.02,9.01",nxgn-20230202.htm,1,2021-03-29,2023-10-25,1
708818,708818,"NextGen Healthcare, Inc.",2023-03-29,0,0001193125-21-302080,2021-10-19,8-K,"1.01,3.03,5.02,5.03,5.07,8.01,9.01",d537072d8k.htm,1,2021-03-29,2023-10-25,1
708818,708818,"NextGen Healthcare, Inc.",2023-03-29,0,0001193125-21-277369,2021-09-20,8-K,"5.02,8.01,9.01",d233324d8k.htm,1,2021-03-29,2023-10-25,1
708818,708818,"NextGen Healthcare, Inc.",2023-03-29,0,0001564590-21-044962,2021-08-18,8-K/A,"5.02,5.03,5.08,9.01",nxgn-8ka_20210811.htm,1,2021-03-29,2023-10-25,1
708818,708818,"NextGen Healthcare, Inc.",2023-03-29,0,0001564590-21-044938,2021-08-17,8-K,"5.02,5.03,5.08,9.01",nxgn-8k_20210811.htm,1,2021-03-29,2023-10-25,1
708818,708818,"NextGen Healthcare, Inc.",2023-03-29,0,0001193125-21-195231,2021-06-21,8-K,"5.02,5.03,9.01",d192112d8k.htm,1,2021-03-29,2023-10-25,1
723254,723254,Cintas Corporation,2020-09-16,0,0000723254-21-000012,2021-04-26,8-K,5.02,ctas-20210423.htm,1,2018-09-17,2021-08-17,1
723254,723254,Cintas Corporation,2020-09-16,0,0000723254-19-000019,2019-07-25,8-K/A,5.02,ctas8-kaappointmentofdirec.htm,1,2018-09-17,2021-08-17,1
723254,723254,Cintas Corporation,2020-09-16,0,0000723254-19-000015,2019-07-01,8-K,5.02,ctas8-kdepartureandappoint.htm,1,2018-09-17,2021-08-17,1
731766,731766,Change Healthcare Inc.,2024-02-12,0,0000731766-24-000159,2024-05-15,8-K,5.02,unh-20240515.htm,1,2022-02-12,2025-01-30,1
731766,731766,Change Healthcare Inc.,2024-02-12,0,0000731766-24-000148,2024-04-17,8-K/A,5.02,unh-20240328.htm,1,2022-02-12,2025-01-30,1
731766,731766,Change Healthcare Inc.,2024-02-12,0,0000731766-24-000122,2024-03-28,8-K,5.02,unh-20240328.htm,1,2022-02-12,2025-01-30,1
731766,731766,Change Healthcare Inc.,2024-02-12,0,0000731766-24-000026,2024-02-07,8-K,5.02,unh-20240206.htm,1,2022-02-12,2025-01-30,1
731766,731766,Change Healthcare Inc.,2024-02-12,0,0000731766-23-000061,2023-11-03,8-K,"5.02,9.01",unh-20231103.htm,1,2022-02-12,2025-01-30,1
731766,731766,Change Healthcare Inc.,2024-02-12,0,0000731766-22-000051,2022-12-12,8-K,"5.02,9.01",unh-20221212.htm,1,2022-02-12,2025-01-30,1
731766,731766,Change Healthcare Inc.,2024-02-12,0,0000731766-22-000010,2022-02-17,8-K,5.02,unh-20220214.htm,1,2022-02-12,2025-01-30,1
732712,732712,Verizon,2008-06-27,1,0001193125-08-204660,2008-10-01,8-K,5.02,d8k.htm,1,2006-06-28,2008-12-24,1
732712,732712,Verizon,2008-06-27,1,0001193125-07-261097,2007-12-07,8-K,5.02,d8k.htm,1,2006-06-28,2008-12-24,1
732712,732712,Verizon,2008-06-27,1,0001193125-07-199004,2007-09-11,8-K,5.02,d8k.htm,1,2006-06-28,2008-12-24,1
732712,732712,Verizon,2008-06-27,1,0001193125-07-132583,2007-06-08,8-K,5.02,d8k.htm,1,2006-06-28,2008-12-24,1
732712,732712,Verizon,2008-06-27,1,0001193125-07-020398,2007-02-06,8-K,5.02,d8k.htm,1,2006-06-28,2008-12-24,1
732712,732712,Verizon,2008-06-27,1,0001193125-06-256227,2006-12-19,8-K,5.02,d8k.htm,1,2006-06-28,2008-12-24,1
732712,732712,Verizon,2008-06-27,1,0001193125-06-251425,2006-12-12,8-K,5.02,d8k.htm,1,2006-06-28,2008-12-24,1
732712,732712,Verizon,2008-06-27,1,0001193125-06-248715,2006-12-07,8-K,5.02,d8k.htm,1,2006-06-28,2008-12-24,1
732712,732712,Verizon Corporate Services Group Inc.,2014-01-20,1,0001193125-14-045399,2014-02-11,8-K,5.02,d675217d8k.htm,1,2012-01-21,2014-08-24,1
732712,732712,Verizon Corporate Services Group Inc.,2014-01-20,1,0001193125-13-432495,2013-11-07,8-K,5.02,d624629d8k.htm,1,2012-01-21,2014-08-24,1
732712,732712,Verizon Corporate Services Group Inc.,2014-01-20,1,0001193125-13-357857,2013-09-05,8-K/A,5.02,d588937d8ka.htm,1,2012-01-21,2014-08-24,1
732712,732712,Verizon Corporate Services Group Inc.,2014-01-20,1,0001193125-13-357855,2013-09-05,8-K/A,5.02,d588915d8ka.htm,1,2012-01-21,2014-08-24,1
732712,732712,Verizon Corporate Services Group Inc.,2014-01-20,1,0001193125-13-253564,2013-06-10,8-K,5.02,d551901d8k.htm,1,2012-01-21,2014-08-24,1
732712,732712,Verizon Corporate Services Group Inc.,2014-01-20,1,0001193125-13-043053,2013-02-07,8-K,5.02,d481194d8k.htm,1,2012-01-21,2014-08-24,1
732712,732712,Verizon Corporate Services Group Inc.,2014-01-20,1,0001193125-12-493313,2012-12-06,8-K,5.02,d449798d8k.htm,1,2012-01-21,2014-08-24,1
732712,732712,Verizon,2014-02-26,1,0001193125-14-045399,2014-02-11,8-K,5.02,d675217d8k.htm,1,2012-02-27,2014-08-25,1
732712,732712,Verizon,2014-02-26,1,0001193125-13-432495,2013-11-07,8-K,5.02,d624629d8k.htm,1,2012-02-27,2014-08-25,1
732712,732712,Verizon,2014-02-26,1,0001193125-13-357857,2013-09-05,8-K/A,5.02,d588937d8ka.htm,1,2012-02-27,2014-08-25,1
732712,732712,Verizon,2014-02-26,1,0001193125-13-357855,2013-09-05,8-K/A,5.02,d588915d8ka.htm,1,2012-02-27,2014-08-25,1
732712,732712,Verizon,2014-02-26,1,0001193125-13-253564,2013-06-10,8-K,5.02,d551901d8k.htm,1,2012-02-27,2014-08-25,1
732712,732712,Verizon,2014-02-26,1,0001193125-13-043053,2013-02-07,8-K,5.02,d481194d8k.htm,1,2012-02-27,2014-08-25,1
732712,732712,Verizon,2014-02-26,1,0001193125-12-493313,2012-12-06,8-K,5.02,d449798d8k.htm,1,2012-02-27,2014-08-25,1
732712,732712,Verizon,2016-08-10,1,0001193125-17-303383,2017-10-04,8-K,5.02,d469226d8k.htm,1,2014-08-11,2018-01-16,1
732712,732712,Verizon,2016-08-10,1,0001193125-17-165255,2017-05-10,8-K,"5.02,5.07",d396957d8k.htm,1,2014-08-11,2018-01-16,1
732712,732712,Verizon,2016-08-10,1,0001193125-17-088316,2017-03-20,8-K,5.02,d360349d8k.htm,1,2014-08-11,2018-01-16,1
732712,732712,Verizon,2016-08-10,1,0001193125-16-798875,2016-12-20,8-K,5.02,d313010d8k.htm,1,2014-08-11,2018-01-16,1
732712,732712,Verizon,2016-08-10,1,0001193125-16-699639,2016-09-01,8-K,"5.02,9.01",d145813d8k.htm,1,2014-08-11,2018-01-16,1
732712,732712,Verizon,2016-08-10,1,0001193125-16-617604,2016-06-09,8-K,5.02,d208487d8k.htm,1,2014-08-11,2018-01-16,1
732712,732712,Verizon,2016-08-10,1,0001193125-16-610887,2016-06-02,8-K/A,5.02,d200861d8ka.htm,1,2014-08-11,2018-01-16,1
732712,732712,Verizon,2016-08-10,1,0001193125-15-400066,2015-12-10,8-K,5.02,d33874d8k.htm,1,2014-08-11,2018-01-16,1
732712,732712,Verizon,2016-08-10,1,0001193125-15-394003,2015-12-03,8-K/A,5.02,d161224d8ka.htm,1,2014-08-11,2018-01-16,1
732712,732712,Verizon,2016-08-10,1,0001193125-15-367882,2015-11-05,8-K,5.02,d97140d8k.htm,1,2014-08-11,2018-01-16,1
732712,732712,Verizon,2016-08-10,1,0001193125-15-311636,2015-09-03,8-K,5.02,d72446d8k.htm,1,2014-08-11,2018-01-16,1
732712,732712,Verizon,2016-08-10,1,0001193125-15-185255,2015-05-13,8-K,"5.02,5.07",d924053d8k.htm,1,2014-08-11,2018-01-16,1
732712,732712,Verizon,2016-08-10,1,0001193125-15-051424,2015-02-18,8-K,5.02,d876243d8k.htm,1,2014-08-11,2018-01-16,1
732712,732712,Verizon,2016-08-10,1,0001193125-15-035447,2015-02-05,8-K,5.02,d865815d8k.htm,1,2014-08-11,2018-01-16,1
732712,732712,Verizon,2016-08-10,1,0001193125-15-010064,2015-01-14,8-K,5.02,d850349d8k.htm,1,2014-08-11,2018-01-16,1
732712,732712,Verizon,2016-08-10,1,0001193125-14-436511,2014-12-08,8-K,5.02,d836146d8k.htm,1,2014-08-11,2018-01-16,1
732712,732712,Verizon,2016-08-10,1,0001193125-14-331837,2014-09-04,8-K/A,5.02,d783476d8ka.htm,1,2014-08-11,2018-01-16,1
732712,732712,Verizon,2017-07-20,1,0001193125-17-303383,2017-10-04,8-K,5.02,d469226d8k.htm,1,2015-07-21,2018-01-16,1
732712,732712,Verizon,2017-07-20,1,0001193125-17-165255,2017-05-10,8-K,"5.02,5.07",d396957d8k.htm,1,2015-07-21,2018-01-16,1
732712,732712,Verizon,2017-07-20,1,0001193125-17-088316,2017-03-20,8-K,5.02,d360349d8k.htm,1,2015-07-21,2018-01-16,1
732712,732712,Verizon,2017-07-20,1,0001193125-16-798875,2016-12-20,8-K,5.02,d313010d8k.htm,1,2015-07-21,2018-01-16,1
732712,732712,Verizon,2017-07-20,1,0001193125-16-699639,2016-09-01,8-K,"5.02,9.01",d145813d8k.htm,1,2015-07-21,2018-01-16,1
732712,732712,Verizon,2017-07-20,1,0001193125-16-617604,2016-06-09,8-K,5.02,d208487d8k.htm,1,2015-07-21,2018-01-16,1
732712,732712,Verizon,2017-07-20,1,0001193125-16-610887,2016-06-02,8-K/A,5.02,d200861d8ka.htm,1,2015-07-21,2018-01-16,1
732712,732712,Verizon,2017-07-20,1,0001193125-15-400066,2015-12-10,8-K,5.02,d33874d8k.htm,1,2015-07-21,2018-01-16,1
732712,732712,Verizon,2017-07-20,1,0001193125-15-394003,2015-12-03,8-K/A,5.02,d161224d8ka.htm,1,2015-07-21,2018-01-16,1
732712,732712,Verizon,2017-07-20,1,0001193125-15-367882,2015-11-05,8-K,5.02,d97140d8k.htm,1,2015-07-21,2018-01-16,1
732712,732712,Verizon,2017-07-20,1,0001193125-15-311636,2015-09-03,8-K,5.02,d72446d8k.htm,1,2015-07-21,2018-01-16,1
732712,732712,Verizon Media,2019-03-12,0,0001193125-20-072475,2020-03-13,8-K,5.02,d897160d8k.htm,1,2017-03-12,2020-04-04,1
732712,732712,Verizon Media,2019-03-12,0,0001193125-20-025340,2020-02-05,8-K,5.02,d881959d8k.htm,1,2017-03-12,2020-04-04,1
732712,732712,Verizon Media,2019-03-12,0,0001193125-19-307167,2019-12-05,8-K,"5.02,5.03,9.01",d831633d8k.htm,1,2017-03-12,2020-04-04,1
732712,732712,Verizon Media,2019-03-12,0,0001193125-19-142992,2019-05-09,8-K,5.02,d706817d8k.htm,1,2017-03-12,2020-04-04,1
732712,732712,Verizon Media,2019-03-12,0,0001193125-19-031481,2019-02-08,8-K/A,5.02,d695569d8ka.htm,1,2017-03-12,2020-04-04,1
732712,732712,Verizon Media,2019-03-12,0,0001193125-19-031476,2019-02-08,8-K,"5.02,9.01",d704619d8k.htm,1,2017-03-12,2020-04-04,1
732712,732712,Verizon Media,2019-03-12,0,0001193125-18-292824,2018-10-04,8-K,5.02,d623931d8k.htm,1,2017-03-12,2020-04-04,1
732712,732712,Verizon Media,2019-03-12,0,0001193125-18-268028,2018-09-06,8-K,5.02,d614347d8k.htm,1,2017-03-12,2020-04-04,1
732712,732712,Verizon Media,2019-03-12,0,0001193125-18-187324,2018-06-08,8-K,5.02,d602397d8k.htm,1,2017-03-12,2020-04-04,1
732712,732712,Verizon Media,2019-03-12,0,0001193125-18-073362,2018-03-07,8-K,5.02,d544764d8k.htm,1,2017-03-12,2020-04-04,1
732712,732712,Verizon Media,2019-03-12,0,0001193125-17-303383,2017-10-04,8-K,5.02,d469226d8k.htm,1,2017-03-12,2020-04-04,1
732712,732712,Verizon Media,2019-03-12,0,0001193125-17-165255,2017-05-10,8-K,"5.02,5.07",d396957d8k.htm,1,2017-03-12,2020-04-04,1
732712,732712,Verizon Media,2019-03-12,0,0001193125-17-088316,2017-03-20,8-K,5.02,d360349d8k.htm,1,2017-03-12,2020-04-04,1
732712,732712,Verizon,2019-04-24,1,0001193125-19-142992,2019-05-09,8-K,5.02,d706817d8k.htm,1,2017-04-24,2019-11-27,1
732712,732712,Verizon,2019-04-24,1,0001193125-19-031481,2019-02-08,8-K/A,5.02,d695569d8ka.htm,1,2017-04-24,2019-11-27,1
732712,732712,Verizon,2019-04-24,1,0001193125-19-031476,2019-02-08,8-K,"5.02,9.01",d704619d8k.htm,1,2017-04-24,2019-11-27,1
732712,732712,Verizon,2019-04-24,1,0001193125-18-292824,2018-10-04,8-K,5.02,d623931d8k.htm,1,2017-04-24,2019-11-27,1
732712,732712,Verizon,2019-04-24,1,0001193125-18-268028,2018-09-06,8-K,5.02,d614347d8k.htm,1,2017-04-24,2019-11-27,1
732712,732712,Verizon,2019-04-24,1,0001193125-18-187324,2018-06-08,8-K,5.02,d602397d8k.htm,1,2017-04-24,2019-11-27,1
732712,732712,Verizon,2019-04-24,1,0001193125-18-073362,2018-03-07,8-K,5.02,d544764d8k.htm,1,2017-04-24,2019-11-27,1
732712,732712,Verizon,2019-04-24,1,0001193125-17-303383,2017-10-04,8-K,5.02,d469226d8k.htm,1,2017-04-24,2019-11-27,1
732712,732712,Verizon,2019-04-24,1,0001193125-17-165255,2017-05-10,8-K,"5.02,5.07",d396957d8k.htm,1,2017-04-24,2019-11-27,1
732712,732712,Verizon,2019-06-03,1,0001193125-19-142992,2019-05-09,8-K,5.02,d706817d8k.htm,1,2017-06-03,2019-11-30,1
732712,732712,Verizon,2019-06-03,1,0001193125-19-031481,2019-02-08,8-K/A,5.02,d695569d8ka.htm,1,2017-06-03,2019-11-30,1
732712,732712,Verizon,2019-06-03,1,0001193125-19-031476,2019-02-08,8-K,"5.02,9.01",d704619d8k.htm,1,2017-06-03,2019-11-30,1
732712,732712,Verizon,2019-06-03,1,0001193125-18-292824,2018-10-04,8-K,5.02,d623931d8k.htm,1,2017-06-03,2019-11-30,1
732712,732712,Verizon,2019-06-03,1,0001193125-18-268028,2018-09-06,8-K,5.02,d614347d8k.htm,1,2017-06-03,2019-11-30,1
732712,732712,Verizon,2019-06-03,1,0001193125-18-187324,2018-06-08,8-K,5.02,d602397d8k.htm,1,2017-06-03,2019-11-30,1
732712,732712,Verizon,2019-06-03,1,0001193125-18-073362,2018-03-07,8-K,5.02,d544764d8k.htm,1,2017-06-03,2019-11-30,1
732712,732712,Verizon,2019-06-03,1,0001193125-17-303383,2017-10-04,8-K,5.02,d469226d8k.htm,1,2017-06-03,2019-11-30,1
732712,732712,Verizon,2023-05-11,1,0001193125-23-058988,2023-03-03,8-K,5.02,d461784d8k.htm,1,2021-05-11,2023-11-07,1
732712,732712,Verizon,2023-05-11,1,0001193125-22-278771,2022-11-07,8-K,5.02,d416800d8k.htm,1,2021-05-11,2023-11-07,1
732712,732712,Verizon,2023-05-11,1,0001193125-22-230055,2022-08-25,8-K,5.02,d373006d8k.htm,1,2021-05-11,2023-11-07,1
732712,732712,Verizon,2023-05-11,1,0001193125-22-230053,2022-08-25,8-K/A,5.02,d375293d8ka.htm,1,2021-05-11,2023-11-07,1
732712,732712,Verizon,2023-05-11,1,0001193125-22-168378,2022-06-06,8-K,5.02,d366918d8k.htm,1,2021-05-11,2023-11-07,1
732712,732712,Verizon,2023-05-11,1,0001193125-22-151826,2022-05-16,8-K,5.02,d340833d8k.htm,1,2021-05-11,2023-11-07,1
732712,732712,Verizon,2023-05-11,1,0001193125-21-346654,2021-12-02,8-K/A,5.02,d228353d8ka.htm,1,2021-05-11,2023-11-07,1
732712,732712,Verizon,2023-05-11,1,0001193125-21-346650,2021-12-02,8-K/A,5.02,d228333d8ka.htm,1,2021-05-11,2023-11-07,1
732712,732712,Verizon,2023-05-11,1,0001193125-21-323046,2021-11-08,8-K,5.02,d231208d8k.htm,1,2021-05-11,2023-11-07,1
732712,732712,Verizon,2023-05-11,1,0001193125-21-262922,2021-09-01,8-K,"5.02,8.01",d198679d8k.htm,1,2021-05-11,2023-11-07,1
732712,732712,Verizon,2023-05-11,1,0001193125-21-245801,2021-08-13,8-K,5.02,d216962d8k.htm,1,2021-05-11,2023-11-07,1
732712,732712,Verizon,2023-05-11,1,0001193125-21-199523,2021-06-25,8-K,5.02,d139513d8k.htm,1,2021-05-11,2023-11-07,1
732712,732712,Verizon,2023-05-11,1,0001193125-21-160418,2021-05-13,8-K/A,5.02,d528712d8ka.htm,1,2021-05-11,2023-11-07,1
732712,732712,Verizon Communications Inc.,2023-09-21,1,0001193125-24-170544,2024-06-27,8-K,5.02,d858119d8k.htm,1,2021-09-21,2024-08-03,1
732712,732712,Verizon Communications Inc.,2023-09-21,1,0001193125-24-146021,2024-05-23,8-K,5.02,d770164d8k.htm,1,2021-09-21,2024-08-03,1
732712,732712,Verizon Communications Inc.,2023-09-21,1,0001193125-24-022476,2024-02-02,8-K,5.02,d745812d8k.htm,1,2021-09-21,2024-08-03,1
732712,732712,Verizon Communications Inc.,2023-09-21,1,0001193125-24-013874,2024-01-24,8-K,5.02,d701168d8k.htm,1,2021-09-21,2024-08-03,1
732712,732712,Verizon Communications Inc.,2023-09-21,1,0001193125-23-058988,2023-03-03,8-K,5.02,d461784d8k.htm,1,2021-09-21,2024-08-03,1
732712,732712,Verizon Communications Inc.,2023-09-21,1,0001193125-22-278771,2022-11-07,8-K,5.02,d416800d8k.htm,1,2021-09-21,2024-08-03,1
732712,732712,Verizon Communications Inc.,2023-09-21,1,0001193125-22-230055,2022-08-25,8-K,5.02,d373006d8k.htm,1,2021-09-21,2024-08-03,1
732712,732712,Verizon Communications Inc.,2023-09-21,1,0001193125-22-230053,2022-08-25,8-K/A,5.02,d375293d8ka.htm,1,2021-09-21,2024-08-03,1
732712,732712,Verizon Communications Inc.,2023-09-21,1,0001193125-22-168378,2022-06-06,8-K,5.02,d366918d8k.htm,1,2021-09-21,2024-08-03,1
732712,732712,Verizon Communications Inc.,2023-09-21,1,0001193125-22-151826,2022-05-16,8-K,5.02,d340833d8k.htm,1,2021-09-21,2024-08-03,1
732712,732712,Verizon Communications Inc.,2023-09-21,1,0001193125-21-346654,2021-12-02,8-K/A,5.02,d228353d8ka.htm,1,2021-09-21,2024-08-03,1
732712,732712,Verizon Communications Inc.,2023-09-21,1,0001193125-21-346650,2021-12-02,8-K/A,5.02,d228333d8ka.htm,1,2021-09-21,2024-08-03,1
732712,732712,Verizon Communications Inc.,2023-09-21,1,0001193125-21-323046,2021-11-08,8-K,5.02,d231208d8k.htm,1,2021-09-21,2024-08-03,1
732712,732712,Verizon Communications Inc.,2024-02-06,1,0001193125-24-170544,2024-06-27,8-K,5.02,d858119d8k.htm,1,2022-02-06,2024-08-04,1
732712,732712,Verizon Communications Inc.,2024-02-06,1,0001193125-24-146021,2024-05-23,8-K,5.02,d770164d8k.htm,1,2022-02-06,2024-08-04,1
732712,732712,Verizon Communications Inc.,2024-02-06,1,0001193125-24-022476,2024-02-02,8-K,5.02,d745812d8k.htm,1,2022-02-06,2024-08-04,1
732712,732712,Verizon Communications Inc.,2024-02-06,1,0001193125-24-013874,2024-01-24,8-K,5.02,d701168d8k.htm,1,2022-02-06,2024-08-04,1
732712,732712,Verizon Communications Inc.,2024-02-06,1,0001193125-23-058988,2023-03-03,8-K,5.02,d461784d8k.htm,1,2022-02-06,2024-08-04,1
732712,732712,Verizon Communications Inc.,2024-02-06,1,0001193125-22-278771,2022-11-07,8-K,5.02,d416800d8k.htm,1,2022-02-06,2024-08-04,1
732712,732712,Verizon Communications Inc.,2024-02-06,1,0001193125-22-230055,2022-08-25,8-K,5.02,d373006d8k.htm,1,2022-02-06,2024-08-04,1
732712,732712,Verizon Communications Inc.,2024-02-06,1,0001193125-22-230053,2022-08-25,8-K/A,5.02,d375293d8ka.htm,1,2022-02-06,2024-08-04,1
732712,732712,Verizon Communications Inc.,2024-02-06,1,0001193125-22-168378,2022-06-06,8-K,5.02,d366918d8k.htm,1,2022-02-06,2024-08-04,1
732712,732712,Verizon Communications Inc.,2024-02-06,1,0001193125-22-151826,2022-05-16,8-K,5.02,d340833d8k.htm,1,2022-02-06,2024-08-04,1
732717,732717,AT&T,2008-05-23,1,0000732717-08-000070,2008-09-29,8-K,5.02,chicopardo8k.htm,1,2006-05-24,2008-11-19,1
732717,732717,AT&T,2008-05-23,1,0000732717-07-000089,2007-10-19,8-K,"5.02,9.01",amdmobilityplan.htm,1,2006-05-24,2008-11-19,1
732717,732717,AT&T,2008-05-23,1,0000732717-07-000084,2007-10-16,8-K,5.02,sigmanretirement8k.htm,1,2006-05-24,2008-11-19,1
732717,732717,AT&T,2008-05-23,1,0000732717-07-000038,2007-06-01,8-K/A,5.02,amdceopay.htm,1,2006-05-24,2008-11-19,1
732717,732717,AT&T,2008-05-23,1,0000732717-07-000028,2007-04-30,8-K,5.02,annmeet20078k.htm,1,2006-05-24,2008-11-19,1
732717,732717,AT&T,2008-05-23,1,0000732717-07-000007,2007-01-29,8-K/A,5.02,cmteappts8k.htm,1,2006-05-24,2008-11-19,1
732717,732717,AT&T,2008-05-23,1,0000950123-06-015733,2006-12-29,8-K,"2.01,2.03,5.02,9.01",y28428e8vk.txt,1,2006-05-24,2008-11-19,1
732717,732717,AT&T,2012-01-01,1,0000732717-12-000063,2012-06-29,8-K,5.02,ford.htm,1,2010-01-01,2012-08-11,1
732717,732717,AT&T,2012-01-01,1,0000732717-11-000107,2011-12-16,8-K,"5.02,9.01",stephensonserp.htm,1,2010-01-01,2012-08-11,1
732717,732717,AT&T,2012-01-01,1,0000732717-11-000033,2011-03-29,8-K/A,"5.02,9.01",form8k-a.htm,1,2010-01-01,2012-08-11,1
732717,732717,AT&T,2012-01-01,1,0000732717-11-000016,2011-03-07,8-K,5.02,lindner_8k.htm,1,2010-01-01,2012-08-11,1
732717,732717,AT&T,2012-01-01,1,0000732717-10-000097,2010-12-17,8-K/A,5.02,rose8ka.htm,1,2010-01-01,2012-08-11,1
732717,732717,AT&T,2012-01-01,1,0000732717-10-000082,2010-09-30,8-K,5.02,sept20108k.htm,1,2010-01-01,2012-08-11,1
732717,732717,AT&T,2012-01-01,1,0000732717-10-000051,2010-06-25,8-K,"5.02,9.01",june8k2010j24.htm,1,2010-01-01,2012-08-11,1
732717,732717,AT&T,2012-01-01,1,0000732717-10-000011,2010-02-23,8-K,5.02,aldinger8k.htm,1,2010-01-01,2012-08-11,1
732717,732717,AT&T,2013-01-01,1,0000732717-15-000089,2015-08-20,8-K,"5.02,9.01",form8k.htm,1,2011-01-02,2015-10-18,1
732717,732717,AT&T,2013-01-01,1,0000732717-15-000073,2015-07-30,8-K,5.02,form8k.htm,1,2011-01-02,2015-10-18,1
732717,732717,AT&T,2013-01-01,1,0000732717-15-000056,2015-06-26,8-K,5.02,form8k.htm,1,2011-01-02,2015-10-18,1
732717,732717,AT&T,2013-01-01,1,0000732717-14-000138,2014-12-19,8-K,"5.02,9.01",form8k.htm,1,2011-01-02,2015-10-18,1
732717,732717,AT&T,2013-01-01,1,0000732717-14-000126,2014-11-07,8-K,"5.02,8.01",form8k.htm,1,2011-01-02,2015-10-18,1
732717,732717,AT&T,2013-01-01,1,0000732717-14-000094,2014-06-30,8-K,5.02,form8k.htm,1,2011-01-02,2015-10-18,1
732717,732717,AT&T,2013-01-01,1,0000732717-13-000101,2013-12-12,8-K,"5.02,9.01",hrc8k.htm,1,2011-01-02,2015-10-18,1
732717,732717,AT&T,2013-01-01,1,0000732717-13-000090,2013-09-27,8-K,5.02,newdirector8k.htm,1,2011-01-02,2015-10-18,1
732717,732717,AT&T,2013-01-01,1,0000732717-13-000077,2013-07-25,8-K,5.02,form8k.htm,1,2011-01-02,2015-10-18,1
732717,732717,AT&T,2013-01-01,1,0000732717-13-000058,2013-06-28,8-K,5.02,taylor8k.htm,1,2011-01-02,2015-10-18,1
732717,732717,AT&T,2013-01-01,1,0000732717-13-000012,2013-02-04,8-K,5.02,mccallister8k.htm,1,2011-01-02,2015-10-18,1
732717,732717,AT&T,2013-01-01,1,0000732717-12-000063,2012-06-29,8-K,5.02,ford.htm,1,2011-01-02,2015-10-18,1
732717,732717,AT&T,2013-01-01,1,0000732717-11-000107,2011-12-16,8-K,"5.02,9.01",stephensonserp.htm,1,2011-01-02,2015-10-18,1
732717,732717,AT&T,2013-01-01,1,0000732717-11-000033,2011-03-29,8-K/A,"5.02,9.01",form8k-a.htm,1,2011-01-02,2015-10-18,1
732717,732717,AT&T,2013-01-01,1,0000732717-11-000016,2011-03-07,8-K,5.02,lindner_8k.htm,1,2011-01-02,2015-10-18,1
732717,732717,AT&T,2013-11-05,1,0000732717-14-000126,2014-11-07,8-K,"5.02,8.01",form8k.htm,1,2011-11-06,2014-12-08,1
732717,732717,AT&T,2013-11-05,1,0000732717-14-000094,2014-06-30,8-K,5.02,form8k.htm,1,2011-11-06,2014-12-08,1
732717,732717,AT&T,2013-11-05,1,0000732717-13-000101,2013-12-12,8-K,"5.02,9.01",hrc8k.htm,1,2011-11-06,2014-12-08,1
732717,732717,AT&T,2013-11-05,1,0000732717-13-000090,2013-09-27,8-K,5.02,newdirector8k.htm,1,2011-11-06,2014-12-08,1
732717,732717,AT&T,2013-11-05,1,0000732717-13-000077,2013-07-25,8-K,5.02,form8k.htm,1,2011-11-06,2014-12-08,1
732717,732717,AT&T,2013-11-05,1,0000732717-13-000058,2013-06-28,8-K,5.02,taylor8k.htm,1,2011-11-06,2014-12-08,1
732717,732717,AT&T,2013-11-05,1,0000732717-13-000012,2013-02-04,8-K,5.02,mccallister8k.htm,1,2011-11-06,2014-12-08,1
732717,732717,AT&T,2013-11-05,1,0000732717-12-000063,2012-06-29,8-K,5.02,ford.htm,1,2011-11-06,2014-12-08,1
732717,732717,AT&T,2013-11-05,1,0000732717-11-000107,2011-12-16,8-K,"5.02,9.01",stephensonserp.htm,1,2011-11-06,2014-12-08,1
732717,732717,AT&T,2014-02-01,1,0000732717-15-000089,2015-08-20,8-K,"5.02,9.01",form8k.htm,1,2012-02-02,2015-10-17,1
732717,732717,AT&T,2014-02-01,1,0000732717-15-000073,2015-07-30,8-K,5.02,form8k.htm,1,2012-02-02,2015-10-17,1
732717,732717,AT&T,2014-02-01,1,0000732717-15-000056,2015-06-26,8-K,5.02,form8k.htm,1,2012-02-02,2015-10-17,1
732717,732717,AT&T,2014-02-01,1,0000732717-14-000138,2014-12-19,8-K,"5.02,9.01",form8k.htm,1,2012-02-02,2015-10-17,1
732717,732717,AT&T,2014-02-01,1,0000732717-14-000126,2014-11-07,8-K,"5.02,8.01",form8k.htm,1,2012-02-02,2015-10-17,1
732717,732717,AT&T,2014-02-01,1,0000732717-14-000094,2014-06-30,8-K,5.02,form8k.htm,1,2012-02-02,2015-10-17,1
732717,732717,AT&T,2014-02-01,1,0000732717-13-000101,2013-12-12,8-K,"5.02,9.01",hrc8k.htm,1,2012-02-02,2015-10-17,1
732717,732717,AT&T,2014-02-01,1,0000732717-13-000090,2013-09-27,8-K,5.02,newdirector8k.htm,1,2012-02-02,2015-10-17,1
732717,732717,AT&T,2014-02-01,1,0000732717-13-000077,2013-07-25,8-K,5.02,form8k.htm,1,2012-02-02,2015-10-17,1
732717,732717,AT&T,2014-02-01,1,0000732717-13-000058,2013-06-28,8-K,5.02,taylor8k.htm,1,2012-02-02,2015-10-17,1
732717,732717,AT&T,2014-02-01,1,0000732717-13-000012,2013-02-04,8-K,5.02,mccallister8k.htm,1,2012-02-02,2015-10-17,1
732717,732717,AT&T,2014-02-01,1,0000732717-12-000063,2012-06-29,8-K,5.02,ford.htm,1,2012-02-02,2015-10-17,1
732717,732717,AT&T,2014-04-01,1,0000732717-14-000126,2014-11-07,8-K,"5.02,8.01",form8k.htm,1,2012-04-01,2014-12-10,1
732717,732717,AT&T,2014-04-01,1,0000732717-14-000094,2014-06-30,8-K,5.02,form8k.htm,1,2012-04-01,2014-12-10,1
732717,732717,AT&T,2014-04-01,1,0000732717-13-000101,2013-12-12,8-K,"5.02,9.01",hrc8k.htm,1,2012-04-01,2014-12-10,1
732717,732717,AT&T,2014-04-01,1,0000732717-13-000090,2013-09-27,8-K,5.02,newdirector8k.htm,1,2012-04-01,2014-12-10,1
732717,732717,AT&T,2014-04-01,1,0000732717-13-000077,2013-07-25,8-K,5.02,form8k.htm,1,2012-04-01,2014-12-10,1
732717,732717,AT&T,2014-04-01,1,0000732717-13-000058,2013-06-28,8-K,5.02,taylor8k.htm,1,2012-04-01,2014-12-10,1
732717,732717,AT&T,2014-04-01,1,0000732717-13-000012,2013-02-04,8-K,5.02,mccallister8k.htm,1,2012-04-01,2014-12-10,1
732717,732717,AT&T,2014-04-01,1,0000732717-12-000063,2012-06-29,8-K,5.02,ford.htm,1,2012-04-01,2014-12-10,1
732717,732717,"AT&T Services, Inc.",2014-04-09,1,0000732717-14-000126,2014-11-07,8-K,"5.02,8.01",form8k.htm,1,2012-04-09,2014-12-02,1
732717,732717,"AT&T Services, Inc.",2014-04-09,1,0000732717-14-000094,2014-06-30,8-K,5.02,form8k.htm,1,2012-04-09,2014-12-02,1
732717,732717,"AT&T Services, Inc.",2014-04-09,1,0000732717-13-000101,2013-12-12,8-K,"5.02,9.01",hrc8k.htm,1,2012-04-09,2014-12-02,1
732717,732717,"AT&T Services, Inc.",2014-04-09,1,0000732717-13-000090,2013-09-27,8-K,5.02,newdirector8k.htm,1,2012-04-09,2014-12-02,1
732717,732717,"AT&T Services, Inc.",2014-04-09,1,0000732717-13-000077,2013-07-25,8-K,5.02,form8k.htm,1,2012-04-09,2014-12-02,1
732717,732717,"AT&T Services, Inc.",2014-04-09,1,0000732717-13-000058,2013-06-28,8-K,5.02,taylor8k.htm,1,2012-04-09,2014-12-02,1
732717,732717,"AT&T Services, Inc.",2014-04-09,1,0000732717-13-000012,2013-02-04,8-K,5.02,mccallister8k.htm,1,2012-04-09,2014-12-02,1
732717,732717,"AT&T Services, Inc.",2014-04-09,1,0000732717-12-000063,2012-06-29,8-K,5.02,ford.htm,1,2012-04-09,2014-12-02,1
732717,732717,"AT&T Services, Inc.",2014-06-05,1,0000732717-15-000089,2015-08-20,8-K,"5.02,9.01",form8k.htm,1,2012-06-05,2015-10-17,1
732717,732717,"AT&T Services, Inc.",2014-06-05,1,0000732717-15-000073,2015-07-30,8-K,5.02,form8k.htm,1,2012-06-05,2015-10-17,1
732717,732717,"AT&T Services, Inc.",2014-06-05,1,0000732717-15-000056,2015-06-26,8-K,5.02,form8k.htm,1,2012-06-05,2015-10-17,1
732717,732717,"AT&T Services, Inc.",2014-06-05,1,0000732717-14-000138,2014-12-19,8-K,"5.02,9.01",form8k.htm,1,2012-06-05,2015-10-17,1
732717,732717,"AT&T Services, Inc.",2014-06-05,1,0000732717-14-000126,2014-11-07,8-K,"5.02,8.01",form8k.htm,1,2012-06-05,2015-10-17,1
732717,732717,"AT&T Services, Inc.",2014-06-05,1,0000732717-14-000094,2014-06-30,8-K,5.02,form8k.htm,1,2012-06-05,2015-10-17,1
732717,732717,"AT&T Services, Inc.",2014-06-05,1,0000732717-13-000101,2013-12-12,8-K,"5.02,9.01",hrc8k.htm,1,2012-06-05,2015-10-17,1
732717,732717,"AT&T Services, Inc.",2014-06-05,1,0000732717-13-000090,2013-09-27,8-K,5.02,newdirector8k.htm,1,2012-06-05,2015-10-17,1
732717,732717,"AT&T Services, Inc.",2014-06-05,1,0000732717-13-000077,2013-07-25,8-K,5.02,form8k.htm,1,2012-06-05,2015-10-17,1
732717,732717,"AT&T Services, Inc.",2014-06-05,1,0000732717-13-000058,2013-06-28,8-K,5.02,taylor8k.htm,1,2012-06-05,2015-10-17,1
732717,732717,"AT&T Services, Inc.",2014-06-05,1,0000732717-13-000012,2013-02-04,8-K,5.02,mccallister8k.htm,1,2012-06-05,2015-10-17,1
732717,732717,"AT&T Services, Inc.",2014-06-05,1,0000732717-12-000063,2012-06-29,8-K,5.02,ford.htm,1,2012-06-05,2015-10-17,1
732717,732717,AT&T,2014-06-11,1,0000732717-15-000089,2015-08-20,8-K,"5.02,9.01",form8k.htm,1,2012-06-11,2015-10-17,1
732717,732717,AT&T,2014-06-11,1,0000732717-15-000073,2015-07-30,8-K,5.02,form8k.htm,1,2012-06-11,2015-10-17,1
732717,732717,AT&T,2014-06-11,1,0000732717-15-000056,2015-06-26,8-K,5.02,form8k.htm,1,2012-06-11,2015-10-17,1
732717,732717,AT&T,2014-06-11,1,0000732717-14-000138,2014-12-19,8-K,"5.02,9.01",form8k.htm,1,2012-06-11,2015-10-17,1
732717,732717,AT&T,2014-06-11,1,0000732717-14-000126,2014-11-07,8-K,"5.02,8.01",form8k.htm,1,2012-06-11,2015-10-17,1
732717,732717,AT&T,2014-06-11,1,0000732717-14-000094,2014-06-30,8-K,5.02,form8k.htm,1,2012-06-11,2015-10-17,1
732717,732717,AT&T,2014-06-11,1,0000732717-13-000101,2013-12-12,8-K,"5.02,9.01",hrc8k.htm,1,2012-06-11,2015-10-17,1
732717,732717,AT&T,2014-06-11,1,0000732717-13-000090,2013-09-27,8-K,5.02,newdirector8k.htm,1,2012-06-11,2015-10-17,1
732717,732717,AT&T,2014-06-11,1,0000732717-13-000077,2013-07-25,8-K,5.02,form8k.htm,1,2012-06-11,2015-10-17,1
732717,732717,AT&T,2014-06-11,1,0000732717-13-000058,2013-06-28,8-K,5.02,taylor8k.htm,1,2012-06-11,2015-10-17,1
732717,732717,AT&T,2014-06-11,1,0000732717-13-000012,2013-02-04,8-K,5.02,mccallister8k.htm,1,2012-06-11,2015-10-17,1
732717,732717,AT&T,2014-06-11,1,0000732717-12-000063,2012-06-29,8-K,5.02,ford.htm,1,2012-06-11,2015-10-17,1
732717,732717,ATT-Breach Notification,2014-08-05,0,0000732717-14-000138,2014-12-19,8-K,"5.02,9.01",form8k.htm,1,2012-08-05,2015-03-31,1
732717,732717,ATT-Breach Notification,2014-08-05,0,0000732717-14-000126,2014-11-07,8-K,"5.02,8.01",form8k.htm,1,2012-08-05,2015-03-31,1
732717,732717,ATT-Breach Notification,2014-08-05,0,0000732717-14-000094,2014-06-30,8-K,5.02,form8k.htm,1,2012-08-05,2015-03-31,1
732717,732717,ATT-Breach Notification,2014-08-05,0,0000732717-13-000101,2013-12-12,8-K,"5.02,9.01",hrc8k.htm,1,2012-08-05,2015-03-31,1
732717,732717,ATT-Breach Notification,2014-08-05,0,0000732717-13-000090,2013-09-27,8-K,5.02,newdirector8k.htm,1,2012-08-05,2015-03-31,1
732717,732717,ATT-Breach Notification,2014-08-05,0,0000732717-13-000077,2013-07-25,8-K,5.02,form8k.htm,1,2012-08-05,2015-03-31,1
732717,732717,ATT-Breach Notification,2014-08-05,0,0000732717-13-000058,2013-06-28,8-K,5.02,taylor8k.htm,1,2012-08-05,2015-03-31,1
732717,732717,ATT-Breach Notification,2014-08-05,0,0000732717-13-000012,2013-02-04,8-K,5.02,mccallister8k.htm,1,2012-08-05,2015-03-31,1
732717,732717,"AT&T Services, Inc.",2014-08-11,1,0000732717-14-000138,2014-12-19,8-K,"5.02,9.01",form8k.htm,1,2012-08-11,2015-03-30,1
732717,732717,"AT&T Services, Inc.",2014-08-11,1,0000732717-14-000126,2014-11-07,8-K,"5.02,8.01",form8k.htm,1,2012-08-11,2015-03-30,1
732717,732717,"AT&T Services, Inc.",2014-08-11,1,0000732717-14-000094,2014-06-30,8-K,5.02,form8k.htm,1,2012-08-11,2015-03-30,1
732717,732717,"AT&T Services, Inc.",2014-08-11,1,0000732717-13-000101,2013-12-12,8-K,"5.02,9.01",hrc8k.htm,1,2012-08-11,2015-03-30,1
732717,732717,"AT&T Services, Inc.",2014-08-11,1,0000732717-13-000090,2013-09-27,8-K,5.02,newdirector8k.htm,1,2012-08-11,2015-03-30,1
732717,732717,"AT&T Services, Inc.",2014-08-11,1,0000732717-13-000077,2013-07-25,8-K,5.02,form8k.htm,1,2012-08-11,2015-03-30,1
732717,732717,"AT&T Services, Inc.",2014-08-11,1,0000732717-13-000058,2013-06-28,8-K,5.02,taylor8k.htm,1,2012-08-11,2015-03-30,1
732717,732717,"AT&T Services, Inc.",2014-08-11,1,0000732717-13-000012,2013-02-04,8-K,5.02,mccallister8k.htm,1,2012-08-11,2015-03-30,1
732717,732717,AT&T,2014-10-09,1,0000732717-14-000138,2014-12-19,8-K,"5.02,9.01",form8k.htm,1,2012-10-09,2015-04-07,1
732717,732717,AT&T,2014-10-09,1,0000732717-14-000126,2014-11-07,8-K,"5.02,8.01",form8k.htm,1,2012-10-09,2015-04-07,1
732717,732717,AT&T,2014-10-09,1,0000732717-14-000094,2014-06-30,8-K,5.02,form8k.htm,1,2012-10-09,2015-04-07,1
732717,732717,AT&T,2014-10-09,1,0000732717-13-000101,2013-12-12,8-K,"5.02,9.01",hrc8k.htm,1,2012-10-09,2015-04-07,1
732717,732717,AT&T,2014-10-09,1,0000732717-13-000090,2013-09-27,8-K,5.02,newdirector8k.htm,1,2012-10-09,2015-04-07,1
732717,732717,AT&T,2014-10-09,1,0000732717-13-000077,2013-07-25,8-K,5.02,form8k.htm,1,2012-10-09,2015-04-07,1
732717,732717,AT&T,2014-10-09,1,0000732717-13-000058,2013-06-28,8-K,5.02,taylor8k.htm,1,2012-10-09,2015-04-07,1
732717,732717,AT&T,2014-10-09,1,0000732717-13-000012,2013-02-04,8-K,5.02,mccallister8k.htm,1,2012-10-09,2015-04-07,1
732717,732717,ATT-Breach Notification,2014-10-16,0,0000732717-14-000138,2014-12-19,8-K,"5.02,9.01",form8k.htm,1,2012-10-16,2015-06-17,1
732717,732717,ATT-Breach Notification,2014-10-16,0,0000732717-14-000126,2014-11-07,8-K,"5.02,8.01",form8k.htm,1,2012-10-16,2015-06-17,1
732717,732717,ATT-Breach Notification,2014-10-16,0,0000732717-14-000094,2014-06-30,8-K,5.02,form8k.htm,1,2012-10-16,2015-06-17,1
732717,732717,ATT-Breach Notification,2014-10-16,0,0000732717-13-000101,2013-12-12,8-K,"5.02,9.01",hrc8k.htm,1,2012-10-16,2015-06-17,1
732717,732717,ATT-Breach Notification,2014-10-16,0,0000732717-13-000090,2013-09-27,8-K,5.02,newdirector8k.htm,1,2012-10-16,2015-06-17,1
732717,732717,ATT-Breach Notification,2014-10-16,0,0000732717-13-000077,2013-07-25,8-K,5.02,form8k.htm,1,2012-10-16,2015-06-17,1
732717,732717,ATT-Breach Notification,2014-10-16,0,0000732717-13-000058,2013-06-28,8-K,5.02,taylor8k.htm,1,2012-10-16,2015-06-17,1
732717,732717,ATT-Breach Notification,2014-10-16,0,0000732717-13-000012,2013-02-04,8-K,5.02,mccallister8k.htm,1,2012-10-16,2015-06-17,1
732717,732717,"AT&T Services, Inc.",2017-01-01,1,0000732717-17-000084,2017-10-04,8-K,"5.02,9.01",serpamendment8k.htm,1,2015-01-02,2017-11-15,1
732717,732717,"AT&T Services, Inc.",2017-01-01,1,0000732717-16-000257,2016-12-16,8-K,"5.02,9.01",form8k.htm,1,2015-01-02,2017-11-15,1
732717,732717,"AT&T Services, Inc.",2017-01-01,1,0000732717-16-000251,2016-12-08,8-K,5.02,delavegaretirement8k.htm,1,2015-01-02,2017-11-15,1
732717,732717,"AT&T Services, Inc.",2017-01-01,1,0000732717-16-000186,2016-06-24,8-K,5.02,newdirector8k.htm,1,2015-01-02,2017-11-15,1
732717,732717,"AT&T Services, Inc.",2017-01-01,1,0000732717-15-000089,2015-08-20,8-K,"5.02,9.01",form8k.htm,1,2015-01-02,2017-11-15,1
732717,732717,"AT&T Services, Inc.",2017-01-01,1,0000732717-15-000073,2015-07-30,8-K,5.02,form8k.htm,1,2015-01-02,2017-11-15,1
732717,732717,"AT&T Services, Inc.",2017-01-01,1,0000732717-15-000056,2015-06-26,8-K,5.02,form8k.htm,1,2015-01-02,2017-11-15,1
732717,732717,AT&T,2017-01-25,1,0000732717-17-000084,2017-10-04,8-K,"5.02,9.01",serpamendment8k.htm,1,2015-01-26,2017-11-15,1
732717,732717,AT&T,2017-01-25,1,0000732717-16-000257,2016-12-16,8-K,"5.02,9.01",form8k.htm,1,2015-01-26,2017-11-15,1
732717,732717,AT&T,2017-01-25,1,0000732717-16-000251,2016-12-08,8-K,5.02,delavegaretirement8k.htm,1,2015-01-26,2017-11-15,1
732717,732717,AT&T,2017-01-25,1,0000732717-16-000186,2016-06-24,8-K,5.02,newdirector8k.htm,1,2015-01-26,2017-11-15,1
732717,732717,AT&T,2017-01-25,1,0000732717-15-000089,2015-08-20,8-K,"5.02,9.01",form8k.htm,1,2015-01-26,2017-11-15,1
732717,732717,AT&T,2017-01-25,1,0000732717-15-000073,2015-07-30,8-K,5.02,form8k.htm,1,2015-01-26,2017-11-15,1
732717,732717,AT&T,2017-01-25,1,0000732717-15-000056,2015-06-26,8-K,5.02,form8k.htm,1,2015-01-26,2017-11-15,1
732717,732717,AT&T Services,2017-02-01,1,0000732717-18-000005,2018-02-02,8-K,"5.02,9.01",form8k.htm,1,2015-02-02,2018-03-13,1
732717,732717,AT&T Services,2017-02-01,1,0000732717-17-000084,2017-10-04,8-K,"5.02,9.01",serpamendment8k.htm,1,2015-02-02,2018-03-13,1
732717,732717,AT&T Services,2017-02-01,1,0000732717-16-000257,2016-12-16,8-K,"5.02,9.01",form8k.htm,1,2015-02-02,2018-03-13,1
732717,732717,AT&T Services,2017-02-01,1,0000732717-16-000251,2016-12-08,8-K,5.02,delavegaretirement8k.htm,1,2015-02-02,2018-03-13,1
732717,732717,AT&T Services,2017-02-01,1,0000732717-16-000186,2016-06-24,8-K,5.02,newdirector8k.htm,1,2015-02-02,2018-03-13,1
732717,732717,AT&T Services,2017-02-01,1,0000732717-15-000089,2015-08-20,8-K,"5.02,9.01",form8k.htm,1,2015-02-02,2018-03-13,1
732717,732717,AT&T Services,2017-02-01,1,0000732717-15-000073,2015-07-30,8-K,5.02,form8k.htm,1,2015-02-02,2018-03-13,1
732717,732717,AT&T Services,2017-02-01,1,0000732717-15-000056,2015-06-26,8-K,5.02,form8k.htm,1,2015-02-02,2018-03-13,1
732717,732717,Cricket Wireless LLC,2018-08-17,1,0000732717-18-000050,2018-07-03,8-K,"5.02,9.01",form8k.htm,1,2016-08-17,2019-02-13,1
732717,732717,Cricket Wireless LLC,2018-08-17,1,0000732717-18-000005,2018-02-02,8-K,"5.02,9.01",form8k.htm,1,2016-08-17,2019-02-13,1
732717,732717,Cricket Wireless LLC,2018-08-17,1,0000732717-17-000084,2017-10-04,8-K,"5.02,9.01",serpamendment8k.htm,1,2016-08-17,2019-02-13,1
732717,732717,Cricket Wireless LLC,2018-08-17,1,0000732717-16-000257,2016-12-16,8-K,"5.02,9.01",form8k.htm,1,2016-08-17,2019-02-13,1
732717,732717,Cricket Wireless LLC,2018-08-17,1,0000732717-16-000251,2016-12-08,8-K,5.02,delavegaretirement8k.htm,1,2016-08-17,2019-02-13,1
732717,732717,Cricket Wireless LLC,2018-08-21,1,0000732717-18-000050,2018-07-03,8-K,"5.02,9.01",form8k.htm,1,2016-08-21,2019-02-17,1
732717,732717,Cricket Wireless LLC,2018-08-21,1,0000732717-18-000005,2018-02-02,8-K,"5.02,9.01",form8k.htm,1,2016-08-21,2019-02-17,1
732717,732717,Cricket Wireless LLC,2018-08-21,1,0000732717-17-000084,2017-10-04,8-K,"5.02,9.01",serpamendment8k.htm,1,2016-08-21,2019-02-17,1
732717,732717,Cricket Wireless LLC,2018-08-21,1,0000732717-16-000257,2016-12-16,8-K,"5.02,9.01",form8k.htm,1,2016-08-21,2019-02-17,1
732717,732717,Cricket Wireless LLC,2018-08-21,1,0000732717-16-000251,2016-12-08,8-K,5.02,delavegaretirement8k.htm,1,2016-08-21,2019-02-17,1
732717,732717,"AT&T, Inc.",2019-01-01,1,0000732717-24-000012,2024-03-01,8-K,"5.02,9.01",t-20240301.htm,1,2017-01-01,2024-09-28,1
732717,732717,"AT&T, Inc.",2019-01-01,1,0001193125-23-022845,2023-02-02,8-K,"5.02,5.03,9.01",d457902d8k.htm,1,2017-01-01,2024-09-28,1
732717,732717,"AT&T, Inc.",2019-01-01,1,0000732717-22-000091,2022-08-04,8-K/A,5.02,t-20220630.htm,1,2017-01-01,2024-09-28,1
732717,732717,"AT&T, Inc.",2019-01-01,1,0000732717-22-000073,2022-07-01,8-K,5.02,a8-kdial.htm,1,2017-01-01,2024-09-28,1
732717,732717,"AT&T, Inc.",2019-01-01,1,0001193125-22-076137,2022-03-15,8-K,"5.02,7.01,9.01",d330864d8k.htm,1,2017-01-01,2024-09-28,1
732717,732717,"AT&T, Inc.",2019-01-01,1,0000732717-21-000088,2021-12-06,8-K/A,5.02,t-20210625.htm,1,2017-01-01,2024-09-28,1
732717,732717,"AT&T, Inc.",2019-01-01,1,0001193125-21-199754,2021-06-25,8-K,5.02,d139615d8k.htm,1,2017-01-01,2024-09-28,1
732717,732717,"AT&T, Inc.",2019-01-01,1,0001193125-21-100281,2021-03-30,8-K,"5.02,9.01",d167058d8k.htm,1,2017-01-01,2024-09-28,1
732717,732717,"AT&T, Inc.",2019-01-01,1,0001193125-21-015737,2021-01-25,8-K,"5.02,9.01",d21535d8k.htm,1,2017-01-01,2024-09-28,1
732717,732717,"AT&T, Inc.",2019-01-01,1,0001193125-20-296128,2020-11-17,8-K,5.02,d23235d8k.htm,1,2017-01-01,2024-09-28,1
732717,732717,"AT&T, Inc.",2019-01-01,1,0000732717-20-000020,2020-06-26,8-K,"5.02,5.03,9.01",form8k.htm,1,2017-01-01,2024-09-28,1
732717,732717,"AT&T, Inc.",2019-01-01,1,0001193125-20-123202,2020-04-28,8-K,"5.02,5.07",d913267d8k.htm,1,2017-01-01,2024-09-28,1
732717,732717,"AT&T, Inc.",2019-01-01,1,0001193125-19-316283,2019-12-17,8-K,"5.02,9.01",d851493d8k.htm,1,2017-01-01,2024-09-28,1
732717,732717,"AT&T, Inc.",2019-01-01,1,0000732717-19-000054,2019-11-01,8-K,5.02,form8k.htm,1,2017-01-01,2024-09-28,1
732717,732717,"AT&T, Inc.",2019-01-01,1,0001193125-19-239966,2019-09-06,8-K,"5.02,9.01",d799915d8k.htm,1,2017-01-01,2024-09-28,1
732717,732717,"AT&T, Inc.",2019-01-01,1,0001193125-19-236682,2019-09-03,8-K,5.02,d798261d8k.htm,1,2017-01-01,2024-09-28,1
732717,732717,"AT&T, Inc.",2019-01-01,1,0001193125-19-233801,2019-08-29,8-K,5.02,d767363d8k.htm,1,2017-01-01,2024-09-28,1
732717,732717,"AT&T, Inc.",2019-01-01,1,0000732717-19-000034,2019-07-29,8-K,5.02,newdirector.htm,1,2017-01-01,2024-09-28,1
732717,732717,"AT&T, Inc.",2019-01-01,1,0000732717-18-000050,2018-07-03,8-K,"5.02,9.01",form8k.htm,1,2017-01-01,2024-09-28,1
732717,732717,"AT&T, Inc.",2019-01-01,1,0000732717-18-000005,2018-02-02,8-K,"5.02,9.01",form8k.htm,1,2017-01-01,2024-09-28,1
732717,732717,"AT&T, Inc.",2019-01-01,1,0000732717-17-000084,2017-10-04,8-K,"5.02,9.01",serpamendment8k.htm,1,2017-01-01,2024-09-28,1
732717,732717,AT&T,2022-06-01,1,0000732717-24-000012,2024-03-01,8-K,"5.02,9.01",t-20240301.htm,1,2020-06-01,2024-09-26,1
732717,732717,AT&T,2022-06-01,1,0001193125-23-022845,2023-02-02,8-K,"5.02,5.03,9.01",d457902d8k.htm,1,2020-06-01,2024-09-26,1
732717,732717,AT&T,2022-06-01,1,0000732717-22-000091,2022-08-04,8-K/A,5.02,t-20220630.htm,1,2020-06-01,2024-09-26,1
732717,732717,AT&T,2022-06-01,1,0000732717-22-000073,2022-07-01,8-K,5.02,a8-kdial.htm,1,2020-06-01,2024-09-26,1
732717,732717,AT&T,2022-06-01,1,0001193125-22-076137,2022-03-15,8-K,"5.02,7.01,9.01",d330864d8k.htm,1,2020-06-01,2024-09-26,1
732717,732717,AT&T,2022-06-01,1,0000732717-21-000088,2021-12-06,8-K/A,5.02,t-20210625.htm,1,2020-06-01,2024-09-26,1
732717,732717,AT&T,2022-06-01,1,0001193125-21-199754,2021-06-25,8-K,5.02,d139615d8k.htm,1,2020-06-01,2024-09-26,1
732717,732717,AT&T,2022-06-01,1,0001193125-21-100281,2021-03-30,8-K,"5.02,9.01",d167058d8k.htm,1,2020-06-01,2024-09-26,1
732717,732717,AT&T,2022-06-01,1,0001193125-21-015737,2021-01-25,8-K,"5.02,9.01",d21535d8k.htm,1,2020-06-01,2024-09-26,1
732717,732717,AT&T,2022-06-01,1,0001193125-20-296128,2020-11-17,8-K,5.02,d23235d8k.htm,1,2020-06-01,2024-09-26,1
732717,732717,AT&T,2022-06-01,1,0000732717-20-000020,2020-06-26,8-K,"5.02,5.03,9.01",form8k.htm,1,2020-06-01,2024-09-26,1
732717,732717,"AT&T Services, Inc.",2022-08-30,1,0001193125-23-022845,2023-02-02,8-K,"5.02,5.03,9.01",d457902d8k.htm,1,2020-08-30,2023-08-23,1
732717,732717,"AT&T Services, Inc.",2022-08-30,1,0000732717-22-000091,2022-08-04,8-K/A,5.02,t-20220630.htm,1,2020-08-30,2023-08-23,1
732717,732717,"AT&T Services, Inc.",2022-08-30,1,0000732717-22-000073,2022-07-01,8-K,5.02,a8-kdial.htm,1,2020-08-30,2023-08-23,1
732717,732717,"AT&T Services, Inc.",2022-08-30,1,0001193125-22-076137,2022-03-15,8-K,"5.02,7.01,9.01",d330864d8k.htm,1,2020-08-30,2023-08-23,1
732717,732717,"AT&T Services, Inc.",2022-08-30,1,0000732717-21-000088,2021-12-06,8-K/A,5.02,t-20210625.htm,1,2020-08-30,2023-08-23,1
732717,732717,"AT&T Services, Inc.",2022-08-30,1,0001193125-21-199754,2021-06-25,8-K,5.02,d139615d8k.htm,1,2020-08-30,2023-08-23,1
732717,732717,"AT&T Services, Inc.",2022-08-30,1,0001193125-21-100281,2021-03-30,8-K,"5.02,9.01",d167058d8k.htm,1,2020-08-30,2023-08-23,1
732717,732717,"AT&T Services, Inc.",2022-08-30,1,0001193125-21-015737,2021-01-25,8-K,"5.02,9.01",d21535d8k.htm,1,2020-08-30,2023-08-23,1
732717,732717,"AT&T Services, Inc.",2022-08-30,1,0001193125-20-296128,2020-11-17,8-K,5.02,d23235d8k.htm,1,2020-08-30,2023-08-23,1
732717,732717,"AT&T Services, Inc.",2023-03-01,1,0001193125-23-022845,2023-02-02,8-K,"5.02,5.03,9.01",d457902d8k.htm,1,2021-03-01,2023-08-28,1
732717,732717,"AT&T Services, Inc.",2023-03-01,1,0000732717-22-000091,2022-08-04,8-K/A,5.02,t-20220630.htm,1,2021-03-01,2023-08-28,1
732717,732717,"AT&T Services, Inc.",2023-03-01,1,0000732717-22-000073,2022-07-01,8-K,5.02,a8-kdial.htm,1,2021-03-01,2023-08-28,1
732717,732717,"AT&T Services, Inc.",2023-03-01,1,0001193125-22-076137,2022-03-15,8-K,"5.02,7.01,9.01",d330864d8k.htm,1,2021-03-01,2023-08-28,1
732717,732717,"AT&T Services, Inc.",2023-03-01,1,0000732717-21-000088,2021-12-06,8-K/A,5.02,t-20210625.htm,1,2021-03-01,2023-08-28,1
732717,732717,"AT&T Services, Inc.",2023-03-01,1,0001193125-21-199754,2021-06-25,8-K,5.02,d139615d8k.htm,1,2021-03-01,2023-08-28,1
732717,732717,"AT&T Services, Inc.",2023-03-01,1,0001193125-21-100281,2021-03-30,8-K,"5.02,9.01",d167058d8k.htm,1,2021-03-01,2023-08-28,1
732717,732717,AT&T Inc.,2024-03-17,1,0000732717-24-000012,2024-03-01,8-K,"5.02,9.01",t-20240301.htm,1,2022-03-18,2024-10-06,1
732717,732717,AT&T Inc.,2024-03-17,1,0001193125-23-022845,2023-02-02,8-K,"5.02,5.03,9.01",d457902d8k.htm,1,2022-03-18,2024-10-06,1
732717,732717,AT&T Inc.,2024-03-17,1,0000732717-22-000091,2022-08-04,8-K/A,5.02,t-20220630.htm,1,2022-03-18,2024-10-06,1
732717,732717,AT&T Inc.,2024-03-17,1,0000732717-22-000073,2022-07-01,8-K,5.02,a8-kdial.htm,1,2022-03-18,2024-10-06,1
732717,732717,AT&T Inc.,2024-03-26,1,0000732717-24-000012,2024-03-01,8-K,"5.02,9.01",t-20240301.htm,1,2022-03-27,2024-10-06,1
732717,732717,AT&T Inc.,2024-03-26,1,0001193125-23-022845,2023-02-02,8-K,"5.02,5.03,9.01",d457902d8k.htm,1,2022-03-27,2024-10-06,1
732717,732717,AT&T Inc.,2024-03-26,1,0000732717-22-000091,2022-08-04,8-K/A,5.02,t-20220630.htm,1,2022-03-27,2024-10-06,1
732717,732717,AT&T Inc.,2024-03-26,1,0000732717-22-000073,2022-07-01,8-K,5.02,a8-kdial.htm,1,2022-03-27,2024-10-06,1
732717,732717,AT&T Inc,2024-04-09,1,0000732717-24-000012,2024-03-01,8-K,"5.02,9.01",t-20240301.htm,1,2022-04-10,2024-10-06,1
732717,732717,AT&T Inc,2024-04-09,1,0001193125-23-022845,2023-02-02,8-K,"5.02,5.03,9.01",d457902d8k.htm,1,2022-04-10,2024-10-06,1
732717,732717,AT&T Inc,2024-04-09,1,0000732717-22-000091,2022-08-04,8-K/A,5.02,t-20220630.htm,1,2022-04-10,2024-10-06,1
732717,732717,AT&T Inc,2024-04-09,1,0000732717-22-000073,2022-07-01,8-K,5.02,a8-kdial.htm,1,2022-04-10,2024-10-06,1
732717,732717,AT&T Inc.,2024-04-14,1,0000732717-24-000012,2024-03-01,8-K,"5.02,9.01",t-20240301.htm,1,2022-04-11,2024-10-11,1
732717,732717,AT&T Inc.,2024-04-14,1,0001193125-23-022845,2023-02-02,8-K,"5.02,5.03,9.01",d457902d8k.htm,1,2022-04-11,2024-10-11,1
732717,732717,AT&T Inc.,2024-04-14,1,0000732717-22-000091,2022-08-04,8-K/A,5.02,t-20220630.htm,1,2022-04-11,2024-10-11,1
732717,732717,AT&T Inc.,2024-04-14,1,0000732717-22-000073,2022-07-01,8-K,5.02,a8-kdial.htm,1,2022-04-11,2024-10-11,1
764180,764180,"Altria Group, Inc.",2006-12-01,0,0001193125-07-019313,2007-02-02,8-K,"5.02,9.01",d8k.htm,1,2004-12-01,2007-07-09,1
764180,764180,"Altria Group, Inc.",2006-12-01,0,0001193125-05-040688,2005-03-02,8-K/A,5.02,d8ka.htm,1,2004-12-01,2007-07-09,1
764180,764180,"Altria Group, Inc.",2006-12-01,0,0001193125-05-040686,2005-03-02,8-K/A,5.02,d8ka.htm,1,2004-12-01,2007-07-09,1
764180,764180,"Altria Group, Inc.",2006-12-01,0,0000950117-04-004470,2004-12-17,8-K,"5.02,5.03,9.01",a38915.htm,1,2004-12-01,2007-07-09,1
771497,771497,ABM Industries Incorporated,2018-01-08,0,0001144204-19-016646,2019-03-28,8-K/A,5.02,tv517418_8ka.htm,1,2016-01-09,2019-09-08,1
771497,771497,ABM Industries Incorporated,2018-01-08,0,0001144204-19-016641,2019-03-28,8-K/A,5.02,tv517419_8ka.htm,1,2016-01-09,2019-09-08,1
771497,771497,ABM Industries Incorporated,2018-01-08,0,0001144204-19-001120,2019-01-08,8-K,5.02,tv510628_8k.htm,1,2016-01-09,2019-09-08,1
771497,771497,ABM Industries Incorporated,2018-01-08,0,0001144204-18-055152,2018-10-24,8-K,"5.02,9.01",tv505362_8k.htm,1,2016-01-09,2019-09-08,1
771497,771497,ABM Industries Incorporated,2018-01-08,0,0001144204-18-048330,2018-09-06,8-K,"5.02,9.01",tv502442_8k.htm,1,2016-01-09,2019-09-08,1
771497,771497,ABM Industries Incorporated,2018-01-08,0,0001571049-17-008020,2017-09-27,8-K,5.02,t1702643_8k.htm,1,2016-01-09,2019-09-08,1
771497,771497,ABM Industries Incorporated,2018-01-08,0,0001571049-17-007803,2017-09-08,8-K,"1.01,2.01,2.03,3.02,5.02,9.01",t1702518_8k.htm,1,2016-01-09,2019-09-08,1
771497,771497,ABM Industries Incorporated,2018-01-08,0,0001571049-17-005791,2017-06-07,8-K,5.02,t1704024x1_8k.htm,1,2016-01-09,2019-09-08,1
771497,771497,ABM Industries Incorporated,2018-01-08,0,0001571049-17-003091,2017-03-31,8-K,5.02,t1700928_8k.htm,1,2016-01-09,2019-09-08,1
771497,771497,ABM Industries Incorporated,2018-01-08,0,0001571049-17-002191,2017-03-09,8-K/A,"5.02,5.07",t1700685_8ka.htm,1,2016-01-09,2019-09-08,1
771497,771497,ABM Industries Incorporated,2018-01-08,0,0001571049-17-000711,2017-01-26,8-K,"5.02,5.03,9.01",t1700228_8k.htm,1,2016-01-09,2019-09-08,1
771497,771497,ABM Industries Incorporated,2018-01-08,0,0001571049-16-020727,2016-12-20,8-K,5.02,t1603127_8k.htm,1,2016-01-09,2019-09-08,1
771497,771497,ABM Industries Incorporated,2018-01-08,0,0001571049-16-015903,2016-06-10,8-K,5.02,t1601513_8k.htm,1,2016-01-09,2019-09-08,1
771497,771497,ABM Industries Incorporated,2018-01-08,0,0001571049-16-011409,2016-02-01,8-K,5.02,t1600293_8k.htm,1,2016-01-09,2019-09-08,1
773840,773840,Honeywell International Inc.,2021-02-16,0,0001193125-21-215278,2021-07-14,8-K,5.02,d153129d8k.htm,1,2019-02-17,2021-10-30,1
773840,773840,Honeywell International Inc.,2021-02-16,0,0000773840-20-000031,2020-06-11,8-K,5.02,hon-20200605.htm,1,2019-02-17,2021-10-30,1
773840,773840,Honeywell International Inc.,2021-02-16,0,0000773840-20-000011,2020-02-28,8-K,"5.02,9.01",c917648k.htm,1,2019-02-17,2021-10-30,1
773840,773840,Honeywell International Inc.,2021-02-16,0,0000773840-19-000029,2019-12-06,8-K,"5.02,9.01",c917648k.htm,1,2019-02-17,2021-10-30,1
773840,773840,Honeywell International Inc.,2021-02-16,0,0000930413-19-002693,2019-10-16,8-K,5.02,c94427_8k.htm,1,2019-02-17,2021-10-30,1
773840,773840,Honeywell International Inc.,2021-02-16,0,0000930413-19-002643,2019-10-08,8-K,"5.02,8.01,9.01",c94369_8k-ixbrl.htm,1,2019-02-17,2021-10-30,1
773840,773840,Honeywell International Inc.,2021-02-16,0,0000773840-19-000018,2019-07-26,8-K,5.02,c917648k.htm,1,2019-02-17,2021-10-30,1
773840,773840,Honeywell International Inc.,2021-02-16,0,0000930413-19-002021,2019-07-08,8-K,5.02,c93930_8k.htm,1,2019-02-17,2021-10-30,1
773840,773840,"Honeywell International, Inc.",2023-05-27,0,0000773840-24-000006,2024-02-01,8-K,"5.02,7.01,9.01",hon-20240130.htm,1,2021-05-27,2024-03-11,1
773840,773840,"Honeywell International, Inc.",2023-05-27,0,0000773840-23-000088,2023-11-28,8-K,"5.02,7.01,9.01",hon-20231128.htm,1,2021-05-27,2024-03-11,1
773840,773840,"Honeywell International, Inc.",2023-05-27,0,0000773840-23-000076,2023-10-10,8-K,"2.02,5.02,8.01,9.01",hon-20231010.htm,1,2021-05-27,2024-03-11,1
773840,773840,"Honeywell International, Inc.",2023-05-27,0,0000773840-23-000063,2023-06-15,8-K,5.02,hon-20230615.htm,1,2021-05-27,2024-03-11,1
773840,773840,"Honeywell International, Inc.",2023-05-27,0,0001193125-23-069598,2023-03-14,8-K,"5.02,7.01,8.01,9.01",d780318d8k.htm,1,2021-05-27,2024-03-11,1
773840,773840,"Honeywell International, Inc.",2023-05-27,0,0001193125-22-269566,2022-10-26,8-K,5.02,d384236d8k.htm,1,2021-05-27,2024-03-11,1
773840,773840,"Honeywell International, Inc.",2023-05-27,0,0000773840-22-000062,2022-09-30,8-K,5.02,hon-20220930.htm,1,2021-05-27,2024-03-11,1
773840,773840,"Honeywell International, Inc.",2023-05-27,0,0001193125-22-248396,2022-09-21,8-K,5.02,d357106d8k.htm,1,2021-05-27,2024-03-11,1
773840,773840,"Honeywell International, Inc.",2023-05-27,0,0000773840-22-000058,2022-09-01,8-K,"5.02,7.01",hon-20220901.htm,1,2021-05-27,2024-03-11,1
773840,773840,"Honeywell International, Inc.",2023-05-27,0,0001193125-22-204108,2022-07-28,8-K,"5.02,7.01,9.01",d376391d8k.htm,1,2021-05-27,2024-03-11,1
773840,773840,"Honeywell International, Inc.",2023-05-27,0,0001193125-22-011376,2022-01-18,8-K,"5.02,9.01",d300159d8k.htm,1,2021-05-27,2024-03-11,1
773840,773840,"Honeywell International, Inc.",2023-05-27,0,0000773840-22-000003,2022-01-05,8-K,5.02,hon-20220105.htm,1,2021-05-27,2024-03-11,1
773840,773840,"Honeywell International, Inc.",2023-05-27,0,0001193125-21-215278,2021-07-14,8-K,5.02,d153129d8k.htm,1,2021-05-27,2024-03-11,1
773840,773840,Honeywell International Inc.,2023-06-03,0,0000773840-24-000006,2024-02-01,8-K,"5.02,7.01,9.01",hon-20240130.htm,1,2021-06-03,2024-03-16,1
773840,773840,Honeywell International Inc.,2023-06-03,0,0000773840-23-000088,2023-11-28,8-K,"5.02,7.01,9.01",hon-20231128.htm,1,2021-06-03,2024-03-16,1
773840,773840,Honeywell International Inc.,2023-06-03,0,0000773840-23-000076,2023-10-10,8-K,"2.02,5.02,8.01,9.01",hon-20231010.htm,1,2021-06-03,2024-03-16,1
773840,773840,Honeywell International Inc.,2023-06-03,0,0000773840-23-000063,2023-06-15,8-K,5.02,hon-20230615.htm,1,2021-06-03,2024-03-16,1
773840,773840,Honeywell International Inc.,2023-06-03,0,0001193125-23-069598,2023-03-14,8-K,"5.02,7.01,8.01,9.01",d780318d8k.htm,1,2021-06-03,2024-03-16,1
773840,773840,Honeywell International Inc.,2023-06-03,0,0001193125-22-269566,2022-10-26,8-K,5.02,d384236d8k.htm,1,2021-06-03,2024-03-16,1
773840,773840,Honeywell International Inc.,2023-06-03,0,0000773840-22-000062,2022-09-30,8-K,5.02,hon-20220930.htm,1,2021-06-03,2024-03-16,1
773840,773840,Honeywell International Inc.,2023-06-03,0,0001193125-22-248396,2022-09-21,8-K,5.02,d357106d8k.htm,1,2021-06-03,2024-03-16,1
773840,773840,Honeywell International Inc.,2023-06-03,0,0000773840-22-000058,2022-09-01,8-K,"5.02,7.01",hon-20220901.htm,1,2021-06-03,2024-03-16,1
773840,773840,Honeywell International Inc.,2023-06-03,0,0001193125-22-204108,2022-07-28,8-K,"5.02,7.01,9.01",d376391d8k.htm,1,2021-06-03,2024-03-16,1
773840,773840,Honeywell International Inc.,2023-06-03,0,0001193125-22-011376,2022-01-18,8-K,"5.02,9.01",d300159d8k.htm,1,2021-06-03,2024-03-16,1
773840,773840,Honeywell International Inc.,2023-06-03,0,0000773840-22-000003,2022-01-05,8-K,5.02,hon-20220105.htm,1,2021-06-03,2024-03-16,1
773840,773840,Honeywell International Inc.,2023-06-03,0,0001193125-21-215278,2021-07-14,8-K,5.02,d153129d8k.htm,1,2021-06-03,2024-03-16,1
789019,789019,Microsoft Corporation,2017-07-05,0,0001193125-17-357415,2017-11-30,8-K,"5.02,5.07",d485065d8k.htm,1,2015-07-06,2018-04-15,1
789019,789019,Microsoft Corporation,2017-07-05,0,0001193125-17-288464,2017-09-19,8-K,"5.02,9.01",d447207d8k.htm,1,2015-07-06,2018-04-15,1
789019,789019,Microsoft Corporation,2017-07-05,0,0001193125-17-082168,2017-03-14,8-K,"5.02,9.01",d303439d8k.htm,1,2015-07-06,2018-04-15,1
789019,789019,Microsoft Corporation,2017-07-05,0,0001193125-16-643151,2016-07-07,8-K,5.02,d226559d8k.htm,1,2015-07-06,2018-04-15,1
789019,789019,Microsoft Corporation,2017-07-05,0,0001193125-15-318450,2015-09-11,8-K,5.02,d37036d8k.htm,1,2015-07-06,2018-04-15,1
789019,789019,Microsoft Corporation,2019-12-05,0,0001193125-20-188481,2020-07-07,8-K,5.02,d88910d8k.htm,1,2017-12-05,2020-07-20,1
789019,789019,Microsoft Corporation,2019-12-05,0,0001193125-20-184744,2020-07-01,8-K,5.02,d949734d8k.htm,1,2017-12-05,2020-07-20,1
789019,789019,Microsoft Corporation,2019-12-05,0,0001193125-20-073072,2020-03-13,8-K,"5.02,9.01",d884867d8k.htm,1,2017-12-05,2020-07-20,1
789019,789019,Microsoft Corporation,2019-12-05,0,0001193125-19-249565,2019-09-19,8-K,"5.02,9.01",d797112d8k.htm,1,2017-12-05,2020-07-20,1
789019,789019,Microsoft Corporation,2019-12-05,0,0001193125-18-277602,2018-09-19,8-K,"5.02,9.01",d602842d8k.htm,1,2017-12-05,2020-07-20,1
789019,789019,Microsoft Corporation,2022-03-01,0,0001193125-21-167940,2021-05-20,8-K,5.02,d171596d8k.htm,1,2020-03-01,2022-09-18,1
789019,789019,Microsoft Corporation,2022-03-01,0,0001193125-20-188481,2020-07-07,8-K,5.02,d88910d8k.htm,1,2020-03-01,2022-09-18,1
789019,789019,Microsoft Corporation,2022-03-01,0,0001193125-20-184744,2020-07-01,8-K,5.02,d949734d8k.htm,1,2020-03-01,2022-09-18,1
789019,789019,Microsoft Corporation,2022-03-01,0,0001193125-20-073072,2020-03-13,8-K,"5.02,9.01",d884867d8k.htm,1,2020-03-01,2022-09-18,1
789019,789019,Microsoft Corporation,2022-09-24,0,0001193125-21-167940,2021-05-20,8-K,5.02,d171596d8k.htm,1,2020-09-24,2023-04-17,1
789019,789019,"Nuance Communications, Inc.",2023-05-28,0,,,,,,0,2021-05-28,2024-03-13,1
789570,789570,MGM Resorts International,2019-07-07,0,0001193125-20-038441,2020-02-14,8-K,"5.02,9.01",d870226d8k.htm,1,2017-07-07,2020-03-02,1
789570,789570,MGM Resorts International,2019-07-07,0,0001193125-19-048428,2019-02-22,8-K,"5.02,9.01",d689692d8k.htm,1,2017-07-07,2020-03-02,1
789570,789570,MGM Resorts International,2019-07-07,0,0001193125-19-012788,2019-01-18,8-K,"5.02,9.01",d685192d8k.htm,1,2017-07-07,2020-03-02,1
789570,789570,MGM Resorts International,2019-07-07,0,0001193125-18-297663,2018-10-11,8-K,"5.02,9.01",d633159d8k.htm,1,2017-07-07,2020-03-02,1
789570,789570,MGM Resorts International,2019-07-07,0,0001193125-18-255165,2018-08-22,8-K,"5.02,9.01",d610341d8k.htm,1,2017-07-07,2020-03-02,1
789570,789570,MGM Resorts International,2019-07-07,0,0001193125-18-084015,2018-03-15,8-K,"5.02,9.01",d551820d8k.htm,1,2017-07-07,2020-03-02,1
789570,789570,MGM Resorts International,2023-09-08,0,0001193125-23-056496,2023-03-01,8-K,"5.02,9.01",d465171d8k.htm,1,2021-09-08,2024-04-02,1
789570,789570,MGM Resorts International,2023-09-08,0,0001193125-22-226494,2022-08-22,8-K,"5.02,9.01",d337126d8k.htm,1,2021-09-08,2024-04-02,1
789570,789570,MGM Resorts International,2023-09-08,0,0000789570-22-000020,2022-06-24,8-K,"1.01,5.02,9.01",mgm-20220620.htm,1,2021-09-08,2024-04-02,1
789570,789570,MGM Resorts International,2023-09-08,0,0001193125-22-145101,2022-05-09,8-K,"5.02,5.07,9.01",d276126d8k.htm,1,2021-09-08,2024-04-02,1
789570,789570,MGM Resorts International,2023-09-08,0,0001193125-21-370665,2021-12-30,8-K,5.02,d285126d8k.htm,1,2021-09-08,2024-04-02,1
790070,790070,EMC Corporation,2014-01-07,0,0000790070-14-000025,2014-02-07,8-K,5.02,a8-kforfebruary2014.htm,1,2012-01-08,2014-08-30,1
790070,790070,EMC Corporation,2014-01-07,0,0000790070-13-000067,2013-07-02,8-K,"5.02,9.01",a8-kforjuly2013.htm,1,2012-01-08,2014-08-30,1
790070,790070,EMC Corporation,2014-01-07,0,0000790070-12-000136,2012-09-06,8-K,"5.02,9.01",a8-kforsept2012.htm,1,2012-01-08,2014-08-30,1
790070,790070,EMC Corporation,2014-01-07,0,0000790070-12-000102,2012-08-07,8-K,"5.02,9.01",a8-kfor82012.htm,1,2012-01-08,2014-08-30,1
790070,790070,EMC Corporation,2014-01-07,0,0001193125-12-305335,2012-07-18,8-K,"2.02,5.02,9.01",d381923d8k.htm,1,2012-01-08,2014-08-30,1
790070,790070,EMC Corporation,2014-01-07,0,0001193125-12-021198,2012-01-24,8-K,"5.02,9.01",d289231d8k.htm,1,2012-01-08,2014-08-30,1
796343,796343,Adobe Systems Incorporated,2013-09-11,0,0000796343-14-000007,2014-01-29,8-K,"5.02,9.01",a8-kxitem502xjanuary2014.htm,1,2011-09-12,2014-04-01,1
796343,796343,Adobe Systems Incorporated,2013-09-11,0,0000796343-13-000036,2013-04-12,8-K,"5.02,5.07,9.01",a8-kannualmeetingresults.htm,1,2011-09-12,2014-04-01,1
796343,796343,Adobe Systems Incorporated,2013-09-11,0,0000796343-13-000030,2013-03-19,8-K,"2.02,5.02,9.01",adbe8kq113.htm,1,2011-09-12,2014-04-01,1
796343,796343,Adobe Systems Incorporated,2013-09-11,0,0000796343-13-000017,2013-01-28,8-K,"5.02,9.01",a8-kxitem502xjanuary2013.htm,1,2011-09-12,2014-04-01,1
796343,796343,Adobe Systems Incorporated,2013-09-11,0,0001104659-12-082162,2012-12-05,8-K,"5.02,9.01",a12-28685_18k.htm,1,2011-09-12,2014-04-01,1
796343,796343,Adobe Systems Incorporated,2013-09-11,0,0001104659-12-047044,2012-06-29,8-K/A,5.02,a12-15738_18ka.htm,1,2011-09-12,2014-04-01,1
796343,796343,Adobe Systems Incorporated,2013-09-11,0,0001104659-12-036984,2012-05-14,8-K,"5.02,9.01",a12-12167_18k.htm,1,2011-09-12,2014-04-01,1
796343,796343,Adobe Systems Incorporated,2013-09-11,0,0001104659-12-025271,2012-04-13,8-K,"5.02,5.07,8.01,9.01",a12-9614_18k.htm,1,2011-09-12,2014-04-01,1
796343,796343,Adobe Systems Incorporated,2013-09-11,0,0001104659-12-004271,2012-01-26,8-K,"5.02,9.01",a12-3470_18k.htm,1,2011-09-12,2014-04-01,1
796343,796343,Adobe Systems Incorporated,2013-09-11,0,0001104659-11-069679,2011-12-15,8-K,"2.02,5.02,9.01",a11-31720_18k.htm,1,2011-09-12,2014-04-01,1
796343,796343,Adobe Systems Incorporated,2013-09-17,0,0000796343-14-000007,2014-01-29,8-K,"5.02,9.01",a8-kxitem502xjanuary2014.htm,1,2011-09-18,2014-03-31,1
796343,796343,Adobe Systems Incorporated,2013-09-17,0,0000796343-13-000036,2013-04-12,8-K,"5.02,5.07,9.01",a8-kannualmeetingresults.htm,1,2011-09-18,2014-03-31,1
796343,796343,Adobe Systems Incorporated,2013-09-17,0,0000796343-13-000030,2013-03-19,8-K,"2.02,5.02,9.01",adbe8kq113.htm,1,2011-09-18,2014-03-31,1
796343,796343,Adobe Systems Incorporated,2013-09-17,0,0000796343-13-000017,2013-01-28,8-K,"5.02,9.01",a8-kxitem502xjanuary2013.htm,1,2011-09-18,2014-03-31,1
796343,796343,Adobe Systems Incorporated,2013-09-17,0,0001104659-12-082162,2012-12-05,8-K,"5.02,9.01",a12-28685_18k.htm,1,2011-09-18,2014-03-31,1
796343,796343,Adobe Systems Incorporated,2013-09-17,0,0001104659-12-047044,2012-06-29,8-K/A,5.02,a12-15738_18ka.htm,1,2011-09-18,2014-03-31,1
796343,796343,Adobe Systems Incorporated,2013-09-17,0,0001104659-12-036984,2012-05-14,8-K,"5.02,9.01",a12-12167_18k.htm,1,2011-09-18,2014-03-31,1
796343,796343,Adobe Systems Incorporated,2013-09-17,0,0001104659-12-025271,2012-04-13,8-K,"5.02,5.07,8.01,9.01",a12-9614_18k.htm,1,2011-09-18,2014-03-31,1
796343,796343,Adobe Systems Incorporated,2013-09-17,0,0001104659-12-004271,2012-01-26,8-K,"5.02,9.01",a12-3470_18k.htm,1,2011-09-18,2014-03-31,1
796343,796343,Adobe Systems Incorporated,2013-09-17,0,0001104659-11-069679,2011-12-15,8-K,"2.02,5.02,9.01",a11-31720_18k.htm,1,2011-09-18,2014-03-31,1
796343,796343,Adobe Systems Incorporated,2019-10-19,0,0000796343-20-000085,2020-04-10,8-K,"5.02,5.07",adbe8-k041020.htm,1,2017-10-19,2020-04-16,1
796343,796343,Adobe Systems Incorporated,2019-10-19,0,0000796343-20-000040,2020-01-30,8-K,"5.02,9.01",adbe8-k13020.htm,1,2017-10-19,2020-04-16,1
796343,796343,Adobe Systems Incorporated,2019-10-19,0,0000796343-19-000091,2019-04-12,8-K,"5.02,5.07,9.01",adbe8-k20190412.htm,1,2017-10-19,2020-04-16,1
796343,796343,Adobe Systems Incorporated,2019-10-19,0,0000796343-19-000024,2019-01-28,8-K,"5.02,9.01",adbe8-k20190128.htm,1,2017-10-19,2020-04-16,1
796343,796343,Adobe Systems Incorporated,2019-10-19,0,0000796343-19-000008,2019-01-24,8-K,"5.02,9.01",adbe8-k1222019xdirectors.htm,1,2017-10-19,2020-04-16,1
796343,796343,Adobe Systems Incorporated,2019-10-19,0,0000796343-18-000179,2018-11-19,8-K,5.02,adbe8-k11192018xcao.htm,1,2017-10-19,2020-04-16,1
796343,796343,Adobe Systems Incorporated,2019-10-19,0,0000796343-18-000088,2018-04-13,8-K,"5.02,5.07,9.01",a8-k20180413.htm,1,2017-10-19,2020-04-16,1
796343,796343,Adobe Systems Incorporated,2019-10-19,0,0000796343-18-000072,2018-04-05,8-K,"5.02,9.01",a8-k20180405.htm,1,2017-10-19,2020-04-16,1
796343,796343,Adobe Systems Incorporated,2019-10-19,0,0000796343-18-000039,2018-01-26,8-K,"5.02,9.01",adbe8-k20180126.htm,1,2017-10-19,2020-04-16,1
796343,796343,Adobe Systems Incorporated,2019-10-19,0,0000796343-17-000188,2017-12-14,8-K,"2.02,5.02,9.01",adbe8kfy17.htm,1,2017-10-19,2020-04-16,1
798354,798354,"Fiserv, Inc.",2008-12-02,0,0001193125-08-259651,2008-12-23,8-K,"5.02,9.01",d8k.htm,1,2006-12-03,2009-06-10,1
798354,798354,"Fiserv, Inc.",2008-12-02,0,0001193125-08-242170,2008-11-24,8-K,5.02,d8k.htm,1,2006-12-03,2009-06-10,1
798354,798354,"Fiserv, Inc.",2008-12-02,0,0001193125-08-046505,2008-03-04,8-K,5.02,d8k.htm,1,2006-12-03,2009-06-10,1
798354,798354,"Fiserv, Inc.",2008-12-02,0,0001193125-08-009621,2008-01-22,8-K,"5.02,9.01",d8k.htm,1,2006-12-03,2009-06-10,1
798354,798354,"Fiserv, Inc.",2008-12-02,0,0001193125-07-261412,2007-12-07,8-K,"2.01,5.02,7.01,9.01",d8k.htm,1,2006-12-03,2009-06-10,1
798354,798354,"Fiserv, Inc.",2008-12-02,0,0001193125-07-254937,2007-11-28,8-K/A,5.02,d8ka.htm,1,2006-12-03,2009-06-10,1
798354,798354,"Fiserv, Inc.",2008-12-02,0,0001193125-07-188641,2007-08-24,8-K,"5.02,9.01",d8k.htm,1,2006-12-03,2009-06-10,1
798354,798354,"Fiserv, Inc.",2008-12-02,0,0001193125-07-156539,2007-07-17,8-K,5.02,d8k.htm,1,2006-12-03,2009-06-10,1
798354,798354,"Fiserv, Inc.",2008-12-02,0,0001193125-07-121330,2007-05-23,8-K,"5.02,5.03,9.01",d8k.htm,1,2006-12-03,2009-06-10,1
798354,798354,"Fiserv, Inc.",2008-12-02,0,0001193125-07-042701,2007-02-28,8-K,5.02,d8k.htm,1,2006-12-03,2009-06-10,1
798354,798354,Fiserv,2021-09-25,0,0001193125-22-050253,2022-02-23,8-K,"1.01,5.02,5.03,7.01,9.01",d270501d8k.htm,1,2019-09-26,2022-03-24,1
798354,798354,Fiserv,2021-09-25,0,0001193125-21-329664,2021-11-15,8-K,5.02,d596785d8k.htm,1,2019-09-26,2022-03-24,1
798354,798354,Fiserv,2021-09-25,0,0001193125-21-244723,2021-08-12,8-K,"5.02,9.01",d115852d8k.htm,1,2019-09-26,2022-03-24,1
798354,798354,Fiserv,2021-09-25,0,0001193125-21-202190,2021-06-28,8-K,5.02,d352882d8k.htm,1,2019-09-26,2022-03-24,1
798354,798354,Fiserv,2021-09-25,0,0001193125-21-190089,2021-06-14,8-K,5.02,d502599d8k.htm,1,2019-09-26,2022-03-24,1
798354,798354,Fiserv,2021-09-25,0,0001193125-20-301277,2020-11-23,8-K/A,5.02,d41801d8ka.htm,1,2019-09-26,2022-03-24,1
798354,798354,Fiserv,2021-09-25,0,0001193125-20-283929,2020-11-02,8-K,"5.02,5.03,9.01",d92758d8k.htm,1,2019-09-26,2022-03-24,1
798354,798354,Fiserv,2021-09-25,0,0001193125-20-103974,2020-04-10,8-K,"5.02,8.01,9.01",d889670d8k.htm,1,2019-09-26,2022-03-24,1
798354,798354,Fiserv,2023-12-06,0,0001193125-24-066902,2024-03-13,8-K,5.02,d793857d8k.htm,1,2021-12-06,2024-06-03,1
798354,798354,Fiserv,2023-12-06,0,0001193125-24-041537,2024-02-21,8-K/A,5.02,d786177d8ka.htm,1,2021-12-06,2024-06-03,1
798354,798354,Fiserv,2023-12-06,0,0001193125-24-041532,2024-02-21,8-K,5.02,d781218d8k.htm,1,2021-12-06,2024-06-03,1
798354,798354,Fiserv,2023-12-06,0,0001193125-23-289928,2023-12-06,8-K,5.02,d625221d8k.htm,1,2021-12-06,2024-06-03,1
798354,798354,Fiserv,2023-12-06,0,0001193125-23-200634,2023-08-01,8-K,5.02,d494907d8k.htm,1,2021-12-06,2024-06-03,1
798354,798354,Fiserv,2023-12-06,0,0001193125-22-310467,2022-12-22,8-K,"5.02,9.01",d421577d8k.htm,1,2021-12-06,2024-06-03,1
798354,798354,Fiserv,2023-12-06,0,0001193125-22-290040,2022-11-21,8-K,"5.02,5.03,9.01",d606620d8k.htm,1,2021-12-06,2024-06-03,1
798354,798354,Fiserv,2023-12-06,0,0001193125-22-156174,2022-05-20,8-K/A,5.02,d354609d8ka.htm,1,2021-12-06,2024-06-03,1
798354,798354,Fiserv,2023-12-06,0,0001193125-22-050253,2022-02-23,8-K,"1.01,5.02,5.03,7.01,9.01",d270501d8k.htm,1,2021-12-06,2024-06-03,1
813828,2041610,Paramount,2023-01-01,0,0000813828-23-000036,2023-11-17,8-K,"5.02,9.01",para-20231116.htm,1,2021-01-01,2024-03-09,1
813828,2041610,Paramount,2023-01-01,0,0000813828-23-000021,2023-06-30,8-K,5.02,para-20230628.htm,1,2021-01-01,2024-03-09,1
813828,2041610,Paramount,2023-01-01,0,0000813828-22-000018,2022-04-15,8-K,5.02,viac-20220412.htm,1,2021-01-01,2024-03-09,1
813828,2041610,Paramount,2023-01-01,0,0000813828-22-000013,2022-03-11,8-K,5.02,viac-20220311.htm,1,2021-01-01,2024-03-09,1
813828,2041610,Paramount,2023-01-01,0,0000813828-21-000015,2021-05-28,8-K,"5.02,5.07",viac-20210528.htm,1,2021-01-01,2024-03-09,1
813828,2041610,Paramount Global,2023-08-10,0,0000813828-23-000036,2023-11-17,8-K,"5.02,9.01",para-20231116.htm,1,2021-08-10,2024-02-06,1
813828,2041610,Paramount Global,2023-08-10,0,0000813828-23-000021,2023-06-30,8-K,5.02,para-20230628.htm,1,2021-08-10,2024-02-06,1
813828,2041610,Paramount Global,2023-08-10,0,0000813828-22-000018,2022-04-15,8-K,5.02,viac-20220412.htm,1,2021-08-10,2024-02-06,1
813828,2041610,Paramount Global,2023-08-10,0,0000813828-22-000013,2022-03-11,8-K,5.02,viac-20220311.htm,1,2021-08-10,2024-02-06,1
815097,815097,Carnival Corporation,2020-12-25,0,0000815097-22-000047,2022-06-24,8-K,5.02,ccl-20220623.htm,1,2018-12-26,2022-07-30,1
815097,815097,Carnival Corporation,2020-12-25,0,0001104659-22-061290,2022-05-16,8-K,5.02,tm2215651d1_8k.htm,1,2018-12-26,2022-07-30,1
815097,815097,Carnival Corporation,2020-12-25,0,0001104659-22-051225,2022-04-27,8-K,"5.02,9.01",tm2213670d1_8k.htm,1,2018-12-26,2022-07-30,1
815097,815097,Carnival Corporation,2020-12-25,0,0000815097-21-000033,2021-03-03,8-K,5.02,ccl-20210301.htm,1,2018-12-26,2022-07-30,1
815097,815097,Carnival Corporation,2020-12-25,0,0000815097-20-000111,2020-12-04,8-K,5.02,ccl-20201130.htm,1,2018-12-26,2022-07-30,1
815097,815097,Carnival Corporation,2020-12-25,0,0000815097-20-000033,2020-04-21,8-K,"5.02,9.01",usrelease-bodupdate.htm,1,2018-12-26,2022-07-30,1
815097,815097,Carnival Corporation,2020-12-25,0,0001193125-19-010578,2019-01-16,8-K,"5.02,9.01",d691897d8k.htm,1,2018-12-26,2022-07-30,1
815097,815097,Carnival Corporation,2021-03-19,0,0000815097-21-000033,2021-03-03,8-K,5.02,ccl-20210301.htm,1,2019-03-20,2021-11-21,1
815097,815097,Carnival Corporation,2021-03-19,0,0000815097-20-000111,2020-12-04,8-K,5.02,ccl-20201130.htm,1,2019-03-20,2021-11-21,1
815097,815097,Carnival Corporation,2021-03-19,0,0000815097-20-000033,2020-04-21,8-K,"5.02,9.01",usrelease-bodupdate.htm,1,2019-03-20,2021-11-21,1
823768,823768,"USA Waste-Management Resources, LLC",2021-01-21,0,0001104659-21-036763,2021-03-16,8-K,"5.02,9.01",tm219849d1_8k.htm,1,2019-01-22,2021-11-24,1
823768,823768,"USA Waste-Management Resources, LLC",2021-01-21,0,0001104659-21-029723,2021-03-01,8-K,"5.02,9.01",tm216945d2_8k.htm,1,2019-01-22,2021-11-24,1
823768,823768,"USA Waste-Management Resources, LLC",2021-01-21,0,0001104659-20-042259,2020-04-02,8-K/A,"5.02,9.01",tm2014773-1_8k.htm,1,2019-01-22,2021-11-24,1
823768,823768,"USA Waste-Management Resources, LLC",2021-01-21,0,0001104659-20-024590,2020-02-25,8-K,"5.02,9.01",tm207498-2_8k.htm,1,2019-01-22,2021-11-24,1
823768,823768,"USA Waste-Management Resources, LLC",2021-01-21,0,0001410578-19-000883,2019-08-22,8-K,"5.02,9.01",tv528069_8k.htm,1,2019-01-22,2021-11-24,1
823768,823768,"USA Waste-Management Resources, LLC",2021-01-21,0,0001104659-19-010295,2019-02-25,8-K,"5.02,9.01",a19-5282_18k.htm,1,2019-01-22,2021-11-24,1
831259,831259,Freeport-McMoRan Inc.,2023-08-08,0,0000831259-24-000005,2024-02-09,8-K,"5.02,9.01",fcx-20240206.htm,1,2021-08-08,2024-03-06,1
831259,831259,Freeport-McMoRan Inc.,2023-08-08,0,0000831259-23-000007,2023-02-08,8-K,"5.02,9.01",fcx-20230207.htm,1,2021-08-08,2024-03-06,1
831259,831259,Freeport-McMoRan Inc.,2023-08-08,0,0000831259-22-000015,2022-03-09,8-K,5.02,fcx-20220309.htm,1,2021-08-08,2024-03-06,1
831259,831259,Freeport-McMoRan Inc.,2023-08-08,0,0000831259-22-000006,2022-02-08,8-K/A,"5.02,8.01",fcx-20211209.htm,1,2021-08-08,2024-03-06,1
831259,831259,Freeport-McMoRan Inc.,2023-08-08,0,0000831259-21-000040,2021-12-10,8-K,"5.02,9.01",fcx-20211209.htm,1,2021-08-08,2024-03-06,1
831259,831259,Freeport-McMoRan Inc.,2023-08-08,0,0000831259-21-000035,2021-11-04,8-K/A,"5.02,8.01",fcx-20210802.htm,1,2021-08-08,2024-03-06,1
858877,858877,"Cisco Systems, Inc.",2012-03-26,0,0001193125-12-415386,2012-10-04,8-K,"5.02,5.03,9.01",d420303d8k.htm,1,2010-03-27,2012-10-06,1
858877,858877,"Cisco Systems, Inc.",2012-03-26,0,0001193125-12-396875,2012-09-19,8-K,"5.02,8.01",d413605d8k.htm,1,2010-03-27,2012-10-06,1
858877,858877,"Cisco Systems, Inc.",2012-03-26,0,0001193125-12-332045,2012-08-02,8-K,5.02,d389962d8k.htm,1,2010-03-27,2012-10-06,1
858877,858877,"Cisco Systems, Inc.",2012-03-26,0,0001193125-11-335127,2011-12-08,8-K,"5.02,5.07,9.01",d266515d8k.htm,1,2010-03-27,2012-10-06,1
858877,858877,"Cisco Systems, Inc.",2012-03-26,0,0001193125-11-252379,2011-09-20,8-K,"5.02,9.01",d233696d8k.htm,1,2010-03-27,2012-10-06,1
858877,858877,"Cisco Systems, Inc.",2012-03-26,0,0001193125-11-073802,2011-03-22,8-K/A,5.02,d8ka.htm,1,2010-03-27,2012-10-06,1
858877,858877,"Cisco Systems, Inc.",2012-03-26,0,0001193125-11-067985,2011-03-16,8-K,"1.01,5.02,8.01,9.01",d8k.htm,1,2010-03-27,2012-10-06,1
858877,858877,"Cisco Systems, Inc.",2012-03-26,0,0001193125-11-043592,2011-02-23,8-K,5.02,d8k.htm,1,2010-03-27,2012-10-06,1
858877,858877,"Cisco Systems, Inc.",2012-04-13,0,0001193125-12-415386,2012-10-04,8-K,"5.02,5.03,9.01",d420303d8k.htm,1,2010-04-14,2012-10-10,1
858877,858877,"Cisco Systems, Inc.",2012-04-13,0,0001193125-12-396875,2012-09-19,8-K,"5.02,8.01",d413605d8k.htm,1,2010-04-14,2012-10-10,1
858877,858877,"Cisco Systems, Inc.",2012-04-13,0,0001193125-12-332045,2012-08-02,8-K,5.02,d389962d8k.htm,1,2010-04-14,2012-10-10,1
858877,858877,"Cisco Systems, Inc.",2012-04-13,0,0001193125-11-335127,2011-12-08,8-K,"5.02,5.07,9.01",d266515d8k.htm,1,2010-04-14,2012-10-10,1
858877,858877,"Cisco Systems, Inc.",2012-04-13,0,0001193125-11-252379,2011-09-20,8-K,"5.02,9.01",d233696d8k.htm,1,2010-04-14,2012-10-10,1
858877,858877,"Cisco Systems, Inc.",2012-04-13,0,0001193125-11-073802,2011-03-22,8-K/A,5.02,d8ka.htm,1,2010-04-14,2012-10-10,1
858877,858877,"Cisco Systems, Inc.",2012-04-13,0,0001193125-11-067985,2011-03-16,8-K,"1.01,5.02,8.01,9.01",d8k.htm,1,2010-04-14,2012-10-10,1
858877,858877,"Cisco Systems, Inc.",2012-04-13,0,0001193125-11-043592,2011-02-23,8-K,5.02,d8k.htm,1,2010-04-14,2012-10-10,1
860731,860731,"Tyler Technologies, Inc.",2020-09-21,0,,,,,,0,2018-09-22,2021-07-17,1
872589,872589,"Regeneron Pharmaceuticals, Inc.",2010-06-18,0,0001206774-10-002373,2010-11-15,8-K,"5.02,9.01",regeneron_8k.htm,1,2008-06-18,2011-01-22,1
872589,872589,"Regeneron Pharmaceuticals, Inc.",2010-06-18,0,0000950123-08-015831,2008-11-20,8-K,5.02,y72730e8vk.htm,1,2008-06-18,2011-01-22,1
877890,877890,Citrix Systems Inc.,2013-04-26,0,0001193125-13-401148,2013-10-16,8-K,"5.02,9.01",d613499d8k.htm,1,2011-04-27,2013-12-15,1
877890,877890,Citrix Systems Inc.,2013-04-26,0,0001193125-13-239426,2013-05-29,8-K,"5.02,5.03,5.07,9.01",d544715d8k.htm,1,2011-04-27,2013-12-15,1
877890,877890,Citrix Systems Inc.,2013-04-26,0,0001157523-13-002588,2013-05-10,8-K,"5.02,9.01",a50629668.htm,1,2011-04-27,2013-12-15,1
877890,877890,Citrix Systems Inc.,2013-04-26,0,0001193125-12-391734,2012-09-14,8-K,5.02,d411392d8k.htm,1,2011-04-27,2013-12-15,1
877890,877890,Citrix Systems Inc.,2013-04-26,0,0001193125-12-253772,2012-05-31,8-K,"5.02,5.07,9.01",d361291d8k.htm,1,2011-04-27,2013-12-15,1
877890,877890,Citrix Systems Inc.,2013-04-26,0,0001193125-11-157124,2011-06-02,8-K,"5.02,5.07,9.01",d8k.htm,1,2011-04-27,2013-12-15,1
877890,877890,Citrix Systems,2016-11-15,0,0001193125-17-031807,2017-02-06,8-K,"2.01,5.02,7.01,9.01",d261814d8k.htm,1,2014-11-16,2017-06-04,1
877890,877890,Citrix Systems,2016-11-15,0,0001193125-17-013672,2017-01-20,8-K,"5.02,9.01",d290685d8k.htm,1,2014-11-16,2017-06-04,1
877890,877890,Citrix Systems,2016-11-15,0,0001193125-17-004612,2017-01-06,8-K,"5.02,8.01,9.01",d324996d8k.htm,1,2014-11-16,2017-06-04,1
877890,877890,Citrix Systems,2016-11-15,0,0001157523-16-005150,2016-04-20,8-K,"2.02,5.02,9.01",a51324757.htm,1,2014-11-16,2017-06-04,1
877890,877890,Citrix Systems,2016-11-15,0,0001193125-16-527884,2016-04-01,8-K,5.02,d172629d8k.htm,1,2014-11-16,2017-06-04,1
877890,877890,Citrix Systems,2016-11-15,0,0001193125-16-433579,2016-01-20,8-K,"5.02,9.01",d81279d8k.htm,1,2014-11-16,2017-06-04,1
877890,877890,Citrix Systems,2016-11-15,0,0001157523-15-004123,2015-12-29,8-K,"5.02,9.01",a51250511.htm,1,2014-11-16,2017-06-04,1
877890,877890,Citrix Systems,2016-11-15,0,0001193125-15-360559,2015-10-30,8-K,5.02,d42301d8k.htm,1,2014-11-16,2017-06-04,1
877890,877890,Citrix Systems,2016-11-15,0,0001193125-15-353421,2015-10-26,8-K,"5.02,9.01",d33904d8k.htm,1,2014-11-16,2017-06-04,1
877890,877890,Citrix Systems,2016-11-15,0,0001157523-15-003366,2015-10-21,8-K,"2.02,5.02,9.01",a51206658.htm,1,2014-11-16,2017-06-04,1
877890,877890,Citrix Systems,2016-11-15,0,0001193125-15-345782,2015-10-16,8-K,"5.02,9.01",d49249d8k.htm,1,2014-11-16,2017-06-04,1
877890,877890,Citrix Systems,2016-11-15,0,0001193125-15-335884,2015-10-02,8-K,5.02,d96454d8k.htm,1,2014-11-16,2017-06-04,1
877890,877890,Citrix Systems,2016-11-15,0,0001193125-15-266066,2015-07-28,8-K,"1.01,2.02,5.02,9.01",d154508d8k.htm,1,2014-11-16,2017-06-04,1
877890,877890,Citrix Systems,2016-11-15,0,0001193125-15-065855,2015-02-26,8-K,5.02,d881596d8k.htm,1,2014-11-16,2017-06-04,1
877890,877890,Citrix Systems,2016-11-15,0,0001193125-15-048421,2015-02-13,8-K,5.02,d874015d8k.htm,1,2014-11-16,2017-06-04,1
877890,877890,Citrix Systems,2016-11-15,0,0001193125-15-008524,2015-01-13,8-K,"5.02,7.01,9.01",d850948d8k.htm,1,2014-11-16,2017-06-04,1
877890,877890,Citrix Systems,2016-11-15,0,0001157523-14-004783,2014-12-11,8-K,"5.02,7.01,9.01",a51000556.htm,1,2014-11-16,2017-06-04,1
877890,877890,"Citrix Systems, Inc.",2018-10-13,0,0001193125-19-250705,2019-09-20,8-K/A,5.02,d803650d8ka.htm,1,2016-10-13,2019-10-26,1
877890,877890,"Citrix Systems, Inc.",2018-10-13,0,0001193125-19-224094,2019-08-19,8-K,"5.02,7.01,9.01",d759140d8k.htm,1,2016-10-13,2019-10-26,1
877890,877890,"Citrix Systems, Inc.",2018-10-13,0,0001193125-19-201216,2019-07-24,8-K,"2.02,5.02,8.01,9.01",d772801d8k.htm,1,2016-10-13,2019-10-26,1
877890,877890,"Citrix Systems, Inc.",2018-10-13,0,0001193125-19-167172,2019-06-06,8-K,"5.02,5.07,9.01",d758546d8k.htm,1,2016-10-13,2019-10-26,1
877890,877890,"Citrix Systems, Inc.",2018-10-13,0,0001157523-19-000883,2019-04-24,8-K,"2.02,5.02,8.01,9.01",a51974231.htm,1,2016-10-13,2019-10-26,1
877890,877890,"Citrix Systems, Inc.",2018-10-13,0,0001193125-18-346960,2018-12-11,8-K,"5.02,9.01",d668949d8k.htm,1,2016-10-13,2019-10-26,1
877890,877890,"Citrix Systems, Inc.",2018-10-13,0,0001193125-18-188778,2018-06-11,8-K,"5.02,5.07,9.01",d603268d8k.htm,1,2016-10-13,2019-10-26,1
877890,877890,"Citrix Systems, Inc.",2018-10-13,0,0001193125-18-121052,2018-04-18,8-K,5.02,d570758d8k.htm,1,2016-10-13,2019-10-26,1
877890,877890,"Citrix Systems, Inc.",2018-10-13,0,0001193125-18-032239,2018-02-05,8-K,"5.02,7.01,9.01",d444495d8k.htm,1,2016-10-13,2019-10-26,1
877890,877890,"Citrix Systems, Inc.",2018-10-13,0,0001193125-17-290475,2017-09-21,8-K,"5.02,7.01,9.01",d456834d8k.htm,1,2016-10-13,2019-10-26,1
877890,877890,"Citrix Systems, Inc.",2018-10-13,0,0001193125-17-289405,2017-09-20,8-K,"5.02,9.01",d457482d8k.htm,1,2016-10-13,2019-10-26,1
877890,877890,"Citrix Systems, Inc.",2018-10-13,0,0001193125-17-225256,2017-07-10,8-K,"2.02,5.02,9.01",d421356d8k.htm,1,2016-10-13,2019-10-26,1
877890,877890,"Citrix Systems, Inc.",2018-10-13,0,0001193125-17-214883,2017-06-27,8-K,"5.02,5.07,9.01",d419173d8k.htm,1,2016-10-13,2019-10-26,1
877890,877890,"Citrix Systems, Inc.",2018-10-13,0,0001193125-17-031807,2017-02-06,8-K,"2.01,5.02,7.01,9.01",d261814d8k.htm,1,2016-10-13,2019-10-26,1
877890,877890,"Citrix Systems, Inc.",2018-10-13,0,0001193125-17-013672,2017-01-20,8-K,"5.02,9.01",d290685d8k.htm,1,2016-10-13,2019-10-26,1
877890,877890,"Citrix Systems, Inc.",2018-10-13,0,0001193125-17-004612,2017-01-06,8-K,"5.02,8.01,9.01",d324996d8k.htm,1,2016-10-13,2019-10-26,1
892553,892553,"Chart Industries, Inc.",2009-07-23,0,0001193125-09-115885,2009-05-20,8-K,"5.02,8.01,9.01",d8k.htm,1,2007-07-24,2010-02-06,1
892553,892553,"Chart Industries, Inc.",2009-07-23,0,0000950152-08-001622,2008-03-03,8-K,"1.01,5.02,7.01,9.01",l30421ae8vk.htm,1,2007-07-24,2010-02-06,1
892553,892553,"Chart Industries, Inc.",2009-07-23,0,0000950152-07-006507,2007-08-07,8-K,"5.02,5.03,8.01,9.01",l27383ae8vk.htm,1,2007-07-24,2010-02-06,1
892553,892553,"Chart Industries, Inc.",2009-07-23,0,0000950152-07-006436,2007-08-06,8-K/A,5.02,l27402ae8vkza.htm,1,2007-07-24,2010-02-06,1
896878,896878,"Intuit, Inc.",2008-05-26,0,0000950134-08-022449,2008-12-19,8-K,"5.02,8.01,9.01",f50905e8vk.htm,1,2006-05-27,2009-03-04,1
896878,896878,"Intuit, Inc.",2008-05-26,0,0000950134-08-021520,2008-12-02,8-K,"5.02,9.01",f50751e8vk.htm,1,2006-05-27,2009-03-04,1
896878,896878,"Intuit, Inc.",2008-05-26,0,0000950134-08-018583,2008-10-28,8-K,5.02,f50264e8vk.htm,1,2006-05-27,2009-03-04,1
896878,896878,"Intuit, Inc.",2008-05-26,0,0000950134-08-013312,2008-07-25,8-K,"5.02,9.01",f42434e8vk.htm,1,2006-05-27,2009-03-04,1
896878,896878,"Intuit, Inc.",2008-05-26,0,0000950134-08-001977,2008-02-08,8-K,"5.02,9.01",f37812e8vk.htm,1,2006-05-27,2009-03-04,1
896878,896878,"Intuit, Inc.",2008-05-26,0,0000950134-07-025545,2007-12-17,8-K,"5.02,9.01",f36499e8vk.htm,1,2006-05-27,2009-03-04,1
896878,896878,"Intuit, Inc.",2008-05-26,0,0000950134-07-023354,2007-11-08,8-K,"5.02,9.01",f35310e8vk.htm,1,2006-05-27,2009-03-04,1
896878,896878,"Intuit, Inc.",2008-05-26,0,0000950134-07-022010,2007-10-26,8-K,5.02,f34854e8vk.htm,1,2006-05-27,2009-03-04,1
896878,896878,"Intuit, Inc.",2008-05-26,0,0000950134-07-020924,2007-10-05,8-K,"5.02,9.01",f34301e8vk.htm,1,2006-05-27,2009-03-04,1
896878,896878,"Intuit, Inc.",2008-05-26,0,0000891618-07-000516,2007-08-22,8-K,"2.02,5.02,9.01",f33043e8vk.htm,1,2006-05-27,2009-03-04,1
896878,896878,"Intuit, Inc.",2008-05-26,0,0000950134-07-016170,2007-07-30,8-K,"5.02,9.01",f32322e8vk.htm,1,2006-05-27,2009-03-04,1
896878,896878,"Intuit, Inc.",2008-05-26,0,0000950134-07-013435,2007-06-14,8-K,"5.02,9.01",f31168e8vk.htm,1,2006-05-27,2009-03-04,1
896878,896878,"Intuit, Inc.",2008-05-26,0,0000950134-07-013237,2007-06-11,8-K,"5.02,9.01",f31085e8vk.htm,1,2006-05-27,2009-03-04,1
896878,896878,"Intuit, Inc.",2008-05-26,0,0000950134-07-004389,2007-02-28,8-K,"5.02,9.01",f27833e8vk.htm,1,2006-05-27,2009-03-04,1
896878,896878,"Intuit, Inc.",2008-05-26,0,0000950134-06-019813,2006-10-27,8-K,"1.01,5.02",f24517e8vk.htm,1,2006-05-27,2009-03-04,1
896878,896878,"Intuit, Inc.",2008-05-26,0,0000950134-06-016417,2006-08-17,8-K,"5.02,9.01",f23154e8vk.htm,1,2006-05-27,2009-03-04,1
896878,896878,Intuit,2008-09-24,0,0000950134-08-022449,2008-12-19,8-K,"5.02,8.01,9.01",f50905e8vk.htm,1,2006-09-25,2009-03-23,1
896878,896878,Intuit,2008-09-24,0,0000950134-08-021520,2008-12-02,8-K,"5.02,9.01",f50751e8vk.htm,1,2006-09-25,2009-03-23,1
896878,896878,Intuit,2008-09-24,0,0000950134-08-018583,2008-10-28,8-K,5.02,f50264e8vk.htm,1,2006-09-25,2009-03-23,1
896878,896878,Intuit,2008-09-24,0,0000950134-08-013312,2008-07-25,8-K,"5.02,9.01",f42434e8vk.htm,1,2006-09-25,2009-03-23,1
896878,896878,Intuit,2008-09-24,0,0000950134-08-001977,2008-02-08,8-K,"5.02,9.01",f37812e8vk.htm,1,2006-09-25,2009-03-23,1
896878,896878,Intuit,2008-09-24,0,0000950134-07-025545,2007-12-17,8-K,"5.02,9.01",f36499e8vk.htm,1,2006-09-25,2009-03-23,1
896878,896878,Intuit,2008-09-24,0,0000950134-07-023354,2007-11-08,8-K,"5.02,9.01",f35310e8vk.htm,1,2006-09-25,2009-03-23,1
896878,896878,Intuit,2008-09-24,0,0000950134-07-022010,2007-10-26,8-K,5.02,f34854e8vk.htm,1,2006-09-25,2009-03-23,1
896878,896878,Intuit,2008-09-24,0,0000950134-07-020924,2007-10-05,8-K,"5.02,9.01",f34301e8vk.htm,1,2006-09-25,2009-03-23,1
896878,896878,Intuit,2008-09-24,0,0000891618-07-000516,2007-08-22,8-K,"2.02,5.02,9.01",f33043e8vk.htm,1,2006-09-25,2009-03-23,1
896878,896878,Intuit,2008-09-24,0,0000950134-07-016170,2007-07-30,8-K,"5.02,9.01",f32322e8vk.htm,1,2006-09-25,2009-03-23,1
896878,896878,Intuit,2008-09-24,0,0000950134-07-013435,2007-06-14,8-K,"5.02,9.01",f31168e8vk.htm,1,2006-09-25,2009-03-23,1
896878,896878,Intuit,2008-09-24,0,0000950134-07-013237,2007-06-11,8-K,"5.02,9.01",f31085e8vk.htm,1,2006-09-25,2009-03-23,1
896878,896878,Intuit,2008-09-24,0,0000950134-07-004389,2007-02-28,8-K,"5.02,9.01",f27833e8vk.htm,1,2006-09-25,2009-03-23,1
896878,896878,Intuit,2008-09-24,0,0000950134-06-019813,2006-10-27,8-K,"1.01,5.02",f24517e8vk.htm,1,2006-09-25,2009-03-23,1
896878,896878,"Intuit, Inc.",2014-02-01,0,0001193125-15-019001,2015-01-23,8-K,"5.02,5.07,8.01,9.01",d857753d8k.htm,1,2012-02-02,2015-10-04,1
896878,896878,"Intuit, Inc.",2014-02-01,0,0001193125-14-394221,2014-11-03,8-K,"5.02,8.01,9.01",d815122d8k.htm,1,2012-02-02,2015-10-04,1
896878,896878,"Intuit, Inc.",2014-02-01,0,0001193125-14-284196,2014-07-29,8-K,"5.02,5.03,8.01,9.01",d766109d8k.htm,1,2012-02-02,2015-10-04,1
896878,896878,"Intuit, Inc.",2014-02-01,0,0000896878-14-000030,2014-02-11,8-K,"2.02,5.02,9.01",fy14q2earningsupdate8-kshe.htm,1,2012-02-02,2015-10-04,1
896878,896878,"Intuit, Inc.",2014-02-01,0,0001193125-14-020495,2014-01-24,8-K,"5.02,5.07,9.01",d660005d8k.htm,1,2012-02-02,2015-10-04,1
896878,896878,"Intuit, Inc.",2014-02-01,0,0001193125-13-302682,2013-07-25,8-K,5.02,d575840d8k.htm,1,2012-02-02,2015-10-04,1
896878,896878,"Intuit, Inc.",2014-02-01,0,0001193125-13-295758,2013-07-19,8-K,5.02,d568831d8k.htm,1,2012-02-02,2015-10-04,1
896878,896878,"Intuit, Inc.",2014-02-01,0,0000896878-13-000062,2013-05-20,8-K,"5.02,9.01",pressrelease05-20x138xkshe.htm,1,2012-02-02,2015-10-04,1
896878,896878,"Intuit, Inc.",2014-02-01,0,0001193125-12-319554,2012-07-27,8-K,"5.02,8.01,9.01",d386790d8k.htm,1,2012-02-02,2015-10-04,1
896878,896878,"Intuit, Inc.",2014-02-01,0,0001193125-12-186061,2012-04-26,8-K,"5.02,9.01",d341240d8k.htm,1,2012-02-02,2015-10-04,1
896878,896878,Intuit Inc.,2014-04-01,0,0001193125-15-019001,2015-01-23,8-K,"5.02,5.07,8.01,9.01",d857753d8k.htm,1,2012-04-01,2015-08-14,1
896878,896878,Intuit Inc.,2014-04-01,0,0001193125-14-394221,2014-11-03,8-K,"5.02,8.01,9.01",d815122d8k.htm,1,2012-04-01,2015-08-14,1
896878,896878,Intuit Inc.,2014-04-01,0,0001193125-14-284196,2014-07-29,8-K,"5.02,5.03,8.01,9.01",d766109d8k.htm,1,2012-04-01,2015-08-14,1
896878,896878,Intuit Inc.,2014-04-01,0,0000896878-14-000030,2014-02-11,8-K,"2.02,5.02,9.01",fy14q2earningsupdate8-kshe.htm,1,2012-04-01,2015-08-14,1
896878,896878,Intuit Inc.,2014-04-01,0,0001193125-14-020495,2014-01-24,8-K,"5.02,5.07,9.01",d660005d8k.htm,1,2012-04-01,2015-08-14,1
896878,896878,Intuit Inc.,2014-04-01,0,0001193125-13-302682,2013-07-25,8-K,5.02,d575840d8k.htm,1,2012-04-01,2015-08-14,1
896878,896878,Intuit Inc.,2014-04-01,0,0001193125-13-295758,2013-07-19,8-K,5.02,d568831d8k.htm,1,2012-04-01,2015-08-14,1
896878,896878,Intuit Inc.,2014-04-01,0,0000896878-13-000062,2013-05-20,8-K,"5.02,9.01",pressrelease05-20x138xkshe.htm,1,2012-04-01,2015-08-14,1
896878,896878,Intuit Inc.,2014-04-01,0,0001193125-12-319554,2012-07-27,8-K,"5.02,8.01,9.01",d386790d8k.htm,1,2012-04-01,2015-08-14,1
896878,896878,Intuit Inc.,2014-04-01,0,0001193125-12-186061,2012-04-26,8-K,"5.02,9.01",d341240d8k.htm,1,2012-04-01,2015-08-14,1
896878,896878,Intuit Inc.,2014-04-18,0,0001193125-15-019001,2015-01-23,8-K,"5.02,5.07,8.01,9.01",d857753d8k.htm,1,2012-04-18,2015-08-14,1
896878,896878,Intuit Inc.,2014-04-18,0,0001193125-14-394221,2014-11-03,8-K,"5.02,8.01,9.01",d815122d8k.htm,1,2012-04-18,2015-08-14,1
896878,896878,Intuit Inc.,2014-04-18,0,0001193125-14-284196,2014-07-29,8-K,"5.02,5.03,8.01,9.01",d766109d8k.htm,1,2012-04-18,2015-08-14,1
896878,896878,Intuit Inc.,2014-04-18,0,0000896878-14-000030,2014-02-11,8-K,"2.02,5.02,9.01",fy14q2earningsupdate8-kshe.htm,1,2012-04-18,2015-08-14,1
896878,896878,Intuit Inc.,2014-04-18,0,0001193125-14-020495,2014-01-24,8-K,"5.02,5.07,9.01",d660005d8k.htm,1,2012-04-18,2015-08-14,1
896878,896878,Intuit Inc.,2014-04-18,0,0001193125-13-302682,2013-07-25,8-K,5.02,d575840d8k.htm,1,2012-04-18,2015-08-14,1
896878,896878,Intuit Inc.,2014-04-18,0,0001193125-13-295758,2013-07-19,8-K,5.02,d568831d8k.htm,1,2012-04-18,2015-08-14,1
896878,896878,Intuit Inc.,2014-04-18,0,0000896878-13-000062,2013-05-20,8-K,"5.02,9.01",pressrelease05-20x138xkshe.htm,1,2012-04-18,2015-08-14,1
896878,896878,Intuit Inc.,2014-04-18,0,0001193125-12-319554,2012-07-27,8-K,"5.02,8.01,9.01",d386790d8k.htm,1,2012-04-18,2015-08-14,1
896878,896878,Intuit Inc.,2014-04-18,0,0001193125-12-186061,2012-04-26,8-K,"5.02,9.01",d341240d8k.htm,1,2012-04-18,2015-08-14,1
896878,896878,Intuit,2015-04-07,0,0001193125-15-019001,2015-01-23,8-K,"5.02,5.07,8.01,9.01",d857753d8k.htm,1,2013-04-07,2015-10-04,1
896878,896878,Intuit,2015-04-07,0,0001193125-14-394221,2014-11-03,8-K,"5.02,8.01,9.01",d815122d8k.htm,1,2013-04-07,2015-10-04,1
896878,896878,Intuit,2015-04-07,0,0001193125-14-284196,2014-07-29,8-K,"5.02,5.03,8.01,9.01",d766109d8k.htm,1,2013-04-07,2015-10-04,1
896878,896878,Intuit,2015-04-07,0,0000896878-14-000030,2014-02-11,8-K,"2.02,5.02,9.01",fy14q2earningsupdate8-kshe.htm,1,2013-04-07,2015-10-04,1
896878,896878,Intuit,2015-04-07,0,0001193125-14-020495,2014-01-24,8-K,"5.02,5.07,9.01",d660005d8k.htm,1,2013-04-07,2015-10-04,1
896878,896878,Intuit,2015-04-07,0,0001193125-13-302682,2013-07-25,8-K,5.02,d575840d8k.htm,1,2013-04-07,2015-10-04,1
896878,896878,Intuit,2015-04-07,0,0001193125-13-295758,2013-07-19,8-K,5.02,d568831d8k.htm,1,2013-04-07,2015-10-04,1
896878,896878,Intuit,2015-04-07,0,0000896878-13-000062,2013-05-20,8-K,"5.02,9.01",pressrelease05-20x138xkshe.htm,1,2013-04-07,2015-10-04,1
896878,896878,Intuit,2015-04-14,0,0001193125-15-019001,2015-01-23,8-K,"5.02,5.07,8.01,9.01",d857753d8k.htm,1,2013-04-14,2015-10-11,1
896878,896878,Intuit,2015-04-14,0,0001193125-14-394221,2014-11-03,8-K,"5.02,8.01,9.01",d815122d8k.htm,1,2013-04-14,2015-10-11,1
896878,896878,Intuit,2015-04-14,0,0001193125-14-284196,2014-07-29,8-K,"5.02,5.03,8.01,9.01",d766109d8k.htm,1,2013-04-14,2015-10-11,1
896878,896878,Intuit,2015-04-14,0,0000896878-14-000030,2014-02-11,8-K,"2.02,5.02,9.01",fy14q2earningsupdate8-kshe.htm,1,2013-04-14,2015-10-11,1
896878,896878,Intuit,2015-04-14,0,0001193125-14-020495,2014-01-24,8-K,"5.02,5.07,9.01",d660005d8k.htm,1,2013-04-14,2015-10-11,1
896878,896878,Intuit,2015-04-14,0,0001193125-13-302682,2013-07-25,8-K,5.02,d575840d8k.htm,1,2013-04-14,2015-10-11,1
896878,896878,Intuit,2015-04-14,0,0001193125-13-295758,2013-07-19,8-K,5.02,d568831d8k.htm,1,2013-04-14,2015-10-11,1
896878,896878,Intuit,2015-04-14,0,0000896878-13-000062,2013-05-20,8-K,"5.02,9.01",pressrelease05-20x138xkshe.htm,1,2013-04-14,2015-10-11,1
896878,896878,Intuit,2015-05-20,0,0001193125-15-360231,2015-10-30,8-K,"5.02,8.01,9.01",d64564d8k.htm,1,2013-05-20,2015-11-16,1
896878,896878,Intuit,2015-05-20,0,0001193125-15-019001,2015-01-23,8-K,"5.02,5.07,8.01,9.01",d857753d8k.htm,1,2013-05-20,2015-11-16,1
896878,896878,Intuit,2015-05-20,0,0001193125-14-394221,2014-11-03,8-K,"5.02,8.01,9.01",d815122d8k.htm,1,2013-05-20,2015-11-16,1
896878,896878,Intuit,2015-05-20,0,0001193125-14-284196,2014-07-29,8-K,"5.02,5.03,8.01,9.01",d766109d8k.htm,1,2013-05-20,2015-11-16,1
896878,896878,Intuit,2015-05-20,0,0000896878-14-000030,2014-02-11,8-K,"2.02,5.02,9.01",fy14q2earningsupdate8-kshe.htm,1,2013-05-20,2015-11-16,1
896878,896878,Intuit,2015-05-20,0,0001193125-14-020495,2014-01-24,8-K,"5.02,5.07,9.01",d660005d8k.htm,1,2013-05-20,2015-11-16,1
896878,896878,Intuit,2015-05-20,0,0001193125-13-302682,2013-07-25,8-K,5.02,d575840d8k.htm,1,2013-05-20,2015-11-16,1
896878,896878,Intuit,2015-05-20,0,0001193125-13-295758,2013-07-19,8-K,5.02,d568831d8k.htm,1,2013-05-20,2015-11-16,1
896878,896878,Intuit,2015-05-20,0,0000896878-13-000062,2013-05-20,8-K,"5.02,9.01",pressrelease05-20x138xkshe.htm,1,2013-05-20,2015-11-16,1
896878,896878,Intuit Inc,2015-09-18,0,0001193125-15-360231,2015-10-30,8-K,"5.02,8.01,9.01",d64564d8k.htm,1,2013-09-18,2016-04-24,1
896878,896878,Intuit Inc,2015-09-18,0,0001193125-15-019001,2015-01-23,8-K,"5.02,5.07,8.01,9.01",d857753d8k.htm,1,2013-09-18,2016-04-24,1
896878,896878,Intuit Inc,2015-09-18,0,0001193125-14-394221,2014-11-03,8-K,"5.02,8.01,9.01",d815122d8k.htm,1,2013-09-18,2016-04-24,1
896878,896878,Intuit Inc,2015-09-18,0,0001193125-14-284196,2014-07-29,8-K,"5.02,5.03,8.01,9.01",d766109d8k.htm,1,2013-09-18,2016-04-24,1
896878,896878,Intuit Inc,2015-09-18,0,0000896878-14-000030,2014-02-11,8-K,"2.02,5.02,9.01",fy14q2earningsupdate8-kshe.htm,1,2013-09-18,2016-04-24,1
896878,896878,Intuit Inc,2015-09-18,0,0001193125-14-020495,2014-01-24,8-K,"5.02,5.07,9.01",d660005d8k.htm,1,2013-09-18,2016-04-24,1
896878,896878,Intuit Inc,2015-10-12,0,0000896878-16-000219,2016-05-09,8-K,"5.02,5.03,9.01",a8-kshellfor5x2016vasqueza.htm,1,2013-10-12,2016-05-15,1
896878,896878,Intuit Inc,2015-10-12,0,0001193125-15-360231,2015-10-30,8-K,"5.02,8.01,9.01",d64564d8k.htm,1,2013-10-12,2016-05-15,1
896878,896878,Intuit Inc,2015-10-12,0,0001193125-15-019001,2015-01-23,8-K,"5.02,5.07,8.01,9.01",d857753d8k.htm,1,2013-10-12,2016-05-15,1
896878,896878,Intuit Inc,2015-10-12,0,0001193125-14-394221,2014-11-03,8-K,"5.02,8.01,9.01",d815122d8k.htm,1,2013-10-12,2016-05-15,1
896878,896878,Intuit Inc,2015-10-12,0,0001193125-14-284196,2014-07-29,8-K,"5.02,5.03,8.01,9.01",d766109d8k.htm,1,2013-10-12,2016-05-15,1
896878,896878,Intuit Inc,2015-10-12,0,0000896878-14-000030,2014-02-11,8-K,"2.02,5.02,9.01",fy14q2earningsupdate8-kshe.htm,1,2013-10-12,2016-05-15,1
896878,896878,Intuit Inc,2015-10-12,0,0001193125-14-020495,2014-01-24,8-K,"5.02,5.07,9.01",d660005d8k.htm,1,2013-10-12,2016-05-15,1
896878,896878,Intuit,2015-12-01,0,0000896878-16-000219,2016-05-09,8-K,"5.02,5.03,9.01",a8-kshellfor5x2016vasqueza.htm,1,2013-12-01,2016-06-20,1
896878,896878,Intuit,2015-12-01,0,0001193125-15-360231,2015-10-30,8-K,"5.02,8.01,9.01",d64564d8k.htm,1,2013-12-01,2016-06-20,1
896878,896878,Intuit,2015-12-01,0,0001193125-15-019001,2015-01-23,8-K,"5.02,5.07,8.01,9.01",d857753d8k.htm,1,2013-12-01,2016-06-20,1
896878,896878,Intuit,2015-12-01,0,0001193125-14-394221,2014-11-03,8-K,"5.02,8.01,9.01",d815122d8k.htm,1,2013-12-01,2016-06-20,1
896878,896878,Intuit,2015-12-01,0,0001193125-14-284196,2014-07-29,8-K,"5.02,5.03,8.01,9.01",d766109d8k.htm,1,2013-12-01,2016-06-20,1
896878,896878,Intuit,2015-12-01,0,0000896878-14-000030,2014-02-11,8-K,"2.02,5.02,9.01",fy14q2earningsupdate8-kshe.htm,1,2013-12-01,2016-06-20,1
896878,896878,Intuit,2015-12-01,0,0001193125-14-020495,2014-01-24,8-K,"5.02,5.07,9.01",d660005d8k.htm,1,2013-12-01,2016-06-20,1
896878,896878,Intuit Inc.,2015-12-07,0,0000896878-16-000219,2016-05-09,8-K,"5.02,5.03,9.01",a8-kshellfor5x2016vasqueza.htm,1,2013-12-07,2016-06-04,1
896878,896878,Intuit Inc.,2015-12-07,0,0001193125-15-360231,2015-10-30,8-K,"5.02,8.01,9.01",d64564d8k.htm,1,2013-12-07,2016-06-04,1
896878,896878,Intuit Inc.,2015-12-07,0,0001193125-15-019001,2015-01-23,8-K,"5.02,5.07,8.01,9.01",d857753d8k.htm,1,2013-12-07,2016-06-04,1
896878,896878,Intuit Inc.,2015-12-07,0,0001193125-14-394221,2014-11-03,8-K,"5.02,8.01,9.01",d815122d8k.htm,1,2013-12-07,2016-06-04,1
896878,896878,Intuit Inc.,2015-12-07,0,0001193125-14-284196,2014-07-29,8-K,"5.02,5.03,8.01,9.01",d766109d8k.htm,1,2013-12-07,2016-06-04,1
896878,896878,Intuit Inc.,2015-12-07,0,0000896878-14-000030,2014-02-11,8-K,"2.02,5.02,9.01",fy14q2earningsupdate8-kshe.htm,1,2013-12-07,2016-06-04,1
896878,896878,Intuit Inc.,2015-12-07,0,0001193125-14-020495,2014-01-24,8-K,"5.02,5.07,9.01",d660005d8k.htm,1,2013-12-07,2016-06-04,1
896878,896878,"Intuit, Inc.",2015-12-31,0,0000896878-16-000219,2016-05-09,8-K,"5.02,5.03,9.01",a8-kshellfor5x2016vasqueza.htm,1,2013-12-31,2016-07-13,1
896878,896878,"Intuit, Inc.",2015-12-31,0,0001193125-15-360231,2015-10-30,8-K,"5.02,8.01,9.01",d64564d8k.htm,1,2013-12-31,2016-07-13,1
896878,896878,"Intuit, Inc.",2015-12-31,0,0001193125-15-019001,2015-01-23,8-K,"5.02,5.07,8.01,9.01",d857753d8k.htm,1,2013-12-31,2016-07-13,1
896878,896878,"Intuit, Inc.",2015-12-31,0,0001193125-14-394221,2014-11-03,8-K,"5.02,8.01,9.01",d815122d8k.htm,1,2013-12-31,2016-07-13,1
896878,896878,"Intuit, Inc.",2015-12-31,0,0001193125-14-284196,2014-07-29,8-K,"5.02,5.03,8.01,9.01",d766109d8k.htm,1,2013-12-31,2016-07-13,1
896878,896878,"Intuit, Inc.",2015-12-31,0,0000896878-14-000030,2014-02-11,8-K,"2.02,5.02,9.01",fy14q2earningsupdate8-kshe.htm,1,2013-12-31,2016-07-13,1
896878,896878,"Intuit, Inc.",2015-12-31,0,0001193125-14-020495,2014-01-24,8-K,"5.02,5.07,9.01",d660005d8k.htm,1,2013-12-31,2016-07-13,1
896878,896878,Intuit Inc.,2016-01-21,0,0000896878-16-000219,2016-05-09,8-K,"5.02,5.03,9.01",a8-kshellfor5x2016vasqueza.htm,1,2014-01-21,2016-08-07,1
896878,896878,Intuit Inc.,2016-01-21,0,0001193125-15-360231,2015-10-30,8-K,"5.02,8.01,9.01",d64564d8k.htm,1,2014-01-21,2016-08-07,1
896878,896878,Intuit Inc.,2016-01-21,0,0001193125-15-019001,2015-01-23,8-K,"5.02,5.07,8.01,9.01",d857753d8k.htm,1,2014-01-21,2016-08-07,1
896878,896878,Intuit Inc.,2016-01-21,0,0001193125-14-394221,2014-11-03,8-K,"5.02,8.01,9.01",d815122d8k.htm,1,2014-01-21,2016-08-07,1
896878,896878,Intuit Inc.,2016-01-21,0,0001193125-14-284196,2014-07-29,8-K,"5.02,5.03,8.01,9.01",d766109d8k.htm,1,2014-01-21,2016-08-07,1
896878,896878,Intuit Inc.,2016-01-21,0,0000896878-14-000030,2014-02-11,8-K,"2.02,5.02,9.01",fy14q2earningsupdate8-kshe.htm,1,2014-01-21,2016-08-07,1
896878,896878,Intuit Inc.,2016-01-21,0,0001193125-14-020495,2014-01-24,8-K,"5.02,5.07,9.01",d660005d8k.htm,1,2014-01-21,2016-08-07,1
896878,896878,Intuit,2016-02-04,0,0000896878-16-000219,2016-05-09,8-K,"5.02,5.03,9.01",a8-kshellfor5x2016vasqueza.htm,1,2014-02-04,2016-08-29,1
896878,896878,Intuit,2016-02-04,0,0001193125-15-360231,2015-10-30,8-K,"5.02,8.01,9.01",d64564d8k.htm,1,2014-02-04,2016-08-29,1
896878,896878,Intuit,2016-02-04,0,0001193125-15-019001,2015-01-23,8-K,"5.02,5.07,8.01,9.01",d857753d8k.htm,1,2014-02-04,2016-08-29,1
896878,896878,Intuit,2016-02-04,0,0001193125-14-394221,2014-11-03,8-K,"5.02,8.01,9.01",d815122d8k.htm,1,2014-02-04,2016-08-29,1
896878,896878,Intuit,2016-02-04,0,0001193125-14-284196,2014-07-29,8-K,"5.02,5.03,8.01,9.01",d766109d8k.htm,1,2014-02-04,2016-08-29,1
896878,896878,Intuit,2016-02-04,0,0000896878-14-000030,2014-02-11,8-K,"2.02,5.02,9.01",fy14q2earningsupdate8-kshe.htm,1,2014-02-04,2016-08-29,1
896878,896878,Intuit,2016-02-24,0,0000896878-16-000219,2016-05-09,8-K,"5.02,5.03,9.01",a8-kshellfor5x2016vasqueza.htm,1,2014-02-24,2016-09-10,1
896878,896878,Intuit,2016-02-24,0,0001193125-15-360231,2015-10-30,8-K,"5.02,8.01,9.01",d64564d8k.htm,1,2014-02-24,2016-09-10,1
896878,896878,Intuit,2016-02-24,0,0001193125-15-019001,2015-01-23,8-K,"5.02,5.07,8.01,9.01",d857753d8k.htm,1,2014-02-24,2016-09-10,1
896878,896878,Intuit,2016-02-24,0,0001193125-14-394221,2014-11-03,8-K,"5.02,8.01,9.01",d815122d8k.htm,1,2014-02-24,2016-09-10,1
896878,896878,Intuit,2016-02-24,0,0001193125-14-284196,2014-07-29,8-K,"5.02,5.03,8.01,9.01",d766109d8k.htm,1,2014-02-24,2016-09-10,1
896878,896878,Intuit Inc,2016-02-29,0,0000896878-16-000219,2016-05-09,8-K,"5.02,5.03,9.01",a8-kshellfor5x2016vasqueza.htm,1,2014-03-01,2016-09-12,1
896878,896878,Intuit Inc,2016-02-29,0,0001193125-15-360231,2015-10-30,8-K,"5.02,8.01,9.01",d64564d8k.htm,1,2014-03-01,2016-09-12,1
896878,896878,Intuit Inc,2016-02-29,0,0001193125-15-019001,2015-01-23,8-K,"5.02,5.07,8.01,9.01",d857753d8k.htm,1,2014-03-01,2016-09-12,1
896878,896878,Intuit Inc,2016-02-29,0,0001193125-14-394221,2014-11-03,8-K,"5.02,8.01,9.01",d815122d8k.htm,1,2014-03-01,2016-09-12,1
896878,896878,Intuit Inc,2016-02-29,0,0001193125-14-284196,2014-07-29,8-K,"5.02,5.03,8.01,9.01",d766109d8k.htm,1,2014-03-01,2016-09-12,1
896878,896878,"Intuit, Inc.",2016-03-07,0,0000896878-16-000219,2016-05-09,8-K,"5.02,5.03,9.01",a8-kshellfor5x2016vasqueza.htm,1,2014-03-08,2016-09-28,1
896878,896878,"Intuit, Inc.",2016-03-07,0,0001193125-15-360231,2015-10-30,8-K,"5.02,8.01,9.01",d64564d8k.htm,1,2014-03-08,2016-09-28,1
896878,896878,"Intuit, Inc.",2016-03-07,0,0001193125-15-019001,2015-01-23,8-K,"5.02,5.07,8.01,9.01",d857753d8k.htm,1,2014-03-08,2016-09-28,1
896878,896878,"Intuit, Inc.",2016-03-07,0,0001193125-14-394221,2014-11-03,8-K,"5.02,8.01,9.01",d815122d8k.htm,1,2014-03-08,2016-09-28,1
896878,896878,"Intuit, Inc.",2016-03-07,0,0001193125-14-284196,2014-07-29,8-K,"5.02,5.03,8.01,9.01",d766109d8k.htm,1,2014-03-08,2016-09-28,1
896878,896878,Intuit,2016-03-17,0,0000896878-16-000219,2016-05-09,8-K,"5.02,5.03,9.01",a8-kshellfor5x2016vasqueza.htm,1,2014-03-18,2016-09-13,1
896878,896878,Intuit,2016-03-17,0,0001193125-15-360231,2015-10-30,8-K,"5.02,8.01,9.01",d64564d8k.htm,1,2014-03-18,2016-09-13,1
896878,896878,Intuit,2016-03-17,0,0001193125-15-019001,2015-01-23,8-K,"5.02,5.07,8.01,9.01",d857753d8k.htm,1,2014-03-18,2016-09-13,1
896878,896878,Intuit,2016-03-17,0,0001193125-14-394221,2014-11-03,8-K,"5.02,8.01,9.01",d815122d8k.htm,1,2014-03-18,2016-09-13,1
896878,896878,Intuit,2016-03-17,0,0001193125-14-284196,2014-07-29,8-K,"5.02,5.03,8.01,9.01",d766109d8k.htm,1,2014-03-18,2016-09-13,1
896878,896878,Intuit Inc.,2016-03-22,0,0000896878-16-000219,2016-05-09,8-K,"5.02,5.03,9.01",a8-kshellfor5x2016vasqueza.htm,1,2014-03-23,2016-10-25,1
896878,896878,Intuit Inc.,2016-03-22,0,0001193125-15-360231,2015-10-30,8-K,"5.02,8.01,9.01",d64564d8k.htm,1,2014-03-23,2016-10-25,1
896878,896878,Intuit Inc.,2016-03-22,0,0001193125-15-019001,2015-01-23,8-K,"5.02,5.07,8.01,9.01",d857753d8k.htm,1,2014-03-23,2016-10-25,1
896878,896878,Intuit Inc.,2016-03-22,0,0001193125-14-394221,2014-11-03,8-K,"5.02,8.01,9.01",d815122d8k.htm,1,2014-03-23,2016-10-25,1
896878,896878,Intuit Inc.,2016-03-22,0,0001193125-14-284196,2014-07-29,8-K,"5.02,5.03,8.01,9.01",d766109d8k.htm,1,2014-03-23,2016-10-25,1
896878,896878,Intuit Inc,2016-03-29,0,0000896878-16-000219,2016-05-09,8-K,"5.02,5.03,9.01",a8-kshellfor5x2016vasqueza.htm,1,2014-03-30,2017-04-15,1
896878,896878,Intuit Inc,2016-03-29,0,0001193125-15-360231,2015-10-30,8-K,"5.02,8.01,9.01",d64564d8k.htm,1,2014-03-30,2017-04-15,1
896878,896878,Intuit Inc,2016-03-29,0,0001193125-15-019001,2015-01-23,8-K,"5.02,5.07,8.01,9.01",d857753d8k.htm,1,2014-03-30,2017-04-15,1
896878,896878,Intuit Inc,2016-03-29,0,0001193125-14-394221,2014-11-03,8-K,"5.02,8.01,9.01",d815122d8k.htm,1,2014-03-30,2017-04-15,1
896878,896878,Intuit Inc,2016-03-29,0,0001193125-14-284196,2014-07-29,8-K,"5.02,5.03,8.01,9.01",d766109d8k.htm,1,2014-03-30,2017-04-15,1
896878,896878,Intuit,2016-04-06,0,0000896878-16-000219,2016-05-09,8-K,"5.02,5.03,9.01",a8-kshellfor5x2016vasqueza.htm,1,2014-04-07,2016-11-05,1
896878,896878,Intuit,2016-04-06,0,0001193125-15-360231,2015-10-30,8-K,"5.02,8.01,9.01",d64564d8k.htm,1,2014-04-07,2016-11-05,1
896878,896878,Intuit,2016-04-06,0,0001193125-15-019001,2015-01-23,8-K,"5.02,5.07,8.01,9.01",d857753d8k.htm,1,2014-04-07,2016-11-05,1
896878,896878,Intuit,2016-04-06,0,0001193125-14-394221,2014-11-03,8-K,"5.02,8.01,9.01",d815122d8k.htm,1,2014-04-07,2016-11-05,1
896878,896878,Intuit,2016-04-06,0,0001193125-14-284196,2014-07-29,8-K,"5.02,5.03,8.01,9.01",d766109d8k.htm,1,2014-04-07,2016-11-05,1
896878,896878,Intuit Inc.,2016-04-14,0,0000896878-16-000219,2016-05-09,8-K,"5.02,5.03,9.01",a8-kshellfor5x2016vasqueza.htm,1,2014-04-15,2016-10-11,1
896878,896878,Intuit Inc.,2016-04-14,0,0001193125-15-360231,2015-10-30,8-K,"5.02,8.01,9.01",d64564d8k.htm,1,2014-04-15,2016-10-11,1
896878,896878,Intuit Inc.,2016-04-14,0,0001193125-15-019001,2015-01-23,8-K,"5.02,5.07,8.01,9.01",d857753d8k.htm,1,2014-04-15,2016-10-11,1
896878,896878,Intuit Inc.,2016-04-14,0,0001193125-14-394221,2014-11-03,8-K,"5.02,8.01,9.01",d815122d8k.htm,1,2014-04-15,2016-10-11,1
896878,896878,Intuit Inc.,2016-04-14,0,0001193125-14-284196,2014-07-29,8-K,"5.02,5.03,8.01,9.01",d766109d8k.htm,1,2014-04-15,2016-10-11,1
896878,896878,Intuit,2016-04-29,0,0000896878-16-000219,2016-05-09,8-K,"5.02,5.03,9.01",a8-kshellfor5x2016vasqueza.htm,1,2014-04-30,2016-10-26,1
896878,896878,Intuit,2016-04-29,0,0001193125-15-360231,2015-10-30,8-K,"5.02,8.01,9.01",d64564d8k.htm,1,2014-04-30,2016-10-26,1
896878,896878,Intuit,2016-04-29,0,0001193125-15-019001,2015-01-23,8-K,"5.02,5.07,8.01,9.01",d857753d8k.htm,1,2014-04-30,2016-10-26,1
896878,896878,Intuit,2016-04-29,0,0001193125-14-394221,2014-11-03,8-K,"5.02,8.01,9.01",d815122d8k.htm,1,2014-04-30,2016-10-26,1
896878,896878,Intuit,2016-04-29,0,0001193125-14-284196,2014-07-29,8-K,"5.02,5.03,8.01,9.01",d766109d8k.htm,1,2014-04-30,2016-10-26,1
896878,896878,Intuit,2016-05-17,0,0000896878-16-000219,2016-05-09,8-K,"5.02,5.03,9.01",a8-kshellfor5x2016vasqueza.htm,1,2014-05-18,2016-12-07,1
896878,896878,Intuit,2016-05-17,0,0001193125-15-360231,2015-10-30,8-K,"5.02,8.01,9.01",d64564d8k.htm,1,2014-05-18,2016-12-07,1
896878,896878,Intuit,2016-05-17,0,0001193125-15-019001,2015-01-23,8-K,"5.02,5.07,8.01,9.01",d857753d8k.htm,1,2014-05-18,2016-12-07,1
896878,896878,Intuit,2016-05-17,0,0001193125-14-394221,2014-11-03,8-K,"5.02,8.01,9.01",d815122d8k.htm,1,2014-05-18,2016-12-07,1
896878,896878,Intuit,2016-05-17,0,0001193125-14-284196,2014-07-29,8-K,"5.02,5.03,8.01,9.01",d766109d8k.htm,1,2014-05-18,2016-12-07,1
896878,896878,Intuit,2016-05-27,0,0000896878-16-000219,2016-05-09,8-K,"5.02,5.03,9.01",a8-kshellfor5x2016vasqueza.htm,1,2014-05-28,2016-11-23,1
896878,896878,Intuit,2016-05-27,0,0001193125-15-360231,2015-10-30,8-K,"5.02,8.01,9.01",d64564d8k.htm,1,2014-05-28,2016-11-23,1
896878,896878,Intuit,2016-05-27,0,0001193125-15-019001,2015-01-23,8-K,"5.02,5.07,8.01,9.01",d857753d8k.htm,1,2014-05-28,2016-11-23,1
896878,896878,Intuit,2016-05-27,0,0001193125-14-394221,2014-11-03,8-K,"5.02,8.01,9.01",d815122d8k.htm,1,2014-05-28,2016-11-23,1
896878,896878,Intuit,2016-05-27,0,0001193125-14-284196,2014-07-29,8-K,"5.02,5.03,8.01,9.01",d766109d8k.htm,1,2014-05-28,2016-11-23,1
896878,896878,"Intuit, Inc.",2016-06-01,0,0000896878-16-000219,2016-05-09,8-K,"5.02,5.03,9.01",a8-kshellfor5x2016vasqueza.htm,1,2014-06-02,2017-01-07,1
896878,896878,"Intuit, Inc.",2016-06-01,0,0001193125-15-360231,2015-10-30,8-K,"5.02,8.01,9.01",d64564d8k.htm,1,2014-06-02,2017-01-07,1
896878,896878,"Intuit, Inc.",2016-06-01,0,0001193125-15-019001,2015-01-23,8-K,"5.02,5.07,8.01,9.01",d857753d8k.htm,1,2014-06-02,2017-01-07,1
896878,896878,"Intuit, Inc.",2016-06-01,0,0001193125-14-394221,2014-11-03,8-K,"5.02,8.01,9.01",d815122d8k.htm,1,2014-06-02,2017-01-07,1
896878,896878,"Intuit, Inc.",2016-06-01,0,0001193125-14-284196,2014-07-29,8-K,"5.02,5.03,8.01,9.01",d766109d8k.htm,1,2014-06-02,2017-01-07,1
896878,896878,Intuit Inc,2016-06-09,0,0000896878-16-000219,2016-05-09,8-K,"5.02,5.03,9.01",a8-kshellfor5x2016vasqueza.htm,1,2014-06-10,2016-12-18,1
896878,896878,Intuit Inc,2016-06-09,0,0001193125-15-360231,2015-10-30,8-K,"5.02,8.01,9.01",d64564d8k.htm,1,2014-06-10,2016-12-18,1
896878,896878,Intuit Inc,2016-06-09,0,0001193125-15-019001,2015-01-23,8-K,"5.02,5.07,8.01,9.01",d857753d8k.htm,1,2014-06-10,2016-12-18,1
896878,896878,Intuit Inc,2016-06-09,0,0001193125-14-394221,2014-11-03,8-K,"5.02,8.01,9.01",d815122d8k.htm,1,2014-06-10,2016-12-18,1
896878,896878,Intuit Inc,2016-06-09,0,0001193125-14-284196,2014-07-29,8-K,"5.02,5.03,8.01,9.01",d766109d8k.htm,1,2014-06-10,2016-12-18,1
896878,896878,Intuit Inc.,2016-08-03,0,0000896878-16-000219,2016-05-09,8-K,"5.02,5.03,9.01",a8-kshellfor5x2016vasqueza.htm,1,2014-08-04,2017-02-15,1
896878,896878,Intuit Inc.,2016-08-03,0,0001193125-15-360231,2015-10-30,8-K,"5.02,8.01,9.01",d64564d8k.htm,1,2014-08-04,2017-02-15,1
896878,896878,Intuit Inc.,2016-08-03,0,0001193125-15-019001,2015-01-23,8-K,"5.02,5.07,8.01,9.01",d857753d8k.htm,1,2014-08-04,2017-02-15,1
896878,896878,Intuit Inc.,2016-08-03,0,0001193125-14-394221,2014-11-03,8-K,"5.02,8.01,9.01",d815122d8k.htm,1,2014-08-04,2017-02-15,1
896878,896878,Intuit Inc.,2016-08-22,0,0000896878-16-000219,2016-05-09,8-K,"5.02,5.03,9.01",a8-kshellfor5x2016vasqueza.htm,1,2014-08-23,2017-03-14,1
896878,896878,Intuit Inc.,2016-08-22,0,0001193125-15-360231,2015-10-30,8-K,"5.02,8.01,9.01",d64564d8k.htm,1,2014-08-23,2017-03-14,1
896878,896878,Intuit Inc.,2016-08-22,0,0001193125-15-019001,2015-01-23,8-K,"5.02,5.07,8.01,9.01",d857753d8k.htm,1,2014-08-23,2017-03-14,1
896878,896878,Intuit Inc.,2016-08-22,0,0001193125-14-394221,2014-11-03,8-K,"5.02,8.01,9.01",d815122d8k.htm,1,2014-08-23,2017-03-14,1
896878,896878,Intuit Inc,2016-09-12,0,0000896878-16-000219,2016-05-09,8-K,"5.02,5.03,9.01",a8-kshellfor5x2016vasqueza.htm,1,2014-09-13,2017-03-22,1
896878,896878,Intuit Inc,2016-09-12,0,0001193125-15-360231,2015-10-30,8-K,"5.02,8.01,9.01",d64564d8k.htm,1,2014-09-13,2017-03-22,1
896878,896878,Intuit Inc,2016-09-12,0,0001193125-15-019001,2015-01-23,8-K,"5.02,5.07,8.01,9.01",d857753d8k.htm,1,2014-09-13,2017-03-22,1
896878,896878,Intuit Inc,2016-09-12,0,0001193125-14-394221,2014-11-03,8-K,"5.02,8.01,9.01",d815122d8k.htm,1,2014-09-13,2017-03-22,1
896878,896878,Intuit Inc.,2016-09-26,0,0000896878-16-000219,2016-05-09,8-K,"5.02,5.03,9.01",a8-kshellfor5x2016vasqueza.htm,1,2014-09-27,2017-03-25,1
896878,896878,Intuit Inc.,2016-09-26,0,0001193125-15-360231,2015-10-30,8-K,"5.02,8.01,9.01",d64564d8k.htm,1,2014-09-27,2017-03-25,1
896878,896878,Intuit Inc.,2016-09-26,0,0001193125-15-019001,2015-01-23,8-K,"5.02,5.07,8.01,9.01",d857753d8k.htm,1,2014-09-27,2017-03-25,1
896878,896878,Intuit Inc.,2016-09-26,0,0001193125-14-394221,2014-11-03,8-K,"5.02,8.01,9.01",d815122d8k.htm,1,2014-09-27,2017-03-25,1
896878,896878,Intuit,2016-10-18,0,0000896878-16-000219,2016-05-09,8-K,"5.02,5.03,9.01",a8-kshellfor5x2016vasqueza.htm,1,2014-10-19,2017-04-16,1
896878,896878,Intuit,2016-10-18,0,0001193125-15-360231,2015-10-30,8-K,"5.02,8.01,9.01",d64564d8k.htm,1,2014-10-19,2017-04-16,1
896878,896878,Intuit,2016-10-18,0,0001193125-15-019001,2015-01-23,8-K,"5.02,5.07,8.01,9.01",d857753d8k.htm,1,2014-10-19,2017-04-16,1
896878,896878,Intuit,2016-10-18,0,0001193125-14-394221,2014-11-03,8-K,"5.02,8.01,9.01",d815122d8k.htm,1,2014-10-19,2017-04-16,1
896878,896878,Intuit Inc.,2016-10-23,0,0000896878-16-000219,2016-05-09,8-K,"5.02,5.03,9.01",a8-kshellfor5x2016vasqueza.htm,1,2014-10-24,2017-05-17,1
896878,896878,Intuit Inc.,2016-10-23,0,0001193125-15-360231,2015-10-30,8-K,"5.02,8.01,9.01",d64564d8k.htm,1,2014-10-24,2017-05-17,1
896878,896878,Intuit Inc.,2016-10-23,0,0001193125-15-019001,2015-01-23,8-K,"5.02,5.07,8.01,9.01",d857753d8k.htm,1,2014-10-24,2017-05-17,1
896878,896878,Intuit Inc.,2016-10-23,0,0001193125-14-394221,2014-11-03,8-K,"5.02,8.01,9.01",d815122d8k.htm,1,2014-10-24,2017-05-17,1
896878,896878,Intuit Inc,2016-10-30,0,0000896878-16-000219,2016-05-09,8-K,"5.02,5.03,9.01",a8-kshellfor5x2016vasqueza.htm,1,2014-10-31,2017-05-09,1
896878,896878,Intuit Inc,2016-10-30,0,0001193125-15-360231,2015-10-30,8-K,"5.02,8.01,9.01",d64564d8k.htm,1,2014-10-31,2017-05-09,1
896878,896878,Intuit Inc,2016-10-30,0,0001193125-15-019001,2015-01-23,8-K,"5.02,5.07,8.01,9.01",d857753d8k.htm,1,2014-10-31,2017-05-09,1
896878,896878,Intuit Inc,2016-10-30,0,0001193125-14-394221,2014-11-03,8-K,"5.02,8.01,9.01",d815122d8k.htm,1,2014-10-31,2017-05-09,1
896878,896878,Intuit Inc,2016-11-22,0,0000896878-16-000219,2016-05-09,8-K,"5.02,5.03,9.01",a8-kshellfor5x2016vasqueza.htm,1,2014-11-23,2017-06-10,1
896878,896878,Intuit Inc,2016-11-22,0,0001193125-15-360231,2015-10-30,8-K,"5.02,8.01,9.01",d64564d8k.htm,1,2014-11-23,2017-06-10,1
896878,896878,Intuit Inc,2016-11-22,0,0001193125-15-019001,2015-01-23,8-K,"5.02,5.07,8.01,9.01",d857753d8k.htm,1,2014-11-23,2017-06-10,1
896878,896878,"Intuit, Inc.",2016-12-05,0,0000896878-16-000219,2016-05-09,8-K,"5.02,5.03,9.01",a8-kshellfor5x2016vasqueza.htm,1,2014-12-06,2017-06-03,1
896878,896878,"Intuit, Inc.",2016-12-05,0,0001193125-15-360231,2015-10-30,8-K,"5.02,8.01,9.01",d64564d8k.htm,1,2014-12-06,2017-06-03,1
896878,896878,"Intuit, Inc.",2016-12-05,0,0001193125-15-019001,2015-01-23,8-K,"5.02,5.07,8.01,9.01",d857753d8k.htm,1,2014-12-06,2017-06-03,1
896878,896878,"Intuit, Inc.",2016-12-13,0,0000896878-16-000219,2016-05-09,8-K,"5.02,5.03,9.01",a8-kshellfor5x2016vasqueza.htm,1,2014-12-14,2017-06-11,1
896878,896878,"Intuit, Inc.",2016-12-13,0,0001193125-15-360231,2015-10-30,8-K,"5.02,8.01,9.01",d64564d8k.htm,1,2014-12-14,2017-06-11,1
896878,896878,"Intuit, Inc.",2016-12-13,0,0001193125-15-019001,2015-01-23,8-K,"5.02,5.07,8.01,9.01",d857753d8k.htm,1,2014-12-14,2017-06-11,1
896878,896878,Intuit Inc.,2017-01-01,0,0000896878-17-000162,2017-10-19,8-K,"5.02,8.01,9.01",a8-kshellboardann101917.htm,1,2015-01-02,2017-12-10,1
896878,896878,Intuit Inc.,2017-01-01,0,0000896878-17-000117,2017-08-22,8-K,"2.02,5.02,8.01,9.01",fy17q4earnings8-kshell.htm,1,2015-01-02,2017-12-10,1
896878,896878,Intuit Inc.,2017-01-01,0,0000896878-17-000080,2017-07-21,8-K,"5.02,9.01",a8-kshelldeborahliuonboard.htm,1,2015-01-02,2017-12-10,1
896878,896878,Intuit Inc.,2017-01-01,0,0000896878-16-000219,2016-05-09,8-K,"5.02,5.03,9.01",a8-kshellfor5x2016vasqueza.htm,1,2015-01-02,2017-12-10,1
896878,896878,Intuit Inc.,2017-01-01,0,0001193125-15-360231,2015-10-30,8-K,"5.02,8.01,9.01",d64564d8k.htm,1,2015-01-02,2017-12-10,1
896878,896878,Intuit Inc.,2017-01-01,0,0001193125-15-019001,2015-01-23,8-K,"5.02,5.07,8.01,9.01",d857753d8k.htm,1,2015-01-02,2017-12-10,1
896878,896878,Intuit Inc.,2017-01-12,0,0000896878-17-000080,2017-07-21,8-K,"5.02,9.01",a8-kshelldeborahliuonboard.htm,1,2015-01-13,2017-07-25,1
896878,896878,Intuit Inc.,2017-01-12,0,0000896878-16-000219,2016-05-09,8-K,"5.02,5.03,9.01",a8-kshellfor5x2016vasqueza.htm,1,2015-01-13,2017-07-25,1
896878,896878,Intuit Inc.,2017-01-12,0,0001193125-15-360231,2015-10-30,8-K,"5.02,8.01,9.01",d64564d8k.htm,1,2015-01-13,2017-07-25,1
896878,896878,Intuit Inc.,2017-01-12,0,0001193125-15-019001,2015-01-23,8-K,"5.02,5.07,8.01,9.01",d857753d8k.htm,1,2015-01-13,2017-07-25,1
896878,896878,Intuit,2017-01-27,0,0000896878-17-000080,2017-07-21,8-K,"5.02,9.01",a8-kshelldeborahliuonboard.htm,1,2015-01-28,2017-07-26,1
896878,896878,Intuit,2017-01-27,0,0000896878-16-000219,2016-05-09,8-K,"5.02,5.03,9.01",a8-kshellfor5x2016vasqueza.htm,1,2015-01-28,2017-07-26,1
896878,896878,Intuit,2017-01-27,0,0001193125-15-360231,2015-10-30,8-K,"5.02,8.01,9.01",d64564d8k.htm,1,2015-01-28,2017-07-26,1
896878,896878,"Intuit, Inc.",2017-02-13,0,0000896878-17-000080,2017-07-21,8-K,"5.02,9.01",a8-kshelldeborahliuonboard.htm,1,2015-02-14,2017-08-20,1
896878,896878,"Intuit, Inc.",2017-02-13,0,0000896878-16-000219,2016-05-09,8-K,"5.02,5.03,9.01",a8-kshellfor5x2016vasqueza.htm,1,2015-02-14,2017-08-20,1
896878,896878,"Intuit, Inc.",2017-02-13,0,0001193125-15-360231,2015-10-30,8-K,"5.02,8.01,9.01",d64564d8k.htm,1,2015-02-14,2017-08-20,1
896878,896878,Intuit Inc.,2017-02-20,0,0000896878-17-000117,2017-08-22,8-K,"2.02,5.02,8.01,9.01",fy17q4earnings8-kshell.htm,1,2015-02-21,2017-09-06,1
896878,896878,Intuit Inc.,2017-02-20,0,0000896878-17-000080,2017-07-21,8-K,"5.02,9.01",a8-kshelldeborahliuonboard.htm,1,2015-02-21,2017-09-06,1
896878,896878,Intuit Inc.,2017-02-20,0,0000896878-16-000219,2016-05-09,8-K,"5.02,5.03,9.01",a8-kshellfor5x2016vasqueza.htm,1,2015-02-21,2017-09-06,1
896878,896878,Intuit Inc.,2017-02-20,0,0001193125-15-360231,2015-10-30,8-K,"5.02,8.01,9.01",d64564d8k.htm,1,2015-02-21,2017-09-06,1
896878,896878,Intuit Inc.,2017-02-28,0,0000896878-17-000117,2017-08-22,8-K,"2.02,5.02,8.01,9.01",fy17q4earnings8-kshell.htm,1,2015-03-01,2017-09-13,1
896878,896878,Intuit Inc.,2017-02-28,0,0000896878-17-000080,2017-07-21,8-K,"5.02,9.01",a8-kshelldeborahliuonboard.htm,1,2015-03-01,2017-09-13,1
896878,896878,Intuit Inc.,2017-02-28,0,0000896878-16-000219,2016-05-09,8-K,"5.02,5.03,9.01",a8-kshellfor5x2016vasqueza.htm,1,2015-03-01,2017-09-13,1
896878,896878,Intuit Inc.,2017-02-28,0,0001193125-15-360231,2015-10-30,8-K,"5.02,8.01,9.01",d64564d8k.htm,1,2015-03-01,2017-09-13,1
896878,896878,Intuit Inc.,2017-03-12,0,0000896878-17-000117,2017-08-22,8-K,"2.02,5.02,8.01,9.01",fy17q4earnings8-kshell.htm,1,2015-03-13,2017-09-25,1
896878,896878,Intuit Inc.,2017-03-12,0,0000896878-17-000080,2017-07-21,8-K,"5.02,9.01",a8-kshelldeborahliuonboard.htm,1,2015-03-13,2017-09-25,1
896878,896878,Intuit Inc.,2017-03-12,0,0000896878-16-000219,2016-05-09,8-K,"5.02,5.03,9.01",a8-kshellfor5x2016vasqueza.htm,1,2015-03-13,2017-09-25,1
896878,896878,Intuit Inc.,2017-03-12,0,0001193125-15-360231,2015-10-30,8-K,"5.02,8.01,9.01",d64564d8k.htm,1,2015-03-13,2017-09-25,1
896878,896878,"Intuit, Inc.",2017-04-02,0,0000896878-17-000117,2017-08-22,8-K,"2.02,5.02,8.01,9.01",fy17q4earnings8-kshell.htm,1,2015-04-03,2017-10-14,1
896878,896878,"Intuit, Inc.",2017-04-02,0,0000896878-17-000080,2017-07-21,8-K,"5.02,9.01",a8-kshelldeborahliuonboard.htm,1,2015-04-03,2017-10-14,1
896878,896878,"Intuit, Inc.",2017-04-02,0,0000896878-16-000219,2016-05-09,8-K,"5.02,5.03,9.01",a8-kshellfor5x2016vasqueza.htm,1,2015-04-03,2017-10-14,1
896878,896878,"Intuit, Inc.",2017-04-02,0,0001193125-15-360231,2015-10-30,8-K,"5.02,8.01,9.01",d64564d8k.htm,1,2015-04-03,2017-10-14,1
896878,896878,Intuit Inc,2017-04-17,0,0000896878-17-000162,2017-10-19,8-K,"5.02,8.01,9.01",a8-kshellboardann101917.htm,1,2015-04-18,2017-11-01,1
896878,896878,Intuit Inc,2017-04-17,0,0000896878-17-000117,2017-08-22,8-K,"2.02,5.02,8.01,9.01",fy17q4earnings8-kshell.htm,1,2015-04-18,2017-11-01,1
896878,896878,Intuit Inc,2017-04-17,0,0000896878-17-000080,2017-07-21,8-K,"5.02,9.01",a8-kshelldeborahliuonboard.htm,1,2015-04-18,2017-11-01,1
896878,896878,Intuit Inc,2017-04-17,0,0000896878-16-000219,2016-05-09,8-K,"5.02,5.03,9.01",a8-kshellfor5x2016vasqueza.htm,1,2015-04-18,2017-11-01,1
896878,896878,Intuit Inc,2017-04-17,0,0001193125-15-360231,2015-10-30,8-K,"5.02,8.01,9.01",d64564d8k.htm,1,2015-04-18,2017-11-01,1
896878,896878,Intuit Inc,2017-04-30,0,0000896878-17-000162,2017-10-19,8-K,"5.02,8.01,9.01",a8-kshellboardann101917.htm,1,2015-05-01,2017-11-13,1
896878,896878,Intuit Inc,2017-04-30,0,0000896878-17-000117,2017-08-22,8-K,"2.02,5.02,8.01,9.01",fy17q4earnings8-kshell.htm,1,2015-05-01,2017-11-13,1
896878,896878,Intuit Inc,2017-04-30,0,0000896878-17-000080,2017-07-21,8-K,"5.02,9.01",a8-kshelldeborahliuonboard.htm,1,2015-05-01,2017-11-13,1
896878,896878,Intuit Inc,2017-04-30,0,0000896878-16-000219,2016-05-09,8-K,"5.02,5.03,9.01",a8-kshellfor5x2016vasqueza.htm,1,2015-05-01,2017-11-13,1
896878,896878,Intuit Inc,2017-04-30,0,0001193125-15-360231,2015-10-30,8-K,"5.02,8.01,9.01",d64564d8k.htm,1,2015-05-01,2017-11-13,1
896878,896878,Intuit Inc.,2017-06-01,0,0000896878-17-000162,2017-10-19,8-K,"5.02,8.01,9.01",a8-kshellboardann101917.htm,1,2015-06-02,2018-01-17,1
896878,896878,Intuit Inc.,2017-06-01,0,0000896878-17-000117,2017-08-22,8-K,"2.02,5.02,8.01,9.01",fy17q4earnings8-kshell.htm,1,2015-06-02,2018-01-17,1
896878,896878,Intuit Inc.,2017-06-01,0,0000896878-17-000080,2017-07-21,8-K,"5.02,9.01",a8-kshelldeborahliuonboard.htm,1,2015-06-02,2018-01-17,1
896878,896878,Intuit Inc.,2017-06-01,0,0000896878-16-000219,2016-05-09,8-K,"5.02,5.03,9.01",a8-kshellfor5x2016vasqueza.htm,1,2015-06-02,2018-01-17,1
896878,896878,Intuit Inc.,2017-06-01,0,0001193125-15-360231,2015-10-30,8-K,"5.02,8.01,9.01",d64564d8k.htm,1,2015-06-02,2018-01-17,1
896878,896878,"Intuit, Inc.",2017-06-14,0,0000896878-17-000162,2017-10-19,8-K,"5.02,8.01,9.01",a8-kshellboardann101917.htm,1,2015-06-15,2017-12-11,1
896878,896878,"Intuit, Inc.",2017-06-14,0,0000896878-17-000117,2017-08-22,8-K,"2.02,5.02,8.01,9.01",fy17q4earnings8-kshell.htm,1,2015-06-15,2017-12-11,1
896878,896878,"Intuit, Inc.",2017-06-14,0,0000896878-17-000080,2017-07-21,8-K,"5.02,9.01",a8-kshelldeborahliuonboard.htm,1,2015-06-15,2017-12-11,1
896878,896878,"Intuit, Inc.",2017-06-14,0,0000896878-16-000219,2016-05-09,8-K,"5.02,5.03,9.01",a8-kshellfor5x2016vasqueza.htm,1,2015-06-15,2017-12-11,1
896878,896878,"Intuit, Inc.",2017-06-14,0,0001193125-15-360231,2015-10-30,8-K,"5.02,8.01,9.01",d64564d8k.htm,1,2015-06-15,2017-12-11,1
896878,896878,"Intuit, Inc.",2017-07-30,0,0000896878-18-000025,2018-01-23,8-K,"5.02,5.07,8.01,9.01",a8-kshell012318.htm,1,2015-07-31,2018-02-11,1
896878,896878,"Intuit, Inc.",2017-07-30,0,0000896878-17-000162,2017-10-19,8-K,"5.02,8.01,9.01",a8-kshellboardann101917.htm,1,2015-07-31,2018-02-11,1
896878,896878,"Intuit, Inc.",2017-07-30,0,0000896878-17-000117,2017-08-22,8-K,"2.02,5.02,8.01,9.01",fy17q4earnings8-kshell.htm,1,2015-07-31,2018-02-11,1
896878,896878,"Intuit, Inc.",2017-07-30,0,0000896878-17-000080,2017-07-21,8-K,"5.02,9.01",a8-kshelldeborahliuonboard.htm,1,2015-07-31,2018-02-11,1
896878,896878,"Intuit, Inc.",2017-07-30,0,0000896878-16-000219,2016-05-09,8-K,"5.02,5.03,9.01",a8-kshellfor5x2016vasqueza.htm,1,2015-07-31,2018-02-11,1
896878,896878,"Intuit, Inc.",2017-07-30,0,0001193125-15-360231,2015-10-30,8-K,"5.02,8.01,9.01",d64564d8k.htm,1,2015-07-31,2018-02-11,1
896878,896878,Intuit Inc.,2017-08-08,0,0000896878-18-000025,2018-01-23,8-K,"5.02,5.07,8.01,9.01",a8-kshell012318.htm,1,2015-08-09,2018-02-04,1
896878,896878,Intuit Inc.,2017-08-08,0,0000896878-17-000162,2017-10-19,8-K,"5.02,8.01,9.01",a8-kshellboardann101917.htm,1,2015-08-09,2018-02-04,1
896878,896878,Intuit Inc.,2017-08-08,0,0000896878-17-000117,2017-08-22,8-K,"2.02,5.02,8.01,9.01",fy17q4earnings8-kshell.htm,1,2015-08-09,2018-02-04,1
896878,896878,Intuit Inc.,2017-08-08,0,0000896878-17-000080,2017-07-21,8-K,"5.02,9.01",a8-kshelldeborahliuonboard.htm,1,2015-08-09,2018-02-04,1
896878,896878,Intuit Inc.,2017-08-08,0,0000896878-16-000219,2016-05-09,8-K,"5.02,5.03,9.01",a8-kshellfor5x2016vasqueza.htm,1,2015-08-09,2018-02-04,1
896878,896878,Intuit Inc.,2017-08-08,0,0001193125-15-360231,2015-10-30,8-K,"5.02,8.01,9.01",d64564d8k.htm,1,2015-08-09,2018-02-04,1
896878,896878,Intuit Inc.,2017-08-16,0,0000896878-18-000025,2018-01-23,8-K,"5.02,5.07,8.01,9.01",a8-kshell012318.htm,1,2015-08-17,2018-02-12,1
896878,896878,Intuit Inc.,2017-08-16,0,0000896878-17-000162,2017-10-19,8-K,"5.02,8.01,9.01",a8-kshellboardann101917.htm,1,2015-08-17,2018-02-12,1
896878,896878,Intuit Inc.,2017-08-16,0,0000896878-17-000117,2017-08-22,8-K,"2.02,5.02,8.01,9.01",fy17q4earnings8-kshell.htm,1,2015-08-17,2018-02-12,1
896878,896878,Intuit Inc.,2017-08-16,0,0000896878-17-000080,2017-07-21,8-K,"5.02,9.01",a8-kshelldeborahliuonboard.htm,1,2015-08-17,2018-02-12,1
896878,896878,Intuit Inc.,2017-08-16,0,0000896878-16-000219,2016-05-09,8-K,"5.02,5.03,9.01",a8-kshellfor5x2016vasqueza.htm,1,2015-08-17,2018-02-12,1
896878,896878,Intuit Inc.,2017-08-16,0,0001193125-15-360231,2015-10-30,8-K,"5.02,8.01,9.01",d64564d8k.htm,1,2015-08-17,2018-02-12,1
896878,896878,Intuit Inc.,2017-08-25,0,0000896878-18-000025,2018-01-23,8-K,"5.02,5.07,8.01,9.01",a8-kshell012318.htm,1,2015-08-26,2018-02-21,1
896878,896878,Intuit Inc.,2017-08-25,0,0000896878-17-000162,2017-10-19,8-K,"5.02,8.01,9.01",a8-kshellboardann101917.htm,1,2015-08-26,2018-02-21,1
896878,896878,Intuit Inc.,2017-08-25,0,0000896878-17-000117,2017-08-22,8-K,"2.02,5.02,8.01,9.01",fy17q4earnings8-kshell.htm,1,2015-08-26,2018-02-21,1
896878,896878,Intuit Inc.,2017-08-25,0,0000896878-17-000080,2017-07-21,8-K,"5.02,9.01",a8-kshelldeborahliuonboard.htm,1,2015-08-26,2018-02-21,1
896878,896878,Intuit Inc.,2017-08-25,0,0000896878-16-000219,2016-05-09,8-K,"5.02,5.03,9.01",a8-kshellfor5x2016vasqueza.htm,1,2015-08-26,2018-02-21,1
896878,896878,Intuit Inc.,2017-08-25,0,0001193125-15-360231,2015-10-30,8-K,"5.02,8.01,9.01",d64564d8k.htm,1,2015-08-26,2018-02-21,1
896878,896878,Intuit Inc,2017-09-01,0,0000896878-18-000025,2018-01-23,8-K,"5.02,5.07,8.01,9.01",a8-kshell012318.htm,1,2015-09-02,2018-02-28,1
896878,896878,Intuit Inc,2017-09-01,0,0000896878-17-000162,2017-10-19,8-K,"5.02,8.01,9.01",a8-kshellboardann101917.htm,1,2015-09-02,2018-02-28,1
896878,896878,Intuit Inc,2017-09-01,0,0000896878-17-000117,2017-08-22,8-K,"2.02,5.02,8.01,9.01",fy17q4earnings8-kshell.htm,1,2015-09-02,2018-02-28,1
896878,896878,Intuit Inc,2017-09-01,0,0000896878-17-000080,2017-07-21,8-K,"5.02,9.01",a8-kshelldeborahliuonboard.htm,1,2015-09-02,2018-02-28,1
896878,896878,Intuit Inc,2017-09-01,0,0000896878-16-000219,2016-05-09,8-K,"5.02,5.03,9.01",a8-kshellfor5x2016vasqueza.htm,1,2015-09-02,2018-02-28,1
896878,896878,Intuit Inc,2017-09-01,0,0001193125-15-360231,2015-10-30,8-K,"5.02,8.01,9.01",d64564d8k.htm,1,2015-09-02,2018-02-28,1
896878,896878,Intuit,2017-10-17,0,0000896878-18-000025,2018-01-23,8-K,"5.02,5.07,8.01,9.01",a8-kshell012318.htm,1,2015-10-18,2018-04-15,1
896878,896878,Intuit,2017-10-17,0,0000896878-17-000162,2017-10-19,8-K,"5.02,8.01,9.01",a8-kshellboardann101917.htm,1,2015-10-18,2018-04-15,1
896878,896878,Intuit,2017-10-17,0,0000896878-17-000117,2017-08-22,8-K,"2.02,5.02,8.01,9.01",fy17q4earnings8-kshell.htm,1,2015-10-18,2018-04-15,1
896878,896878,Intuit,2017-10-17,0,0000896878-17-000080,2017-07-21,8-K,"5.02,9.01",a8-kshelldeborahliuonboard.htm,1,2015-10-18,2018-04-15,1
896878,896878,Intuit,2017-10-17,0,0000896878-16-000219,2016-05-09,8-K,"5.02,5.03,9.01",a8-kshellfor5x2016vasqueza.htm,1,2015-10-18,2018-04-15,1
896878,896878,Intuit,2017-10-17,0,0001193125-15-360231,2015-10-30,8-K,"5.02,8.01,9.01",d64564d8k.htm,1,2015-10-18,2018-04-15,1
896878,896878,Intuit Inc.,2018-02-06,0,0000896878-18-000162,2018-08-23,8-K,"2.02,5.02,8.01,9.01",fy18q4earnings8-kshell.htm,1,2016-02-07,2018-09-01,1
896878,896878,Intuit Inc.,2018-02-06,0,0000896878-18-000073,2018-05-22,8-K,"2.02,5.02,8.01,9.01",fy18q3earnings8-kshell.htm,1,2016-02-07,2018-09-01,1
896878,896878,Intuit Inc.,2018-02-06,0,0000896878-18-000025,2018-01-23,8-K,"5.02,5.07,8.01,9.01",a8-kshell012318.htm,1,2016-02-07,2018-09-01,1
896878,896878,Intuit Inc.,2018-02-06,0,0000896878-17-000162,2017-10-19,8-K,"5.02,8.01,9.01",a8-kshellboardann101917.htm,1,2016-02-07,2018-09-01,1
896878,896878,Intuit Inc.,2018-02-06,0,0000896878-17-000117,2017-08-22,8-K,"2.02,5.02,8.01,9.01",fy17q4earnings8-kshell.htm,1,2016-02-07,2018-09-01,1
896878,896878,Intuit Inc.,2018-02-06,0,0000896878-17-000080,2017-07-21,8-K,"5.02,9.01",a8-kshelldeborahliuonboard.htm,1,2016-02-07,2018-09-01,1
896878,896878,Intuit Inc.,2018-02-06,0,0000896878-16-000219,2016-05-09,8-K,"5.02,5.03,9.01",a8-kshellfor5x2016vasqueza.htm,1,2016-02-07,2018-09-01,1
896878,896878,Intuit Inc.,2018-03-14,0,0000896878-18-000162,2018-08-23,8-K,"2.02,5.02,8.01,9.01",fy18q4earnings8-kshell.htm,1,2016-03-14,2018-09-10,1
896878,896878,Intuit Inc.,2018-03-14,0,0000896878-18-000073,2018-05-22,8-K,"2.02,5.02,8.01,9.01",fy18q3earnings8-kshell.htm,1,2016-03-14,2018-09-10,1
896878,896878,Intuit Inc.,2018-03-14,0,0000896878-18-000025,2018-01-23,8-K,"5.02,5.07,8.01,9.01",a8-kshell012318.htm,1,2016-03-14,2018-09-10,1
896878,896878,Intuit Inc.,2018-03-14,0,0000896878-17-000162,2017-10-19,8-K,"5.02,8.01,9.01",a8-kshellboardann101917.htm,1,2016-03-14,2018-09-10,1
896878,896878,Intuit Inc.,2018-03-14,0,0000896878-17-000117,2017-08-22,8-K,"2.02,5.02,8.01,9.01",fy17q4earnings8-kshell.htm,1,2016-03-14,2018-09-10,1
896878,896878,Intuit Inc.,2018-03-14,0,0000896878-17-000080,2017-07-21,8-K,"5.02,9.01",a8-kshelldeborahliuonboard.htm,1,2016-03-14,2018-09-10,1
896878,896878,Intuit Inc.,2018-03-14,0,0000896878-16-000219,2016-05-09,8-K,"5.02,5.03,9.01",a8-kshellfor5x2016vasqueza.htm,1,2016-03-14,2018-09-10,1
896878,896878,Intuit,2018-04-26,0,0000896878-18-000162,2018-08-23,8-K,"2.02,5.02,8.01,9.01",fy18q4earnings8-kshell.htm,1,2016-04-26,2018-10-23,1
896878,896878,Intuit,2018-04-26,0,0000896878-18-000073,2018-05-22,8-K,"2.02,5.02,8.01,9.01",fy18q3earnings8-kshell.htm,1,2016-04-26,2018-10-23,1
896878,896878,Intuit,2018-04-26,0,0000896878-18-000025,2018-01-23,8-K,"5.02,5.07,8.01,9.01",a8-kshell012318.htm,1,2016-04-26,2018-10-23,1
896878,896878,Intuit,2018-04-26,0,0000896878-17-000162,2017-10-19,8-K,"5.02,8.01,9.01",a8-kshellboardann101917.htm,1,2016-04-26,2018-10-23,1
896878,896878,Intuit,2018-04-26,0,0000896878-17-000117,2017-08-22,8-K,"2.02,5.02,8.01,9.01",fy17q4earnings8-kshell.htm,1,2016-04-26,2018-10-23,1
896878,896878,Intuit,2018-04-26,0,0000896878-17-000080,2017-07-21,8-K,"5.02,9.01",a8-kshelldeborahliuonboard.htm,1,2016-04-26,2018-10-23,1
896878,896878,Intuit,2018-04-26,0,0000896878-16-000219,2016-05-09,8-K,"5.02,5.03,9.01",a8-kshellfor5x2016vasqueza.htm,1,2016-04-26,2018-10-23,1
896878,896878,Intuit,2018-05-16,0,0000896878-18-000207,2018-11-05,8-K,"5.02,8.01",a8-kshell110518.htm,1,2016-05-16,2018-11-12,1
896878,896878,Intuit,2018-05-16,0,0000896878-18-000162,2018-08-23,8-K,"2.02,5.02,8.01,9.01",fy18q4earnings8-kshell.htm,1,2016-05-16,2018-11-12,1
896878,896878,Intuit,2018-05-16,0,0000896878-18-000073,2018-05-22,8-K,"2.02,5.02,8.01,9.01",fy18q3earnings8-kshell.htm,1,2016-05-16,2018-11-12,1
896878,896878,Intuit,2018-05-16,0,0000896878-18-000025,2018-01-23,8-K,"5.02,5.07,8.01,9.01",a8-kshell012318.htm,1,2016-05-16,2018-11-12,1
896878,896878,Intuit,2018-05-16,0,0000896878-17-000162,2017-10-19,8-K,"5.02,8.01,9.01",a8-kshellboardann101917.htm,1,2016-05-16,2018-11-12,1
896878,896878,Intuit,2018-05-16,0,0000896878-17-000117,2017-08-22,8-K,"2.02,5.02,8.01,9.01",fy17q4earnings8-kshell.htm,1,2016-05-16,2018-11-12,1
896878,896878,Intuit,2018-05-16,0,0000896878-17-000080,2017-07-21,8-K,"5.02,9.01",a8-kshelldeborahliuonboard.htm,1,2016-05-16,2018-11-12,1
896878,896878,Intuit Inc,2018-06-15,0,0000896878-18-000207,2018-11-05,8-K,"5.02,8.01",a8-kshell110518.htm,1,2016-06-15,2018-12-12,1
896878,896878,Intuit Inc,2018-06-15,0,0000896878-18-000162,2018-08-23,8-K,"2.02,5.02,8.01,9.01",fy18q4earnings8-kshell.htm,1,2016-06-15,2018-12-12,1
896878,896878,Intuit Inc,2018-06-15,0,0000896878-18-000073,2018-05-22,8-K,"2.02,5.02,8.01,9.01",fy18q3earnings8-kshell.htm,1,2016-06-15,2018-12-12,1
896878,896878,Intuit Inc,2018-06-15,0,0000896878-18-000025,2018-01-23,8-K,"5.02,5.07,8.01,9.01",a8-kshell012318.htm,1,2016-06-15,2018-12-12,1
896878,896878,Intuit Inc,2018-06-15,0,0000896878-17-000162,2017-10-19,8-K,"5.02,8.01,9.01",a8-kshellboardann101917.htm,1,2016-06-15,2018-12-12,1
896878,896878,Intuit Inc,2018-06-15,0,0000896878-17-000117,2017-08-22,8-K,"2.02,5.02,8.01,9.01",fy17q4earnings8-kshell.htm,1,2016-06-15,2018-12-12,1
896878,896878,Intuit Inc,2018-06-15,0,0000896878-17-000080,2017-07-21,8-K,"5.02,9.01",a8-kshelldeborahliuonboard.htm,1,2016-06-15,2018-12-12,1
896878,896878,"Intuit, Inc.",2019-01-29,0,0000896878-18-000207,2018-11-05,8-K,"5.02,8.01",a8-kshell110518.htm,1,2017-01-29,2019-08-25,1
896878,896878,"Intuit, Inc.",2019-01-29,0,0000896878-18-000162,2018-08-23,8-K,"2.02,5.02,8.01,9.01",fy18q4earnings8-kshell.htm,1,2017-01-29,2019-08-25,1
896878,896878,"Intuit, Inc.",2019-01-29,0,0000896878-18-000073,2018-05-22,8-K,"2.02,5.02,8.01,9.01",fy18q3earnings8-kshell.htm,1,2017-01-29,2019-08-25,1
896878,896878,"Intuit, Inc.",2019-01-29,0,0000896878-18-000025,2018-01-23,8-K,"5.02,5.07,8.01,9.01",a8-kshell012318.htm,1,2017-01-29,2019-08-25,1
896878,896878,"Intuit, Inc.",2019-01-29,0,0000896878-17-000162,2017-10-19,8-K,"5.02,8.01,9.01",a8-kshellboardann101917.htm,1,2017-01-29,2019-08-25,1
896878,896878,"Intuit, Inc.",2019-01-29,0,0000896878-17-000117,2017-08-22,8-K,"2.02,5.02,8.01,9.01",fy17q4earnings8-kshell.htm,1,2017-01-29,2019-08-25,1
896878,896878,"Intuit, Inc.",2019-01-29,0,0000896878-17-000080,2017-07-21,8-K,"5.02,9.01",a8-kshelldeborahliuonboard.htm,1,2017-01-29,2019-08-25,1
896878,896878,"Intuit, Inc.",2019-02-21,0,0000896878-18-000207,2018-11-05,8-K,"5.02,8.01",a8-kshell110518.htm,1,2017-02-21,2019-09-08,1
896878,896878,"Intuit, Inc.",2019-02-21,0,0000896878-18-000162,2018-08-23,8-K,"2.02,5.02,8.01,9.01",fy18q4earnings8-kshell.htm,1,2017-02-21,2019-09-08,1
896878,896878,"Intuit, Inc.",2019-02-21,0,0000896878-18-000073,2018-05-22,8-K,"2.02,5.02,8.01,9.01",fy18q3earnings8-kshell.htm,1,2017-02-21,2019-09-08,1
896878,896878,"Intuit, Inc.",2019-02-21,0,0000896878-18-000025,2018-01-23,8-K,"5.02,5.07,8.01,9.01",a8-kshell012318.htm,1,2017-02-21,2019-09-08,1
896878,896878,"Intuit, Inc.",2019-02-21,0,0000896878-17-000162,2017-10-19,8-K,"5.02,8.01,9.01",a8-kshellboardann101917.htm,1,2017-02-21,2019-09-08,1
896878,896878,"Intuit, Inc.",2019-02-21,0,0000896878-17-000117,2017-08-22,8-K,"2.02,5.02,8.01,9.01",fy17q4earnings8-kshell.htm,1,2017-02-21,2019-09-08,1
896878,896878,"Intuit, Inc.",2019-02-21,0,0000896878-17-000080,2017-07-21,8-K,"5.02,9.01",a8-kshelldeborahliuonboard.htm,1,2017-02-21,2019-09-08,1
896878,896878,Intuit Inc.,2019-03-21,0,0000896878-18-000207,2018-11-05,8-K,"5.02,8.01",a8-kshell110518.htm,1,2017-03-21,2020-01-22,1
896878,896878,Intuit Inc.,2019-03-21,0,0000896878-18-000162,2018-08-23,8-K,"2.02,5.02,8.01,9.01",fy18q4earnings8-kshell.htm,1,2017-03-21,2020-01-22,1
896878,896878,Intuit Inc.,2019-03-21,0,0000896878-18-000073,2018-05-22,8-K,"2.02,5.02,8.01,9.01",fy18q3earnings8-kshell.htm,1,2017-03-21,2020-01-22,1
896878,896878,Intuit Inc.,2019-03-21,0,0000896878-18-000025,2018-01-23,8-K,"5.02,5.07,8.01,9.01",a8-kshell012318.htm,1,2017-03-21,2020-01-22,1
896878,896878,Intuit Inc.,2019-03-21,0,0000896878-17-000162,2017-10-19,8-K,"5.02,8.01,9.01",a8-kshellboardann101917.htm,1,2017-03-21,2020-01-22,1
896878,896878,Intuit Inc.,2019-03-21,0,0000896878-17-000117,2017-08-22,8-K,"2.02,5.02,8.01,9.01",fy17q4earnings8-kshell.htm,1,2017-03-21,2020-01-22,1
896878,896878,Intuit Inc.,2019-03-21,0,0000896878-17-000080,2017-07-21,8-K,"5.02,9.01",a8-kshelldeborahliuonboard.htm,1,2017-03-21,2020-01-22,1
896878,896878,"Intuit, Inc.",2019-03-26,0,0000896878-18-000207,2018-11-05,8-K,"5.02,8.01",a8-kshell110518.htm,1,2017-03-26,2019-09-22,1
896878,896878,"Intuit, Inc.",2019-03-26,0,0000896878-18-000162,2018-08-23,8-K,"2.02,5.02,8.01,9.01",fy18q4earnings8-kshell.htm,1,2017-03-26,2019-09-22,1
896878,896878,"Intuit, Inc.",2019-03-26,0,0000896878-18-000073,2018-05-22,8-K,"2.02,5.02,8.01,9.01",fy18q3earnings8-kshell.htm,1,2017-03-26,2019-09-22,1
896878,896878,"Intuit, Inc.",2019-03-26,0,0000896878-18-000025,2018-01-23,8-K,"5.02,5.07,8.01,9.01",a8-kshell012318.htm,1,2017-03-26,2019-09-22,1
896878,896878,"Intuit, Inc.",2019-03-26,0,0000896878-17-000162,2017-10-19,8-K,"5.02,8.01,9.01",a8-kshellboardann101917.htm,1,2017-03-26,2019-09-22,1
896878,896878,"Intuit, Inc.",2019-03-26,0,0000896878-17-000117,2017-08-22,8-K,"2.02,5.02,8.01,9.01",fy17q4earnings8-kshell.htm,1,2017-03-26,2019-09-22,1
896878,896878,"Intuit, Inc.",2019-03-26,0,0000896878-17-000080,2017-07-21,8-K,"5.02,9.01",a8-kshelldeborahliuonboard.htm,1,2017-03-26,2019-09-22,1
896878,896878,Intuit Inc.,2019-04-07,0,0000896878-18-000207,2018-11-05,8-K,"5.02,8.01",a8-kshell110518.htm,1,2017-04-07,2019-10-13,1
896878,896878,Intuit Inc.,2019-04-07,0,0000896878-18-000162,2018-08-23,8-K,"2.02,5.02,8.01,9.01",fy18q4earnings8-kshell.htm,1,2017-04-07,2019-10-13,1
896878,896878,Intuit Inc.,2019-04-07,0,0000896878-18-000073,2018-05-22,8-K,"2.02,5.02,8.01,9.01",fy18q3earnings8-kshell.htm,1,2017-04-07,2019-10-13,1
896878,896878,Intuit Inc.,2019-04-07,0,0000896878-18-000025,2018-01-23,8-K,"5.02,5.07,8.01,9.01",a8-kshell012318.htm,1,2017-04-07,2019-10-13,1
896878,896878,Intuit Inc.,2019-04-07,0,0000896878-17-000162,2017-10-19,8-K,"5.02,8.01,9.01",a8-kshellboardann101917.htm,1,2017-04-07,2019-10-13,1
896878,896878,Intuit Inc.,2019-04-07,0,0000896878-17-000117,2017-08-22,8-K,"2.02,5.02,8.01,9.01",fy17q4earnings8-kshell.htm,1,2017-04-07,2019-10-13,1
896878,896878,Intuit Inc.,2019-04-07,0,0000896878-17-000080,2017-07-21,8-K,"5.02,9.01",a8-kshelldeborahliuonboard.htm,1,2017-04-07,2019-10-13,1
896878,896878,Intuit,2019-04-16,0,0000896878-18-000207,2018-11-05,8-K,"5.02,8.01",a8-kshell110518.htm,1,2017-04-16,2019-10-13,1
896878,896878,Intuit,2019-04-16,0,0000896878-18-000162,2018-08-23,8-K,"2.02,5.02,8.01,9.01",fy18q4earnings8-kshell.htm,1,2017-04-16,2019-10-13,1
896878,896878,Intuit,2019-04-16,0,0000896878-18-000073,2018-05-22,8-K,"2.02,5.02,8.01,9.01",fy18q3earnings8-kshell.htm,1,2017-04-16,2019-10-13,1
896878,896878,Intuit,2019-04-16,0,0000896878-18-000025,2018-01-23,8-K,"5.02,5.07,8.01,9.01",a8-kshell012318.htm,1,2017-04-16,2019-10-13,1
896878,896878,Intuit,2019-04-16,0,0000896878-17-000162,2017-10-19,8-K,"5.02,8.01,9.01",a8-kshellboardann101917.htm,1,2017-04-16,2019-10-13,1
896878,896878,Intuit,2019-04-16,0,0000896878-17-000117,2017-08-22,8-K,"2.02,5.02,8.01,9.01",fy17q4earnings8-kshell.htm,1,2017-04-16,2019-10-13,1
896878,896878,Intuit,2019-04-16,0,0000896878-17-000080,2017-07-21,8-K,"5.02,9.01",a8-kshelldeborahliuonboard.htm,1,2017-04-16,2019-10-13,1
896878,896878,Intuit Inc,2019-09-20,0,0000896878-18-000207,2018-11-05,8-K,"5.02,8.01",a8-kshell110518.htm,1,2017-09-20,2020-08-19,1
896878,896878,Intuit Inc,2019-09-20,0,0000896878-18-000162,2018-08-23,8-K,"2.02,5.02,8.01,9.01",fy18q4earnings8-kshell.htm,1,2017-09-20,2020-08-19,1
896878,896878,Intuit Inc,2019-09-20,0,0000896878-18-000073,2018-05-22,8-K,"2.02,5.02,8.01,9.01",fy18q3earnings8-kshell.htm,1,2017-09-20,2020-08-19,1
896878,896878,Intuit Inc,2019-09-20,0,0000896878-18-000025,2018-01-23,8-K,"5.02,5.07,8.01,9.01",a8-kshell012318.htm,1,2017-09-20,2020-08-19,1
896878,896878,Intuit Inc,2019-09-20,0,0000896878-17-000162,2017-10-19,8-K,"5.02,8.01,9.01",a8-kshellboardann101917.htm,1,2017-09-20,2020-08-19,1
896878,896878,Intuit,2020-03-31,0,0000896878-18-000207,2018-11-05,8-K,"5.02,8.01",a8-kshell110518.htm,1,2018-04-01,2020-09-27,1
896878,896878,Intuit,2020-03-31,0,0000896878-18-000162,2018-08-23,8-K,"2.02,5.02,8.01,9.01",fy18q4earnings8-kshell.htm,1,2018-04-01,2020-09-27,1
896878,896878,Intuit,2020-03-31,0,0000896878-18-000073,2018-05-22,8-K,"2.02,5.02,8.01,9.01",fy18q3earnings8-kshell.htm,1,2018-04-01,2020-09-27,1
896878,896878,Intuit Inc.,2020-04-12,0,0000896878-20-000202,2020-10-20,8-K,"5.02,9.01",intu-20201016.htm,1,2018-04-13,2020-11-09,1
896878,896878,Intuit Inc.,2020-04-12,0,0000896878-18-000207,2018-11-05,8-K,"5.02,8.01",a8-kshell110518.htm,1,2018-04-13,2020-11-09,1
896878,896878,Intuit Inc.,2020-04-12,0,0000896878-18-000162,2018-08-23,8-K,"2.02,5.02,8.01,9.01",fy18q4earnings8-kshell.htm,1,2018-04-13,2020-11-09,1
896878,896878,Intuit Inc.,2020-04-12,0,0000896878-18-000073,2018-05-22,8-K,"2.02,5.02,8.01,9.01",fy18q3earnings8-kshell.htm,1,2018-04-13,2020-11-09,1
896878,896878,Intuit Inc,2022-02-06,0,0000896878-22-000019,2022-05-24,8-K,"2.02,5.02,8.01,9.01",intu-20220524.htm,1,2020-02-07,2022-10-11,1
896878,896878,Intuit Inc,2022-02-06,0,0000896878-22-000003,2022-01-24,8-K,"5.02,5.07,9.01",intu-20220120.htm,1,2020-02-07,2022-10-11,1
896878,896878,Intuit Inc,2022-02-06,0,0000896878-21-000255,2021-11-10,8-K,5.02,intu-20211104.htm,1,2020-02-07,2022-10-11,1
896878,896878,Intuit Inc,2022-02-06,0,0000896878-20-000202,2020-10-20,8-K,"5.02,9.01",intu-20201016.htm,1,2020-02-07,2022-10-11,1
896878,896878,Intuit Inc.,2022-04-15,0,0000896878-22-000019,2022-05-24,8-K,"2.02,5.02,8.01,9.01",intu-20220524.htm,1,2020-04-15,2022-10-12,1
896878,896878,Intuit Inc.,2022-04-15,0,0000896878-22-000003,2022-01-24,8-K,"5.02,5.07,9.01",intu-20220120.htm,1,2020-04-15,2022-10-12,1
896878,896878,Intuit Inc.,2022-04-15,0,0000896878-21-000255,2021-11-10,8-K,5.02,intu-20211104.htm,1,2020-04-15,2022-10-12,1
896878,896878,Intuit Inc.,2022-04-15,0,0000896878-20-000202,2020-10-20,8-K,"5.02,9.01",intu-20201016.htm,1,2020-04-15,2022-10-12,1
896878,896878,Intuit Inc.,2023-01-01,0,0000896878-23-000028,2023-08-14,8-K,"5.02,9.01",intu-20230814.htm,1,2021-01-01,2024-03-13,1
896878,896878,Intuit Inc.,2023-01-01,0,0000896878-23-000016,2023-05-04,8-K,"5.02,9.01",intu-20230504.htm,1,2021-01-01,2024-03-13,1
896878,896878,Intuit Inc.,2023-01-01,0,0000896878-23-000009,2023-02-23,8-K,"2.02,5.02,8.01,9.01",intu-20230223.htm,1,2021-01-01,2024-03-13,1
896878,896878,Intuit Inc.,2023-01-01,0,0000896878-22-000019,2022-05-24,8-K,"2.02,5.02,8.01,9.01",intu-20220524.htm,1,2021-01-01,2024-03-13,1
896878,896878,Intuit Inc.,2023-01-01,0,0000896878-22-000003,2022-01-24,8-K,"5.02,5.07,9.01",intu-20220120.htm,1,2021-01-01,2024-03-13,1
896878,896878,Intuit Inc.,2023-01-01,0,0000896878-21-000255,2021-11-10,8-K,5.02,intu-20211104.htm,1,2021-01-01,2024-03-13,1
896878,896878,Intuit Inc,2023-06-04,0,0000896878-24-000032,2024-07-25,8-K,"5.02,9.01",intu-20240724.htm,1,2021-06-04,2024-09-11,1
896878,896878,Intuit Inc,2023-06-04,0,0000896878-24-000021,2024-05-02,8-K,"5.02,9.01",intu-20240502.htm,1,2021-06-04,2024-09-11,1
896878,896878,Intuit Inc,2023-06-04,0,0000896878-23-000028,2023-08-14,8-K,"5.02,9.01",intu-20230814.htm,1,2021-06-04,2024-09-11,1
896878,896878,Intuit Inc,2023-06-04,0,0000896878-23-000016,2023-05-04,8-K,"5.02,9.01",intu-20230504.htm,1,2021-06-04,2024-09-11,1
896878,896878,Intuit Inc,2023-06-04,0,0000896878-23-000009,2023-02-23,8-K,"2.02,5.02,8.01,9.01",intu-20230223.htm,1,2021-06-04,2024-09-11,1
896878,896878,Intuit Inc,2023-06-04,0,0000896878-22-000019,2022-05-24,8-K,"2.02,5.02,8.01,9.01",intu-20220524.htm,1,2021-06-04,2024-09-11,1
896878,896878,Intuit Inc,2023-06-04,0,0000896878-22-000003,2022-01-24,8-K,"5.02,5.07,9.01",intu-20220120.htm,1,2021-06-04,2024-09-11,1
896878,896878,Intuit Inc,2023-06-04,0,0000896878-21-000255,2021-11-10,8-K,5.02,intu-20211104.htm,1,2021-06-04,2024-09-11,1
896878,896878,Intuit Inc.,2023-12-01,0,0000896878-24-000032,2024-07-25,8-K,"5.02,9.01",intu-20240724.htm,1,2021-12-01,2024-09-11,1
896878,896878,Intuit Inc.,2023-12-01,0,0000896878-24-000021,2024-05-02,8-K,"5.02,9.01",intu-20240502.htm,1,2021-12-01,2024-09-11,1
896878,896878,Intuit Inc.,2023-12-01,0,0000896878-23-000028,2023-08-14,8-K,"5.02,9.01",intu-20230814.htm,1,2021-12-01,2024-09-11,1
896878,896878,Intuit Inc.,2023-12-01,0,0000896878-23-000016,2023-05-04,8-K,"5.02,9.01",intu-20230504.htm,1,2021-12-01,2024-09-11,1
896878,896878,Intuit Inc.,2023-12-01,0,0000896878-23-000009,2023-02-23,8-K,"2.02,5.02,8.01,9.01",intu-20230223.htm,1,2021-12-01,2024-09-11,1
896878,896878,Intuit Inc.,2023-12-01,0,0000896878-22-000019,2022-05-24,8-K,"2.02,5.02,8.01,9.01",intu-20220524.htm,1,2021-12-01,2024-09-11,1
896878,896878,Intuit Inc.,2023-12-01,0,0000896878-22-000003,2022-01-24,8-K,"5.02,5.07,9.01",intu-20220120.htm,1,2021-12-01,2024-09-11,1
896878,896878,Intuit Inc.,2024-01-29,0,0000896878-24-000041,2024-11-04,8-K,"5.02,9.01",intu-20241031.htm,1,2022-01-29,2025-05-07,1
896878,896878,Intuit Inc.,2024-01-29,0,0000896878-24-000032,2024-07-25,8-K,"5.02,9.01",intu-20240724.htm,1,2022-01-29,2025-05-07,1
896878,896878,Intuit Inc.,2024-01-29,0,0000896878-24-000021,2024-05-02,8-K,"5.02,9.01",intu-20240502.htm,1,2022-01-29,2025-05-07,1
896878,896878,Intuit Inc.,2024-01-29,0,0000896878-23-000028,2023-08-14,8-K,"5.02,9.01",intu-20230814.htm,1,2022-01-29,2025-05-07,1
896878,896878,Intuit Inc.,2024-01-29,0,0000896878-23-000016,2023-05-04,8-K,"5.02,9.01",intu-20230504.htm,1,2022-01-29,2025-05-07,1
896878,896878,Intuit Inc.,2024-01-29,0,0000896878-23-000009,2023-02-23,8-K,"2.02,5.02,8.01,9.01",intu-20230223.htm,1,2022-01-29,2025-05-07,1
896878,896878,Intuit Inc.,2024-01-29,0,0000896878-22-000019,2022-05-24,8-K,"2.02,5.02,8.01,9.01",intu-20220524.htm,1,2022-01-29,2025-05-07,1
896878,896878,Intuit Inc,2024-03-05,0,0000896878-25-000027,2025-06-16,8-K,5.02,intu-20250612.htm,1,2022-03-06,2025-06-18,1
896878,896878,Intuit Inc,2024-03-05,0,0000896878-24-000041,2024-11-04,8-K,"5.02,9.01",intu-20241031.htm,1,2022-03-06,2025-06-18,1
896878,896878,Intuit Inc,2024-03-05,0,0000896878-24-000032,2024-07-25,8-K,"5.02,9.01",intu-20240724.htm,1,2022-03-06,2025-06-18,1
896878,896878,Intuit Inc,2024-03-05,0,0000896878-24-000021,2024-05-02,8-K,"5.02,9.01",intu-20240502.htm,1,2022-03-06,2025-06-18,1
896878,896878,Intuit Inc,2024-03-05,0,0000896878-23-000028,2023-08-14,8-K,"5.02,9.01",intu-20230814.htm,1,2022-03-06,2025-06-18,1
896878,896878,Intuit Inc,2024-03-05,0,0000896878-23-000016,2023-05-04,8-K,"5.02,9.01",intu-20230504.htm,1,2022-03-06,2025-06-18,1
896878,896878,Intuit Inc,2024-03-05,0,0000896878-23-000009,2023-02-23,8-K,"2.02,5.02,8.01,9.01",intu-20230223.htm,1,2022-03-06,2025-06-18,1
896878,896878,Intuit Inc,2024-03-05,0,0000896878-22-000019,2022-05-24,8-K,"2.02,5.02,8.01,9.01",intu-20220524.htm,1,2022-03-06,2025-06-18,1
896878,896878,Intuit Inc.,2024-12-20,0,0000896878-25-000027,2025-06-16,8-K,5.02,intu-20250612.htm,1,2022-12-21,2025-06-18,1
896878,896878,Intuit Inc.,2024-12-20,0,0000896878-24-000041,2024-11-04,8-K,"5.02,9.01",intu-20241031.htm,1,2022-12-21,2025-06-18,1
896878,896878,Intuit Inc.,2024-12-20,0,0000896878-24-000032,2024-07-25,8-K,"5.02,9.01",intu-20240724.htm,1,2022-12-21,2025-06-18,1
896878,896878,Intuit Inc.,2024-12-20,0,0000896878-24-000021,2024-05-02,8-K,"5.02,9.01",intu-20240502.htm,1,2022-12-21,2025-06-18,1
896878,896878,Intuit Inc.,2024-12-20,0,0000896878-23-000028,2023-08-14,8-K,"5.02,9.01",intu-20230814.htm,1,2022-12-21,2025-06-18,1
896878,896878,Intuit Inc.,2024-12-20,0,0000896878-23-000016,2023-05-04,8-K,"5.02,9.01",intu-20230504.htm,1,2022-12-21,2025-06-18,1
896878,896878,Intuit Inc.,2024-12-20,0,0000896878-23-000009,2023-02-23,8-K,"2.02,5.02,8.01,9.01",intu-20230223.htm,1,2022-12-21,2025-06-18,1
908937,908937,Sirius XM Radio Inc.,2012-03-19,0,0000930413-12-001340,2012-03-05,8-K,"5.02,9.01",c68784_8k.htm,1,2010-03-20,2012-10-03,1
908937,908937,Sirius XM Radio Inc.,2012-03-19,0,0000930413-11-005668,2011-08-24,8-K,"5.02,9.01",c66772_8-k.htm,1,2010-03-20,2012-10-03,1
908937,908937,Sirius XM Radio Inc.,2012-03-19,0,0000930413-11-004876,2011-07-22,8-K,"5.02,9.01",c66342_8k.htm,1,2010-03-20,2012-10-03,1
908937,908937,Sirius XM Radio Inc.,2012-03-19,0,0000950123-11-034955,2011-04-12,8-K,5.02,y90820e8vk.htm,1,2010-03-20,2012-10-03,1
908937,908937,Sirius XM Radio Inc.,2012-03-19,0,0000930413-11-001085,2011-02-15,8-K,"2.02,5.02,9.01",c64388_8k.htm,1,2010-03-20,2012-10-03,1
908937,908937,Sirius XM Satellite Radio,2012-04-12,0,0000930413-12-001340,2012-03-05,8-K,"5.02,9.01",c68784_8k.htm,1,2010-04-13,2012-10-09,1
908937,908937,Sirius XM Satellite Radio,2012-04-12,0,0000930413-11-005668,2011-08-24,8-K,"5.02,9.01",c66772_8-k.htm,1,2010-04-13,2012-10-09,1
908937,908937,Sirius XM Satellite Radio,2012-04-12,0,0000930413-11-004876,2011-07-22,8-K,"5.02,9.01",c66342_8k.htm,1,2010-04-13,2012-10-09,1
908937,908937,Sirius XM Satellite Radio,2012-04-12,0,0000950123-11-034955,2011-04-12,8-K,5.02,y90820e8vk.htm,1,2010-04-13,2012-10-09,1
908937,908937,Sirius XM Satellite Radio,2012-04-12,0,0000930413-11-001085,2011-02-15,8-K,"2.02,5.02,9.01",c64388_8k.htm,1,2010-04-13,2012-10-09,1
908937,908937,Sirius XM Radio Inc.,2016-02-01,0,0000930413-16-005595,2016-02-22,8-K,5.02,c84068_8k.htm,1,2014-02-01,2016-09-13,1
908937,908937,Sirius XM Radio Inc.,2016-02-01,0,0000930413-15-003326,2015-08-13,8-K,"5.02,9.01",c82186_8k.htm,1,2014-02-01,2016-09-13,1
908937,908937,Sirius XM Radio Inc.,2016-02-01,0,0000930413-15-003027,2015-07-08,8-K,"5.02,9.01",c81935_8k.htm,1,2014-02-01,2016-09-13,1
908937,908937,Sirius XM Radio Inc.,2016-02-01,0,0000930413-15-002950,2015-06-30,8-K,"5.02,9.01",c81858_8k.htm,1,2014-02-01,2016-09-13,1
908937,908937,Sirius XM Radio Inc.,2016-02-01,0,0000930413-15-002882,2015-06-23,8-K,"5.02,9.01",c81795_8k.htm,1,2014-02-01,2016-09-13,1
908937,908937,Sirius XM Radio Inc.,2016-02-01,0,0000930413-15-002576,2015-05-21,8-K,"5.02,5.07,9.01",c81485_8k.htm,1,2014-02-01,2016-09-13,1
908937,908937,Sirius XM Radio Inc.,2016-02-01,0,0000930413-14-004831,2014-12-11,8-K,5.02,c79487_8k.htm,1,2014-02-01,2016-09-13,1
908937,908937,Sirius XM Radio Inc.,2016-04-05,0,0000930413-16-005595,2016-02-22,8-K,5.02,c84068_8k.htm,1,2014-04-06,2016-10-02,1
908937,908937,Sirius XM Radio Inc.,2016-04-05,0,0000930413-15-003326,2015-08-13,8-K,"5.02,9.01",c82186_8k.htm,1,2014-04-06,2016-10-02,1
908937,908937,Sirius XM Radio Inc.,2016-04-05,0,0000930413-15-003027,2015-07-08,8-K,"5.02,9.01",c81935_8k.htm,1,2014-04-06,2016-10-02,1
908937,908937,Sirius XM Radio Inc.,2016-04-05,0,0000930413-15-002950,2015-06-30,8-K,"5.02,9.01",c81858_8k.htm,1,2014-04-06,2016-10-02,1
908937,908937,Sirius XM Radio Inc.,2016-04-05,0,0000930413-15-002882,2015-06-23,8-K,"5.02,9.01",c81795_8k.htm,1,2014-04-06,2016-10-02,1
908937,908937,Sirius XM Radio Inc.,2016-04-05,0,0000930413-15-002576,2015-05-21,8-K,"5.02,5.07,9.01",c81485_8k.htm,1,2014-04-06,2016-10-02,1
908937,908937,Sirius XM Radio Inc.,2016-04-05,0,0000930413-14-004831,2014-12-11,8-K,5.02,c79487_8k.htm,1,2014-04-06,2016-10-02,1
908937,908937,Sirius XM Radio Inc.,2016-08-20,0,0000930413-16-005595,2016-02-22,8-K,5.02,c84068_8k.htm,1,2014-08-21,2017-03-13,1
908937,908937,Sirius XM Radio Inc.,2016-08-20,0,0000930413-15-003326,2015-08-13,8-K,"5.02,9.01",c82186_8k.htm,1,2014-08-21,2017-03-13,1
908937,908937,Sirius XM Radio Inc.,2016-08-20,0,0000930413-15-003027,2015-07-08,8-K,"5.02,9.01",c81935_8k.htm,1,2014-08-21,2017-03-13,1
908937,908937,Sirius XM Radio Inc.,2016-08-20,0,0000930413-15-002950,2015-06-30,8-K,"5.02,9.01",c81858_8k.htm,1,2014-08-21,2017-03-13,1
908937,908937,Sirius XM Radio Inc.,2016-08-20,0,0000930413-15-002882,2015-06-23,8-K,"5.02,9.01",c81795_8k.htm,1,2014-08-21,2017-03-13,1
908937,908937,Sirius XM Radio Inc.,2016-08-20,0,0000930413-15-002576,2015-05-21,8-K,"5.02,5.07,9.01",c81485_8k.htm,1,2014-08-21,2017-03-13,1
908937,908937,Sirius XM Radio Inc.,2016-08-20,0,0000930413-14-004831,2014-12-11,8-K,5.02,c79487_8k.htm,1,2014-08-21,2017-03-13,1
908937,908937,Sirius XM Radio Inc,2016-09-26,0,0000930413-16-005595,2016-02-22,8-K,5.02,c84068_8k.htm,1,2014-09-27,2017-04-01,1
908937,908937,Sirius XM Radio Inc,2016-09-26,0,0000930413-15-003326,2015-08-13,8-K,"5.02,9.01",c82186_8k.htm,1,2014-09-27,2017-04-01,1
908937,908937,Sirius XM Radio Inc,2016-09-26,0,0000930413-15-003027,2015-07-08,8-K,"5.02,9.01",c81935_8k.htm,1,2014-09-27,2017-04-01,1
908937,908937,Sirius XM Radio Inc,2016-09-26,0,0000930413-15-002950,2015-06-30,8-K,"5.02,9.01",c81858_8k.htm,1,2014-09-27,2017-04-01,1
908937,908937,Sirius XM Radio Inc,2016-09-26,0,0000930413-15-002882,2015-06-23,8-K,"5.02,9.01",c81795_8k.htm,1,2014-09-27,2017-04-01,1
908937,908937,Sirius XM Radio Inc,2016-09-26,0,0000930413-15-002576,2015-05-21,8-K,"5.02,5.07,9.01",c81485_8k.htm,1,2014-09-27,2017-04-01,1
908937,908937,Sirius XM Radio Inc,2016-09-26,0,0000930413-14-004831,2014-12-11,8-K,5.02,c79487_8k.htm,1,2014-09-27,2017-04-01,1
908937,908937,"Sirius XM Radio, Inc.",2016-10-04,0,0000930413-16-005595,2016-02-22,8-K,5.02,c84068_8k.htm,1,2014-10-05,2017-04-02,1
908937,908937,"Sirius XM Radio, Inc.",2016-10-04,0,0000930413-15-003326,2015-08-13,8-K,"5.02,9.01",c82186_8k.htm,1,2014-10-05,2017-04-02,1
908937,908937,"Sirius XM Radio, Inc.",2016-10-04,0,0000930413-15-003027,2015-07-08,8-K,"5.02,9.01",c81935_8k.htm,1,2014-10-05,2017-04-02,1
908937,908937,"Sirius XM Radio, Inc.",2016-10-04,0,0000930413-15-002950,2015-06-30,8-K,"5.02,9.01",c81858_8k.htm,1,2014-10-05,2017-04-02,1
908937,908937,"Sirius XM Radio, Inc.",2016-10-04,0,0000930413-15-002882,2015-06-23,8-K,"5.02,9.01",c81795_8k.htm,1,2014-10-05,2017-04-02,1
908937,908937,"Sirius XM Radio, Inc.",2016-10-04,0,0000930413-15-002576,2015-05-21,8-K,"5.02,5.07,9.01",c81485_8k.htm,1,2014-10-05,2017-04-02,1
908937,908937,"Sirius XM Radio, Inc.",2016-10-04,0,0000930413-14-004831,2014-12-11,8-K,5.02,c79487_8k.htm,1,2014-10-05,2017-04-02,1
908937,908937,Sirius XM Radio Inc.,2016-10-31,0,0000930413-16-005595,2016-02-22,8-K,5.02,c84068_8k.htm,1,2014-11-01,2017-05-09,1
908937,908937,Sirius XM Radio Inc.,2016-10-31,0,0000930413-15-003326,2015-08-13,8-K,"5.02,9.01",c82186_8k.htm,1,2014-11-01,2017-05-09,1
908937,908937,Sirius XM Radio Inc.,2016-10-31,0,0000930413-15-003027,2015-07-08,8-K,"5.02,9.01",c81935_8k.htm,1,2014-11-01,2017-05-09,1
908937,908937,Sirius XM Radio Inc.,2016-10-31,0,0000930413-15-002950,2015-06-30,8-K,"5.02,9.01",c81858_8k.htm,1,2014-11-01,2017-05-09,1
908937,908937,Sirius XM Radio Inc.,2016-10-31,0,0000930413-15-002882,2015-06-23,8-K,"5.02,9.01",c81795_8k.htm,1,2014-11-01,2017-05-09,1
908937,908937,Sirius XM Radio Inc.,2016-10-31,0,0000930413-15-002576,2015-05-21,8-K,"5.02,5.07,9.01",c81485_8k.htm,1,2014-11-01,2017-05-09,1
908937,908937,Sirius XM Radio Inc.,2016-10-31,0,0000930413-14-004831,2014-12-11,8-K,5.02,c79487_8k.htm,1,2014-11-01,2017-05-09,1
908937,908937,Sirius XM Radio Inc.,2016-11-15,0,0000930413-16-005595,2016-02-22,8-K,5.02,c84068_8k.htm,1,2014-11-16,2017-05-14,1
908937,908937,Sirius XM Radio Inc.,2016-11-15,0,0000930413-15-003326,2015-08-13,8-K,"5.02,9.01",c82186_8k.htm,1,2014-11-16,2017-05-14,1
908937,908937,Sirius XM Radio Inc.,2016-11-15,0,0000930413-15-003027,2015-07-08,8-K,"5.02,9.01",c81935_8k.htm,1,2014-11-16,2017-05-14,1
908937,908937,Sirius XM Radio Inc.,2016-11-15,0,0000930413-15-002950,2015-06-30,8-K,"5.02,9.01",c81858_8k.htm,1,2014-11-16,2017-05-14,1
908937,908937,Sirius XM Radio Inc.,2016-11-15,0,0000930413-15-002882,2015-06-23,8-K,"5.02,9.01",c81795_8k.htm,1,2014-11-16,2017-05-14,1
908937,908937,Sirius XM Radio Inc.,2016-11-15,0,0000930413-15-002576,2015-05-21,8-K,"5.02,5.07,9.01",c81485_8k.htm,1,2014-11-16,2017-05-14,1
908937,908937,Sirius XM Radio Inc.,2016-11-15,0,0000930413-14-004831,2014-12-11,8-K,5.02,c79487_8k.htm,1,2014-11-16,2017-05-14,1
908937,908937,Sirius XM Radio Inc,2016-12-04,0,0000930413-16-005595,2016-02-22,8-K,5.02,c84068_8k.htm,1,2014-12-05,2017-06-14,1
908937,908937,Sirius XM Radio Inc,2016-12-04,0,0000930413-15-003326,2015-08-13,8-K,"5.02,9.01",c82186_8k.htm,1,2014-12-05,2017-06-14,1
908937,908937,Sirius XM Radio Inc,2016-12-04,0,0000930413-15-003027,2015-07-08,8-K,"5.02,9.01",c81935_8k.htm,1,2014-12-05,2017-06-14,1
908937,908937,Sirius XM Radio Inc,2016-12-04,0,0000930413-15-002950,2015-06-30,8-K,"5.02,9.01",c81858_8k.htm,1,2014-12-05,2017-06-14,1
908937,908937,Sirius XM Radio Inc,2016-12-04,0,0000930413-15-002882,2015-06-23,8-K,"5.02,9.01",c81795_8k.htm,1,2014-12-05,2017-06-14,1
908937,908937,Sirius XM Radio Inc,2016-12-04,0,0000930413-15-002576,2015-05-21,8-K,"5.02,5.07,9.01",c81485_8k.htm,1,2014-12-05,2017-06-14,1
908937,908937,Sirius XM Radio Inc,2016-12-04,0,0000930413-14-004831,2014-12-11,8-K,5.02,c79487_8k.htm,1,2014-12-05,2017-06-14,1
908937,908937,"Sirius XM Radio, Inc.",2016-12-19,0,0000930413-16-005595,2016-02-22,8-K,5.02,c84068_8k.htm,1,2014-12-20,2017-06-17,1
908937,908937,"Sirius XM Radio, Inc.",2016-12-19,0,0000930413-15-003326,2015-08-13,8-K,"5.02,9.01",c82186_8k.htm,1,2014-12-20,2017-06-17,1
908937,908937,"Sirius XM Radio, Inc.",2016-12-19,0,0000930413-15-003027,2015-07-08,8-K,"5.02,9.01",c81935_8k.htm,1,2014-12-20,2017-06-17,1
908937,908937,"Sirius XM Radio, Inc.",2016-12-19,0,0000930413-15-002950,2015-06-30,8-K,"5.02,9.01",c81858_8k.htm,1,2014-12-20,2017-06-17,1
908937,908937,"Sirius XM Radio, Inc.",2016-12-19,0,0000930413-15-002882,2015-06-23,8-K,"5.02,9.01",c81795_8k.htm,1,2014-12-20,2017-06-17,1
908937,908937,"Sirius XM Radio, Inc.",2016-12-19,0,0000930413-15-002576,2015-05-21,8-K,"5.02,5.07,9.01",c81485_8k.htm,1,2014-12-20,2017-06-17,1
908937,908937,Sirius XM Radio Inc.,2017-01-06,0,0000930413-16-005595,2016-02-22,8-K,5.02,c84068_8k.htm,1,2015-01-07,2017-07-24,1
908937,908937,Sirius XM Radio Inc.,2017-01-06,0,0000930413-15-003326,2015-08-13,8-K,"5.02,9.01",c82186_8k.htm,1,2015-01-07,2017-07-24,1
908937,908937,Sirius XM Radio Inc.,2017-01-06,0,0000930413-15-003027,2015-07-08,8-K,"5.02,9.01",c81935_8k.htm,1,2015-01-07,2017-07-24,1
908937,908937,Sirius XM Radio Inc.,2017-01-06,0,0000930413-15-002950,2015-06-30,8-K,"5.02,9.01",c81858_8k.htm,1,2015-01-07,2017-07-24,1
908937,908937,Sirius XM Radio Inc.,2017-01-06,0,0000930413-15-002882,2015-06-23,8-K,"5.02,9.01",c81795_8k.htm,1,2015-01-07,2017-07-24,1
908937,908937,Sirius XM Radio Inc.,2017-01-06,0,0000930413-15-002576,2015-05-21,8-K,"5.02,5.07,9.01",c81485_8k.htm,1,2015-01-07,2017-07-24,1
908937,908937,"Sirius XM Radio, Inc.",2017-01-25,0,0000930413-16-005595,2016-02-22,8-K,5.02,c84068_8k.htm,1,2015-01-26,2017-07-24,1
908937,908937,"Sirius XM Radio, Inc.",2017-01-25,0,0000930413-15-003326,2015-08-13,8-K,"5.02,9.01",c82186_8k.htm,1,2015-01-26,2017-07-24,1
908937,908937,"Sirius XM Radio, Inc.",2017-01-25,0,0000930413-15-003027,2015-07-08,8-K,"5.02,9.01",c81935_8k.htm,1,2015-01-26,2017-07-24,1
908937,908937,"Sirius XM Radio, Inc.",2017-01-25,0,0000930413-15-002950,2015-06-30,8-K,"5.02,9.01",c81858_8k.htm,1,2015-01-26,2017-07-24,1
908937,908937,"Sirius XM Radio, Inc.",2017-01-25,0,0000930413-15-002882,2015-06-23,8-K,"5.02,9.01",c81795_8k.htm,1,2015-01-26,2017-07-24,1
908937,908937,"Sirius XM Radio, Inc.",2017-01-25,0,0000930413-15-002576,2015-05-21,8-K,"5.02,5.07,9.01",c81485_8k.htm,1,2015-01-26,2017-07-24,1
908937,908937,Sirius XM Radio Inc.,2017-08-06,0,0000908937-18-000008,2018-01-23,8-K,5.02,siri-20180123x8xk.htm,1,2015-08-07,2018-02-27,1
908937,908937,Sirius XM Radio Inc.,2017-08-06,0,0000908937-18-000005,2018-01-11,8-K,"5.02,9.01",siri-20180111x8xk.htm,1,2015-08-07,2018-02-27,1
908937,908937,Sirius XM Radio Inc.,2017-08-06,0,0000930413-16-005595,2016-02-22,8-K,5.02,c84068_8k.htm,1,2015-08-07,2018-02-27,1
908937,908937,Sirius XM Radio Inc.,2017-08-06,0,0000930413-15-003326,2015-08-13,8-K,"5.02,9.01",c82186_8k.htm,1,2015-08-07,2018-02-27,1
908937,908937,Sirius XM Radio Inc.,2017-09-18,0,0000908937-18-000008,2018-01-23,8-K,5.02,siri-20180123x8xk.htm,1,2015-09-19,2018-03-17,1
908937,908937,Sirius XM Radio Inc.,2017-09-18,0,0000908937-18-000005,2018-01-11,8-K,"5.02,9.01",siri-20180111x8xk.htm,1,2015-09-19,2018-03-17,1
908937,908937,Sirius XM Radio Inc.,2017-09-18,0,0000930413-16-005595,2016-02-22,8-K,5.02,c84068_8k.htm,1,2015-09-19,2018-03-17,1
912752,1971213,"Sinclair Broadcast Group, Inc.",2020-05-01,0,0000912752-19-000072,2019-11-21,8-K,"5.02,9.01",form8-kxexecutiveretir.htm,1,2018-05-02,2021-04-03,1
912752,1971213,"Sinclair Broadcast Group, Inc.",2020-05-01,0,0000912752-19-000004,2019-01-30,8-K,"5.02,9.01",a20198-kbensonleggboardapp.htm,1,2018-05-02,2021-04-03,1
912752,1971213,"Sinclair Broadcast Group, Inc.",2021-06-23,0,0000912752-22-000049,2022-06-09,8-K,"5.02,5.07,9.01",sbgi-20220609.htm,1,2019-06-24,2022-09-20,1
912752,1971213,"Sinclair Broadcast Group, Inc.",2021-06-23,0,0000912752-21-000046,2021-05-25,8-K,5.02,sbgi-20210521.htm,1,2019-06-24,2022-09-20,1
912752,1971213,"Sinclair Broadcast Group, Inc.",2021-06-23,0,0000912752-21-000028,2021-04-14,8-K,"5.02,5.03",sbgi-20210408.htm,1,2019-06-24,2022-09-20,1
912752,1971213,"Sinclair Broadcast Group, Inc.",2021-06-23,0,0000912752-19-000072,2019-11-21,8-K,"5.02,9.01",form8-kxexecutiveretir.htm,1,2019-06-24,2022-09-20,1
912752,1971213,"Sinclair Broadcast Group, Inc.",2021-12-16,0,0000912752-22-000049,2022-06-09,8-K,"5.02,5.07,9.01",sbgi-20220609.htm,1,2019-12-17,2022-06-14,1
912752,1971213,"Sinclair Broadcast Group, Inc.",2021-12-16,0,0000912752-21-000046,2021-05-25,8-K,5.02,sbgi-20210521.htm,1,2019-12-17,2022-06-14,1
912752,1971213,"Sinclair Broadcast Group, Inc.",2021-12-16,0,0000912752-21-000028,2021-04-14,8-K,"5.02,5.03",sbgi-20210408.htm,1,2019-12-17,2022-06-14,1
920522,920522,"Essex Property Trust, Inc.",2013-08-13,0,0001140361-15-032543,2015-08-18,8-K,5.02,form8k.htm,1,2011-08-14,2015-09-28,1
920522,920522,"Essex Property Trust, Inc.",2013-08-13,0,0000920522-15-000011,2015-05-07,8-K,"5.02,9.01",ess8-kdraftxmanagementtran.htm,1,2011-08-14,2015-09-28,1
920522,920522,"Essex Property Trust, Inc.",2013-08-13,0,0001140361-14-046028,2014-12-22,8-K,5.02,form8k.htm,1,2011-08-14,2015-09-28,1
920522,920522,"Essex Property Trust, Inc.",2013-08-13,0,0001140361-14-015094,2014-04-01,8-K,"2.01,5.02,7.01,8.01,9.01",form8k.htm,1,2011-08-14,2015-09-28,1
920522,920522,"Essex Property Trust, Inc.",2013-08-13,0,0001140361-14-003902,2014-01-31,8-K,"1.01,2.03,5.02,9.01",form8k.htm,1,2011-08-14,2015-09-28,1
920522,920522,"Essex Property Trust, Inc.",2013-08-13,0,0001140361-13-030591,2013-08-06,8-K,5.02,form8k.htm,1,2011-08-14,2015-09-28,1
920522,920522,"Essex Property Trust, Inc.",2013-08-13,0,0001140361-13-021459,2013-05-17,8-K,"5.02,5.03,5.07,9.01",form8k.htm,1,2011-08-14,2015-09-28,1
920522,920522,"Essex Property Trust, Inc.",2013-08-13,0,0001140361-13-012917,2013-03-18,8-K,"1.01,5.02,9.01",form8k.htm,1,2011-08-14,2015-09-28,1
920522,920522,"Essex Property Trust, Inc.",2013-08-13,0,0001140361-12-050307,2012-12-10,8-K,"1.01,5.02,9.01",form8k.htm,1,2011-08-14,2015-09-28,1
1001039,1744489,The Walt Disney Company,2008-07-29,0,0001193125-08-208064,2008-10-08,8-K,"5.02,9.01",d8k.htm,1,2006-07-30,2009-01-25,1
1001039,1744489,The Walt Disney Company,2008-07-29,0,0001193125-08-052734,2008-03-11,8-K,"5.02,9.01",d8k.htm,1,2006-07-30,2009-01-25,1
1001039,1744489,The Walt Disney Company,2008-07-29,0,0001193125-08-017986,2008-02-01,8-K,"5.02,9.01",d8k.htm,1,2006-07-30,2009-01-25,1
1001039,1744489,The Walt Disney Company,2008-07-29,0,0001001039-07-000153,2007-05-02,8-K,5.02,form8kmay0207.htm,1,2006-07-30,2009-01-25,1
1001039,1744489,The Walt Disney Company,2008-07-29,0,0001193125-07-053319,2007-03-13,8-K,"5.02,9.01",d8k.htm,1,2006-07-30,2009-01-25,1
1001039,1744489,The Walt Disney Company,2008-07-29,0,0001193125-06-254494,2006-12-15,8-K,"5.02,9.01",d8k.htm,1,2006-07-30,2009-01-25,1
943452,943452,Wabtec Corporation,2022-03-15,0,0001140361-22-044669,2022-12-07,8-K,"5.02,9.01",brhc10045145_8k.htm,1,2020-03-15,2023-06-28,1
943452,943452,Wabtec Corporation,2022-03-15,0,0001140361-22-024697,2022-07-01,8-K,"5.02,9.01",brhc10039263_8k.htm,1,2020-03-15,2023-06-28,1
943452,943452,Wabtec Corporation,2022-03-15,0,0001140361-22-020352,2022-05-24,8-K,"5.02,5.07",brhc10038011_8k.htm,1,2020-03-15,2023-06-28,1
943452,943452,Wabtec Corporation,2022-03-15,0,0001140361-22-013268,2022-04-06,8-K,"5.02,9.01",brhc10036113_8k.htm,1,2020-03-15,2023-06-28,1
943452,943452,Wabtec Corporation,2022-03-15,0,0001140361-21-031241,2021-09-14,8-K,5.02,brhc10028941_8k.htm,1,2020-03-15,2023-06-28,1
943452,943452,Wabtec Corporation,2022-03-15,0,0001140361-21-028111,2021-08-12,8-K,"5.02,7.01,9.01",brhc10027999_8k.htm,1,2020-03-15,2023-06-28,1
943452,943452,Wabtec Corporation,2022-03-15,0,0001140361-21-023780,2021-07-08,8-K,"5.02,9.01",brhc10026725_8k.htm,1,2020-03-15,2023-06-28,1
943452,943452,Wabtec Corporation,2022-03-15,0,0001140361-21-018288,2021-05-21,8-K,"5.02,5.07",brhc10024960_8k.htm,1,2020-03-15,2023-06-28,1
943452,943452,Wabtec Corporation,2022-03-15,0,0001140361-21-005371,2021-02-18,8-K,"5.02,5.03,9.01",brhc10020545_8k.htm,1,2020-03-15,2023-06-28,1
943452,943452,Wabtec Corporation,2022-03-15,0,0001140361-20-027975,2020-12-10,8-K,"5.02,9.01",brhc10017815_8k.htm,1,2020-03-15,2023-06-28,1
943452,943452,Wabtec Corporation,2022-03-15,0,0001140361-20-017477,2020-08-04,8-K,5.02,brhc10014086_form8k.htm,1,2020-03-15,2023-06-28,1
943452,943452,Wabtec Corporation,2022-03-15,0,0001140361-20-012015,2020-05-20,8-K,"5.02,5.07,9.01",form8k.htm,1,2020-03-15,2023-06-28,1
943452,943452,Wabtec Corporation,2022-03-15,0,0001140361-20-010932,2020-05-07,8-K,"5.02,9.01",form8k.htm,1,2020-03-15,2023-06-28,1
1000228,1000228,"Henry Schein, Inc.",2023-09-27,0,0001193125-24-147029,2024-05-24,8-K,"5.02,5.07,9.01",d682449d8k.htm,1,2021-09-27,2024-06-03,1
1000228,1000228,"Henry Schein, Inc.",2023-09-27,0,0001193125-23-297629,2023-12-18,8-K,"5.02,9.01",d27795d8k.htm,1,2021-09-27,2024-06-03,1
1000228,1000228,"Henry Schein, Inc.",2023-09-27,0,0001193125-23-278944,2023-11-16,8-K,"3.01,5.02,9.01",d297418d8k.htm,1,2021-09-27,2024-06-03,1
1000228,1000228,"Henry Schein, Inc.",2023-09-27,0,0001193125-23-154352,2023-05-25,8-K,"5.02,5.07,9.01",d476925d8k.htm,1,2021-09-27,2024-06-03,1
1000228,1000228,"Henry Schein, Inc.",2023-09-27,0,0001193125-22-293869,2022-11-29,8-K,"5.02,9.01",d420796d8k.htm,1,2021-09-27,2024-06-03,1
1000228,1000228,"Henry Schein, Inc.",2023-09-27,0,0001193125-22-094333,2022-04-04,8-K,"5.02,7.01,9.01",d337149d8k.htm,1,2021-09-27,2024-06-03,1
1000228,1000228,"Henry Schein, Inc.",2023-09-27,0,0001193125-22-002148,2022-01-05,8-K,"5.02,7.01,9.01",d207148d8k.htm,1,2021-09-27,2024-06-03,1
1000228,1000228,"Henry Schein, Inc.",2023-09-27,0,0001193125-21-350793,2021-12-08,8-K,"5.02,9.01",d263555d8k.htm,1,2021-09-27,2024-06-03,1
1001082,1001082,"DISH Network, LLC",2023-02-22,1,0001104659-23-114464,2023-11-06,8-K,5.02,tm2329920d1_8k.htm,1,2021-02-22,2023-11-11,1
1001082,1001082,"DISH Network, LLC",2023-02-22,1,0001104659-23-106153,2023-10-03,8-K,"1.01,5.02,8.01,9.01",tm2326296d1_8k.htm,1,2021-02-22,2023-11-11,1
1001082,1001082,"DISH Network, LLC",2023-02-22,1,0001104659-23-088620,2023-08-08,8-K,"1.01,3.02,5.02,7.01,8.01",tm2323111d2_8k.htm,1,2021-02-22,2023-11-11,1
1001082,1001082,"DISH Network, LLC",2023-02-22,1,0001001082-23-000031,2023-06-23,8-K,"5.02,9.01",dish-20230619x8k.htm,1,2021-02-22,2023-11-11,1
1001082,1001082,"DISH Network, LLC",2023-02-22,1,0001001082-23-000008,2023-01-10,8-K,"5.02,9.01",dish-20230109x8k.htm,1,2021-02-22,2023-11-11,1
1001082,1001082,"DISH Network, LLC",2023-02-22,1,0001001082-22-000013,2022-03-31,8-K,5.02,dish-20220329x8k.htm,1,2021-02-22,2023-11-11,1
1001082,1001082,"DISH Network, LLC",2023-02-22,1,0001001082-22-000006,2022-01-04,8-K,5.02,dish-20211230x8k.htm,1,2021-02-22,2023-11-11,1
1001082,1001082,"DISH Network, LLC",2023-05-17,1,0001104659-23-116755,2023-11-13,8-K,"5.02,7.01,9.01",tm2323753d3_8k.htm,1,2021-05-17,2023-11-13,1
1001082,1001082,"DISH Network, LLC",2023-05-17,1,0001104659-23-114464,2023-11-06,8-K,5.02,tm2329920d1_8k.htm,1,2021-05-17,2023-11-13,1
1001082,1001082,"DISH Network, LLC",2023-05-17,1,0001104659-23-106153,2023-10-03,8-K,"1.01,5.02,8.01,9.01",tm2326296d1_8k.htm,1,2021-05-17,2023-11-13,1
1001082,1001082,"DISH Network, LLC",2023-05-17,1,0001104659-23-088620,2023-08-08,8-K,"1.01,3.02,5.02,7.01,8.01",tm2323111d2_8k.htm,1,2021-05-17,2023-11-13,1
1001082,1001082,"DISH Network, LLC",2023-05-17,1,0001001082-23-000031,2023-06-23,8-K,"5.02,9.01",dish-20230619x8k.htm,1,2021-05-17,2023-11-13,1
1001082,1001082,"DISH Network, LLC",2023-05-17,1,0001001082-23-000008,2023-01-10,8-K,"5.02,9.01",dish-20230109x8k.htm,1,2021-05-17,2023-11-13,1
1001082,1001082,"DISH Network, LLC",2023-05-17,1,0001001082-22-000013,2022-03-31,8-K,5.02,dish-20220329x8k.htm,1,2021-05-17,2023-11-13,1
1001082,1001082,"DISH Network, LLC",2023-05-17,1,0001001082-22-000006,2022-01-04,8-K,5.02,dish-20211230x8k.htm,1,2021-05-17,2023-11-13,1
1001250,1001250,The EstÃ©e Lauder Companies Inc.,2023-05-01,0,0001001250-23-000119,2023-08-24,8-K,"5.02,9.01",el-20230822.htm,1,2021-05-01,2024-04-16,1
1001250,1001250,The EstÃ©e Lauder Companies Inc.,2023-05-01,0,0001001250-22-000114,2022-07-22,8-K,"5.02,9.01",el-20220718.htm,1,2021-05-01,2024-04-16,1
1001250,1001250,The EstÃ©e Lauder Companies Inc.,2023-05-01,0,0001001250-22-000105,2022-07-11,8-K,"5.02,9.01",el-20220711.htm,1,2021-05-01,2024-04-16,1
1001250,1001250,The EstÃ©e Lauder Companies Inc.,2023-05-01,0,0001001250-22-000048,2022-04-25,8-K,"5.02,9.01",el-20220425.htm,1,2021-05-01,2024-04-16,1
1001250,1001250,The EstÃ©e Lauder Companies Inc.,2023-05-01,0,0001001250-22-000023,2022-02-28,8-K,"5.02,9.01",el-20220228.htm,1,2021-05-01,2024-04-16,1
1001250,1001250,The EstÃ©e Lauder Companies Inc.,2023-05-01,0,0001001250-22-000020,2022-02-24,8-K,"5.02,9.01",el-20220222.htm,1,2021-05-01,2024-04-16,1
1001250,1001250,The EstÃ©e Lauder Companies Inc.,2023-05-01,0,0001001250-21-000168,2021-10-26,8-K,5.02,el-20211021.htm,1,2021-05-01,2024-04-16,1
1001250,1001250,The EstÃ©e Lauder Companies Inc.,2023-05-01,0,0001001250-21-000111,2021-07-16,8-K,"5.02,9.01",el-20210713.htm,1,2021-05-01,2024-04-16,1
1001250,1001250,The EstÃ©e Lauder Companies Inc.,2023-05-30,0,0001001250-23-000119,2023-08-24,8-K,"5.02,9.01",el-20230822.htm,1,2021-05-30,2024-04-15,1
1001250,1001250,The EstÃ©e Lauder Companies Inc.,2023-05-30,0,0001001250-22-000114,2022-07-22,8-K,"5.02,9.01",el-20220718.htm,1,2021-05-30,2024-04-15,1
1001250,1001250,The EstÃ©e Lauder Companies Inc.,2023-05-30,0,0001001250-22-000105,2022-07-11,8-K,"5.02,9.01",el-20220711.htm,1,2021-05-30,2024-04-15,1
1001250,1001250,The EstÃ©e Lauder Companies Inc.,2023-05-30,0,0001001250-22-000048,2022-04-25,8-K,"5.02,9.01",el-20220425.htm,1,2021-05-30,2024-04-15,1
1001250,1001250,The EstÃ©e Lauder Companies Inc.,2023-05-30,0,0001001250-22-000023,2022-02-28,8-K,"5.02,9.01",el-20220228.htm,1,2021-05-30,2024-04-15,1
1001250,1001250,The EstÃ©e Lauder Companies Inc.,2023-05-30,0,0001001250-22-000020,2022-02-24,8-K,"5.02,9.01",el-20220222.htm,1,2021-05-30,2024-04-15,1
1001250,1001250,The EstÃ©e Lauder Companies Inc.,2023-05-30,0,0001001250-21-000168,2021-10-26,8-K,5.02,el-20211021.htm,1,2021-05-30,2024-04-15,1
1001250,1001250,The EstÃ©e Lauder Companies Inc.,2023-05-30,0,0001001250-21-000111,2021-07-16,8-K,"5.02,9.01",el-20210713.htm,1,2021-05-30,2024-04-15,1
1001250,1001250,The EstÃ©e Lauder Companies Inc.,2023-07-11,0,0001001250-23-000119,2023-08-24,8-K,"5.02,9.01",el-20230822.htm,1,2021-07-11,2024-02-27,1
1001250,1001250,The EstÃ©e Lauder Companies Inc.,2023-07-11,0,0001001250-22-000114,2022-07-22,8-K,"5.02,9.01",el-20220718.htm,1,2021-07-11,2024-02-27,1
1001250,1001250,The EstÃ©e Lauder Companies Inc.,2023-07-11,0,0001001250-22-000105,2022-07-11,8-K,"5.02,9.01",el-20220711.htm,1,2021-07-11,2024-02-27,1
1001250,1001250,The EstÃ©e Lauder Companies Inc.,2023-07-11,0,0001001250-22-000048,2022-04-25,8-K,"5.02,9.01",el-20220425.htm,1,2021-07-11,2024-02-27,1
1001250,1001250,The EstÃ©e Lauder Companies Inc.,2023-07-11,0,0001001250-22-000023,2022-02-28,8-K,"5.02,9.01",el-20220228.htm,1,2021-07-11,2024-02-27,1
1001250,1001250,The EstÃ©e Lauder Companies Inc.,2023-07-11,0,0001001250-22-000020,2022-02-24,8-K,"5.02,9.01",el-20220222.htm,1,2021-07-11,2024-02-27,1
1001250,1001250,The EstÃ©e Lauder Companies Inc.,2023-07-11,0,0001001250-21-000168,2021-10-26,8-K,5.02,el-20211021.htm,1,2021-07-11,2024-02-27,1
1001250,1001250,The EstÃ©e Lauder Companies Inc.,2023-07-11,0,0001001250-21-000111,2021-07-16,8-K,"5.02,9.01",el-20210713.htm,1,2021-07-11,2024-02-27,1
1002517,1002517,"Nuance Communications, Inc.",2014-12-10,0,0001193125-15-258580,2015-07-21,8-K,"2.02,5.02,9.01",d59687d8k.htm,1,2012-12-10,2015-09-16,1
1002517,1002517,"Nuance Communications, Inc.",2014-12-10,0,0001193125-15-233526,2015-06-24,8-K,5.02,d949102d8k.htm,1,2012-12-10,2015-09-16,1
1002517,1002517,"Nuance Communications, Inc.",2014-12-10,0,0001193125-15-166554,2015-05-01,8-K,"5.02,9.01",d919953d8k.htm,1,2012-12-10,2015-09-16,1
1002517,1002517,"Nuance Communications, Inc.",2014-12-10,0,0001002517-15-000004,2015-01-30,8-K,"5.02,5.07",a8k-annualmeetingofstockho.htm,1,2012-12-10,2015-09-16,1
1002517,1002517,"Nuance Communications, Inc.",2014-12-10,0,0001002517-14-000051,2014-12-01,8-K,5.02,nuance8-kdecember12014.htm,1,2012-12-10,2015-09-16,1
1002517,1002517,"Nuance Communications, Inc.",2014-12-10,0,0001002517-14-000040,2014-10-10,8-K,5.02,nuanceform8-koctober102014.htm,1,2012-12-10,2015-09-16,1
1002517,1002517,"Nuance Communications, Inc.",2014-12-10,0,0001193125-14-318861,2014-08-22,8-K,5.02,d779274d8k.htm,1,2012-12-10,2015-09-16,1
1002517,1002517,"Nuance Communications, Inc.",2014-12-10,0,0001002517-14-000020,2014-05-06,8-K,5.02,nuanceform8-kmay62014.htm,1,2012-12-10,2015-09-16,1
1002517,1002517,"Nuance Communications, Inc.",2014-12-10,0,0001002517-14-000016,2014-03-13,8-K,5.02,nuance-form8xkmarch122014.htm,1,2012-12-10,2015-09-16,1
1002517,1002517,"Nuance Communications, Inc.",2014-12-10,0,0001002517-14-000003,2014-01-21,8-K,"2.02,5.02,9.01",nuanceform8-kjanuary212014.htm,1,2012-12-10,2015-09-16,1
1002517,1002517,"Nuance Communications, Inc.",2014-12-10,0,0001002517-13-000062,2013-12-03,8-K,5.02,nuance-form8xknovember2720.htm,1,2012-12-10,2015-09-16,1
1002517,1002517,"Nuance Communications, Inc.",2014-12-10,0,0001002517-13-000053,2013-11-18,8-K,5.02,november1820138-k.htm,1,2012-12-10,2015-09-16,1
1002517,1002517,"Nuance Communications, Inc.",2014-12-10,0,0001193125-13-393693,2013-10-08,8-K,"5.02,9.01",d609863d8k.htm,1,2012-12-10,2015-09-16,1
1002517,1002517,"Nuance Communications, Inc.",2014-12-10,0,0001193125-13-017607,2013-01-18,8-K,"1.01,5.02",d469550d8k.htm,1,2012-12-10,2015-09-16,1
1002517,1002517,"Nuance Communications, Inc.",2014-12-10,0,0001193125-12-501951,2012-12-13,8-K,5.02,d453281d8k.htm,1,2012-12-10,2015-09-16,1
1041061,1041061,"Yum! Brands, Inc.",2023-01-13,0,0001041061-23-000043,2023-08-17,8-K/A,5.02,yum-20230718.htm,1,2021-01-13,2023-10-04,1
1041061,1041061,"Yum! Brands, Inc.",2023-01-13,0,0001041061-23-000035,2023-07-19,8-K,5.02,yum-20230718.htm,1,2021-01-13,2023-10-04,1
1041061,1041061,"Yum! Brands, Inc.",2023-01-13,0,0001041061-23-000033,2023-06-29,8-K,5.02,yum-20230627.htm,1,2021-01-13,2023-10-04,1
1041061,1041061,"Yum! Brands, Inc.",2023-01-13,0,0001104659-22-129816,2022-12-23,8-K,5.02,tm2233338d1_8k.htm,1,2021-01-13,2023-10-04,1
1041061,1041061,"Yum! Brands, Inc.",2023-01-13,0,0001041061-21-000048,2021-09-22,8-K,5.02,yum-20210917.htm,1,2021-01-13,2023-10-04,1
1041061,1041061,"Yum! Brands, Inc.",2023-01-13,0,0001041061-21-000003,2021-02-02,8-K,5.02,yum-20210202.htm,1,2021-01-13,2023-10-04,1
1048911,1048911,"FedEx Ground Package System, Inc.",2011-05-01,0,0000950123-10-090493,2010-09-30,8-K,"5.02,5.07,9.01",c06437e8vk.htm,1,2009-05-01,2011-12-21,1
1048911,1048911,"FedEx Ground Package System, Inc.",2011-05-01,0,0000950123-10-058498,2010-06-16,8-K,"2.02,5.02,9.01",c02434e8vk.htm,1,2009-05-01,2011-12-21,1
1048911,1048911,"FedEx Ground Package System, Inc.",2011-05-01,0,0000950123-09-056728,2009-11-03,8-K,5.02,c91825e8vk.htm,1,2009-05-01,2011-12-21,1
1048911,1048911,"FedEx Ground Package System, Inc.",2011-05-01,0,0000950123-09-044728,2009-09-22,8-K,5.02,c90386e8vk.htm,1,2009-05-01,2011-12-21,1
1048911,1048911,"FedEx Ground Package System, Inc.",2011-05-01,0,0000950123-09-012599,2009-06-09,8-K,"5.02,9.01",c86509e8vk.htm,1,2009-05-01,2011-12-21,1
1051470,1051470,Crown Castle,2013-10-31,0,0001193125-14-069855,2014-02-26,8-K,"5.02,9.01",d685453d8k.htm,1,2011-11-01,2014-05-14,1
1051470,1051470,Crown Castle,2013-10-31,0,0001193125-14-062781,2014-02-21,8-K,"5.02,7.01,9.01",d681431d8k.htm,1,2011-11-01,2014-05-14,1
1051470,1051470,Crown Castle,2013-10-31,0,0000950157-13-000209,2013-05-29,8-K/A,"5.02,9.01",form8k-a.htm,1,2011-11-01,2014-05-14,1
1051470,1051470,Crown Castle,2013-10-31,0,0001193125-13-080108,2013-02-27,8-K,"5.02,9.01",d491261d8k.htm,1,2011-11-01,2014-05-14,1
1051470,1051470,Crown Castle,2013-10-31,0,0001193125-12-078385,2012-02-24,8-K,"5.02,9.01",d306456d8k.htm,1,2011-11-01,2014-05-14,1
1051470,1051470,Crown Castle,2013-11-19,0,0001193125-14-069855,2014-02-26,8-K,"5.02,9.01",d685453d8k.htm,1,2011-11-20,2014-05-18,1
1051470,1051470,Crown Castle,2013-11-19,0,0001193125-14-062781,2014-02-21,8-K,"5.02,7.01,9.01",d681431d8k.htm,1,2011-11-20,2014-05-18,1
1051470,1051470,Crown Castle,2013-11-19,0,0000950157-13-000209,2013-05-29,8-K/A,"5.02,9.01",form8k-a.htm,1,2011-11-20,2014-05-18,1
1051470,1051470,Crown Castle,2013-11-19,0,0001193125-13-080108,2013-02-27,8-K,"5.02,9.01",d491261d8k.htm,1,2011-11-20,2014-05-18,1
1051470,1051470,Crown Castle,2013-11-19,0,0001193125-12-078385,2012-02-24,8-K,"5.02,9.01",d306456d8k.htm,1,2011-11-20,2014-05-18,1
1058290,1058290,Cognizant Technology Solutions Corporation,2020-04-09,0,0001206774-20-002232,2020-07-29,8-K,"5.02,9.01",ctsh3788061-8k.htm,1,2018-04-10,2020-12-28,1
1058290,1058290,Cognizant Technology Solutions Corporation,2020-04-09,0,0001058290-20-000013,2020-03-09,8-K,5.02,ctsh-20200305.htm,1,2018-04-10,2020-12-28,1
1058290,1058290,Cognizant Technology Solutions Corporation,2020-04-09,0,0001058290-20-000004,2020-02-05,8-K,"2.02,5.02,7.01,9.01",earningsrelease123119.htm,1,2018-04-10,2020-12-28,1
1058290,1058290,Cognizant Technology Solutions Corporation,2020-04-09,0,0001058290-19-000038,2019-12-06,8-K,5.02,form8-kx20191202.htm,1,2018-04-10,2020-12-28,1
1058290,1058290,Cognizant Technology Solutions Corporation,2020-04-09,0,0001058290-19-000030,2019-09-23,8-K/A,5.02,form8-kax20190916.htm,1,2018-04-10,2020-12-28,1
1058290,1058290,Cognizant Technology Solutions Corporation,2020-04-09,0,0001058290-19-000028,2019-09-20,8-K,5.02,form8-kx20190917.htm,1,2018-04-10,2020-12-28,1
1058290,1058290,Cognizant Technology Solutions Corporation,2020-04-09,0,0001058290-19-000021,2019-07-18,8-K,5.02,form8-kx20190716.htm,1,2018-04-10,2020-12-28,1
1058290,1058290,Cognizant Technology Solutions Corporation,2020-04-09,0,0001058290-19-000006,2019-02-06,8-K,"2.02,5.02,7.01,9.01",earningsrelease123118.htm,1,2018-04-10,2020-12-28,1
1058290,1058290,Cognizant Technology Solutions Corporation,2020-04-09,0,0001058290-18-000044,2018-11-05,8-K,5.02,a8-kx10302018.htm,1,2018-04-10,2020-12-28,1
1058290,1058290,Cognizant Technology Solutions Corporation,2020-04-09,0,0001058290-18-000021,2018-06-13,8-K,5.02,form8-kx20180612.htm,1,2018-04-10,2020-12-28,1
1058290,1058290,Cognizant Technology Solutions Corporation,2020-04-09,0,0001058290-18-000019,2018-06-07,8-K,"5.02,5.03,5.07,9.01",form8-kx20180605.htm,1,2018-04-10,2020-12-28,1
1060391,1060391,Republic Services,2013-08-10,0,0001060391-14-000007,2014-02-12,8-K,5.02,a8-kwickhamresignation2x11.htm,1,2011-08-11,2014-02-22,1
1060391,1060391,Republic Services,2013-08-10,0,0001060391-13-000038,2013-10-10,8-K,"5.02,9.01",a8-kcooretirementannouncme.htm,1,2011-08-11,2014-02-22,1
1060391,1060391,Republic Services,2013-08-10,0,0001060391-13-000035,2013-08-26,8-K,"5.02,8.01,9.01",form8-knewboardmembers8x23.htm,1,2011-08-11,2014-02-22,1
1060391,1060391,Republic Services,2013-08-10,0,0001060391-13-000021,2013-04-29,8-K,5.02,a8-kgoebelcao.htm,1,2011-08-11,2014-02-22,1
1060391,1060391,Republic Services,2013-08-10,0,0001060391-12-000023,2012-12-18,8-K,"5.02,9.01",culpepper8-k.htm,1,2011-08-11,2014-02-22,1
1060391,1060391,Republic Services,2013-08-10,0,0001060391-12-000012,2012-08-21,8-K,"5.02,9.01",a8-kboucherxops.htm,1,2011-08-11,2014-02-22,1
1060391,1060391,Republic Services,2013-08-10,0,0001193125-12-282327,2012-06-25,8-K,"5.02,9.01",d371544d8k.htm,1,2011-08-11,2014-02-22,1
1060391,1060391,Republic Services,2013-08-10,0,0001193125-12-186198,2012-04-26,8-K,"5.02,9.01",d341816d8k.htm,1,2011-08-11,2014-02-22,1
1060391,1060391,Republic Services,2013-08-10,0,0001193125-12-144048,2012-03-30,8-K,"5.02,9.01",d328277d8k.htm,1,2011-08-11,2014-02-22,1
1060391,1060391,Republic Services,2013-08-10,0,0001193125-11-350759,2011-12-22,8-K,"5.02,9.01",d273136d8k.htm,1,2011-08-11,2014-02-22,1
1060391,1060391,Republic Services,2013-08-10,0,0001193125-11-326028,2011-11-30,8-K,5.02,d263609d8k.htm,1,2011-08-11,2014-02-22,1
1060391,1060391,Republic Services,2013-08-26,0,0001060391-14-000007,2014-02-12,8-K,5.02,a8-kwickhamresignation2x11.htm,1,2011-08-27,2014-02-22,1
1060391,1060391,Republic Services,2013-08-26,0,0001060391-13-000038,2013-10-10,8-K,"5.02,9.01",a8-kcooretirementannouncme.htm,1,2011-08-27,2014-02-22,1
1060391,1060391,Republic Services,2013-08-26,0,0001060391-13-000035,2013-08-26,8-K,"5.02,8.01,9.01",form8-knewboardmembers8x23.htm,1,2011-08-27,2014-02-22,1
1060391,1060391,Republic Services,2013-08-26,0,0001060391-13-000021,2013-04-29,8-K,5.02,a8-kgoebelcao.htm,1,2011-08-27,2014-02-22,1
1060391,1060391,Republic Services,2013-08-26,0,0001060391-12-000023,2012-12-18,8-K,"5.02,9.01",culpepper8-k.htm,1,2011-08-27,2014-02-22,1
1060391,1060391,Republic Services,2013-08-26,0,0001060391-12-000012,2012-08-21,8-K,"5.02,9.01",a8-kboucherxops.htm,1,2011-08-27,2014-02-22,1
1060391,1060391,Republic Services,2013-08-26,0,0001193125-12-282327,2012-06-25,8-K,"5.02,9.01",d371544d8k.htm,1,2011-08-27,2014-02-22,1
1060391,1060391,Republic Services,2013-08-26,0,0001193125-12-186198,2012-04-26,8-K,"5.02,9.01",d341816d8k.htm,1,2011-08-27,2014-02-22,1
1060391,1060391,Republic Services,2013-08-26,0,0001193125-12-144048,2012-03-30,8-K,"5.02,9.01",d328277d8k.htm,1,2011-08-27,2014-02-22,1
1060391,1060391,Republic Services,2013-08-26,0,0001193125-11-350759,2011-12-22,8-K,"5.02,9.01",d273136d8k.htm,1,2011-08-27,2014-02-22,1
1060391,1060391,Republic Services,2013-08-26,0,0001193125-11-326028,2011-11-30,8-K,5.02,d263609d8k.htm,1,2011-08-27,2014-02-22,1
1060391,1060391,"Republic Services, Inc.",2019-02-01,0,0001060391-21-000027,2021-06-28,8-K,5.02,rsg-20210625.htm,1,2017-02-01,2022-03-18,1
1060391,1060391,"Republic Services, Inc.",2019-02-01,0,0001193125-21-100584,2021-03-30,8-K,"5.02,9.01",d163151d8k.htm,1,2017-02-01,2022-03-18,1
1060391,1060391,"Republic Services, Inc.",2019-02-01,0,0001193125-21-095518,2021-03-26,8-K,"5.02,8.01,9.01",d103941d8k.htm,1,2017-02-01,2022-03-18,1
1060391,1060391,"Republic Services, Inc.",2019-02-01,0,0001060391-21-000005,2021-02-17,8-K,5.02,rsg-20210211.htm,1,2017-02-01,2022-03-18,1
1060391,1060391,"Republic Services, Inc.",2019-02-01,0,0001060391-20-000048,2020-07-30,8-K,"5.02,8.01,9.01",rsg-20200728.htm,1,2017-02-01,2022-03-18,1
1060391,1060391,"Republic Services, Inc.",2019-02-01,0,0001060391-20-000042,2020-06-04,8-K/A,5.02,rsg-20200520.htm,1,2017-02-01,2022-03-18,1
1060391,1060391,"Republic Services, Inc.",2019-02-01,0,0001060391-20-000039,2020-05-21,8-K,"5.02,8.01,9.01",rsg-20200520.htm,1,2017-02-01,2022-03-18,1
1060391,1060391,"Republic Services, Inc.",2019-02-01,0,0001193125-20-060522,2020-03-03,8-K,5.02,d895651d8k.htm,1,2017-02-01,2022-03-18,1
1060391,1060391,"Republic Services, Inc.",2019-02-01,0,0001193125-19-133178,2019-05-01,8-K,"5.02,9.01",d739771d8k.htm,1,2017-02-01,2022-03-18,1
1060391,1060391,"Republic Services, Inc.",2019-02-01,0,0001193125-18-288678,2018-10-01,8-K,"5.02,8.01,9.01",d625853d8k.htm,1,2017-02-01,2022-03-18,1
1060391,1060391,"Republic Services, Inc.",2019-02-01,0,0001193125-18-219719,2018-07-17,8-K,"5.02,8.01,9.01",d521065d8k.htm,1,2017-02-01,2022-03-18,1
1060391,1060391,"Republic Services, Inc.",2019-02-01,0,0001193125-18-036970,2018-02-09,8-K/A,5.02,d442262d8ka.htm,1,2017-02-01,2022-03-18,1
1060391,1060391,"Republic Services, Inc.",2019-02-01,0,0001193125-17-363416,2017-12-07,8-K,"5.02,9.01",d502515d8k.htm,1,2017-02-01,2022-03-18,1
1060391,1060391,"Republic Services, Inc.",2019-02-01,0,0001060391-17-000039,2017-07-31,8-K,"5.02,8.01,9.01",form8-knewboardmember7x31x.htm,1,2017-02-01,2022-03-18,1
1060391,1060391,"Republic Services, Inc.",2019-02-01,0,0001060391-17-000013,2017-02-17,8-K/A,5.02,form8-knewboardmember2x16x.htm,1,2017-02-01,2022-03-18,1
1060391,1060391,"Republic Services, Inc.",2021-09-20,0,0001060391-21-000027,2021-06-28,8-K,5.02,rsg-20210625.htm,1,2019-09-21,2022-03-19,1
1060391,1060391,"Republic Services, Inc.",2021-09-20,0,0001193125-21-100584,2021-03-30,8-K,"5.02,9.01",d163151d8k.htm,1,2019-09-21,2022-03-19,1
1060391,1060391,"Republic Services, Inc.",2021-09-20,0,0001193125-21-095518,2021-03-26,8-K,"5.02,8.01,9.01",d103941d8k.htm,1,2019-09-21,2022-03-19,1
1060391,1060391,"Republic Services, Inc.",2021-09-20,0,0001060391-21-000005,2021-02-17,8-K,5.02,rsg-20210211.htm,1,2019-09-21,2022-03-19,1
1060391,1060391,"Republic Services, Inc.",2021-09-20,0,0001060391-20-000048,2020-07-30,8-K,"5.02,8.01,9.01",rsg-20200728.htm,1,2019-09-21,2022-03-19,1
1060391,1060391,"Republic Services, Inc.",2021-09-20,0,0001060391-20-000042,2020-06-04,8-K/A,5.02,rsg-20200520.htm,1,2019-09-21,2022-03-19,1
1060391,1060391,"Republic Services, Inc.",2021-09-20,0,0001060391-20-000039,2020-05-21,8-K,"5.02,8.01,9.01",rsg-20200520.htm,1,2019-09-21,2022-03-19,1
1060391,1060391,"Republic Services, Inc.",2021-09-20,0,0001193125-20-060522,2020-03-03,8-K,5.02,d895651d8k.htm,1,2019-09-21,2022-03-19,1
1060391,1060391,"Republic Services, Inc.",2022-04-09,0,0001060391-21-000027,2021-06-28,8-K,5.02,rsg-20210625.htm,1,2020-04-09,2022-11-30,1
1060391,1060391,"Republic Services, Inc.",2022-04-09,0,0001193125-21-100584,2021-03-30,8-K,"5.02,9.01",d163151d8k.htm,1,2020-04-09,2022-11-30,1
1060391,1060391,"Republic Services, Inc.",2022-04-09,0,0001193125-21-095518,2021-03-26,8-K,"5.02,8.01,9.01",d103941d8k.htm,1,2020-04-09,2022-11-30,1
1060391,1060391,"Republic Services, Inc.",2022-04-09,0,0001060391-21-000005,2021-02-17,8-K,5.02,rsg-20210211.htm,1,2020-04-09,2022-11-30,1
1060391,1060391,"Republic Services, Inc.",2022-04-09,0,0001060391-20-000048,2020-07-30,8-K,"5.02,8.01,9.01",rsg-20200728.htm,1,2020-04-09,2022-11-30,1
1060391,1060391,"Republic Services, Inc.",2022-04-09,0,0001060391-20-000042,2020-06-04,8-K/A,5.02,rsg-20200520.htm,1,2020-04-09,2022-11-30,1
1060391,1060391,"Republic Services, Inc.",2022-04-09,0,0001060391-20-000039,2020-05-21,8-K,"5.02,8.01,9.01",rsg-20200520.htm,1,2020-04-09,2022-11-30,1
1067837,1067837,Entercom Communications Corp.,2019-09-18,0,0001193125-20-102721,2020-04-09,8-K,"1.01,2.05,5.02,9.01",d888724d8k.htm,1,2017-09-18,2021-01-20,1
1067837,1067837,Entercom Communications Corp.,2019-09-18,0,0001193125-20-064544,2020-03-06,8-K,"5.02,9.01",d883612d8k.htm,1,2017-09-18,2021-01-20,1
1067837,1067837,Entercom Communications Corp.,2019-09-18,0,0001193125-20-044811,2020-02-21,8-K,5.02,d819261d8k.htm,1,2017-09-18,2021-01-20,1
1067837,1067837,Entercom Communications Corp.,2019-09-18,0,0001193125-19-273550,2019-10-24,8-K,"5.02,5.03,9.01",d812387d8k.htm,1,2017-09-18,2021-01-20,1
1067837,1067837,Entercom Communications Corp.,2019-09-18,0,0001193125-19-256917,2019-09-27,8-K,5.02,d796156d8k.htm,1,2017-09-18,2021-01-20,1
1067837,1067837,Entercom Communications Corp.,2019-09-18,0,0001193125-18-356367,2018-12-21,8-K,"5.02,5.05,9.01",d674333d8k.htm,1,2017-09-18,2021-01-20,1
1067837,1067837,Entercom Communications Corp.,2019-09-18,0,0001193125-18-342316,2018-12-04,8-K,"5.02,9.01",d588661d8k.htm,1,2017-09-18,2021-01-20,1
1067837,1067837,Entercom Communications Corp.,2019-09-18,0,0001193125-18-300274,2018-10-16,8-K,5.02,d621680d8k.htm,1,2017-09-18,2021-01-20,1
1067837,1067837,Entercom Communications Corp.,2019-09-18,0,0001193125-17-347026,2017-11-17,8-K,"1.01,2.01,2.03,5.02,5.03,8.01,9.01",d683081d8k.htm,1,2017-09-18,2021-01-20,1
1091667,1091667,"Charter Communications, Inc.",2008-07-14,1,0001091667-09-000003,2009-01-14,8-K,5.02,body.htm,1,2006-07-15,2009-02-01,1
1091667,1091667,"Charter Communications, Inc.",2008-07-14,1,0001091667-08-000201,2008-12-11,8-K,"5.02,8.01,9.01",body.htm,1,2006-07-15,2009-02-01,1
1091667,1091667,"Charter Communications, Inc.",2008-07-14,1,0001091667-08-000197,2008-12-05,8-K,"5.02,9.01",body.htm,1,2006-07-15,2009-02-01,1
1091667,1091667,"Charter Communications, Inc.",2008-07-14,1,0001091667-08-000171,2008-09-30,8-K,"5.02,9.01",body.htm,1,2006-07-15,2009-02-01,1
1091667,1091667,"Charter Communications, Inc.",2008-07-14,1,0001091667-08-000143,2008-07-08,8-K,5.02,body.htm,1,2006-07-15,2009-02-01,1
1091667,1091667,"Charter Communications, Inc.",2008-07-14,1,0001091667-08-000129,2008-06-23,8-K,"5.02,9.01",body.htm,1,2006-07-15,2009-02-01,1
1091667,1091667,"Charter Communications, Inc.",2008-07-14,1,0001271834-08-000007,2008-04-08,8-K,5.02,body.htm,1,2006-07-15,2009-02-01,1
1091667,1091667,"Charter Communications, Inc.",2008-07-14,1,0001271834-08-000003,2008-03-24,8-K,"5.02,8.01,9.01",body.htm,1,2006-07-15,2009-02-01,1
1091667,1091667,"Charter Communications, Inc.",2008-07-14,1,0001091667-08-000035,2008-03-11,8-K,"5.02,9.01",body.htm,1,2006-07-15,2009-02-01,1
1091667,1091667,"Charter Communications, Inc.",2008-07-14,1,0001091667-08-000034,2008-03-11,8-K,"5.02,7.01,8.01,9.01",body.htm,1,2006-07-15,2009-02-01,1
1091667,1091667,"Charter Communications, Inc.",2008-07-14,1,0001091667-07-000230,2007-12-14,8-K,5.02,body.htm,1,2006-07-15,2009-02-01,1
1091667,1091667,"Charter Communications, Inc.",2008-07-14,1,0001091667-07-000222,2007-12-06,8-K,"5.02,9.01",body.htm,1,2006-07-15,2009-02-01,1
1091667,1091667,"Charter Communications, Inc.",2008-07-14,1,0001091667-07-000050,2007-03-14,8-K,"5.02,9.01",body.htm,1,2006-07-15,2009-02-01,1
1091667,1091667,Charter Communications,2008-08-11,1,0001091667-09-000003,2009-01-14,8-K,5.02,body.htm,1,2006-08-12,2009-02-07,1
1091667,1091667,Charter Communications,2008-08-11,1,0001091667-08-000201,2008-12-11,8-K,"5.02,8.01,9.01",body.htm,1,2006-08-12,2009-02-07,1
1091667,1091667,Charter Communications,2008-08-11,1,0001091667-08-000197,2008-12-05,8-K,"5.02,9.01",body.htm,1,2006-08-12,2009-02-07,1
1091667,1091667,Charter Communications,2008-08-11,1,0001091667-08-000171,2008-09-30,8-K,"5.02,9.01",body.htm,1,2006-08-12,2009-02-07,1
1091667,1091667,Charter Communications,2008-08-11,1,0001091667-08-000143,2008-07-08,8-K,5.02,body.htm,1,2006-08-12,2009-02-07,1
1091667,1091667,Charter Communications,2008-08-11,1,0001091667-08-000129,2008-06-23,8-K,"5.02,9.01",body.htm,1,2006-08-12,2009-02-07,1
1091667,1091667,Charter Communications,2008-08-11,1,0001271834-08-000007,2008-04-08,8-K,5.02,body.htm,1,2006-08-12,2009-02-07,1
1091667,1091667,Charter Communications,2008-08-11,1,0001271834-08-000003,2008-03-24,8-K,"5.02,8.01,9.01",body.htm,1,2006-08-12,2009-02-07,1
1091667,1091667,Charter Communications,2008-08-11,1,0001091667-08-000035,2008-03-11,8-K,"5.02,9.01",body.htm,1,2006-08-12,2009-02-07,1
1091667,1091667,Charter Communications,2008-08-11,1,0001091667-08-000034,2008-03-11,8-K,"5.02,7.01,8.01,9.01",body.htm,1,2006-08-12,2009-02-07,1
1091667,1091667,Charter Communications,2008-08-11,1,0001091667-07-000230,2007-12-14,8-K,5.02,body.htm,1,2006-08-12,2009-02-07,1
1091667,1091667,Charter Communications,2008-08-11,1,0001091667-07-000222,2007-12-06,8-K,"5.02,9.01",body.htm,1,2006-08-12,2009-02-07,1
1091667,1091667,Charter Communications,2008-08-11,1,0001091667-07-000050,2007-03-14,8-K,"5.02,9.01",body.htm,1,2006-08-12,2009-02-07,1
1091667,1091667,"Charter Communications, Inc.",2013-04-26,1,0001091667-13-000058,2013-05-02,8-K,5.02,chtr51138-k.htm,1,2011-04-27,2013-10-23,1
1091667,1091667,"Charter Communications, Inc.",2013-04-26,1,0001091667-12-000122,2012-08-16,8-K,"5.02,8.01,9.01",chtr815128-k.htm,1,2011-04-27,2013-10-23,1
1091667,1091667,"Charter Communications, Inc.",2013-04-26,1,0001091667-12-000109,2012-08-03,8-K,5.02,chtr83128-k.htm,1,2011-04-27,2013-10-23,1
1091667,1091667,"Charter Communications, Inc.",2013-04-26,1,0001091667-12-000100,2012-06-11,8-K,"5.02,9.01",chtr68128-k.htm,1,2011-04-27,2013-10-23,1
1091667,1091667,"Charter Communications, Inc.",2013-04-26,1,0001091667-12-000050,2012-05-01,8-K,"5.02,8.01,9.01",chtr51128-k.htm,1,2011-04-27,2013-10-23,1
1091667,1091667,"Charter Communications, Inc.",2013-04-26,1,0001091667-12-000014,2012-02-13,8-K,5.02,body.htm,1,2011-04-27,2013-10-23,1
1091667,1091667,"Charter Communications, Inc.",2013-04-26,1,0001091667-12-000008,2012-01-20,8-K,5.02,body.htm,1,2011-04-27,2013-10-23,1
1091667,1091667,"Charter Communications, Inc.",2013-04-26,1,0001091667-11-000162,2011-12-19,8-K,"5.02,8.01,9.01",body.htm,1,2011-04-27,2013-10-23,1
1091667,1091667,"Charter Communications, Inc.",2013-04-26,1,0001091667-11-000130,2011-10-11,8-K,"5.02,9.01",body.htm,1,2011-04-27,2013-10-23,1
1091667,1091667,"Charter Communications, Inc.",2013-04-26,1,0001091667-11-000116,2011-09-02,8-K,"5.02,9.01",body.htm,1,2011-04-27,2013-10-23,1
1091667,1091667,"Charter Communications, Inc.",2013-04-26,1,0001091667-11-000079,2011-04-29,8-K,"5.02,5.07",body.htm,1,2011-04-27,2013-10-23,1
1091667,1091667,"Charter Communications, Inc.",2014-01-21,1,0001091667-14-000139,2014-05-09,8-K,"5.02,5.07",chtr59148k.htm,1,2012-01-22,2014-07-20,1
1091667,1091667,"Charter Communications, Inc.",2014-01-21,1,0001091667-14-000060,2014-01-22,8-K,"5.02,9.01",chtr11520148-k.htm,1,2012-01-22,2014-07-20,1
1091667,1091667,"Charter Communications, Inc.",2014-01-21,1,0001091667-13-000176,2013-11-12,8-K,"5.02,7.01,9.01",chtr118138-k.htm,1,2012-01-22,2014-07-20,1
1091667,1091667,"Charter Communications, Inc.",2014-01-21,1,0001091667-13-000058,2013-05-02,8-K,5.02,chtr51138-k.htm,1,2012-01-22,2014-07-20,1
1091667,1091667,"Charter Communications, Inc.",2014-01-21,1,0001091667-12-000122,2012-08-16,8-K,"5.02,8.01,9.01",chtr815128-k.htm,1,2012-01-22,2014-07-20,1
1091667,1091667,"Charter Communications, Inc.",2014-01-21,1,0001091667-12-000109,2012-08-03,8-K,5.02,chtr83128-k.htm,1,2012-01-22,2014-07-20,1
1091667,1091667,"Charter Communications, Inc.",2014-01-21,1,0001091667-12-000100,2012-06-11,8-K,"5.02,9.01",chtr68128-k.htm,1,2012-01-22,2014-07-20,1
1091667,1091667,"Charter Communications, Inc.",2014-01-21,1,0001091667-12-000050,2012-05-01,8-K,"5.02,8.01,9.01",chtr51128-k.htm,1,2012-01-22,2014-07-20,1
1091667,1091667,"Charter Communications, Inc.",2014-01-21,1,0001091667-12-000014,2012-02-13,8-K,5.02,body.htm,1,2012-01-22,2014-07-20,1
1091667,1091667,Charter Communication,2014-09-30,1,0001091667-15-000051,2015-03-13,8-K,"5.02,9.01",chtr313158k.htm,1,2012-09-30,2015-03-29,1
1091667,1091667,Charter Communication,2014-09-30,1,0001091667-14-000139,2014-05-09,8-K,"5.02,5.07",chtr59148k.htm,1,2012-09-30,2015-03-29,1
1091667,1091667,Charter Communication,2014-09-30,1,0001091667-14-000060,2014-01-22,8-K,"5.02,9.01",chtr11520148-k.htm,1,2012-09-30,2015-03-29,1
1091667,1091667,Charter Communication,2014-09-30,1,0001091667-13-000176,2013-11-12,8-K,"5.02,7.01,9.01",chtr118138-k.htm,1,2012-09-30,2015-03-29,1
1091667,1091667,Charter Communication,2014-09-30,1,0001091667-13-000058,2013-05-02,8-K,5.02,chtr51138-k.htm,1,2012-09-30,2015-03-29,1
1091667,1091667,Charter Communications,2022-12-21,1,0001091667-23-000034,2023-02-24,8-K,"5.02,9.01",chtr-20230222.htm,1,2020-12-21,2023-08-09,1
1091667,1091667,Charter Communications,2022-12-21,1,0001091667-22-000104,2022-09-21,8-K,"5.02,7.01,9.01",chtr-20220920.htm,1,2020-12-21,2023-08-09,1
1091667,1091667,Charter Communications,2022-12-21,1,0001091667-21-000143,2021-10-19,8-K,"5.02,9.01",chtr-20211019.htm,1,2020-12-21,2023-08-09,1
1091667,1091667,Charter Communications,2022-12-21,1,0001091667-21-000029,2021-02-03,8-K,"5.02,7.01,9.01",chtr-20210203.htm,1,2020-12-21,2023-08-09,1
1091667,1091667,Charter Communications,2022-12-21,1,0001091667-20-000215,2020-12-28,8-K,"5.02,9.01",chtr-20201223.htm,1,2020-12-21,2023-08-09,1
1091667,1091667,"Charter Communications, Inc.",2023-01-01,1,0001091667-23-000034,2023-02-24,8-K,"5.02,9.01",chtr-20230222.htm,1,2021-01-01,2023-06-30,1
1091667,1091667,"Charter Communications, Inc.",2023-01-01,1,0001091667-22-000104,2022-09-21,8-K,"5.02,7.01,9.01",chtr-20220920.htm,1,2021-01-01,2023-06-30,1
1091667,1091667,"Charter Communications, Inc.",2023-01-01,1,0001091667-21-000143,2021-10-19,8-K,"5.02,9.01",chtr-20211019.htm,1,2021-01-01,2023-06-30,1
1091667,1091667,"Charter Communications, Inc.",2023-01-01,1,0001091667-21-000029,2021-02-03,8-K,"5.02,7.01,9.01",chtr-20210203.htm,1,2021-01-01,2023-06-30,1
1091667,1091667,"Charter Communications, Inc.",2023-09-01,1,0001091667-24-000030,2024-02-05,8-K,"5.02,9.01",chtr-20240130.htm,1,2021-09-01,2024-02-28,1
1091667,1091667,"Charter Communications, Inc.",2023-09-01,1,0001091667-23-000137,2023-10-25,8-K,"5.02,7.01,9.01",chtr-20231024.htm,1,2021-09-01,2024-02-28,1
1091667,1091667,"Charter Communications, Inc.",2023-09-01,1,0001091667-23-000119,2023-08-21,8-K,"5.02,9.01",chtr-20230815.htm,1,2021-09-01,2024-02-28,1
1091667,1091667,"Charter Communications, Inc.",2023-09-01,1,0001091667-23-000034,2023-02-24,8-K,"5.02,9.01",chtr-20230222.htm,1,2021-09-01,2024-02-28,1
1091667,1091667,"Charter Communications, Inc.",2023-09-01,1,0001091667-22-000104,2022-09-21,8-K,"5.02,7.01,9.01",chtr-20220920.htm,1,2021-09-01,2024-02-28,1
1091667,1091667,"Charter Communications, Inc.",2023-09-01,1,0001091667-21-000143,2021-10-19,8-K,"5.02,9.01",chtr-20211019.htm,1,2021-09-01,2024-02-28,1
1105705,1105705,Time Warner Inc.,2006-12-01,0,0001105705-07-000019,2007-03-30,8-K,5.02,f07-03_308k.txt,1,2004-12-01,2007-07-25,1
1105705,1105705,Time Warner Inc.,2006-12-01,0,0001105705-07-000007,2007-01-26,8-K,"2.03,5.02",f07-01_258k.txt,1,2004-12-01,2007-07-25,1
1105705,1105705,Time Warner Inc.,2006-12-01,0,0001105705-06-000022,2006-02-24,8-K,"5.02,5.03,9.01",k8twi22306.txt,1,2004-12-01,2007-07-25,1
1105705,1105705,Time Warner Inc.,2006-12-01,0,0001105705-06-000002,2006-01-18,8-K,"5.02,9.01",k8twijanuary172006.txt,1,2004-12-01,2007-07-25,1
1105705,1105705,Time Warner Inc.,2006-12-01,0,0001105705-05-000047,2005-12-23,8-K,"5.02,8.01,9.01",k8twi12-20.txt,1,2004-12-01,2007-07-25,1
1105705,1105705,Time Warner Inc.,2015-01-28,0,0001105705-14-000036,2014-10-08,8-K,"5.02,9.01",form8k10814.htm,1,2013-01-28,2015-08-18,1
1105705,1105705,Time Warner Inc.,2015-01-28,0,0001105705-14-000013,2014-04-18,8-K,"5.02,9.01",form8k41414.htm,1,2013-01-28,2015-08-18,1
1105705,1105705,Time Warner Inc.,2015-01-28,0,0001105705-13-000054,2013-12-10,8-K/A,5.02,form8ka_averill-agreement.htm,1,2013-01-28,2015-08-18,1
1105705,1105705,Time Warner Inc.,2015-01-28,0,0001105705-13-000048,2013-08-01,8-K,5.02,form8k_2010stock-plan.htm,1,2013-01-28,2015-08-18,1
1105705,1105705,Time Warner Inc.,2015-01-28,0,0001105705-13-000022,2013-05-29,8-K,"5.02,5.07,9.01",form8k2013form8k.htm,1,2013-01-28,2015-08-18,1
1105705,1105705,TimeWarner,2015-02-19,0,0001105705-14-000036,2014-10-08,8-K,"5.02,9.01",form8k10814.htm,1,2013-02-19,2015-08-18,1
1105705,1105705,TimeWarner,2015-02-19,0,0001105705-14-000013,2014-04-18,8-K,"5.02,9.01",form8k41414.htm,1,2013-02-19,2015-08-18,1
1105705,1105705,TimeWarner,2015-02-19,0,0001105705-13-000054,2013-12-10,8-K/A,5.02,form8ka_averill-agreement.htm,1,2013-02-19,2015-08-18,1
1105705,1105705,TimeWarner,2015-02-19,0,0001105705-13-000048,2013-08-01,8-K,5.02,form8k_2010stock-plan.htm,1,2013-02-19,2015-08-18,1
1105705,1105705,TimeWarner,2015-02-19,0,0001105705-13-000022,2013-05-29,8-K,"5.02,5.07,9.01",form8k2013form8k.htm,1,2013-02-19,2015-08-18,1
1105705,1105705,Time Warner Inc.,2016-08-10,0,0000950157-16-002366,2016-10-24,8-K,"1.01,2.02,5.02,5.03,8.01,9.01",form8k.htm,1,2014-08-11,2018-01-16,1
1105705,1105705,Time Warner Inc.,2016-08-10,0,0001105705-16-000017,2016-01-07,8-K,"5.02,9.01",form8k.htm,1,2014-08-11,2018-01-16,1
1105705,1105705,Time Warner Inc.,2016-08-10,0,0001105705-14-000036,2014-10-08,8-K,"5.02,9.01",form8k10814.htm,1,2014-08-11,2018-01-16,1
1105705,1105705,"Home Box Office, Inc.",2017-05-15,0,0000950157-16-002366,2016-10-24,8-K,"1.01,2.02,5.02,5.03,8.01,9.01",form8k.htm,1,2015-05-16,2018-04-28,1
1105705,1105705,"Home Box Office, Inc.",2017-05-15,0,0001105705-16-000017,2016-01-07,8-K,"5.02,9.01",form8k.htm,1,2015-05-16,2018-04-28,1
1105705,1105705,Time Warner Inc.,2017-07-20,0,0000950157-16-002366,2016-10-24,8-K,"1.01,2.02,5.02,5.03,8.01,9.01",form8k.htm,1,2015-07-21,2018-01-16,1
1105705,1105705,Time Warner Inc.,2017-07-20,0,0001105705-16-000017,2016-01-07,8-K,"5.02,9.01",form8k.htm,1,2015-07-21,2018-01-16,1
1105705,1105705,"Home Box Office, Inc.",2017-07-23,0,0000950157-16-002366,2016-10-24,8-K,"1.01,2.02,5.02,5.03,8.01,9.01",form8k.htm,1,2015-07-24,2018-04-28,1
1105705,1105705,"Home Box Office, Inc.",2017-07-23,0,0001105705-16-000017,2016-01-07,8-K,"5.02,9.01",form8k.htm,1,2015-07-24,2018-04-28,1
1105705,1105705,"Home Box Office, Inc.",2017-10-30,0,0000950157-16-002366,2016-10-24,8-K,"1.01,2.02,5.02,5.03,8.01,9.01",form8k.htm,1,2015-10-31,2018-04-28,1
1105705,1105705,"Home Box Office, Inc.",2017-10-30,0,0001105705-16-000017,2016-01-07,8-K,"5.02,9.01",form8k.htm,1,2015-10-31,2018-04-28,1
1108524,1108524,Salesforce.com,2008-02-07,0,0001193125-08-071264,2008-03-31,8-K,5.02,d8k.htm,1,2006-02-07,2008-08-05,1
1108524,1108524,Salesforce.com,2008-02-07,0,0001193125-08-050327,2008-03-07,8-K,5.02,d8k.htm,1,2006-02-07,2008-08-05,1
1108524,1108524,Salesforce.com,2008-02-07,0,0001193125-07-210111,2007-09-28,8-K,5.02,d8k.htm,1,2006-02-07,2008-08-05,1
1108524,1108524,Salesforce.com,2008-02-07,0,0001193125-07-208064,2007-09-26,8-K,5.02,d8k.htm,1,2006-02-07,2008-08-05,1
1108524,1108524,Salesforce.com,2008-02-07,0,0001193125-07-186040,2007-08-20,8-K,5.02,d8k.htm,1,2006-02-07,2008-08-05,1
1108524,1108524,Salesforce.com,2008-02-07,0,0001193125-07-155725,2007-07-16,8-K,5.02,d8k.htm,1,2006-02-07,2008-08-05,1
1108524,1108524,Salesforce.com,2008-02-07,0,0001193125-07-134937,2007-06-13,8-K,5.02,d8k.htm,1,2006-02-07,2008-08-05,1
1108524,1108524,Salesforce.com,2008-02-07,0,0001193125-07-078925,2007-04-11,8-K,5.02,d8k.htm,1,2006-02-07,2008-08-05,1
1108524,1108524,Salesforce.com,2008-02-07,0,0001193125-07-072263,2007-04-02,8-K,5.02,d8k.htm,1,2006-02-07,2008-08-05,1
1108524,1108524,Salesforce.com,2008-02-07,0,0001193125-07-006987,2007-01-16,8-K,5.02,d8k.htm,1,2006-02-07,2008-08-05,1
1108524,1108524,Salesforce.com,2008-02-07,0,0001193125-06-187910,2006-09-08,8-K,"1.01,5.02,9.01",d8k.htm,1,2006-02-07,2008-08-05,1
1108524,1108524,Salesforce.com,2008-02-07,0,0001193125-06-174639,2006-08-16,8-K,"1.01,2.02,5.02,9.01",d8k.htm,1,2006-02-07,2008-08-05,1
1108524,1108524,Salesforce.com,2008-02-07,0,0001193125-06-123693,2006-06-02,8-K,"5.02,9.01",d8k.htm,1,2006-02-07,2008-08-05,1
1123360,1123360,"Global Payments, Inc.",2012-06-22,0,0001123360-12-000041,2012-07-18,8-K,5.02,form8kjoehyde.htm,1,2010-06-23,2012-12-19,1
1123360,1123360,"Global Payments, Inc.",2012-06-22,0,0001123360-11-000082,2011-09-29,8-K,"5.02,5.07,9.01",gpn-09282011x8k.htm,1,2010-06-23,2012-12-19,1
1123360,1123360,"Global Payments, Inc.",2012-06-22,0,0001193125-10-213864,2010-09-21,8-K,"5.02,9.01",d8k.htm,1,2010-06-23,2012-12-19,1
1123360,1123360,Global Payments Inc.,2012-07-25,0,0001123360-12-000041,2012-07-18,8-K,5.02,form8kjoehyde.htm,1,2010-07-26,2013-01-21,1
1123360,1123360,Global Payments Inc.,2012-07-25,0,0001123360-11-000082,2011-09-29,8-K,"5.02,5.07,9.01",gpn-09282011x8k.htm,1,2010-07-26,2013-01-21,1
1123360,1123360,Global Payments Inc.,2012-07-25,0,0001193125-10-213864,2010-09-21,8-K,"5.02,9.01",d8k.htm,1,2010-07-26,2013-01-21,1
1124610,1124610,"VMware, Inc.",2015-07-02,0,0001124610-16-000036,2016-02-09,8-K,"5.02,9.01",a8-k02x08x16.htm,1,2013-07-02,2016-02-15,1
1124610,1124610,"VMware, Inc.",2015-07-02,0,0001193125-16-438413,2016-01-26,8-K,"2.02,2.05,5.02,9.01",d131398d8k.htm,1,2013-07-02,2016-02-15,1
1124610,1124610,"VMware, Inc.",2015-07-02,0,0001124610-15-000034,2015-12-14,8-K,"5.02,8.01",a8-k12x11x15.htm,1,2013-07-02,2016-02-15,1
1124610,1124610,"VMware, Inc.",2015-07-02,0,0001124610-15-000026,2015-10-13,8-K,"2.02,5.02,9.01",a10-06x158xk.htm,1,2013-07-02,2016-02-15,1
1124610,1124610,"VMware, Inc.",2015-07-02,0,0001124610-14-000027,2014-08-19,8-K,"5.02,9.01",a8-k08x19x14.htm,1,2013-07-02,2016-02-15,1
1124610,1124610,"VMware, Inc.",2015-07-02,0,0001124610-14-000014,2014-04-07,8-K,"5.02,5.07,9.01",a8-k04x07x14.htm,1,2013-07-02,2016-02-15,1
1124610,1124610,"VMware, Inc.",2015-07-02,0,0001124610-13-000036,2013-09-10,8-K,"5.02,9.01",a8-k09x10x13.htm,1,2013-07-02,2016-02-15,1
1124610,1124610,"VMware, Inc.",2015-07-02,0,0001124610-13-000034,2013-08-22,8-K,"5.02,9.01",a8-k08x22x13.htm,1,2013-07-02,2016-02-15,1
1124610,1124610,"VMware, Inc.",2015-07-02,0,0001124610-13-000031,2013-08-19,8-K,5.02,a8-k08x19x13.htm,1,2013-07-02,2016-02-15,1
1124610,1124610,Vmware Inc,2015-08-19,0,0001124610-16-000036,2016-02-09,8-K,"5.02,9.01",a8-k02x08x16.htm,1,2013-08-19,2016-02-15,1
1124610,1124610,Vmware Inc,2015-08-19,0,0001193125-16-438413,2016-01-26,8-K,"2.02,2.05,5.02,9.01",d131398d8k.htm,1,2013-08-19,2016-02-15,1
1124610,1124610,Vmware Inc,2015-08-19,0,0001124610-15-000034,2015-12-14,8-K,"5.02,8.01",a8-k12x11x15.htm,1,2013-08-19,2016-02-15,1
1124610,1124610,Vmware Inc,2015-08-19,0,0001124610-15-000026,2015-10-13,8-K,"2.02,5.02,9.01",a10-06x158xk.htm,1,2013-08-19,2016-02-15,1
1124610,1124610,Vmware Inc,2015-08-19,0,0001124610-14-000027,2014-08-19,8-K,"5.02,9.01",a8-k08x19x14.htm,1,2013-08-19,2016-02-15,1
1124610,1124610,Vmware Inc,2015-08-19,0,0001124610-14-000014,2014-04-07,8-K,"5.02,5.07,9.01",a8-k04x07x14.htm,1,2013-08-19,2016-02-15,1
1124610,1124610,Vmware Inc,2015-08-19,0,0001124610-13-000036,2013-09-10,8-K,"5.02,9.01",a8-k09x10x13.htm,1,2013-08-19,2016-02-15,1
1124610,1124610,Vmware Inc,2015-08-19,0,0001124610-13-000034,2013-08-22,8-K,"5.02,9.01",a8-k08x22x13.htm,1,2013-08-19,2016-02-15,1
1124610,1124610,Vmware Inc,2015-08-19,0,0001124610-13-000031,2013-08-19,8-K,5.02,a8-k08x19x13.htm,1,2013-08-19,2016-02-15,1
1136893,1136893,"Fidelity National Information Services, Inc.",2007-09-24,0,0000892569-08-000425,2008-03-25,8-K,"5.02,9.01",a39263e8vk.htm,1,2005-09-24,2008-03-25,1
1136893,1136893,"Fidelity National Information Services, Inc.",2007-09-24,0,0000892569-08-000017,2008-01-02,8-K,"5.02,9.01",a36828e8vk.htm,1,2005-09-24,2008-03-25,1
1136893,1136893,"Fidelity National Information Services, Inc.",2007-09-24,0,0000892569-07-001428,2007-11-16,8-K,5.02,a35843e8vk.htm,1,2005-09-24,2008-03-25,1
1136893,1136893,"Fidelity National Information Services, Inc.",2007-09-24,0,0000892569-06-001310,2006-10-30,8-K,"1.01,5.02",a24601e8vk.htm,1,2005-09-24,2008-03-25,1
1136893,1136893,"Fidelity National Information Services, Inc.",2007-09-24,0,0000892569-06-001297,2006-10-27,8-K,"1.01,5.02,8.01,9.01",a24549e8vk.htm,1,2005-09-24,2008-03-25,1
1136893,1136893,"Fidelity National Information Services, Inc.",2007-09-24,0,0000892569-06-000846,2006-07-06,8-K,5.02,a21921e8vk.htm,1,2005-09-24,2008-03-25,1
1136893,1136893,"Fidelity National Information Services, Inc.",2007-09-24,0,0000892569-06-000649,2006-05-02,8-K,"2.02,5.02,9.01",a19972e8vk.htm,1,2005-09-24,2008-03-25,1
1136893,1136893,"Fidelity National Information Services, Inc.",2007-09-24,0,0001104659-06-006239,2006-02-06,8-K,"1.01,1.02,2.01,2.03,3.02,5.01,5.02,5.03,9.01",a06-3827_28k.htm,1,2005-09-24,2008-03-25,1
1136893,1136893,"Fidelity National Information Services, Inc.",2007-09-24,0,0001193125-05-239862,2005-12-09,8-K,"5.02,9.01",d8k.htm,1,2005-09-24,2008-03-25,1
1136893,1136893,"Fidelity National Information Services, Inc.",2023-05-01,0,0001193125-24-069200,2024-03-15,8-K,5.02,d705411d8k.htm,1,2021-05-01,2024-04-01,1
1136893,1136893,"Fidelity National Information Services, Inc.",2023-05-01,0,0001193125-24-044681,2024-02-23,8-K,"5.02,9.01",d764426d8k.htm,1,2021-05-01,2024-04-01,1
1136893,1136893,"Fidelity National Information Services, Inc.",2023-05-01,0,0001193125-24-021392,2024-02-01,8-K,"1.01,2.01,5.02,7.01,9.01",d761353d8k.htm,1,2021-05-01,2024-04-01,1
1136893,1136893,"Fidelity National Information Services, Inc.",2023-05-01,0,0001193125-23-218012,2023-08-22,8-K,"5.02,9.01",d534612d8k.htm,1,2021-05-01,2024-04-01,1
1136893,1136893,"Fidelity National Information Services, Inc.",2023-05-01,0,0001136893-23-000090,2023-05-26,8-K,5.02,fis-20230522.htm,1,2021-05-01,2024-04-01,1
1136893,1136893,"Fidelity National Information Services, Inc.",2023-05-01,0,0001136893-23-000069,2023-04-21,8-K,5.02,fis-20230417.htm,1,2021-05-01,2024-04-01,1
1136893,1136893,"Fidelity National Information Services, Inc.",2023-05-01,0,0001193125-23-015151,2023-01-25,8-K,"5.02,9.01",d103120d8k.htm,1,2021-05-01,2024-04-01,1
1136893,1136893,"Fidelity National Information Services, Inc.",2023-05-01,0,0001193125-23-011458,2023-01-20,8-K,"5.02,7.01,9.01",d426581d8k.htm,1,2021-05-01,2024-04-01,1
1136893,1136893,"Fidelity National Information Services, Inc.",2023-05-01,0,0001193125-22-305874,2022-12-15,8-K,"1.01,5.02,7.01,9.01",d427115d8k.htm,1,2021-05-01,2024-04-01,1
1136893,1136893,"Fidelity National Information Services, Inc.",2023-05-01,0,0001136893-22-000173,2022-10-19,8-K,"2.02,5.02,9.01",fis-20221018.htm,1,2021-05-01,2024-04-01,1
1136893,1136893,"Fidelity National Information Services, Inc.",2023-05-01,0,0001136893-22-000155,2022-08-17,8-K,"5.02,9.01",fis-20220815.htm,1,2021-05-01,2024-04-01,1
1136893,1136893,"Fidelity National Information Services, Inc.",2023-05-01,0,0001136893-22-000134,2022-06-01,8-K,"5.02,9.01",fis-20220525.htm,1,2021-05-01,2024-04-01,1
1136893,1136893,"Fidelity National Information Services, Inc.",2023-05-01,0,0001136893-22-000056,2022-03-21,8-K,"5.02,9.01",fis-20220316.htm,1,2021-05-01,2024-04-01,1
1136893,1136893,"Fidelity National Information Services, Inc.",2023-05-01,0,0001136893-22-000028,2022-02-08,8-K,"5.02,9.01",fis-20220208.htm,1,2021-05-01,2024-04-01,1
1136893,1136893,"Fidelity National Information Services, Inc.",2023-05-01,0,0001136893-22-000005,2022-01-14,8-K,5.02,fis-20220111.htm,1,2021-05-01,2024-04-01,1
1136893,1136893,"Fidelity National Information Services, Inc.",2023-05-01,0,0001136893-21-000203,2021-09-08,8-K,5.02,fis-20210902.htm,1,2021-05-01,2024-04-01,1
1136893,1136893,"Fidelity National Information Services, Inc.",2023-05-01,0,0001136893-21-000196,2021-09-03,8-K,5.02,fis-20210831.htm,1,2021-05-01,2024-04-01,1
1136893,1136893,"Fidelity National Information Services, Inc.",2023-05-01,0,0001136893-21-000145,2021-06-09,8-K,"5.02,9.01",fis-20210608.htm,1,2021-05-01,2024-04-01,1
1136893,1136893,"Fidelity National Information Services, Inc.",2023-05-27,0,0001193125-24-021392,2024-02-01,8-K,"1.01,2.01,5.02,7.01,9.01",d761353d8k.htm,1,2021-05-27,2024-02-07,1
1136893,1136893,"Fidelity National Information Services, Inc.",2023-05-27,0,0001193125-23-218012,2023-08-22,8-K,"5.02,9.01",d534612d8k.htm,1,2021-05-27,2024-02-07,1
1136893,1136893,"Fidelity National Information Services, Inc.",2023-05-27,0,0001136893-23-000090,2023-05-26,8-K,5.02,fis-20230522.htm,1,2021-05-27,2024-02-07,1
1136893,1136893,"Fidelity National Information Services, Inc.",2023-05-27,0,0001136893-23-000069,2023-04-21,8-K,5.02,fis-20230417.htm,1,2021-05-27,2024-02-07,1
1136893,1136893,"Fidelity National Information Services, Inc.",2023-05-27,0,0001193125-23-015151,2023-01-25,8-K,"5.02,9.01",d103120d8k.htm,1,2021-05-27,2024-02-07,1
1136893,1136893,"Fidelity National Information Services, Inc.",2023-05-27,0,0001193125-23-011458,2023-01-20,8-K,"5.02,7.01,9.01",d426581d8k.htm,1,2021-05-27,2024-02-07,1
1136893,1136893,"Fidelity National Information Services, Inc.",2023-05-27,0,0001193125-22-305874,2022-12-15,8-K,"1.01,5.02,7.01,9.01",d427115d8k.htm,1,2021-05-27,2024-02-07,1
1136893,1136893,"Fidelity National Information Services, Inc.",2023-05-27,0,0001136893-22-000173,2022-10-19,8-K,"2.02,5.02,9.01",fis-20221018.htm,1,2021-05-27,2024-02-07,1
1136893,1136893,"Fidelity National Information Services, Inc.",2023-05-27,0,0001136893-22-000155,2022-08-17,8-K,"5.02,9.01",fis-20220815.htm,1,2021-05-27,2024-02-07,1
1136893,1136893,"Fidelity National Information Services, Inc.",2023-05-27,0,0001136893-22-000134,2022-06-01,8-K,"5.02,9.01",fis-20220525.htm,1,2021-05-27,2024-02-07,1
1136893,1136893,"Fidelity National Information Services, Inc.",2023-05-27,0,0001136893-22-000056,2022-03-21,8-K,"5.02,9.01",fis-20220316.htm,1,2021-05-27,2024-02-07,1
1136893,1136893,"Fidelity National Information Services, Inc.",2023-05-27,0,0001136893-22-000028,2022-02-08,8-K,"5.02,9.01",fis-20220208.htm,1,2021-05-27,2024-02-07,1
1136893,1136893,"Fidelity National Information Services, Inc.",2023-05-27,0,0001136893-22-000005,2022-01-14,8-K,5.02,fis-20220111.htm,1,2021-05-27,2024-02-07,1
1136893,1136893,"Fidelity National Information Services, Inc.",2023-05-27,0,0001136893-21-000203,2021-09-08,8-K,5.02,fis-20210902.htm,1,2021-05-27,2024-02-07,1
1136893,1136893,"Fidelity National Information Services, Inc.",2023-05-27,0,0001136893-21-000196,2021-09-03,8-K,5.02,fis-20210831.htm,1,2021-05-27,2024-02-07,1
1136893,1136893,"Fidelity National Information Services, Inc.",2023-05-27,0,0001136893-21-000145,2021-06-09,8-K,"5.02,9.01",fis-20210608.htm,1,2021-05-27,2024-02-07,1
1136893,1136893,"Fidelity National Information Services, Inc.",2023-06-21,0,0001193125-23-218012,2023-08-22,8-K,"5.02,9.01",d534612d8k.htm,1,2021-06-21,2023-12-18,1
1136893,1136893,"Fidelity National Information Services, Inc.",2023-06-21,0,0001136893-23-000090,2023-05-26,8-K,5.02,fis-20230522.htm,1,2021-06-21,2023-12-18,1
1136893,1136893,"Fidelity National Information Services, Inc.",2023-06-21,0,0001136893-23-000069,2023-04-21,8-K,5.02,fis-20230417.htm,1,2021-06-21,2023-12-18,1
1136893,1136893,"Fidelity National Information Services, Inc.",2023-06-21,0,0001193125-23-015151,2023-01-25,8-K,"5.02,9.01",d103120d8k.htm,1,2021-06-21,2023-12-18,1
1136893,1136893,"Fidelity National Information Services, Inc.",2023-06-21,0,0001193125-23-011458,2023-01-20,8-K,"5.02,7.01,9.01",d426581d8k.htm,1,2021-06-21,2023-12-18,1
1136893,1136893,"Fidelity National Information Services, Inc.",2023-06-21,0,0001193125-22-305874,2022-12-15,8-K,"1.01,5.02,7.01,9.01",d427115d8k.htm,1,2021-06-21,2023-12-18,1
1136893,1136893,"Fidelity National Information Services, Inc.",2023-06-21,0,0001136893-22-000173,2022-10-19,8-K,"2.02,5.02,9.01",fis-20221018.htm,1,2021-06-21,2023-12-18,1
1136893,1136893,"Fidelity National Information Services, Inc.",2023-06-21,0,0001136893-22-000155,2022-08-17,8-K,"5.02,9.01",fis-20220815.htm,1,2021-06-21,2023-12-18,1
1136893,1136893,"Fidelity National Information Services, Inc.",2023-06-21,0,0001136893-22-000134,2022-06-01,8-K,"5.02,9.01",fis-20220525.htm,1,2021-06-21,2023-12-18,1
1136893,1136893,"Fidelity National Information Services, Inc.",2023-06-21,0,0001136893-22-000056,2022-03-21,8-K,"5.02,9.01",fis-20220316.htm,1,2021-06-21,2023-12-18,1
1136893,1136893,"Fidelity National Information Services, Inc.",2023-06-21,0,0001136893-22-000028,2022-02-08,8-K,"5.02,9.01",fis-20220208.htm,1,2021-06-21,2023-12-18,1
1136893,1136893,"Fidelity National Information Services, Inc.",2023-06-21,0,0001136893-22-000005,2022-01-14,8-K,5.02,fis-20220111.htm,1,2021-06-21,2023-12-18,1
1136893,1136893,"Fidelity National Information Services, Inc.",2023-06-21,0,0001136893-21-000203,2021-09-08,8-K,5.02,fis-20210902.htm,1,2021-06-21,2023-12-18,1
1136893,1136893,"Fidelity National Information Services, Inc.",2023-06-21,0,0001136893-21-000196,2021-09-03,8-K,5.02,fis-20210831.htm,1,2021-06-21,2023-12-18,1
1136893,1136893,"Fidelity National Information Services, Inc.",2023-06-26,0,0001193125-23-218012,2023-08-22,8-K,"5.02,9.01",d534612d8k.htm,1,2021-06-26,2023-12-23,1
1136893,1136893,"Fidelity National Information Services, Inc.",2023-06-26,0,0001136893-23-000090,2023-05-26,8-K,5.02,fis-20230522.htm,1,2021-06-26,2023-12-23,1
1136893,1136893,"Fidelity National Information Services, Inc.",2023-06-26,0,0001136893-23-000069,2023-04-21,8-K,5.02,fis-20230417.htm,1,2021-06-26,2023-12-23,1
1136893,1136893,"Fidelity National Information Services, Inc.",2023-06-26,0,0001193125-23-015151,2023-01-25,8-K,"5.02,9.01",d103120d8k.htm,1,2021-06-26,2023-12-23,1
1136893,1136893,"Fidelity National Information Services, Inc.",2023-06-26,0,0001193125-23-011458,2023-01-20,8-K,"5.02,7.01,9.01",d426581d8k.htm,1,2021-06-26,2023-12-23,1
1136893,1136893,"Fidelity National Information Services, Inc.",2023-06-26,0,0001193125-22-305874,2022-12-15,8-K,"1.01,5.02,7.01,9.01",d427115d8k.htm,1,2021-06-26,2023-12-23,1
1136893,1136893,"Fidelity National Information Services, Inc.",2023-06-26,0,0001136893-22-000173,2022-10-19,8-K,"2.02,5.02,9.01",fis-20221018.htm,1,2021-06-26,2023-12-23,1
1136893,1136893,"Fidelity National Information Services, Inc.",2023-06-26,0,0001136893-22-000155,2022-08-17,8-K,"5.02,9.01",fis-20220815.htm,1,2021-06-26,2023-12-23,1
1136893,1136893,"Fidelity National Information Services, Inc.",2023-06-26,0,0001136893-22-000134,2022-06-01,8-K,"5.02,9.01",fis-20220525.htm,1,2021-06-26,2023-12-23,1
1136893,1136893,"Fidelity National Information Services, Inc.",2023-06-26,0,0001136893-22-000056,2022-03-21,8-K,"5.02,9.01",fis-20220316.htm,1,2021-06-26,2023-12-23,1
1136893,1136893,"Fidelity National Information Services, Inc.",2023-06-26,0,0001136893-22-000028,2022-02-08,8-K,"5.02,9.01",fis-20220208.htm,1,2021-06-26,2023-12-23,1
1136893,1136893,"Fidelity National Information Services, Inc.",2023-06-26,0,0001136893-22-000005,2022-01-14,8-K,5.02,fis-20220111.htm,1,2021-06-26,2023-12-23,1
1136893,1136893,"Fidelity National Information Services, Inc.",2023-06-26,0,0001136893-21-000203,2021-09-08,8-K,5.02,fis-20210902.htm,1,2021-06-26,2023-12-23,1
1136893,1136893,"Fidelity National Information Services, Inc.",2023-06-26,0,0001136893-21-000196,2021-09-03,8-K,5.02,fis-20210831.htm,1,2021-06-26,2023-12-23,1
1136893,1136893,"Fidelity National Information Services, Inc.",2023-07-17,0,0001193125-23-218012,2023-08-22,8-K,"5.02,9.01",d534612d8k.htm,1,2021-07-17,2024-01-13,1
1136893,1136893,"Fidelity National Information Services, Inc.",2023-07-17,0,0001136893-23-000090,2023-05-26,8-K,5.02,fis-20230522.htm,1,2021-07-17,2024-01-13,1
1136893,1136893,"Fidelity National Information Services, Inc.",2023-07-17,0,0001136893-23-000069,2023-04-21,8-K,5.02,fis-20230417.htm,1,2021-07-17,2024-01-13,1
1136893,1136893,"Fidelity National Information Services, Inc.",2023-07-17,0,0001193125-23-015151,2023-01-25,8-K,"5.02,9.01",d103120d8k.htm,1,2021-07-17,2024-01-13,1
1136893,1136893,"Fidelity National Information Services, Inc.",2023-07-17,0,0001193125-23-011458,2023-01-20,8-K,"5.02,7.01,9.01",d426581d8k.htm,1,2021-07-17,2024-01-13,1
1136893,1136893,"Fidelity National Information Services, Inc.",2023-07-17,0,0001193125-22-305874,2022-12-15,8-K,"1.01,5.02,7.01,9.01",d427115d8k.htm,1,2021-07-17,2024-01-13,1
1136893,1136893,"Fidelity National Information Services, Inc.",2023-07-17,0,0001136893-22-000173,2022-10-19,8-K,"2.02,5.02,9.01",fis-20221018.htm,1,2021-07-17,2024-01-13,1
1136893,1136893,"Fidelity National Information Services, Inc.",2023-07-17,0,0001136893-22-000155,2022-08-17,8-K,"5.02,9.01",fis-20220815.htm,1,2021-07-17,2024-01-13,1
1136893,1136893,"Fidelity National Information Services, Inc.",2023-07-17,0,0001136893-22-000134,2022-06-01,8-K,"5.02,9.01",fis-20220525.htm,1,2021-07-17,2024-01-13,1
1136893,1136893,"Fidelity National Information Services, Inc.",2023-07-17,0,0001136893-22-000056,2022-03-21,8-K,"5.02,9.01",fis-20220316.htm,1,2021-07-17,2024-01-13,1
1136893,1136893,"Fidelity National Information Services, Inc.",2023-07-17,0,0001136893-22-000028,2022-02-08,8-K,"5.02,9.01",fis-20220208.htm,1,2021-07-17,2024-01-13,1
1136893,1136893,"Fidelity National Information Services, Inc.",2023-07-17,0,0001136893-22-000005,2022-01-14,8-K,5.02,fis-20220111.htm,1,2021-07-17,2024-01-13,1
1136893,1136893,"Fidelity National Information Services, Inc.",2023-07-17,0,0001136893-21-000203,2021-09-08,8-K,5.02,fis-20210902.htm,1,2021-07-17,2024-01-13,1
1136893,1136893,"Fidelity National Information Services, Inc.",2023-07-17,0,0001136893-21-000196,2021-09-03,8-K,5.02,fis-20210831.htm,1,2021-07-17,2024-01-13,1
1136893,1136893,"Fidelity National Information Services, Inc.",2023-07-21,0,0001193125-23-218012,2023-08-22,8-K,"5.02,9.01",d534612d8k.htm,1,2021-07-21,2024-01-17,1
1136893,1136893,"Fidelity National Information Services, Inc.",2023-07-21,0,0001136893-23-000090,2023-05-26,8-K,5.02,fis-20230522.htm,1,2021-07-21,2024-01-17,1
1136893,1136893,"Fidelity National Information Services, Inc.",2023-07-21,0,0001136893-23-000069,2023-04-21,8-K,5.02,fis-20230417.htm,1,2021-07-21,2024-01-17,1
1136893,1136893,"Fidelity National Information Services, Inc.",2023-07-21,0,0001193125-23-015151,2023-01-25,8-K,"5.02,9.01",d103120d8k.htm,1,2021-07-21,2024-01-17,1
1136893,1136893,"Fidelity National Information Services, Inc.",2023-07-21,0,0001193125-23-011458,2023-01-20,8-K,"5.02,7.01,9.01",d426581d8k.htm,1,2021-07-21,2024-01-17,1
1136893,1136893,"Fidelity National Information Services, Inc.",2023-07-21,0,0001193125-22-305874,2022-12-15,8-K,"1.01,5.02,7.01,9.01",d427115d8k.htm,1,2021-07-21,2024-01-17,1
1136893,1136893,"Fidelity National Information Services, Inc.",2023-07-21,0,0001136893-22-000173,2022-10-19,8-K,"2.02,5.02,9.01",fis-20221018.htm,1,2021-07-21,2024-01-17,1
1136893,1136893,"Fidelity National Information Services, Inc.",2023-07-21,0,0001136893-22-000155,2022-08-17,8-K,"5.02,9.01",fis-20220815.htm,1,2021-07-21,2024-01-17,1
1136893,1136893,"Fidelity National Information Services, Inc.",2023-07-21,0,0001136893-22-000134,2022-06-01,8-K,"5.02,9.01",fis-20220525.htm,1,2021-07-21,2024-01-17,1
1136893,1136893,"Fidelity National Information Services, Inc.",2023-07-21,0,0001136893-22-000056,2022-03-21,8-K,"5.02,9.01",fis-20220316.htm,1,2021-07-21,2024-01-17,1
1136893,1136893,"Fidelity National Information Services, Inc.",2023-07-21,0,0001136893-22-000028,2022-02-08,8-K,"5.02,9.01",fis-20220208.htm,1,2021-07-21,2024-01-17,1
1136893,1136893,"Fidelity National Information Services, Inc.",2023-07-21,0,0001136893-22-000005,2022-01-14,8-K,5.02,fis-20220111.htm,1,2021-07-21,2024-01-17,1
1136893,1136893,"Fidelity National Information Services, Inc.",2023-07-21,0,0001136893-21-000203,2021-09-08,8-K,5.02,fis-20210902.htm,1,2021-07-21,2024-01-17,1
1136893,1136893,"Fidelity National Information Services, Inc.",2023-07-21,0,0001136893-21-000196,2021-09-03,8-K,5.02,fis-20210831.htm,1,2021-07-21,2024-01-17,1
1136893,1136893,"Fidelity National Information Services, Inc.",2023-09-08,0,0001193125-24-044681,2024-02-23,8-K,"5.02,9.01",d764426d8k.htm,1,2021-09-08,2024-03-06,1
1136893,1136893,"Fidelity National Information Services, Inc.",2023-09-08,0,0001193125-24-021392,2024-02-01,8-K,"1.01,2.01,5.02,7.01,9.01",d761353d8k.htm,1,2021-09-08,2024-03-06,1
1136893,1136893,"Fidelity National Information Services, Inc.",2023-09-08,0,0001193125-23-218012,2023-08-22,8-K,"5.02,9.01",d534612d8k.htm,1,2021-09-08,2024-03-06,1
1136893,1136893,"Fidelity National Information Services, Inc.",2023-09-08,0,0001136893-23-000090,2023-05-26,8-K,5.02,fis-20230522.htm,1,2021-09-08,2024-03-06,1
1136893,1136893,"Fidelity National Information Services, Inc.",2023-09-08,0,0001136893-23-000069,2023-04-21,8-K,5.02,fis-20230417.htm,1,2021-09-08,2024-03-06,1
1136893,1136893,"Fidelity National Information Services, Inc.",2023-09-08,0,0001193125-23-015151,2023-01-25,8-K,"5.02,9.01",d103120d8k.htm,1,2021-09-08,2024-03-06,1
1136893,1136893,"Fidelity National Information Services, Inc.",2023-09-08,0,0001193125-23-011458,2023-01-20,8-K,"5.02,7.01,9.01",d426581d8k.htm,1,2021-09-08,2024-03-06,1
1136893,1136893,"Fidelity National Information Services, Inc.",2023-09-08,0,0001193125-22-305874,2022-12-15,8-K,"1.01,5.02,7.01,9.01",d427115d8k.htm,1,2021-09-08,2024-03-06,1
1136893,1136893,"Fidelity National Information Services, Inc.",2023-09-08,0,0001136893-22-000173,2022-10-19,8-K,"2.02,5.02,9.01",fis-20221018.htm,1,2021-09-08,2024-03-06,1
1136893,1136893,"Fidelity National Information Services, Inc.",2023-09-08,0,0001136893-22-000155,2022-08-17,8-K,"5.02,9.01",fis-20220815.htm,1,2021-09-08,2024-03-06,1
1136893,1136893,"Fidelity National Information Services, Inc.",2023-09-08,0,0001136893-22-000134,2022-06-01,8-K,"5.02,9.01",fis-20220525.htm,1,2021-09-08,2024-03-06,1
1136893,1136893,"Fidelity National Information Services, Inc.",2023-09-08,0,0001136893-22-000056,2022-03-21,8-K,"5.02,9.01",fis-20220316.htm,1,2021-09-08,2024-03-06,1
1136893,1136893,"Fidelity National Information Services, Inc.",2023-09-08,0,0001136893-22-000028,2022-02-08,8-K,"5.02,9.01",fis-20220208.htm,1,2021-09-08,2024-03-06,1
1136893,1136893,"Fidelity National Information Services, Inc.",2023-09-08,0,0001136893-22-000005,2022-01-14,8-K,5.02,fis-20220111.htm,1,2021-09-08,2024-03-06,1
1136893,1136893,"Fidelity National Information Services, Inc.",2023-09-08,0,0001136893-21-000203,2021-09-08,8-K,5.02,fis-20210902.htm,1,2021-09-08,2024-03-06,1
1136893,1136893,"Fidelity National Information Services, Inc.",2023-09-19,0,0001193125-24-069200,2024-03-15,8-K,5.02,d705411d8k.htm,1,2021-09-19,2024-03-17,1
1136893,1136893,"Fidelity National Information Services, Inc.",2023-09-19,0,0001193125-24-044681,2024-02-23,8-K,"5.02,9.01",d764426d8k.htm,1,2021-09-19,2024-03-17,1
1136893,1136893,"Fidelity National Information Services, Inc.",2023-09-19,0,0001193125-24-021392,2024-02-01,8-K,"1.01,2.01,5.02,7.01,9.01",d761353d8k.htm,1,2021-09-19,2024-03-17,1
1136893,1136893,"Fidelity National Information Services, Inc.",2023-09-19,0,0001193125-23-218012,2023-08-22,8-K,"5.02,9.01",d534612d8k.htm,1,2021-09-19,2024-03-17,1
1136893,1136893,"Fidelity National Information Services, Inc.",2023-09-19,0,0001136893-23-000090,2023-05-26,8-K,5.02,fis-20230522.htm,1,2021-09-19,2024-03-17,1
1136893,1136893,"Fidelity National Information Services, Inc.",2023-09-19,0,0001136893-23-000069,2023-04-21,8-K,5.02,fis-20230417.htm,1,2021-09-19,2024-03-17,1
1136893,1136893,"Fidelity National Information Services, Inc.",2023-09-19,0,0001193125-23-015151,2023-01-25,8-K,"5.02,9.01",d103120d8k.htm,1,2021-09-19,2024-03-17,1
1136893,1136893,"Fidelity National Information Services, Inc.",2023-09-19,0,0001193125-23-011458,2023-01-20,8-K,"5.02,7.01,9.01",d426581d8k.htm,1,2021-09-19,2024-03-17,1
1136893,1136893,"Fidelity National Information Services, Inc.",2023-09-19,0,0001193125-22-305874,2022-12-15,8-K,"1.01,5.02,7.01,9.01",d427115d8k.htm,1,2021-09-19,2024-03-17,1
1136893,1136893,"Fidelity National Information Services, Inc.",2023-09-19,0,0001136893-22-000173,2022-10-19,8-K,"2.02,5.02,9.01",fis-20221018.htm,1,2021-09-19,2024-03-17,1
1136893,1136893,"Fidelity National Information Services, Inc.",2023-09-19,0,0001136893-22-000155,2022-08-17,8-K,"5.02,9.01",fis-20220815.htm,1,2021-09-19,2024-03-17,1
1136893,1136893,"Fidelity National Information Services, Inc.",2023-09-19,0,0001136893-22-000134,2022-06-01,8-K,"5.02,9.01",fis-20220525.htm,1,2021-09-19,2024-03-17,1
1136893,1136893,"Fidelity National Information Services, Inc.",2023-09-19,0,0001136893-22-000056,2022-03-21,8-K,"5.02,9.01",fis-20220316.htm,1,2021-09-19,2024-03-17,1
1136893,1136893,"Fidelity National Information Services, Inc.",2023-09-19,0,0001136893-22-000028,2022-02-08,8-K,"5.02,9.01",fis-20220208.htm,1,2021-09-19,2024-03-17,1
1136893,1136893,"Fidelity National Information Services, Inc.",2023-09-19,0,0001136893-22-000005,2022-01-14,8-K,5.02,fis-20220111.htm,1,2021-09-19,2024-03-17,1
1136893,1136893,"Fidelity National Information Services, Inc.",2023-10-04,0,0001193125-24-069200,2024-03-15,8-K,5.02,d705411d8k.htm,1,2021-10-04,2024-04-01,1
1136893,1136893,"Fidelity National Information Services, Inc.",2023-10-04,0,0001193125-24-044681,2024-02-23,8-K,"5.02,9.01",d764426d8k.htm,1,2021-10-04,2024-04-01,1
1136893,1136893,"Fidelity National Information Services, Inc.",2023-10-04,0,0001193125-24-021392,2024-02-01,8-K,"1.01,2.01,5.02,7.01,9.01",d761353d8k.htm,1,2021-10-04,2024-04-01,1
1136893,1136893,"Fidelity National Information Services, Inc.",2023-10-04,0,0001193125-23-218012,2023-08-22,8-K,"5.02,9.01",d534612d8k.htm,1,2021-10-04,2024-04-01,1
1136893,1136893,"Fidelity National Information Services, Inc.",2023-10-04,0,0001136893-23-000090,2023-05-26,8-K,5.02,fis-20230522.htm,1,2021-10-04,2024-04-01,1
1136893,1136893,"Fidelity National Information Services, Inc.",2023-10-04,0,0001136893-23-000069,2023-04-21,8-K,5.02,fis-20230417.htm,1,2021-10-04,2024-04-01,1
1136893,1136893,"Fidelity National Information Services, Inc.",2023-10-04,0,0001193125-23-015151,2023-01-25,8-K,"5.02,9.01",d103120d8k.htm,1,2021-10-04,2024-04-01,1
1136893,1136893,"Fidelity National Information Services, Inc.",2023-10-04,0,0001193125-23-011458,2023-01-20,8-K,"5.02,7.01,9.01",d426581d8k.htm,1,2021-10-04,2024-04-01,1
1136893,1136893,"Fidelity National Information Services, Inc.",2023-10-04,0,0001193125-22-305874,2022-12-15,8-K,"1.01,5.02,7.01,9.01",d427115d8k.htm,1,2021-10-04,2024-04-01,1
1136893,1136893,"Fidelity National Information Services, Inc.",2023-10-04,0,0001136893-22-000173,2022-10-19,8-K,"2.02,5.02,9.01",fis-20221018.htm,1,2021-10-04,2024-04-01,1
1136893,1136893,"Fidelity National Information Services, Inc.",2023-10-04,0,0001136893-22-000155,2022-08-17,8-K,"5.02,9.01",fis-20220815.htm,1,2021-10-04,2024-04-01,1
1136893,1136893,"Fidelity National Information Services, Inc.",2023-10-04,0,0001136893-22-000134,2022-06-01,8-K,"5.02,9.01",fis-20220525.htm,1,2021-10-04,2024-04-01,1
1136893,1136893,"Fidelity National Information Services, Inc.",2023-10-04,0,0001136893-22-000056,2022-03-21,8-K,"5.02,9.01",fis-20220316.htm,1,2021-10-04,2024-04-01,1
1136893,1136893,"Fidelity National Information Services, Inc.",2023-10-04,0,0001136893-22-000028,2022-02-08,8-K,"5.02,9.01",fis-20220208.htm,1,2021-10-04,2024-04-01,1
1136893,1136893,"Fidelity National Information Services, Inc.",2023-10-04,0,0001136893-22-000005,2022-01-14,8-K,5.02,fis-20220111.htm,1,2021-10-04,2024-04-01,1
1136893,1136893,"Fidelity National Information Services, Inc.",2023-11-09,0,0001193125-24-088508,2024-04-05,8-K,5.02,d759372d8k.htm,1,2021-11-09,2024-05-07,1
1136893,1136893,"Fidelity National Information Services, Inc.",2023-11-09,0,0001193125-24-069200,2024-03-15,8-K,5.02,d705411d8k.htm,1,2021-11-09,2024-05-07,1
1136893,1136893,"Fidelity National Information Services, Inc.",2023-11-09,0,0001193125-24-044681,2024-02-23,8-K,"5.02,9.01",d764426d8k.htm,1,2021-11-09,2024-05-07,1
1136893,1136893,"Fidelity National Information Services, Inc.",2023-11-09,0,0001193125-24-021392,2024-02-01,8-K,"1.01,2.01,5.02,7.01,9.01",d761353d8k.htm,1,2021-11-09,2024-05-07,1
1136893,1136893,"Fidelity National Information Services, Inc.",2023-11-09,0,0001193125-23-218012,2023-08-22,8-K,"5.02,9.01",d534612d8k.htm,1,2021-11-09,2024-05-07,1
1136893,1136893,"Fidelity National Information Services, Inc.",2023-11-09,0,0001136893-23-000090,2023-05-26,8-K,5.02,fis-20230522.htm,1,2021-11-09,2024-05-07,1
1136893,1136893,"Fidelity National Information Services, Inc.",2023-11-09,0,0001136893-23-000069,2023-04-21,8-K,5.02,fis-20230417.htm,1,2021-11-09,2024-05-07,1
1136893,1136893,"Fidelity National Information Services, Inc.",2023-11-09,0,0001193125-23-015151,2023-01-25,8-K,"5.02,9.01",d103120d8k.htm,1,2021-11-09,2024-05-07,1
1136893,1136893,"Fidelity National Information Services, Inc.",2023-11-09,0,0001193125-23-011458,2023-01-20,8-K,"5.02,7.01,9.01",d426581d8k.htm,1,2021-11-09,2024-05-07,1
1136893,1136893,"Fidelity National Information Services, Inc.",2023-11-09,0,0001193125-22-305874,2022-12-15,8-K,"1.01,5.02,7.01,9.01",d427115d8k.htm,1,2021-11-09,2024-05-07,1
1136893,1136893,"Fidelity National Information Services, Inc.",2023-11-09,0,0001136893-22-000173,2022-10-19,8-K,"2.02,5.02,9.01",fis-20221018.htm,1,2021-11-09,2024-05-07,1
1136893,1136893,"Fidelity National Information Services, Inc.",2023-11-09,0,0001136893-22-000155,2022-08-17,8-K,"5.02,9.01",fis-20220815.htm,1,2021-11-09,2024-05-07,1
1136893,1136893,"Fidelity National Information Services, Inc.",2023-11-09,0,0001136893-22-000134,2022-06-01,8-K,"5.02,9.01",fis-20220525.htm,1,2021-11-09,2024-05-07,1
1136893,1136893,"Fidelity National Information Services, Inc.",2023-11-09,0,0001136893-22-000056,2022-03-21,8-K,"5.02,9.01",fis-20220316.htm,1,2021-11-09,2024-05-07,1
1136893,1136893,"Fidelity National Information Services, Inc.",2023-11-09,0,0001136893-22-000028,2022-02-08,8-K,"5.02,9.01",fis-20220208.htm,1,2021-11-09,2024-05-07,1
1136893,1136893,"Fidelity National Information Services, Inc.",2023-11-09,0,0001136893-22-000005,2022-01-14,8-K,5.02,fis-20220111.htm,1,2021-11-09,2024-05-07,1
1136893,1136893,"Fidelity National Information Services, Inc.",2023-11-20,0,0001193125-24-088508,2024-04-05,8-K,5.02,d759372d8k.htm,1,2021-11-20,2024-05-18,1
1136893,1136893,"Fidelity National Information Services, Inc.",2023-11-20,0,0001193125-24-069200,2024-03-15,8-K,5.02,d705411d8k.htm,1,2021-11-20,2024-05-18,1
1136893,1136893,"Fidelity National Information Services, Inc.",2023-11-20,0,0001193125-24-044681,2024-02-23,8-K,"5.02,9.01",d764426d8k.htm,1,2021-11-20,2024-05-18,1
1136893,1136893,"Fidelity National Information Services, Inc.",2023-11-20,0,0001193125-24-021392,2024-02-01,8-K,"1.01,2.01,5.02,7.01,9.01",d761353d8k.htm,1,2021-11-20,2024-05-18,1
1136893,1136893,"Fidelity National Information Services, Inc.",2023-11-20,0,0001193125-23-218012,2023-08-22,8-K,"5.02,9.01",d534612d8k.htm,1,2021-11-20,2024-05-18,1
1136893,1136893,"Fidelity National Information Services, Inc.",2023-11-20,0,0001136893-23-000090,2023-05-26,8-K,5.02,fis-20230522.htm,1,2021-11-20,2024-05-18,1
1136893,1136893,"Fidelity National Information Services, Inc.",2023-11-20,0,0001136893-23-000069,2023-04-21,8-K,5.02,fis-20230417.htm,1,2021-11-20,2024-05-18,1
1136893,1136893,"Fidelity National Information Services, Inc.",2023-11-20,0,0001193125-23-015151,2023-01-25,8-K,"5.02,9.01",d103120d8k.htm,1,2021-11-20,2024-05-18,1
1136893,1136893,"Fidelity National Information Services, Inc.",2023-11-20,0,0001193125-23-011458,2023-01-20,8-K,"5.02,7.01,9.01",d426581d8k.htm,1,2021-11-20,2024-05-18,1
1136893,1136893,"Fidelity National Information Services, Inc.",2023-11-20,0,0001193125-22-305874,2022-12-15,8-K,"1.01,5.02,7.01,9.01",d427115d8k.htm,1,2021-11-20,2024-05-18,1
1136893,1136893,"Fidelity National Information Services, Inc.",2023-11-20,0,0001136893-22-000173,2022-10-19,8-K,"2.02,5.02,9.01",fis-20221018.htm,1,2021-11-20,2024-05-18,1
1136893,1136893,"Fidelity National Information Services, Inc.",2023-11-20,0,0001136893-22-000155,2022-08-17,8-K,"5.02,9.01",fis-20220815.htm,1,2021-11-20,2024-05-18,1
1136893,1136893,"Fidelity National Information Services, Inc.",2023-11-20,0,0001136893-22-000134,2022-06-01,8-K,"5.02,9.01",fis-20220525.htm,1,2021-11-20,2024-05-18,1
1136893,1136893,"Fidelity National Information Services, Inc.",2023-11-20,0,0001136893-22-000056,2022-03-21,8-K,"5.02,9.01",fis-20220316.htm,1,2021-11-20,2024-05-18,1
1136893,1136893,"Fidelity National Information Services, Inc.",2023-11-20,0,0001136893-22-000028,2022-02-08,8-K,"5.02,9.01",fis-20220208.htm,1,2021-11-20,2024-05-18,1
1136893,1136893,"Fidelity National Information Services, Inc.",2023-11-20,0,0001136893-22-000005,2022-01-14,8-K,5.02,fis-20220111.htm,1,2021-11-20,2024-05-18,1
1137789,1137789,Seagate US LLC,2016-02-29,0,0001104659-16-135046,2016-07-28,8-K,5.02,a16-15724_18k.htm,1,2014-03-01,2016-09-05,1
1137789,1137789,Seagate US LLC,2016-02-29,0,0001104659-16-131749,2016-07-08,8-K,5.02,a16-14684_18k.htm,1,2014-03-01,2016-09-05,1
1137789,1137789,Seagate US LLC,2016-02-29,0,0001104659-16-129505,2016-06-27,8-K,5.02,a16-14144_18k.htm,1,2014-03-01,2016-09-05,1
1137789,1137789,Seagate US LLC,2016-02-29,0,0001104659-16-087730,2016-01-04,8-K,"5.02,9.01",a16-1112_18k.htm,1,2014-03-01,2016-09-05,1
1137789,1137789,Seagate US LLC,2016-02-29,0,0001104659-15-071908,2015-10-21,8-K,"5.02,9.01",a15-21454_28k.htm,1,2014-03-01,2016-09-05,1
1137789,1137789,Seagate US LLC,2016-02-29,0,0001104659-15-066273,2015-09-21,8-K,5.02,a15-19999_18k.htm,1,2014-03-01,2016-09-05,1
1137789,1137789,Seagate US LLC,2016-02-29,0,0001104659-15-057159,2015-08-06,8-K,5.02,a15-16497_18k.htm,1,2014-03-01,2016-09-05,1
1137789,1137789,Seagate US LLC,2016-02-29,0,0001104659-15-052507,2015-07-22,8-K,"5.02,9.01",a15-16036_18k.htm,1,2014-03-01,2016-09-05,1
1137789,1137789,Seagate US LLC,2016-02-29,0,0001104659-15-033202,2015-05-01,8-K,5.02,a15-10570_18k.htm,1,2014-03-01,2016-09-05,1
1137789,1137789,Seagate US LLC,2016-02-29,0,0001104659-14-073609,2014-10-24,8-K,"5.02,5.07,9.01",a14-22946_18k.htm,1,2014-03-01,2016-09-05,1
1137789,1137789,Seagate US LLC,2016-02-29,0,0001104659-14-066107,2014-09-12,8-K,5.02,a14-20892_28k.htm,1,2014-03-01,2016-09-05,1
1137789,1137789,Seagate US LLC,2016-02-29,0,0001104659-14-052995,2014-07-23,8-K,5.02,a14-17631_18k.htm,1,2014-03-01,2016-09-05,1
1137789,1137789,Seagate US LLC,2016-02-29,0,0001104659-14-029197,2014-04-22,8-K,5.02,a14-10680_18k.htm,1,2014-03-01,2016-09-05,1
1137789,1137789,Seagate US LLC,2016-03-14,0,0001104659-16-135046,2016-07-28,8-K,5.02,a16-15724_18k.htm,1,2014-03-15,2016-09-10,1
1137789,1137789,Seagate US LLC,2016-03-14,0,0001104659-16-131749,2016-07-08,8-K,5.02,a16-14684_18k.htm,1,2014-03-15,2016-09-10,1
1137789,1137789,Seagate US LLC,2016-03-14,0,0001104659-16-129505,2016-06-27,8-K,5.02,a16-14144_18k.htm,1,2014-03-15,2016-09-10,1
1137789,1137789,Seagate US LLC,2016-03-14,0,0001104659-16-087730,2016-01-04,8-K,"5.02,9.01",a16-1112_18k.htm,1,2014-03-15,2016-09-10,1
1137789,1137789,Seagate US LLC,2016-03-14,0,0001104659-15-071908,2015-10-21,8-K,"5.02,9.01",a15-21454_28k.htm,1,2014-03-15,2016-09-10,1
1137789,1137789,Seagate US LLC,2016-03-14,0,0001104659-15-066273,2015-09-21,8-K,5.02,a15-19999_18k.htm,1,2014-03-15,2016-09-10,1
1137789,1137789,Seagate US LLC,2016-03-14,0,0001104659-15-057159,2015-08-06,8-K,5.02,a15-16497_18k.htm,1,2014-03-15,2016-09-10,1
1137789,1137789,Seagate US LLC,2016-03-14,0,0001104659-15-052507,2015-07-22,8-K,"5.02,9.01",a15-16036_18k.htm,1,2014-03-15,2016-09-10,1
1137789,1137789,Seagate US LLC,2016-03-14,0,0001104659-15-033202,2015-05-01,8-K,5.02,a15-10570_18k.htm,1,2014-03-15,2016-09-10,1
1137789,1137789,Seagate US LLC,2016-03-14,0,0001104659-14-073609,2014-10-24,8-K,"5.02,5.07,9.01",a14-22946_18k.htm,1,2014-03-15,2016-09-10,1
1137789,1137789,Seagate US LLC,2016-03-14,0,0001104659-14-066107,2014-09-12,8-K,5.02,a14-20892_28k.htm,1,2014-03-15,2016-09-10,1
1137789,1137789,Seagate US LLC,2016-03-14,0,0001104659-14-052995,2014-07-23,8-K,5.02,a14-17631_18k.htm,1,2014-03-15,2016-09-10,1
1137789,1137789,Seagate US LLC,2016-03-14,0,0001104659-14-029197,2014-04-22,8-K,5.02,a14-10680_18k.htm,1,2014-03-15,2016-09-10,1
1137789,1137789,Seagate Technology LLC,2017-07-08,0,0001137789-17-000068,2017-10-18,8-K,"5.02,5.07,9.01",tabulation8-k2017agm.htm,1,2015-07-09,2018-01-04,1
1137789,1137789,Seagate Technology LLC,2017-07-08,0,0001137789-17-000046,2017-07-28,8-K,5.02,q118form8-kitem502e.htm,1,2015-07-09,2018-01-04,1
1137789,1137789,Seagate Technology LLC,2017-07-08,0,0001193125-17-234440,2017-07-25,8-K,"2.02,2.05,5.02,7.01,9.01",d431036d8k.htm,1,2015-07-09,2018-01-04,1
1137789,1137789,Seagate Technology LLC,2017-07-08,0,0001193125-17-192960,2017-06-02,8-K,5.02,d405947d8k.htm,1,2015-07-09,2018-01-04,1
1137789,1137789,Seagate Technology LLC,2017-07-08,0,0001193125-17-013685,2017-01-20,8-K,"5.02,9.01",d330788d8k.htm,1,2015-07-09,2018-01-04,1
1137789,1137789,Seagate Technology LLC,2017-07-08,0,0001104659-16-151422,2016-10-24,8-K,"5.02,5.03,5.07,9.01",a16-20294_18k.htm,1,2015-07-09,2018-01-04,1
1137789,1137789,Seagate Technology LLC,2017-07-08,0,0001104659-16-148575,2016-10-04,8-K,5.02,a16-19472_18k.htm,1,2015-07-09,2018-01-04,1
1137789,1137789,Seagate Technology LLC,2017-07-08,0,0001104659-16-146813,2016-09-27,8-K,5.02,a16-19103_18k.htm,1,2015-07-09,2018-01-04,1
1137789,1137789,Seagate Technology LLC,2017-07-08,0,0001104659-16-135046,2016-07-28,8-K,5.02,a16-15724_18k.htm,1,2015-07-09,2018-01-04,1
1137789,1137789,Seagate Technology LLC,2017-07-08,0,0001104659-16-131749,2016-07-08,8-K,5.02,a16-14684_18k.htm,1,2015-07-09,2018-01-04,1
1137789,1137789,Seagate Technology LLC,2017-07-08,0,0001104659-16-129505,2016-06-27,8-K,5.02,a16-14144_18k.htm,1,2015-07-09,2018-01-04,1
1137789,1137789,Seagate Technology LLC,2017-07-08,0,0001104659-16-087730,2016-01-04,8-K,"5.02,9.01",a16-1112_18k.htm,1,2015-07-09,2018-01-04,1
1137789,1137789,Seagate Technology LLC,2017-07-08,0,0001104659-15-071908,2015-10-21,8-K,"5.02,9.01",a15-21454_28k.htm,1,2015-07-09,2018-01-04,1
1137789,1137789,Seagate Technology LLC,2017-07-08,0,0001104659-15-066273,2015-09-21,8-K,5.02,a15-19999_18k.htm,1,2015-07-09,2018-01-04,1
1137789,1137789,Seagate Technology LLC,2017-07-08,0,0001104659-15-057159,2015-08-06,8-K,5.02,a15-16497_18k.htm,1,2015-07-09,2018-01-04,1
1137789,1137789,Seagate Technology LLC,2017-07-08,0,0001104659-15-052507,2015-07-22,8-K,"5.02,9.01",a15-16036_18k.htm,1,2015-07-09,2018-01-04,1
1140859,1140859,"Cencora, Inc.",2024-02-21,0,0001104659-24-090498,2024-08-16,8-K,"1.01,5.02,5.03,9.01",tm2421656d1_8k.htm,1,2022-02-21,2024-11-11,1
1140859,1140859,"Cencora, Inc.",2024-02-21,0,0001104659-24-089929,2024-08-15,8-K,"5.02,7.01,9.01",tm2421656d2_8k.htm,1,2022-02-21,2024-11-11,1
1140859,1140859,"Cencora, Inc.",2024-02-21,0,0001140859-24-000081,2024-05-03,8-K,5.02,abc-20240430.htm,1,2022-02-21,2024-11-11,1
1140859,1140859,"Cencora, Inc.",2024-02-21,0,0001104659-24-035045,2024-03-15,8-K/A,"5.02,9.01",tm248865d1_8ka.htm,1,2022-02-21,2024-11-11,1
1140859,1140859,"Cencora, Inc.",2024-02-21,0,0001104659-24-033278,2024-03-12,8-K,"5.02,7.01,9.01",tm248543d1_8k.htm,1,2022-02-21,2024-11-11,1
1140859,1140859,"Cencora, Inc.",2024-02-21,0,0001140859-24-000012,2024-01-16,8-K,5.02,abc-20240112.htm,1,2022-02-21,2024-11-11,1
1140859,1140859,"Cencora, Inc.",2024-02-21,0,0001140859-23-000125,2023-08-15,8-K,"5.02,7.01,9.01",abc-20230809.htm,1,2022-02-21,2024-11-11,1
1140859,1140859,"Cencora, Inc.",2024-02-21,0,0001140859-23-000021,2023-01-26,8-K,5.02,abc-20230123.htm,1,2022-02-21,2024-11-11,1
1140859,1140859,"Cencora, Inc.",2024-02-21,0,0001104659-22-119574,2022-11-16,8-K/A,5.02,tm2230705d1_8ka.htm,1,2022-02-21,2024-11-11,1
1140859,1140859,"Cencora, Inc.",2024-02-21,0,0001140859-22-000095,2022-11-16,8-K,"5.02,7.01,9.01",abc-20221109.htm,1,2022-02-21,2024-11-11,1
1140859,1140859,"Cencora, Inc.",2024-02-21,0,0001140859-22-000064,2022-11-03,8-K,"2.02,5.02,7.01,9.01",abc-20221103.htm,1,2022-02-21,2024-11-11,1
1140859,1140859,"Cencora, Inc.",2024-02-21,0,0001140859-22-000054,2022-09-27,8-K,"5.02,7.01,9.01",abc-20220922.htm,1,2022-02-21,2024-11-11,1
1140859,1140859,"Cencora, Inc.",2024-02-21,0,0001104659-22-041712,2022-04-01,8-K,"5.02,9.01",tm2210260d2_8k.htm,1,2022-02-21,2024-11-11,1
1140859,1140859,"Cencora, Inc.",2024-04-10,0,0001104659-24-090498,2024-08-16,8-K,"1.01,5.02,5.03,9.01",tm2421656d1_8k.htm,1,2022-04-11,2024-11-11,1
1140859,1140859,"Cencora, Inc.",2024-04-10,0,0001104659-24-089929,2024-08-15,8-K,"5.02,7.01,9.01",tm2421656d2_8k.htm,1,2022-04-11,2024-11-11,1
1140859,1140859,"Cencora, Inc.",2024-04-10,0,0001140859-24-000081,2024-05-03,8-K,5.02,abc-20240430.htm,1,2022-04-11,2024-11-11,1
1140859,1140859,"Cencora, Inc.",2024-04-10,0,0001104659-24-035045,2024-03-15,8-K/A,"5.02,9.01",tm248865d1_8ka.htm,1,2022-04-11,2024-11-11,1
1140859,1140859,"Cencora, Inc.",2024-04-10,0,0001104659-24-033278,2024-03-12,8-K,"5.02,7.01,9.01",tm248543d1_8k.htm,1,2022-04-11,2024-11-11,1
1140859,1140859,"Cencora, Inc.",2024-04-10,0,0001140859-24-000012,2024-01-16,8-K,5.02,abc-20240112.htm,1,2022-04-11,2024-11-11,1
1140859,1140859,"Cencora, Inc.",2024-04-10,0,0001140859-23-000125,2023-08-15,8-K,"5.02,7.01,9.01",abc-20230809.htm,1,2022-04-11,2024-11-11,1
1140859,1140859,"Cencora, Inc.",2024-04-10,0,0001140859-23-000021,2023-01-26,8-K,5.02,abc-20230123.htm,1,2022-04-11,2024-11-11,1
1140859,1140859,"Cencora, Inc.",2024-04-10,0,0001104659-22-119574,2022-11-16,8-K/A,5.02,tm2230705d1_8ka.htm,1,2022-04-11,2024-11-11,1
1140859,1140859,"Cencora, Inc.",2024-04-10,0,0001140859-22-000095,2022-11-16,8-K,"5.02,7.01,9.01",abc-20221109.htm,1,2022-04-11,2024-11-11,1
1140859,1140859,"Cencora, Inc.",2024-04-10,0,0001140859-22-000064,2022-11-03,8-K,"2.02,5.02,7.01,9.01",abc-20221103.htm,1,2022-04-11,2024-11-11,1
1140859,1140859,"Cencora, Inc.",2024-04-10,0,0001140859-22-000054,2022-09-27,8-K,"5.02,7.01,9.01",abc-20220922.htm,1,2022-04-11,2024-11-11,1
1140859,1140859,"Cencora, Inc.",2024-05-08,0,0001104659-24-090498,2024-08-16,8-K,"1.01,5.02,5.03,9.01",tm2421656d1_8k.htm,1,2022-05-09,2024-12-17,1
1140859,1140859,"Cencora, Inc.",2024-05-08,0,0001104659-24-089929,2024-08-15,8-K,"5.02,7.01,9.01",tm2421656d2_8k.htm,1,2022-05-09,2024-12-17,1
1140859,1140859,"Cencora, Inc.",2024-05-08,0,0001140859-24-000081,2024-05-03,8-K,5.02,abc-20240430.htm,1,2022-05-09,2024-12-17,1
1140859,1140859,"Cencora, Inc.",2024-05-08,0,0001104659-24-035045,2024-03-15,8-K/A,"5.02,9.01",tm248865d1_8ka.htm,1,2022-05-09,2024-12-17,1
1140859,1140859,"Cencora, Inc.",2024-05-08,0,0001104659-24-033278,2024-03-12,8-K,"5.02,7.01,9.01",tm248543d1_8k.htm,1,2022-05-09,2024-12-17,1
1140859,1140859,"Cencora, Inc.",2024-05-08,0,0001140859-24-000012,2024-01-16,8-K,5.02,abc-20240112.htm,1,2022-05-09,2024-12-17,1
1140859,1140859,"Cencora, Inc.",2024-05-08,0,0001140859-23-000125,2023-08-15,8-K,"5.02,7.01,9.01",abc-20230809.htm,1,2022-05-09,2024-12-17,1
1140859,1140859,"Cencora, Inc.",2024-05-08,0,0001140859-23-000021,2023-01-26,8-K,5.02,abc-20230123.htm,1,2022-05-09,2024-12-17,1
1140859,1140859,"Cencora, Inc.",2024-05-08,0,0001104659-22-119574,2022-11-16,8-K/A,5.02,tm2230705d1_8ka.htm,1,2022-05-09,2024-12-17,1
1140859,1140859,"Cencora, Inc.",2024-05-08,0,0001140859-22-000095,2022-11-16,8-K,"5.02,7.01,9.01",abc-20221109.htm,1,2022-05-09,2024-12-17,1
1140859,1140859,"Cencora, Inc.",2024-05-08,0,0001140859-22-000064,2022-11-03,8-K,"2.02,5.02,7.01,9.01",abc-20221103.htm,1,2022-05-09,2024-12-17,1
1140859,1140859,"Cencora, Inc.",2024-05-08,0,0001140859-22-000054,2022-09-27,8-K,"5.02,7.01,9.01",abc-20220922.htm,1,2022-05-09,2024-12-17,1
1166691,1166691,Comcast,2008-01-29,1,0001193125-08-029361,2008-02-13,8-K,"5.02,9.01",d8k.htm,1,2006-01-29,2008-07-27,1
1166691,1166691,Comcast,2008-01-29,1,0000950103-07-003148,2007-12-28,8-K,"5.02,9.01",dp07973_8k.htm,1,2006-01-29,2008-07-27,1
1166691,1166691,Comcast,2008-01-29,1,0000950103-06-002700,2006-11-28,8-K,"5.02,9.01",dp04125_8k.htm,1,2006-01-29,2008-07-27,1
1166691,1166691,"Comcast Cable Communications, Inc.",2009-05-11,1,0000950103-09-000292,2009-02-13,8-K,"5.02,9.01",dp12535_8k.htm,1,2007-05-12,2009-11-07,1
1166691,1166691,"Comcast Cable Communications, Inc.",2009-05-11,1,0000950103-08-002956,2008-12-10,8-K,5.02,dp12049_8k.htm,1,2007-05-12,2009-11-07,1
1166691,1166691,"Comcast Cable Communications, Inc.",2009-05-11,1,0001193125-08-029361,2008-02-13,8-K,"5.02,9.01",d8k.htm,1,2007-05-12,2009-11-07,1
1166691,1166691,"Comcast Cable Communications, Inc.",2009-05-11,1,0000950103-07-003148,2007-12-28,8-K,"5.02,9.01",dp07973_8k.htm,1,2007-05-12,2009-11-07,1
1166691,1166691,"Comcast Cable Communications, Inc.",2009-06-22,1,0000950103-09-000292,2009-02-13,8-K,"5.02,9.01",dp12535_8k.htm,1,2007-06-23,2009-12-19,1
1166691,1166691,"Comcast Cable Communications, Inc.",2009-06-22,1,0000950103-08-002956,2008-12-10,8-K,5.02,dp12049_8k.htm,1,2007-06-23,2009-12-19,1
1166691,1166691,"Comcast Cable Communications, Inc.",2009-06-22,1,0001193125-08-029361,2008-02-13,8-K,"5.02,9.01",d8k.htm,1,2007-06-23,2009-12-19,1
1166691,1166691,"Comcast Cable Communications, Inc.",2009-06-22,1,0000950103-07-003148,2007-12-28,8-K,"5.02,9.01",dp07973_8k.htm,1,2007-06-23,2009-12-19,1
1166691,1166691,NBC Sports Group,2012-08-24,0,0000950103-14-001112,2014-02-14,8-K,5.02,dp43945_8k.htm,1,2010-08-25,2014-04-12,1
1166691,1166691,NBC Sports Group,2012-08-24,0,0000950103-13-004940,2013-08-16,8-K,"5.02,9.01",dp40191_8k.htm,1,2010-08-25,2014-04-12,1
1166691,1166691,NBC Sports Group,2012-08-24,0,0000950103-13-004474,2013-07-24,8-K,"5.02,9.01",dp39750_8k.htm,1,2010-08-25,2014-04-12,1
1166691,1166691,NBC Sports Group,2012-08-24,0,0001193125-12-392575,2012-09-14,8-K,"5.02,9.01",d412146d8k.htm,1,2010-08-25,2014-04-12,1
1166691,1166691,NBC Sports Group,2012-08-24,0,0001193125-11-320674,2011-11-23,8-K,"5.02,5.03,9.01",d260243d8k.htm,1,2010-08-25,2014-04-12,1
1166691,1166691,NBC Sports Group,2012-08-24,0,0001193125-11-299646,2011-11-07,8-K,"5.02,9.01",d253806d8k.htm,1,2010-08-25,2014-04-12,1
1166691,1166691,NBC Sports Group,2012-08-24,0,0001193125-11-285508,2011-10-28,8-K/A,5.02,d248768d8ka.htm,1,2010-08-25,2014-04-12,1
1166691,1166691,NBC Sports Group,2012-08-24,0,0001193125-11-254480,2011-09-22,8-K,5.02,d235545d8k.htm,1,2010-08-25,2014-04-12,1
1166691,1166691,NBC Sports Group,2012-08-24,0,0001193125-11-180049,2011-07-01,8-K,"5.02,9.01",d8k.htm,1,2010-08-25,2014-04-12,1
1166691,1166691,NBC Sports Group,2012-08-24,0,0000950103-11-000772,2011-02-25,8-K,"5.02,9.01",dp21327_8k.htm,1,2010-08-25,2014-04-12,1
1166691,1166691,NBC Sports Group,2012-08-24,0,0000950103-11-000353,2011-01-31,8-K,"1.01,2.01,5.02,5.05,9.01",dp20918_8k.htm,1,2010-08-25,2014-04-12,1
1166691,1166691,NBC Sports Group,2012-08-24,0,0000950103-11-000002,2011-01-03,8-K,5.02,dp20533_8k.htm,1,2010-08-25,2014-04-12,1
1166691,1166691,NBC Sports Group,2013-08-24,0,0000950103-14-001112,2014-02-14,8-K,5.02,dp43945_8k.htm,1,2011-08-25,2014-04-12,1
1166691,1166691,NBC Sports Group,2013-08-24,0,0000950103-13-004940,2013-08-16,8-K,"5.02,9.01",dp40191_8k.htm,1,2011-08-25,2014-04-12,1
1166691,1166691,NBC Sports Group,2013-08-24,0,0000950103-13-004474,2013-07-24,8-K,"5.02,9.01",dp39750_8k.htm,1,2011-08-25,2014-04-12,1
1166691,1166691,NBC Sports Group,2013-08-24,0,0001193125-12-392575,2012-09-14,8-K,"5.02,9.01",d412146d8k.htm,1,2011-08-25,2014-04-12,1
1166691,1166691,NBC Sports Group,2013-08-24,0,0001193125-11-320674,2011-11-23,8-K,"5.02,5.03,9.01",d260243d8k.htm,1,2011-08-25,2014-04-12,1
1166691,1166691,NBC Sports Group,2013-08-24,0,0001193125-11-299646,2011-11-07,8-K,"5.02,9.01",d253806d8k.htm,1,2011-08-25,2014-04-12,1
1166691,1166691,NBC Sports Group,2013-08-24,0,0001193125-11-285508,2011-10-28,8-K/A,5.02,d248768d8ka.htm,1,2011-08-25,2014-04-12,1
1166691,1166691,NBC Sports Group,2013-08-24,0,0001193125-11-254480,2011-09-22,8-K,5.02,d235545d8k.htm,1,2011-08-25,2014-04-12,1
1166691,1166691,NBC Sports Group,2013-10-15,0,0000950103-14-001112,2014-02-14,8-K,5.02,dp43945_8k.htm,1,2011-10-16,2014-04-13,1
1166691,1166691,NBC Sports Group,2013-10-15,0,0000950103-13-004940,2013-08-16,8-K,"5.02,9.01",dp40191_8k.htm,1,2011-10-16,2014-04-13,1
1166691,1166691,NBC Sports Group,2013-10-15,0,0000950103-13-004474,2013-07-24,8-K,"5.02,9.01",dp39750_8k.htm,1,2011-10-16,2014-04-13,1
1166691,1166691,NBC Sports Group,2013-10-15,0,0001193125-12-392575,2012-09-14,8-K,"5.02,9.01",d412146d8k.htm,1,2011-10-16,2014-04-13,1
1166691,1166691,NBC Sports Group,2013-10-15,0,0001193125-11-320674,2011-11-23,8-K,"5.02,5.03,9.01",d260243d8k.htm,1,2011-10-16,2014-04-13,1
1166691,1166691,NBC Sports Group,2013-10-15,0,0001193125-11-299646,2011-11-07,8-K,"5.02,9.01",d253806d8k.htm,1,2011-10-16,2014-04-13,1
1166691,1166691,NBC Sports Group,2013-10-15,0,0001193125-11-285508,2011-10-28,8-K/A,5.02,d248768d8ka.htm,1,2011-10-16,2014-04-13,1
1166691,1166691,Comcast,2014-09-29,1,0000950103-14-008968,2014-12-23,8-K,"5.02,9.01",dp52034_8k.htm,1,2012-09-29,2015-03-28,1
1166691,1166691,Comcast,2014-09-29,1,0000950103-14-004539,2014-07-01,8-K,"5.02,9.01",dp47519_8k.htm,1,2012-09-29,2015-03-28,1
1166691,1166691,Comcast,2014-09-29,1,0000950103-14-001112,2014-02-14,8-K,5.02,dp43945_8k.htm,1,2012-09-29,2015-03-28,1
1166691,1166691,Comcast,2014-09-29,1,0000950103-13-004940,2013-08-16,8-K,"5.02,9.01",dp40191_8k.htm,1,2012-09-29,2015-03-28,1
1166691,1166691,Comcast,2014-09-29,1,0000950103-13-004474,2013-07-24,8-K,"5.02,9.01",dp39750_8k.htm,1,2012-09-29,2015-03-28,1
1166691,1166691,NBCUniversal,2022-01-04,1,0000950103-22-017696,2022-10-12,8-K,"5.02,9.01",dp182381_8k.htm,1,2020-01-05,2022-10-18,1
1166691,1166691,Comcast Cable Communications LLC,2023-10-16,1,0001166691-24-000019,2024-04-15,8-K,5.02,cmcsa-20240415.htm,1,2021-10-16,2024-06-15,1
1166691,1166691,Comcast Cable Communications LLC,2023-10-16,1,0000950103-23-017250,2023-12-06,8-K/A,5.02,dp203713_8ka.htm,1,2021-10-16,2024-06-15,1
1166691,1166691,Comcast Cable Communications LLC,2023-10-16,1,0000950103-23-014572,2023-10-03,8-K,"5.02,9.01",dp200774_8k.htm,1,2021-10-16,2024-06-15,1
1166691,1166691,Comcast Cable Communications LLC,2023-10-16,1,0000950103-23-008707,2023-06-09,8-K,"5.02,5.07,9.01",dp195127_8k.htm,1,2021-10-16,2024-06-15,1
1166691,1166691,Comcast Cable Communications LLC,2023-10-16,1,0000950103-23-006065,2023-04-24,8-K,5.02,dp192586_8k.htm,1,2021-10-16,2024-06-15,1
1166691,1166691,Comcast Cable Communications LLC,2023-10-16,1,0000950103-23-004120,2023-03-15,8-K,"5.02,9.01",dp190622_8k.htm,1,2021-10-16,2024-06-15,1
1166691,1166691,Comcast Cable Communications LLC,2023-10-16,1,0000950103-23-000208,2023-01-06,8-K,"5.02,9.01",dp186651_8k.htm,1,2021-10-16,2024-06-15,1
1166691,1166691,Comcast Cable Communications LLC,2023-10-16,1,0000950103-22-021872,2022-12-30,8-K,5.02,dp186161_8k.htm,1,2021-10-16,2024-06-15,1
1166691,1166691,Comcast Cable Communications LLC,2023-10-16,1,0000950103-22-017696,2022-10-12,8-K,"5.02,9.01",dp182381_8k.htm,1,2021-10-16,2024-06-15,1
1166691,1166691,Comcast Cable Communications LLC,2024-01-26,1,0001166691-24-000019,2024-04-15,8-K,5.02,cmcsa-20240415.htm,1,2022-01-26,2024-07-24,1
1166691,1166691,Comcast Cable Communications LLC,2024-01-26,1,0000950103-23-017250,2023-12-06,8-K/A,5.02,dp203713_8ka.htm,1,2022-01-26,2024-07-24,1
1166691,1166691,Comcast Cable Communications LLC,2024-01-26,1,0000950103-23-014572,2023-10-03,8-K,"5.02,9.01",dp200774_8k.htm,1,2022-01-26,2024-07-24,1
1166691,1166691,Comcast Cable Communications LLC,2024-01-26,1,0000950103-23-008707,2023-06-09,8-K,"5.02,5.07,9.01",dp195127_8k.htm,1,2022-01-26,2024-07-24,1
1166691,1166691,Comcast Cable Communications LLC,2024-01-26,1,0000950103-23-006065,2023-04-24,8-K,5.02,dp192586_8k.htm,1,2022-01-26,2024-07-24,1
1166691,1166691,Comcast Cable Communications LLC,2024-01-26,1,0000950103-23-004120,2023-03-15,8-K,"5.02,9.01",dp190622_8k.htm,1,2022-01-26,2024-07-24,1
1166691,1166691,Comcast Cable Communications LLC,2024-01-26,1,0000950103-23-000208,2023-01-06,8-K,"5.02,9.01",dp186651_8k.htm,1,2022-01-26,2024-07-24,1
1166691,1166691,Comcast Cable Communications LLC,2024-01-26,1,0000950103-22-021872,2022-12-30,8-K,5.02,dp186161_8k.htm,1,2022-01-26,2024-07-24,1
1166691,1166691,Comcast Cable Communications LLC,2024-01-26,1,0000950103-22-017696,2022-10-12,8-K,"5.02,9.01",dp182381_8k.htm,1,2022-01-26,2024-07-24,1
1166691,1166691,Comcast Cable Communications LLC,2024-02-14,1,0000950103-25-003639,2025-03-19,8-K,"5.02,9.01",dp226495_8k.htm,1,2022-02-14,2025-04-01,1
1166691,1166691,Comcast Cable Communications LLC,2024-02-14,1,0001166691-24-000019,2024-04-15,8-K,5.02,cmcsa-20240415.htm,1,2022-02-14,2025-04-01,1
1166691,1166691,Comcast Cable Communications LLC,2024-02-14,1,0000950103-23-017250,2023-12-06,8-K/A,5.02,dp203713_8ka.htm,1,2022-02-14,2025-04-01,1
1166691,1166691,Comcast Cable Communications LLC,2024-02-14,1,0000950103-23-014572,2023-10-03,8-K,"5.02,9.01",dp200774_8k.htm,1,2022-02-14,2025-04-01,1
1166691,1166691,Comcast Cable Communications LLC,2024-02-14,1,0000950103-23-008707,2023-06-09,8-K,"5.02,5.07,9.01",dp195127_8k.htm,1,2022-02-14,2025-04-01,1
1166691,1166691,Comcast Cable Communications LLC,2024-02-14,1,0000950103-23-006065,2023-04-24,8-K,5.02,dp192586_8k.htm,1,2022-02-14,2025-04-01,1
1166691,1166691,Comcast Cable Communications LLC,2024-02-14,1,0000950103-23-004120,2023-03-15,8-K,"5.02,9.01",dp190622_8k.htm,1,2022-02-14,2025-04-01,1
1166691,1166691,Comcast Cable Communications LLC,2024-02-14,1,0000950103-23-000208,2023-01-06,8-K,"5.02,9.01",dp186651_8k.htm,1,2022-02-14,2025-04-01,1
1166691,1166691,Comcast Cable Communications LLC,2024-02-14,1,0000950103-22-021872,2022-12-30,8-K,5.02,dp186161_8k.htm,1,2022-02-14,2025-04-01,1
1166691,1166691,Comcast Cable Communications LLC,2024-02-14,1,0000950103-22-017696,2022-10-12,8-K,"5.02,9.01",dp182381_8k.htm,1,2022-02-14,2025-04-01,1
1166691,1166691,Comcast Cable Communications LLC,2024-10-04,1,0000950103-25-003639,2025-03-19,8-K,"5.02,9.01",dp226495_8k.htm,1,2022-10-05,2025-04-02,1
1166691,1166691,Comcast Cable Communications LLC,2024-10-04,1,0001166691-24-000019,2024-04-15,8-K,5.02,cmcsa-20240415.htm,1,2022-10-05,2025-04-02,1
1166691,1166691,Comcast Cable Communications LLC,2024-10-04,1,0000950103-23-017250,2023-12-06,8-K/A,5.02,dp203713_8ka.htm,1,2022-10-05,2025-04-02,1
1166691,1166691,Comcast Cable Communications LLC,2024-10-04,1,0000950103-23-014572,2023-10-03,8-K,"5.02,9.01",dp200774_8k.htm,1,2022-10-05,2025-04-02,1
1166691,1166691,Comcast Cable Communications LLC,2024-10-04,1,0000950103-23-008707,2023-06-09,8-K,"5.02,5.07,9.01",dp195127_8k.htm,1,2022-10-05,2025-04-02,1
1166691,1166691,Comcast Cable Communications LLC,2024-10-04,1,0000950103-23-006065,2023-04-24,8-K,5.02,dp192586_8k.htm,1,2022-10-05,2025-04-02,1
1166691,1166691,Comcast Cable Communications LLC,2024-10-04,1,0000950103-23-004120,2023-03-15,8-K,"5.02,9.01",dp190622_8k.htm,1,2022-10-05,2025-04-02,1
1166691,1166691,Comcast Cable Communications LLC,2024-10-04,1,0000950103-23-000208,2023-01-06,8-K,"5.02,9.01",dp186651_8k.htm,1,2022-10-05,2025-04-02,1
1166691,1166691,Comcast Cable Communications LLC,2024-10-04,1,0000950103-22-021872,2022-12-30,8-K,5.02,dp186161_8k.htm,1,2022-10-05,2025-04-02,1
1166691,1166691,Comcast Cable Communications LLC,2024-10-04,1,0000950103-22-017696,2022-10-12,8-K,"5.02,9.01",dp182381_8k.htm,1,2022-10-05,2025-04-02,1
1180262,1180262,"Herbalife International of America, Inc.",2022-02-01,0,0001157523-22-000997,2022-08-02,8-K,"2.02,5.02,7.01,9.01",a52798528.htm,1,2020-02-02,2022-09-13,1
1180262,1180262,"Herbalife International of America, Inc.",2022-02-01,0,0001157523-21-000581,2021-05-04,8-K,"2.02,5.02,5.07,9.01",a52422763.htm,1,2020-02-02,2022-09-13,1
1180262,1180262,"Herbalife International of America, Inc.",2022-02-01,0,0001193125-21-150054,2021-05-04,8-K/A,5.02,d140297d8ka.htm,1,2020-02-02,2022-09-13,1
1180262,1180262,"Herbalife International of America, Inc.",2022-02-01,0,0001193125-21-062102,2021-03-01,8-K,5.02,d116702d8k.htm,1,2020-02-02,2022-09-13,1
1180262,1180262,"Herbalife International of America, Inc.",2022-02-01,0,0001193125-21-000193,2021-01-04,8-K,"1.01,5.02,9.01",d10767d8k.htm,1,2020-02-02,2022-09-13,1
1180262,1180262,"Herbalife International of America, Inc.",2022-02-01,0,0001157523-20-001457,2020-11-05,8-K,"1.01,2.02,5.02,8.01,9.01",a52021913.htm,1,2020-02-02,2022-09-13,1
1180262,1180262,"Herbalife International of America, Inc.",2022-02-01,0,0001157523-20-000216,2020-02-18,8-K,"2.02,5.02,8.01,9.01",a52174472.htm,1,2020-02-02,2022-09-13,1
51434,51434,International Paper Company,2023-05-30,0,0001193125-24-070875,2024-03-19,8-K,"1.01,5.02,8.01,9.01",d807996d8k.htm,1,2021-05-30,2024-05-15,1
51434,51434,International Paper Company,2023-05-30,0,0001193125-24-038571,2024-02-16,8-K,5.02,d789158d8k.htm,1,2021-05-30,2024-05-15,1
51434,51434,International Paper Company,2023-05-30,0,0001193125-24-038566,2024-02-16,8-K,5.02,d763142d8k.htm,1,2021-05-30,2024-05-15,1
51434,51434,International Paper Company,2023-05-30,0,0001193125-23-249022,2023-10-02,8-K,5.02,d544451d8k.htm,1,2021-05-30,2024-05-15,1
51434,51434,International Paper Company,2023-05-30,0,0001193125-23-002536,2023-01-05,8-K,"5.02,7.01,9.01",d441350d8k.htm,1,2021-05-30,2024-05-15,1
51434,51434,International Paper Company,2023-05-30,0,0001193125-22-148419,2022-05-12,8-K,"5.02,7.01,9.01",d353540d8k.htm,1,2021-05-30,2024-05-15,1
51434,51434,International Paper Company,2023-05-30,0,0001193125-22-105647,2022-04-14,8-K,5.02,d334460d8k.htm,1,2021-05-30,2024-05-15,1
1283699,1283699,"T-Mobile USA, Inc.",2014-01-02,1,0001193125-14-058782,2014-02-19,8-K,5.02,d679014d8k.htm,1,2012-01-03,2014-07-01,1
1283699,1283699,"T-Mobile USA, Inc.",2014-01-02,1,0001193125-13-448555,2013-11-20,8-K,"1.01,5.02,8.01,9.01",d630913d8k.htm,1,2012-01-03,2014-07-01,1
1283699,1283699,"T-Mobile USA, Inc.",2014-01-02,1,0001283699-13-000134,2013-11-08,8-K,5.02,tmus11072013form8-k.htm,1,2012-01-03,2014-07-01,1
1283699,1283699,"T-Mobile USA, Inc.",2014-01-02,1,0001283699-13-000120,2013-10-25,8-K,"5.02,9.01",tmus10252013form8-k.htm,1,2012-01-03,2014-07-01,1
1283699,1283699,"T-Mobile USA, Inc.",2014-01-02,1,0001193125-13-246944,2013-06-04,8-K,"5.02,5.07,9.01",d548762d8k.htm,1,2012-01-03,2014-07-01,1
1283699,1283699,"T-Mobile USA, Inc.",2014-01-02,1,0001193125-13-193449,2013-05-02,8-K,"1.01,2.03,3.02,4.01,5.01,5.02,5.03,7.01,9.01",d527693d8k.htm,1,2012-01-03,2014-07-01,1
1283699,1283699,"T-Mobile USA, Inc.",2014-01-02,1,0001283699-13-000011,2013-02-07,8-K,5.02,form8-k020713.htm,1,2012-01-03,2014-07-01,1
1283699,1283699,"T-Mobile USA, Inc.",2014-01-02,1,0001283699-12-000027,2012-10-03,8-K,"1.01,2.03,3.02,3.03,5.02,8.01,9.01",form8-k100212.htm,1,2012-01-03,2014-07-01,1
1283699,1283699,"T-Mobile USA, Inc.",2014-01-02,1,0001283699-12-000010,2012-08-03,8-K,5.02,a8-klandry073012.htm,1,2012-01-03,2014-07-01,1
1283699,1283699,"T-Mobile USA, Inc.",2014-01-02,1,0001445305-12-001909,2012-05-31,8-K,"5.02,5.07,9.01",a8-k053112.htm,1,2012-01-03,2014-07-01,1
1283699,1283699,"T-Mobile USA, Inc.",2014-01-02,1,0001193125-12-056765,2012-02-14,8-K,5.02,d300486d8k.htm,1,2012-01-03,2014-07-01,1
1283699,1283699,"T-Mobile USA, Inc.",2015-09-14,1,0001193125-16-470124,2016-02-19,8-K,5.02,d145133d8k.htm,1,2013-09-14,2016-03-29,1
1283699,1283699,"T-Mobile USA, Inc.",2015-09-14,1,0001193125-15-063256,2015-02-26,8-K,"5.02,9.01",d881569d8k.htm,1,2013-09-14,2016-03-29,1
1283699,1283699,"T-Mobile USA, Inc.",2015-09-14,1,0001193125-15-052763,2015-02-18,8-K,5.02,d876668d8k.htm,1,2013-09-14,2016-03-29,1
1283699,1283699,"T-Mobile USA, Inc.",2015-09-14,1,0001193125-14-058782,2014-02-19,8-K,5.02,d679014d8k.htm,1,2013-09-14,2016-03-29,1
1283699,1283699,"T-Mobile USA, Inc.",2015-09-14,1,0001193125-13-448555,2013-11-20,8-K,"1.01,5.02,8.01,9.01",d630913d8k.htm,1,2013-09-14,2016-03-29,1
1283699,1283699,"T-Mobile USA, Inc.",2015-09-14,1,0001283699-13-000134,2013-11-08,8-K,5.02,tmus11072013form8-k.htm,1,2013-09-14,2016-03-29,1
1283699,1283699,"T-Mobile USA, Inc.",2015-09-14,1,0001283699-13-000120,2013-10-25,8-K,"5.02,9.01",tmus10252013form8-k.htm,1,2013-09-14,2016-03-29,1
1283699,1283699,T-Mobile USA Inc.,2015-10-01,1,0001193125-16-470124,2016-02-19,8-K,5.02,d145133d8k.htm,1,2013-10-01,2016-03-29,1
1283699,1283699,T-Mobile USA Inc.,2015-10-01,1,0001193125-15-063256,2015-02-26,8-K,"5.02,9.01",d881569d8k.htm,1,2013-10-01,2016-03-29,1
1283699,1283699,T-Mobile USA Inc.,2015-10-01,1,0001193125-15-052763,2015-02-18,8-K,5.02,d876668d8k.htm,1,2013-10-01,2016-03-29,1
1283699,1283699,T-Mobile USA Inc.,2015-10-01,1,0001193125-14-058782,2014-02-19,8-K,5.02,d679014d8k.htm,1,2013-10-01,2016-03-29,1
1283699,1283699,T-Mobile USA Inc.,2015-10-01,1,0001193125-13-448555,2013-11-20,8-K,"1.01,5.02,8.01,9.01",d630913d8k.htm,1,2013-10-01,2016-03-29,1
1283699,1283699,T-Mobile USA Inc.,2015-10-01,1,0001283699-13-000134,2013-11-08,8-K,5.02,tmus11072013form8-k.htm,1,2013-10-01,2016-03-29,1
1283699,1283699,T-Mobile USA Inc.,2015-10-01,1,0001283699-13-000120,2013-10-25,8-K,"5.02,9.01",tmus10252013form8-k.htm,1,2013-10-01,2016-03-29,1
1283699,1283699,T-Mobile USA Inc,2015-11-04,1,0001193125-16-470124,2016-02-19,8-K,5.02,d145133d8k.htm,1,2013-11-04,2016-05-02,1
1283699,1283699,T-Mobile USA Inc,2015-11-04,1,0001193125-15-063256,2015-02-26,8-K,"5.02,9.01",d881569d8k.htm,1,2013-11-04,2016-05-02,1
1283699,1283699,T-Mobile USA Inc,2015-11-04,1,0001193125-15-052763,2015-02-18,8-K,5.02,d876668d8k.htm,1,2013-11-04,2016-05-02,1
1283699,1283699,T-Mobile USA Inc,2015-11-04,1,0001193125-14-058782,2014-02-19,8-K,5.02,d679014d8k.htm,1,2013-11-04,2016-05-02,1
1283699,1283699,T-Mobile USA Inc,2015-11-04,1,0001193125-13-448555,2013-11-20,8-K,"1.01,5.02,8.01,9.01",d630913d8k.htm,1,2013-11-04,2016-05-02,1
1283699,1283699,T-Mobile USA Inc,2015-11-04,1,0001283699-13-000134,2013-11-08,8-K,5.02,tmus11072013form8-k.htm,1,2013-11-04,2016-05-02,1
1283699,1283699,T-Mobile,2017-04-01,1,0001193125-17-099960,2017-03-28,8-K,5.02,d364789d8k.htm,1,2015-04-02,2017-12-06,1
1283699,1283699,T-Mobile,2017-04-01,1,0001193125-17-056336,2017-02-24,8-K,5.02,d349134d8k.htm,1,2015-04-02,2017-12-06,1
1283699,1283699,T-Mobile,2017-04-01,1,0001193125-16-628913,2016-06-22,8-K,"5.02,5.07",d386854d8k.htm,1,2015-04-02,2017-12-06,1
1283699,1283699,T-Mobile,2017-04-01,1,0001193125-16-470124,2016-02-19,8-K,5.02,d145133d8k.htm,1,2015-04-02,2017-12-06,1
1283699,1283699,"T-Mobile USA, Inc.",2017-08-24,1,0001193125-18-051913,2018-02-21,8-K,5.02,d538557d8k.htm,1,2015-08-25,2018-03-13,1
1283699,1283699,"T-Mobile USA, Inc.",2017-08-24,1,0001193125-17-377654,2017-12-22,8-K,5.02,d497580d8k.htm,1,2015-08-25,2018-03-13,1
1283699,1283699,"T-Mobile USA, Inc.",2017-08-24,1,0001193125-17-099960,2017-03-28,8-K,5.02,d364789d8k.htm,1,2015-08-25,2018-03-13,1
1283699,1283699,"T-Mobile USA, Inc.",2017-08-24,1,0001193125-17-056336,2017-02-24,8-K,5.02,d349134d8k.htm,1,2015-08-25,2018-03-13,1
1283699,1283699,"T-Mobile USA, Inc.",2017-08-24,1,0001193125-16-628913,2016-06-22,8-K,"5.02,5.07",d386854d8k.htm,1,2015-08-25,2018-03-13,1
1283699,1283699,"T-Mobile USA, Inc.",2017-08-24,1,0001193125-16-470124,2016-02-19,8-K,5.02,d145133d8k.htm,1,2015-08-25,2018-03-13,1
1283699,1283699,"T-Mobile USA, Inc.",2017-09-16,1,0001193125-18-051913,2018-02-21,8-K,5.02,d538557d8k.htm,1,2015-09-17,2018-03-31,1
1283699,1283699,"T-Mobile USA, Inc.",2017-09-16,1,0001193125-17-377654,2017-12-22,8-K,5.02,d497580d8k.htm,1,2015-09-17,2018-03-31,1
1283699,1283699,"T-Mobile USA, Inc.",2017-09-16,1,0001193125-17-099960,2017-03-28,8-K,5.02,d364789d8k.htm,1,2015-09-17,2018-03-31,1
1283699,1283699,"T-Mobile USA, Inc.",2017-09-16,1,0001193125-17-056336,2017-02-24,8-K,5.02,d349134d8k.htm,1,2015-09-17,2018-03-31,1
1283699,1283699,"T-Mobile USA, Inc.",2017-09-16,1,0001193125-16-628913,2016-06-22,8-K,"5.02,5.07",d386854d8k.htm,1,2015-09-17,2018-03-31,1
1283699,1283699,"T-Mobile USA, Inc.",2017-09-16,1,0001193125-16-470124,2016-02-19,8-K,5.02,d145133d8k.htm,1,2015-09-17,2018-03-31,1
1283699,1283699,T-Mobile USA Inc.,2018-08-20,1,0001283699-18-000071,2018-12-04,8-K,5.02,form8-killekappointment.htm,1,2016-08-20,2019-02-19,1
1283699,1283699,T-Mobile USA Inc.,2018-08-20,1,0001283699-18-000063,2018-11-02,8-K,5.02,form8-kdannenfeldtresignat.htm,1,2016-08-20,2019-02-19,1
1283699,1283699,T-Mobile USA Inc.,2018-08-20,1,0001283699-18-000031,2018-06-14,8-K,"5.02,5.07",tmus06142018form8-k.htm,1,2016-08-20,2019-02-19,1
1283699,1283699,T-Mobile USA Inc.,2018-08-20,1,0001104659-18-028086,2018-04-30,8-K,"1.01,5.02,8.01,9.01",a18-12444_18k.htm,1,2016-08-20,2019-02-19,1
1283699,1283699,T-Mobile USA Inc.,2018-08-20,1,0001193125-18-051913,2018-02-21,8-K,5.02,d538557d8k.htm,1,2016-08-20,2019-02-19,1
1283699,1283699,T-Mobile USA Inc.,2018-08-20,1,0001193125-17-377654,2017-12-22,8-K,5.02,d497580d8k.htm,1,2016-08-20,2019-02-19,1
1283699,1283699,T-Mobile USA Inc.,2018-08-20,1,0001193125-17-099960,2017-03-28,8-K,5.02,d364789d8k.htm,1,2016-08-20,2019-02-19,1
1283699,1283699,T-Mobile USA Inc.,2018-08-20,1,0001193125-17-056336,2017-02-24,8-K,5.02,d349134d8k.htm,1,2016-08-20,2019-02-19,1
1283699,1283699,T-Mobile USA,2019-11-26,1,0001140361-20-014470,2020-06-22,8-K,"1.01,5.02,8.01,9.01",nt10012922x2_8k.htm,1,2017-11-26,2020-08-29,1
1283699,1283699,T-Mobile USA,2019-11-26,1,0001140361-20-014081,2020-06-17,8-K,"2.06,5.02,7.01,8.01,9.01",nc10012662x1_8k.htm,1,2017-11-26,2020-08-29,1
1283699,1283699,T-Mobile USA,2019-11-26,1,0001193125-20-119230,2020-04-24,8-K,5.02,d912727d8k.htm,1,2017-11-26,2020-08-29,1
1283699,1283699,T-Mobile USA,2019-11-26,1,0001193125-20-109354,2020-04-16,8-K,5.02,d883806d8k.htm,1,2017-11-26,2020-08-29,1
1283699,1283699,T-Mobile USA,2019-11-26,1,0001193125-20-093622,2020-04-01,8-K,"1.01,1.02,2.01,2.03,3.03,5.02,5.03,7.01,9.01",d886127d8k.htm,1,2017-11-26,2020-08-29,1
1283699,1283699,T-Mobile USA,2019-11-26,1,0001283699-20-000064,2020-03-25,8-K,"5.02,9.01",tmus03252020form8-k.htm,1,2017-11-26,2020-08-29,1
1283699,1283699,T-Mobile USA,2019-11-26,1,0001193125-20-071678,2020-03-12,8-K,"5.02,7.01,9.01",d870009d8k.htm,1,2017-11-26,2020-08-29,1
1283699,1283699,T-Mobile USA,2019-11-26,1,0001193125-20-041926,2020-02-19,8-K,5.02,d888203d8k.htm,1,2017-11-26,2020-08-29,1
1283699,1283699,T-Mobile USA,2019-11-26,1,0001193125-19-294093,2019-11-18,8-K,"5.02,7.01,9.01",d834261d8k.htm,1,2017-11-26,2020-08-29,1
1283699,1283699,T-Mobile USA,2019-11-26,1,0001283699-19-000066,2019-04-19,8-K,5.02,a8-kswanteenotstreelection.htm,1,2017-11-26,2020-08-29,1
1283699,1283699,T-Mobile USA,2019-11-26,1,0001283699-19-000064,2019-03-29,8-K,5.02,a8-kcartersecondamendment.htm,1,2017-11-26,2020-08-29,1
1283699,1283699,T-Mobile USA,2019-11-26,1,0001283699-18-000071,2018-12-04,8-K,5.02,form8-killekappointment.htm,1,2017-11-26,2020-08-29,1
1283699,1283699,T-Mobile USA,2019-11-26,1,0001283699-18-000063,2018-11-02,8-K,5.02,form8-kdannenfeldtresignat.htm,1,2017-11-26,2020-08-29,1
1283699,1283699,T-Mobile USA,2019-11-26,1,0001283699-18-000031,2018-06-14,8-K,"5.02,5.07",tmus06142018form8-k.htm,1,2017-11-26,2020-08-29,1
1283699,1283699,T-Mobile USA,2019-11-26,1,0001104659-18-028086,2018-04-30,8-K,"1.01,5.02,8.01,9.01",a18-12444_18k.htm,1,2017-11-26,2020-08-29,1
1283699,1283699,T-Mobile USA,2019-11-26,1,0001193125-18-051913,2018-02-21,8-K,5.02,d538557d8k.htm,1,2017-11-26,2020-08-29,1
1283699,1283699,T-Mobile USA,2019-11-26,1,0001193125-17-377654,2017-12-22,8-K,5.02,d497580d8k.htm,1,2017-11-26,2020-08-29,1
1283699,1283699,Sprint,2020-04-02,1,0001140361-20-014470,2020-06-22,8-K,"1.01,5.02,8.01,9.01",nt10012922x2_8k.htm,1,2018-04-03,2020-09-29,1
1283699,1283699,Sprint,2020-04-02,1,0001140361-20-014081,2020-06-17,8-K,"2.06,5.02,7.01,8.01,9.01",nc10012662x1_8k.htm,1,2018-04-03,2020-09-29,1
1283699,1283699,Sprint,2020-04-02,1,0001193125-20-119230,2020-04-24,8-K,5.02,d912727d8k.htm,1,2018-04-03,2020-09-29,1
1283699,1283699,Sprint,2020-04-02,1,0001193125-20-109354,2020-04-16,8-K,5.02,d883806d8k.htm,1,2018-04-03,2020-09-29,1
1283699,1283699,Sprint,2020-04-02,1,0001193125-20-093622,2020-04-01,8-K,"1.01,1.02,2.01,2.03,3.03,5.02,5.03,7.01,9.01",d886127d8k.htm,1,2018-04-03,2020-09-29,1
1283699,1283699,Sprint,2020-04-02,1,0001283699-20-000064,2020-03-25,8-K,"5.02,9.01",tmus03252020form8-k.htm,1,2018-04-03,2020-09-29,1
1283699,1283699,Sprint,2020-04-02,1,0001193125-20-071678,2020-03-12,8-K,"5.02,7.01,9.01",d870009d8k.htm,1,2018-04-03,2020-09-29,1
1283699,1283699,Sprint,2020-04-02,1,0001193125-20-041926,2020-02-19,8-K,5.02,d888203d8k.htm,1,2018-04-03,2020-09-29,1
1283699,1283699,Sprint,2020-04-02,1,0001193125-19-294093,2019-11-18,8-K,"5.02,7.01,9.01",d834261d8k.htm,1,2018-04-03,2020-09-29,1
1283699,1283699,Sprint,2020-04-02,1,0001283699-19-000066,2019-04-19,8-K,5.02,a8-kswanteenotstreelection.htm,1,2018-04-03,2020-09-29,1
1283699,1283699,Sprint,2020-04-02,1,0001283699-19-000064,2019-03-29,8-K,5.02,a8-kcartersecondamendment.htm,1,2018-04-03,2020-09-29,1
1283699,1283699,Sprint,2020-04-02,1,0001283699-18-000071,2018-12-04,8-K,5.02,form8-killekappointment.htm,1,2018-04-03,2020-09-29,1
1283699,1283699,Sprint,2020-04-02,1,0001283699-18-000063,2018-11-02,8-K,5.02,form8-kdannenfeldtresignat.htm,1,2018-04-03,2020-09-29,1
1283699,1283699,Sprint,2020-04-02,1,0001283699-18-000031,2018-06-14,8-K,"5.02,5.07",tmus06142018form8-k.htm,1,2018-04-03,2020-09-29,1
1283699,1283699,Sprint,2020-04-02,1,0001104659-18-028086,2018-04-30,8-K,"1.01,5.02,8.01,9.01",a18-12444_18k.htm,1,2018-04-03,2020-09-29,1
1283699,1283699,Sprint,2020-04-15,1,0001140361-20-014470,2020-06-22,8-K,"1.01,5.02,8.01,9.01",nt10012922x2_8k.htm,1,2018-04-16,2020-10-12,1
1283699,1283699,Sprint,2020-04-15,1,0001140361-20-014081,2020-06-17,8-K,"2.06,5.02,7.01,8.01,9.01",nc10012662x1_8k.htm,1,2018-04-16,2020-10-12,1
1283699,1283699,Sprint,2020-04-15,1,0001193125-20-119230,2020-04-24,8-K,5.02,d912727d8k.htm,1,2018-04-16,2020-10-12,1
1283699,1283699,Sprint,2020-04-15,1,0001193125-20-109354,2020-04-16,8-K,5.02,d883806d8k.htm,1,2018-04-16,2020-10-12,1
1283699,1283699,Sprint,2020-04-15,1,0001193125-20-093622,2020-04-01,8-K,"1.01,1.02,2.01,2.03,3.03,5.02,5.03,7.01,9.01",d886127d8k.htm,1,2018-04-16,2020-10-12,1
1283699,1283699,Sprint,2020-04-15,1,0001283699-20-000064,2020-03-25,8-K,"5.02,9.01",tmus03252020form8-k.htm,1,2018-04-16,2020-10-12,1
1283699,1283699,Sprint,2020-04-15,1,0001193125-20-071678,2020-03-12,8-K,"5.02,7.01,9.01",d870009d8k.htm,1,2018-04-16,2020-10-12,1
1283699,1283699,Sprint,2020-04-15,1,0001193125-20-041926,2020-02-19,8-K,5.02,d888203d8k.htm,1,2018-04-16,2020-10-12,1
1283699,1283699,Sprint,2020-04-15,1,0001193125-19-294093,2019-11-18,8-K,"5.02,7.01,9.01",d834261d8k.htm,1,2018-04-16,2020-10-12,1
1283699,1283699,Sprint,2020-04-15,1,0001283699-19-000066,2019-04-19,8-K,5.02,a8-kswanteenotstreelection.htm,1,2018-04-16,2020-10-12,1
1283699,1283699,Sprint,2020-04-15,1,0001283699-19-000064,2019-03-29,8-K,5.02,a8-kcartersecondamendment.htm,1,2018-04-16,2020-10-12,1
1283699,1283699,Sprint,2020-04-15,1,0001283699-18-000071,2018-12-04,8-K,5.02,form8-killekappointment.htm,1,2018-04-16,2020-10-12,1
1283699,1283699,Sprint,2020-04-15,1,0001283699-18-000063,2018-11-02,8-K,5.02,form8-kdannenfeldtresignat.htm,1,2018-04-16,2020-10-12,1
1283699,1283699,Sprint,2020-04-15,1,0001283699-18-000031,2018-06-14,8-K,"5.02,5.07",tmus06142018form8-k.htm,1,2018-04-16,2020-10-12,1
1283699,1283699,Sprint,2020-04-15,1,0001104659-18-028086,2018-04-30,8-K,"1.01,5.02,8.01,9.01",a18-12444_18k.htm,1,2018-04-16,2020-10-12,1
1283699,1283699,"T-Mobile US, Inc.",2020-08-27,1,0001193125-21-113210,2021-04-12,8-K,"5.02,7.01,8.01,9.01",d910799d8k.htm,1,2018-08-28,2021-06-06,1
1283699,1283699,"T-Mobile US, Inc.",2020-08-27,1,0001193125-21-076354,2021-03-10,8-K,5.02,d152529d8k.htm,1,2018-08-28,2021-06-06,1
1283699,1283699,"T-Mobile US, Inc.",2020-08-27,1,0001193125-20-291827,2020-11-12,8-K,5.02,d94439d8k.htm,1,2018-08-28,2021-06-06,1
1283699,1283699,"T-Mobile US, Inc.",2020-08-27,1,0001140361-20-014470,2020-06-22,8-K,"1.01,5.02,8.01,9.01",nt10012922x2_8k.htm,1,2018-08-28,2021-06-06,1
1283699,1283699,"T-Mobile US, Inc.",2020-08-27,1,0001140361-20-014081,2020-06-17,8-K,"2.06,5.02,7.01,8.01,9.01",nc10012662x1_8k.htm,1,2018-08-28,2021-06-06,1
1283699,1283699,"T-Mobile US, Inc.",2020-08-27,1,0001193125-20-119230,2020-04-24,8-K,5.02,d912727d8k.htm,1,2018-08-28,2021-06-06,1
1283699,1283699,"T-Mobile US, Inc.",2020-08-27,1,0001193125-20-109354,2020-04-16,8-K,5.02,d883806d8k.htm,1,2018-08-28,2021-06-06,1
1283699,1283699,"T-Mobile US, Inc.",2020-08-27,1,0001193125-20-093622,2020-04-01,8-K,"1.01,1.02,2.01,2.03,3.03,5.02,5.03,7.01,9.01",d886127d8k.htm,1,2018-08-28,2021-06-06,1
1283699,1283699,"T-Mobile US, Inc.",2020-08-27,1,0001283699-20-000064,2020-03-25,8-K,"5.02,9.01",tmus03252020form8-k.htm,1,2018-08-28,2021-06-06,1
1283699,1283699,"T-Mobile US, Inc.",2020-08-27,1,0001193125-20-071678,2020-03-12,8-K,"5.02,7.01,9.01",d870009d8k.htm,1,2018-08-28,2021-06-06,1
1283699,1283699,"T-Mobile US, Inc.",2020-08-27,1,0001193125-20-041926,2020-02-19,8-K,5.02,d888203d8k.htm,1,2018-08-28,2021-06-06,1
1283699,1283699,"T-Mobile US, Inc.",2020-08-27,1,0001193125-19-294093,2019-11-18,8-K,"5.02,7.01,9.01",d834261d8k.htm,1,2018-08-28,2021-06-06,1
1283699,1283699,"T-Mobile US, Inc.",2020-08-27,1,0001283699-19-000066,2019-04-19,8-K,5.02,a8-kswanteenotstreelection.htm,1,2018-08-28,2021-06-06,1
1283699,1283699,"T-Mobile US, Inc.",2020-08-27,1,0001283699-19-000064,2019-03-29,8-K,5.02,a8-kcartersecondamendment.htm,1,2018-08-28,2021-06-06,1
1283699,1283699,"T-Mobile US, Inc.",2020-08-27,1,0001283699-18-000071,2018-12-04,8-K,5.02,form8-killekappointment.htm,1,2018-08-28,2021-06-06,1
1283699,1283699,"T-Mobile US, Inc.",2020-08-27,1,0001283699-18-000063,2018-11-02,8-K,5.02,form8-kdannenfeldtresignat.htm,1,2018-08-28,2021-06-06,1
1283699,1283699,T-Mobile,2020-08-31,1,0001193125-21-076354,2021-03-10,8-K,5.02,d152529d8k.htm,1,2018-09-01,2021-04-07,1
1283699,1283699,T-Mobile,2020-08-31,1,0001193125-20-291827,2020-11-12,8-K,5.02,d94439d8k.htm,1,2018-09-01,2021-04-07,1
1283699,1283699,T-Mobile,2020-08-31,1,0001140361-20-014470,2020-06-22,8-K,"1.01,5.02,8.01,9.01",nt10012922x2_8k.htm,1,2018-09-01,2021-04-07,1
1283699,1283699,T-Mobile,2020-08-31,1,0001140361-20-014081,2020-06-17,8-K,"2.06,5.02,7.01,8.01,9.01",nc10012662x1_8k.htm,1,2018-09-01,2021-04-07,1
1283699,1283699,T-Mobile,2020-08-31,1,0001193125-20-119230,2020-04-24,8-K,5.02,d912727d8k.htm,1,2018-09-01,2021-04-07,1
1283699,1283699,T-Mobile,2020-08-31,1,0001193125-20-109354,2020-04-16,8-K,5.02,d883806d8k.htm,1,2018-09-01,2021-04-07,1
1283699,1283699,T-Mobile,2020-08-31,1,0001193125-20-093622,2020-04-01,8-K,"1.01,1.02,2.01,2.03,3.03,5.02,5.03,7.01,9.01",d886127d8k.htm,1,2018-09-01,2021-04-07,1
1283699,1283699,T-Mobile,2020-08-31,1,0001283699-20-000064,2020-03-25,8-K,"5.02,9.01",tmus03252020form8-k.htm,1,2018-09-01,2021-04-07,1
1283699,1283699,T-Mobile,2020-08-31,1,0001193125-20-071678,2020-03-12,8-K,"5.02,7.01,9.01",d870009d8k.htm,1,2018-09-01,2021-04-07,1
1283699,1283699,T-Mobile,2020-08-31,1,0001193125-20-041926,2020-02-19,8-K,5.02,d888203d8k.htm,1,2018-09-01,2021-04-07,1
1283699,1283699,T-Mobile,2020-08-31,1,0001193125-19-294093,2019-11-18,8-K,"5.02,7.01,9.01",d834261d8k.htm,1,2018-09-01,2021-04-07,1
1283699,1283699,T-Mobile,2020-08-31,1,0001283699-19-000066,2019-04-19,8-K,5.02,a8-kswanteenotstreelection.htm,1,2018-09-01,2021-04-07,1
1283699,1283699,T-Mobile,2020-08-31,1,0001283699-19-000064,2019-03-29,8-K,5.02,a8-kcartersecondamendment.htm,1,2018-09-01,2021-04-07,1
1283699,1283699,T-Mobile,2020-08-31,1,0001283699-18-000071,2018-12-04,8-K,5.02,form8-killekappointment.htm,1,2018-09-01,2021-04-07,1
1283699,1283699,T-Mobile,2020-08-31,1,0001283699-18-000063,2018-11-02,8-K,5.02,form8-kdannenfeldtresignat.htm,1,2018-09-01,2021-04-07,1
1283699,1283699,T-Mobile,2021-01-18,1,0001193125-21-198692,2021-06-24,8-K,"5.02,7.01,9.01",d165204d8k.htm,1,2019-01-19,2021-08-08,1
1283699,1283699,T-Mobile,2021-01-18,1,0001193125-21-113210,2021-04-12,8-K,"5.02,7.01,8.01,9.01",d910799d8k.htm,1,2019-01-19,2021-08-08,1
1283699,1283699,T-Mobile,2021-01-18,1,0001193125-21-076354,2021-03-10,8-K,5.02,d152529d8k.htm,1,2019-01-19,2021-08-08,1
1283699,1283699,T-Mobile,2021-01-18,1,0001193125-20-291827,2020-11-12,8-K,5.02,d94439d8k.htm,1,2019-01-19,2021-08-08,1
1283699,1283699,T-Mobile,2021-01-18,1,0001140361-20-014470,2020-06-22,8-K,"1.01,5.02,8.01,9.01",nt10012922x2_8k.htm,1,2019-01-19,2021-08-08,1
1283699,1283699,T-Mobile,2021-01-18,1,0001140361-20-014081,2020-06-17,8-K,"2.06,5.02,7.01,8.01,9.01",nc10012662x1_8k.htm,1,2019-01-19,2021-08-08,1
1283699,1283699,T-Mobile,2021-01-18,1,0001193125-20-119230,2020-04-24,8-K,5.02,d912727d8k.htm,1,2019-01-19,2021-08-08,1
1283699,1283699,T-Mobile,2021-01-18,1,0001193125-20-109354,2020-04-16,8-K,5.02,d883806d8k.htm,1,2019-01-19,2021-08-08,1
1283699,1283699,T-Mobile,2021-01-18,1,0001193125-20-093622,2020-04-01,8-K,"1.01,1.02,2.01,2.03,3.03,5.02,5.03,7.01,9.01",d886127d8k.htm,1,2019-01-19,2021-08-08,1
1283699,1283699,T-Mobile,2021-01-18,1,0001283699-20-000064,2020-03-25,8-K,"5.02,9.01",tmus03252020form8-k.htm,1,2019-01-19,2021-08-08,1
1283699,1283699,T-Mobile,2021-01-18,1,0001193125-20-071678,2020-03-12,8-K,"5.02,7.01,9.01",d870009d8k.htm,1,2019-01-19,2021-08-08,1
1283699,1283699,T-Mobile,2021-01-18,1,0001193125-20-041926,2020-02-19,8-K,5.02,d888203d8k.htm,1,2019-01-19,2021-08-08,1
1283699,1283699,T-Mobile,2021-01-18,1,0001193125-19-294093,2019-11-18,8-K,"5.02,7.01,9.01",d834261d8k.htm,1,2019-01-19,2021-08-08,1
1283699,1283699,T-Mobile,2021-01-18,1,0001283699-19-000066,2019-04-19,8-K,5.02,a8-kswanteenotstreelection.htm,1,2019-01-19,2021-08-08,1
1283699,1283699,T-Mobile,2021-01-18,1,0001283699-19-000064,2019-03-29,8-K,5.02,a8-kcartersecondamendment.htm,1,2019-01-19,2021-08-08,1
1283699,1283699,"T-Mobile USA, Inc.",2021-02-12,1,0001193125-21-198692,2021-06-24,8-K,"5.02,7.01,9.01",d165204d8k.htm,1,2019-02-13,2021-09-12,1
1283699,1283699,"T-Mobile USA, Inc.",2021-02-12,1,0001193125-21-113210,2021-04-12,8-K,"5.02,7.01,8.01,9.01",d910799d8k.htm,1,2019-02-13,2021-09-12,1
1283699,1283699,"T-Mobile USA, Inc.",2021-02-12,1,0001193125-21-076354,2021-03-10,8-K,5.02,d152529d8k.htm,1,2019-02-13,2021-09-12,1
1283699,1283699,"T-Mobile USA, Inc.",2021-02-12,1,0001193125-20-291827,2020-11-12,8-K,5.02,d94439d8k.htm,1,2019-02-13,2021-09-12,1
1283699,1283699,"T-Mobile USA, Inc.",2021-02-12,1,0001140361-20-014470,2020-06-22,8-K,"1.01,5.02,8.01,9.01",nt10012922x2_8k.htm,1,2019-02-13,2021-09-12,1
1283699,1283699,"T-Mobile USA, Inc.",2021-02-12,1,0001140361-20-014081,2020-06-17,8-K,"2.06,5.02,7.01,8.01,9.01",nc10012662x1_8k.htm,1,2019-02-13,2021-09-12,1
1283699,1283699,"T-Mobile USA, Inc.",2021-02-12,1,0001193125-20-119230,2020-04-24,8-K,5.02,d912727d8k.htm,1,2019-02-13,2021-09-12,1
1283699,1283699,"T-Mobile USA, Inc.",2021-02-12,1,0001193125-20-109354,2020-04-16,8-K,5.02,d883806d8k.htm,1,2019-02-13,2021-09-12,1
1283699,1283699,"T-Mobile USA, Inc.",2021-02-12,1,0001193125-20-093622,2020-04-01,8-K,"1.01,1.02,2.01,2.03,3.03,5.02,5.03,7.01,9.01",d886127d8k.htm,1,2019-02-13,2021-09-12,1
1283699,1283699,"T-Mobile USA, Inc.",2021-02-12,1,0001283699-20-000064,2020-03-25,8-K,"5.02,9.01",tmus03252020form8-k.htm,1,2019-02-13,2021-09-12,1
1283699,1283699,"T-Mobile USA, Inc.",2021-02-12,1,0001193125-20-071678,2020-03-12,8-K,"5.02,7.01,9.01",d870009d8k.htm,1,2019-02-13,2021-09-12,1
1283699,1283699,"T-Mobile USA, Inc.",2021-02-12,1,0001193125-20-041926,2020-02-19,8-K,5.02,d888203d8k.htm,1,2019-02-13,2021-09-12,1
1283699,1283699,"T-Mobile USA, Inc.",2021-02-12,1,0001193125-19-294093,2019-11-18,8-K,"5.02,7.01,9.01",d834261d8k.htm,1,2019-02-13,2021-09-12,1
1283699,1283699,"T-Mobile USA, Inc.",2021-02-12,1,0001283699-19-000066,2019-04-19,8-K,5.02,a8-kswanteenotstreelection.htm,1,2019-02-13,2021-09-12,1
1283699,1283699,"T-Mobile USA, Inc.",2021-02-12,1,0001283699-19-000064,2019-03-29,8-K,5.02,a8-kcartersecondamendment.htm,1,2019-02-13,2021-09-12,1
1283699,1283699,T-Mobile,2021-02-20,1,0001193125-21-275230,2021-09-16,8-K,"5.02,7.01,9.01",d234276d8k.htm,1,2019-02-21,2021-09-27,1
1283699,1283699,T-Mobile,2021-02-20,1,0001193125-21-198692,2021-06-24,8-K,"5.02,7.01,9.01",d165204d8k.htm,1,2019-02-21,2021-09-27,1
1283699,1283699,T-Mobile,2021-02-20,1,0001193125-21-113210,2021-04-12,8-K,"5.02,7.01,8.01,9.01",d910799d8k.htm,1,2019-02-21,2021-09-27,1
1283699,1283699,T-Mobile,2021-02-20,1,0001193125-21-076354,2021-03-10,8-K,5.02,d152529d8k.htm,1,2019-02-21,2021-09-27,1
1283699,1283699,T-Mobile,2021-02-20,1,0001193125-20-291827,2020-11-12,8-K,5.02,d94439d8k.htm,1,2019-02-21,2021-09-27,1
1283699,1283699,T-Mobile,2021-02-20,1,0001140361-20-014470,2020-06-22,8-K,"1.01,5.02,8.01,9.01",nt10012922x2_8k.htm,1,2019-02-21,2021-09-27,1
1283699,1283699,T-Mobile,2021-02-20,1,0001140361-20-014081,2020-06-17,8-K,"2.06,5.02,7.01,8.01,9.01",nc10012662x1_8k.htm,1,2019-02-21,2021-09-27,1
1283699,1283699,T-Mobile,2021-02-20,1,0001193125-20-119230,2020-04-24,8-K,5.02,d912727d8k.htm,1,2019-02-21,2021-09-27,1
1283699,1283699,T-Mobile,2021-02-20,1,0001193125-20-109354,2020-04-16,8-K,5.02,d883806d8k.htm,1,2019-02-21,2021-09-27,1
1283699,1283699,T-Mobile,2021-02-20,1,0001193125-20-093622,2020-04-01,8-K,"1.01,1.02,2.01,2.03,3.03,5.02,5.03,7.01,9.01",d886127d8k.htm,1,2019-02-21,2021-09-27,1
1283699,1283699,T-Mobile,2021-02-20,1,0001283699-20-000064,2020-03-25,8-K,"5.02,9.01",tmus03252020form8-k.htm,1,2019-02-21,2021-09-27,1
1283699,1283699,T-Mobile,2021-02-20,1,0001193125-20-071678,2020-03-12,8-K,"5.02,7.01,9.01",d870009d8k.htm,1,2019-02-21,2021-09-27,1
1283699,1283699,T-Mobile,2021-02-20,1,0001193125-20-041926,2020-02-19,8-K,5.02,d888203d8k.htm,1,2019-02-21,2021-09-27,1
1283699,1283699,T-Mobile,2021-02-20,1,0001193125-19-294093,2019-11-18,8-K,"5.02,7.01,9.01",d834261d8k.htm,1,2019-02-21,2021-09-27,1
1283699,1283699,T-Mobile,2021-02-20,1,0001283699-19-000066,2019-04-19,8-K,5.02,a8-kswanteenotstreelection.htm,1,2019-02-21,2021-09-27,1
1283699,1283699,T-Mobile,2021-02-20,1,0001283699-19-000064,2019-03-29,8-K,5.02,a8-kcartersecondamendment.htm,1,2019-02-21,2021-09-27,1
1283699,1283699,"T-Mobile USA, Inc.",2021-03-01,1,0001193125-21-275230,2021-09-16,8-K,"5.02,7.01,9.01",d234276d8k.htm,1,2019-03-02,2022-02-12,1
1283699,1283699,"T-Mobile USA, Inc.",2021-03-01,1,0001193125-21-198692,2021-06-24,8-K,"5.02,7.01,9.01",d165204d8k.htm,1,2019-03-02,2022-02-12,1
1283699,1283699,"T-Mobile USA, Inc.",2021-03-01,1,0001193125-21-113210,2021-04-12,8-K,"5.02,7.01,8.01,9.01",d910799d8k.htm,1,2019-03-02,2022-02-12,1
1283699,1283699,"T-Mobile USA, Inc.",2021-03-01,1,0001193125-21-076354,2021-03-10,8-K,5.02,d152529d8k.htm,1,2019-03-02,2022-02-12,1
1283699,1283699,"T-Mobile USA, Inc.",2021-03-01,1,0001193125-20-291827,2020-11-12,8-K,5.02,d94439d8k.htm,1,2019-03-02,2022-02-12,1
1283699,1283699,"T-Mobile USA, Inc.",2021-03-01,1,0001140361-20-014470,2020-06-22,8-K,"1.01,5.02,8.01,9.01",nt10012922x2_8k.htm,1,2019-03-02,2022-02-12,1
1283699,1283699,"T-Mobile USA, Inc.",2021-03-01,1,0001140361-20-014081,2020-06-17,8-K,"2.06,5.02,7.01,8.01,9.01",nc10012662x1_8k.htm,1,2019-03-02,2022-02-12,1
1283699,1283699,"T-Mobile USA, Inc.",2021-03-01,1,0001193125-20-119230,2020-04-24,8-K,5.02,d912727d8k.htm,1,2019-03-02,2022-02-12,1
1283699,1283699,"T-Mobile USA, Inc.",2021-03-01,1,0001193125-20-109354,2020-04-16,8-K,5.02,d883806d8k.htm,1,2019-03-02,2022-02-12,1
1283699,1283699,"T-Mobile USA, Inc.",2021-03-01,1,0001193125-20-093622,2020-04-01,8-K,"1.01,1.02,2.01,2.03,3.03,5.02,5.03,7.01,9.01",d886127d8k.htm,1,2019-03-02,2022-02-12,1
1283699,1283699,"T-Mobile USA, Inc.",2021-03-01,1,0001283699-20-000064,2020-03-25,8-K,"5.02,9.01",tmus03252020form8-k.htm,1,2019-03-02,2022-02-12,1
1283699,1283699,"T-Mobile USA, Inc.",2021-03-01,1,0001193125-20-071678,2020-03-12,8-K,"5.02,7.01,9.01",d870009d8k.htm,1,2019-03-02,2022-02-12,1
1283699,1283699,"T-Mobile USA, Inc.",2021-03-01,1,0001193125-20-041926,2020-02-19,8-K,5.02,d888203d8k.htm,1,2019-03-02,2022-02-12,1
1283699,1283699,"T-Mobile USA, Inc.",2021-03-01,1,0001193125-19-294093,2019-11-18,8-K,"5.02,7.01,9.01",d834261d8k.htm,1,2019-03-02,2022-02-12,1
1283699,1283699,"T-Mobile USA, Inc.",2021-03-01,1,0001283699-19-000066,2019-04-19,8-K,5.02,a8-kswanteenotstreelection.htm,1,2019-03-02,2022-02-12,1
1283699,1283699,"T-Mobile USA, Inc.",2021-03-01,1,0001283699-19-000064,2019-03-29,8-K,5.02,a8-kcartersecondamendment.htm,1,2019-03-02,2022-02-12,1
1283699,1283699,T-Mobile,2021-03-31,1,0001193125-21-275230,2021-09-16,8-K,"5.02,7.01,9.01",d234276d8k.htm,1,2019-04-01,2021-09-27,1
1283699,1283699,T-Mobile,2021-03-31,1,0001193125-21-198692,2021-06-24,8-K,"5.02,7.01,9.01",d165204d8k.htm,1,2019-04-01,2021-09-27,1
1283699,1283699,T-Mobile,2021-03-31,1,0001193125-21-113210,2021-04-12,8-K,"5.02,7.01,8.01,9.01",d910799d8k.htm,1,2019-04-01,2021-09-27,1
1283699,1283699,T-Mobile,2021-03-31,1,0001193125-21-076354,2021-03-10,8-K,5.02,d152529d8k.htm,1,2019-04-01,2021-09-27,1
1283699,1283699,T-Mobile,2021-03-31,1,0001193125-20-291827,2020-11-12,8-K,5.02,d94439d8k.htm,1,2019-04-01,2021-09-27,1
1283699,1283699,T-Mobile,2021-03-31,1,0001140361-20-014470,2020-06-22,8-K,"1.01,5.02,8.01,9.01",nt10012922x2_8k.htm,1,2019-04-01,2021-09-27,1
1283699,1283699,T-Mobile,2021-03-31,1,0001140361-20-014081,2020-06-17,8-K,"2.06,5.02,7.01,8.01,9.01",nc10012662x1_8k.htm,1,2019-04-01,2021-09-27,1
1283699,1283699,T-Mobile,2021-03-31,1,0001193125-20-119230,2020-04-24,8-K,5.02,d912727d8k.htm,1,2019-04-01,2021-09-27,1
1283699,1283699,T-Mobile,2021-03-31,1,0001193125-20-109354,2020-04-16,8-K,5.02,d883806d8k.htm,1,2019-04-01,2021-09-27,1
1283699,1283699,T-Mobile,2021-03-31,1,0001193125-20-093622,2020-04-01,8-K,"1.01,1.02,2.01,2.03,3.03,5.02,5.03,7.01,9.01",d886127d8k.htm,1,2019-04-01,2021-09-27,1
1283699,1283699,T-Mobile,2021-03-31,1,0001283699-20-000064,2020-03-25,8-K,"5.02,9.01",tmus03252020form8-k.htm,1,2019-04-01,2021-09-27,1
1283699,1283699,T-Mobile,2021-03-31,1,0001193125-20-071678,2020-03-12,8-K,"5.02,7.01,9.01",d870009d8k.htm,1,2019-04-01,2021-09-27,1
1283699,1283699,T-Mobile,2021-03-31,1,0001193125-20-041926,2020-02-19,8-K,5.02,d888203d8k.htm,1,2019-04-01,2021-09-27,1
1283699,1283699,T-Mobile,2021-03-31,1,0001193125-19-294093,2019-11-18,8-K,"5.02,7.01,9.01",d834261d8k.htm,1,2019-04-01,2021-09-27,1
1283699,1283699,T-Mobile,2021-03-31,1,0001283699-19-000066,2019-04-19,8-K,5.02,a8-kswanteenotstreelection.htm,1,2019-04-01,2021-09-27,1
1283699,1283699,"T-Mobile USA, Inc.",2021-08-13,1,0001193125-21-275230,2021-09-16,8-K,"5.02,7.01,9.01",d234276d8k.htm,1,2019-08-14,2022-02-12,1
1283699,1283699,"T-Mobile USA, Inc.",2021-08-13,1,0001193125-21-198692,2021-06-24,8-K,"5.02,7.01,9.01",d165204d8k.htm,1,2019-08-14,2022-02-12,1
1283699,1283699,"T-Mobile USA, Inc.",2021-08-13,1,0001193125-21-113210,2021-04-12,8-K,"5.02,7.01,8.01,9.01",d910799d8k.htm,1,2019-08-14,2022-02-12,1
1283699,1283699,"T-Mobile USA, Inc.",2021-08-13,1,0001193125-21-076354,2021-03-10,8-K,5.02,d152529d8k.htm,1,2019-08-14,2022-02-12,1
1283699,1283699,"T-Mobile USA, Inc.",2021-08-13,1,0001193125-20-291827,2020-11-12,8-K,5.02,d94439d8k.htm,1,2019-08-14,2022-02-12,1
1283699,1283699,"T-Mobile USA, Inc.",2021-08-13,1,0001140361-20-014470,2020-06-22,8-K,"1.01,5.02,8.01,9.01",nt10012922x2_8k.htm,1,2019-08-14,2022-02-12,1
1283699,1283699,"T-Mobile USA, Inc.",2021-08-13,1,0001140361-20-014081,2020-06-17,8-K,"2.06,5.02,7.01,8.01,9.01",nc10012662x1_8k.htm,1,2019-08-14,2022-02-12,1
1283699,1283699,"T-Mobile USA, Inc.",2021-08-13,1,0001193125-20-119230,2020-04-24,8-K,5.02,d912727d8k.htm,1,2019-08-14,2022-02-12,1
1283699,1283699,"T-Mobile USA, Inc.",2021-08-13,1,0001193125-20-109354,2020-04-16,8-K,5.02,d883806d8k.htm,1,2019-08-14,2022-02-12,1
1283699,1283699,"T-Mobile USA, Inc.",2021-08-13,1,0001193125-20-093622,2020-04-01,8-K,"1.01,1.02,2.01,2.03,3.03,5.02,5.03,7.01,9.01",d886127d8k.htm,1,2019-08-14,2022-02-12,1
1283699,1283699,"T-Mobile USA, Inc.",2021-08-13,1,0001283699-20-000064,2020-03-25,8-K,"5.02,9.01",tmus03252020form8-k.htm,1,2019-08-14,2022-02-12,1
1283699,1283699,"T-Mobile USA, Inc.",2021-08-13,1,0001193125-20-071678,2020-03-12,8-K,"5.02,7.01,9.01",d870009d8k.htm,1,2019-08-14,2022-02-12,1
1283699,1283699,"T-Mobile USA, Inc.",2021-08-13,1,0001193125-20-041926,2020-02-19,8-K,5.02,d888203d8k.htm,1,2019-08-14,2022-02-12,1
1283699,1283699,"T-Mobile USA, Inc.",2021-08-13,1,0001193125-19-294093,2019-11-18,8-K,"5.02,7.01,9.01",d834261d8k.htm,1,2019-08-14,2022-02-12,1
1283699,1283699,T-Mobile USA,2021-08-17,1,0001193125-21-275230,2021-09-16,8-K,"5.02,7.01,9.01",d234276d8k.htm,1,2019-08-18,2022-02-15,1
1283699,1283699,T-Mobile USA,2021-08-17,1,0001193125-21-198692,2021-06-24,8-K,"5.02,7.01,9.01",d165204d8k.htm,1,2019-08-18,2022-02-15,1
1283699,1283699,T-Mobile USA,2021-08-17,1,0001193125-21-113210,2021-04-12,8-K,"5.02,7.01,8.01,9.01",d910799d8k.htm,1,2019-08-18,2022-02-15,1
1283699,1283699,T-Mobile USA,2021-08-17,1,0001193125-21-076354,2021-03-10,8-K,5.02,d152529d8k.htm,1,2019-08-18,2022-02-15,1
1283699,1283699,T-Mobile USA,2021-08-17,1,0001193125-20-291827,2020-11-12,8-K,5.02,d94439d8k.htm,1,2019-08-18,2022-02-15,1
1283699,1283699,T-Mobile USA,2021-08-17,1,0001140361-20-014470,2020-06-22,8-K,"1.01,5.02,8.01,9.01",nt10012922x2_8k.htm,1,2019-08-18,2022-02-15,1
1283699,1283699,T-Mobile USA,2021-08-17,1,0001140361-20-014081,2020-06-17,8-K,"2.06,5.02,7.01,8.01,9.01",nc10012662x1_8k.htm,1,2019-08-18,2022-02-15,1
1283699,1283699,T-Mobile USA,2021-08-17,1,0001193125-20-119230,2020-04-24,8-K,5.02,d912727d8k.htm,1,2019-08-18,2022-02-15,1
1283699,1283699,T-Mobile USA,2021-08-17,1,0001193125-20-109354,2020-04-16,8-K,5.02,d883806d8k.htm,1,2019-08-18,2022-02-15,1
1283699,1283699,T-Mobile USA,2021-08-17,1,0001193125-20-093622,2020-04-01,8-K,"1.01,1.02,2.01,2.03,3.03,5.02,5.03,7.01,9.01",d886127d8k.htm,1,2019-08-18,2022-02-15,1
1283699,1283699,T-Mobile USA,2021-08-17,1,0001283699-20-000064,2020-03-25,8-K,"5.02,9.01",tmus03252020form8-k.htm,1,2019-08-18,2022-02-15,1
1283699,1283699,T-Mobile USA,2021-08-17,1,0001193125-20-071678,2020-03-12,8-K,"5.02,7.01,9.01",d870009d8k.htm,1,2019-08-18,2022-02-15,1
1283699,1283699,T-Mobile USA,2021-08-17,1,0001193125-20-041926,2020-02-19,8-K,5.02,d888203d8k.htm,1,2019-08-18,2022-02-15,1
1283699,1283699,T-Mobile USA,2021-08-17,1,0001193125-19-294093,2019-11-18,8-K,"5.02,7.01,9.01",d834261d8k.htm,1,2019-08-18,2022-02-15,1
1283699,1283699,T-Mobile USA,2021-08-26,1,0001193125-21-275230,2021-09-16,8-K,"5.02,7.01,9.01",d234276d8k.htm,1,2019-08-27,2022-02-22,1
1283699,1283699,T-Mobile USA,2021-08-26,1,0001193125-21-198692,2021-06-24,8-K,"5.02,7.01,9.01",d165204d8k.htm,1,2019-08-27,2022-02-22,1
1283699,1283699,T-Mobile USA,2021-08-26,1,0001193125-21-113210,2021-04-12,8-K,"5.02,7.01,8.01,9.01",d910799d8k.htm,1,2019-08-27,2022-02-22,1
1283699,1283699,T-Mobile USA,2021-08-26,1,0001193125-21-076354,2021-03-10,8-K,5.02,d152529d8k.htm,1,2019-08-27,2022-02-22,1
1283699,1283699,T-Mobile USA,2021-08-26,1,0001193125-20-291827,2020-11-12,8-K,5.02,d94439d8k.htm,1,2019-08-27,2022-02-22,1
1283699,1283699,T-Mobile USA,2021-08-26,1,0001140361-20-014470,2020-06-22,8-K,"1.01,5.02,8.01,9.01",nt10012922x2_8k.htm,1,2019-08-27,2022-02-22,1
1283699,1283699,T-Mobile USA,2021-08-26,1,0001140361-20-014081,2020-06-17,8-K,"2.06,5.02,7.01,8.01,9.01",nc10012662x1_8k.htm,1,2019-08-27,2022-02-22,1
1283699,1283699,T-Mobile USA,2021-08-26,1,0001193125-20-119230,2020-04-24,8-K,5.02,d912727d8k.htm,1,2019-08-27,2022-02-22,1
1283699,1283699,T-Mobile USA,2021-08-26,1,0001193125-20-109354,2020-04-16,8-K,5.02,d883806d8k.htm,1,2019-08-27,2022-02-22,1
1283699,1283699,T-Mobile USA,2021-08-26,1,0001193125-20-093622,2020-04-01,8-K,"1.01,1.02,2.01,2.03,3.03,5.02,5.03,7.01,9.01",d886127d8k.htm,1,2019-08-27,2022-02-22,1
1283699,1283699,T-Mobile USA,2021-08-26,1,0001283699-20-000064,2020-03-25,8-K,"5.02,9.01",tmus03252020form8-k.htm,1,2019-08-27,2022-02-22,1
1283699,1283699,T-Mobile USA,2021-08-26,1,0001193125-20-071678,2020-03-12,8-K,"5.02,7.01,9.01",d870009d8k.htm,1,2019-08-27,2022-02-22,1
1283699,1283699,T-Mobile USA,2021-08-26,1,0001193125-20-041926,2020-02-19,8-K,5.02,d888203d8k.htm,1,2019-08-27,2022-02-22,1
1283699,1283699,T-Mobile USA,2021-08-26,1,0001193125-19-294093,2019-11-18,8-K,"5.02,7.01,9.01",d834261d8k.htm,1,2019-08-27,2022-02-22,1
1283699,1283699,T-Mobile,2022-03-08,1,0001193125-22-115091,2022-04-22,8-K,5.02,d328570d8k.htm,1,2020-03-08,2022-09-04,1
1283699,1283699,T-Mobile,2022-03-08,1,0001193125-21-275230,2021-09-16,8-K,"5.02,7.01,9.01",d234276d8k.htm,1,2020-03-08,2022-09-04,1
1283699,1283699,T-Mobile,2022-03-08,1,0001193125-21-198692,2021-06-24,8-K,"5.02,7.01,9.01",d165204d8k.htm,1,2020-03-08,2022-09-04,1
1283699,1283699,T-Mobile,2022-03-08,1,0001193125-21-113210,2021-04-12,8-K,"5.02,7.01,8.01,9.01",d910799d8k.htm,1,2020-03-08,2022-09-04,1
1283699,1283699,T-Mobile,2022-03-08,1,0001193125-21-076354,2021-03-10,8-K,5.02,d152529d8k.htm,1,2020-03-08,2022-09-04,1
1283699,1283699,T-Mobile,2022-03-08,1,0001193125-20-291827,2020-11-12,8-K,5.02,d94439d8k.htm,1,2020-03-08,2022-09-04,1
1283699,1283699,T-Mobile,2022-03-08,1,0001140361-20-014470,2020-06-22,8-K,"1.01,5.02,8.01,9.01",nt10012922x2_8k.htm,1,2020-03-08,2022-09-04,1
1283699,1283699,T-Mobile,2022-03-08,1,0001140361-20-014081,2020-06-17,8-K,"2.06,5.02,7.01,8.01,9.01",nc10012662x1_8k.htm,1,2020-03-08,2022-09-04,1
1283699,1283699,T-Mobile,2022-03-08,1,0001193125-20-119230,2020-04-24,8-K,5.02,d912727d8k.htm,1,2020-03-08,2022-09-04,1
1283699,1283699,T-Mobile,2022-03-08,1,0001193125-20-109354,2020-04-16,8-K,5.02,d883806d8k.htm,1,2020-03-08,2022-09-04,1
1283699,1283699,T-Mobile,2022-03-08,1,0001193125-20-093622,2020-04-01,8-K,"1.01,1.02,2.01,2.03,3.03,5.02,5.03,7.01,9.01",d886127d8k.htm,1,2020-03-08,2022-09-04,1
1283699,1283699,T-Mobile,2022-03-08,1,0001283699-20-000064,2020-03-25,8-K,"5.02,9.01",tmus03252020form8-k.htm,1,2020-03-08,2022-09-04,1
1283699,1283699,T-Mobile,2022-03-08,1,0001193125-20-071678,2020-03-12,8-K,"5.02,7.01,9.01",d870009d8k.htm,1,2020-03-08,2022-09-04,1
1283699,1283699,T-Mobile USA,2022-11-25,1,0001193125-23-185341,2023-07-11,8-K,5.02,d506777d8k.htm,1,2020-11-25,2023-07-18,1
1283699,1283699,T-Mobile USA,2022-11-25,1,0001193125-23-171171,2023-06-21,8-K,"5.02,5.07,9.01",d526068d8k.htm,1,2020-11-25,2023-07-18,1
1283699,1283699,T-Mobile USA,2022-11-25,1,0001193125-23-066908,2023-03-10,8-K,5.02,d381908d8k.htm,1,2020-11-25,2023-07-18,1
1283699,1283699,T-Mobile USA,2022-11-25,1,0001193125-23-035719,2023-02-13,8-K,5.02,d445719d8k.htm,1,2020-11-25,2023-07-18,1
1283699,1283699,T-Mobile USA,2022-11-25,1,0001193125-23-024130,2023-02-03,8-K,5.02,d634006d8k.htm,1,2020-11-25,2023-07-18,1
1283699,1283699,T-Mobile USA,2022-11-25,1,0001193125-22-290740,2022-11-22,8-K,5.02,d422589d8k.htm,1,2020-11-25,2023-07-18,1
1283699,1283699,T-Mobile USA,2022-11-25,1,0001193125-22-239983,2022-09-07,8-K,5.02,d395918d8k.htm,1,2020-11-25,2023-07-18,1
1283699,1283699,T-Mobile USA,2022-11-25,1,0001193125-22-115091,2022-04-22,8-K,5.02,d328570d8k.htm,1,2020-11-25,2023-07-18,1
1283699,1283699,T-Mobile USA,2022-11-25,1,0001193125-21-275230,2021-09-16,8-K,"5.02,7.01,9.01",d234276d8k.htm,1,2020-11-25,2023-07-18,1
1283699,1283699,T-Mobile USA,2022-11-25,1,0001193125-21-198692,2021-06-24,8-K,"5.02,7.01,9.01",d165204d8k.htm,1,2020-11-25,2023-07-18,1
1283699,1283699,T-Mobile USA,2022-11-25,1,0001193125-21-113210,2021-04-12,8-K,"5.02,7.01,8.01,9.01",d910799d8k.htm,1,2020-11-25,2023-07-18,1
1283699,1283699,T-Mobile USA,2022-11-25,1,0001193125-21-076354,2021-03-10,8-K,5.02,d152529d8k.htm,1,2020-11-25,2023-07-18,1
1283699,1283699,"T-Mobile USA, Inc.",2023-02-01,1,0001193125-23-231377,2023-09-08,8-K,5.02,d551212d8k.htm,1,2021-02-01,2023-10-25,1
1283699,1283699,"T-Mobile USA, Inc.",2023-02-01,1,0001193125-23-190499,2023-07-20,8-K,"5.02,7.01,9.01",d372769d8k.htm,1,2021-02-01,2023-10-25,1
1283699,1283699,"T-Mobile USA, Inc.",2023-02-01,1,0001193125-23-185341,2023-07-11,8-K,5.02,d506777d8k.htm,1,2021-02-01,2023-10-25,1
1283699,1283699,"T-Mobile USA, Inc.",2023-02-01,1,0001193125-23-171171,2023-06-21,8-K,"5.02,5.07,9.01",d526068d8k.htm,1,2021-02-01,2023-10-25,1
1283699,1283699,"T-Mobile USA, Inc.",2023-02-01,1,0001193125-23-066908,2023-03-10,8-K,5.02,d381908d8k.htm,1,2021-02-01,2023-10-25,1
1283699,1283699,"T-Mobile USA, Inc.",2023-02-01,1,0001193125-23-035719,2023-02-13,8-K,5.02,d445719d8k.htm,1,2021-02-01,2023-10-25,1
1283699,1283699,"T-Mobile USA, Inc.",2023-02-01,1,0001193125-23-024130,2023-02-03,8-K,5.02,d634006d8k.htm,1,2021-02-01,2023-10-25,1
1283699,1283699,"T-Mobile USA, Inc.",2023-02-01,1,0001193125-22-290740,2022-11-22,8-K,5.02,d422589d8k.htm,1,2021-02-01,2023-10-25,1
1283699,1283699,"T-Mobile USA, Inc.",2023-02-01,1,0001193125-22-239983,2022-09-07,8-K,5.02,d395918d8k.htm,1,2021-02-01,2023-10-25,1
1283699,1283699,"T-Mobile USA, Inc.",2023-02-01,1,0001193125-22-115091,2022-04-22,8-K,5.02,d328570d8k.htm,1,2021-02-01,2023-10-25,1
1283699,1283699,"T-Mobile USA, Inc.",2023-02-01,1,0001193125-21-275230,2021-09-16,8-K,"5.02,7.01,9.01",d234276d8k.htm,1,2021-02-01,2023-10-25,1
1283699,1283699,"T-Mobile USA, Inc.",2023-02-01,1,0001193125-21-198692,2021-06-24,8-K,"5.02,7.01,9.01",d165204d8k.htm,1,2021-02-01,2023-10-25,1
1283699,1283699,"T-Mobile USA, Inc.",2023-02-01,1,0001193125-21-113210,2021-04-12,8-K,"5.02,7.01,8.01,9.01",d910799d8k.htm,1,2021-02-01,2023-10-25,1
1283699,1283699,"T-Mobile USA, Inc.",2023-02-01,1,0001193125-21-076354,2021-03-10,8-K,5.02,d152529d8k.htm,1,2021-02-01,2023-10-25,1
1283699,1283699,T-Mobile,2023-02-24,1,0001193125-23-231377,2023-09-08,8-K,5.02,d551212d8k.htm,1,2021-02-24,2023-10-25,1
1283699,1283699,T-Mobile,2023-02-24,1,0001193125-23-190499,2023-07-20,8-K,"5.02,7.01,9.01",d372769d8k.htm,1,2021-02-24,2023-10-25,1
1283699,1283699,T-Mobile,2023-02-24,1,0001193125-23-185341,2023-07-11,8-K,5.02,d506777d8k.htm,1,2021-02-24,2023-10-25,1
1283699,1283699,T-Mobile,2023-02-24,1,0001193125-23-171171,2023-06-21,8-K,"5.02,5.07,9.01",d526068d8k.htm,1,2021-02-24,2023-10-25,1
1283699,1283699,T-Mobile,2023-02-24,1,0001193125-23-066908,2023-03-10,8-K,5.02,d381908d8k.htm,1,2021-02-24,2023-10-25,1
1283699,1283699,T-Mobile,2023-02-24,1,0001193125-23-035719,2023-02-13,8-K,5.02,d445719d8k.htm,1,2021-02-24,2023-10-25,1
1283699,1283699,T-Mobile,2023-02-24,1,0001193125-23-024130,2023-02-03,8-K,5.02,d634006d8k.htm,1,2021-02-24,2023-10-25,1
1283699,1283699,T-Mobile,2023-02-24,1,0001193125-22-290740,2022-11-22,8-K,5.02,d422589d8k.htm,1,2021-02-24,2023-10-25,1
1283699,1283699,T-Mobile,2023-02-24,1,0001193125-22-239983,2022-09-07,8-K,5.02,d395918d8k.htm,1,2021-02-24,2023-10-25,1
1283699,1283699,T-Mobile,2023-02-24,1,0001193125-22-115091,2022-04-22,8-K,5.02,d328570d8k.htm,1,2021-02-24,2023-10-25,1
1283699,1283699,T-Mobile,2023-02-24,1,0001193125-21-275230,2021-09-16,8-K,"5.02,7.01,9.01",d234276d8k.htm,1,2021-02-24,2023-10-25,1
1283699,1283699,T-Mobile,2023-02-24,1,0001193125-21-198692,2021-06-24,8-K,"5.02,7.01,9.01",d165204d8k.htm,1,2021-02-24,2023-10-25,1
1283699,1283699,T-Mobile,2023-02-24,1,0001193125-21-113210,2021-04-12,8-K,"5.02,7.01,8.01,9.01",d910799d8k.htm,1,2021-02-24,2023-10-25,1
1283699,1283699,T-Mobile,2023-02-24,1,0001193125-21-076354,2021-03-10,8-K,5.02,d152529d8k.htm,1,2021-02-24,2023-10-25,1
1283699,1283699,T-Mobile USA,2023-04-28,1,0001193125-23-231377,2023-09-08,8-K,5.02,d551212d8k.htm,1,2021-04-28,2023-10-25,1
1283699,1283699,T-Mobile USA,2023-04-28,1,0001193125-23-190499,2023-07-20,8-K,"5.02,7.01,9.01",d372769d8k.htm,1,2021-04-28,2023-10-25,1
1283699,1283699,T-Mobile USA,2023-04-28,1,0001193125-23-185341,2023-07-11,8-K,5.02,d506777d8k.htm,1,2021-04-28,2023-10-25,1
1283699,1283699,T-Mobile USA,2023-04-28,1,0001193125-23-171171,2023-06-21,8-K,"5.02,5.07,9.01",d526068d8k.htm,1,2021-04-28,2023-10-25,1
1283699,1283699,T-Mobile USA,2023-04-28,1,0001193125-23-066908,2023-03-10,8-K,5.02,d381908d8k.htm,1,2021-04-28,2023-10-25,1
1283699,1283699,T-Mobile USA,2023-04-28,1,0001193125-23-035719,2023-02-13,8-K,5.02,d445719d8k.htm,1,2021-04-28,2023-10-25,1
1283699,1283699,T-Mobile USA,2023-04-28,1,0001193125-23-024130,2023-02-03,8-K,5.02,d634006d8k.htm,1,2021-04-28,2023-10-25,1
1283699,1283699,T-Mobile USA,2023-04-28,1,0001193125-22-290740,2022-11-22,8-K,5.02,d422589d8k.htm,1,2021-04-28,2023-10-25,1
1283699,1283699,T-Mobile USA,2023-04-28,1,0001193125-22-239983,2022-09-07,8-K,5.02,d395918d8k.htm,1,2021-04-28,2023-10-25,1
1283699,1283699,T-Mobile USA,2023-04-28,1,0001193125-22-115091,2022-04-22,8-K,5.02,d328570d8k.htm,1,2021-04-28,2023-10-25,1
1283699,1283699,T-Mobile USA,2023-04-28,1,0001193125-21-275230,2021-09-16,8-K,"5.02,7.01,9.01",d234276d8k.htm,1,2021-04-28,2023-10-25,1
1283699,1283699,T-Mobile USA,2023-04-28,1,0001193125-21-198692,2021-06-24,8-K,"5.02,7.01,9.01",d165204d8k.htm,1,2021-04-28,2023-10-25,1
1288776,1652044,"Google, Inc.",2008-06-27,0,0001193125-08-140342,2008-06-25,8-K,5.02,d8k.htm,1,2006-06-28,2008-12-24,1
1288776,1652044,"Google, Inc.",2008-06-27,0,0001193125-07-190912,2007-08-28,8-K,"5.02,9.01",d8k.htm,1,2006-06-28,2008-12-24,1
1288776,1652044,"Google, Inc.",2008-06-27,0,0001193125-07-115893,2007-05-15,8-K,"5.02,9.01",d8k.htm,1,2006-06-28,2008-12-24,1
1288776,1652044,"Google, Inc.",2008-06-27,0,0001193125-07-067097,2007-03-28,8-K,"5.02,9.01",d8k.htm,1,2006-06-28,2008-12-24,1
1288776,1652044,"Google, Inc.",2008-06-27,0,0001193125-07-061671,2007-03-22,8-K,"5.02,9.01",d8k.htm,1,2006-06-28,2008-12-24,1
1288776,1652044,"Google, Inc.",2008-06-27,0,0001193125-07-046301,2007-03-05,8-K,5.02,d8k.htm,1,2006-06-28,2008-12-24,1
1288776,1652044,"Google, Inc.",2008-06-27,0,0001193125-07-019222,2007-02-02,8-K,5.02,d8k.htm,1,2006-06-28,2008-12-24,1
1319161,1319161,Warner Music Group,2020-08-05,0,0001193125-20-275574,2020-10-23,8-K,"5.02,9.01",d68962d8k.htm,1,2018-08-06,2021-03-03,1
1319161,1319161,Warner Music Group,2020-08-05,0,0001193125-20-261384,2020-10-01,8-K,"5.02,9.01",d82687d8k.htm,1,2018-08-06,2021-03-03,1
1319161,1319161,Warner Music Group,2020-08-05,0,0001193125-20-167792,2020-06-12,8-K,5.02,d937369d8k.htm,1,2018-08-06,2021-03-03,1
1319161,1319161,Warner Music Group,2020-08-05,0,0001193125-19-035628,2019-02-12,8-K,"5.02,5.07,9.01",d670714d8k.htm,1,2018-08-06,2021-03-03,1
1319161,1319161,Warner Music Group,2020-08-05,0,0001193125-18-273859,2018-09-14,8-K,5.02,d602932d8k.htm,1,2018-08-06,2021-03-03,1
1319161,1319161,Warner Music Group,2020-08-05,0,0001193125-18-269285,2018-09-07,8-K,5.02,d620718d8k.htm,1,2018-08-06,2021-03-03,1
1319161,1319161,Warner Music Group,2020-09-09,0,0001193125-20-275574,2020-10-23,8-K,"5.02,9.01",d68962d8k.htm,1,2018-09-10,2021-03-08,1
1319161,1319161,Warner Music Group,2020-09-09,0,0001193125-20-261384,2020-10-01,8-K,"5.02,9.01",d82687d8k.htm,1,2018-09-10,2021-03-08,1
1319161,1319161,Warner Music Group,2020-09-09,0,0001193125-20-167792,2020-06-12,8-K,5.02,d937369d8k.htm,1,2018-09-10,2021-03-08,1
1319161,1319161,Warner Music Group,2020-09-09,0,0001193125-19-035628,2019-02-12,8-K,"5.02,5.07,9.01",d670714d8k.htm,1,2018-09-10,2021-03-08,1
1319161,1319161,Warner Music Group,2020-09-09,0,0001193125-18-273859,2018-09-14,8-K,5.02,d602932d8k.htm,1,2018-09-10,2021-03-08,1
1326160,1326160,Duke Energy Corporation,2014-03-24,0,0001104659-14-053140,2014-07-24,8-K,5.02,a14-17625_18k.htm,1,2012-03-24,2014-10-07,1
1326160,1326160,Duke Energy Corporation,2014-03-24,0,0001104659-14-035262,2014-05-06,8-K,"5.02,5.07,9.01",a14-12019_18k.htm,1,2012-03-24,2014-10-07,1
1326160,1326160,Duke Energy Corporation,2014-03-24,0,0001104659-14-000076,2014-01-02,8-K,5.02,a13-26918_18k.htm,1,2012-03-24,2014-10-07,1
1326160,1326160,Duke Energy Corporation,2014-03-24,0,0001104659-13-089600,2013-12-11,8-K/A,5.02,a13-25973_18ka.htm,1,2012-03-24,2014-10-07,1
1326160,1326160,Duke Energy Corporation,2014-03-24,0,0001104659-13-086631,2013-11-22,8-K,5.02,a13-24823_18k.htm,1,2012-03-24,2014-10-07,1
1326160,1326160,Duke Energy Corporation,2014-03-24,0,0001104659-13-067275,2013-08-30,8-K,5.02,a13-19929_18k.htm,1,2012-03-24,2014-10-07,1
1326160,1326160,Duke Energy Corporation,2014-03-24,0,0001104659-13-060144,2013-08-06,8-K,5.02,a13-17897_18k.htm,1,2012-03-24,2014-10-07,1
1326160,1326160,Duke Energy Corporation,2014-03-24,0,0001104659-13-049764,2013-06-18,8-K,"5.02,9.01",a13-15164_18k.htm,1,2012-03-24,2014-10-07,1
1326160,1326160,Duke Energy Corporation,2014-03-24,0,0001104659-13-038285,2013-05-07,8-K,"5.02,5.07,9.01",a13-11792_18k.htm,1,2012-03-24,2014-10-07,1
1326160,1326160,Duke Energy Corporation,2014-03-24,0,0001104659-13-014407,2013-02-26,8-K,5.02,a13-6049_18k.htm,1,2012-03-24,2014-10-07,1
1326160,1326160,Duke Energy Corporation,2014-03-24,0,0001104659-12-084708,2012-12-17,8-K,"5.02,7.01",a12-29623_18k.htm,1,2012-03-24,2014-10-07,1
1326160,1326160,Duke Energy Corporation,2014-03-24,0,0001104659-12-080906,2012-11-29,8-K,"1.01,5.02,9.01",a12-28312_18k.htm,1,2012-03-24,2014-10-07,1
1326160,1326160,Duke Energy Corporation,2014-03-24,0,0000898822-12-000348,2012-07-27,8-K,"5.02,9.01",duke8kbody.htm,1,2012-03-24,2014-10-07,1
1326160,1326160,Duke Energy Corporation,2014-03-24,0,0001104659-12-049132,2012-07-16,8-K,5.02,a12-16408_18k.htm,1,2012-03-24,2014-10-07,1
1326160,1326160,Duke Energy Corporation,2014-03-24,0,0001193125-12-293901,2012-07-03,8-K,"2.01,2.05,5.02,5.03,7.01,8.01,9.01",d376342d8k.htm,1,2012-03-24,2014-10-07,1
1326160,1326160,Duke Energy,2017-11-10,0,0001326160-17-000184,2017-12-14,8-K,5.02,final8-kredavisboardappoin.htm,1,2015-11-11,2018-05-09,1
1326160,1326160,Duke Energy,2017-11-10,0,0001104659-17-053547,2017-08-25,8-K,5.02,a17-20955_18k.htm,1,2015-11-11,2018-05-09,1
1326160,1326160,Duke Energy,2017-11-10,0,0001326160-17-000011,2017-02-23,8-K,5.02,form8-kcraverboardappointm.htm,1,2015-11-11,2018-05-09,1
1326160,1326160,Duke Energy,2017-11-10,0,0001104659-16-148226,2016-10-03,8-K,"2.01,5.02,7.01,9.01",a16-19209_28k.htm,1,2015-11-11,2018-05-09,1
1326160,1326160,Duke Energy,2017-11-10,0,0001326160-16-000368,2016-08-25,8-K,5.02,form8-krewebsterboardappoi.htm,1,2015-11-11,2018-05-09,1
1326160,1326160,Duke Energy,2017-11-10,0,0001104659-16-119780,2016-05-10,8-K,"5.02,5.07",a16-10869_18k.htm,1,2015-11-11,2018-05-09,1
1326160,1326160,Duke Energy,2017-11-10,0,0001104659-16-110903,2016-04-12,8-K,5.02,a16-8292_18k.htm,1,2015-11-11,2018-05-09,1
1326160,1326160,Duke Energy,2017-11-10,0,0001104659-16-100726,2016-02-29,8-K,5.02,a16-5348_18k.htm,1,2015-11-11,2018-05-09,1
1326160,1326160,Duke Energy,2017-11-10,0,0001193125-16-467698,2016-02-18,8-K,"2.02,5.02,9.01",d143218d8k.htm,1,2015-11-11,2018-05-09,1
1326160,1326160,Duke Energy Corporation,2021-05-28,0,0001104659-21-138544,2021-11-15,8-K,"1.01,5.02,8.01,9.01",tm2132901d1_8k.htm,1,2019-05-29,2022-02-02,1
1326160,1326160,Duke Energy Corporation,2021-05-28,0,0001326160-21-000219,2021-09-27,8-K,"5.02,9.01",duk-20210922.htm,1,2019-05-29,2022-02-02,1
1326160,1326160,Duke Energy Corporation,2021-05-28,0,0001104659-21-064570,2021-05-11,8-K,"5.02,5.07",tm2115845d1_8k.htm,1,2019-05-29,2022-02-02,1
1326160,1326160,Duke Energy Corporation,2021-05-28,0,0001104659-21-043714,2021-03-30,8-K,5.02,tm2111251d1_8k.htm,1,2019-05-29,2022-02-02,1
1326160,1326160,Duke Energy Corporation,2021-05-28,0,0001326160-21-000105,2021-03-03,8-K,5.02,duk-20210225.htm,1,2019-05-29,2022-02-02,1
1326160,1326160,Duke Energy Corporation,2021-05-28,0,0001104659-20-108520,2020-09-25,8-K,"5.02,9.01",tm2031555-1_8k.htm,1,2019-05-29,2022-02-02,1
1326160,1326160,Duke Energy Corporation,2021-05-28,0,0001410578-19-000740,2019-08-09,8-K,5.02,tv527229_8k.htm,1,2019-05-29,2022-02-02,1
1326160,1326160,Duke Energy Corporation,2021-05-28,0,0001326160-19-000166,2019-06-26,8-K,5.02,a6-26x19form8xkfanandakis.htm,1,2019-05-29,2022-02-02,1
1326801,1326801,Facebook,2013-11-24,0,0001326801-14-000020,2014-04-23,8-K,"2.02,5.02,9.01",form8-kq12014earnings.htm,1,2011-11-25,2014-06-01,1
1326801,1326801,Facebook,2013-11-24,0,0001193125-13-192397,2013-05-01,8-K,"2.02,5.02,9.01",d530318d8k.htm,1,2011-11-25,2014-06-01,1
1326801,1326801,Facebook,2013-11-24,0,0001193125-13-177980,2013-04-26,8-K,5.02,d527261d8k.htm,1,2011-11-25,2014-06-01,1
1326801,1326801,Facebook,2013-11-24,0,0001326801-13-000008,2013-04-03,8-K/A,5.02,amendmenttofbform8-ksdhcom.htm,1,2011-11-25,2014-06-01,1
1326801,1326801,Facebook,2013-11-24,0,0001326801-13-000006,2013-03-06,8-K,5.02,fb_x8-kxappointmentxofxsus.htm,1,2011-11-25,2014-06-01,1
1326801,1326801,Facebook,2013-11-24,0,0001193125-12-379221,2012-09-04,8-K,"5.02,8.01",d405186d8k.htm,1,2011-11-25,2014-06-01,1
1326801,1326801,Facebook,2013-11-24,0,0001193125-12-282349,2012-06-25,8-K,5.02,d371533d8k.htm,1,2011-11-25,2014-06-01,1
1326801,1326801,Facebook,2018-03-01,0,0001326801-18-000039,2018-05-08,8-K/A,5.02,form8k-a.htm,1,2016-03-01,2018-09-13,1
1326801,1326801,Facebook,2018-03-01,0,0001326801-18-000037,2018-05-08,8-K,"5.02,8.01,9.01",form8k.htm,1,2016-03-01,2018-09-13,1
1326801,1326801,Facebook,2018-03-01,0,0001193125-18-145181,2018-05-01,8-K,5.02,d579264d8k.htm,1,2016-03-01,2018-09-13,1
1326801,1326801,Facebook,2018-03-01,0,0001326801-18-000003,2018-01-18,8-K,"5.02,9.01",form8k_118.htm,1,2016-03-01,2018-09-13,1
1326801,1326801,Facebook,2018-03-01,0,0001326801-17-000011,2017-03-07,8-K,5.02,a8-kitem502.htm,1,2016-03-01,2018-09-13,1
1326801,1326801,Facebook,2018-03-01,0,0001326801-16-000094,2016-11-18,8-K,5.02,form8-kcaonovember2016.htm,1,2016-03-01,2018-09-13,1
1326801,1326801,Facebook,2018-09-01,0,0001326801-19-000016,2019-03-14,8-K,5.02,form8k_314.htm,1,2016-09-01,2019-03-27,1
1326801,1326801,Facebook,2018-09-01,0,0001326801-18-000039,2018-05-08,8-K/A,5.02,form8k-a.htm,1,2016-09-01,2019-03-27,1
1326801,1326801,Facebook,2018-09-01,0,0001326801-18-000037,2018-05-08,8-K,"5.02,8.01,9.01",form8k.htm,1,2016-09-01,2019-03-27,1
1326801,1326801,Facebook,2018-09-01,0,0001193125-18-145181,2018-05-01,8-K,5.02,d579264d8k.htm,1,2016-09-01,2019-03-27,1
1326801,1326801,Facebook,2018-09-01,0,0001326801-18-000003,2018-01-18,8-K,"5.02,9.01",form8k_118.htm,1,2016-09-01,2019-03-27,1
1326801,1326801,Facebook,2018-09-01,0,0001326801-17-000011,2017-03-07,8-K,5.02,a8-kitem502.htm,1,2016-09-01,2019-03-27,1
1326801,1326801,Facebook,2018-09-01,0,0001326801-16-000094,2016-11-18,8-K,5.02,form8-kcaonovember2016.htm,1,2016-09-01,2019-03-27,1
1341439,1341439,Oracle Corporation,2013-07-10,0,0001193125-13-037562,2013-02-05,8-K,5.02,d480568d8k.htm,1,2011-07-11,2014-01-27,1
1341439,1341439,Oracle Corporation,2013-07-10,0,0001193125-12-277735,2012-06-21,8-K,5.02,d370288d8k.htm,1,2011-07-11,2014-01-27,1
1373715,1373715,ServiceNow Inc.,2024-05-14,0,0001373715-24-000342,2024-10-23,8-K,"2.02,5.02,9.01",now-20241021.htm,1,2022-05-15,2024-11-10,1
1373715,1373715,ServiceNow Inc.,2024-05-14,0,0001373715-24-000269,2024-07-24,8-K,"2.02,5.02,9.01",now-20240724.htm,1,2022-05-15,2024-11-10,1
1373715,1373715,ServiceNow Inc.,2024-05-14,0,0001373715-23-000282,2023-06-02,8-K,"5.02,5.07,9.01",now-20230601.htm,1,2022-05-15,2024-11-10,1
1373715,1373715,ServiceNow Inc.,2024-05-14,0,0001373715-23-000162,2023-04-26,8-K,"2.02,5.02,9.01",now-20230424.htm,1,2022-05-15,2024-11-10,1
1373715,1373715,ServiceNow Inc.,2024-05-14,0,0001373715-23-000016,2023-01-25,8-K,"2.02,5.02,9.01",now-20230124.htm,1,2022-05-15,2024-11-10,1
1373715,1373715,ServiceNow Inc.,2024-05-14,0,0001373715-22-000329,2022-10-26,8-K,"2.02,5.02,9.01",now-20221023.htm,1,2022-05-15,2024-11-10,1
1373715,1373715,ServiceNow Inc.,2024-05-14,0,0001373715-22-000309,2022-08-24,8-K,5.02,now-20220822.htm,1,2022-05-15,2024-11-10,1
1373715,1373715,ServiceNow Inc.,2024-05-14,0,0001373715-22-000239,2022-07-27,8-K,"2.02,5.02,9.01",now-20220725.htm,1,2022-05-15,2024-11-10,1
1387467,1387467,Alpha & Omega Semiconductor,2022-02-22,0,0001387467-22-000099,2022-12-08,8-K,"5.02,9.01",aosl-20221206.htm,1,2020-02-23,2023-01-17,1
1387467,1387467,Alpha & Omega Semiconductor,2022-02-22,0,0001387467-22-000019,2022-02-28,8-K,5.02,aosl-20220224.htm,1,2020-02-23,2023-01-17,1
1387467,1387467,Alpha & Omega Semiconductor,2022-02-22,0,0001157523-21-001341,2021-11-04,8-K,"2.02,5.02,9.01",a52521884.htm,1,2020-02-23,2023-01-17,1
1387467,1387467,Alpha & Omega Semiconductor,2022-02-22,0,0001157523-21-001054,2021-08-13,8-K,"5.02,9.01",a52476520.htm,1,2020-02-23,2023-01-17,1
1387467,1387467,Alpha & Omega Semiconductor,2022-02-22,0,0001387467-21-000022,2021-03-02,8-K,5.02,aosl-20210225.htm,1,2020-02-23,2023-01-17,1
1387467,1387467,Alpha & Omega Semiconductor,2022-02-22,0,0001387467-21-000009,2021-02-05,8-K,5.02,aosl-20210203.htm,1,2020-02-23,2023-01-17,1
1387467,1387467,Alpha & Omega Semiconductor,2022-02-22,0,0001387467-20-000076,2020-11-16,8-K,"5.02,5.07,9.01",aosvotingresultsof2020.htm,1,2020-02-23,2023-01-17,1
1387467,1387467,Alpha & Omega Semiconductor,2022-02-22,0,0001387467-20-000042,2020-08-17,8-K,5.02,aos8-k2020bonusplan.htm,1,2020-02-23,2023-01-17,1
1113169,1113169,"T. Rowe Price Retirement Plan Services, Inc.",2007-12-24,0,0000950133-06-005364,2006-12-19,8-K,"5.02,9.01",w28140e8vk.htm,1,2005-12-24,2008-07-21,1
1113169,1113169,"T. Rowe Price Retirement Plan Services, Inc.",2007-12-24,0,0000950133-06-001306,2006-03-16,8-K,"5.02,9.01",w18767e8vk.htm,1,2005-12-24,2008-07-21,1
1113169,1113169,"T. Rowe Price Retirement Plan Services, Inc.",2023-05-29,0,0001113169-23-000046,2023-11-01,8-K,5.02,trow-20231031.htm,1,2021-05-29,2024-01-23,1
1113169,1113169,"T. Rowe Price Retirement Plan Services, Inc.",2023-05-29,0,0001113169-23-000035,2023-08-03,8-K,5.02,trow-20230731.htm,1,2021-05-29,2024-01-23,1
1113169,1113169,"T. Rowe Price Retirement Plan Services, Inc.",2023-05-29,0,0001113169-23-000009,2023-03-06,8-K,5.02,trow-20230303.htm,1,2021-05-29,2024-01-23,1
1113169,1113169,"T. Rowe Price Retirement Plan Services, Inc.",2023-05-29,0,0001113169-22-000008,2022-04-08,8-K,"5.02,9.01",trow-20220406.htm,1,2021-05-29,2024-01-23,1
1113169,1113169,"T. Rowe Price Retirement Plan Services, Inc.",2023-05-29,0,0001113169-21-000040,2021-12-30,8-K,"1.01,2.01,2.03,3.02,5.02,7.01,9.01",trow-20211229.htm,1,2021-05-29,2024-01-23,1
1113169,1113169,"T. Rowe Price Retirement Plan Services, Inc.",2023-05-29,0,0001113169-21-000037,2021-12-08,8-K,"5.02,9.01",trow-20211207.htm,1,2021-05-29,2024-01-23,1
1113169,1113169,"T. Rowe Price Retirement Plan Services, Inc.",2023-05-29,0,0001113169-21-000035,2021-11-03,8-K,"5.02,9.01",trow-20211102.htm,1,2021-05-29,2024-01-23,1
1113169,1113169,"T. Rowe Price Retirement Plan Services, Inc.",2023-05-29,0,0001113169-21-000026,2021-07-29,8-K,"5.02,9.01",trow-20210729.htm,1,2021-05-29,2024-01-23,1
1397911,1397911,LPL Financial LLC,2018-07-10,0,0001397911-19-000008,2019-01-31,8-K,"2.02,5.02,9.01",form8-k20190131.htm,1,2016-07-10,2019-09-08,1
1397911,1397911,LPL Financial LLC,2018-07-10,0,0001397911-18-000184,2018-09-19,8-K,5.02,form8-k20180915boddeparture.htm,1,2016-07-10,2019-09-08,1
1397911,1397911,LPL Financial LLC,2018-07-10,0,0001397911-18-000128,2018-06-04,8-K,"5.02,7.01,9.01",form8-k20180604.htm,1,2016-07-10,2019-09-08,1
1397911,1397911,LPL Financial LLC,2018-07-10,0,0001397911-18-000092,2018-03-29,8-K,"5.02,9.01",form8-k20180329.htm,1,2016-07-10,2019-09-08,1
1397911,1397911,LPL Financial LLC,2018-07-10,0,0001397911-16-000378,2016-12-23,8-K,5.02,form8-k20161223.htm,1,2016-07-10,2019-09-08,1
1397911,1397911,LPL Financial LLC,2018-07-10,0,0001193125-16-784580,2016-12-05,8-K,"5.02,7.01,9.01",d308002d8k.htm,1,2016-07-10,2019-09-08,1
1397911,1397911,LPL Financial LLC,2018-07-10,0,0001397911-16-000332,2016-07-13,8-K,5.02,form8-k20160713paodeparture.htm,1,2016-07-10,2019-09-08,1
1428439,1428439,Roku Inc.,2023-12-01,0,0001428439-24-000027,2024-06-07,8-K,"5.02,5.07,9.01",wk-20240606.htm,1,2021-12-01,2024-09-04,1
1428439,1428439,Roku Inc.,2023-12-01,0,0001428439-23-000032,2023-08-11,8-K,5.02,wk-20230809.htm,1,2021-12-01,2024-09-04,1
1428439,1428439,Roku Inc.,2023-12-01,0,0001193125-23-063903,2023-03-08,8-K,"5.02,9.01",d466555d8k.htm,1,2021-12-01,2024-09-04,1
1428439,1428439,Roku Inc.,2023-12-01,0,0001428439-22-000038,2022-12-19,8-K,5.02,wk-20221213.htm,1,2021-12-01,2024-09-04,1
1428439,1428439,Roku Inc.,2023-12-01,0,0001428439-22-000033,2022-11-02,8-K,"5.02,9.01",wk-20221031.htm,1,2021-12-01,2024-09-04,1
1428439,1428439,Roku Inc.,2023-12-01,0,0001193125-22-244792,2022-09-14,8-K,"5.02,9.01",d392908d8k.htm,1,2021-12-01,2024-09-04,1
1428439,1428439,Roku Inc.,2023-12-01,0,0001193125-22-004090,2022-01-07,8-K,"5.02,9.01",d44793d8k.htm,1,2021-12-01,2024-09-04,1
1428439,1428439,Roku Inc,2023-12-28,0,0001428439-24-000027,2024-06-07,8-K,"5.02,5.07,9.01",wk-20240606.htm,1,2021-12-28,2024-06-25,1
1428439,1428439,Roku Inc,2023-12-28,0,0001428439-23-000032,2023-08-11,8-K,5.02,wk-20230809.htm,1,2021-12-28,2024-06-25,1
1428439,1428439,Roku Inc,2023-12-28,0,0001193125-23-063903,2023-03-08,8-K,"5.02,9.01",d466555d8k.htm,1,2021-12-28,2024-06-25,1
1428439,1428439,Roku Inc,2023-12-28,0,0001428439-22-000038,2022-12-19,8-K,5.02,wk-20221213.htm,1,2021-12-28,2024-06-25,1
1428439,1428439,Roku Inc,2023-12-28,0,0001428439-22-000033,2022-11-02,8-K,"5.02,9.01",wk-20221031.htm,1,2021-12-28,2024-06-25,1
1428439,1428439,Roku Inc,2023-12-28,0,0001193125-22-244792,2022-09-14,8-K,"5.02,9.01",d392908d8k.htm,1,2021-12-28,2024-06-25,1
1428439,1428439,Roku Inc,2023-12-28,0,0001193125-22-004090,2022-01-07,8-K,"5.02,9.01",d44793d8k.htm,1,2021-12-28,2024-06-25,1
1428439,1428439,"Roku, Inc.",2024-02-29,0,0001428439-24-000027,2024-06-07,8-K,"5.02,5.07,9.01",wk-20240606.htm,1,2022-03-01,2024-08-27,1
1428439,1428439,"Roku, Inc.",2024-02-29,0,0001428439-23-000032,2023-08-11,8-K,5.02,wk-20230809.htm,1,2022-03-01,2024-08-27,1
1428439,1428439,"Roku, Inc.",2024-02-29,0,0001193125-23-063903,2023-03-08,8-K,"5.02,9.01",d466555d8k.htm,1,2022-03-01,2024-08-27,1
1428439,1428439,"Roku, Inc.",2024-02-29,0,0001428439-22-000038,2022-12-19,8-K,5.02,wk-20221213.htm,1,2022-03-01,2024-08-27,1
1428439,1428439,"Roku, Inc.",2024-02-29,0,0001428439-22-000033,2022-11-02,8-K,"5.02,9.01",wk-20221031.htm,1,2022-03-01,2024-08-27,1
1428439,1428439,"Roku, Inc.",2024-02-29,0,0001193125-22-244792,2022-09-14,8-K,"5.02,9.01",d392908d8k.htm,1,2022-03-01,2024-08-27,1
1447669,1447669,Twilio,2022-08-04,1,0001447669-22-000212,2022-12-09,8-K/A,5.02,twlo-20220804.htm,1,2020-08-04,2023-01-31,1
1447669,1447669,Twilio,2022-08-04,1,0001447669-22-000141,2022-08-04,8-K,"2.02,5.02,9.01",twlo-20220804.htm,1,2020-08-04,2023-01-31,1
1447669,1447669,Twilio,2022-08-04,1,0001447669-22-000094,2022-05-04,8-K,"2.02,5.02,9.01",twlo-20220428.htm,1,2020-08-04,2023-01-31,1
1447669,1447669,Twilio,2022-08-04,1,0001447669-21-000296,2021-12-10,8-K,5.02,twlo-20211208.htm,1,2020-08-04,2023-01-31,1
1447669,1447669,Twilio,2022-08-04,1,0001447669-21-000263,2021-10-27,8-K,"2.02,5.02,9.01",twlo-20211025.htm,1,2020-08-04,2023-01-31,1
1447669,1447669,Twilio,2022-08-04,1,0001447669-21-000122,2021-05-05,8-K,"2.02,5.02,9.01",twlo-20210430.htm,1,2020-08-04,2023-01-31,1
1447669,1447669,Twilio,2022-08-04,1,0001193125-21-091239,2021-03-23,8-K/A,5.02,d125978d8ka.htm,1,2020-08-04,2023-01-31,1
1447669,1447669,Twilio,2022-08-04,1,0001193125-21-049966,2021-02-22,8-K,"5.02,8.01,9.01",d126706d8k.htm,1,2020-08-04,2023-01-31,1
1447669,1447669,Twilio,2022-08-04,1,0001193125-21-008667,2021-01-14,8-K,"5.02,9.01",d113435d8k.htm,1,2020-08-04,2023-01-31,1
1447669,1447669,Twilio,2024-04-01,1,0001193125-24-086510,2024-04-04,8-K,"5.02,7.01,9.01",d823064d8k.htm,1,2022-04-02,2024-09-28,1
1447669,1447669,Twilio,2024-04-01,1,0001193125-24-082747,2024-04-01,8-K,"1.01,5.02,7.01,9.01",d819874d8k.htm,1,2022-04-02,2024-09-28,1
1447669,1447669,Twilio,2024-04-01,1,0001193125-24-004000,2024-01-08,8-K,"2.02,5.02,7.01,8.01,9.01",d551551d8k.htm,1,2022-04-02,2024-09-28,1
1447669,1447669,Twilio,2024-04-01,1,0001447669-23-000241,2023-12-01,8-K,"5.02,9.01",twlo-20231130.htm,1,2022-04-02,2024-09-28,1
1447669,1447669,Twilio,2024-04-01,1,0001447669-23-000224,2023-11-08,8-K,"2.02,5.02,9.01",twlo-20231103.htm,1,2022-04-02,2024-09-28,1
1447669,1447669,Twilio,2024-04-01,1,0001447669-23-000075,2023-03-30,8-K,"5.02,9.01",twlo-20230327.htm,1,2022-04-02,2024-09-28,1
1447669,1447669,Twilio,2024-04-01,1,0001193125-23-045159,2023-02-23,8-K,"5.02,9.01",d490360d8k.htm,1,2022-04-02,2024-09-28,1
1447669,1447669,Twilio,2024-04-01,1,0001447669-23-000025,2023-02-15,8-K,"2.02,5.02,8.01,9.01",twlo-20230214.htm,1,2022-04-02,2024-09-28,1
1447669,1447669,Twilio,2024-04-01,1,0001193125-23-034646,2023-02-13,8-K,"2.02,2.05,5.02,7.01,8.01,9.01",d465044d8k.htm,1,2022-04-02,2024-09-28,1
1447669,1447669,Twilio,2024-04-01,1,0001447669-23-000009,2023-02-03,8-K,5.02,twlo-20221219.htm,1,2022-04-02,2024-09-28,1
1447669,1447669,Twilio,2024-04-01,1,0001447669-22-000212,2022-12-09,8-K/A,5.02,twlo-20220804.htm,1,2022-04-02,2024-09-28,1
1447669,1447669,Twilio,2024-04-01,1,0001447669-22-000141,2022-08-04,8-K,"2.02,5.02,9.01",twlo-20220804.htm,1,2022-04-02,2024-09-28,1
1447669,1447669,Twilio,2024-04-01,1,0001447669-22-000094,2022-05-04,8-K,"2.02,5.02,9.01",twlo-20220428.htm,1,2022-04-02,2024-09-28,1
1400891,1400891,"iHeartMedia + Entertainment, Inc.",2024-12-24,0,0001193125-25-193386,2025-09-02,8-K,"5.02,9.01",d93724d8k.htm,1,2022-12-25,2025-10-08,1
1400891,1400891,"iHeartMedia + Entertainment, Inc.",2024-12-24,0,0001400891-25-000040,2025-06-05,8-K,5.02,ihm-20250530.htm,1,2022-12-25,2025-10-08,1
1400891,1400891,"iHeartMedia + Entertainment, Inc.",2024-12-24,0,0001400891-25-000020,2025-04-01,8-K,5.02,ihm-20250326.htm,1,2022-12-25,2025-10-08,1
1400891,1400891,"iHeartMedia + Entertainment, Inc.",2024-12-24,0,0001400891-25-000012,2025-03-05,8-K,5.02,ihm-20250303.htm,1,2022-12-25,2025-10-08,1
1400891,1400891,"iHeartMedia + Entertainment, Inc.",2024-12-24,0,0001400891-24-000030,2024-11-01,8-K,5.02,ihm-20241028.htm,1,2022-12-25,2025-10-08,1
1400891,1400891,"iHeartMedia + Entertainment, Inc.",2024-12-24,0,0001193125-23-149381,2023-05-19,8-K,"5.02,5.07,9.01",d510391d8k.htm,1,2022-12-25,2025-10-08,1
1472787,1472787,First American Financial Corporation,2023-12-18,0,0000950170-24-105161,2024-09-10,8-K,"5.02,9.01",faf-20240910.htm,1,2021-12-18,2024-12-04,1
1472787,1472787,First American Financial Corporation,2023-12-18,0,0001564590-22-025523,2022-07-08,8-K,5.02,faf-8k_20220706.htm,1,2021-12-18,2024-12-04,1
1472787,1472787,First American Financial Corporation,2023-12-18,0,0001564590-22-020134,2022-05-13,8-K,"5.02,5.07,9.01",faf-8k_20220510.htm,1,2021-12-18,2024-12-04,1
1472787,1472787,First American Financial Corporation,2023-12-18,0,0001564590-22-010090,2022-03-14,8-K/A,"5.02,9.01",faf-8ka_20220204.htm,1,2021-12-18,2024-12-04,1
1472787,1472787,First American Financial Corporation,2023-12-18,0,0001564590-22-004505,2022-02-10,8-K,"2.02,5.02,9.01",faf-8k_20220204.htm,1,2021-12-18,2024-12-04,1
728535,728535,"J.B. Hunt Transport, Inc.",2020-08-01,0,0001437749-22-001506,2022-01-24,8-K,"5.02,9.01",jbht20220124_8k.htm,1,2018-08-02,2022-04-18,1
728535,728535,"J.B. Hunt Transport, Inc.",2020-08-01,0,0001437749-21-001198,2021-01-25,8-K,"5.02,9.01",jbht20210122_8k.htm,1,2018-08-02,2022-04-18,1
728535,728535,"J.B. Hunt Transport, Inc.",2020-08-01,0,0001437749-20-024370,2020-11-24,8-K,"5.02,7.01,9.01",jbht20201123_8k.htm,1,2018-08-02,2022-04-18,1
728535,728535,"J.B. Hunt Transport, Inc.",2020-08-01,0,0001437749-20-002187,2020-02-10,8-K,"5.02,7.01,9.01",jbht20200207_8k.htm,1,2018-08-02,2022-04-18,1
728535,728535,"J.B. Hunt Transport, Inc.",2020-08-01,0,0001437749-20-001559,2020-02-03,8-K/A,"5.02,9.01",jbht20200203_8ka.htm,1,2018-08-02,2022-04-18,1
728535,728535,"J.B. Hunt Transport, Inc.",2020-08-01,0,0001437749-20-001300,2020-01-28,8-K,"5.02,7.01,9.01",jbht20200127_8k.htm,1,2018-08-02,2022-04-18,1
728535,728535,"J.B. Hunt Transport, Inc.",2020-08-01,0,0001437749-19-023851,2019-12-04,8-K,"5.02,7.01,9.01",jbht20191204_8k.htm,1,2018-08-02,2022-04-18,1
728535,728535,"J.B. Hunt Transport, Inc.",2020-08-01,0,0001437749-19-001348,2019-01-25,8-K,"5.02,9.01",jbht20190124_8k.htm,1,2018-08-02,2022-04-18,1
728535,728535,"J.B. Hunt Transport, Inc.",2020-08-17,0,0001437749-22-001506,2022-01-24,8-K,"5.02,9.01",jbht20220124_8k.htm,1,2018-08-18,2022-04-18,1
728535,728535,"J.B. Hunt Transport, Inc.",2020-08-17,0,0001437749-21-001198,2021-01-25,8-K,"5.02,9.01",jbht20210122_8k.htm,1,2018-08-18,2022-04-18,1
728535,728535,"J.B. Hunt Transport, Inc.",2020-08-17,0,0001437749-20-024370,2020-11-24,8-K,"5.02,7.01,9.01",jbht20201123_8k.htm,1,2018-08-18,2022-04-18,1
728535,728535,"J.B. Hunt Transport, Inc.",2020-08-17,0,0001437749-20-002187,2020-02-10,8-K,"5.02,7.01,9.01",jbht20200207_8k.htm,1,2018-08-18,2022-04-18,1
728535,728535,"J.B. Hunt Transport, Inc.",2020-08-17,0,0001437749-20-001559,2020-02-03,8-K/A,"5.02,9.01",jbht20200203_8ka.htm,1,2018-08-18,2022-04-18,1
728535,728535,"J.B. Hunt Transport, Inc.",2020-08-17,0,0001437749-20-001300,2020-01-28,8-K,"5.02,7.01,9.01",jbht20200127_8k.htm,1,2018-08-18,2022-04-18,1
728535,728535,"J.B. Hunt Transport, Inc.",2020-08-17,0,0001437749-19-023851,2019-12-04,8-K,"5.02,7.01,9.01",jbht20191204_8k.htm,1,2018-08-18,2022-04-18,1
728535,728535,"J.B. Hunt Transport, Inc.",2020-08-17,0,0001437749-19-001348,2019-01-25,8-K,"5.02,9.01",jbht20190124_8k.htm,1,2018-08-18,2022-04-18,1
1501585,1501585,"Huntington Ingalls Industries, Inc.",2022-03-01,0,0001193125-23-251587,2023-10-05,8-K,"5.02,9.01",d554863d8k.htm,1,2020-03-01,2023-10-15,1
1501585,1501585,"Huntington Ingalls Industries, Inc.",2022-03-01,0,0001193125-22-309155,2022-12-20,8-K,5.02,d462123d8k.htm,1,2020-03-01,2023-10-15,1
1501585,1501585,"Huntington Ingalls Industries, Inc.",2022-03-01,0,0001193125-22-301591,2022-12-09,8-K,"5.02,9.01",d421696d8k.htm,1,2020-03-01,2023-10-15,1
1501585,1501585,"Huntington Ingalls Industries, Inc.",2022-03-01,0,0001193125-22-200081,2022-07-22,8-K,5.02,d304819d8k.htm,1,2020-03-01,2023-10-15,1
1501585,1501585,"Huntington Ingalls Industries, Inc.",2022-03-01,0,0001193125-22-145035,2022-05-09,8-K,"5.02,9.01",d259411d8k.htm,1,2020-03-01,2023-10-15,1
1501585,1501585,"Huntington Ingalls Industries, Inc.",2022-03-01,0,0001193125-22-065623,2022-03-04,8-K,5.02,d198358d8k.htm,1,2020-03-01,2023-10-15,1
1501585,1501585,"Huntington Ingalls Industries, Inc.",2022-03-01,0,0001193125-22-065618,2022-03-04,8-K/A,5.02,d199082d8ka.htm,1,2020-03-01,2023-10-15,1
1501585,1501585,"Huntington Ingalls Industries, Inc.",2022-03-01,0,0001193125-22-024572,2022-02-01,8-K,"5.02,9.01",d82681d8k.htm,1,2020-03-01,2023-10-15,1
1501585,1501585,"Huntington Ingalls Industries, Inc.",2022-03-01,0,0001193125-22-023552,2022-02-01,8-K,"5.02,9.01",d292072d8k.htm,1,2020-03-01,2023-10-15,1
1501585,1501585,"Huntington Ingalls Industries, Inc.",2022-03-01,0,0001193125-21-072840,2021-03-08,8-K,"5.02,9.01",d84630d8k.htm,1,2020-03-01,2023-10-15,1
1501585,1501585,"Huntington Ingalls Industries, Inc.",2022-03-01,0,0001193125-21-013212,2021-01-21,8-K,"5.02,9.01",d116167d8k.htm,1,2020-03-01,2023-10-15,1
1501585,1501585,"Huntington Ingalls Industries, Inc.",2022-03-01,0,0001193125-20-321598,2020-12-18,8-K,"5.02,5.05,9.01",d95898d8k.htm,1,2020-03-01,2023-10-15,1
1501585,1501585,"Huntington Ingalls Industries, Inc.",2022-03-01,0,0001193125-20-068719,2020-03-10,8-K,"5.02,9.01",d885433d8k.htm,1,2020-03-01,2023-10-15,1
1510295,1510295,Marathon Petroleum Company LP,2018-11-28,0,0001510295-19-000078,2019-06-25,8-K,5.02,mpc8-kofficerchanges62019.htm,1,2016-11-28,2019-10-05,1
1510295,1510295,Marathon Petroleum Company LP,2018-11-28,0,0001510295-19-000007,2019-01-30,8-K,"5.02,9.01",mpc8-kjan2019.htm,1,2016-11-28,2019-10-05,1
1510295,1510295,Marathon Petroleum Company LP,2018-11-28,0,0001510295-18-000225,2018-11-14,8-K,5.02,mpc8-knov82018.htm,1,2016-11-28,2019-10-05,1
1510295,1510295,Marathon Petroleum Company LP,2018-11-28,0,0001193125-18-289740,2018-10-01,8-K,"1.02,2.01,2.03,5.02,5.03,7.01,9.01",d632978d8k.htm,1,2016-11-28,2019-10-05,1
1510295,1510295,Marathon Petroleum Company LP,2018-11-28,0,0001510295-18-000146,2018-08-10,8-K,"5.02,8.01,9.01",mpc8-k8102018.htm,1,2016-11-28,2019-10-05,1
1510295,1510295,Marathon Petroleum Company LP,2018-11-28,0,0001510295-17-000059,2017-06-05,8-K,"5.02,5.03,9.01",mpc8-kappointments.htm,1,2016-11-28,2019-10-05,1
1510295,1510295,Marathon Petroleum Company LP,2018-11-28,0,0001510295-17-000028,2017-03-15,8-K,5.02,mpc8-kmarch152017.htm,1,2016-11-28,2019-10-05,1
1510295,1510295,Marathon Petroleum Company LP,2018-11-28,0,0001510295-17-000019,2017-02-27,8-K/A,5.02,mpc8-kastice.htm,1,2016-11-28,2019-10-05,1
1510295,1510295,Marathon Petroleum Company LP,2018-11-28,0,0001510295-17-000011,2017-02-01,8-K,5.02,mpc8-kxstice.htm,1,2016-11-28,2019-10-05,1
1512673,1512673,"Block and Company, Inc.",2016-02-01,0,0001193125-16-695521,2016-08-29,8-K,"5.02,7.01,9.01",d240203d8k.htm,1,2014-02-01,2016-09-27,1
1512673,1512673,"Block and Company, Inc.",2016-02-01,0,0001193125-16-679281,2016-08-11,8-K,5.02,d193806d8k.htm,1,2014-02-01,2016-09-27,1
1512673,1512673,"Block and Company, Inc.",2016-02-01,0,0001193125-16-589702,2016-05-13,8-K,"5.02,8.01,9.01",d153714d8k.htm,1,2014-02-01,2016-09-27,1
1512673,1512673,"Block and Company, Inc.",2016-02-09,0,0001193125-16-695521,2016-08-29,8-K,"5.02,7.01,9.01",d240203d8k.htm,1,2014-02-09,2016-09-27,1
1512673,1512673,"Block and Company, Inc.",2016-02-09,0,0001193125-16-679281,2016-08-11,8-K,5.02,d193806d8k.htm,1,2014-02-09,2016-09-27,1
1512673,1512673,"Block and Company, Inc.",2016-02-09,0,0001193125-16-589702,2016-05-13,8-K,"5.02,8.01,9.01",d153714d8k.htm,1,2014-02-09,2016-09-27,1
1512673,1512673,"Block and Company, Inc.",2016-03-21,0,0001193125-16-731604,2016-10-05,8-K,5.02,d234517d8k.htm,1,2014-03-22,2016-11-09,1
1512673,1512673,"Block and Company, Inc.",2016-03-21,0,0001193125-16-695521,2016-08-29,8-K,"5.02,7.01,9.01",d240203d8k.htm,1,2014-03-22,2016-11-09,1
1512673,1512673,"Block and Company, Inc.",2016-03-21,0,0001193125-16-679281,2016-08-11,8-K,5.02,d193806d8k.htm,1,2014-03-22,2016-11-09,1
1512673,1512673,"Block and Company, Inc.",2016-03-21,0,0001193125-16-589702,2016-05-13,8-K,"5.02,8.01,9.01",d153714d8k.htm,1,2014-03-22,2016-11-09,1
1512673,1512673,Block Inc,2023-01-12,0,0001193125-24-029919,2024-02-09,8-K,5.02,d728712d8k.htm,1,2021-01-12,2024-03-20,1
1512673,1512673,Block Inc,2023-01-12,0,0001193125-23-265109,2023-10-27,8-K/A,5.02,d557189d8ka.htm,1,2021-01-12,2024-03-20,1
1512673,1512673,Block Inc,2023-01-12,0,0001193125-23-236904,2023-09-18,8-K,5.02,d479324d8k.htm,1,2021-01-12,2024-03-20,1
1512673,1512673,Block Inc,2023-01-12,0,0001193125-23-196098,2023-07-27,8-K,"5.02,9.01",d539859d8k.htm,1,2021-01-12,2024-03-20,1
1512673,1512673,Block Inc,2023-01-12,0,0001193125-23-185337,2023-07-11,8-K,5.02,d442940d8k.htm,1,2021-01-12,2024-03-20,1
1512673,1512673,Block Inc,2023-01-12,0,0001193125-23-007182,2023-01-12,8-K,5.02,d449462d8k.htm,1,2021-01-12,2024-03-20,1
1512673,1512673,Block Inc,2023-01-12,0,0001193125-22-115189,2022-04-22,8-K/A,5.02,d344135d8ka.htm,1,2021-01-12,2024-03-20,1
1512673,1512673,Block Inc,2023-01-12,0,0001193125-22-106860,2022-04-15,8-K,5.02,d195404d8k.htm,1,2021-01-12,2024-03-20,1
1512673,1512673,Block Inc,2023-01-12,0,0001193125-22-023529,2022-01-31,8-K,"1.01,2.01,2.03,3.02,5.02,7.01,9.01",d261416d8k.htm,1,2021-01-12,2024-03-20,1
1512673,1512673,Block Inc,2023-01-12,0,0001193125-21-155059,2021-05-07,8-K,5.02,d448286d8k.htm,1,2021-01-12,2024-03-20,1
1535527,1535527,"CrowdStrike Holdings, Inc.",2022-04-01,0,0001104659-22-044351,2022-04-08,8-K,5.02,tm2212244d1_8k.htm,1,2020-04-01,2022-11-11,1
1535527,1535527,"CrowdStrike Holdings, Inc.",2022-04-01,0,0001104659-22-004504,2022-01-14,8-K,"5.02,9.01",tm222862d1_8k.htm,1,2020-04-01,2022-11-11,1
1535527,1535527,"CrowdStrike Holdings, Inc.",2022-04-01,0,0001104659-21-154724,2021-12-30,8-K,5.02,tm2136531d1_8k.htm,1,2020-04-01,2022-11-11,1
1535527,1535527,"CrowdStrike Holdings, Inc.",2022-04-01,0,0001104659-21-129072,2021-10-22,8-K,5.02,tm2130856d1_8k.htm,1,2020-04-01,2022-11-11,1
1535527,1535527,"CrowdStrike Holdings, Inc.",2022-04-01,0,0001104659-21-117007,2021-09-17,8-K,5.02,tm2127949d1_8k.htm,1,2020-04-01,2022-11-11,1
1535527,1535527,"CrowdStrike Holdings, Inc.",2022-04-01,0,0001104659-21-101531,2021-08-06,8-K,5.02,tm2124374d1_8k.htm,1,2020-04-01,2022-11-11,1
1535527,1535527,"CrowdStrike Holdings, Inc.",2022-04-01,0,0001104659-21-048810,2021-04-09,8-K,5.02,tm2112658d1_8k.htm,1,2020-04-01,2022-11-11,1
1535527,1535527,"CrowdStrike Holdings, Inc.",2022-04-01,0,0001104659-21-035670,2021-03-12,8-K,"5.02,9.01",tm219494d1_8k.htm,1,2020-04-01,2022-11-11,1
1535527,1535527,"CrowdStrike Holdings, Inc.",2022-04-01,0,0001104659-20-132008,2020-12-03,8-K,5.02,tm2037694d1_8k.htm,1,2020-04-01,2022-11-11,1
1535527,1535527,"CrowdStrike Holdings, Inc.",2022-04-01,0,0001104659-20-074711,2020-06-18,8-K,5.02,tm2022965d1_8k.htm,1,2020-04-01,2022-11-11,1
1535527,1535527,"CrowdStrike Holdings, Inc.",2022-04-01,0,0001104659-20-045597,2020-04-10,8-K,5.02,tm2015654d1_8k.htm,1,2020-04-01,2022-11-11,1
1535527,1535527,CrowdStrike Holdings Inc.,2024-07-19,0,0001104659-23-028507,2023-03-03,8-K,"5.02,5.03,9.01",tm238330d1_8k.htm,1,2022-07-20,2025-01-15,1
1535527,1535527,CrowdStrike Holdings Inc.,2024-07-19,0,0001104659-23-005624,2023-01-23,8-K,5.02,tm234087d1_8k.htm,1,2022-07-20,2025-01-15,1
1543151,1543151,"Uber Technologies, Inc.",2019-10-28,0,0001552781-20-000209,2020-03-23,8-K,5.02,e20170_uber-8k.htm,1,2017-10-28,2020-04-25,1
1543151,1543151,"Uber Technologies, Inc.",2019-10-28,0,0001552781-20-000149,2020-02-19,8-K,"5.02,9.01",e20097_uber-8k.htm,1,2017-10-28,2020-04-25,1
1543151,1543151,"Uber Technologies, Inc.",2019-10-28,0,0001552781-19-000515,2019-12-26,8-K,5.02,e19531_uber-8k.htm,1,2017-10-28,2020-04-25,1
1543151,1543151,"Uber Technologies, Inc.",2019-10-28,0,0001193125-19-201404,2019-07-24,8-K,5.02,d778039d8k.htm,1,2017-10-28,2020-04-25,1
1543151,1543151,"Uber Technologies, Inc.",2019-10-28,0,0001193125-19-201403,2019-07-24,8-K,5.02,d778037d8k.htm,1,2017-10-28,2020-04-25,1
1543151,1543151,"Uber Technologies, Inc.",2019-10-28,0,0001552781-19-000277,2019-06-07,8-K,5.02,e19316_uber-8k.htm,1,2017-10-28,2020-04-25,1
1543151,1543151,"Uber Technologies, Inc.",2019-10-28,0,0001193125-19-157213,2019-05-24,8-K,5.02,d753156d8k.htm,1,2017-10-28,2020-04-25,1
1543151,1543151,"Uber Technologies, Inc.",2023-01-23,0,0001543151-23-000021,2023-08-01,8-K,"1.01,2.02,2.03,5.02,9.01",uber-20230728.htm,1,2021-01-23,2023-09-26,1
1543151,1543151,"Uber Technologies, Inc.",2023-01-23,0,0001552781-23-000316,2023-06-30,8-K,"5.02,9.01",e23297_uber-8k.htm,1,2021-01-23,2023-09-26,1
1543151,1543151,"Uber Technologies, Inc.",2023-01-23,0,0001552781-21-000144,2021-03-22,8-K,"5.02,9.01",e21165_uber-8k.htm,1,2021-01-23,2023-09-26,1
1543151,1543151,"Uber Technologies, Inc.",2023-03-31,0,0001543151-23-000021,2023-08-01,8-K,"1.01,2.02,2.03,5.02,9.01",uber-20230728.htm,1,2021-03-31,2023-09-27,1
1543151,1543151,"Uber Technologies, Inc.",2023-03-31,0,0001552781-23-000316,2023-06-30,8-K,"5.02,9.01",e23297_uber-8k.htm,1,2021-03-31,2023-09-27,1
1543151,1543151,"Uber Technologies, Inc.",2024-08-23,0,0001552781-25-000025,2025-02-07,8-K,5.02,e25038_uber-8k.htm,1,2022-08-24,2025-02-19,1
1543151,1543151,"Uber Technologies, Inc.",2024-08-23,0,0001552781-23-000451,2023-11-17,8-K,5.02,e23460_uber-8k.htm,1,2022-08-24,2025-02-19,1
1543151,1543151,"Uber Technologies, Inc.",2024-08-23,0,0001543151-23-000036,2023-11-07,8-K,"2.02,5.02,9.01",uber-20231107.htm,1,2022-08-24,2025-02-19,1
1543151,1543151,"Uber Technologies, Inc.",2024-08-23,0,0001552781-23-000389,2023-09-28,8-K,"5.02,9.01",e23399_uber-8k.htm,1,2022-08-24,2025-02-19,1
1543151,1543151,"Uber Technologies, Inc.",2024-08-23,0,0001543151-23-000021,2023-08-01,8-K,"1.01,2.02,2.03,5.02,9.01",uber-20230728.htm,1,2022-08-24,2025-02-19,1
1543151,1543151,"Uber Technologies, Inc.",2024-08-23,0,0001552781-23-000316,2023-06-30,8-K,"5.02,9.01",e23297_uber-8k.htm,1,2022-08-24,2025-02-19,1
1553023,1553023,"CyrusOne, Inc.",2017-10-18,0,0001553023-18-000090,2018-06-25,8-K,5.02,a8k180621.htm,1,2015-10-19,2018-07-07,1
1553023,1553023,"CyrusOne, Inc.",2017-10-18,0,0001553023-18-000025,2018-02-22,8-K,"2.02,5.02,7.01,9.01",a4thqtrpressreleasefebruar.htm,1,2015-10-19,2018-07-07,1
1553023,1553023,"CyrusOne, Inc.",2017-10-18,0,0001553023-16-000216,2016-12-02,8-K/A,"5.02,9.01",form8ka-gasa.htm,1,2015-10-19,2018-07-07,1
1553023,1553023,"CyrusOne, Inc.",2017-10-18,0,0001104659-16-153088,2016-10-31,8-K,"5.02,9.01",a16-20657_18k.htm,1,2015-10-19,2018-07-07,1
1564408,1564408,Snap Inc.,2022-03-01,0,0001193125-22-234696,2022-08-31,8-K,"2.02,2.05,5.02,7.01,9.01",d400240d8k.htm,1,2020-03-01,2023-03-07,1
1564408,1564408,Snap Inc.,2022-03-01,0,0001564590-22-026167,2022-07-21,8-K,"1.01,2.02,5.02,5.03,5.07,8.01,9.01",snap-8k_20220719.htm,1,2020-03-01,2023-03-07,1
1564408,1564408,Snap Inc.,2022-03-01,0,0001193125-21-284200,2021-09-27,8-K,5.02,d233227d8k.htm,1,2020-03-01,2023-03-07,1
1564408,1564408,Snap Inc.,2022-03-01,0,0001193125-20-315448,2020-12-11,8-K,"5.02,9.01",d27353d8k.htm,1,2020-03-01,2023-03-07,1
1564408,1564408,Snap Inc.,2022-03-01,0,0001193125-20-291819,2020-11-12,8-K,5.02,d87827d8k.htm,1,2020-03-01,2023-03-07,1
1564408,1564408,Snap Inc.,2022-03-01,0,0001564590-20-010661,2020-03-13,8-K,"5.02,9.01",snap-8k_20200312.htm,1,2020-03-01,2023-03-07,1
1590895,1590895,"Caesars Entertainment, Inc.",2023-08-23,0,0001590895-24-000004,2024-01-30,8-K,5.02,czr-20240126.htm,1,2021-08-23,2024-04-03,1
1590895,1590895,"Caesars Entertainment, Inc.",2023-08-23,0,0001193125-22-196372,2022-07-18,8-K,5.02,d389156d8k.htm,1,2021-08-23,2024-04-03,1
1590895,1590895,"Caesars Entertainment, Inc.",2023-08-23,0,0001590895-22-000078,2022-03-01,8-K,"5.02,9.01",czr-20220225.htm,1,2021-08-23,2024-04-03,1
1590895,1590895,"Caesars Entertainment, Inc.",2023-08-23,0,0001590895-22-000004,2022-01-04,8-K,"5.02,9.01",czr-20211228.htm,1,2021-08-23,2024-04-03,1
1590895,1590895,"Caesars Entertainment, Inc.",2023-08-23,0,0001193125-21-356883,2021-12-14,8-K/A,5.02,d262648d8ka.htm,1,2021-08-23,2024-04-03,1
1590895,1590895,"Caesars Entertainment, Inc.",2023-08-23,0,0001193125-21-305552,2021-10-22,8-K,"5.02,7.01,9.01",d437084d8k.htm,1,2021-08-23,2024-04-03,1
1609711,1609711,GoDaddy.com LLC,2019-10-16,1,0001609711-23-000153,2023-10-06,8-K,5.02,gddy-20231005.htm,1,2017-10-16,2023-11-13,1
1609711,1609711,GoDaddy.com LLC,2019-10-16,1,0001609711-23-000099,2023-06-08,8-K,"5.02,5.07",gddy-20230606.htm,1,2017-10-16,2023-11-13,1
1609711,1609711,GoDaddy.com LLC,2019-10-16,1,0001609711-23-000009,2023-01-25,8-K,"5.02,7.01,9.01",gddy-20230122.htm,1,2017-10-16,2023-11-13,1
1609711,1609711,GoDaddy.com LLC,2019-10-16,1,0001609711-22-000118,2022-09-29,8-K,"5.02,9.01",gddy-20220923.htm,1,2017-10-16,2023-11-13,1
1609711,1609711,GoDaddy.com LLC,2019-10-16,1,0001609711-22-000092,2022-07-08,8-K,"5.02,5.03,9.01",gddy-20220707.htm,1,2017-10-16,2023-11-13,1
1609711,1609711,GoDaddy.com LLC,2019-10-16,1,0001609711-22-000011,2022-01-26,8-K/A,"5.02,9.01",gddy-20220103.htm,1,2017-10-16,2023-11-13,1
1609711,1609711,GoDaddy.com LLC,2019-10-16,1,0001609711-22-000003,2022-01-05,8-K,"5.02,9.01",gddy-20220103.htm,1,2017-10-16,2023-11-13,1
1609711,1609711,GoDaddy.com LLC,2019-10-16,1,0001609711-21-000126,2021-12-06,8-K,"5.02,9.01",gddy-20211130.htm,1,2017-10-16,2023-11-13,1
1609711,1609711,GoDaddy.com LLC,2019-10-16,1,0001609711-21-000059,2021-05-05,8-K,"2.02,5.02,7.01,9.01",gddy-20210501.htm,1,2017-10-16,2023-11-13,1
1609711,1609711,GoDaddy.com LLC,2019-10-16,1,0001609711-21-000052,2021-04-23,8-K/A,5.02,gddy-20210210.htm,1,2017-10-16,2023-11-13,1
1609711,1609711,GoDaddy.com LLC,2019-10-16,1,0001609711-21-000008,2021-02-11,8-K,"2.02,5.02,7.01,9.01",gddy-20210210.htm,1,2017-10-16,2023-11-13,1
1609711,1609711,GoDaddy.com LLC,2019-10-16,1,0001609711-20-000141,2020-11-04,8-K,"2.02,5.02,9.01",gddy-20201030.htm,1,2017-10-16,2023-11-13,1
1609711,1609711,GoDaddy.com LLC,2019-10-16,1,0001609711-20-000053,2020-04-23,8-K,"5.02,9.01",gddy-20200305.htm,1,2017-10-16,2023-11-13,1
1609711,1609711,GoDaddy.com LLC,2019-10-16,1,0001609711-20-000004,2020-02-10,8-K,"5.02,9.01",gddy-20200207.htm,1,2017-10-16,2023-11-13,1
1609711,1609711,GoDaddy.com LLC,2019-10-16,1,0001609711-19-000250,2019-12-06,8-K,5.02,gddy1242019-pao8xk.htm,1,2017-10-16,2023-11-13,1
1609711,1609711,GoDaddy.com LLC,2019-10-16,1,0001609711-19-000212,2019-09-09,8-K,5.02,gddy942019-alakamend8xk.htm,1,2017-10-16,2023-11-13,1
1609711,1609711,GoDaddy.com LLC,2019-10-16,1,0001609711-19-000190,2019-08-02,8-K,"5.02,7.01",a8119-ceochange8xk.htm,1,2017-10-16,2023-11-13,1
1609711,1609711,GoDaddy.com LLC,2019-10-16,1,0001609711-19-000176,2019-07-16,8-K,5.02,a71619cao8-k.htm,1,2017-10-16,2023-11-13,1
1609711,1609711,GoDaddy.com LLC,2019-10-16,1,0001609711-19-000008,2019-02-14,8-K,5.02,gddy-2819xofficerchanges8xk.htm,1,2017-10-16,2023-11-13,1
1609711,1609711,GoDaddy.com LLC,2019-10-16,1,0001609711-18-000218,2018-10-03,8-K,5.02,gddy-10318xparsons8xk.htm,1,2017-10-16,2023-11-13,1
1609711,1609711,GoDaddy.com LLC,2019-10-16,1,0001609711-18-000176,2018-08-02,8-K,"2.02,5.02,9.01",gddy-063018earningsrelease.htm,1,2017-10-16,2023-11-13,1
1609711,1609711,GoDaddy.com LLC,2019-10-16,1,0001609711-18-000127,2018-05-08,8-K,"2.02,5.02,9.01",gddy-03312018earningsrelea.htm,1,2017-10-16,2023-11-13,1
1609711,1609711,GoDaddy.com LLC,2019-10-16,1,0001609711-18-000020,2018-02-02,8-K,"5.02,9.01",gddy-2118xgarrettbod8xk.htm,1,2017-10-16,2023-11-13,1
1609711,1609711,GoDaddy.com LLC,2019-10-16,1,0001609711-17-000280,2017-12-08,8-K,"3.02,5.02,8.01,9.01",gddy-12817ua.htm,1,2017-10-16,2023-11-13,1
1609711,1609711,"GoDaddy.com, LLC",2021-09-06,1,0001609711-22-000011,2022-01-26,8-K/A,"5.02,9.01",gddy-20220103.htm,1,2019-09-07,2022-05-06,1
1609711,1609711,"GoDaddy.com, LLC",2021-09-06,1,0001609711-22-000003,2022-01-05,8-K,"5.02,9.01",gddy-20220103.htm,1,2019-09-07,2022-05-06,1
1609711,1609711,"GoDaddy.com, LLC",2021-09-06,1,0001609711-21-000126,2021-12-06,8-K,"5.02,9.01",gddy-20211130.htm,1,2019-09-07,2022-05-06,1
1609711,1609711,"GoDaddy.com, LLC",2021-09-06,1,0001609711-21-000059,2021-05-05,8-K,"2.02,5.02,7.01,9.01",gddy-20210501.htm,1,2019-09-07,2022-05-06,1
1609711,1609711,"GoDaddy.com, LLC",2021-09-06,1,0001609711-21-000052,2021-04-23,8-K/A,5.02,gddy-20210210.htm,1,2019-09-07,2022-05-06,1
1609711,1609711,"GoDaddy.com, LLC",2021-09-06,1,0001609711-21-000008,2021-02-11,8-K,"2.02,5.02,7.01,9.01",gddy-20210210.htm,1,2019-09-07,2022-05-06,1
1609711,1609711,"GoDaddy.com, LLC",2021-09-06,1,0001609711-20-000141,2020-11-04,8-K,"2.02,5.02,9.01",gddy-20201030.htm,1,2019-09-07,2022-05-06,1
1609711,1609711,"GoDaddy.com, LLC",2021-09-06,1,0001609711-20-000053,2020-04-23,8-K,"5.02,9.01",gddy-20200305.htm,1,2019-09-07,2022-05-06,1
1609711,1609711,"GoDaddy.com, LLC",2021-09-06,1,0001609711-20-000004,2020-02-10,8-K,"5.02,9.01",gddy-20200207.htm,1,2019-09-07,2022-05-06,1
1609711,1609711,"GoDaddy.com, LLC",2021-09-06,1,0001609711-19-000250,2019-12-06,8-K,5.02,gddy1242019-pao8xk.htm,1,2019-09-07,2022-05-06,1
1609711,1609711,"GoDaddy.com, LLC",2021-09-06,1,0001609711-19-000212,2019-09-09,8-K,5.02,gddy942019-alakamend8xk.htm,1,2019-09-07,2022-05-06,1
1609711,1609711,"GoDaddy.com, LLC",2022-03-14,1,0001609711-22-000118,2022-09-29,8-K,"5.02,9.01",gddy-20220923.htm,1,2020-03-14,2022-11-28,1
1609711,1609711,"GoDaddy.com, LLC",2022-03-14,1,0001609711-22-000092,2022-07-08,8-K,"5.02,5.03,9.01",gddy-20220707.htm,1,2020-03-14,2022-11-28,1
1609711,1609711,"GoDaddy.com, LLC",2022-03-14,1,0001609711-22-000011,2022-01-26,8-K/A,"5.02,9.01",gddy-20220103.htm,1,2020-03-14,2022-11-28,1
1609711,1609711,"GoDaddy.com, LLC",2022-03-14,1,0001609711-22-000003,2022-01-05,8-K,"5.02,9.01",gddy-20220103.htm,1,2020-03-14,2022-11-28,1
1609711,1609711,"GoDaddy.com, LLC",2022-03-14,1,0001609711-21-000126,2021-12-06,8-K,"5.02,9.01",gddy-20211130.htm,1,2020-03-14,2022-11-28,1
1609711,1609711,"GoDaddy.com, LLC",2022-03-14,1,0001609711-21-000059,2021-05-05,8-K,"2.02,5.02,7.01,9.01",gddy-20210501.htm,1,2020-03-14,2022-11-28,1
1609711,1609711,"GoDaddy.com, LLC",2022-03-14,1,0001609711-21-000052,2021-04-23,8-K/A,5.02,gddy-20210210.htm,1,2020-03-14,2022-11-28,1
1609711,1609711,"GoDaddy.com, LLC",2022-03-14,1,0001609711-21-000008,2021-02-11,8-K,"2.02,5.02,7.01,9.01",gddy-20210210.htm,1,2020-03-14,2022-11-28,1
1609711,1609711,"GoDaddy.com, LLC",2022-03-14,1,0001609711-20-000141,2020-11-04,8-K,"2.02,5.02,9.01",gddy-20201030.htm,1,2020-03-14,2022-11-28,1
1609711,1609711,"GoDaddy.com, LLC",2022-03-14,1,0001609711-20-000053,2020-04-23,8-K,"5.02,9.01",gddy-20200305.htm,1,2020-03-14,2022-11-28,1
1632127,1632127,"Cable One, Inc.",2019-03-01,1,0001437749-19-018435,2019-09-16,8-K,"5.02,7.01,9.01",cabo20190911_8k.htm,1,2017-03-01,2020-02-04,1
1632127,1632127,"Cable One, Inc.",2019-03-01,1,0001437749-19-013104,2019-07-01,8-K,"5.02,7.01,9.01",cabo20190624_8k.htm,1,2017-03-01,2020-02-04,1
1632127,1632127,"Cable One, Inc.",2019-03-01,1,0001437749-18-017917,2018-10-03,8-K,5.02,cabo20181002_8k.htm,1,2017-03-01,2020-02-04,1
1632127,1632127,"Cable One, Inc.",2019-03-01,1,0001437749-18-012969,2018-07-05,8-K,"5.02,7.01,9.01",cabo20180702_8k.htm,1,2017-03-01,2020-02-04,1
1632127,1632127,"Cable One, Inc.",2019-03-01,1,0001437749-18-006058,2018-04-02,8-K,"5.02,7.01,9.01",cabo20180330_8k.htm,1,2017-03-01,2020-02-04,1
1632127,1632127,"Cable One, Inc.",2019-03-01,1,0000950157-17-001559,2017-11-22,8-K,5.02,form8k.htm,1,2017-03-01,2020-02-04,1
1632127,1632127,"Cable One, Inc.",2019-03-01,1,0001437749-17-018584,2017-11-08,8-K,"5.02,7.01,9.01",cabo20171107_8k.htm,1,2017-03-01,2020-02-04,1
1632127,1632127,"Cable One, Inc.",2019-03-01,1,0000950157-17-001405,2017-10-05,8-K,"5.02,7.01,9.01",form8k.htm,1,2017-03-01,2020-02-04,1
1632127,1632127,"Cable One, Inc.",2019-03-01,1,0000950157-17-000552,2017-05-04,8-K,"1.01,2.01,2.03,5.02,5.07,7.01,8.01,9.01",form8k.htm,1,2017-03-01,2020-02-04,1
1632127,1632127,"Cable One, Inc.",2019-08-08,1,0001437749-19-018435,2019-09-16,8-K,"5.02,7.01,9.01",cabo20190911_8k.htm,1,2017-08-08,2020-02-04,1
1632127,1632127,"Cable One, Inc.",2019-08-08,1,0001437749-19-013104,2019-07-01,8-K,"5.02,7.01,9.01",cabo20190624_8k.htm,1,2017-08-08,2020-02-04,1
1632127,1632127,"Cable One, Inc.",2019-08-08,1,0001437749-18-017917,2018-10-03,8-K,5.02,cabo20181002_8k.htm,1,2017-08-08,2020-02-04,1
1632127,1632127,"Cable One, Inc.",2019-08-08,1,0001437749-18-012969,2018-07-05,8-K,"5.02,7.01,9.01",cabo20180702_8k.htm,1,2017-08-08,2020-02-04,1
1632127,1632127,"Cable One, Inc.",2019-08-08,1,0001437749-18-006058,2018-04-02,8-K,"5.02,7.01,9.01",cabo20180330_8k.htm,1,2017-08-08,2020-02-04,1
1632127,1632127,"Cable One, Inc.",2019-08-08,1,0000950157-17-001559,2017-11-22,8-K,5.02,form8k.htm,1,2017-08-08,2020-02-04,1
1632127,1632127,"Cable One, Inc.",2019-08-08,1,0001437749-17-018584,2017-11-08,8-K,"5.02,7.01,9.01",cabo20171107_8k.htm,1,2017-08-08,2020-02-04,1
1632127,1632127,"Cable One, Inc.",2019-08-08,1,0000950157-17-001405,2017-10-05,8-K,"5.02,7.01,9.01",form8k.htm,1,2017-08-08,2020-02-04,1
1640147,1640147,Snowflake Inc.,2024-03-01,0,0001640147-24-000183,2024-07-02,8-K,5.02,snow-20240630.htm,1,2022-03-02,2024-08-28,1
1640147,1640147,Snowflake Inc.,2024-03-01,0,0001640147-24-000033,2024-02-28,8-K,"5.02,9.01",snow-20240227.htm,1,2022-03-02,2024-08-28,1
1640147,1640147,Snowflake Inc.,2024-03-01,0,0001640147-24-000031,2024-02-28,8-K,"2.02,5.02,9.01",snow-20240227.htm,1,2022-03-02,2024-08-28,1
1640147,1640147,Snowflake Inc.,2024-03-01,0,0001640147-23-000193,2023-08-23,8-K,"2.02,5.02,9.01",snow-20230822.htm,1,2022-03-02,2024-08-28,1
1640147,1640147,Snowflake Inc.,2024-03-01,0,0001640147-23-000073,2023-05-24,8-K,"2.02,5.02,9.01",snow-20230523.htm,1,2022-03-02,2024-08-28,1
1640147,1640147,Snowflake Inc.,2024-03-01,0,0001640147-23-000044,2023-04-07,8-K,"5.02,9.01",snow-20230405.htm,1,2022-03-02,2024-08-28,1
1640147,1640147,Snowflake Inc.,2024-04-14,0,0001640147-24-000183,2024-07-02,8-K,5.02,snow-20240630.htm,1,2022-04-15,2024-11-19,1
1640147,1640147,Snowflake Inc.,2024-04-14,0,0001640147-24-000033,2024-02-28,8-K,"5.02,9.01",snow-20240227.htm,1,2022-04-15,2024-11-19,1
1640147,1640147,Snowflake Inc.,2024-04-14,0,0001640147-24-000031,2024-02-28,8-K,"2.02,5.02,9.01",snow-20240227.htm,1,2022-04-15,2024-11-19,1
1640147,1640147,Snowflake Inc.,2024-04-14,0,0001640147-23-000193,2023-08-23,8-K,"2.02,5.02,9.01",snow-20230822.htm,1,2022-04-15,2024-11-19,1
1640147,1640147,Snowflake Inc.,2024-04-14,0,0001640147-23-000073,2023-05-24,8-K,"2.02,5.02,9.01",snow-20230523.htm,1,2022-04-15,2024-11-19,1
1640147,1640147,Snowflake Inc.,2024-04-14,0,0001640147-23-000044,2023-04-07,8-K,"5.02,9.01",snow-20230405.htm,1,2022-04-15,2024-11-19,1
1645590,1645590,Hewlett Packard Enterprise Company,2023-12-12,0,0001645590-25-000081,2025-07-16,8-K,"1.01,5.02,7.01,9.01",hpe-20250716.htm,1,2021-12-12,2025-08-04,1
1645590,1645590,Hewlett Packard Enterprise Company,2023-12-12,0,0001645590-25-000048,2025-04-04,8-K,"5.02,5.07,9.01",hpe-20250402.htm,1,2021-12-12,2025-08-04,1
1645590,1645590,Hewlett Packard Enterprise Company,2023-12-12,0,0001645590-24-000125,2024-11-05,8-K,5.02,hpe-20241030.htm,1,2021-12-12,2025-08-04,1
1645590,1645590,Hewlett Packard Enterprise Company,2023-12-12,0,0001645590-24-000078,2024-04-12,8-K,"5.02,5.03,5.07,9.01",hpe-20240410.htm,1,2021-12-12,2025-08-04,1
1645590,1645590,Hewlett Packard Enterprise Company,2023-12-12,0,0001645590-24-000073,2024-04-01,8-K,5.02,hpe-20240401.htm,1,2021-12-12,2025-08-04,1
1645590,1645590,Hewlett Packard Enterprise Company,2023-12-12,0,0001645590-24-000016,2024-02-08,8-K,5.02,hpe-20240206.htm,1,2021-12-12,2025-08-04,1
1645590,1645590,Hewlett Packard Enterprise Company,2023-12-12,0,0001645590-24-000004,2024-01-23,8-K,"5.02,7.01,9.01",hpe-20240117.htm,1,2021-12-12,2025-08-04,1
1645590,1645590,Hewlett Packard Enterprise Company,2023-12-12,0,0001645590-23-000110,2023-12-15,8-K,"5.02,9.01",hpe-20231213.htm,1,2021-12-12,2025-08-04,1
1645590,1645590,Hewlett Packard Enterprise Company,2023-12-12,0,0001645590-23-000079,2023-08-07,8-K,"2.02,5.02,7.01,9.01",hpe-20230803.htm,1,2021-12-12,2025-08-04,1
1645590,1645590,Hewlett Packard Enterprise Company,2023-12-12,0,0001645590-23-000076,2023-06-14,8-K,"5.02,7.01,9.01",hpe-20230614.htm,1,2021-12-12,2025-08-04,1
1645590,1645590,Hewlett Packard Enterprise Company,2023-12-12,0,0001645590-23-000042,2023-04-06,8-K,"5.02,5.07,9.01",hpe-20230405.htm,1,2021-12-12,2025-08-04,1
1645590,1645590,Hewlett Packard Enterprise Company,2023-12-12,0,0001645590-23-000008,2023-01-30,8-K,5.02,hpe-20230127.htm,1,2021-12-12,2025-08-04,1
1645590,1645590,Hewlett Packard Enterprise Company,2023-12-12,0,0001645590-23-000005,2023-01-10,8-K,"5.02,9.01",hpe-20230110.htm,1,2021-12-12,2025-08-04,1
1645590,1645590,Hewlett Packard Enterprise Company,2023-12-12,0,0001645590-22-000055,2022-09-22,8-K,"5.02,9.01",hpe-20220922.htm,1,2021-12-12,2025-08-04,1
1645590,1645590,Hewlett Packard Enterprise Company,2023-12-12,0,0001645590-22-000041,2022-06-21,8-K,5.02,hpe-20220617.htm,1,2021-12-12,2025-08-04,1
1645590,1645590,Hewlett Packard Enterprise Company,2023-12-12,0,0001645590-22-000002,2022-01-24,8-K,5.02,hpe-20220118.htm,1,2021-12-12,2025-08-04,1
1647088,1647088,WillScot Mobile Mini Holdings Corp.,2020-11-10,0,0001104659-20-079822,2020-07-01,8-K,"3.03,5.02,5.03,8.01,9.01",tm2023606d1_8k.htm,1,2018-11-11,2021-05-19,1
1647088,1647088,WillScot Mobile Mini Holdings Corp.,2020-11-10,0,0001104659-20-029590,2020-03-05,8-K,"1.01,5.02,5.08,9.01",tm2011399d7_8k.htm,1,2018-11-11,2021-05-19,1
1647088,1647088,WillScot Mobile Mini Holdings Corp.,2020-11-10,0,0001647088-19-000056,2019-11-15,8-K,"5.02,5.03,5.05,8.01,9.01",wsc-20191114.htm,1,2018-11-11,2021-05-19,1
1647088,1647088,WillScot Mobile Mini Holdings Corp.,2020-11-10,0,0001104659-19-036394,2019-06-19,8-K,"1.02,5.02,5.07,8.01,9.01",a19-11676_18k.htm,1,2018-11-11,2021-05-19,1
1647088,1647088,WillScot Mobile Mini Holdings Corp.,2020-11-10,0,0001104659-19-030318,2019-05-17,8-K,"5.02,9.01",a19-10072_28k.htm,1,2018-11-11,2021-05-19,1
1647088,1647088,WillScot Mobile Mini Holdings Corp.,2020-11-10,0,0001104659-19-020676,2019-04-10,8-K,5.02,a19-8140_18k.htm,1,2018-11-11,2021-05-19,1
1647088,1647088,WillScot Mobile Mini Holdings Corp.,2020-11-10,0,0001104659-19-016868,2019-03-22,8-K,"5.02,9.01",a19-6989_38k.htm,1,2018-11-11,2021-05-19,1
1647088,1647088,WillScot Mobile Mini Holdings Corp.,2020-11-10,0,0001104659-19-016594,2019-03-21,8-K,"5.02,9.01",a19-6989_18k.htm,1,2018-11-11,2021-05-19,1
1652044,1652044,Google Inc.,2016-03-29,0,0001193125-16-635647,2016-06-29,8-K,"5.02,9.01",d205204d8k.htm,1,2014-03-30,2016-11-02,1
1652044,1652044,Google Inc.,2016-03-29,0,0001193125-16-619079,2016-06-10,8-K,"5.02,5.07,9.01",d208205d8k.htm,1,2014-03-30,2016-11-02,1
1652044,1652044,Google Inc.,2016-03-29,0,0001193125-15-336577,2015-10-02,8-K12B,"1.01,3.03,5.02,5.03,5.05,8.01,9.01",d82837d8k12b.htm,1,2014-03-30,2016-11-02,1
1652044,1652044,Google Inc.,2016-05-06,0,0001193125-16-635647,2016-06-29,8-K,"5.02,9.01",d205204d8k.htm,1,2014-05-07,2016-11-02,1
1652044,1652044,Google Inc.,2016-05-06,0,0001193125-16-619079,2016-06-10,8-K,"5.02,5.07,9.01",d208205d8k.htm,1,2014-05-07,2016-11-02,1
1652044,1652044,Google Inc.,2016-05-06,0,0001193125-15-336577,2015-10-02,8-K12B,"1.01,3.03,5.02,5.03,5.05,8.01,9.01",d82837d8k12b.htm,1,2014-05-07,2016-11-02,1
1652044,1652044,Google Inc.,2016-08-10,0,0001193125-17-376656,2017-12-21,8-K,"5.02,9.01",d462143d8k.htm,1,2014-08-11,2017-12-26,1
1652044,1652044,Google Inc.,2016-08-10,0,0001652044-17-000024,2017-07-24,8-K,"2.02,5.02,9.01",goog8-kq22017.htm,1,2014-08-11,2017-12-26,1
1652044,1652044,Google Inc.,2016-08-10,0,0001193125-17-200227,2017-06-09,8-K,"5.02,5.07,9.01",d410268d8k.htm,1,2014-08-11,2017-12-26,1
1652044,1652044,Google Inc.,2016-08-10,0,0001193125-16-635647,2016-06-29,8-K,"5.02,9.01",d205204d8k.htm,1,2014-08-11,2017-12-26,1
1652044,1652044,Google Inc.,2016-08-10,0,0001193125-16-619079,2016-06-10,8-K,"5.02,5.07,9.01",d208205d8k.htm,1,2014-08-11,2017-12-26,1
1652044,1652044,Google Inc.,2016-08-10,0,0001193125-15-336577,2015-10-02,8-K12B,"1.01,3.03,5.02,5.03,5.05,8.01,9.01",d82837d8k12b.htm,1,2014-08-11,2017-12-26,1
1652044,1652044,"Google, Inc.",2017-06-29,0,0001193125-17-376656,2017-12-21,8-K,"5.02,9.01",d462143d8k.htm,1,2015-06-30,2017-12-26,1
1652044,1652044,"Google, Inc.",2017-06-29,0,0001652044-17-000024,2017-07-24,8-K,"2.02,5.02,9.01",goog8-kq22017.htm,1,2015-06-30,2017-12-26,1
1652044,1652044,"Google, Inc.",2017-06-29,0,0001193125-17-200227,2017-06-09,8-K,"5.02,5.07,9.01",d410268d8k.htm,1,2015-06-30,2017-12-26,1
1652044,1652044,"Google, Inc.",2017-06-29,0,0001193125-16-635647,2016-06-29,8-K,"5.02,9.01",d205204d8k.htm,1,2015-06-30,2017-12-26,1
1652044,1652044,"Google, Inc.",2017-06-29,0,0001193125-16-619079,2016-06-10,8-K,"5.02,5.07,9.01",d208205d8k.htm,1,2015-06-30,2017-12-26,1
1652044,1652044,"Google, Inc.",2017-06-29,0,0001193125-15-336577,2015-10-02,8-K12B,"1.01,3.03,5.02,5.03,5.05,8.01,9.01",d82837d8k12b.htm,1,2015-06-30,2017-12-26,1
1660134,1660134,"Okta, Inc.",2023-09-23,0,0001660134-23-000044,2023-08-30,8-K,"2.02,5.02,7.01,9.01",okta-20230824.htm,1,2021-09-23,2024-04-29,1
1660134,1660134,"Okta, Inc.",2023-09-23,0,0001193125-23-127592,2023-04-28,8-K,"5.02,9.01",d462366d8k.htm,1,2021-09-23,2024-04-29,1
1660134,1660134,"Okta, Inc.",2023-09-23,0,0001660134-23-000009,2023-03-01,8-K,"2.02,5.02,7.01,9.01",okta-20230227.htm,1,2021-09-23,2024-04-29,1
1660134,1660134,"Okta, Inc.",2023-09-23,0,0001660134-22-000055,2022-11-30,8-K,"2.02,5.02,7.01,9.01",okta-20221128.htm,1,2021-09-23,2024-04-29,1
1660134,1660134,"Okta, Inc.",2023-09-23,0,0001660134-22-000041,2022-08-31,8-K,"2.02,5.02,7.01,9.01",okta-20220826.htm,1,2021-09-23,2024-04-29,1
1660134,1660134,"Okta, Inc.",2023-09-23,0,0001193125-22-226462,2022-08-22,8-K,"5.02,9.01",d274610d8k.htm,1,2021-09-23,2024-04-29,1
1660134,1660134,"Okta, Inc.",2023-09-23,0,0001193125-22-196321,2022-07-18,8-K,"5.02,9.01",d373814d8k.htm,1,2021-09-23,2024-04-29,1
1660134,1660134,"Okta, Inc.",2023-09-23,0,0001193125-22-128099,2022-04-29,8-K,"5.02,9.01",d323985d8k.htm,1,2021-09-23,2024-04-29,1
1660134,1660134,"Okta, Inc.",2023-09-23,0,0001193125-22-020651,2022-01-28,8-K,"5.02,9.01",d50522d8k.htm,1,2021-09-23,2024-04-29,1
1660134,1660134,Okta Inc,2023-11-02,0,0001660134-23-000044,2023-08-30,8-K,"2.02,5.02,7.01,9.01",okta-20230824.htm,1,2021-11-02,2024-04-30,1
1660134,1660134,Okta Inc,2023-11-02,0,0001193125-23-127592,2023-04-28,8-K,"5.02,9.01",d462366d8k.htm,1,2021-11-02,2024-04-30,1
1660134,1660134,Okta Inc,2023-11-02,0,0001660134-23-000009,2023-03-01,8-K,"2.02,5.02,7.01,9.01",okta-20230227.htm,1,2021-11-02,2024-04-30,1
1660134,1660134,Okta Inc,2023-11-02,0,0001660134-22-000055,2022-11-30,8-K,"2.02,5.02,7.01,9.01",okta-20221128.htm,1,2021-11-02,2024-04-30,1
1660134,1660134,Okta Inc,2023-11-02,0,0001660134-22-000041,2022-08-31,8-K,"2.02,5.02,7.01,9.01",okta-20220826.htm,1,2021-11-02,2024-04-30,1
1660134,1660134,Okta Inc,2023-11-02,0,0001193125-22-226462,2022-08-22,8-K,"5.02,9.01",d274610d8k.htm,1,2021-11-02,2024-04-30,1
1660134,1660134,Okta Inc,2023-11-02,0,0001193125-22-196321,2022-07-18,8-K,"5.02,9.01",d373814d8k.htm,1,2021-11-02,2024-04-30,1
1660134,1660134,Okta Inc,2023-11-02,0,0001193125-22-128099,2022-04-29,8-K,"5.02,9.01",d323985d8k.htm,1,2021-11-02,2024-04-30,1
1660134,1660134,Okta Inc,2023-11-02,0,0001193125-22-020651,2022-01-28,8-K,"5.02,9.01",d50522d8k.htm,1,2021-11-02,2024-04-30,1
1660134,1660134,"Okta, Inc.",2023-11-07,0,0001660134-23-000044,2023-08-30,8-K,"2.02,5.02,7.01,9.01",okta-20230824.htm,1,2021-11-07,2024-05-05,1
1660134,1660134,"Okta, Inc.",2023-11-07,0,0001193125-23-127592,2023-04-28,8-K,"5.02,9.01",d462366d8k.htm,1,2021-11-07,2024-05-05,1
1660134,1660134,"Okta, Inc.",2023-11-07,0,0001660134-23-000009,2023-03-01,8-K,"2.02,5.02,7.01,9.01",okta-20230227.htm,1,2021-11-07,2024-05-05,1
1660134,1660134,"Okta, Inc.",2023-11-07,0,0001660134-22-000055,2022-11-30,8-K,"2.02,5.02,7.01,9.01",okta-20221128.htm,1,2021-11-07,2024-05-05,1
1660134,1660134,"Okta, Inc.",2023-11-07,0,0001660134-22-000041,2022-08-31,8-K,"2.02,5.02,7.01,9.01",okta-20220826.htm,1,2021-11-07,2024-05-05,1
1660134,1660134,"Okta, Inc.",2023-11-07,0,0001193125-22-226462,2022-08-22,8-K,"5.02,9.01",d274610d8k.htm,1,2021-11-07,2024-05-05,1
1660134,1660134,"Okta, Inc.",2023-11-07,0,0001193125-22-196321,2022-07-18,8-K,"5.02,9.01",d373814d8k.htm,1,2021-11-07,2024-05-05,1
1660134,1660134,"Okta, Inc.",2023-11-07,0,0001193125-22-128099,2022-04-29,8-K,"5.02,9.01",d323985d8k.htm,1,2021-11-07,2024-05-05,1
1660134,1660134,"Okta, Inc.",2023-11-07,0,0001193125-22-020651,2022-01-28,8-K,"5.02,9.01",d50522d8k.htm,1,2021-11-07,2024-05-05,1
1669779,1669779,CWGS Group,2022-01-14,0,0001104659-23-003913,2023-01-17,8-K/A,"5.02,9.01",tm233470d1_8ka.htm,1,2020-01-15,2023-05-02,1
1669779,1669779,CWGS Group,2022-01-14,0,0001558370-22-018128,2022-11-21,8-K,5.02,cwh-20221117x8k.htm,1,2020-01-15,2023-05-02,1
1669779,1669779,CWGS Group,2022-01-14,0,0001104659-22-094495,2022-08-25,8-K,5.02,tm2224566d1_8k.htm,1,2020-01-15,2023-05-02,1
1669779,1669779,CWGS Group,2022-01-14,0,0001104659-22-061345,2022-05-16,8-K,"5.02,5.07",tm2215630d1_8k.htm,1,2020-01-15,2023-05-02,1
1669779,1669779,CWGS Group,2022-01-14,0,0001104659-21-151138,2021-12-17,8-K,5.02,tm2135777d1_8k.htm,1,2020-01-15,2023-05-02,1
1669779,1669779,CWGS Group,2022-01-14,0,0001104659-21-131104,2021-10-28,8-K,5.02,tm2131276d1_8k.htm,1,2020-01-15,2023-05-02,1
1669779,1669779,CWGS Group,2022-01-14,0,0001104659-21-027476,2021-02-24,8-K,5.02,tm217730d1_8k.htm,1,2020-01-15,2023-05-02,1
1669779,1669779,CWGS Group,2022-01-14,0,0001104659-20-075227,2020-06-19,8-K,5.02,tm2022868d1_8k.htm,1,2020-01-15,2023-05-02,1
1669779,1669779,CWGS Group,2022-01-14,0,0001104659-20-068342,2020-06-01,8-K,5.02,tm2021276-1_8k.htm,1,2020-01-15,2023-05-02,1
1669779,1669779,CWGS Group,2022-01-14,0,0001104659-20-047615,2020-04-16,8-K,5.02,tm2016086d1_8k.htm,1,2020-01-15,2023-05-02,1
1669779,1669779,CWGS Group,2022-01-14,0,0001104659-20-038289,2020-03-25,8-K,"5.02,9.01",tm2013775-1_8k.htm,1,2020-01-15,2023-05-02,1
1669779,1669779,CWGS Group,2022-01-14,0,0001104659-20-008772,2020-01-30,8-K,5.02,tm206255d1_8k.htm,1,2020-01-15,2023-05-02,1
1702780,1702780,"Altice USA, Inc.",2019-11-04,1,0001628280-20-009353,2020-06-12,8-K,"5.02,5.07",atus-20200610.htm,1,2017-11-04,2020-08-04,1
1702780,1702780,"Altice USA, Inc.",2019-11-04,1,0001628280-20-000630,2020-01-28,8-K,"5.02,8.01",alticeusa8kjan282020.htm,1,2017-11-04,2020-08-04,1
1702780,1702780,"Altice USA, Inc.",2019-11-04,1,0001628280-20-000094,2020-01-03,8-K,5.02,alticeusa8kjan32020.htm,1,2017-11-04,2020-08-04,1
1702780,1702780,"Altice USA, Inc.",2019-11-04,1,0001628280-19-012621,2019-10-28,8-K,"5.02,9.01",alticeusa8k10-28x19.htm,1,2017-11-04,2020-08-04,1
1702780,1702780,"Altice USA, Inc.",2019-11-04,1,0000947871-19-000280,2019-04-10,8-K,5.02,ss132525_8k.htm,1,2017-11-04,2020-08-04,1
1702780,1702780,"Altice USA, Inc.",2019-11-04,1,0001628280-19-001769,2019-02-22,8-K,"2.02,5.02,9.01",alticeusa8k12-31x18.htm,1,2017-11-04,2020-08-04,1
1702780,1702780,"Altice USA, Inc.",2019-11-04,1,0000947871-19-000006,2019-01-04,8-K,5.02,ss120698_8k.htm,1,2017-11-04,2020-08-04,1
1702780,1702780,"Altice USA, Inc.",2019-11-04,1,0000947871-18-000915,2018-11-20,8-K,5.02,ss115609_8k.htm,1,2017-11-04,2020-08-04,1
1702780,1702780,"Altice USA, Inc.",2019-11-04,1,0000947871-18-000770,2018-09-26,8-K,5.02,ss108508_8k.htm,1,2017-11-04,2020-08-04,1
1702780,1702780,"Altice USA, Inc.",2019-11-04,1,0001104659-18-039903,2018-06-13,8-K,"1.01,1.02,5.02,9.01",a18-15277_18k.htm,1,2017-11-04,2020-08-04,1
1702780,1702780,"Altice USA, Inc.",2019-11-04,1,0000947871-18-000007,2018-01-03,8-K,"5.02,9.01",ss73892_8k.htm,1,2017-11-04,2020-08-04,1
1702780,1702780,"Altice USA, Inc.",2019-11-04,1,0000947871-17-000904,2017-11-13,8-K,"5.02,8.01,9.01",ss66991_8k.htm,1,2017-11-04,2020-08-04,1
1702780,1702780,Altice USA,2024-02-29,1,0001628280-24-001539,2024-01-17,8-K,5.02,atus-20240117.htm,1,2022-03-01,2024-08-27,1
1702780,1702780,Altice USA,2024-02-29,1,0001628280-23-024947,2023-07-17,8-K,5.02,atus-20230715.htm,1,2022-03-01,2024-08-27,1
1702780,1702780,Altice USA,2024-02-29,1,0001628280-23-016197,2023-05-05,8-K,5.02,atus-20230504.htm,1,2022-03-01,2024-08-27,1
1702780,1702780,Altice USA,2024-02-29,1,0001628280-23-008929,2023-03-22,8-K,"5.02,9.01",atus-20230317.htm,1,2022-03-01,2024-08-27,1
1702780,1702780,Altice USA,2024-02-29,1,0000947871-23-000351,2023-03-22,8-K,"5.02,9.01",ss1893769_8k.htm,1,2022-03-01,2024-08-27,1
1702780,1702780,Altice USA,2024-02-29,1,0000947871-23-000216,2023-02-22,8-K,"5.02,9.01",ss1796197_8k.htm,1,2022-03-01,2024-08-27,1
1702780,1702780,Altice USA,2024-02-29,1,0001628280-22-025961,2022-10-04,8-K,5.02,atus-20220930.htm,1,2022-03-01,2024-08-27,1
1702780,1702780,Altice USA,2024-02-29,1,0001628280-22-024496,2022-09-07,8-K,"5.02,9.01",atus-20220906.htm,1,2022-03-01,2024-08-27,1
1702780,1702780,Altice USA,2024-02-29,1,0001628280-22-023610,2022-08-24,8-K,5.02,atus-20220818.htm,1,2022-03-01,2024-08-27,1
1702780,1702780,Altice USA,2024-02-29,1,0001628280-22-017248,2022-06-15,8-K,"5.02,5.07",atus-20220615.htm,1,2022-03-01,2024-08-27,1
1713683,1713683,"Zscaler, Inc.",2018-09-01,0,0001628280-18-012442,2018-10-10,8-K,"5.02,9.01",zs101020188k.htm,1,2016-09-01,2019-04-08,1
1713683,1713683,"Zscaler, Inc.",2018-09-01,0,0001193125-18-149450,2018-05-03,8-K,"5.02,8.01,9.01",d559230d8k.htm,1,2016-09-01,2019-04-08,1
315293,315293,Aon Corporation PLC,2020-12-29,0,0001193125-22-249226,2022-09-22,8-K,5.02,d353815d8k.htm,1,2018-12-30,2022-11-27,1
315293,315293,Aon Corporation PLC,2020-12-29,0,0001193125-22-238848,2022-09-06,8-K,5.02,d309594d8k.htm,1,2018-12-30,2022-11-27,1
315293,315293,Aon Corporation PLC,2020-12-29,0,0001193125-22-216213,2022-08-09,8-K,5.02,d345233d8k.htm,1,2018-12-30,2022-11-27,1
315293,315293,Aon Corporation PLC,2020-12-29,0,0001193125-22-180055,2022-06-23,8-K,"5.02,5.07,9.01",d235062d8k.htm,1,2018-12-30,2022-11-27,1
315293,315293,Aon Corporation PLC,2020-12-29,0,0001193125-22-046592,2022-02-18,8-K,5.02,d146058d8k.htm,1,2018-12-30,2022-11-27,1
315293,315293,Aon Corporation PLC,2020-12-29,0,0001193125-21-223710,2021-07-26,8-K,"1.01,1.02,5.02,7.01,9.01",d208525d8k.htm,1,2018-12-30,2022-11-27,1
315293,315293,Aon Corporation PLC,2020-12-29,0,0001193125-21-206409,2021-07-01,8-K,5.02,d55212d8k.htm,1,2018-12-30,2022-11-27,1
315293,315293,Aon Corporation PLC,2020-12-29,0,0001193125-21-022598,2021-01-29,8-K,5.02,d116873d8k.htm,1,2018-12-30,2022-11-27,1
315293,315293,Aon Corporation PLC,2020-12-29,0,0001193125-20-282544,2020-10-30,8-K,"1.01,5.02,9.01",d873218d8k.htm,1,2018-12-30,2022-11-27,1
315293,315293,Aon Corporation PLC,2020-12-29,0,0001193125-20-178023,2020-06-25,8-K,"5.02,5.07,9.01",d947905d8k.htm,1,2018-12-30,2022-11-27,1
315293,315293,Aon Corporation PLC,2020-12-29,0,0001193125-20-120011,2020-04-27,8-K,"5.02,7.01,9.01",d922389d8k.htm,1,2018-12-30,2022-11-27,1
315293,315293,Aon Corporation PLC,2020-12-29,0,0001193125-20-093512,2020-04-01,8-K12B,"1.01,2.03,3.01,3.02,3.03,5.02,5.03,8.01,9.01",d867242d8k12b.htm,1,2018-12-30,2022-11-27,1
315293,315293,Aon Corporation PLC,2020-12-29,0,0001193125-20-045455,2020-02-24,8-K,5.02,d863960d8k.htm,1,2018-12-30,2022-11-27,1
315293,315293,Aon Corporation PLC,2020-12-29,0,0001193125-19-181180,2019-06-25,8-K,"5.02,9.01",d721968d8k.htm,1,2018-12-30,2022-11-27,1
315293,315293,Aon Corporation PLC,2020-12-29,0,0001193125-19-165112,2019-06-04,8-K,"5.02,9.01",d756679d8k.htm,1,2018-12-30,2022-11-27,1
315293,315293,Aon PLC,2022-02-25,0,0001193125-22-249226,2022-09-22,8-K,5.02,d353815d8k.htm,1,2020-02-26,2022-12-10,1
315293,315293,Aon PLC,2022-02-25,0,0001193125-22-238848,2022-09-06,8-K,5.02,d309594d8k.htm,1,2020-02-26,2022-12-10,1
315293,315293,Aon PLC,2022-02-25,0,0001193125-22-216213,2022-08-09,8-K,5.02,d345233d8k.htm,1,2020-02-26,2022-12-10,1
315293,315293,Aon PLC,2022-02-25,0,0001193125-22-180055,2022-06-23,8-K,"5.02,5.07,9.01",d235062d8k.htm,1,2020-02-26,2022-12-10,1
315293,315293,Aon PLC,2022-02-25,0,0001193125-22-046592,2022-02-18,8-K,5.02,d146058d8k.htm,1,2020-02-26,2022-12-10,1
315293,315293,Aon PLC,2022-02-25,0,0001193125-21-223710,2021-07-26,8-K,"1.01,1.02,5.02,7.01,9.01",d208525d8k.htm,1,2020-02-26,2022-12-10,1
315293,315293,Aon PLC,2022-02-25,0,0001193125-21-206409,2021-07-01,8-K,5.02,d55212d8k.htm,1,2020-02-26,2022-12-10,1
315293,315293,Aon PLC,2022-02-25,0,0001193125-21-022598,2021-01-29,8-K,5.02,d116873d8k.htm,1,2020-02-26,2022-12-10,1
315293,315293,Aon PLC,2022-02-25,0,0001193125-20-282544,2020-10-30,8-K,"1.01,5.02,9.01",d873218d8k.htm,1,2020-02-26,2022-12-10,1
315293,315293,Aon PLC,2022-02-25,0,0001193125-20-178023,2020-06-25,8-K,"5.02,5.07,9.01",d947905d8k.htm,1,2020-02-26,2022-12-10,1
315293,315293,Aon PLC,2022-02-25,0,0001193125-20-120011,2020-04-27,8-K,"5.02,7.01,9.01",d922389d8k.htm,1,2020-02-26,2022-12-10,1
315293,315293,Aon PLC,2022-02-25,0,0001193125-20-093512,2020-04-01,8-K12B,"1.01,2.03,3.01,3.02,3.03,5.02,5.03,8.01,9.01",d867242d8k12b.htm,1,2020-02-26,2022-12-10,1
718877,718877,"Activision Publishing, Inc.",2012-08-01,0,0001104659-12-070867,2012-10-24,8-K,5.02,a12-24941_18k.htm,1,2010-08-02,2013-02-05,1
718877,718877,"Activision Publishing, Inc.",2012-08-01,0,0001104659-12-069148,2012-10-15,8-K,5.02,a12-24009_18k.htm,1,2010-08-02,2013-02-05,1
718877,718877,"Activision Publishing, Inc.",2012-08-01,0,0001104659-12-065061,2012-09-24,8-K,5.02,a12-21920_18k.htm,1,2010-08-02,2013-02-05,1
718877,718877,"Activision Publishing, Inc.",2012-08-01,0,0001104659-12-060277,2012-08-27,8-K,5.02,a12-19029_18k.htm,1,2010-08-02,2013-02-05,1
718877,718877,"Activision Publishing, Inc.",2012-08-01,0,0001104659-12-047906,2012-07-06,8-K,5.02,a12-15997_18k.htm,1,2010-08-02,2013-02-05,1
718877,718877,"Activision Publishing, Inc.",2012-08-01,0,0001104659-12-043056,2012-06-12,8-K,"5.02,5.07,9.01",a12-14498_18k.htm,1,2010-08-02,2013-02-05,1
718877,718877,"Activision Publishing, Inc.",2012-08-01,0,0001104659-12-019245,2012-03-19,8-K,5.02,a12-7498_18k.htm,1,2010-08-02,2013-02-05,1
718877,718877,"Activision Publishing, Inc.",2012-08-01,0,0001104659-12-018951,2012-03-16,8-K,"5.02,9.01",a12-7162_18k.htm,1,2010-08-02,2013-02-05,1
718877,718877,"Activision Publishing, Inc.",2012-08-01,0,0001104659-12-015944,2012-03-06,8-K,5.02,a12-6437_18k.htm,1,2010-08-02,2013-02-05,1
718877,718877,"Activision Publishing, Inc.",2012-08-01,0,0001104659-11-043165,2011-08-03,8-K,5.02,a11-23508_18k.htm,1,2010-08-02,2013-02-05,1
718877,718877,"Activision Publishing, Inc.",2012-08-01,0,0001104659-11-013286,2011-03-09,8-K,5.02,a11-7469_28k.htm,1,2010-08-02,2013-02-05,1
718877,718877,"Activision Publishing, Inc.",2012-08-01,0,0001104659-11-013007,2011-03-08,8-K,5.02,a11-7469_18k.htm,1,2010-08-02,2013-02-05,1
718877,718877,"Activision Publishing, Inc.",2012-08-01,0,0001104659-10-055003,2010-11-01,8-K,5.02,a10-20249_18k.htm,1,2010-08-02,2013-02-05,1
718877,718877,"Activision Publishing, Inc.",2012-08-01,0,0001104659-10-054725,2010-10-29,8-K,5.02,a10-20068_18k.htm,1,2010-08-02,2013-02-05,1
718877,718877,"Activision Publishing, Inc.",2022-12-02,0,0001628280-22-032444,2022-12-21,8-K,"5.02,9.01",atvi-20221218.htm,1,2020-12-02,2023-08-19,1
718877,718877,"Activision Publishing, Inc.",2022-12-02,0,0001628280-22-032124,2022-12-16,8-K,5.02,atvi-20221213.htm,1,2020-12-02,2023-08-19,1
718877,718877,"Activision Publishing, Inc.",2022-12-02,0,0001104659-22-106731,2022-10-06,8-K,"5.02,7.01,9.01",tm2227542d1_8k.htm,1,2020-12-02,2023-08-19,1
718877,718877,"Activision Publishing, Inc.",2022-12-02,0,0001104659-22-048385,2022-04-21,8-K,5.02,tm2212883d1_8k.htm,1,2020-12-02,2023-08-19,1
718877,718877,"Activision Publishing, Inc.",2022-12-02,0,0001104659-21-115515,2021-09-14,8-K,"5.02,9.01",tm2127559d1_8k.htm,1,2020-12-02,2023-08-19,1
718877,718877,"Activision Publishing, Inc.",2022-12-02,0,0001104659-21-083428,2021-06-21,8-K,"5.02,5.07",tm2120202d1_8k.htm,1,2020-12-02,2023-08-19,1
718877,718877,"Activision Publishing, Inc.",2022-12-02,0,0001104659-21-076405,2021-06-03,8-K,5.02,tm2118279d1_8k.htm,1,2020-12-02,2023-08-19,1
718877,718877,"Activision Publishing, Inc.",2022-12-02,0,0001104659-21-056776,2021-04-29,8-K,"5.02,9.01",tm2114493d1_8k.htm,1,2020-12-02,2023-08-19,1
718877,718877,"Activision Publishing, Inc.",2022-12-02,0,0001104659-21-046147,2021-04-02,8-K,5.02,tm2111987d1_8k.htm,1,2020-12-02,2023-08-19,1
1889539,1889539,"Corebridge Financial, Inc.",2023-05-29,0,0001889539-23-000032,2023-11-30,8-K,5.02,crbg-20231130.htm,1,2021-05-29,2024-01-21,1
1889539,1889539,"Corebridge Financial, Inc.",2023-05-29,0,0001628280-23-029830,2023-08-17,8-K,5.02,crbg-20230811.htm,1,2021-05-29,2024-01-21,1
1889539,1889539,"Corebridge Financial, Inc.",2023-05-29,0,0001140361-23-034792,2023-07-17,8-K,5.02,brhc20055908_8k.htm,1,2021-05-29,2024-01-21,1
1889539,1889539,"Corebridge Financial, Inc.",2023-05-29,0,0001628280-23-023370,2023-06-26,8-K,"5.02,5.07",crbg-20230620.htm,1,2021-05-29,2024-01-21,1
1889539,1889539,"Corebridge Financial, Inc.",2023-05-29,0,0001140361-23-025277,2023-05-17,8-K,5.02,brhc20053086_8k.htm,1,2021-05-29,2024-01-21,1
1889539,1889539,"Corebridge Financial, Inc.",2023-05-29,0,0001140361-23-003482,2023-01-31,8-K,"5.02,8.01",brhc10047266_8k.htm,1,2021-05-29,2024-01-21,1
1889539,1889539,"Corebridge Financial, Inc.",2023-05-29,0,0001140361-23-001816,2023-01-17,8-K,5.02,brhc10046705_8k.htm,1,2021-05-29,2024-01-21,1
1889539,1889539,"Corebridge Financial, Inc.",2023-05-29,0,0001140361-22-036710,2022-10-11,8-K,"5.02,5.08,8.01",brhc10042823_8k.htm,1,2021-05-29,2024-01-21,1
