firm_id,firm_name,n_controls,mean_gap,mean_gap_pre,mean_gap_post,rmse_pre,outcome,n_obs
1702780,Altice USA,145,-24.71511246324512,-19.26788965517241,-24.71511246324512,19.26788965517241,car_30d,2
732717,AT&T,145,-1.849938561597319,-12.284736363636364,-1.849938561597319,12.284736363636364,car_30d,10
1001082,Boost Mobile,145,-14.319256989748368,4.226210344827586,-14.319256989748368,4.226210344827586,car_30d,2
1091667,"Aero Charter, Inc.",145,1.0595605225438844,-11.286736363636365,1.0595605225438844,11.286736363636365,car_30d,7
1166691,Comcast,145,0.43775012250452083,7.374863636363637,0.43775012250452083,7.374863636363637,car_30d,8
20520,Frontier Communications,145,3.756887341993156,5.825621621621622,3.756887341993156,5.825621621621622,car_30d,3
1283699,"Advanced Mobile Notary, LLC",145,-0.9671083003137231,6.072267741935484,-0.9671083003137231,6.072267741935484,car_30d,10
732712,Verizon,145,1.8642611290837976,-1.5042363636363643,1.8642611290837976,1.5042363636363643,car_30d,7
