N_firms,mean_effect,median_effect,sd_effect,min_effect,max_effect
12,7.441631733442872,6.631980570652174,2.8047139007214166,6.631980570652174,16.347794524140546
