Model,Sample_Size,Features,Train_R2,Test_R2,Test_RMSE,Test_MAE,CV_R2_Mean,CV_R2_Std
CAR 30-day,382,27,0.5903947421760413,-1.33241136401397,10.642314769656286,8.701501609876313,-0.47035099969876387,0.818272643271493
Volatility Change,381,28,,0.3437269859271126,9.155528852352816,5.732116689779585,,
