Model,Sample_Size,Features,Train_R2,Test_R2,Test_RMSE,Test_MAE,CV_R2_Mean,CV_R2_Std
CAR 30-day,382,27,0.5903947421760413,-1.3324113640139705,10.642314769656288,8.701501609876313,-0.4703509996987639,0.8182726432714931
Volatility Change,381,28,,0.3437269859271126,9.155528852352816,5.732116689779585,,
