{
  "essay2": {
    "description": "30-day Cumulative Abnormal Returns (CAR) Prediction",
    "sample_size": 731,
    "train_test_split": "511/220",
    "features": [
      "immediate_disclosure",
      "fcc_reportable",
      "firm_size_log",
      "leverage",
      "roa",
      "prior_breaches_total",
      "high_severity_breach",
      "ransomware",
      "health_breach",
      "executive_change_30d",
      "total_affected",
      "is_repeat_offender"
    ],
    "random_forest": {
      "test_r2": 0.21772593639472648,
      "test_rmse": 8.113541133820132,
      "test_mae": 5.028784672817383,
      "correlation": 0.5189529946449335,
      "cv_r2_mean": -0.13000726285090541,
      "cv_r2_std": 0.31439336435228754
    },
    "gradient_boosting": {
      "test_r2": 0.3809168875819604,
      "test_rmse": 7.217810160194744,
      "test_mae": 4.398397294752783,
      "correlation": 0.6523821462720909
    }
  },
  "essay3": {
    "description": "Post-Breach Stock Return Volatility Prediction",
    "sample_size": 724,
    "train_test_split": "506/218",
    "features": [
      "return_volatility_pre",
      "immediate_disclosure",
      "fcc_reportable",
      "firm_size_log",
      "leverage",
      "roa",
      "large_firm",
      "prior_breaches_total",
      "high_severity_breach",
      "executive_change_30d",
      "total_affected",
      "is_repeat_offender"
    ],
    "random_forest": {
      "test_r2": 0.6248757920571147,
      "test_rmse": 8.232532461045693,
      "test_mae": 5.706831539448901,
      "correlation": 0.8017218839375392,
      "cv_r2_mean": 0.2488001866116359,
      "cv_r2_std": 0.17692584856942462
    },
    "gradient_boosting": {
      "test_r2": 0.6656249938019158,
      "test_rmse": 7.772537209257459,
      "test_mae": 5.32784305225273,
      "correlation": 0.8159906852229604
    }
  }
}