Variable,VIF
const,93.79864234139124
fcc_reportable,1.0609816904775247
firm_size_log,1.0806926338561083
leverage,1.0077225491005681
roa,1.02364074584229
