Variable,VIF
const,89.5258865875037
fcc_reportable,1.0764097106863433
firm_size_log,1.0923320307775388
leverage,1.0075684801925242
roa,1.024831716388582
