Variable,VIF
const,86.66255416326985
immediate_disclosure,1.0112824743224789
firm_size_log,1.017731936572548
leverage,1.0173522360915825
roa,1.0190135085609213
