Variable,VIF
const,86.7013317165263
health_breach,1.0061473387280824
firm_size_log,1.0199077462501516
leverage,1.0072627000787506
roa,1.0208875846006473
