Variable,VIF
const,86.32311505385941
prior_breaches_total,1.0365596474981422
firm_size_log,1.0354846319065927
leverage,1.0161441733090355
roa,1.0227525765975027
