Variable,VIF
const,91.70413615083123
health_breach,1.0186177042516014
firm_size_log,1.023051493523224
leverage,1.0224356050470587
roa,1.0204674692620774
