Variable,VIF
const,92.27213878994168
immediate_disclosure,1.020485966322241
firm_size_log,1.0223521356574852
leverage,1.0260118600867711
roa,1.0205686254019553
