Variable,VIF
const,92.00192820855483
prior_breaches_total,1.018699354714321
firm_size_log,1.0375320163872
leverage,1.0060333218409518
roa,1.0218322361389647
