final_cik,breach_date,org_name,name_variants,n_source_records,breach_type,multi_type,total_affected_max,multi_filing,incident_details,reported_date,end_breach_date,information_affected,organization_type,final_grade,final_evidence,chain_note,fcc_form499,treatment_evidence,car_5d,car_30d,bhar_5d,bhar_30d,return_volatility_pre,return_volatility_post,volume_volatility_pre,volume_volatility_post,volatility_change,permno,matched_ticker,permno_match,has_crsp_data,firm_size_log,leverage,roa,op_margin,prior_breaches_total,prior_breaches_1yr,disclosure_delay_days,delay_invalid,delay_recoded,immediate_disclosure,health_breach,executive_change_30d,executive_change_90d,executive_change_180d,days_to_first_item_5_02,bdt,rdt,e2_pre_sd,e2_post_sd,e2_vol_change,e2_anchor_year,e2_n_pre,e2_n_post,e2_anchor_found,sich,sic2,prior_records_oldstyle,delay_w,prior_events,size_q,year,garch_dv
4904,2018-12-09,American Electric Power,American Electric Power,1,HACK,False,2,False,"The Indiana Office of the Attorney General reported a data breach involving American Electric Power on April 26, 2019. The breach occurred on December 9, 2018, affecting a total of 4,197 individuals, with 1 resident specifically noted as affected.",2019-04-26 00:00:00,2018-12-09 00:00:00,"{""""Encryption Status"""":""""UNKN"""",""""Categories Affected"""":{""""Personal Identifiers"""":{""""Affected"""":""""UNKN"""",""""Examples"""":[]},""""Protected Classification Characteristics"""":{""""Affected"""":""""UNKN"""",""""Examples"""":[]},""""Commercial Information"""":{""""Affected"""":""""UNKN"""",""""Examples"""":[]},""""Biometric Information"""":{""""Affected"""":""""UNKN"""",""""Examples"""":[]},""""Internet or Network Activity"""":{""""Affected"""":""""UNKN"""",""""Examples"""":[]},""""Geolocation Data"""":{""""Affected"""":""""UNKN"""",""""Examples"""":[]},""""Sensory Data"""":{""""Affected"""":""""UNKN"""",""""Examples"""":[]},""""Professional or Employment-Related Information"""":{""""Affected"""":""""UNKN"""",""""Examples"""":[]},""""Education Information"""":{""""Affected"""":""""UNKN"""",""""Examples"""":[]},""""Inferences Drawn from Personal Information"""":{""""Affected"""":""""UNKN"""",""""Examples"""":[]},""""Sensitive Personal Information"""":{""""Affected"""":""""UNKN"""",""""Examples"""":[]},""""Customer Records"""":{""""Affected"""":""""UNKN"""",""""Examples"""":[]}}}",BSO,VERIFIED-GATE1,Gate1-A (AEP),,0,,1.0035,-3.0322,0.9479,-2.9428,14.7453,22.7721,615859.28,1023290.21,8.0268,24109.0,AEP,window,1,11.078,0.7169,0.0295,0.3519,0,0,138.0,0,0,0.0,0,0,0,0,,2018-12-09,2019-04-26,0.840681,1.052274,0.21159299999999992,2019.0,21,21,True,4911.0,49,0,138.0,0.0,Q3,2019,0.030142281195950305
4904,2019-02-18,American Electric Power,American Electric Power,1,HACK,False,70000000,False,"The Montana Department of Justice reported a data breach involving American Electric Power on April 26, 2019. The breach occurred on February 18, 2019, when an unauthorized individual accessed an email account belonging to a Coates Field Service employee, potentially exposing personal information of 2 individuals.",2019-04-26 00:00:00,2019-02-18 00:00:00,"{""""Encryption Status"""":""""Unencrypted"""",""""Categories Affected"""":{""""Personal Identifiers"""":{""""Affected"""":""""Yes"""",""""Examples"""":[""""Name""""]},""""Protected Classification Characteristics"""":{""""Affected"""":""""No"""",""""Examples"""":[]},""""Commercial Information"""":{""""Affected"""":""""No"""",""""Examples"""":[]},""""Biometric Information"""":{""""Affected"""":""""No"""",""""Examples"""":[]},""""Internet or Network Activity"""":{""""Affected"""":""""No"""",""""Examples"""":[]},""""Geolocation Data"""":{""""Affected"""":""""No"""",""""Examples"""":[]},""""Sensory Data"""":{""""Affected"""":""""No"""",""""Examples"""":[]},""""Professional or Employment-Related Information"""":{""""Affected"""":""""No"""",""""Examples"""":[]},""""Education Information"""":{""""Affected"""":""""No"""",""""Examples"""":[]},""""Inferences Drawn from Personal Information"""":{""""Affected"""":""""No"""",""""Examples"""":[]},""""Sensitive Personal Information"""":{""""Affected"""":""""No"""",""""Examples"""":[]},""""Customer Records"""":{""""Affected"""":""""No"""",""""Examples"""":[]}}}",BSO,VERIFIED-GATE1,Gate1-A (AEP),,0,,0.7452,1.811,0.7366,1.8563,14.1913,9.7772,778296.57,1715548.81,-4.4141,24109.0,AEP,window,1,11.139,0.7214,0.028,0.3103,1,1,67.0,0,0,0.0,0,0,0,0,,2019-02-18,2019-04-26,0.840681,1.052274,0.21159299999999992,2019.0,21,21,True,4911.0,49,1,67.0,1.0,Q3,2019,0.030142281195950305
8670,2013-04-29,"Automatic Data Processing, Inc.","Automatic Data Processing, Inc.",1,DISC,False,680,False,"The New Hampshire Office of the Attorney General reported a data breach involving Automatic Data Processing (ADP) on June 4, 2013. The breach, discovered on April 29, 2013, affected the personal information of 680 New Hampshire residents, including names and Social Security numbers, due to a coding error in payroll tax PDF files. ADP has initiated notification to affected individuals and is offering credit monitoring services.",2013-06-04 00:00:00,2013-05-04 00:00:00,"{""""Encryption Status"""":""""Unencrypted"""",""""Categories Affected"""":{""""Personal Identifiers"""":{""""Affected"""":""""Yes"""",""""Examples"""":[""""Name"""",""""Social Security number""""]},""""Protected Classification Characteristics"""":{""""Affected"""":""""No"""",""""Examples"""":[]},""""Commercial Information"""":{""""Affected"""":""""No"""",""""Examples"""":[]},""""Biometric Information"""":{""""Affected"""":""""No"""",""""Examples"""":[]},""""Internet or Network Activity"""":{""""Affected"""":""""No"""",""""Examples"""":[]},""""Geolocation Data"""":{""""Affected"""":""""No"""",""""Examples"""":[]},""""Sensory Data"""":{""""Affected"""":""""No"""",""""Examples"""":[]},""""Professional or Employment-Related Information"""":{""""Affected"""":""""No"""",""""Examples"""":[]},""""Education Information"""":{""""Affected"""":""""No"""",""""Examples"""":[]},""""Inferences Drawn from Personal Information"""":{""""Affected"""":""""No"""",""""Examples"""":[]},""""Sensitive Personal Information"""":{""""Affected"""":""""Yes"""",""""Examples"""":[""""Social Security number""""]},""""Customer Records"""":{""""Affected"""":""""No"""",""""Examples"""":[]}}}",BSO,VERIFIED,EDGAR name: AUTOMATIC DATA PROCESSING INC,,0,,0.8128,-0.2057,0.8035,-0.3089,14.9991,17.1529,432373.76,507433.11,2.1538,44644.0,ADP,window,1,10.3358,0.8016,0.0451,0.214,0,0,36.0,0,0,0.0,0,0,0,1,100.0,2013-04-29,2013-06-04,1.064501,0.790806,-0.2736949999999999,2013.0,21,21,True,7374.0,73,0,36.0,0.0,Q3,2013,-0.05843825565210725
12927,2016-11-21,The Boeing Company,The Boeing Company,1,INSD,False,36000,False,"The New Hampshire Attorney General reported a data breach involving The Boeing Company on February 9, 2017. The breach, discovered on January 9, 2017, involved an employee inadvertently sending personal information of approximately 36,000 employees to his non-Boeing spouse on November 21, 2016. Four residents of New Hampshire were specifically affected, with the compromised data including names, social security numbers, and dates of birth.",2017-02-09 00:00:00,2017-01-09 00:00:00,"{""""Encryption Status"""":""""Unencrypted"""",""""Categories Affected"""":{""""Personal Identifiers"""":{""""Affected"""":""""Yes"""",""""Examples"""":[""""First name"""",""""Last name"""",""""Place of birth"""",""""Employee ID (BEMSID)""""]},""""Protected Classification Characteristics"""":{""""Affected"""":""""No"""",""""Examples"""":[]},""""Commercial Information"""":{""""Affected"""":""""No"""",""""Examples"""":[]},""""Biometric Information"""":{""""Affected"""":""""No"""",""""Examples"""":[]},""""Internet or Network Activity"""":{""""Affected"""":""""No"""",""""Examples"""":[]},""""Geolocation Data"""":{""""Affected"""":""""No"""",""""Examples"""":[]},""""Sensory Data"""":{""""Affected"""":""""No"""",""""Examples"""":[]},""""Professional or Employment-Related Information"""":{""""Affected"""":""""Yes"""",""""Examples"""":[""""Employee ID (BEMSID)"""",""""Accounting department codes""""]},""""Education Information"""":{""""Affected"""":""""No"""",""""Examples"""":[]},""""Inferences Drawn from Personal Information"""":{""""Affected"""":""""No"""",""""Examples"""":[]},""""Sensitive Personal Information"""":{""""Affected"""":""""Yes"""",""""Examples"""":[""""Social security number"""",""""Date of birth""""]},""""Customer Records"""":{""""Affected"""":""""No"""",""""Examples"""":[]}}}",BSO,VERIFIED,EDGAR name: BOEING CO,,0,,2.5333,3.8354,2.5742,4.037,20.8137,11.6641,2305636.87,1131075.5,-9.1496,19561.0,BA,window,1,11.4554,0.9322,0.0548,0.0917,0,0,80.0,0,0,0.0,0,0,0,0,,2016-11-21,2017-02-09,1.232809,0.816777,-0.41603200000000007,2017.0,21,21,True,3721.0,37,0,80.0,0.0,Q3,2017,-0.05982741678769998
18926,2013-12-27,CenturyLink,CenturyLink,1,HACK,False,605,False,"The Indiana Office of the Attorney General reported that CenturyLink experienced a data breach on December 27, 2013, affecting a total of 75 individuals. The breach was reported on May 28, 2014.",2014-05-28 00:00:00,2013-12-27 00:00:00,"{""""Encryption Status"""":""""UNKN"""",""""Categories Affected"""":{""""Personal Identifiers"""":{""""Affected"""":""""UNKN"""",""""Examples"""":[]},""""Protected Classification Characteristics"""":{""""Affected"""":""""UNKN"""",""""Examples"""":[]},""""Commercial Information"""":{""""Affected"""":""""UNKN"""",""""Examples"""":[]},""""Biometric Information"""":{""""Affected"""":""""UNKN"""",""""Examples"""":[]},""""Internet or Network Activity"""":{""""Affected"""":""""UNKN"""",""""Examples"""":[]},""""Geolocation Data"""":{""""Affected"""":""""UNKN"""",""""Examples"""":[]},""""Sensory Data"""":{""""Affected"""":""""UNKN"""",""""Examples"""":[]},""""Professional or Employment-Related Information"""":{""""Affected"""":""""UNKN"""",""""Examples"""":[]},""""Education Information"""":{""""Affected"""":""""UNKN"""",""""Examples"""":[]},""""Inferences Drawn from Personal Information"""":{""""Affected"""":""""UNKN"""",""""Examples"""":[]},""""Sensitive Personal Information"""":{""""Affected"""":""""UNKN"""",""""Examples"""":[]},""""Customer Records"""":{""""Affected"""":""""UNKN"""",""""Examples"""":[]}}}",BSO,VERIFIED,EDGAR name: CENTURY TELEPHONE ENTERPRISES INC,,1,Clause (b): CenturyLink/Lumen carrier family (Gate 1 rescue noted Form 499 relevance; regional LEC filers),0.151,-6.101,0.151,-5.925,16.5426,8.7974,2013965.21,1967793.57,-7.7452,60599.0,CTL,window,1,10.8971,0.6429,0.0144,0.4166,0,0,152.0,0,0,0.0,0,0,0,1,157.0,2013-12-27,2014-05-28,1.488804,0.876635,-0.612169,2014.0,21,21,True,4813.0,48,0,152.0,0.0,Q3,2014,-2.7395419266440513e-11
18926,2017-01-30,CenturyLink,CenturyLink,2,HACK,False,890,True,"The New Hampshire Department of Justice reported on February 24, 2017, that CenturyLink experienced a data breach involving the potential exposure of personal information of two New Hampshire residents. The breach was detected on February 1, 2017, and was linked to a phishing attack that compromised an employee's email account, potentially exposing names, addresses, Social Security Numbers, and dates of birth.",2017-02-20 00:00:00,2017-02-01 00:00:00,"{""""Encryption Status"""":""""Unencrypted"""",""""Categories Affected"""":{""""Personal Identifiers"""":{""""Affected"""":""""Yes"""",""""Examples"""":[""""Name"""",""""Address"""",""""Social Security Number"""",""""Date of birth""""]},""""Protected Classification Characteristics"""":{""""Affected"""":""""No"""",""""Examples"""":[]},""""Commercial Information"""":{""""Affected"""":""""No"""",""""Examples"""":[]},""""Biometric Information"""":{""""Affected"""":""""No"""",""""Examples"""":[]},""""Internet or Network Activity"""":{""""Affected"""":""""No"""",""""Examples"""":[]},""""Geolocation Data"""":{""""Affected"""":""""No"""",""""Examples"""":[]},""""Sensory Data"""":{""""Affected"""":""""No"""",""""Examples"""":[]},""""Professional or Employment-Related Information"""":{""""Affected"""":""""No"""",""""Examples"""":[]},""""Education Information"""":{""""Affected"""":""""No"""",""""Examples"""":[]},""""Inferences Drawn from Personal Information"""":{""""Affected"""":""""No"""",""""Examples"""":[]},""""Sensitive Personal Information"""":{""""Affected"""":""""Yes"""",""""Examples"""":[""""Social Security Number""""]},""""Customer Records"""":{""""Affected"""":""""No"""",""""Examples"""":[]}}}",BSO,VERIFIED,EDGAR name: CENTURY TELEPHONE ENTERPRISES INC,,1,Clause (b): CenturyLink/Lumen carrier family (Gate 1 rescue noted Form 499 relevance; regional LEC filers),-3.5148,-10.5819,-3.4746,-10.4291,23.3201,14.0415,2689540.97,3019392.04,-9.2786,60599.0,CTL,window,1,10.7583,0.715,0.0133,0.3736,1,0,21.0,0,0,0.0,0,1,1,1,24.0,2017-01-30,2017-02-20,0.858893,1.396222,0.5373290000000001,2017.0,21,21,True,4813.0,48,1,21.0,1.0,Q3,2017,0.19367590939049228
18926,2017-02-28,CenturyLink,CenturyLink,1,HACK,False,12,False,"The Massachusetts Office of Consumer Affairs and Business Regulation reported a data breach involving CenturyLink on February 28, 2017. The breach affected 27 residents and involved the compromise of electronic records containing Social Security Numbers (SSN).",2017-02-28 00:00:00,2017-02-28 00:00:00,"{""""Encryption Status"""":""""Unencrypted"""",""""Categories Affected"""":{""""Personal Identifiers"""":{""""Affected"""":""""Yes"""",""""Examples"""":[""""Social Security number""""]},""""Protected Classification Characteristics"""":{""""Affected"""":""""No"""",""""Examples"""":[]},""""Commercial Information"""":{""""Affected"""":""""No"""",""""Examples"""":[]},""""Biometric Information"""":{""""Affected"""":""""No"""",""""Examples"""":[]},""""Internet or Network Activity"""":{""""Affected"""":""""No"""",""""Examples"""":[]},""""Geolocation Data"""":{""""Affected"""":""""No"""",""""Examples"""":[]},""""Sensory Data"""":{""""Affected"""":""""No"""",""""Examples"""":[]},""""Professional or Employment-Related Information"""":{""""Affected"""":""""No"""",""""Examples"""":[]},""""Education Information"""":{""""Affected"""":""""No"""",""""Examples"""":[]},""""Inferences Drawn from Personal Information"""":{""""Affected"""":""""No"""",""""Examples"""":[]},""""Sensitive Personal Information"""":{""""Affected"""":""""Yes"""",""""Examples"""":[""""Social Security number""""]},""""Customer Records"""":{""""Affected"""":""""No"""",""""Examples"""":[]}}}",BSO,VERIFIED,EDGAR name: CENTURY TELEPHONE ENTERPRISES INC,,1,Clause (b): CenturyLink/Lumen carrier family (Gate 1 rescue noted Form 499 relevance; regional LEC filers),-6.2067,4.1043,-6.0613,3.917,13.171,23.6414,2170844.54,4074202.53,10.4704,60599.0,CTL,window,1,10.7583,0.715,0.0133,0.3736,2,1,0.0,0,0,1.0,0,0,0,1,93.0,2017-02-28,2017-02-28,0.915345,1.419512,0.5041670000000001,2017.0,21,21,True,4813.0,48,3,0.0,2.0,Q3,2017,0.2008696582501126
18926,2020-08-20,CenturyLink Communications,CenturyLink Communications,2,HACK,False,1942,True,"The Maine Office of the Attorney General reported a data breach involving CenturyLink Communications, with the breach occurring between August 20 and August 31, 2020. Approximately 1,942 accounts were affected due to a sophisticated password guessing attack on the MyCenturyLink customer account website, potentially exposing usernames, email addresses, first and last names, service and billing addresses, and other related information. Written notifications were sent to customers starting September 21, 2020, with all letters mailed by September 25, 2020.",2020-09-25 00:00:00,2020-08-31 00:00:00,"{""""Encryption Status"""":""""Unencrypted"""",""""Categories Affected"""":{""""Personal Identifiers"""":{""""Affected"""":""""Yes"""",""""Examples"""":[""""Username"""",""""Password"""",""""Email address"""",""""First name"""",""""Last name"""",""""Service Address"""",""""Billing Address"""",""""Security Question (answer masked and not visible)""""]},""""Protected Classification Characteristics"""":{""""Affected"""":""""No"""",""""Examples"""":[]},""""Commercial Information"""":{""""Affected"""":""""Yes"""",""""Examples"""":[""""Services subscribed to"""",""""Billing records (up to 12-18 months)"""",""""Billing preferences (paper or paperless)"""",""""Current products / services"""",""""Qualified upgrades"""",""""Recent Order activity"""",""""Payment History"""",""""Payment preference (autopay or one-time)"""",""""Last 4-digits of payment instrument on file"""",""""List of accounts associated to the username"""",""""Voice mail""""]},""""Biometric Information"""":{""""Affected"""":""""No"""",""""Examples"""":[]},""""Internet or Network Activity"""":{""""Affected"""":""""No"""",""""Examples"""":[]},""""Geolocation Data"""":{""""Affected"""":""""No"""",""""Examples"""":[]},""""Sensory Data"""":{""""Affected"""":""""No"""",""""Examples"""":[]},""""Professional or Employment-Related Information"""":{""""Affected"""":""""No"""",""""Examples"""":[]},""""Education Information"""":{""""Affected"""":""""No"""",""""Examples"""":[]},""""Inferences Drawn from Personal Information"""":{""""Affected"""":""""No"""",""""Examples"""":[]},""""Sensitive Personal Information"""":{""""Affected"""":""""No"""",""""Examples"""":[]},""""Customer Records"""":{""""Affected"""":""""No"""",""""Examples"""":[]}}}",BSO,VERIFIED-GATE1,Gate1-G rescue: CenturyLink/Lumen parent (Form 499 relevant carrier) (ticker LUMN -> CIK 18926),,1,Clause (b): CenturyLink/Lumen carrier family (Gate 1 rescue noted Form 499 relevance; regional LEC filers),-2.1486,-9.9072,-2.2989,-9.2095,36.7055,28.3509,6088911.66,1750736.89,-8.3546,60599.0,CTL,window,1,11.0782,0.7919,-0.0814,0.3843,3,0,36.0,0,0,0.0,0,0,0,1,153.0,2020-08-20,2020-09-25,2.027438,1.136526,-0.8909120000000001,2020.0,21,21,True,4813.0,48,4,36.0,3.0,Q3,2020,-0.4026189311038828
18926,2022-03-15,Centurylink Communications,Centurylink Communications,1,HACK,False,7,False,"The Indiana Office of the Attorney General reported a data breach involving Centurylink Communications on April 21, 2022. The breach occurred on March 15, 2022, and affected a total of 119 individuals, with 3 residents specifically noted as affected.",2022-04-21 00:00:00,2022-03-15 00:00:00,"{""""Encryption Status"""":""""UNKN"""",""""Categories Affected"""":{""""Personal Identifiers"""":{""""Affected"""":""""UNKN"""",""""Examples"""":[]},""""Protected Classification Characteristics"""":{""""Affected"""":""""UNKN"""",""""Examples"""":[]},""""Commercial Information"""":{""""Affected"""":""""UNKN"""",""""Examples"""":[]},""""Biometric Information"""":{""""Affected"""":""""UNKN"""",""""Examples"""":[]},""""Internet or Network Activity"""":{""""Affected"""":""""UNKN"""",""""Examples"""":[]},""""Geolocation Data"""":{""""Affected"""":""""UNKN"""",""""Examples"""":[]},""""Sensory Data"""":{""""Affected"""":""""UNKN"""",""""Examples"""":[]},""""Professional or Employment-Related Information"""":{""""Affected"""":""""UNKN"""",""""Examples"""":[]},""""Education Information"""":{""""Affected"""":""""UNKN"""",""""Examples"""":[]},""""Inferences Drawn from Personal Information"""":{""""Affected"""":""""UNKN"""",""""Examples"""":[]},""""Sensitive Personal Information"""":{""""Affected"""":""""UNKN"""",""""Examples"""":[]},""""Customer Records"""":{""""Affected"""":""""UNKN"""",""""Examples"""":[]}}}",BSO,VERIFIED-GATE1,Gate1-G rescue: CenturyLink/Lumen parent (Form 499 relevant carrier) (ticker LUMN -> CIK 18926),,1,Clause (b): CenturyLink/Lumen carrier family (Gate 1 rescue noted Form 499 relevance; regional LEC filers),-5.7311,-2.7318,-6.0024,-2.9871,60.0704,23.2535,12549999.88,3819109.87,-36.8169,60599.0,LUMN,window,1,10.9681,0.7958,0.0351,0.422,4,0,37.0,0,0,0.0,0,1,1,1,13.0,2022-03-15,2022-04-21,1.498708,2.920143,1.421435,2022.0,21,21,True,4813.0,48,6,37.0,4.0,Q3,2022,2.8711300004147233e-10
20520,2022-02-24,Frontier Communications,Frontier Communications,1,HACK,False,9,False,"The Indiana Office of the Attorney General reported on May 4, 2022, that Frontier Communications experienced a data breach on February 24, 2022, affecting 297 individuals in total, including 35 residents.",2022-05-04 00:00:00,2022-02-24 00:00:00,"{""""Encryption Status"""":""""UNKN"""",""""Categories Affected"""":{""""Personal Identifiers"""":{""""Affected"""":""""UNKN"""",""""Examples"""":[]},""""Protected Classification Characteristics"""":{""""Affected"""":""""UNKN"""",""""Examples"""":[]},""""Commercial Information"""":{""""Affected"""":""""UNKN"""",""""Examples"""":[]},""""Biometric Information"""":{""""Affected"""":""""UNKN"""",""""Examples"""":[]},""""Internet or Network Activity"""":{""""Affected"""":""""UNKN"""",""""Examples"""":[]},""""Geolocation Data"""":{""""Affected"""":""""UNKN"""",""""Examples"""":[]},""""Sensory Data"""":{""""Affected"""":""""UNKN"""",""""Examples"""":[]},""""Professional or Employment-Related Information"""":{""""Affected"""":""""UNKN"""",""""Examples"""":[]},""""Education Information"""":{""""Affected"""":""""UNKN"""",""""Examples"""":[]},""""Inferences Drawn from Personal Information"""":{""""Affected"""":""""UNKN"""",""""Examples"""":[]},""""Sensitive Personal Information"""":{""""Affected"""":""""UNKN"""",""""Examples"""":[]},""""Customer Records"""":{""""Affected"""":""""UNKN"""",""""Examples"""":[]}}}",BSO,VERIFIED,EDGAR name: CITIZENS COMMUNICATIONS CO,,1,Clause (b): parent of regional Form 499 filer subsidiaries (7/28),0.6943,6.9442,0.6097,6.8017,39.2977,44.9762,282832.61,403491.23,5.6785,21297.0,FYBR,window,1,9.71,0.7209,0.3006,0.3708,0,0,69.0,0,0,0.0,0,0,0,1,120.0,2022-02-24,2022-05-04,1.790875,3.046546,1.2556710000000002,2022.0,21,21,True,4813.0,48,0,69.0,0.0,Q2,2022,0.3943959522259459
20520,2023-12-18,"Frontier Communications Parent, Inc.","Frontier Communications Parent, Inc.",2,HACK,False,120,True,"On June 11, 2024, the New Hampshire Department of Justice was notified by Frontier Communications Parent, Inc. of a data breach that potentially affected the personal information of 120 New Hampshire residents. The breach was detected on April 14, 2024, involving unauthorized access to internal IT systems, and Frontier has since taken steps to enhance security and notified law enforcement.",2024-06-12 00:00:00,2024-04-14 00:00:00,"{
  """"Encryption Status"""": """"Unencrypted"""",
  """"Categories Affected"""": {
    """"Personal Identifiers"""": {
      """"Affected"""": """"Yes"""",
      """"Examples"""": [""""Name"""", """"Date of birth"""", """"Social Security number"""", """"Driver's license number"""", """"State identification card number"""", """"Passport number"""", """"Account log-in"""", """"Financial account number"""", """"Debit card number"""", """"Credit card number"""", """"Email address"""", """"Postal address"""", """"Telephone number""""]
    },
    """"Protected Classification Characteristics"""": {
      """"Affected"""": """"No"""",
      """"Examples"""": []
    },
    """"Commercial Information"""": {
      """"Affected"""": """"No"""",
      """"Examples"""": []
    },
    """"Biometric Information"""": {
      """"Affected"""": """"No"""",
      """"Examples"""": []
    },
    """"Internet or Network Activity"""": {
      """"Affected"""": """"No"""",
      """"Examples"""": []
    },
    """"Geolocation Data"""": {
      """"Affected"""": """"No"""",
      """"Examples"""": []
    },
    """"Sensory Data"""": {
      """"Affected"""": """"No"""",
      """"Examples"""": []
    },
    """"Professional or Employment-Related Information"""": {
      """"Affected"""": """"No"""",
      """"Examples"""": []
    },
    """"Education Information"""": {
      """"Affected"""": """"No"""",
      """"Examples"""": []
    },
    """"Inferences Drawn from Personal Information"""": {
      """"Affected"""": """"No"""",
      """"Examples"""": []
    },
    """"Sensitive Personal Information"""": {
      """"Affected"""": """"Yes"""",
      """"Examples"""": [
        """"Social Security number"""",
        """"Driver's license number"""",
        """"State identification card number"""",
        """"Passport number"""",
        """"Financial account credentials (account log-in, financial account number, debit card number, credit card number)""""
      ]
    },
    """"Customer Records"""": {
      """"Affected"""": """"Yes"""",
      """"Examples"""": [""""Signature"""", """"Telephone number"""", """"Bank account number"""", """"Credit card number"""", """"Debit card number"""", """"Other financial information""""]
    }
  }
}",BSO,VERIFIED,EDGAR name: CITIZENS COMMUNICATIONS CO,,1,Clause (b): parent of regional Form 499 filer subsidiaries (7/28),-1.5267,-2.7534,-1.6335,-3.7589,49.2285,40.593,800877.3,524256.55,-8.6355,21297.0,FYBR,window,1,9.8322,0.7243,0.0237,0.3218,1,0,177.0,0,0,0.0,0,0,1,1,49.0,2023-12-18,2024-06-12,1.534516,1.606931,0.07241500000000012,2024.0,21,21,True,4813.0,48,1,177.0,1.0,Q2,2024,-0.3572801987729317
20520,2024-04-13,"Frontier Communications Parent, Inc.","Frontier Communications Parent, Inc.",9,HACK,False,751895,True,"The Maine Office of the Attorney General reported a data breach involving Frontier Communications Parent, Inc. on June 6, 2024. The breach, discovered on April 14, 2024, occurred due to external unauthorized access (hacking), affecting approximately 751,895 individuals, including 139 Maine residents. The compromised information includes Social Security numbers, and Frontier is offering one year of complimentary credit monitoring and identity theft resolution services through Kroll.",2024-06-06 00:00:00,2024-06-01 00:00:00,"{""""Encryption Status"""":""""Unencrypted"""",""""Categories Affected"""":{""""Personal Identifiers"""":{""""Affected"""":""""Yes"""",""""Examples"""":[""""Name"""",""""Social Security Number"""",""""Full Date of Birth""""]},""""Protected Classification Characteristics"""":{""""Affected"""":""""No"""",""""Examples"""":[]},""""Commercial Information"""":{""""Affected"""":""""No"""",""""Examples"""":[]},""""Biometric Information"""":{""""Affected"""":""""No"""",""""Examples"""":[]},""""Internet or Network Activity"""":{""""Affected"""":""""No"""",""""Examples"""":[]},""""Geolocation Data"""":{""""Affected"""":""""No"""",""""Examples"""":[]},""""Sensory Data"""":{""""Affected"""":""""No"""",""""Examples"""":[]},""""Professional or Employment-Related Information"""":{""""Affected"""":""""No"""",""""Examples"""":[]},""""Education Information"""":{""""Affected"""":""""No"""",""""Examples"""":[]},""""Inferences Drawn from Personal Information"""":{""""Affected"""":""""No"""",""""Examples"""":[]},""""Sensitive Personal Information"""":{""""Affected"""":""""Yes"""",""""Examples"""":[""""Social Security Number""""]},""""Customer Records"""":{""""Affected"""":""""No"""",""""Examples"""":[]}}}",BSO,VERIFIED,EDGAR name: CITIZENS COMMUNICATIONS CO,"CAMPAIGN CH-01: 2 firm-day events collapsed [2024-04-13, 2024-04-14] (Gate 2 signed; record-count gaps not a distinctness signal)",1,Clause (b): parent of regional Form 499 filer subsidiaries (7/28),-7.1544,3.5229,-6.7507,2.9062,38.1275,41.6814,595279.05,606713.46,3.5539,21297.0,FYBR,window,1,9.9376,0.7449,0.0014,0.3443,2,1,54.0,0,0,0.0,0,0,1,1,37.0,2024-04-13,2024-06-06,2.110794,1.518228,-0.5925659999999999,2024.0,21,21,True,4813.0,48,3,54.0,2.0,Q2,2024,-0.5273566668000871
20520,2024-06-10,"Frontier Communications Parent, Inc.","Frontier Communications Parent, Inc.",2,HACK,False,671,True,"The Texas Attorney General reported a data breach involving Frontier Communications Parent, Inc. on June 10, 2024, affecting 88,836 individuals. The breach involved the compromise of names, addresses, Social Security numbers, and dates of birth, with notifications provided to consumers via U.S. Mail.",2024-06-10 00:00:00,2024-06-10 00:00:00,"{""""Encryption Status"""":""""Unencrypted"""",""""Categories Affected"""":{""""Personal Identifiers"""":{""""Affected"""":""""Yes"""",""""Examples"""":[""""Name of individual"""",""""Address"""",""""Social Security Number""""]},""""Protected Classification Characteristics"""":{""""Affected"""":""""No"""",""""Examples"""":[]},""""Commercial Information"""":{""""Affected"""":""""No"""",""""Examples"""":[]},""""Biometric Information"""":{""""Affected"""":""""No"""",""""Examples"""":[]},""""Internet or Network Activity"""":{""""Affected"""":""""No"""",""""Examples"""":[]},""""Geolocation Data"""":{""""Affected"""":""""No"""",""""Examples"""":[]},""""Sensory Data"""":{""""Affected"""":""""No"""",""""Examples"""":[]},""""Professional or Employment-Related Information"""":{""""Affected"""":""""No"""",""""Examples"""":[]},""""Education Information"""":{""""Affected"""":""""No"""",""""Examples"""":[]},""""Inferences Drawn from Personal Information"""":{""""Affected"""":""""No"""",""""Examples"""":[]},""""Sensitive Personal Information"""":{""""Affected"""":""""Yes"""",""""Examples"""":[""""Social Security Number""""]},""""Customer Records"""":{""""Affected"""":""""No"""",""""Examples"""":[]}}}",BSO,VERIFIED,EDGAR name: CITIZENS COMMUNICATIONS CO,"NEAR-DUPLICATE CHAIN CH-02: 2 firm-day events collapsed [2024-06-10, 2024-06-12] (Gate 2 signed; record-count gaps not a distinctness signal)",1,Clause (b): parent of regional Form 499 filer subsidiaries (7/28),-7.2183,3.3666,-7.1382,3.1969,31.7172,18.6373,571320.46,433079.45,-13.0799,21297.0,FYBR,window,1,9.9376,0.7449,0.0014,0.3443,3,2,0.0,0,0,1.0,0,0,0,0,,2024-06-10,2024-06-10,2.088556,1.515058,-0.5734980000000001,2024.0,21,21,True,4813.0,48,12,0.0,3.0,Q2,2024,-0.4997970363827846
27904,2017-09-01,"Delta Air Lines, Inc.","Delta Air Lines, Inc.",1,HACK,False,2827,False,"The Maine Office of the Attorney General reported a data breach involving Delta Air Lines on April 13, 2018. The breach occurred between September 26, 2017, and October 12, 2017, affecting approximately 2,827 residents. The compromised information included names or identifiers combined with social security numbers (SSN), driver's license numbers, and financial account information.",2018-04-13 00:00:00,2017-10,"{""""Encryption Status"""":""""Unencrypted"""",""""Categories Affected"""":{""""Personal Identifiers"""":{""""Affected"""":""""Yes"""",""""Examples"""":[""""Name"""",""""Social Security number"""",""""Driver's license number"""",""""Non-driver identification card number""""]},""""Protected Classification Characteristics"""":{""""Affected"""":""""No"""",""""Examples"""":[]},""""Commercial Information"""":{""""Affected"""":""""No"""",""""Examples"""":[]},""""Biometric Information"""":{""""Affected"""":""""No"""",""""Examples"""":[]},""""Internet or Network Activity"""":{""""Affected"""":""""No"""",""""Examples"""":[]},""""Geolocation Data"""":{""""Affected"""":""""No"""",""""Examples"""":[]},""""Sensory Data"""":{""""Affected"""":""""No"""",""""Examples"""":[]},""""Professional or Employment-Related Information"""":{""""Affected"""":""""No"""",""""Examples"""":[]},""""Education Information"""":{""""Affected"""":""""No"""",""""Examples"""":[]},""""Inferences Drawn from Personal Information"""":{""""Affected"""":""""No"""",""""Examples"""":[]},""""Sensitive Personal Information"""":{""""Affected"""":""""Yes"""",""""Examples"""":[""""Social Security number"""",""""Driver's license number"""",""""Non-driver identification card number"""",""""Financial account number with security code, access code, password, or PIN"""",""""Credit or debit card number with security code, access code, password, or PIN""""]},""""Customer Records"""":{""""Affected"""":""""Yes"""",""""Examples"""":[""""Financial account number"""",""""Credit card number"""",""""Debit card number""""]}}}",BSO,VERIFIED,EDGAR name: DELTA AIR LINES INC /DE/,,0,,2.8261,9.3984,2.7236,9.7373,24.8901,23.3015,2850006.31,4061859.47,-1.5886,91926.0,DAL,window,1,10.8447,0.7603,0.0853,0.2234,0,0,224.0,0,0,0.0,0,0,1,1,52.0,2017-09-01,2018-04-13,1.980448,1.42238,-0.558068,2018.0,21,21,True,4512.0,45,0,224.0,0.0,Q3,2018,8.881784197001252e-16
27904,2017-09-26,"Delta Air Lines, Inc.","Delta Air Lines, Inc.",1,HACK,False,825000,False,"The Oregon Department of Justice reported that Delta Air Lines, Inc. experienced a data breach affecting approximately 825,000 individuals. The breach occurred between September 26, 2017, and October 12, 2017, with the discovery of the breach on March 28, 2018, and notifications sent on April 11 and 12, 2018.",2018-04-13 00:00:00,2017-10-12 00:00:00,"{""""Encryption Status"""":""""Unencrypted"""",""""Categories Affected"""":{""""Personal Identifiers"""":{""""Affected"""":""""UNKN"""",""""Examples"""":[]},""""Protected Classification Characteristics"""":{""""Affected"""":""""UNKN"""",""""Examples"""":[]},""""Commercial Information"""":{""""Affected"""":""""UNKN"""",""""Examples"""":[]},""""Biometric Information"""":{""""Affected"""":""""UNKN"""",""""Examples"""":[]},""""Internet or Network Activity"""":{""""Affected"""":""""UNKN"""",""""Examples"""":[]},""""Geolocation Data"""":{""""Affected"""":""""UNKN"""",""""Examples"""":[]},""""Sensory Data"""":{""""Affected"""":""""UNKN"""",""""Examples"""":[]},""""Professional or Employment-Related Information"""":{""""Affected"""":""""UNKN"""",""""Examples"""":[]},""""Education Information"""":{""""Affected"""":""""UNKN"""",""""Examples"""":[]},""""Inferences Drawn from Personal Information"""":{""""Affected"""":""""UNKN"""",""""Examples"""":[]},""""Sensitive Personal Information"""":{""""Affected"""":""""UNKN"""",""""Examples"""":[]},""""Customer Records"""":{""""Affected"""":""""UNKN"""",""""Examples"""":[]}}}",BSO,VERIFIED,EDGAR name: DELTA AIR LINES INC /DE/,,0,,4.4018,0.2868,4.3354,-0.1087,29.178,29.9104,3927648.2,3009521.14,0.7324,91926.0,DAL,window,1,10.8447,0.7603,0.0853,0.2234,1,1,199.0,0,0,0.0,0,1,1,1,27.0,2017-09-26,2018-04-13,1.980448,1.42238,-0.558068,2018.0,21,21,True,4512.0,45,1,199.0,1.0,Q3,2018,8.881784197001252e-16
33185,2014-01-31,"Equifax, Inc.","Equifax, Inc.",1,HACK,False,14,False,"The New Hampshire Attorney General's Office reported a data breach involving Equifax, Inc. on March 5, 2014. The breach, discovered on January 31, 2014, involved unauthorized inquiries made from a single IP address, potentially affecting fourteen (14) New Hampshire residents. The specific types of information compromised include credit report details, but further specifics are UNKN.",2014-03-05 00:00:00,2014-01-31 00:00:00,"{""""Encryption Status"""":""""Unencrypted"""",""""Categories Affected"""":{""""Personal Identifiers"""":{""""Affected"""":""""Yes"""",""""Examples"""":[""""Home address"""",""""Social Security number"""",""""Account numbers""""]},""""Protected Classification Characteristics"""":{""""Affected"""":""""No"""",""""Examples"""":[]},""""Commercial Information"""":{""""Affected"""":""""No"""",""""Examples"""":[]},""""Biometric Information"""":{""""Affected"""":""""No"""",""""Examples"""":[]},""""Internet or Network Activity"""":{""""Affected"""":""""Yes"""",""""Examples"""":[""""IP address""""]},""""Geolocation Data"""":{""""Affected"""":""""No"""",""""Examples"""":[]},""""Sensory Data"""":{""""Affected"""":""""No"""",""""Examples"""":[]},""""Professional or Employment-Related Information"""":{""""Affected"""":""""No"""",""""Examples"""":[]},""""Education Information"""":{""""Affected"""":""""No"""",""""Examples"""":[]},""""Inferences Drawn from Personal Information"""":{""""Affected"""":""""No"""",""""Examples"""":[]},""""Sensitive Personal Information"""":{""""Affected"""":""""Yes"""",""""Examples"""":[""""Social Security number""""]},""""Customer Records"""":{""""Affected"""":""""No"""",""""Examples"""":[]}}}",BSO,VERIFIED,EDGAR name: EQUIFAX INC,,0,,0.3065,-2.3294,0.2251,-2.5358,19.0422,22.3236,239275.02,253744.18,3.2814,52476.0,EFX,window,1,8.4207,0.4843,0.0775,0.3516,0,0,33.0,0,0,0.0,0,0,0,1,101.0,2014-01-31,2014-03-05,1.567159,1.185687,-0.38147200000000003,2014.0,21,21,True,7323.0,73,0,33.0,0.0,Q1 (smallest),2014,-0.16330985966520606
33185,2016-01-01,TALX Corporation,TALX Corporation,3,HACK,False,40645,True,"On May 15, 2017, the Iowa Attorney General's Office reported a data breach involving TALX Corporation, a subsidiary of Equifax Inc. The breach, discovered on February 1, 2017, involved unauthorized access to accounts of Allegis Group employees, potentially affecting personal information of 613 Iowa residents, including names, addresses, Social Security numbers, and payroll information.",2017-05-15 00:00:00,2017-03-29 00:00:00,"{""""Encryption Status"""":""""Unencrypted"""",""""Categories Affected"""":{""""Personal Identifiers"""":{""""Affected"""":""""Yes"""",""""Examples"""":[""""Name"""",""""Address"""",""""Date of birth"""",""""Social Security number"""",""""Employee identification number"""",""""Email address"""",""""Phone number""""]},""""Protected Classification Characteristics"""":{""""Affected"""":""""Yes"""",""""Examples"""":[""""Gender"""",""""Marital status""""]},""""Commercial Information"""":{""""Affected"""":""""Yes"""",""""Examples"""":[""""Wage information"""",""""Direct deposit information"""",""""Earnings information""""]},""""Biometric Information"""":{""""Affected"""":""""No"""",""""Examples"""":[]},""""Internet or Network Activity"""":{""""Affected"""":""""No"""",""""Examples"""":[]},""""Geolocation Data"""":{""""Affected"""":""""No"""",""""Examples"""":[]},""""Sensory Data"""":{""""Affected"""":""""No"""",""""Examples"""":[]},""""Professional or Employment-Related Information"""":{""""Affected"""":""""Yes"""",""""Examples"""":[""""Employee identification number""""]},""""Education Information"""":{""""Affected"""":""""No"""",""""Examples"""":[]},""""Inferences Drawn from Personal Information"""":{""""Affected"""":""""No"""",""""Examples"""":[]},""""Sensitive Personal Information"""":{""""Affected"""":""""Yes"""",""""Examples"""":[""""Social Security number""""]},""""Customer Records"""":{""""Affected"""":""""No"""",""""Examples"""":[]}}}",BSO,VERIFIED,Gate2 CH-21: TALX filings end 2007 (SEC-verified); 2016 breaches under Equifax ownership; parent-map via EFX,"NEAR-DUPLICATE CHAIN CH-21: 2 firm-day events collapsed [2016-01-01, 2016-01-04] (Gate 2 signed; record-count gaps not a distinctness signal)",0,,-2.6338,-3.166,-2.4922,-3.2318,23.3554,30.0702,283626.53,230961.17,6.7148,52476.0,EFX,window,1,8.4138,0.4787,0.0952,0.344,1,0,500.0,0,0,0.0,0,0,0,0,,2016-01-01,2017-05-15,0.863268,0.874699,0.011430999999999969,2017.0,21,21,True,7323.0,73,1,500.0,1.0,Q1 (smallest),2017,-0.0038296330624698616
33185,2016-04-18,TALX Corporation,TALX Corporation,2,DISC+HACK,True,12,True,"On July 21, 2017, the New Hampshire Attorney General's Office reported a data breach involving TALX Corporation, a subsidiary of Equifax, Inc. The breach potentially exposed personal information of some New Hampshire residents who are employees or former employees of Whole Foods Market, occurring between April 18, 2016, and April 23, 2017. Approximately 12 New Hampshire residents were notified, and the compromised information may include names, Social Security numbers, and earnings information.",2017-07-21 00:00:00,2017-07-17 00:00:00,"{""""Encryption Status"""":""""Unencrypted"""",""""Categories Affected"""":{""""Personal Identifiers"""":{""""Affected"""":""""Yes"""",""""Examples"""":[""""Name"""",""""Social Security number"""",""""Address"""",""""Phone number"""",""""Date of birth"""",""""Team member identification number"""",""""Email address""""]},""""Protected Classification Characteristics"""":{""""Affected"""":""""Yes"""",""""Examples"""":[""""Gender"""",""""Marital status""""]},""""Commercial Information"""":{""""Affected"""":""""No"""",""""Examples"""":[]},""""Biometric Information"""":{""""Affected"""":""""No"""",""""Examples"""":[]},""""Internet or Network Activity"""":{""""Affected"""":""""No"""",""""Examples"""":[]},""""Geolocation Data"""":{""""Affected"""":""""No"""",""""Examples"""":[]},""""Sensory Data"""":{""""Affected"""":""""No"""",""""Examples"""":[]},""""Professional or Employment-Related Information"""":{""""Affected"""":""""Yes"""",""""Examples"""":[""""Team member identification number""""]},""""Education Information"""":{""""Affected"""":""""No"""",""""Examples"""":[]},""""Inferences Drawn from Personal Information"""":{""""Affected"""":""""No"""",""""Examples"""":[]},""""Sensitive Personal Information"""":{""""Affected"""":""""Yes"""",""""Examples"""":[""""Social Security number""""]},""""Customer Records"""":{""""Affected"""":""""Yes"""",""""Examples"""":[""""Phone number"""",""""Email address""""]}}}",BSO,VERIFIED,Gate2 CH-21: TALX filings end 2007 (SEC-verified); 2016 breaches under Equifax ownership; parent-map via EFX,,0,,-0.5003,6.9168,-0.5105,7.1598,13.9696,16.2039,233045.15,454056.74,2.2343,52476.0,EFX,window,1,8.4138,0.4787,0.0952,0.344,2,1,459.0,0,0,0.0,0,0,0,1,154.0,2016-04-18,2017-07-21,0.834865,0.912903,0.07803800000000005,2017.0,21,21,True,7323.0,73,4,459.0,2.0,Q1 (smallest),2017,0.0259369646465053
33185,2017-03-09,TALX Corporation,TALX Corporation,1,DISC,False,4,False,"On May 19, 2017, the New Hampshire Office of the Attorney General reported a data breach involving TALX Corporation, a subsidiary of Equifax Inc. The breach, discovered on March 9, 2017, involved unauthorized access to employee accounts of Erickson Living, potentially affecting personal information of two New Hampshire residents. TALX notified affected individuals and offered two years of identity protection services.",2017-05-19 00:00:00,2017-03-29 00:00:00,"{""""Encryption Status"""":""""Unencrypted"""",""""Categories Affected"""":{""""Personal Identifiers"""":{""""Affected"""":""""Yes"""",""""Examples"""":[""""Employee account login credentials"""",""""Personal questions used to reset PINs""""]},""""Protected Classification Characteristics"""":{""""Affected"""":""""No"""",""""Examples"""":[]},""""Commercial Information"""":{""""Affected"""":""""No"""",""""Examples"""":[]},""""Biometric Information"""":{""""Affected"""":""""No"""",""""Examples"""":[]},""""Internet or Network Activity"""":{""""Affected"""":""""No"""",""""Examples"""":[]},""""Geolocation Data"""":{""""Affected"""":""""No"""",""""Examples"""":[]},""""Sensory Data"""":{""""Affected"""":""""No"""",""""Examples"""":[]},""""Professional or Employment-Related Information"""":{""""Affected"""":""""Yes"""",""""Examples"""":[""""Employee accounts"""",""""W-2 tax forms""""]},""""Education Information"""":{""""Affected"""":""""No"""",""""Examples"""":[]},""""Inferences Drawn from Personal Information"""":{""""Affected"""":""""No"""",""""Examples"""":[]},""""Sensitive Personal Information"""":{""""Affected"""":""""Yes"""",""""Examples"""":[""""W-2 tax forms""""]},""""Customer Records"""":{""""Affected"""":""""No"""",""""Examples"""":[]}}}",BSO,VERIFIED,Gate2 CH-21: TALX filings end 2007 (SEC-verified); 2016 breaches under Equifax ownership; parent-map via EFX,,0,,1.4125,4.0348,1.4324,4.0951,18.6098,9.2661,437152.31,323436.47,-9.3437,52476.0,EFX,window,1,8.8045,0.5916,0.0733,0.3558,3,1,71.0,0,0,0.0,0,0,0,0,,2017-03-09,2017-05-19,0.889471,0.863462,-0.02600900000000006,2017.0,21,21,True,7323.0,73,6,71.0,3.0,Q2,2017,-0.010612931287057314
40704,2022-11-18,"General Mills, Inc.","General Mills, Inc.",1,HACK,False,49000,False,"The Washington State Office of the Attorney General reported a data breach involving General Mills, Inc. on January 12, 2023. The breach, which occurred between November 18 and December 31, 2022, compromised the names and full dates of birth of approximately 18,268 users.",2023-01-12 00:00:00,2022-12-31 00:00:00,"{""""Encryption Status"""":""""Unencrypted"""",""""Categories Affected"""":{""""Personal Identifiers"""":{""""Affected"""":""""Yes"""",""""Examples"""":[""""Full name""""]},""""Protected Classification Characteristics"""":{""""Affected"""":""""Yes"""",""""Examples"""":[""""Gender""""]},""""Commercial Information"""":{""""Affected"""":""""No"""",""""Examples"""":[]},""""Biometric Information"""":{""""Affected"""":""""No"""",""""Examples"""":[]},""""Internet or Network Activity"""":{""""Affected"""":""""No"""",""""Examples"""":[]},""""Geolocation Data"""":{""""Affected"""":""""No"""",""""Examples"""":[]},""""Sensory Data"""":{""""Affected"""":""""No"""",""""Examples"""":[]},""""Professional or Employment-Related Information"""":{""""Affected"""":""""No"""",""""Examples"""":[]},""""Education Information"""":{""""Affected"""":""""No"""",""""Examples"""":[]},""""Inferences Drawn from Personal Information"""":{""""Affected"""":""""No"""",""""Examples"""":[]},""""Sensitive Personal Information"""":{""""Affected"""":""""Yes"""",""""Examples"""":[""""Full date of birth""""]},""""Customer Records"""":{""""Affected"""":""""Yes"""",""""Examples"""":[""""Street address"""",""""Zip code"""",""""Phone number""""]}}}",BSO,VERIFIED,EDGAR name: GENERAL MILLS INC,,0,,3.5559,7.3026,3.6341,7.3184,19.7209,17.3797,1397910.39,3053605.65,-2.3412,17144.0,GIS,window,1,10.3446,0.653,0.0871,0.2054,0,0,55.0,0,0,0.0,0,0,0,1,168.0,2022-11-18,2023-01-12,1.497829,1.227046,-0.270783,2023.0,21,21,True,2040.0,20,0,55.0,0.0,Q3,2023,1.3436261214749834e-08
43196,2016-02-16,"Gray Television, Inc.","Gray Television, Inc.",1,PORT,False,65,False,"On August 31, 2016, the Montana Department of Justice reported that Gray Television, Inc. experienced a data breach involving potential compromise of employee information on August 12, 2016. The breach potentially affected the unencrypted personal data of employees, including names, social security numbers, and compensation details, but the number of affected individuals is unknown. Gray Television has not confirmed data access but is offering free credit monitoring services to those affected.",2016-08-31 00:00:00,2016-07-07 00:00:00,"{""""Encryption Status"""":""""Unencrypted"""",""""Categories Affected"""":{""""Personal Identifiers"""":{""""Affected"""":""""Yes"""",""""Examples"""":[""""Employee number"""",""""Employee name"""",""""Social Security number""""]},""""Protected Classification Characteristics"""":{""""Affected"""":""""No"""",""""Examples"""":[]},""""Commercial Information"""":{""""Affected"""":""""No"""",""""Examples"""":[]},""""Biometric Information"""":{""""Affected"""":""""No"""",""""Examples"""":[]},""""Internet or Network Activity"""":{""""Affected"""":""""No"""",""""Examples"""":[]},""""Geolocation Data"""":{""""Affected"""":""""No"""",""""Examples"""":[]},""""Sensory Data"""":{""""Affected"""":""""No"""",""""Examples"""":[]},""""Professional or Employment-Related Information"""":{""""Affected"""":""""Yes"""",""""Examples"""":[""""Position title"""",""""Station name"""",""""State"""",""""Compensation code"""",""""Gray’s system income code and income description"""",""""Hours paid"""",""""Amount paid""""]},""""Education Information"""":{""""Affected"""":""""No"""",""""Examples"""":[]},""""Inferences Drawn from Personal Information"""":{""""Affected"""":""""No"""",""""Examples"""":[]},""""Sensitive Personal Information"""":{""""Affected"""":""""Yes"""",""""Examples"""":[""""Social Security number""""]},""""Customer Records"""":{""""Affected"""":""""No"""",""""Examples"""":[]}}}",BSO,VERIFIED,EDGAR name: GRAY COMMUNICATIONS SYSTEMS INC /GA/,,0,,3.7432,4.0883,3.6258,3.0755,63.2141,51.7502,200893.32,378181.75,-11.4639,83989.0,GTN,window,1,7.67,0.7997,0.0183,0.3267,0,0,197.0,0,0,0.0,0,0,0,1,135.0,2016-02-16,2016-08-31,3.527171,2.865163,-0.6620080000000002,2016.0,21,21,True,4833.0,48,0,197.0,0.0,Q1 (smallest),2016,-0.24424649675973775
43196,2016-08-08,Gray Television,"Gray Television | Gray Television Inc | Gray Television, Inc.",3,PORT,False,470000,True,"The Maine Office of the Attorney General reported a data breach involving Gray Television on August 31, 2016. The breach was notified on August 12, 2016, and affected 35 residents, compromising various employee information including names, titles, social security numbers, and compensation details.",2016-08-31 00:00:00,2016-08-08 00:00:00,"{""""Encryption Status"""":""""Unencrypted"""",""""Categories Affected"""":{""""Personal Identifiers"""":{""""Affected"""":""""Yes"""",""""Examples"""":[""""Employee number"""",""""Name"""",""""Position title"""",""""Station name"""",""""State"""",""""Social Security number""""]},""""Protected Classification Characteristics"""":{""""Affected"""":""""No"""",""""Examples"""":[]},""""Commercial Information"""":{""""Affected"""":""""No"""",""""Examples"""":[]},""""Biometric Information"""":{""""Affected"""":""""No"""",""""Examples"""":[]},""""Internet or Network Activity"""":{""""Affected"""":""""No"""",""""Examples"""":[]},""""Geolocation Data"""":{""""Affected"""":""""No"""",""""Examples"""":[]},""""Sensory Data"""":{""""Affected"""":""""No"""",""""Examples"""":[]},""""Professional or Employment-Related Information"""":{""""Affected"""":""""Yes"""",""""Examples"""":[""""Position title"""",""""Station name"""",""""State"""",""""Compensation code"""",""""Income code"""",""""Income description"""",""""Hours paid"""",""""Amount paid""""]},""""Education Information"""":{""""Affected"""":""""No"""",""""Examples"""":[]},""""Inferences Drawn from Personal Information"""":{""""Affected"""":""""No"""",""""Examples"""":[]},""""Sensitive Personal Information"""":{""""Affected"""":""""Yes"""",""""Examples"""":[""""Social Security number""""]},""""Customer Records"""":{""""Affected"""":""""No"""",""""Examples"""":[]}}}",BSO,VERIFIED,EDGAR name: GRAY COMMUNICATIONS SYSTEMS INC /GA/,"NEAR-DUPLICATE CHAIN CH-03: 3 firm-day events collapsed [2016-08-08, 2016-08-10, 2016-08-12] (Gate 2 signed; record-count gaps not a distinctness signal)",0,,5.0239,-9.495,5.004,-9.5959,53.2749,24.2589,625764.31,223433.28,-29.016,83989.0,GTN,window,1,7.67,0.7997,0.0183,0.3267,1,1,23.0,0,0,0.0,0,0,1,1,44.0,2016-08-08,2016-08-31,3.527171,2.865163,-0.6620080000000002,2016.0,21,21,True,4833.0,48,1,23.0,1.0,Q1 (smallest),2016,-0.24424649675973775
43196,2021-09-01,"Gray Television, Inc.","Gray Television, Inc.",1,HACK,False,13,False,"The Indiana Office of the Attorney General reported a data breach involving Gray Television, Inc on February 21, 2022. The breach occurred on September 1, 2021, affecting a total of 507 individuals, including 13 residents.",2022-02-21 00:00:00,2021-09-01 00:00:00,"{""""Encryption Status"""":""""Unencrypted"""",""""Categories Affected"""":{""""Personal Identifiers"""":{""""Affected"""":""""UNKN"""",""""Examples"""":[]},""""Protected Classification Characteristics"""":{""""Affected"""":""""UNKN"""",""""Examples"""":[]},""""Commercial Information"""":{""""Affected"""":""""UNKN"""",""""Examples"""":[]},""""Biometric Information"""":{""""Affected"""":""""UNKN"""",""""Examples"""":[]},""""Internet or Network Activity"""":{""""Affected"""":""""UNKN"""",""""Examples"""":[]},""""Geolocation Data"""":{""""Affected"""":""""UNKN"""",""""Examples"""":[]},""""Sensory Data"""":{""""Affected"""":""""UNKN"""",""""Examples"""":[]},""""Professional or Employment-Related Information"""":{""""Affected"""":""""UNKN"""",""""Examples"""":[]},""""Education Information"""":{""""Affected"""":""""UNKN"""",""""Examples"""":[]},""""Inferences Drawn from Personal Information"""":{""""Affected"""":""""UNKN"""",""""Examples"""":[]},""""Sensitive Personal Information"""":{""""Affected"""":""""UNKN"""",""""Examples"""":[]},""""Customer Records"""":{""""Affected"""":""""UNKN"""",""""Examples"""":[]}}}",BSO,VERIFIED,EDGAR name: GRAY COMMUNICATIONS SYSTEMS INC /GA/,,0,,-6.3297,5.1747,-6.1899,4.8384,24.5558,33.7125,150031.73,183289.17,9.1567,83989.0,GTN,window,1,8.9415,0.6856,0.0536,0.3881,2,0,173.0,0,0,0.0,0,0,0,0,,2021-09-01,2022-02-21,2.202203,2.318189,0.11598599999999992,2022.0,21,21,True,4833.0,48,4,173.0,2.0,Q2,2022,0.11501652728831546
47111,2023-09-03,The Hershey Company,The Hershey Company,1,HACK,False,1,False,"The New Hampshire Department of Justice reported a data breach involving The Hershey Company on December 7, 2023. The breach occurred on September 3, 2023, when unauthorized access was gained to certain email accounts, potentially affecting around 1 New Hampshire resident's personal information.",2023-12-07 00:00:00,2023-09-04 00:00:00,"{""""Encryption Status"""":""""Unencrypted"""",""""Categories Affected"""":{""""Personal Identifiers"""":{""""Affected"""":""""Yes"""",""""Examples"""":[""""First and last name"""",""""Date of birth"""",""""Address and contact information"""",""""Driver's license number"""",""""Digital signature""""]},""""Protected Classification Characteristics"""":{""""Affected"""":""""No"""",""""Examples"""":[]},""""Commercial Information"""":{""""Affected"""":""""No"""",""""Examples"""":[]},""""Biometric Information"""":{""""Affected"""":""""No"""",""""Examples"""":[]},""""Internet or Network Activity"""":{""""Affected"""":""""No"""",""""Examples"""":[]},""""Geolocation Data"""":{""""Affected"""":""""No"""",""""Examples"""":[]},""""Sensory Data"""":{""""Affected"""":""""No"""",""""Examples"""":[]},""""Professional or Employment-Related Information"""":{""""Affected"""":""""No"""",""""Examples"""":[]},""""Education Information"""":{""""Affected"""":""""No"""",""""Examples"""":[]},""""Inferences Drawn from Personal Information"""":{""""Affected"""":""""No"""",""""Examples"""":[]},""""Sensitive Personal Information"""":{""""Affected"""":""""Yes"""",""""Examples"""":[""""Health and medical information"""",""""Health insurance information"""",""""Driver's license number"""",""""Credit card number with passcode or security code"""",""""Credentials for online accounts and financial accounts including routing numbers""""]},""""Customer Records"""":{""""Affected"""":""""Yes"""",""""Examples"""":[""""Digital signature"""",""""Address and contact information"""",""""Date of birth"""",""""Driver's license number"""",""""Credit card number with passcode or security code""""]}}}",BSO,VERIFIED,EDGAR name: HERSHEY CO,,0,,-0.6972,-7.7287,-0.7033,-7.2623,16.1823,15.0404,367084.1,438250.66,-1.1419,16600.0,HSY,window,1,9.301,0.6986,0.1502,0.2553,0,0,95.0,0,0,0.0,1,0,0,0,,2023-09-03,2023-12-07,1.077638,1.30202,0.22438199999999986,2023.0,21,21,True,2060.0,20,0,95.0,0.0,Q2,2023,-7.486445380067153e-06
47217,2007-07-01,Hewlett-Packard Company,Hewlett-Packard Company,1,PORT,False,10,False,"The New Hampshire Department of Justice reported a data breach involving Hewlett-Packard Company on August 16, 2007. The breach occurred due to the loss of a laptop containing personal information of 1,425 former Mercury Interactive employees, including names, Social Security numbers, and addresses. The incident is under investigation by law enforcement and the company is offering credit monitoring services to affected individuals.",2007-08-16 00:00:00,2007-08-17 00:00:00,"{""""Encryption Status"""":""""Unencrypted"""",""""Categories Affected"""":{""""Personal Identifiers"""":{""""Affected"""":""""Yes"""",""""Examples"""":[""""Name"""",""""Address"""",""""Social Security number"""",""""Date of birth"""",""""Citizenship"""",""""Username""""]},""""Protected Classification Characteristics"""":{""""Affected"""":""""Yes"""",""""Examples"""":[""""Citizenship""""]},""""Commercial Information"""":{""""Affected"""":""""Yes"""",""""Examples"""":[""""Compensation information""""]},""""Biometric Information"""":{""""Affected"""":""""No"""",""""Examples"""":[]},""""Internet or Network Activity"""":{""""Affected"""":""""No"""",""""Examples"""":[]},""""Geolocation Data"""":{""""Affected"""":""""No"""",""""Examples"""":[]},""""Sensory Data"""":{""""Affected"""":""""No"""",""""Examples"""":[]},""""Professional or Employment-Related Information"""":{""""Affected"""":""""No"""",""""Examples"""":[]},""""Education Information"""":{""""Affected"""":""""No"""",""""Examples"""":[]},""""Inferences Drawn from Personal Information"""":{""""Affected"""":""""No"""",""""Examples"""":[]},""""Sensitive Personal Information"""":{""""Affected"""":""""Yes"""",""""Examples"""":[""""Social Security number""""]},""""Customer Records"""":{""""Affected"""":""""No"""",""""Examples"""":[]}}}",BSO,VERIFIED,EDGAR name: HEWLETT PACKARD CO,,0,,-0.1074,11.6478,-0.1186,11.4209,12.801,21.1974,2924477.86,4599071.78,8.3964,27828.0,HPQ,window,1,11.3142,0.5347,0.0756,0.099,0,0,46.0,0,0,0.0,0,0,0,0,,2007-07-01,2007-08-16,1.936611,1.574588,-0.362023,2007.0,21,21,True,3570.0,35,0,46.0,0.0,Q3,2007,0.1879365292412869
47217,2007-08-16,Hewlett Packard Company,Hewlett Packard Company,1,PORT,False,1,False,"The Massachusetts Office of Consumer Affairs and Business Regulation reported a data breach involving Hewlett Packard Company on August 16, 2007. The breach affected 52 residents and involved the exposure of electronic records, specifically Social Security Numbers (SSNs).",2007-08-16 00:00:00,2007-08-16 00:00:00,"{""""Encryption Status"""":""""Unencrypted"""",""""Categories Affected"""":{""""Personal Identifiers"""":{""""Affected"""":""""Yes"""",""""Examples"""":[""""Social Security Number""""]},""""Protected Classification Characteristics"""":{""""Affected"""":""""No"""",""""Examples"""":[]},""""Commercial Information"""":{""""Affected"""":""""No"""",""""Examples"""":[]},""""Biometric Information"""":{""""Affected"""":""""No"""",""""Examples"""":[]},""""Internet or Network Activity"""":{""""Affected"""":""""No"""",""""Examples"""":[]},""""Geolocation Data"""":{""""Affected"""":""""No"""",""""Examples"""":[]},""""Sensory Data"""":{""""Affected"""":""""No"""",""""Examples"""":[]},""""Professional or Employment-Related Information"""":{""""Affected"""":""""No"""",""""Examples"""":[]},""""Education Information"""":{""""Affected"""":""""No"""",""""Examples"""":[]},""""Inferences Drawn from Personal Information"""":{""""Affected"""":""""No"""",""""Examples"""":[]},""""Sensitive Personal Information"""":{""""Affected"""":""""Yes"""",""""Examples"""":[""""Social Security Number""""]},""""Customer Records"""":{""""Affected"""":""""No"""",""""Examples"""":[]}}}",BSO,VERIFIED,EDGAR name: HEWLETT PACKARD CO,,0,,-0.8637,-1.2343,-0.9407,-1.4915,30.3464,25.8943,4380897.21,6443899.81,-4.4521,27828.0,HPQ,window,1,11.3142,0.5347,0.0756,0.099,1,1,0.0,0,0,1.0,0,0,0,1,161.0,2007-08-16,2007-08-16,1.936611,1.574588,-0.362023,2007.0,21,21,True,3570.0,35,1,0.0,1.0,Q3,2007,0.1879365292412869
47217,2008-12-04,Hewlett-Packard Company,Hewlett-Packard Company,1,PORT,False,926,False,"On December 4, 2008, the New Hampshire Attorney General reported a data security incident involving Hewlett-Packard Company, where a laptop containing personal information such as names and Social Security numbers of approximately 926 New Hampshire residents was stolen. The organization is cooperating with law enforcement to recover the laptop.",2008-12-04 00:00:00,2008-12-04 00:00:00,"{""""Encryption Status"""":""""Unencrypted"""",""""Categories Affected"""":{""""Personal Identifiers"""":{""""Affected"""":""""Yes"""",""""Examples"""":[""""Names"""",""""Social Security numbers""""]},""""Protected Classification Characteristics"""":{""""Affected"""":""""No"""",""""Examples"""":[]},""""Commercial Information"""":{""""Affected"""":""""No"""",""""Examples"""":[]},""""Biometric Information"""":{""""Affected"""":""""No"""",""""Examples"""":[]},""""Internet or Network Activity"""":{""""Affected"""":""""No"""",""""Examples"""":[]},""""Geolocation Data"""":{""""Affected"""":""""No"""",""""Examples"""":[]},""""Sensory Data"""":{""""Affected"""":""""No"""",""""Examples"""":[]},""""Professional or Employment-Related Information"""":{""""Affected"""":""""No"""",""""Examples"""":[]},""""Education Information"""":{""""Affected"""":""""No"""",""""Examples"""":[]},""""Inferences Drawn from Personal Information"""":{""""Affected"""":""""No"""",""""Examples"""":[]},""""Sensitive Personal Information"""":{""""Affected"""":""""Yes"""",""""Examples"""":[""""Social Security numbers""""]},""""Customer Records"""":{""""Affected"""":""""No"""",""""Examples"""":[]}}}",BSO,VERIFIED,EDGAR name: HEWLETT PACKARD CO,,0,,-0.7964,1.5121,-0.778,1.2056,87.5503,38.146,11514815.39,4985679.15,-49.4043,27828.0,HPQ,window,1,11.6381,0.6564,0.0735,0.1199,2,0,0.0,0,0,1.0,0,0,1,1,47.0,2008-12-04,2008-12-04,5.299766,2.650534,-2.649232,2008.0,21,21,True,3570.0,35,2,0.0,2.0,Q4 (largest),2008,-1.7236945166023911
47217,2008-12-08,Hewlett-Packard Company,Hewlett-Packard Company,1,PORT,False,12,False,"The Massachusetts Office of Consumer Affairs and Business Regulation reported a data breach involving Hewlett-Packard Company on December 8, 2008. The breach affected 5,039 residents and involved the compromise of electronic records, specifically Social Security Numbers (SSNs).",2008-12-08 00:00:00,2008-12-08 00:00:00,"{""""Encryption Status"""":""""Unencrypted"""",""""Categories Affected"""":{""""Personal Identifiers"""":{""""Affected"""":""""Yes"""",""""Examples"""":[""""Social Security number""""]},""""Protected Classification Characteristics"""":{""""Affected"""":""""No"""",""""Examples"""":[]},""""Commercial Information"""":{""""Affected"""":""""No"""",""""Examples"""":[]},""""Biometric Information"""":{""""Affected"""":""""No"""",""""Examples"""":[]},""""Internet or Network Activity"""":{""""Affected"""":""""No"""",""""Examples"""":[]},""""Geolocation Data"""":{""""Affected"""":""""No"""",""""Examples"""":[]},""""Sensory Data"""":{""""Affected"""":""""No"""",""""Examples"""":[]},""""Professional or Employment-Related Information"""":{""""Affected"""":""""No"""",""""Examples"""":[]},""""Education Information"""":{""""Affected"""":""""No"""",""""Examples"""":[]},""""Inferences Drawn from Personal Information"""":{""""Affected"""":""""No"""",""""Examples"""":[]},""""Sensitive Personal Information"""":{""""Affected"""":""""Yes"""",""""Examples"""":[""""Social Security number""""]},""""Customer Records"""":{""""Affected"""":""""No"""",""""Examples"""":[]}}}",BSO,VERIFIED,EDGAR name: HEWLETT PACKARD CO,,0,,4.2775,9.6916,4.2693,9.5052,78.7521,46.1952,11665921.62,6121778.24,-32.5569,27828.0,HPQ,window,1,11.6381,0.6564,0.0735,0.1199,3,1,0.0,0,0,1.0,0,0,1,1,43.0,2008-12-08,2008-12-08,5.213466,2.656847,-2.5566190000000004,2008.0,21,21,True,3570.0,35,3,0.0,3.0,Q4 (largest),2008,-1.7755962425458613
47217,2010-02-09,Hewlett-Packard Company,Hewlett-Packard Company,1,HACK,False,4,False,"The Massachusetts Office of Consumer Affairs and Business Regulation reported on February 9, 2010, that Hewlett-Packard Company experienced a data breach affecting 1 resident. The compromised information includes electronic records with Social Security Numbers (SSN).",2010-02-09 00:00:00,2010-02-09 00:00:00,"{""""Encryption Status"""":""""Unencrypted"""",""""Categories Affected"""":{""""Personal Identifiers"""":{""""Affected"""":""""Yes"""",""""Examples"""":[""""Social Security number""""]},""""Protected Classification Characteristics"""":{""""Affected"""":""""No"""",""""Examples"""":[]},""""Commercial Information"""":{""""Affected"""":""""No"""",""""Examples"""":[]},""""Biometric Information"""":{""""Affected"""":""""No"""",""""Examples"""":[]},""""Internet or Network Activity"""":{""""Affected"""":""""No"""",""""Examples"""":[]},""""Geolocation Data"""":{""""Affected"""":""""No"""",""""Examples"""":[]},""""Sensory Data"""":{""""Affected"""":""""No"""",""""Examples"""":[]},""""Professional or Employment-Related Information"""":{""""Affected"""":""""No"""",""""Examples"""":[]},""""Education Information"""":{""""Affected"""":""""No"""",""""Examples"""":[]},""""Inferences Drawn from Personal Information"""":{""""Affected"""":""""No"""",""""Examples"""":[]},""""Sensitive Personal Information"""":{""""Affected"""":""""Yes"""",""""Examples"""":[""""Social Security number""""]},""""Customer Records"""":{""""Affected"""":""""No"""",""""Examples"""":[]}}}",BSO,VERIFIED,EDGAR name: HEWLETT PACKARD CO,,0,,0.5764,0.14,0.5946,0.1318,25.3845,13.5109,4347948.57,3824792.63,-11.8736,27828.0,HPQ,window,1,11.6509,0.6471,0.0667,0.1379,4,0,0.0,0,0,1.0,0,0,1,1,42.0,2010-02-09,2010-02-09,1.53555,0.734447,-0.801103,2010.0,21,21,True,3570.0,35,4,0.0,4.0,Q4 (largest),2010,-0.035485872939772456
51143,2007-02-23,IBM,IBM,1,PHYS,False,19,False,"The New Hampshire Department of Justice reported on April 26, 2007, that IBM experienced a data breach involving the loss of data tapes containing archival employment-related information on current and former IBM employees, including Social Security numbers. The breach affected 1,468 New Hampshire residents, and the vendor has implemented remedial measures to prevent recurrence.",2007-04-26 00:00:00,2007-02-23 00:00:00,"{""""Encryption Status"""":""""Unencrypted"""",""""Categories Affected"""":{""""Personal Identifiers"""":{""""Affected"""":""""Yes"""",""""Examples"""":[""""Social Security number"""",""""Dates of employment"""",""""Birth date"""",""""Address""""]},""""Protected Classification Characteristics"""":{""""Affected"""":""""No"""",""""Examples"""":[]},""""Commercial Information"""":{""""Affected"""":""""No"""",""""Examples"""":[]},""""Biometric Information"""":{""""Affected"""":""""No"""",""""Examples"""":[]},""""Internet or Network Activity"""":{""""Affected"""":""""No"""",""""Examples"""":[]},""""Geolocation Data"""":{""""Affected"""":""""No"""",""""Examples"""":[]},""""Sensory Data"""":{""""Affected"""":""""No"""",""""Examples"""":[]},""""Professional or Employment-Related Information"""":{""""Affected"""":""""Yes"""",""""Examples"""":[""""Employment-related information"""",""""IBM work history"""",""""Dates of employment""""]},""""Education Information"""":{""""Affected"""":""""No"""",""""Examples"""":[]},""""Inferences Drawn from Personal Information"""":{""""Affected"""":""""No"""",""""Examples"""":[]},""""Sensitive Personal Information"""":{""""Affected"""":""""Yes"""",""""Examples"""":[""""Social Security number""""]},""""Customer Records"""":{""""Affected"""":""""No"""",""""Examples"""":[]}}}",BSO,VERIFIED-GATE1,Gate1-G rescue: acronym defeated exact match; documented acronym mapping (ticker IBM -> CIK 51143),,0,,-3.1025,-1.5889,-2.912,-1.5724,14.5025,18.4404,4407201.28,2584997.46,3.9379,12490.0,IBM,window,1,11.5448,0.7239,0.0919,0.1926,0,0,62.0,0,0,0.0,0,0,0,1,123.0,2007-02-23,2007-04-26,0.86526,0.945769,0.08050899999999994,2007.0,21,21,True,7370.0,73,0,62.0,0.0,Q3,2007,8.936137385617826e-10
51143,2011-04-14,IBM,IBM,1,HACK,False,1900000,False,"The U.S. Department of Health and Human Services reported a data breach involving IBM on April 14, 2011, affecting a total of 1,900,000 individuals. The specific type of breach is unknown, and the location of the breached information is listed as 'Other' in New York (NY).",2011-04-14 00:00:00,2011-04-14 00:00:00,"{""""Encryption Status"""":""""UNKN"""",""""Categories Affected"""":{""""Personal Identifiers"""":{""""Affected"""":""""UNKN"""",""""Examples"""":[]},""""Protected Classification Characteristics"""":{""""Affected"""":""""UNKN"""",""""Examples"""":[]},""""Commercial Information"""":{""""Affected"""":""""UNKN"""",""""Examples"""":[]},""""Biometric Information"""":{""""Affected"""":""""UNKN"""",""""Examples"""":[]},""""Internet or Network Activity"""":{""""Affected"""":""""UNKN"""",""""Examples"""":[]},""""Geolocation Data"""":{""""Affected"""":""""UNKN"""",""""Examples"""":[]},""""Sensory Data"""":{""""Affected"""":""""UNKN"""",""""Examples"""":[]},""""Professional or Employment-Related Information"""":{""""Affected"""":""""UNKN"""",""""Examples"""":[]},""""Education Information"""":{""""Affected"""":""""UNKN"""",""""Examples"""":[]},""""Inferences Drawn from Personal Information"""":{""""Affected"""":""""UNKN"""",""""Examples"""":[]},""""Sensitive Personal Information"""":{""""Affected"""":""""UNKN"""",""""Examples"""":[]},""""Customer Records"""":{""""Affected"""":""""UNKN"""",""""Examples"""":[]}}}",BSO,VERIFIED-GATE1,Gate1-G rescue: acronym defeated exact match; documented acronym mapping (ticker IBM -> CIK 51143),,0,,0.7596,1.432,0.7688,1.4368,19.1045,14.5517,2313444.08,1566125.26,-4.5528,12490.0,IBM,window,1,11.6391,0.7958,0.1307,0.2361,1,0,0.0,0,0,1.0,0,0,0,0,,2011-04-14,2011-04-14,1.244553,0.922661,-0.32189200000000007,2011.0,21,21,True,7370.0,73,1,0.0,1.0,Q4 (largest),2011,-0.24373037586458435
73309,2023-05-26,Nucor Corporation,Nucor Corporation,3,HACK,False,8824,True,"The Maryland Office of the Attorney General reported on June 28, 2023, that Nucor Corporation experienced unauthorized access to personal information affecting four Maryland residents. The breach occurred between approximately May 26, 2023, and June 1, 2023, due to a vulnerability in the MOVEit file transfer system, compromising names, bank account numbers, amounts deposited, and routing numbers.",2023-06-28 00:00:00,2023-06-01 00:00:00,"{""""Encryption Status"""":""""Unencrypted"""",""""Categories Affected"""":{""""Personal Identifiers"""":{""""Affected"""":""""Yes"""",""""Examples"""":[""""Name"""",""""Bank account number"""",""""Routing number""""]},""""Protected Classification Characteristics"""":{""""Affected"""":""""No"""",""""Examples"""":[]},""""Commercial Information"""":{""""Affected"""":""""No"""",""""Examples"""":[]},""""Biometric Information"""":{""""Affected"""":""""No"""",""""Examples"""":[]},""""Internet or Network Activity"""":{""""Affected"""":""""No"""",""""Examples"""":[]},""""Geolocation Data"""":{""""Affected"""":""""No"""",""""Examples"""":[]},""""Sensory Data"""":{""""Affected"""":""""No"""",""""Examples"""":[]},""""Professional or Employment-Related Information"""":{""""Affected"""":""""No"""",""""Examples"""":[]},""""Education Information"""":{""""Affected"""":""""No"""",""""Examples"""":[]},""""Inferences Drawn from Personal Information"""":{""""Affected"""":""""No"""",""""Examples"""":[]},""""Sensitive Personal Information"""":{""""Affected"""":""""Yes"""",""""Examples"""":[""""Bank account number"""",""""Routing number""""]},""""Customer Records"""":{""""Affected"""":""""Yes"""",""""Examples"""":[""""Bank account number"""",""""Routing number""""]}}}",BSO,VERIFIED,EDGAR name: NUCOR CORP,,0,,1.73,16.001,1.5938,18.089,34.487,33.7152,618763.29,567647.19,-0.7718,34817.0,NUE,window,1,10.3884,0.3975,0.2342,0.2787,0,0,33.0,0,0,0.0,0,0,1,1,74.0,2023-05-26,2023-06-28,2.198379,1.657913,-0.5404660000000001,2023.0,21,21,True,3312.0,33,0,33.0,0.0,Q3,2023,-1.6053958162842719e-10
75362,2018-01-22,PACCAR,PACCAR,1,PORT,False,1,False,"The New Hampshire Attorney General's Office reported a data breach involving PACCAR on February 14, 2018. The breach occurred due to a stolen laptop and thumb drive containing customer information on January 22, 2018. The incident potentially affected personal information of one resident, including names, social security numbers, and credit information.",2018-02-14 00:00:00,2018-01-22 00:00:00,"{""""Encryption Status"""":""""Unencrypted"""",""""Categories Affected"""":{""""Personal Identifiers"""":{""""Affected"""":""""Yes"""",""""Examples"""":[""""Name"""",""""Social Security number""""]},""""Protected Classification Characteristics"""":{""""Affected"""":""""No"""",""""Examples"""":[]},""""Commercial Information"""":{""""Affected"""":""""Yes"""",""""Examples"""":[""""Credit information""""]},""""Biometric Information"""":{""""Affected"""":""""No"""",""""Examples"""":[]},""""Internet or Network Activity"""":{""""Affected"""":""""No"""",""""Examples"""":[]},""""Geolocation Data"""":{""""Affected"""":""""No"""",""""Examples"""":[]},""""Sensory Data"""":{""""Affected"""":""""No"""",""""Examples"""":[]},""""Professional or Employment-Related Information"""":{""""Affected"""":""""No"""",""""Examples"""":[]},""""Education Information"""":{""""Affected"""":""""No"""",""""Examples"""":[]},""""Inferences Drawn from Personal Information"""":{""""Affected"""":""""No"""",""""Examples"""":[]},""""Sensitive Personal Information"""":{""""Affected"""":""""Yes"""",""""Examples"""":[""""Social Security number""""]},""""Customer Records"""":{""""Affected"""":""""No"""",""""Examples"""":[]}}}",BSO,VERIFIED,EDGAR name: PACCAR INC,,0,,0.697,-6.7996,0.6817,-6.6389,16.1349,28.6462,760854.57,1002873.02,12.5113,60506.0,PCAR,window,1,10.0622,0.6566,0.0715,0.1748,0,0,23.0,0,0,0.0,0,1,1,1,25.0,2018-01-22,2018-02-14,1.865039,1.815263,-0.04977599999999982,2018.0,21,21,True,3711.0,37,0,23.0,0.0,Q2,2018,-0.018557338185356542
76334,2022-03-11,Parker-Hannifin Corporation,Parker-Hannifin Corporation,3,HACK,False,99238,True,"The Washington State Office of the Attorney General reported a data breach involving Parker-Hannifin Corporation on May 12, 2022. The breach occurred from March 11, 2022, to March 14, 2022, due to unauthorized access, affecting 4,597 Washington residents, with compromised information including names, Social Security numbers, financial data, and health information.",2022-05-12 00:00:00,2022-03-14 00:00:00,"{""""Encryption Status"""":""""Unencrypted"""",""""Categories Affected"""":{""""Personal Identifiers"""":{""""Affected"""":""""Yes"""",""""Examples"""":[""""Name"""",""""Social Security number"""",""""Date of birth"""",""""Address"""",""""Driver's license number"""",""""U.S. passport number"""",""""Online account username/password""""]},""""Protected Classification Characteristics"""":{""""Affected"""":""""No"""",""""Examples"""":[]},""""Commercial Information"""":{""""Affected"""":""""No"""",""""Examples"""":[]},""""Biometric Information"""":{""""Affected"""":""""No"""",""""Examples"""":[]},""""Internet or Network Activity"""":{""""Affected"""":""""No"""",""""Examples"""":[]},""""Geolocation Data"""":{""""Affected"""":""""No"""",""""Examples"""":[]},""""Sensory Data"""":{""""Affected"""":""""No"""",""""Examples"""":[]},""""Professional or Employment-Related Information"""":{""""Affected"""":""""No"""",""""Examples"""":[]},""""Education Information"""":{""""Affected"""":""""No"""",""""Examples"""":[]},""""Inferences Drawn from Personal Information"""":{""""Affected"""":""""No"""",""""Examples"""":[]},""""Sensitive Personal Information"""":{""""Affected"""":""""Yes"""",""""Examples"""":[""""Social Security number"""",""""Driver's license number"""",""""U.S. passport number"""",""""Financial account information (bank account and routing numbers)"""",""""Health insurance plan member ID number"""",""""Medical and clinical treatment information""""]},""""Customer Records"""":{""""Affected"""":""""Yes"""",""""Examples"""":[""""Financial account information (bank account and routing numbers)"""",""""Health insurance plan member ID number""""]}}}",BSO,VERIFIED,EDGAR name: PARKER HANNIFIN CORP,,0,,0.6409,0.9093,0.6819,0.6524,33.6628,27.7175,272836.74,334041.24,-5.9453,41355.0,PH,window,1,9.9204,0.5864,0.0858,0.2111,0,0,62.0,0,0,0.0,1,0,0,1,139.0,2022-03-11,2022-05-12,2.332069,2.216083,-0.11598600000000037,2022.0,21,21,True,3490.0,34,0,62.0,0.0,Q2,2022,0.09418055188632501
77476,2021-02-24,"PepsiCo, Inc.","PepsiCo, Inc.",1,HACK,False,4,False,"On October 7, 2022, the New Hampshire Office of the Attorney General was notified of a data breach involving PepsiCo, Inc. and its service provider, Donlen Corporation (now known as Sellerco Corporation). The breach occurred between February 24, 2021, and March 4, 2021, potentially affecting the personal data of four New Hampshire residents, including full names and driverâ€™s license numbers.",2022-10-07 00:00:00,2021-03-04 00:00:00,"{""""Encryption Status"""":""""Unencrypted"""",""""Categories Affected"""":{""""Personal Identifiers"""":{""""Affected"""":""""Yes"""",""""Examples"""":[""""Full name"""",""""Driver's license number""""]},""""Protected Classification Characteristics"""":{""""Affected"""":""""No"""",""""Examples"""":[]},""""Commercial Information"""":{""""Affected"""":""""No"""",""""Examples"""":[]},""""Biometric Information"""":{""""Affected"""":""""No"""",""""Examples"""":[]},""""Internet or Network Activity"""":{""""Affected"""":""""No"""",""""Examples"""":[]},""""Geolocation Data"""":{""""Affected"""":""""No"""",""""Examples"""":[]},""""Sensory Data"""":{""""Affected"""":""""No"""",""""Examples"""":[]},""""Professional or Employment-Related Information"""":{""""Affected"""":""""No"""",""""Examples"""":[]},""""Education Information"""":{""""Affected"""":""""No"""",""""Examples"""":[]},""""Inferences Drawn from Personal Information"""":{""""Affected"""":""""No"""",""""Examples"""":[]},""""Sensitive Personal Information"""":{""""Affected"""":""""Yes"""",""""Examples"""":[""""Driver's license number""""]},""""Customer Records"""":{""""Affected"""":""""No"""",""""Examples"""":[]}}}",BSO,VERIFIED,EDGAR name: PEPSICO INC,,0,,-0.9392,3.9731,-0.8641,4.2128,17.6563,19.3376,1213159.44,2501543.6,1.6813,13856.0,PEP,window,1,11.4395,0.8542,0.0766,0.1859,0,0,590.0,0,0,0.0,0,0,0,1,162.0,2021-02-24,2022-10-07,1.358697,1.344186,-0.01451099999999994,2022.0,21,21,True,2080.0,20,0,590.0,0.0,Q3,2022,0.21487076584525466
78003,2006-12-01,Pfizer Inc,Pfizer Inc,1,INSD,False,34000,False,"The New Hampshire Department of Justice reported on August 24, 2007, that Pfizer Inc experienced a data breach affecting an estimated 34,000 individuals due to unauthorized removal of confidential information by a former employee. The breach involved potential exposure of sensitive personal information, including names, Social Security numbers, and other identifying details, with no confirmed misuse reported thus far.",2007-08-24 00:00:00,2007-07-10 00:00:00,"{""""Encryption Status"""":""""Unencrypted"""",""""Categories Affected"""":{""""Personal Identifiers"""":{""""Affected"""":""""Yes"""",""""Examples"""":[""""Name"""",""""Social Security number"""",""""Taxpayer Identification number"""",""""Home address"""",""""Home phone number"""",""""Cellular phone number"""",""""Fax number"""",""""E-mail address"""",""""Credit card number"""",""""Bank account number"""",""""Passport number"""",""""Driver's license number"""",""""Military identification number"""",""""Birth date"""",""""Signature""""]},""""Protected Classification Characteristics"""":{""""Affected"""":""""No"""",""""Examples"""":[]},""""Commercial Information"""":{""""Affected"""":""""No"""",""""Examples"""":[]},""""Biometric Information"""":{""""Affected"""":""""No"""",""""Examples"""":[]},""""Internet or Network Activity"""":{""""Affected"""":""""No"""",""""Examples"""":[]},""""Geolocation Data"""":{""""Affected"""":""""No"""",""""Examples"""":[]},""""Sensory Data"""":{""""Affected"""":""""No"""",""""Examples"""":[]},""""Professional or Employment-Related Information"""":{""""Affected"""":""""Yes"""",""""Examples"""":[""""Reason for termination of Pfizer employment""""]},""""Education Information"""":{""""Affected"""":""""No"""",""""Examples"""":[]},""""Inferences Drawn from Personal Information"""":{""""Affected"""":""""No"""",""""Examples"""":[]},""""Sensitive Personal Information"""":{""""Affected"""":""""Yes"""",""""Examples"""":[""""Social Security number"""",""""Taxpayer Identification number"""",""""Credit card number"""",""""Bank account number"""",""""Passport number"""",""""Driver's license number"""",""""Military identification number""""]},""""Customer Records"""":{""""Affected"""":""""Yes"""",""""Examples"""":[""""Signature"""",""""Home phone number"""",""""Cellular phone number"""",""""Fax number""""]}}}",BSO,VERIFIED,EDGAR name: PFIZER INC,,0,,-8.9594,-2.0926,-9.2034,-2.7527,18.0458,39.9993,15286419.71,58993603.23,21.9535,21936.0,PFE,window,1,11.6747,0.4418,0.0688,0.4077,0,0,266.0,0,0,0.0,0,1,1,1,20.0,2006-12-01,2007-08-24,1.374067,1.112078,-0.261989,2007.0,21,21,True,2834.0,28,0,266.0,0.0,Q4 (largest),2007,1.2160671025718273e-07
91419,2010-04-05,The J.M. Smucker Company,The J.M. Smucker Company,1,DISC,False,5976,False,"On April 29, 2010, the New Hampshire Department of Justice reported a data breach involving J.M. Smucker Company that exposed personal information of approximately 5,976 employees and their dependents. The breach was due to an unauthorized data transfer via email by a Smucker employee to a relative for technical assistance, which included sensitive employee information such as Social Security numbers and addresses.",2010-04-29 00:00:00,2010-04-05 00:00:00,"{""""Encryption Status"""":""""Unencrypted"""",""""Categories Affected"""":{""""Personal Identifiers"""":{""""Affected"""":""""Yes"""",""""Examples"""":[""""employee identification number"""",""""last name"""",""""first name"""",""""middle initial"""",""""Smucker e-mail address"""",""""home address"""",""""social security number""""]},""""Protected Classification Characteristics"""":{""""Affected"""":""""No"""",""""Examples"""":[]},""""Commercial Information"""":{""""Affected"""":""""No"""",""""Examples"""":[]},""""Biometric Information"""":{""""Affected"""":""""No"""",""""Examples"""":[]},""""Internet or Network Activity"""":{""""Affected"""":""""No"""",""""Examples"""":[]},""""Geolocation Data"""":{""""Affected"""":""""No"""",""""Examples"""":[]},""""Sensory Data"""":{""""Affected"""":""""No"""",""""Examples"""":[]},""""Professional or Employment-Related Information"""":{""""Affected"""":""""Yes"""",""""Examples"""":[""""hire date"""",""""year-to-date taxable income"""",""""year-to-date supplemental wages""""]},""""Education Information"""":{""""Affected"""":""""No"""",""""Examples"""":[]},""""Inferences Drawn from Personal Information"""":{""""Affected"""":""""No"""",""""Examples"""":[]},""""Sensitive Personal Information"""":{""""Affected"""":""""Yes"""",""""Examples"""":[""""social security number""""]},""""Customer Records"""":{""""Affected"""":""""Yes"""",""""Examples"""":[""""home address""""]}}}",BSO,VERIFIED-GATE1,Gate1-A (SJM),,0,,1.3851,0.1318,1.4152,0.3453,12.0398,11.8108,483686.55,156877.52,-0.229,42585.0,SJM,window,1,9.0109,0.397,0.0325,0.1743,0,0,24.0,0,0,0.0,0,0,0,1,137.0,2010-04-05,2010-04-29,0.589673,1.252494,0.662821,2010.0,21,21,True,2033.0,20,0,24.0,0.0,Q2,2010,-0.023938819771188058
91440,2022-03-01,Snap-on Incorporated,"Snap-on Incorporated | Snap-on, Inc.",4,HACK,False,41052,True,"The Maine Office of the Attorney General reported a data breach involving Snap-on, Inc. on April 7, 2022. The breach occurred between March 1 and March 3, 2022, affecting 41,052 individuals, including 320 residents of Maine, with compromised data including names, Social Security Numbers, dates of birth, employee identification numbers, and driver's license information. The company offered 24 months of complimentary identity theft protection services through IDX.",2022-04-07 00:00:00,2022-03-03 00:00:00,"{""""Encryption Status"""":""""Unencrypted"""",""""Categories Affected"""":{""""Personal Identifiers"""":{""""Affected"""":""""Yes"""",""""Examples"""":[""""Names"""",""""Social Security numbers"""",""""Federal tax identification numbers"""",""""Driver's license numbers"""",""""Passport numbers""""]},""""Protected Classification Characteristics"""":{""""Affected"""":""""No"""",""""Examples"""":[]},""""Commercial Information"""":{""""Affected"""":""""No"""",""""Examples"""":[]},""""Biometric Information"""":{""""Affected"""":""""No"""",""""Examples"""":[]},""""Internet or Network Activity"""":{""""Affected"""":""""No"""",""""Examples"""":[]},""""Geolocation Data"""":{""""Affected"""":""""No"""",""""Examples"""":[]},""""Sensory Data"""":{""""Affected"""":""""No"""",""""Examples"""":[]},""""Professional or Employment-Related Information"""":{""""Affected"""":""""Yes"""",""""Examples"""":[""""Employee identification numbers""""]},""""Education Information"""":{""""Affected"""":""""No"""",""""Examples"""":[]},""""Inferences Drawn from Personal Information"""":{""""Affected"""":""""No"""",""""Examples"""":[]},""""Sensitive Personal Information"""":{""""Affected"""":""""Yes"""",""""Examples"""":[""""Social Security numbers"""",""""Federal tax identification numbers"""",""""Driver's license numbers"""",""""Passport numbers"""",""""Health information such as information about a diagnosis or treatment""""]},""""Customer Records"""":{""""Affected"""":""""No"""",""""Examples"""":[]}}}",BSO,VERIFIED,EDGAR name: SNAP ON INC,"CAMPAIGN CH-05: 2 firm-day events collapsed [2022-03-01, 2022-03-03] (Gate 2 signed; record-count gaps not a distinctness signal)",0,,3.2377,0.4276,3.039,0.3151,26.0803,27.404,95887.82,215091.84,1.3237,60206.0,SNA,window,1,8.8187,0.3781,0.1214,0.2669,0,0,37.0,0,0,0.0,1,0,0,0,,2022-03-01,2022-04-07,1.370067,2.086811,0.716744,2022.0,21,21,True,3420.0,34,0,37.0,0.0,Q2,2022,1.4566126083082054e-13
92380,2017-10-01,Southwest Airlines Co.,Southwest Airlines Co.,1,HACK,False,36485,False,"The Oregon Department of Justice reported that Southwest Airlines experienced a data breach affecting 36,485 individuals. The breach occurred from October 1, 2017, to December 22, 2017, with the incident being discovered on March 22, 2018, and notification sent on April 20, 2018.",2018-04-20 00:00:00,2017-12-22 00:00:00,"{""""Encryption Status"""":""""Unencrypted"""",""""Categories Affected"""":{""""Personal Identifiers"""":{""""Affected"""":""""UNKN"""",""""Examples"""":[]},""""Protected Classification Characteristics"""":{""""Affected"""":""""UNKN"""",""""Examples"""":[]},""""Commercial Information"""":{""""Affected"""":""""UNKN"""",""""Examples"""":[]},""""Biometric Information"""":{""""Affected"""":""""UNKN"""",""""Examples"""":[]},""""Internet or Network Activity"""":{""""Affected"""":""""UNKN"""",""""Examples"""":[]},""""Geolocation Data"""":{""""Affected"""":""""UNKN"""",""""Examples"""":[]},""""Sensory Data"""":{""""Affected"""":""""UNKN"""",""""Examples"""":[]},""""Professional or Employment-Related Information"""":{""""Affected"""":""""UNKN"""",""""Examples"""":[]},""""Education Information"""":{""""Affected"""":""""UNKN"""",""""Examples"""":[]},""""Inferences Drawn from Personal Information"""":{""""Affected"""":""""UNKN"""",""""Examples"""":[]},""""Sensitive Personal Information"""":{""""Affected"""":""""UNKN"""",""""Examples"""":[]},""""Customer Records"""":{""""Affected"""":""""UNKN"""",""""Examples"""":[]}}}",BSO,VERIFIED,EDGAR name: SOUTHWEST AIRLINES CO,,0,,2.1021,-6.8236,2.0363,-7.0006,22.1393,25.4806,2773953.4,2760543.08,3.3413,58683.0,LUV,window,1,10.0556,0.6375,0.0964,0.246,0,0,201.0,0,0,0.0,0,0,0,0,,2017-10-01,2018-04-20,2.138623,1.437558,-0.701065,2018.0,21,21,True,4512.0,45,0,201.0,0.0,Q2,2018,-0.07873223295168819
92380,2018-03-01,Southwest Airlines Co.,Southwest Airlines Co.,1,HACK,False,243,False,"The New Hampshire Attorney General's Office reported on April 20, 2018, that Southwest Airlines Co. experienced a data breach involving personal information of 243 New Hampshire residents. The breach was linked to unauthorized access to a legacy travel booking platform operated by Orbitz, affecting data from October 1, 2017, to December 22, 2017, including names, payment card numbers, and contact information.",2018-04-20 00:00:00,2017-12-22 00:00:00,"{""""Encryption Status"""":""""Unencrypted"""",""""Categories Affected"""":{""""Personal Identifiers"""":{""""Affected"""":""""Yes"""",""""Examples"""":[""""Name"""",""""Phone number"""",""""Email address"""",""""Physical address"""",""""Billing address""""]},""""Protected Classification Characteristics"""":{""""Affected"""":""""No"""",""""Examples"""":[]},""""Commercial Information"""":{""""Affected"""":""""No"""",""""Examples"""":[]},""""Biometric Information"""":{""""Affected"""":""""No"""",""""Examples"""":[]},""""Internet or Network Activity"""":{""""Affected"""":""""No"""",""""Examples"""":[]},""""Geolocation Data"""":{""""Affected"""":""""No"""",""""Examples"""":[]},""""Sensory Data"""":{""""Affected"""":""""No"""",""""Examples"""":[]},""""Professional or Employment-Related Information"""":{""""Affected"""":""""No"""",""""Examples"""":[]},""""Education Information"""":{""""Affected"""":""""No"""",""""Examples"""":[]},""""Inferences Drawn from Personal Information"""":{""""Affected"""":""""No"""",""""Examples"""":[]},""""Sensitive Personal Information"""":{""""Affected"""":""""Yes"""",""""Examples"""":[""""Payment card number"""",""""Payment card expiration date""""]},""""Customer Records"""":{""""Affected"""":""""No"""",""""Examples"""":[]}}}",BSO,VERIFIED,EDGAR name: SOUTHWEST AIRLINES CO,,0,,-0.1971,-3.1654,-0.2077,-3.3785,29.7723,24.8168,2108934.36,2268419.91,-4.9555,58683.0,LUV,window,1,10.131,0.5846,0.1389,0.2314,1,1,50.0,0,0,0.0,0,0,0,0,,2018-03-01,2018-04-20,2.138623,1.437558,-0.701065,2018.0,21,21,True,4512.0,45,1,50.0,1.0,Q2,2018,-0.07873223295168819
96021,2023-01-14,Sysco Corporation,Sysco Corporation,2,HACK,False,126243,True,"The Washington State Office of the Attorney General reported that Sysco Corporation experienced a cybersecurity event that began on January 14, 2023, and was discovered on March 5, 2023. The breach potentially affected the personal information of 1,977 individuals, including names, Social Security numbers, and financial information. Notification was made on May 17, 2023.",2023-05-16 00:00:00,2023-03-05 00:00:00,"{""""Encryption Status"""":""""Unencrypted"""",""""Categories Affected"""":{""""Personal Identifiers"""":{""""Affected"""":""""Yes"""",""""Examples"""":[""""Name"""",""""Social Security Number""""]},""""Protected Classification Characteristics"""":{""""Affected"""":""""No"""",""""Examples"""":[]},""""Commercial Information"""":{""""Affected"""":""""No"""",""""Examples"""":[]},""""Biometric Information"""":{""""Affected"""":""""No"""",""""Examples"""":[]},""""Internet or Network Activity"""":{""""Affected"""":""""No"""",""""Examples"""":[]},""""Geolocation Data"""":{""""Affected"""":""""No"""",""""Examples"""":[]},""""Sensory Data"""":{""""Affected"""":""""No"""",""""Examples"""":[]},""""Professional or Employment-Related Information"""":{""""Affected"""":""""No"""",""""Examples"""":[]},""""Education Information"""":{""""Affected"""":""""No"""",""""Examples"""":[]},""""Inferences Drawn from Personal Information"""":{""""Affected"""":""""No"""",""""Examples"""":[]},""""Sensitive Personal Information"""":{""""Affected"""":""""Yes"""",""""Examples"""":[""""Social Security Number"""",""""Financial & Banking Information""""]},""""Customer Records"""":{""""Affected"""":""""No"""",""""Examples"""":[]}}}",BSO,VERIFIED,EDGAR name: SYSCO CORP,,0,,-2.3036,-7.3989,-2.3429,-7.2021,21.2791,19.1953,749647.18,1716652.74,-2.0838,52038.0,SYY,window,1,10.0027,0.936,0.0615,0.0481,0,0,122.0,0,0,0.0,0,0,1,1,73.0,2023-01-14,2023-05-16,1.544091,0.965502,-0.5785890000000001,2023.0,21,21,True,5140.0,51,0,122.0,0.0,Q2,2023,-0.0505750842653474
101830,2009-02-01,Sprint Nextel,Sprint Nextel,1,INSD,False,6,False,"The New Hampshire Department of Justice reported on June 12, 2009, a data breach involving Sprint Nextel that occurred in late February 2009. The incident involved a dealer in Nashua, New Hampshire, mistakenly leaving behind a box containing customer information, affecting approximately 54 New Hampshire residents.",2009-06-12 00:00:00,2009-02-01 00:00:00,"{""""Encryption Status"""":""""Unencrypted"""",""""Categories Affected"""":{""""Personal Identifiers"""":{""""Affected"""":""""Yes"""",""""Examples"""":[""""Customer's name"""",""""Address"""",""""Wireless phone number"""",""""Sprint Nextel account number"""",""""Date of birth"""",""""Social Security number"""",""""Driver's license or other government issued identification information"""",""""Credit card information""""]},""""Protected Classification Characteristics"""":{""""Affected"""":""""No"""",""""Examples"""":[]},""""Commercial Information"""":{""""Affected"""":""""No"""",""""Examples"""":[]},""""Biometric Information"""":{""""Affected"""":""""No"""",""""Examples"""":[]},""""Internet or Network Activity"""":{""""Affected"""":""""No"""",""""Examples"""":[]},""""Geolocation Data"""":{""""Affected"""":""""No"""",""""Examples"""":[]},""""Sensory Data"""":{""""Affected"""":""""No"""",""""Examples"""":[]},""""Professional or Employment-Related Information"""":{""""Affected"""":""""No"""",""""Examples"""":[]},""""Education Information"""":{""""Affected"""":""""No"""",""""Examples"""":[]},""""Inferences Drawn from Personal Information"""":{""""Affected"""":""""No"""",""""Examples"""":[]},""""Sensitive Personal Information"""":{""""Affected"""":""""Yes"""",""""Examples"""":[""""Social Security number"""",""""Driver's license or other government issued identification information"""",""""Credit card information""""]},""""Customer Records"""":{""""Affected"""":""""No"""",""""Examples"""":[]}}}",BSO,VERIFIED-GATE1,"Gate1-F: Sprint-era equity (SEC-verified: SPRINT LLC fka SPRINT CORP/NEXTEL, 10-Ks 2014-2019)",,1,"Clause (a) adjudicated 8/4: Sprint Spectrum LLC dba Sprint (499ID 811754, coverage 1997-2024-12-31, replacement 822060) covers all Sprint-family breach dates; dba/suffix variants defeat exact matching",-4.0209,51.8445,-4.6195,54.0283,91.5322,111.9155,12782066.99,29698141.92,20.3833,39087.0,S,window,1,10.9725,0.6634,-0.048,0.2151,0,0,131.0,0,0,0.0,0,1,1,1,30.0,2009-02-01,2009-06-12,3.410709,3.508071,0.09736199999999995,2009.0,21,21,True,4813.0,48,0,131.0,0.0,Q3,2009,-0.22484607788515554
101830,2017-05-01,Sprint Corporation,Sprint Corporation,1,HACK,False,2,False,"The Maine Office of the Attorney General reported on September 20, 2017, that Sprint Corporation experienced a data breach affecting 2 residents between May 7, 2017, and July 22, 2017. The breach compromised phone numbers and PINs or security questions associated with the phone numbers.",2017-09-20 00:00:00,2017-07-22 00:00:00,"{
  """"Encryption Status"""": """"Unencrypted"""",
  """"Categories Affected"""": {
    """"Personal Identifiers"""": {
      """"Affected"""": """"Yes"""",
      """"Examples"""": [""""Phone numbers""""]
    },
    """"Protected Classification Characteristics"""": {
      """"Affected"""": """"No"""",
      """"Examples"""": []
    },
    """"Commercial Information"""": {
      """"Affected"""": """"No"""",
      """"Examples"""": []
    },
    """"Biometric Information"""": {
      """"Affected"""": """"No"""",
      """"Examples"""": []
    },
    """"Internet or Network Activity"""": {
      """"Affected"""": """"No"""",
      """"Examples"""": []
    },
    """"Geolocation Data"""": {
      """"Affected"""": """"No"""",
      """"Examples"""": []
    },
    """"Sensory Data"""": {
      """"Affected"""": """"No"""",
      """"Examples"""": []
    },
    """"Professional or Employment-Related Information"""": {
      """"Affected"""": """"No"""",
      """"Examples"""": []
    },
    """"Education Information"""": {
      """"Affected"""": """"No"""",
      """"Examples"""": []
    },
    """"Inferences Drawn from Personal Information"""": {
      """"Affected"""": """"No"""",
      """"Examples"""": []
    },
    """"Sensitive Personal Information"""": {
      """"Affected"""": """"Yes"""",
      """"Examples"""": [""""PINs"""", """"Security questions associated with phone numbers""""]
    },
    """"Customer Records"""": {
      """"Affected"""": """"No"""",
      """"Examples"""": []
    }
  }
}",BSO,VERIFIED-GATE1,"Gate1-F: Sprint-era equity (SEC-verified: SPRINT LLC fka SPRINT CORP/NEXTEL, 10-Ks 2014-2019)",,1,"Clause (a) adjudicated 8/4: Sprint Spectrum LLC dba Sprint (499ID 811754, coverage 1997-2024-12-31, replacement 822060) covers all Sprint-family breach dates; dba/suffix variants defeat exact matching",-14.3093,-9.1815,-14.4506,-10.962,21.416,65.2639,4231046.96,10138980.5,43.8479,14040.0,S,window,1,11.3519,0.779,-0.0142,0.3123,3,0,142.0,0,0,0.0,0,0,0,0,,2017-05-01,2017-09-20,1.525782,1.534569,0.0087870000000001,2017.0,21,21,True,4813.0,48,3,142.0,3.0,Q3,2017,2.9176661087149114e-13
101830,2017-05-07,Sprint,Sprint,1,HACK,False,1,False,"The California Office of the Attorney General reported a data breach involving Sprint on September 20, 2017. The breach occurred between May 7 and July 22, 2017, potentially compromising customers' Sprint account Personal Identification Number (PIN) and security questions/answers. The number of individuals affected is unknown.",2017-09-20 00:00:00,2017-07-22 00:00:00,"{""""Encryption Status"""":""""Unencrypted"""",""""Categories Affected"""":{""""Personal Identifiers"""":{""""Affected"""":""""Yes"""",""""Examples"""":[""""Sprint account Personal Identification Number (PIN)""""]},""""Protected Classification Characteristics"""":{""""Affected"""":""""No"""",""""Examples"""":[]},""""Commercial Information"""":{""""Affected"""":""""No"""",""""Examples"""":[]},""""Biometric Information"""":{""""Affected"""":""""No"""",""""Examples"""":[]},""""Internet or Network Activity"""":{""""Affected"""":""""No"""",""""Examples"""":[]},""""Geolocation Data"""":{""""Affected"""":""""No"""",""""Examples"""":[]},""""Sensory Data"""":{""""Affected"""":""""No"""",""""Examples"""":[]},""""Professional or Employment-Related Information"""":{""""Affected"""":""""No"""",""""Examples"""":[]},""""Education Information"""":{""""Affected"""":""""No"""",""""Examples"""":[]},""""Inferences Drawn from Personal Information"""":{""""Affected"""":""""No"""",""""Examples"""":[]},""""Sensitive Personal Information"""":{""""Affected"""":""""No"""",""""Examples"""":[]},""""Customer Records"""":{""""Affected"""":""""No"""",""""Examples"""":[]}}}",BSO,VERIFIED-GATE1,"Gate1-F: Sprint-era equity (SEC-verified: SPRINT LLC fka SPRINT CORP/NEXTEL, 10-Ks 2014-2019)",,1,"Clause (a) adjudicated 8/4: Sprint Spectrum LLC dba Sprint (499ID 811754, coverage 1997-2024-12-31, replacement 822060) covers all Sprint-family breach dates; dba/suffix variants defeat exact matching",-2.1371,0.8402,-2.2024,-0.2391,48.433,44.641,9656485.5,6546445.88,-3.792,14040.0,S,window,1,11.3519,0.779,-0.0142,0.3123,4,1,136.0,0,0,0.0,0,0,0,0,,2017-05-07,2017-09-20,1.525782,1.534569,0.0087870000000001,2017.0,21,21,True,4813.0,48,4,136.0,4.0,Q3,2017,2.9176661087149114e-13
101830,2018-03-02,Sprint Corporation,Sprint Corporation,1,HACK,False,29,False,"The Indiana Office of the Attorney General reported a data breach involving Sprint Corporation on March 30, 2018. The breach occurred on March 2, 2018, affecting a total of 29 individuals, including 2 residents.",2018-03-30 00:00:00,2018-03-02 00:00:00,"{""""Encryption Status"""":""""UNKN"""",""""Categories Affected"""":{""""Personal Identifiers"""":{""""Affected"""":""""UNKN"""",""""Examples"""":[]},""""Protected Classification Characteristics"""":{""""Affected"""":""""UNKN"""",""""Examples"""":[]},""""Commercial Information"""":{""""Affected"""":""""UNKN"""",""""Examples"""":[]},""""Biometric Information"""":{""""Affected"""":""""UNKN"""",""""Examples"""":[]},""""Internet or Network Activity"""":{""""Affected"""":""""UNKN"""",""""Examples"""":[]},""""Geolocation Data"""":{""""Affected"""":""""UNKN"""",""""Examples"""":[]},""""Sensory Data"""":{""""Affected"""":""""UNKN"""",""""Examples"""":[]},""""Professional or Employment-Related Information"""":{""""Affected"""":""""UNKN"""",""""Examples"""":[]},""""Education Information"""":{""""Affected"""":""""UNKN"""",""""Examples"""":[]},""""Inferences Drawn from Personal Information"""":{""""Affected"""":""""UNKN"""",""""Examples"""":[]},""""Sensitive Personal Information"""":{""""Affected"""":""""UNKN"""",""""Examples"""":[]},""""Customer Records"""":{""""Affected"""":""""UNKN"""",""""Examples"""":[]}}}",BSO,VERIFIED-GATE1,"Gate1-F: Sprint-era equity (SEC-verified: SPRINT LLC fka SPRINT CORP/NEXTEL, 10-Ks 2014-2019)",,1,"Clause (a) adjudicated 8/4: Sprint Spectrum LLC dba Sprint (499ID 811754, coverage 1997-2024-12-31, replacement 822060) covers all Sprint-family breach dates; dba/suffix variants defeat exact matching",-3.03,11.5513,-3.1068,10.7585,41.5927,20.8263,9102996.01,2880331.24,-20.7664,14040.0,S,window,1,11.3519,0.779,-0.0142,0.3123,5,2,28.0,0,0,0.0,0,0,1,1,61.0,2018-03-02,2018-03-30,1.287952,5.422514,4.134562,2018.0,21,21,True,4813.0,48,5,28.0,5.0,Q3,2018,1.5424550525722225e-11
101830,2019-03-14,Sprint Corporation,Boost Mobile | Sprint Corporation,3,HACK,False,22,True,"The Maine Attorney General's Office reported that Sprint Corporation, operating as Boost Mobile, experienced a data breach on March 14, 2019, affecting a total of 25,909 individuals, including 4 Maine residents. Notifications were sent between March 27, 2019, and May 17, 2019, but no identity theft protection services were offered to the affected individuals.",2019-05-09 00:00:00,2019-03-18 00:00:00,"{""""Encryption Status"""":""""Unencrypted"""",""""Categories Affected"""":{""""Personal Identifiers"""":{""""Affected"""":""""Yes"""",""""Examples"""":[""""Boost phone number"""",""""Boost.com PIN code""""]},""""Protected Classification Characteristics"""":{""""Affected"""":""""No"""",""""Examples"""":[]},""""Commercial Information"""":{""""Affected"""":""""No"""",""""Examples"""":[]},""""Biometric Information"""":{""""Affected"""":""""No"""",""""Examples"""":[]},""""Internet or Network Activity"""":{""""Affected"""":""""No"""",""""Examples"""":[]},""""Geolocation Data"""":{""""Affected"""":""""No"""",""""Examples"""":[]},""""Sensory Data"""":{""""Affected"""":""""No"""",""""Examples"""":[]},""""Professional or Employment-Related Information"""":{""""Affected"""":""""No"""",""""Examples"""":[]},""""Education Information"""":{""""Affected"""":""""No"""",""""Examples"""":[]},""""Inferences Drawn from Personal Information"""":{""""Affected"""":""""No"""",""""Examples"""":[]},""""Sensitive Personal Information"""":{""""Affected"""":""""No"""",""""Examples"""":[]},""""Customer Records"""":{""""Affected"""":""""No"""",""""Examples"""":[]}}}",BSO,VERIFIED-GATE1,"Gate1-F: Sprint-era equity (SEC-verified: SPRINT LLC fka SPRINT CORP/NEXTEL, 10-Ks 2014-2019)",,1,Clause (b): prepaid wireless brand of Sprint Spectrum LLC FRN 0006693022; subscriber-data breach (7/28 adjudication),-1.5532,-16.1881,-1.6094,-16.3501,28.4453,34.9534,4931342.07,6284536.49,6.5081,14040.0,S,window,1,11.3558,0.6909,0.0865,0.3397,6,0,56.0,0,0,0.0,0,0,1,1,69.0,2019-03-14,2019-05-09,2.217911,5.051692,2.833781,2019.0,21,21,True,4813.0,48,6,56.0,6.0,Q3,2019,2.028401507074123
101830,2019-05-09,Sprint Corporation,Sprint Corporation,1,HACK,False,185,False,"The Massachusetts Office of Consumer Affairs and Business Regulation reported on May 9, 2019, that Sprint Corporation (Boost Mobile) experienced a data breach affecting 185 residents. The breach involved electronic records, specifically compromising account numbers.",2019-05-09 00:00:00,2019-05-09 00:00:00,"{""""Encryption Status"""":""""Unencrypted"""",""""Categories Affected"""":{""""Personal Identifiers"""":{""""Affected"""":""""No"""",""""Examples"""":[]},""""Protected Classification Characteristics"""":{""""Affected"""":""""No"""",""""Examples"""":[]},""""Commercial Information"""":{""""Affected"""":""""No"""",""""Examples"""":[]},""""Biometric Information"""":{""""Affected"""":""""No"""",""""Examples"""":[]},""""Internet or Network Activity"""":{""""Affected"""":""""No"""",""""Examples"""":[]},""""Geolocation Data"""":{""""Affected"""":""""No"""",""""Examples"""":[]},""""Sensory Data"""":{""""Affected"""":""""No"""",""""Examples"""":[]},""""Professional or Employment-Related Information"""":{""""Affected"""":""""No"""",""""Examples"""":[]},""""Education Information"""":{""""Affected"""":""""No"""",""""Examples"""":[]},""""Inferences Drawn from Personal Information"""":{""""Affected"""":""""No"""",""""Examples"""":[]},""""Sensitive Personal Information"""":{""""Affected"""":""""No"""",""""Examples"""":[]},""""Customer Records"""":{""""Affected"""":""""Yes"""",""""Examples"""":[""""AccountNumber""""]}}}",BSO,VERIFIED-GATE1,"Gate1-F: Sprint-era equity (SEC-verified: SPRINT LLC fka SPRINT CORP/NEXTEL, 10-Ks 2014-2019)",,1,"Clause (a) adjudicated 8/4: Sprint Spectrum LLC dba Sprint (499ID 811754, coverage 1997-2024-12-31, replacement 822060) covers all Sprint-family breach dates; dba/suffix variants defeat exact matching",8.1748,21.0766,8.2277,19.9952,36.9452,83.1593,7421453.71,32551537.99,46.2141,14040.0,S,window,1,11.3457,0.6912,-0.023,0.3802,7,1,0.0,0,0,1.0,0,1,1,1,13.0,2019-05-09,2019-05-09,2.217911,5.051692,2.833781,2019.0,21,21,True,4813.0,48,9,0.0,7.0,Q3,2019,2.028401507074123
101830,2019-06-02,Sprint,Sprint,1,HACK,False,1,False,"The Maine Office of the Attorney General reported that Sprint experienced a data breach on June 2, 2019, affecting 26,801 individuals, including 35 residents of Maine. Consumers were notified via SMS on June 25, 2019, about a reset account PIN, and a notification letter was mailed on July 11, 2019.",2019-07-11 00:00:00,2019-06-02 00:00:00,"{""""Encryption Status"""":""""Unencrypted"""",""""Categories Affected"""":{""""Personal Identifiers"""":{""""Affected"""":""""Yes"""",""""Examples"""":[""""Account PIN code""""]},""""Protected Classification Characteristics"""":{""""Affected"""":""""No"""",""""Examples"""":[]},""""Commercial Information"""":{""""Affected"""":""""No"""",""""Examples"""":[]},""""Biometric Information"""":{""""Affected"""":""""No"""",""""Examples"""":[]},""""Internet or Network Activity"""":{""""Affected"""":""""No"""",""""Examples"""":[]},""""Geolocation Data"""":{""""Affected"""":""""No"""",""""Examples"""":[]},""""Sensory Data"""":{""""Affected"""":""""No"""",""""Examples"""":[]},""""Professional or Employment-Related Information"""":{""""Affected"""":""""No"""",""""Examples"""":[]},""""Education Information"""":{""""Affected"""":""""No"""",""""Examples"""":[]},""""Inferences Drawn from Personal Information"""":{""""Affected"""":""""No"""",""""Examples"""":[]},""""Sensitive Personal Information"""":{""""Affected"""":""""No"""",""""Examples"""":[]},""""Customer Records"""":{""""Affected"""":""""No"""",""""Examples"""":[]}}}",BSO,VERIFIED-GATE1,"Gate1-F: Sprint-era equity (SEC-verified: SPRINT LLC fka SPRINT CORP/NEXTEL, 10-Ks 2014-2019)",,1,"Clause (a) adjudicated 8/4: Sprint Spectrum LLC dba Sprint (499ID 811754, coverage 1997-2024-12-31, replacement 822060) covers all Sprint-family breach dates; dba/suffix variants defeat exact matching",-2.6566,-2.3107,-2.8056,-3.6271,75.5839,45.556,28868404.08,7786288.97,-30.0279,14040.0,S,window,1,11.3457,0.6912,-0.023,0.3802,8,2,39.0,0,0,0.0,0,0,0,0,,2019-06-02,2019-07-11,2.912413,3.173314,0.26090100000000005,2019.0,21,21,True,4813.0,48,10,39.0,8.0,Q3,2019,-0.32266486504559966
101830,2019-06-08,Sprint,Sprint | Sprint Business,3,HACK,False,1930,True,"On July 3, 2019, the California Office of the Attorney General reported a data breach involving Sprint. The breach occurred between June 8 and June 22, 2019, due to unauthorized access to customer accounts via the Samsung.com website, potentially exposing personal information such as names, phone numbers, and account details of an unknown number of individuals.",2019-06-08 00:00:00,2019-06-23 00:00:00,"{""""Encryption Status"""":""""Unencrypted"""",""""Categories Affected"""":{""""Personal Identifiers"""":{""""Affected"""":""""Yes"""",""""Examples"""":[""""First and last name"""",""""Phone number"""",""""Device ID"""",""""Subscriber ID"""",""""Account number"""",""""Billing address""""]},""""Protected Classification Characteristics"""":{""""Affected"""":""""No"""",""""Examples"""":[]},""""Commercial Information"""":{""""Affected"""":""""Yes"""",""""Examples"""":[""""Monthly recurring charges"""",""""Add-on services""""]},""""Biometric Information"""":{""""Affected"""":""""No"""",""""Examples"""":[]},""""Internet or Network Activity"""":{""""Affected"""":""""UNKN"""",""""Examples"""":[]},""""Geolocation Data"""":{""""Affected"""":""""No"""",""""Examples"""":[]},""""Sensory Data"""":{""""Affected"""":""""No"""",""""Examples"""":[]},""""Professional or Employment-Related Information"""":{""""Affected"""":""""No"""",""""Examples"""":[]},""""Education Information"""":{""""Affected"""":""""No"""",""""Examples"""":[]},""""Inferences Drawn from Personal Information"""":{""""Affected"""":""""No"""",""""Examples"""":[]},""""Sensitive Personal Information"""":{""""Affected"""":""""No"""",""""Examples"""":[]},""""Customer Records"""":{""""Affected"""":""""No"""",""""Examples"""":[]}}}",BSO,VERIFIED-GATE1,"Gate1-F: Sprint-era equity (SEC-verified: SPRINT LLC fka SPRINT CORP/NEXTEL, 10-Ks 2014-2019)",,1,"Clause (a) adjudicated 8/4: Sprint Spectrum LLC dba Sprint (499ID 811754, coverage 1997-2024-12-31, replacement 822060) covers all Sprint-family breach dates; dba/suffix variants defeat exact matching",-0.6973,-3.4197,-0.9859,-4.6208,73.605,46.7408,28446966.22,8586860.23,-26.8642,14040.0,S,window,1,11.3457,0.6912,-0.023,0.3802,9,3,0.0,0,0,1.0,0,0,0,0,,2019-06-08,2019-06-08,5.161006,2.860592,-2.3004140000000004,2019.0,21,21,True,4813.0,48,11,0.0,9.0,Q3,2019,-0.5768488879350575
101830,2019-06-22,Sprint,Sprint,1,HACK,False,1,False,"The Montana Department of Justice reported a data breach involving Sprint on July 11, 2019. The breach occurred on June 22, 2019, due to unauthorized access to a Sprint account using account credentials via the Samsung.com website. One individual was affected, and the exposed information included personal details such as phone number, account number, and billing address.",2019-07-11 00:00:00,2019-06-25 00:00:00,"{""""Encryption Status"""":""""Unencrypted"""",""""Categories Affected"""":{""""Personal Identifiers"""":{""""Affected"""":""""Yes"""",""""Examples"""":[""""Phone number"""",""""Device type"""",""""Device ID"""",""""Subscriber ID"""",""""Account number"""",""""First and last name"""",""""Billing address""""]},""""Protected Classification Characteristics"""":{""""Affected"""":""""No"""",""""Examples"""":[]},""""Commercial Information"""":{""""Affected"""":""""Yes"""",""""Examples"""":[""""Monthly recurring charges"""",""""Add-on services""""]},""""Biometric Information"""":{""""Affected"""":""""No"""",""""Examples"""":[]},""""Internet or Network Activity"""":{""""Affected"""":""""No"""",""""Examples"""":[]},""""Geolocation Data"""":{""""Affected"""":""""No"""",""""Examples"""":[]},""""Sensory Data"""":{""""Affected"""":""""No"""",""""Examples"""":[]},""""Professional or Employment-Related Information"""":{""""Affected"""":""""No"""",""""Examples"""":[]},""""Education Information"""":{""""Affected"""":""""No"""",""""Examples"""":[]},""""Inferences Drawn from Personal Information"""":{""""Affected"""":""""No"""",""""Examples"""":[]},""""Sensitive Personal Information"""":{""""Affected"""":""""No"""",""""Examples"""":[]},""""Customer Records"""":{""""Affected"""":""""No"""",""""Examples"""":[]}}}",BSO,VERIFIED-GATE1,"Gate1-F: Sprint-era equity (SEC-verified: SPRINT LLC fka SPRINT CORP/NEXTEL, 10-Ks 2014-2019)",,1,"Clause (a) adjudicated 8/4: Sprint Spectrum LLC dba Sprint (499ID 811754, coverage 1997-2024-12-31, replacement 822060) covers all Sprint-family breach dates; dba/suffix variants defeat exact matching",-11.2566,-5.2045,-10.9201,-6.3688,75.9541,36.2897,27880930.87,8785119.41,-39.6644,14040.0,S,window,1,11.3457,0.6912,-0.023,0.3802,10,4,19.0,0,0,0.0,0,0,0,0,,2019-06-22,2019-07-11,2.912413,3.173314,0.26090100000000005,2019.0,21,21,True,4813.0,48,14,19.0,10.0,Q3,2019,-0.32266486504559966
277135,2017-08-23,"W.W. Grainger, Inc.","W.W. Grainger, Inc.",2,HACK+PORT,True,57992,True,"The Washington State Office of the Attorney General reported a data breach involving W.W. Grainger, Inc. on September 18, 2017. The incident occurred on August 23, 2017, when a laptop containing personal information of approximately 725 employees was stolen; this data included names and Social Security numbers. Grainger is offering 12 months of complimentary identity protection and credit monitoring services to affected individuals.",2017-09-18 00:00:00,2017-08-23 00:00:00,"{""""Encryption Status"""":""""Unencrypted"""",""""Categories Affected"""":{""""Personal Identifiers"""":{""""Affected"""":""""Yes"""",""""Examples"""":[""""Name"""",""""Contact information (such as home address)"""",""""Social Security number""""]},""""Protected Classification Characteristics"""":{""""Affected"""":""""No"""",""""Examples"""":[]},""""Commercial Information"""":{""""Affected"""":""""No"""",""""Examples"""":[]},""""Biometric Information"""":{""""Affected"""":""""No"""",""""Examples"""":[]},""""Internet or Network Activity"""":{""""Affected"""":""""No"""",""""Examples"""":[]},""""Geolocation Data"""":{""""Affected"""":""""No"""",""""Examples"""":[]},""""Sensory Data"""":{""""Affected"""":""""No"""",""""Examples"""":[]},""""Professional or Employment-Related Information"""":{""""Affected"""":""""No"""",""""Examples"""":[]},""""Education Information"""":{""""Affected"""":""""No"""",""""Examples"""":[]},""""Inferences Drawn from Personal Information"""":{""""Affected"""":""""No"""",""""Examples"""":[]},""""Sensitive Personal Information"""":{""""Affected"""":""""Yes"""",""""Examples"""":[""""Social Security number""""]},""""Customer Records"""":{""""Affected"""":""""No"""",""""Examples"""":[]}}}",BSO,VERIFIED-GATE1,Gate1-A (GWW),,0,,-3.3261,5.7539,-3.3612,5.9792,31.3238,21.0432,645373.86,187324.98,-10.2806,52695.0,GWW,window,1,8.6472,0.6653,0.1064,0.1443,0,0,26.0,0,0,0.0,0,0,0,1,112.0,2017-08-23,2017-09-18,1.637215,2.872343,1.2351279999999998,2017.0,21,21,True,5000.0,50,0,26.0,0.0,Q2,2017,0.0187135725545462
277135,2017-09-26,W.W. Grainger Inc.,W.W. Grainger Inc.,1,HACK,False,17902,False,"The Oregon Department of Justice reported a data breach involving W.W. Grainger Inc. on April 20, 2018. The breach occurred between September 26, 2017, and October 12, 2017, affecting a total of 17,902 individuals. Discovery of the breach was on April 10, 2018, and notice was sent on April 18, 2018.",2018-04-20 00:00:00,2017-10-12 00:00:00,"{""""Encryption Status"""":""""UNKN"""",""""Categories Affected"""":{""""Personal Identifiers"""":{""""Affected"""":""""UNKN"""",""""Examples"""":[]},""""Protected Classification Characteristics"""":{""""Affected"""":""""UNKN"""",""""Examples"""":[]},""""Commercial Information"""":{""""Affected"""":""""UNKN"""",""""Examples"""":[]},""""Biometric Information"""":{""""Affected"""":""""UNKN"""",""""Examples"""":[]},""""Internet or Network Activity"""":{""""Affected"""":""""UNKN"""",""""Examples"""":[]},""""Geolocation Data"""":{""""Affected"""":""""UNKN"""",""""Examples"""":[]},""""Sensory Data"""":{""""Affected"""":""""UNKN"""",""""Examples"""":[]},""""Professional or Employment-Related Information"""":{""""Affected"""":""""UNKN"""",""""Examples"""":[]},""""Education Information"""":{""""Affected"""":""""UNKN"""",""""Examples"""":[]},""""Inferences Drawn from Personal Information"""":{""""Affected"""":""""UNKN"""",""""Examples"""":[]},""""Sensitive Personal Information"""":{""""Affected"""":""""UNKN"""",""""Examples"""":[]},""""Customer Records"""":{""""Affected"""":""""UNKN"""",""""Examples"""":[]}}}",BSO,VERIFIED-GATE1,Gate1-A (GWW),,0,,0.2781,11.5449,0.2682,11.3613,24.1204,50.3643,183686.83,1203762.86,26.2439,52695.0,GWW,window,1,8.6472,0.6653,0.1064,0.1443,1,1,206.0,0,0,0.0,0,0,1,1,78.0,2017-09-26,2018-04-20,2.126493,1.327957,-0.7985359999999999,2018.0,21,21,True,5000.0,50,2,206.0,1.0,Q2,2018,-0.013682152767195088
315293,2020-12-17,Aon Corporation,Aon Corporation,1,INSD,False,11731,False,"The Montana Department of Justice reported a data breach involving Aon Corporation on May 21, 2021. The breach, which occurred on December 17, 2020, involved the unauthorized access and sharing of personal information of approximately 11,731 U.S. employees of Thomson Reuters, including elements such as names, addresses, social security numbers, and compensation details.",2021-05-21 00:00:00,2020-12-17 00:00:00,"{""""Encryption Status"""":""""Unencrypted"""",""""Categories Affected"""":{""""Personal Identifiers"""":{""""Affected"""":""""Yes"""",""""Examples"""":[""""Name"""",""""Address"""",""""Social Security number""""]},""""Protected Classification Characteristics"""":{""""Affected"""":""""No"""",""""Examples"""":[]},""""Commercial Information"""":{""""Affected"""":""""Yes"""",""""Examples"""":[""""Compensation details""""]},""""Biometric Information"""":{""""Affected"""":""""No"""",""""Examples"""":[]},""""Internet or Network Activity"""":{""""Affected"""":""""No"""",""""Examples"""":[]},""""Geolocation Data"""":{""""Affected"""":""""No"""",""""Examples"""":[]},""""Sensory Data"""":{""""Affected"""":""""No"""",""""Examples"""":[]},""""Professional or Employment-Related Information"""":{""""Affected"""":""""No"""",""""Examples"""":[]},""""Education Information"""":{""""Affected"""":""""No"""",""""Examples"""":[]},""""Inferences Drawn from Personal Information"""":{""""Affected"""":""""No"""",""""Examples"""":[]},""""Sensitive Personal Information"""":{""""Affected"""":""""Yes"""",""""Examples"""":[""""Social Security number""""]},""""Customer Records"""":{""""Affected"""":""""No"""",""""Examples"""":[]}}}",BSO,VERIFIED-GATE1,"Gate1-A (plain-name record, pre-redomiciliation registrant)",,0,,0.0071,-3.614,-0.0587,-3.878,24.7032,23.4459,410777.93,709635.94,-1.2573,61735.0,AON,window,1,10.2889,0.8827,0.0521,0.2891,0,0,155.0,0,0,0.0,0,0,1,1,43.0,2020-12-17,2021-05-21,1.512409,1.577605,0.06519600000000003,2021.0,21,21,True,6411.0,64,0,155.0,0.0,Q3,2021,-5.360156762890256e-13
318154,2021-04-21,Amgen Inc.,Amgen Inc.,1,HACK,False,101445,False,"The Oregon Department of Justice reported that Amgen Inc. experienced a data breach affecting 101,445 individuals. The breach occurred between April 21, 2021, and May 14, 2021, with the discovery date on May 27, 2021, and notification sent on June 22, 2021.",2021-06-22 00:00:00,2021-05-14 00:00:00,"{""""Encryption Status"""":""""UNKN"""",""""Categories Affected"""":{""""Personal Identifiers"""":{""""Affected"""":""""UNKN"""",""""Examples"""":[]},""""Protected Classification Characteristics"""":{""""Affected"""":""""UNKN"""",""""Examples"""":[]},""""Commercial Information"""":{""""Affected"""":""""UNKN"""",""""Examples"""":[]},""""Biometric Information"""":{""""Affected"""":""""UNKN"""",""""Examples"""":[]},""""Internet or Network Activity"""":{""""Affected"""":""""UNKN"""",""""Examples"""":[]},""""Geolocation Data"""":{""""Affected"""":""""UNKN"""",""""Examples"""":[]},""""Sensory Data"""":{""""Affected"""":""""UNKN"""",""""Examples"""":[]},""""Professional or Employment-Related Information"""":{""""Affected"""":""""UNKN"""",""""Examples"""":[]},""""Education Information"""":{""""Affected"""":""""UNKN"""",""""Examples"""":[]},""""Inferences Drawn from Personal Information"""":{""""Affected"""":""""UNKN"""",""""Examples"""":[]},""""Sensitive Personal Information"""":{""""Affected"""":""""UNKN"""",""""Examples"""":[]},""""Customer Records"""":{""""Affected"""":""""UNKN"""",""""Examples"""":[]}}}",BSO,VERIFIED,EDGAR name: AMGEN INC,,0,,-10.7994,-10.4896,-10.6944,-10.4985,18.7055,29.0144,2061152.93,1220321.8,10.3089,14008.0,AMGN,window,1,11.0501,0.8505,0.1154,0.4947,0,0,62.0,0,0,0.0,0,0,0,1,100.0,2021-04-21,2021-06-22,1.136184,0.765131,-0.3710530000000001,2021.0,21,21,True,2836.0,28,0,62.0,0.0,Q3,2021,-0.02933515148734145
318154,2023-08-16,Amgen Inc.,Amgen Inc.,1,HACK,False,3,False,"The New Hampshire Department of Justice reported on September 25, 2024, that Amgen, Inc. experienced a data security incident that potentially affected the personal information of 3 New Hampshire residents. The breach involved unauthorized access to systems managed by Amgen's service provider, Sirva, Inc., occurring between August 16, 2023, and October 17, 2023, during which certain files were accessed and copied.",2024-09-25 00:00:00,2023-10-17 00:00:00,"{""""Encryption Status"""":""""Unencrypted"""",""""Categories Affected"""":{""""Personal Identifiers"""":{""""Affected"""":""""UNKN"""",""""Examples"""":[]},""""Protected Classification Characteristics"""":{""""Affected"""":""""UNKN"""",""""Examples"""":[]},""""Commercial Information"""":{""""Affected"""":""""UNKN"""",""""Examples"""":[]},""""Biometric Information"""":{""""Affected"""":""""UNKN"""",""""Examples"""":[]},""""Internet or Network Activity"""":{""""Affected"""":""""UNKN"""",""""Examples"""":[]},""""Geolocation Data"""":{""""Affected"""":""""UNKN"""",""""Examples"""":[]},""""Sensory Data"""":{""""Affected"""":""""UNKN"""",""""Examples"""":[]},""""Professional or Employment-Related Information"""":{""""Affected"""":""""UNKN"""",""""Examples"""":[]},""""Education Information"""":{""""Affected"""":""""UNKN"""",""""Examples"""":[]},""""Inferences Drawn from Personal Information"""":{""""Affected"""":""""UNKN"""",""""Examples"""":[]},""""Sensitive Personal Information"""":{""""Affected"""":""""UNKN"""",""""Examples"""":[]},""""Customer Records"""":{""""Affected"""":""""UNKN"""",""""Examples"""":[]}}}",BSO,VERIFIED,EDGAR name: AMGEN INC,,0,,-2.3892,5.677,-2.3561,5.5753,25.5039,17.3456,1621105.73,954418.66,-8.1583,14008.0,AMGN,window,1,11.084,0.9438,0.1006,0.5072,1,0,406.0,0,0,0.0,0,0,0,1,120.0,2023-08-16,2024-09-25,0.925273,0.927751,0.0024779999999999802,2024.0,21,21,True,2836.0,28,1,406.0,1.0,Q3,2024,3.396394276933279e-12
320193,2010-06-01,Apple Inc.,Apple Inc.,1,HACK,False,114000,False,"Two hackers exploited a vulnerability in AT&T's network to steal email addresses of iPad users via brute force attack. This was AT&T's responsibility, not Apple's directly.",2010-06-09 00:00:00,2010-06-01 00:00:00,,BSO,VERIFIED,EDGAR name: APPLE COMPUTER INC,,0,,-0.1233,-2.1104,-0.0666,-2.2493,43.3996,30.3167,10134301.85,5631836.93,-13.0829,14593.0,AAPL,window,1,10.7685,0.3339,0.1734,0.2896,0,0,8.0,0,0,0.0,0,0,0,1,169.0,2010-06-01,2010-06-09,2.809949,1.829748,-0.9802010000000001,2010.0,21,21,True,3571.0,35,0,8.0,0.0,Q3,2010,-0.37699851907675574
320193,2013-07-18,Apple Inc.,Apple Inc.,1,HACK,False,275000,False,"Names, IDs, email addresses, mailing addresses",2013-07-21 00:00:00,2013-08-10 00:00:00,,BSO,VERIFIED,EDGAR name: APPLE COMPUTER INC,,0,,1.2781,16.0549,1.14,16.6758,20.7229,28.2406,3504435.09,6609944.81,7.5177,14593.0,AAPL,window,1,12.0786,0.3286,0.237,0.3734,1,0,3.0,0,0,1.0,0,1,1,1,12.0,2013-07-18,2013-07-21,1.430918,1.398235,-0.03268300000000002,2013.0,21,21,True,3663.0,36,1,3.0,1.0,Q4 (largest),2013,0.12236719207851321
320193,2014-08-31,Apple Inc.,Apple Inc.,1,HACK,False,1000,False,Spear phishing attack compromised iCloud login credentials,2014-08-31 00:00:00,2014-09-01 00:00:00,,BSO,VERIFIED,EDGAR name: APPLE COMPUTER INC,,0,,-4.0214,5.4456,-4.0492,4.965,14.9363,27.2572,13587520.43,33748779.85,12.3209,14593.0,AAPL,window,1,12.2405,0.4031,0.1789,0.3262,2,0,0.0,0,0,1.0,0,0,0,0,,2014-08-31,2014-08-31,0.927273,1.453791,0.526518,2014.0,21,21,True,3663.0,36,2,0.0,2.0,Q4 (largest),2014,-0.01556937414087578
320193,2015-07-01,Apple Inc.,Apple Inc.,1,HACK,False,225000,False,"Login credentials, private keys, certificates, purchase receipts",2015-08-25 00:00:00,2015-11-01 00:00:00,,BSO,VERIFIED,EDGAR name: APPLE COMPUTER INC,,0,,-3.4662,-7.6726,-3.4159,-7.8416,14.2683,24.8179,10248262.41,20872214.16,10.5496,14593.0,AAPL,window,1,12.3538,0.5189,0.1704,0.3307,3,1,55.0,0,0,0.0,0,0,0,1,93.0,2015-07-01,2015-08-25,1.984786,2.092565,0.10777900000000007,2015.0,21,21,True,3663.0,36,3,55.0,3.0,Q4 (largest),2015,0.34327533318862224
320193,2015-09-18,Apple Inc.,Apple Inc.,1,HACK,False,128000000,False,"Malicious version of Xcode development tool infected 4,000+ apps",2015-09-16 00:00:00,2015-11-30 00:00:00,,BSO,VERIFIED,EDGAR name: APPLE COMPUTER INC,,0,,4.2167,2.315,4.1507,2.1624,43.5657,20.6127,29673910.0,12255796.11,-22.953,14593.0,AAPL,window,1,12.3538,0.5189,0.1704,0.3307,4,1,0.0,0,1,1.0,0,1,1,1,14.0,2015-09-18,2015-09-16,2.965154,1.280962,-1.6841920000000001,2015.0,21,21,True,3663.0,36,4,0.0,4.0,Q4 (largest),2015,-0.929294585850821
320193,2019-02-02,Apple Inc.,Apple Inc.,1,INSD,False,1,False,"On May 30, 2019, the New Hampshire Department of Justice reported a data breach involving Apple Inc. that potentially affected the personal information of one New Hampshire resident. The incident occurred on February 2, 2019, when an associate of Teleperformance AHA, a service provider to Apple, may have improperly accessed a customer's payment card information during a screen sharing session.",2019-05-30 00:00:00,2019-02-28 00:00:00,"{""""Encryption Status"""":""""Unencrypted"""",""""Categories Affected"""":{""""Personal Identifiers"""":{""""Affected"""":""""Yes"""",""""Examples"""":[""""Name"""",""""Billing/shipping address"""",""""Email address"""",""""Payment card account number""""]},""""Protected Classification Characteristics"""":{""""Affected"""":""""No"""",""""Examples"""":[]},""""Commercial Information"""":{""""Affected"""":""""No"""",""""Examples"""":[]},""""Biometric Information"""":{""""Affected"""":""""No"""",""""Examples"""":[]},""""Internet or Network Activity"""":{""""Affected"""":""""No"""",""""Examples"""":[]},""""Geolocation Data"""":{""""Affected"""":""""No"""",""""Examples"""":[]},""""Sensory Data"""":{""""Affected"""":""""No"""",""""Examples"""":[]},""""Professional or Employment-Related Information"""":{""""Affected"""":""""No"""",""""Examples"""":[]},""""Education Information"""":{""""Affected"""":""""No"""",""""Examples"""":[]},""""Inferences Drawn from Personal Information"""":{""""Affected"""":""""No"""",""""Examples"""":[]},""""Sensitive Personal Information"""":{""""Affected"""":""""Yes"""",""""Examples"""":[""""Payment card account number"""",""""Payment card expiration date"""",""""Payment card verification number (CVV2)""""]},""""Customer Records"""":{""""Affected"""":""""No"""",""""Examples"""":[]}}}",BSO,VERIFIED,EDGAR name: APPLE COMPUTER INC,,0,,2.6762,8.0849,2.6504,8.6541,49.4867,15.9823,14818888.16,5077216.09,-33.5044,14593.0,AAPL,window,1,12.8096,0.707,0.1628,0.3013,5,0,117.0,0,0,0.0,0,1,1,1,4.0,2019-02-02,2019-05-30,2.166064,1.124451,-1.041613,2019.0,21,21,True,3663.0,36,5,117.0,5.0,Q4 (largest),2019,-0.2526340306208106
320193,2020-11-01,Apple Inc.,Apple Inc.,1,INSD,False,100000,False,Security researcher discovered vulnerability that could allow hackers to steal passwords; Apple released security update.,2020-11-01 00:00:00,2020-11-01 00:00:00,,BSO,VERIFIED,EDGAR name: APPLE COMPUTER INC,,0,,-1.2406,2.1677,-1.4484,2.0783,43.0812,28.961,43334180.02,31029636.68,-14.1202,14593.0,AAPL,window,1,12.6882,0.7983,0.1773,0.2768,6,0,0.0,0,0,1.0,0,0,1,1,65.0,2020-11-01,2020-11-01,2.240199,1.469781,-0.770418,2020.0,21,21,True,3663.0,36,6,0.0,6.0,Q4 (largest),2020,-0.5750481657940729
354190,2017-06-01,Gallagher NAC,Gallagher NAC,1,HACK,False,138,False,"The New Hampshire Attorney General's Office reported a data breach by Gallagher NAC (GNAC) on November 13, 2017. The incident potentially affected the personal information of approximately 138 New Hampshire residents due to unusual activity detected on September 21, 2017, with evidence that data may have left their system between June 18, 2017, and September 19, 2017, including names and Social Security numbers.",2017-11-13 00:00:00,2017-09-19 00:00:00,"{""""Encryption Status"""":""""Unencrypted"""",""""Categories Affected"""":{""""Personal Identifiers"""":{""""Affected"""":""""Yes"""",""""Examples"""":[""""Name"""",""""Social Security number""""]},""""Protected Classification Characteristics"""":{""""Affected"""":""""No"""",""""Examples"""":[]},""""Commercial Information"""":{""""Affected"""":""""No"""",""""Examples"""":[]},""""Biometric Information"""":{""""Affected"""":""""No"""",""""Examples"""":[]},""""Internet or Network Activity"""":{""""Affected"""":""""No"""",""""Examples"""":[]},""""Geolocation Data"""":{""""Affected"""":""""No"""",""""Examples"""":[]},""""Sensory Data"""":{""""Affected"""":""""No"""",""""Examples"""":[]},""""Professional or Employment-Related Information"""":{""""Affected"""":""""No"""",""""Examples"""":[]},""""Education Information"""":{""""Affected"""":""""No"""",""""Examples"""":[]},""""Inferences Drawn from Personal Information"""":{""""Affected"""":""""No"""",""""Examples"""":[]},""""Sensitive Personal Information"""":{""""Affected"""":""""Yes"""",""""Examples"""":[""""Social Security number""""]},""""Customer Records"""":{""""Affected"""":""""No"""",""""Examples"""":[]}}}",BSO,VERIFIED-GATE1,Gate1-G rescue: Arthur J. Gallagher subsidiary; legacy 354190 was right (ticker AJG -> CIK 354190),,0,,0.0963,-0.8907,0.0737,-0.9811,11.9341,14.1316,270083.44,278287.88,2.1975,38093.0,AJG,window,1,9.3492,0.6818,0.0361,0.1711,0,0,165.0,0,0,0.0,0,0,0,0,,2017-06-01,2017-11-13,0.432434,0.876632,0.444198,2017.0,21,21,True,6411.0,64,0,165.0,0.0,Q2,2017,-4.430567024371612e-12
354190,2017-06-18,Gallagher NAC,Gallagher NAC,3,HACK,False,4026,True,"On November 13, 2017, the Iowa Attorney General's Office reported a data breach involving Gallagher NAC (GNAC), which potentially affected the personal information of approximately 1,112 Iowa residents. The breach was discovered on September 21, 2017, when unusual activity was detected in a database, with evidence that a small amount of data left the system between June 18, 2017, and September 19, 2017, although the specific contents of the data remain unknown.",2017-11-13 00:00:00,2017-09-19 00:00:00,"{""""Encryption Status"""":""""Unencrypted"""",""""Categories Affected"""":{""""Personal Identifiers"""":{""""Affected"""":""""Yes"""",""""Examples"""":[""""First and last name"""",""""Social Security number""""]},""""Protected Classification Characteristics"""":{""""Affected"""":""""No"""",""""Examples"""":[]},""""Commercial Information"""":{""""Affected"""":""""No"""",""""Examples"""":[]},""""Biometric Information"""":{""""Affected"""":""""No"""",""""Examples"""":[]},""""Internet or Network Activity"""":{""""Affected"""":""""No"""",""""Examples"""":[]},""""Geolocation Data"""":{""""Affected"""":""""No"""",""""Examples"""":[]},""""Sensory Data"""":{""""Affected"""":""""No"""",""""Examples"""":[]},""""Professional or Employment-Related Information"""":{""""Affected"""":""""No"""",""""Examples"""":[]},""""Education Information"""":{""""Affected"""":""""No"""",""""Examples"""":[]},""""Inferences Drawn from Personal Information"""":{""""Affected"""":""""No"""",""""Examples"""":[]},""""Sensitive Personal Information"""":{""""Affected"""":""""Yes"""",""""Examples"""":[""""Social Security number""""]},""""Customer Records"""":{""""Affected"""":""""Yes"""",""""Examples"""":[""""Financial & Banking Information""""]}}}",BSO,VERIFIED-GATE1,Gate1-G rescue: Arthur J. Gallagher subsidiary; legacy 354190 was right (ticker AJG -> CIK 354190),,0,,-4.0241,-1.7525,-3.9756,-1.861,11.6074,12.4663,265375.44,209190.42,0.8589,38093.0,AJG,window,1,9.3492,0.6818,0.0361,0.1711,1,1,148.0,0,0,0.0,0,0,0,0,,2017-06-18,2017-11-13,0.432434,0.876632,0.444198,2017.0,21,21,True,6411.0,64,1,148.0,1.0,Q2,2017,-4.430567024371612e-12
354950,2014-02-10,The Home Depot,The Home Depot,1,INSD,False,117,False,"The New Hampshire Attorney General's Office reported on March 14, 2014, that The Home Depot experienced a data incident involving the misuse of employee information by three terminated HR employees. A total of 117 Virginia residents were affected, with notifications sent on March 11, 2014.",2014-03-14 00:00:00,2014-03-11 00:00:00,"{""""Encryption Status"""":""""Unencrypted"""",""""Categories Affected"""":{""""Personal Identifiers"""":{""""Affected"""":""""Yes"""",""""Examples"""":[""""Name"""",""""Contact information"""",""""Social Security number"""",""""Driver's license number"""",""""Financial account numbers""""]},""""Protected Classification Characteristics"""":{""""Affected"""":""""No"""",""""Examples"""":[]},""""Commercial Information"""":{""""Affected"""":""""No"""",""""Examples"""":[]},""""Biometric Information"""":{""""Affected"""":""""No"""",""""Examples"""":[]},""""Internet or Network Activity"""":{""""Affected"""":""""No"""",""""Examples"""":[]},""""Geolocation Data"""":{""""Affected"""":""""No"""",""""Examples"""":[]},""""Sensory Data"""":{""""Affected"""":""""No"""",""""Examples"""":[]},""""Professional or Employment-Related Information"""":{""""Affected"""":""""No"""",""""Examples"""":[]},""""Education Information"""":{""""Affected"""":""""No"""",""""Examples"""":[]},""""Inferences Drawn from Personal Information"""":{""""Affected"""":""""No"""",""""Examples"""":[]},""""Sensitive Personal Information"""":{""""Affected"""":""""Yes"""",""""Examples"""":[""""Social Security number"""",""""Driver's license number"""",""""Financial account numbers""""]},""""Customer Records"""":{""""Affected"""":""""No"""",""""Examples"""":[]}}}",BSO,VERIFIED,EDGAR name: HOME DEPOT INC,,0,,-1.296,0.6724,-1.3203,0.5917,13.1826,16.7464,2207181.46,2271624.78,3.5638,66181.0,HD,window,1,10.6095,0.691,0.1329,0.1369,0,0,32.0,0,0,0.0,0,1,1,1,18.0,2014-02-10,2014-03-14,1.01389,0.85603,-0.15786,2014.0,21,21,True,5211.0,52,0,32.0,0.0,Q3,2014,-0.0170777126153131
723254,2020-09-16,Cintas Corporation,Cintas Corporation,1,HACK,False,2,False,"The New Hampshire Attorney General's Office reported a data breach involving Cintas Corporation on February 18, 2021. The breach occurred between September 16, 2020, and September 20, 2020, potentially affecting the names and financial account numbers of two New Hampshire residents. Cintas has implemented additional security measures in response to the incident.",2021-02-18 00:00:00,2020-12-25 00:00:00,"{
  """"Encryption Status"""": """"Unencrypted"""",
  """"Categories Affected"""": {
    """"Personal Identifiers"""": {
      """"Affected"""": """"Yes"""",
      """"Examples"""": [""""Name"""", """"Financial account number""""]
    },
    """"Protected Classification Characteristics"""": {
      """"Affected"""": """"No"""",
      """"Examples"""": []
    },
    """"Commercial Information"""": {
      """"Affected"""": """"No"""",
      """"Examples"""": []
    },
    """"Biometric Information"""": {
      """"Affected"""": """"No"""",
      """"Examples"""": []
    },
    """"Internet or Network Activity"""": {
      """"Affected"""": """"No"""",
      """"Examples"""": []
    },
    """"Geolocation Data"""": {
      """"Affected"""": """"No"""",
      """"Examples"""": []
    },
    """"Sensory Data"""": {
      """"Affected"""": """"No"""",
      """"Examples"""": []
    },
    """"Professional or Employment-Related Information"""": {
      """"Affected"""": """"No"""",
      """"Examples"""": []
    },
    """"Education Information"""": {
      """"Affected"""": """"No"""",
      """"Examples"""": []
    },
    """"Inferences Drawn from Personal Information"""": {
      """"Affected"""": """"No"""",
      """"Examples"""": []
    },
    """"Sensitive Personal Information"""": {
      """"Affected"""": """"Yes"""",
      """"Examples"""": [""""Financial account number""""]
    },
    """"Customer Records"""": {
      """"Affected"""": """"No"""",
      """"Examples"""": []
    }
  }
}",BSO,VERIFIED,EDGAR name: CINTAS CORP,,0,,1.2286,-0.9051,1.1504,-1.0619,25.0576,26.09,128144.36,198086.32,1.0324,23660.0,CTAS,window,1,8.9451,0.5782,0.1142,0.2022,0,0,155.0,0,0,0.0,0,0,0,0,,2020-09-16,2021-02-18,1.652409,2.233079,0.58067,2021.0,21,21,True,7200.0,72,0,155.0,0.0,Q2,2021,0.260858626466846
732712,2008-06-27,Verizon,Verizon,1,HACK,False,3696,False,"The Massachusetts Office of Consumer Affairs and Business Regulation reported a data breach involving Verizon on June 27, 2008, affecting 3,696 residents. The breach compromised electronic records, specifically Social Security Numbers (SSNs).",2008-06-27 00:00:00,2008-06-27 00:00:00,"{""""Encryption Status"""":""""Unencrypted"""",""""Categories Affected"""":{""""Personal Identifiers"""":{""""Affected"""":""""Yes"""",""""Examples"""":[""""Social Security number""""]},""""Protected Classification Characteristics"""":{""""Affected"""":""""No"""",""""Examples"""":[]},""""Commercial Information"""":{""""Affected"""":""""No"""",""""Examples"""":[]},""""Biometric Information"""":{""""Affected"""":""""No"""",""""Examples"""":[]},""""Internet or Network Activity"""":{""""Affected"""":""""No"""",""""Examples"""":[]},""""Geolocation Data"""":{""""Affected"""":""""No"""",""""Examples"""":[]},""""Sensory Data"""":{""""Affected"""":""""No"""",""""Examples"""":[]},""""Professional or Employment-Related Information"""":{""""Affected"""":""""No"""",""""Examples"""":[]},""""Education Information"""":{""""Affected"""":""""No"""",""""Examples"""":[]},""""Inferences Drawn from Personal Information"""":{""""Affected"""":""""No"""",""""Examples"""":[]},""""Sensitive Personal Information"""":{""""Affected"""":""""Yes"""",""""Examples"""":[""""Social Security number""""]},""""Customer Records"""":{""""Affected"""":""""No"""",""""Examples"""":[]}}}",BSO,VERIFIED-REASONING,SEC EDGAR: Verizon Communications Inc. parent | EDGAR-confirmed,,1,"Clause (a) adjudicated 8/4: Verizon carrier filer family (e.g., Verizon-NY FRN 0003469442 through 2021; successor consolidated records active after) — consolidation naming defeats exact matching post-2021",6.6395,3.7943,6.6036,3.8165,30.7536,22.937,6401200.15,3406965.96,-7.8166,65875.0,VZ,window,1,12.1386,0.5568,0.0295,0.3326,0,0,0.0,0,0,1.0,0,0,0,1,96.0,2008-06-27,2008-06-27,1.910114,1.377018,-0.533096,2008.0,21,21,True,4813.0,48,0,0.0,0.0,Q4 (largest),2008,0.005480631068754738
732712,2014-01-20,Verizon Corporate Services Group Inc.,Verizon Corporate Services Group Inc.,1,HACK,False,1,False,"The Indiana Office of the Attorney General reported that Verizon Corporate Services Group Inc experienced a data breach on January 20, 2014, affecting a total of 215 individuals, including 1 resident of Indiana. The breach was reported on February 25, 2014.",2014-02-25 00:00:00,2014-01-20 00:00:00,"{""""Encryption Status"""":""""UNKN"""",""""Categories Affected"""":{""""Personal Identifiers"""":{""""Affected"""":""""UNKN"""",""""Examples"""":[]},""""Protected Classification Characteristics"""":{""""Affected"""":""""UNKN"""",""""Examples"""":[]},""""Commercial Information"""":{""""Affected"""":""""UNKN"""",""""Examples"""":[]},""""Biometric Information"""":{""""Affected"""":""""UNKN"""",""""Examples"""":[]},""""Internet or Network Activity"""":{""""Affected"""":""""UNKN"""",""""Examples"""":[]},""""Geolocation Data"""":{""""Affected"""":""""UNKN"""",""""Examples"""":[]},""""Sensory Data"""":{""""Affected"""":""""UNKN"""",""""Examples"""":[]},""""Professional or Employment-Related Information"""":{""""Affected"""":""""UNKN"""",""""Examples"""":[]},""""Education Information"""":{""""Affected"""":""""UNKN"""",""""Examples"""":[]},""""Inferences Drawn from Personal Information"""":{""""Affected"""":""""UNKN"""",""""Examples"""":[]},""""Sensitive Personal Information"""":{""""Affected"""":""""UNKN"""",""""Examples"""":[]},""""Customer Records"""":{""""Affected"""":""""UNKN"""",""""Examples"""":[]}}}",BSO,VERIFIED-GATE1,Gate1-E: operating subsidiary,,1,"Clause (a) adjudicated 8/4: Verizon carrier filer family (e.g., Verizon-NY FRN 0003469442 through 2021; successor consolidated records active after) — consolidation naming defeats exact matching post-2021",0.3329,-4.4631,0.3348,-4.6192,16.9499,17.1173,4662488.14,7175551.01,0.1674,65875.0,VZ,window,1,12.5212,0.6519,0.0419,0.4029,1,0,36.0,0,0,0.0,0,1,1,1,22.0,2014-01-20,2014-02-25,1.041285,0.806973,-0.23431199999999996,2014.0,21,21,True,4812.0,48,1,36.0,1.0,Q4 (largest),2014,-0.037807761988919886
732712,2014-02-26,Verizon,Verizon,1,PHYS,False,7,False,"The Massachusetts Office of Consumer Affairs and Business Regulation reported that Verizon experienced a data breach on February 26, 2014, affecting 7 residents. The breach involved paper records containing Social Security Numbers (SSN) and account numbers.",2014-02-26 00:00:00,2014-02-26 00:00:00,"{""""Encryption Status"""":""""Unencrypted"""",""""Categories Affected"""":{""""Personal Identifiers"""":{""""Affected"""":""""Yes"""",""""Examples"""":[""""Social Security Number""""]},""""Protected Classification Characteristics"""":{""""Affected"""":""""No"""",""""Examples"""":[]},""""Commercial Information"""":{""""Affected"""":""""No"""",""""Examples"""":[]},""""Biometric Information"""":{""""Affected"""":""""No"""",""""Examples"""":[]},""""Internet or Network Activity"""":{""""Affected"""":""""No"""",""""Examples"""":[]},""""Geolocation Data"""":{""""Affected"""":""""No"""",""""Examples"""":[]},""""Sensory Data"""":{""""Affected"""":""""No"""",""""Examples"""":[]},""""Professional or Employment-Related Information"""":{""""Affected"""":""""No"""",""""Examples"""":[]},""""Education Information"""":{""""Affected"""":""""No"""",""""Examples"""":[]},""""Inferences Drawn from Personal Information"""":{""""Affected"""":""""No"""",""""Examples"""":[]},""""Sensitive Personal Information"""":{""""Affected"""":""""Yes"""",""""Examples"""":[""""Social Security Number""""]},""""Customer Records"""":{""""Affected"""":""""Yes"""",""""Examples"""":[""""Account number""""]}}}",BSO,VERIFIED-REASONING,SEC EDGAR: Verizon Communications Inc. parent | EDGAR-confirmed,,1,"Clause (a) adjudicated 8/4: Verizon carrier filer family (e.g., Verizon-NY FRN 0003469442 through 2021; successor consolidated records active after) — consolidation naming defeats exact matching post-2021",0.697,3.4982,0.6801,3.5643,20.8005,14.8122,118371167.67,27078603.73,-5.9883,65875.0,VZ,window,1,12.5212,0.6519,0.0419,0.4029,2,1,0.0,0,0,1.0,0,0,0,0,,2014-02-26,2014-02-26,1.087376,0.759899,-0.3274769999999999,2014.0,21,21,True,4812.0,48,2,0.0,2.0,Q4 (largest),2014,-0.04784607983319411
732712,2016-08-10,Verizon,Verizon,1,HACK,False,2,False,"On July 20, 2017, the Montana Department of Justice reported a data breach involving Verizon, which occurred due to unauthorized access to payment card and reservation information through Sabre Hospitality Solutions’ system. The breach was first accessed on August 10, 2016, and the last access was recorded on March 9, 2017, affecting 2 individuals.",2017-07-20 00:00:00,2017-03-09 00:00:00,"{""""Encryption Status"""":""""Unencrypted"""",""""Categories Affected"""":{""""Personal Identifiers"""":{""""Affected"""":""""Yes"""",""""Examples"""":[""""Cardholder name"""",""""Guest name"""",""""Email"""",""""Phone number"""",""""Address""""]},""""Protected Classification Characteristics"""":{""""Affected"""":""""No"""",""""Examples"""":[]},""""Commercial Information"""":{""""Affected"""":""""No"""",""""Examples"""":[]},""""Biometric Information"""":{""""Affected"""":""""No"""",""""Examples"""":[]},""""Internet or Network Activity"""":{""""Affected"""":""""No"""",""""Examples"""":[]},""""Geolocation Data"""":{""""Affected"""":""""No"""",""""Examples"""":[]},""""Sensory Data"""":{""""Affected"""":""""No"""",""""Examples"""":[]},""""Professional or Employment-Related Information"""":{""""Affected"""":""""No"""",""""Examples"""":[]},""""Education Information"""":{""""Affected"""":""""No"""",""""Examples"""":[]},""""Inferences Drawn from Personal Information"""":{""""Affected"""":""""No"""",""""Examples"""":[]},""""Sensitive Personal Information"""":{""""Affected"""":""""Yes"""",""""Examples"""":[""""Payment card number"""",""""Card expiration date"""",""""Card security code""""]},""""Customer Records"""":{""""Affected"""":""""No"""",""""Examples"""":[]}}}",BSO,VERIFIED-REASONING,SEC EDGAR: Verizon Communications Inc. parent | EDGAR-confirmed,,1,"Clause (a) adjudicated 8/4: Verizon carrier filer family (e.g., Verizon-NY FRN 0003469442 through 2021; successor consolidated records active after) — consolidation naming defeats exact matching post-2021",-1.0349,-2.8656,-1.0439,-2.9167,13.2505,15.4156,3324459.08,3072208.48,2.1651,65875.0,VZ,window,1,12.4075,0.9271,0.0731,0.3729,3,0,344.0,0,0,0.0,0,1,1,1,22.0,2016-08-10,2017-07-20,0.79708,1.768141,0.971061,2017.0,21,21,True,4812.0,48,3,344.0,3.0,Q4 (largest),2017,2.6645352591003757e-15
732712,2017-07-20,Verizon,Verizon,1,DISC,False,4,False,"The Massachusetts Office of Consumer Affairs and Business Regulation reported a data breach involving Verizon on July 20, 2017. The breach affected 4 residents and involved the exposure of credit and debit numbers within electronic records.",2017-07-20 00:00:00,2017-07-20 00:00:00,"{""""Encryption Status"""":""""Unencrypted"""",""""Categories Affected"""":{""""Personal Identifiers"""":{""""Affected"""":""""No"""",""""Examples"""":[]},""""Protected Classification Characteristics"""":{""""Affected"""":""""No"""",""""Examples"""":[]},""""Commercial Information"""":{""""Affected"""":""""No"""",""""Examples"""":[]},""""Biometric Information"""":{""""Affected"""":""""No"""",""""Examples"""":[]},""""Internet or Network Activity"""":{""""Affected"""":""""No"""",""""Examples"""":[]},""""Geolocation Data"""":{""""Affected"""":""""No"""",""""Examples"""":[]},""""Sensory Data"""":{""""Affected"""":""""No"""",""""Examples"""":[]},""""Professional or Employment-Related Information"""":{""""Affected"""":""""No"""",""""Examples"""":[]},""""Education Information"""":{""""Affected"""":""""No"""",""""Examples"""":[]},""""Inferences Drawn from Personal Information"""":{""""Affected"""":""""No"""",""""Examples"""":[]},""""Sensitive Personal Information"""":{""""Affected"""":""""Yes"""",""""Examples"""":[""""Credit card numbers"""",""""Debit card numbers""""]},""""Customer Records"""":{""""Affected"""":""""No"""",""""Examples"""":[]}}}",BSO,VERIFIED-REASONING,SEC EDGAR: Verizon Communications Inc. parent | EDGAR-confirmed,,1,"Clause (a) adjudicated 8/4: Verizon carrier filer family (e.g., Verizon-NY FRN 0003469442 through 2021; successor consolidated records active after) — consolidation naming defeats exact matching post-2021",9.8463,10.237,10.0097,10.408,12.6957,29.1129,3569536.7,8959875.21,16.4172,65875.0,VZ,window,1,12.4057,0.9016,0.0538,0.3332,4,1,0.0,0,0,1.0,0,0,1,1,76.0,2017-07-20,2017-07-20,0.79708,1.768141,0.971061,2017.0,21,21,True,4812.0,48,4,0.0,4.0,Q4 (largest),2017,2.6645352591003757e-15
732712,2019-03-12,Verizon Media,Verizon Media,2,INSD,False,2,True,"The New Hampshire Attorney General's Office reported on October 7, 2019, that Verizon Media experienced a data breach involving a third-party customer support agent who improperly accessed personal information of members between March 12, 2019, and August 12, 2019. One New Hampshire resident was affected, with compromised data potentially including names, email addresses, passwords, security questions, telephone numbers, postal addresses, dates of birth, and payment card information.",2019-10-07 00:00:00,2019-08-12 00:00:00,"{""""Encryption Status"""":""""Unencrypted"""",""""Categories Affected"""":{""""Personal Identifiers"""":{""""Affected"""":""""Yes"""",""""Examples"""":[""""Name"""",""""Email address"""",""""Online account password"""",""""Security questions and answers"""",""""Telephone number"""",""""Postal address"""",""""Date of birth""""]},""""Protected Classification Characteristics"""":{""""Affected"""":""""No"""",""""Examples"""":[]},""""Commercial Information"""":{""""Affected"""":""""No"""",""""Examples"""":[]},""""Biometric Information"""":{""""Affected"""":""""No"""",""""Examples"""":[]},""""Internet or Network Activity"""":{""""Affected"""":""""No"""",""""Examples"""":[]},""""Geolocation Data"""":{""""Affected"""":""""No"""",""""Examples"""":[]},""""Sensory Data"""":{""""Affected"""":""""No"""",""""Examples"""":[]},""""Professional or Employment-Related Information"""":{""""Affected"""":""""No"""",""""Examples"""":[]},""""Education Information"""":{""""Affected"""":""""No"""",""""Examples"""":[]},""""Inferences Drawn from Personal Information"""":{""""Affected"""":""""No"""",""""Examples"""":[]},""""Sensitive Personal Information"""":{""""Affected"""":""""Yes"""",""""Examples"""":[""""Payment card information"""",""""Other financial account information""""]},""""Customer Records"""":{""""Affected"""":""""No"""",""""Examples"""":[]}}}",BSO,VERIFIED-GATE1,Gate1-E: Verizon ownership window 7/2017-8/2021,,0,"NOT treated (8/4): content division (Yahoo/AOL), not telecom subscriber operations",-1.7768,-4.4758,-1.7974,-4.6809,14.2581,15.5538,3573983.72,4345901.28,1.2957,65875.0,VZ,window,1,12.4868,0.7934,0.0586,0.3605,5,0,209.0,0,0,0.0,0,0,1,1,58.0,2019-03-12,2019-10-07,0.606733,0.806372,0.199639,2019.0,21,21,True,4812.0,48,5,209.0,5.0,Q4 (largest),2019,0.019111687493425844
732712,2019-04-24,Verizon,Verizon,1,HACK,False,470000,False,"The Maine Attorney General's Office reported a data breach involving Verizon that occurred between April 24, 2019, and April 26, 2019. The breach affected a total of 26 individuals, with 1 resident from Maine specifically impacted. Consumers were notified on May 31, 2019, and Verizon offered two years of credit monitoring and identity theft protection services through Experian.",2019-05-31 00:00:00,2019-04-26 00:00:00,"{""""Encryption Status"""":""""UNKN"""",""""Categories Affected"""":{""""Personal Identifiers"""":{""""Affected"""":""""UNKN"""",""""Examples"""":[]},""""Protected Classification Characteristics"""":{""""Affected"""":""""UNKN"""",""""Examples"""":[]},""""Commercial Information"""":{""""Affected"""":""""UNKN"""",""""Examples"""":[]},""""Biometric Information"""":{""""Affected"""":""""UNKN"""",""""Examples"""":[]},""""Internet or Network Activity"""":{""""Affected"""":""""UNKN"""",""""Examples"""":[]},""""Geolocation Data"""":{""""Affected"""":""""UNKN"""",""""Examples"""":[]},""""Sensory Data"""":{""""Affected"""":""""UNKN"""",""""Examples"""":[]},""""Professional or Employment-Related Information"""":{""""Affected"""":""""UNKN"""",""""Examples"""":[]},""""Education Information"""":{""""Affected"""":""""UNKN"""",""""Examples"""":[]},""""Inferences Drawn from Personal Information"""":{""""Affected"""":""""UNKN"""",""""Examples"""":[]},""""Sensitive Personal Information"""":{""""Affected"""":""""UNKN"""",""""Examples"""":[]},""""Customer Records"""":{""""Affected"""":""""UNKN"""",""""Examples"""":[]}}}",BSO,VERIFIED-REASONING,SEC EDGAR: Verizon Communications Inc. parent | EDGAR-confirmed,,1,"Clause (a) adjudicated 8/4: Verizon carrier filer family (e.g., Verizon-NY FRN 0003469442 through 2021; successor consolidated records active after) — consolidation naming defeats exact matching post-2021",-0.6765,3.851,-0.7084,3.6228,16.7494,14.0704,4683949.08,2754971.35,-2.679,65875.0,VZ,window,1,12.4868,0.7934,0.0586,0.3605,6,1,37.0,0,0,0.0,0,1,1,1,15.0,2019-04-24,2019-05-31,0.918668,1.061529,0.1428609999999999,2019.0,21,21,True,4812.0,48,7,37.0,6.0,Q4 (largest),2019,0.020730985179592043
732712,2019-06-03,Verizon,Verizon,1,PHYS,False,6,False,"The Massachusetts Office of Consumer Affairs and Business Regulation reported a data breach involving Verizon on June 3, 2019. The breach affected 1 resident and involved compromised credit/debit numbers contained in paper records.",2019-06-03 00:00:00,2019-06-03 00:00:00,"{""""Encryption Status"""":""""Unencrypted"""",""""Categories Affected"""":{""""Personal Identifiers"""":{""""Affected"""":""""No"""",""""Examples"""":[]},""""Protected Classification Characteristics"""":{""""Affected"""":""""No"""",""""Examples"""":[]},""""Commercial Information"""":{""""Affected"""":""""No"""",""""Examples"""":[]},""""Biometric Information"""":{""""Affected"""":""""No"""",""""Examples"""":[]},""""Internet or Network Activity"""":{""""Affected"""":""""No"""",""""Examples"""":[]},""""Geolocation Data"""":{""""Affected"""":""""No"""",""""Examples"""":[]},""""Sensory Data"""":{""""Affected"""":""""No"""",""""Examples"""":[]},""""Professional or Employment-Related Information"""":{""""Affected"""":""""No"""",""""Examples"""":[]},""""Education Information"""":{""""Affected"""":""""No"""",""""Examples"""":[]},""""Inferences Drawn from Personal Information"""":{""""Affected"""":""""No"""",""""Examples"""":[]},""""Sensitive Personal Information"""":{""""Affected"""":""""Yes"""",""""Examples"""":[""""Credit/debit numbers""""]},""""Customer Records"""":{""""Affected"""":""""No"""",""""Examples"""":[]}}}",BSO,VERIFIED-REASONING,SEC EDGAR: Verizon Communications Inc. parent | EDGAR-confirmed,,1,"Clause (a) adjudicated 8/4: Verizon carrier filer family (e.g., Verizon-NY FRN 0003469442 through 2021; successor consolidated records active after) — consolidation naming defeats exact matching post-2021",-1.1221,-1.6664,-1.2405,-1.9635,20.4998,20.5422,4421663.4,3491225.97,0.0424,65875.0,VZ,window,1,12.4868,0.7934,0.0586,0.3605,7,2,0.0,0,0,1.0,0,0,0,0,,2019-06-03,2019-06-03,0.756208,1.1092,0.352992,2019.0,21,21,True,4812.0,48,8,0.0,7.0,Q4 (largest),2019,0.0184179162271374
732712,2023-05-11,Verizon,Verizon,1,INSD,False,1,False,"The Maryland Office of the Attorney General reported a data breach involving Verizon on May 11, 2023. The breach occurred when a partner employee improperly accessed Social Security numbers of Verizon customers, affecting one Maryland resident. The exposed information included names and Social Security numbers.",2023-05-11 00:00:00,2023-05-11 00:00:00,"{""""Encryption Status"""":""""Unencrypted"""",""""Categories Affected"""":{""""Personal Identifiers"""":{""""Affected"""":""""Yes"""",""""Examples"""":[""""Name"""",""""Social Security number""""]},""""Protected Classification Characteristics"""":{""""Affected"""":""""No"""",""""Examples"""":[]},""""Commercial Information"""":{""""Affected"""":""""No"""",""""Examples"""":[]},""""Biometric Information"""":{""""Affected"""":""""No"""",""""Examples"""":[]},""""Internet or Network Activity"""":{""""Affected"""":""""No"""",""""Examples"""":[]},""""Geolocation Data"""":{""""Affected"""":""""No"""",""""Examples"""":[]},""""Sensory Data"""":{""""Affected"""":""""No"""",""""Examples"""":[]},""""Professional or Employment-Related Information"""":{""""Affected"""":""""No"""",""""Examples"""":[]},""""Education Information"""":{""""Affected"""":""""No"""",""""Examples"""":[]},""""Inferences Drawn from Personal Information"""":{""""Affected"""":""""No"""",""""Examples"""":[]},""""Sensitive Personal Information"""":{""""Affected"""":""""Yes"""",""""Examples"""":[""""Social Security number""""]},""""Customer Records"""":{""""Affected"""":""""No"""",""""Examples"""":[]}}}",BSO,VERIFIED-REASONING,SEC EDGAR: Verizon Communications Inc. parent | EDGAR-confirmed,,1,"Clause (a) adjudicated 8/4: Verizon carrier filer family (e.g., Verizon-NY FRN 0003469442 through 2021; successor consolidated records active after) — consolidation naming defeats exact matching post-2021",-5.3474,-8.181,-5.3025,-8.3574,24.2172,21.2822,5293307.64,12791069.27,-2.935,65875.0,VZ,window,1,12.8471,0.7565,0.056,0.3477,8,0,0.0,0,0,1.0,0,0,0,0,,2023-05-11,2023-05-11,1.660383,1.301285,-0.3590979999999999,2023.0,21,21,True,4812.0,48,9,0.0,8.0,Q4 (largest),2023,2.554875822013969e-08
732712,2023-09-21,Verizon Communications Inc.,Verizon Communications | Verizon Communications Inc | Verizon Communications Inc.,6,HACK+INSD,True,63206,True,"The Maryland Office of the Attorney General reported a data breach involving Verizon Communications Inc. on February 5, 2024. The breach occurred on or around September 21, 2023, when a Verizon employee unlawfully obtained a file containing personal information of 3,192 Maryland employees, including names, addresses, Social Security numbers, gender, union affiliations, dates of birth, and compensation information.",2024-02-05 00:00:00,2023-12-12 00:00:00,"{
  """"Encryption Status"""": """"Unencrypted"""",
  """"Categories Affected"""": {
    """"Personal Identifiers"""": {
      """"Affected"""": """"Yes"""",
      """"Examples"""": [""""Names"""", """"Addresses"""", """"Social Security numbers""""]
    },
    """"Protected Classification Characteristics"""": {
      """"Affected"""": """"Yes"""",
      """"Examples"""": [""""Gender"""", """"Union affiliations""""]
    },
    """"Commercial Information"""": {
      """"Affected"""": """"Yes"""",
      """"Examples"""": [""""Compensation information""""]
    },
    """"Biometric Information"""": {
      """"Affected"""": """"No"""",
      """"Examples"""": []
    },
    """"Internet or Network Activity"""": {
      """"Affected"""": """"No"""",
      """"Examples"""": []
    },
    """"Geolocation Data"""": {
      """"Affected"""": """"No"""",
      """"Examples"""": []
    },
    """"Sensory Data"""": {
      """"Affected"""": """"No"""",
      """"Examples"""": []
    },
    """"Professional or Employment-Related Information"""": {
      """"Affected"""": """"Yes"""",
      """"Examples"""": [""""Compensation information""""]
    },
    """"Education Information"""": {
      """"Affected"""": """"No"""",
      """"Examples"""": []
    },
    """"Inferences Drawn from Personal Information"""": {
      """"Affected"""": """"No"""",
      """"Examples"""": []
    },
    """"Sensitive Personal Information"""": {
      """"Affected"""": """"Yes"""",
      """"Examples"""": [""""Social Security numbers""""]
    },
    """"Customer Records"""": {
      """"Affected"""": """"No"""",
      """"Examples"""": []
    }
  }
}",BSO,VERIFIED,EDGAR name: BELL ATLANTIC CORP,,1,"Clause (a) adjudicated 8/4: Verizon carrier filer family (e.g., Verizon-NY FRN 0003469442 through 2021; successor consolidated records active after) — consolidation naming defeats exact matching post-2021",-0.9666,11.8399,-0.937,11.6046,15.6013,19.2434,5514190.93,3725018.86,3.6421,65875.0,VZ,window,1,12.8471,0.7565,0.056,0.3477,9,1,137.0,0,0,0.0,0,0,0,1,125.0,2023-09-21,2024-02-05,1.995397,0.904407,-1.0909900000000001,2024.0,21,21,True,4812.0,48,10,137.0,9.0,Q4 (largest),2024,-0.1392438575148005
732712,2024-02-06,Verizon Communications Inc.,Verizon Communications Inc.,2,HACK+INSD,True,3251,True,"On February 6, 2024, the Massachusetts Office of Consumer Affairs and Business Regulation reported a data breach involving Verizon Communications Inc., which affected 3,251 residents and compromised Social Security Numbers (SSN).",2024-02-06 00:00:00,2024-02-06 00:00:00,"{""""Encryption Status"""":""""Unencrypted"""",""""Categories Affected"""":{""""Personal Identifiers"""":{""""Affected"""":""""Yes"""",""""Examples"""":[""""Social Security number""""]},""""Protected Classification Characteristics"""":{""""Affected"""":""""No"""",""""Examples"""":[]},""""Commercial Information"""":{""""Affected"""":""""No"""",""""Examples"""":[]},""""Biometric Information"""":{""""Affected"""":""""No"""",""""Examples"""":[]},""""Internet or Network Activity"""":{""""Affected"""":""""No"""",""""Examples"""":[]},""""Geolocation Data"""":{""""Affected"""":""""No"""",""""Examples"""":[]},""""Sensory Data"""":{""""Affected"""":""""No"""",""""Examples"""":[]},""""Professional or Employment-Related Information"""":{""""Affected"""":""""No"""",""""Examples"""":[]},""""Education Information"""":{""""Affected"""":""""No"""",""""Examples"""":[]},""""Inferences Drawn from Personal Information"""":{""""Affected"""":""""No"""",""""Examples"""":[]},""""Sensitive Personal Information"""":{""""Affected"""":""""Yes"""",""""Examples"""":[""""Social Security number""""]},""""Customer Records"""":{""""Affected"""":""""No"""",""""Examples"""":[]}}}",BSO,VERIFIED,EDGAR name: BELL ATLANTIC CORP,"NEAR-DUPLICATE CHAIN CH-06: 2 firm-day events collapsed [2024-02-06, 2024-02-09] (Gate 2 signed; record-count gaps not a distinctness signal)",1,"Clause (a) adjudicated 8/4: Verizon carrier filer family (e.g., Verizon-NY FRN 0003469442 through 2021; successor consolidated records active after) — consolidation naming defeats exact matching post-2021",-3.4017,-8.9702,-3.3667,-9.1442,30.2243,14.6865,7057834.84,3767661.84,-15.5378,65875.0,VZ,window,1,12.8486,0.7533,0.0305,0.3527,10,2,0.0,0,0,1.0,0,0,0,1,107.0,2024-02-06,2024-02-06,1.996365,0.883167,-1.113198,2024.0,21,21,True,4812.0,48,16,0.0,10.0,Q4 (largest),2024,-0.15168627750117825
732717,2008-05-23,AT&T,AT&T,1,PHYS,False,621,False,"The Massachusetts Office of Consumer Affairs and Business Regulation reported a data breach involving AT&T on May 23, 2008, affecting 621 residents. The breach involved the exposure of electronic records, specifically Social Security Numbers (SSN).",2008-05-23 00:00:00,2008-05-31 00:00:00,"{""""Encryption Status"""":""""Unencrypted"""",""""Categories Affected"""":{""""Personal Identifiers"""":{""""Affected"""":""""Yes"""",""""Examples"""":[""""Social Security Number""""]},""""Protected Classification Characteristics"""":{""""Affected"""":""""No"""",""""Examples"""":[]},""""Commercial Information"""":{""""Affected"""":""""No"""",""""Examples"""":[]},""""Biometric Information"""":{""""Affected"""":""""No"""",""""Examples"""":[]},""""Internet or Network Activity"""":{""""Affected"""":""""No"""",""""Examples"""":[]},""""Geolocation Data"""":{""""Affected"""":""""No"""",""""Examples"""":[]},""""Sensory Data"""":{""""Affected"""":""""No"""",""""Examples"""":[]},""""Professional or Employment-Related Information"""":{""""Affected"""":""""No"""",""""Examples"""":[]},""""Education Information"""":{""""Affected"""":""""No"""",""""Examples"""":[]},""""Inferences Drawn from Personal Information"""":{""""Affected"""":""""No"""",""""Examples"""":[]},""""Sensitive Personal Information"""":{""""Affected"""":""""Yes"""",""""Examples"""":[""""Social Security Number""""]},""""Customer Records"""":{""""Affected"""":""""No"""",""""Examples"""":[]}}}",BSO,VERIFIED-GATE1,Gate1-A: active registrant; 5907 is pre-2005 AT&T Corp (ticker T -> CIK 732717),,1,"Clause (a): registry match ""AT&T"" [dba] -> AT&T Enterprises, LLC (FRN 0005937974, start 1997-01-01, end none)",0.7156,-6.9862,0.6718,-6.363,17.7916,24.5752,4344355.38,6677646.25,6.7836,66093.0,T,window,1,12.5269,0.5815,0.0434,0.353,0,0,0.0,0,0,1.0,0,0,0,1,129.0,2008-05-23,2008-05-23,1.044347,1.614591,0.5702440000000002,2008.0,21,21,True,4813.0,48,0,0.0,0.0,Q4 (largest),2008,0.1508524974837171
732717,2012-01-01,AT&T,AT&T,1,PHYS,False,2000000,False,"The Massachusetts Office of Consumer Affairs and Business Regulation reported a data breach incident involving AT&T on February 13, 2012. The breach affected 21 residents and involved the exposure of electronic records, specifically credit and debit numbers.",2012-02-13 00:00:00,2017-01-01 00:00:00,"{""""Encryption Status"""":""""Unencrypted"""",""""Categories Affected"""":{""""Personal Identifiers"""":{""""Affected"""":""""No"""",""""Examples"""":[]},""""Protected Classification Characteristics"""":{""""Affected"""":""""No"""",""""Examples"""":[]},""""Commercial Information"""":{""""Affected"""":""""No"""",""""Examples"""":[]},""""Biometric Information"""":{""""Affected"""":""""No"""",""""Examples"""":[]},""""Internet or Network Activity"""":{""""Affected"""":""""No"""",""""Examples"""":[]},""""Geolocation Data"""":{""""Affected"""":""""No"""",""""Examples"""":[]},""""Sensory Data"""":{""""Affected"""":""""No"""",""""Examples"""":[]},""""Professional or Employment-Related Information"""":{""""Affected"""":""""No"""",""""Examples"""":[]},""""Education Information"""":{""""Affected"""":""""No"""",""""Examples"""":[]},""""Inferences Drawn from Personal Information"""":{""""Affected"""":""""No"""",""""Examples"""":[]},""""Sensitive Personal Information"""":{""""Affected"""":""""Yes"""",""""Examples"""":[""""CreditDebitNumbers""""]},""""Customer Records"""":{""""Affected"""":""""No"""",""""Examples"""":[]}}}",BSO,VERIFIED-GATE1,Gate1-A: active registrant; 5907 is pre-2005 AT&T Corp (ticker T -> CIK 732717),,1,"Clause (a): registry match ""AT&T"" [dba] -> AT&T Enterprises, LLC (FRN 0005937974, start 1997-01-01, end none)",-1.8261,-6.7237,-1.8297,-7.0413,16.809,12.4151,8076644.74,8758864.58,-4.3939,66093.0,T,window,1,12.5075,0.6087,0.0146,0.2737,1,0,43.0,0,0,0.0,0,0,0,1,180.0,2012-01-01,2012-02-13,0.798239,0.488159,-0.31008,2012.0,21,21,True,4812.0,48,1,43.0,1.0,Q4 (largest),2012,-0.11098558128724956
732717,2013-01-01,AT&T,AT&T,1,INSD,False,280000,False,"The Massachusetts Office of Consumer Affairs and Business Regulation reported a data breach involving AT&T on April 21, 2015. The breach affected 605 residents and compromised Electronic Records, specifically Social Security Numbers (SSN).",2015-04-21 00:00:00,2014-01-01 00:00:00,"{""""Encryption Status"""":""""Unencrypted"""",""""Categories Affected"""":{""""Personal Identifiers"""":{""""Affected"""":""""Yes"""",""""Examples"""":[""""Social Security number""""]},""""Protected Classification Characteristics"""":{""""Affected"""":""""No"""",""""Examples"""":[]},""""Commercial Information"""":{""""Affected"""":""""No"""",""""Examples"""":[]},""""Biometric Information"""":{""""Affected"""":""""No"""",""""Examples"""":[]},""""Internet or Network Activity"""":{""""Affected"""":""""No"""",""""Examples"""":[]},""""Geolocation Data"""":{""""Affected"""":""""No"""",""""Examples"""":[]},""""Sensory Data"""":{""""Affected"""":""""No"""",""""Examples"""":[]},""""Professional or Employment-Related Information"""":{""""Affected"""":""""No"""",""""Examples"""":[]},""""Education Information"""":{""""Affected"""":""""No"""",""""Examples"""":[]},""""Inferences Drawn from Personal Information"""":{""""Affected"""":""""No"""",""""Examples"""":[]},""""Sensitive Personal Information"""":{""""Affected"""":""""Yes"""",""""Examples"""":[""""Social Security number""""]},""""Customer Records"""":{""""Affected"""":""""No"""",""""Examples"""":[]}}}",BSO,VERIFIED-GATE1,Gate1-A: active registrant; 5907 is pre-2005 AT&T Corp (ticker T -> CIK 732717),,1,"Clause (a): registry match ""AT&T"" [dba] -> AT&T Enterprises, LLC (FRN 0005937974, start 1997-01-01, end none)",0.4013,-0.8353,0.3676,-1.0133,13.4234,18.1659,8530622.28,5569639.76,4.7425,66093.0,T,window,1,12.5147,0.6596,0.0267,0.2444,2,0,840.0,0,0,0.0,0,0,1,1,34.0,2013-01-01,2015-04-21,0.806912,1.08006,0.27314800000000006,2015.0,21,21,True,4812.0,48,2,788.399999999998,2.0,Q4 (largest),2015,0.1255101010323355
732717,2013-11-05,AT&T,AT&T,1,INSD,False,48,False,"The Maine Office of the Attorney General reported a data breach involving AT&T on June 11, 2014. The breach occurred between November 5, 2013, and January 18, 2014, affecting 4 residents, with 3 AT&T employees accessing personal information in customer accounts without authorization.",2014-06-11 00:00:00,2014-01-18 00:00:00,"{""""Encryption Status"""": """"Unencrypted"""", """"Categories Affected"""": {""""Personal Identifiers"""": {""""Affected"""": """"Yes"""", """"Examples"""": [""""Personal information in customer accounts""""]}, """"Protected Classification Characteristics"""": {""""Affected"""": """"No"""", """"Examples"""": []}, """"Commercial Information"""": {""""Affected"""": """"No"""", """"Examples"""": []}, """"Biometric Information"""": {""""Affected"""": """"No"""", """"Examples"""": []}, """"Internet or Network Activity"""": {""""Affected"""": """"No"""", """"Examples"""": []}, """"Geolocation Data"""": {""""Affected"""": """"No"""", """"Examples"""": []}, """"Sensory Data"""": {""""Affected"""": """"No"""", """"Examples"""": []}, """"Professional or Employment-Related Information"""": {""""Affected"""": """"No"""", """"Examples"""": []}, """"Education Information"""": {""""Affected"""": """"No"""", """"Examples"""": []}, """"Inferences Drawn from Personal Information"""": {""""Affected"""": """"No"""", """"Examples"""": []}, """"Sensitive Personal Information"""": {""""Affected"""": """"No"""", """"Examples"""": []}, """"Customer Records"""": {""""Affected"""": """"No"""", """"Examples"""": []}}}",BSO,VERIFIED-GATE1,Gate1-A: active registrant; 5907 is pre-2005 AT&T Corp (ticker T -> CIK 732717),,1,"Clause (a): registry match ""AT&T"" [dba] -> AT&T Enterprises, LLC (FRN 0005937974, start 1997-01-01, end none)",-3.2426,-7.863,-3.2187,-7.7779,15.5533,13.3208,13203633.58,6669416.84,-2.2325,66093.0,T,window,1,12.5147,0.6596,0.0267,0.2444,3,1,218.0,0,0,0.0,0,0,1,1,37.0,2013-11-05,2014-06-11,0.851707,0.436268,-0.415439,2014.0,21,21,True,4812.0,48,3,218.0,3.0,Q4 (largest),2014,-0.05413852020081478
732717,2014-02-01,AT&T,AT&T,2,INSD,False,73000000,True,"On April 20, 2015, the New Hampshire Department of Justice reported a data breach involving AT&T that occurred in Mexico, affecting approximately 80 New Hampshire residents. The breach involved unauthorized access to customer accounts by vendor employees, potentially exposing names, telephone numbers, and the last four digits of social security numbers, with 17 individuals possibly having their full social security numbers accessed.",2015-04-20 00:00:00,2014-07-01 00:00:00,"{""""Encryption Status"""":""""Unencrypted"""",""""Categories Affected"""":{""""Personal Identifiers"""":{""""Affected"""":""""Yes"""",""""Examples"""":[""""Name"""",""""Address"""",""""City"""",""""State"""",""""Zip"""",""""Social Security Number""""]},""""Protected Classification Characteristics"""":{""""Affected"""":""""No"""",""""Examples"""":[]},""""Commercial Information"""":{""""Affected"""":""""Yes"""",""""Examples"""":[""""Customer Proprietary Network Information (CPNI) (e.g., type of service or quantity of service)""""]},""""Biometric Information"""":{""""Affected"""":""""No"""",""""Examples"""":[]},""""Internet or Network Activity"""":{""""Affected"""":""""No"""",""""Examples"""":[]},""""Geolocation Data"""":{""""Affected"""":""""No"""",""""Examples"""":[]},""""Sensory Data"""":{""""Affected"""":""""No"""",""""Examples"""":[]},""""Professional or Employment-Related Information"""":{""""Affected"""":""""No"""",""""Examples"""":[]},""""Education Information"""":{""""Affected"""":""""No"""",""""Examples"""":[]},""""Inferences Drawn from Personal Information"""":{""""Affected"""":""""No"""",""""Examples"""":[]},""""Sensitive Personal Information"""":{""""Affected"""":""""Yes"""",""""Examples"""":[""""Social Security Number""""]},""""Customer Records"""":{""""Affected"""":""""No"""",""""Examples"""":[]}}}",BSO,VERIFIED-GATE1,Gate1-A: active registrant; 5907 is pre-2005 AT&T Corp (ticker T -> CIK 732717),,1,"Clause (a): registry match ""AT&T"" [dba] -> AT&T Enterprises, LLC (FRN 0005937974, start 1997-01-01, end none)",-3.2073,-5.2349,-3.22,-5.4132,12.4884,21.2495,13699860.22,13413838.95,8.7611,66093.0,T,window,1,12.5346,0.6707,0.0657,0.3835,4,1,443.0,0,0,0.0,0,0,0,1,149.0,2014-02-01,2015-04-20,0.836552,1.069076,0.23252399999999995,2015.0,21,21,True,4812.0,48,4,443.0,4.0,Q4 (largest),2015,0.12661574464662229
732717,2014-04-01,AT&T,AT&T | AT&T Services Inc.,2,INSD,False,500,True,"The Wisconsin Department of Justice reported a data breach involving AT&T on June 13, 2014. The breach occurred between April 9 and April 21, 2014, involving the theft of personal information, including Social Security numbers and call records of AT&T Mobility customers, though the number of affected individuals remains unknown. AT&T is offering one year of free credit monitoring to those impacted and recommends password changes and placing fraud alerts on credit reports.",2014-06-13 00:00:00,2014-06-01 00:00:00,"{""""Encryption Status"""":""""Unencrypted"""",""""Categories Affected"""":{""""Personal Identifiers"""":{""""Affected"""":""""Yes"""",""""Examples"""":[""""Social Security numbers""""]},""""Protected Classification Characteristics"""":{""""Affected"""":""""No"""",""""Examples"""":[]},""""Commercial Information"""":{""""Affected"""":""""No"""",""""Examples"""":[]},""""Biometric Information"""":{""""Affected"""":""""No"""",""""Examples"""":[]},""""Internet or Network Activity"""":{""""Affected"""":""""No"""",""""Examples"""":[]},""""Geolocation Data"""":{""""Affected"""":""""No"""",""""Examples"""":[]},""""Sensory Data"""":{""""Affected"""":""""No"""",""""Examples"""":[]},""""Professional or Employment-Related Information"""":{""""Affected"""":""""No"""",""""Examples"""":[]},""""Education Information"""":{""""Affected"""":""""No"""",""""Examples"""":[]},""""Inferences Drawn from Personal Information"""":{""""Affected"""":""""No"""",""""Examples"""":[]},""""Sensitive Personal Information"""":{""""Affected"""":""""Yes"""",""""Examples"""":[""""Social Security numbers""""]},""""Customer Records"""":{""""Affected"""":""""Yes"""",""""Examples"""":[""""Call records""""]}}}",BSO,VERIFIED-GATE1|VERIFIED-REASONING,Gate1-A: active registrant; 5907 is pre-2005 AT&T Corp (ticker T -> CIK 732717),,1,Clause (b): AT&T Inc. filing family (7/28),2.9628,4.7323,2.9862,4.781,14.6049,17.6151,11734319.53,8726474.8,3.0102,66093.0,T,window,1,12.5346,0.6707,0.0657,0.3835,5,2,73.0,0,0,0.0,0,0,1,1,90.0,2014-04-01,2014-06-13,0.818993,0.459337,-0.359656,2014.0,21,21,True,4812.0,48,6,73.0,5.0,Q4 (largest),2014,-0.03554402351183772
732717,2014-04-09,"AT&T Services, Inc.","AT&T Services, Inc.",1,INSD,False,1,False,"On June 5, 2014, AT&T Services, Inc. reported a data breach to the New Hampshire Department of Justice affecting one resident. The breach occurred between April 9 and 21, 2014, when employees of a call center service provider accessed the resident's account without authorization, potentially exposing their social security number and Customer Proprietary Network Information (CPNI). AT&T plans to notify the affected resident on or about June 10, 2014, and will provide one year of free credit monitoring.",2014-06-05 00:00:00,2014-04-21 00:00:00,"{""""Encryption Status"""":""""Unencrypted"""",""""Categories Affected"""":{""""Personal Identifiers"""":{""""Affected"""":""""Yes"""",""""Examples"""":[""""Social Security number""""]},""""Protected Classification Characteristics"""":{""""Affected"""":""""No"""",""""Examples"""":[]},""""Commercial Information"""":{""""Affected"""":""""No"""",""""Examples"""":[]},""""Biometric Information"""":{""""Affected"""":""""No"""",""""Examples"""":[]},""""Internet or Network Activity"""":{""""Affected"""":""""No"""",""""Examples"""":[]},""""Geolocation Data"""":{""""Affected"""":""""No"""",""""Examples"""":[]},""""Sensory Data"""":{""""Affected"""":""""No"""",""""Examples"""":[]},""""Professional or Employment-Related Information"""":{""""Affected"""":""""No"""",""""Examples"""":[]},""""Education Information"""":{""""Affected"""":""""No"""",""""Examples"""":[]},""""Inferences Drawn from Personal Information"""":{""""Affected"""":""""No"""",""""Examples"""":[]},""""Sensitive Personal Information"""":{""""Affected"""":""""Yes"""",""""Examples"""":[""""Social Security number""""]},""""Customer Records"""":{""""Affected"""":""""No"""",""""Examples"""":[]}}}",BSO,VERIFIED-REASONING,SEC EDGAR: AT&T Services is operating subsidiary of AT&T Inc. | EDGAR-confirmed,,1,Clause (b): AT&T Inc. filing family (7/28),2.0407,-1.3356,2.0909,-1.469,12.7067,18.4947,10284594.08,10183870.17,5.788,66093.0,T,window,1,12.5346,0.6707,0.0657,0.3835,6,3,57.0,0,0,0.0,0,0,1,1,82.0,2014-04-09,2014-06-05,0.862634,0.26106,-0.601574,2014.0,21,21,True,4812.0,48,8,57.0,6.0,Q4 (largest),2014,-0.07584797760837403
732717,2014-06-05,"AT&T Services, Inc.","AT&T Services, Inc.",1,INSD,False,671,False,"On April 20, 2015, the Maryland Office of the Attorney General reported a data breach incident involving AT&T Services, Inc. The breach, which occurred in June 2014, involved unauthorized access by vendor employees to customer accounts in Mexico, affecting approximately 539 total Maryland residents, with 102 residents potentially having their full Social Security Numbers accessed.",2015-04-20 00:00:00,2014-06-05 00:00:00,"{""""Encryption Status"""":""""Unencrypted"""",""""Categories Affected"""":{""""Personal Identifiers"""":{""""Affected"""":""""Yes"""",""""Examples"""":[""""Name"""",""""Telephone number"""",""""Last four digits of Social Security number"""",""""Full Social Security number""""]},""""Protected Classification Characteristics"""":{""""Affected"""":""""No"""",""""Examples"""":[]},""""Commercial Information"""":{""""Affected"""":""""No"""",""""Examples"""":[]},""""Biometric Information"""":{""""Affected"""":""""No"""",""""Examples"""":[]},""""Internet or Network Activity"""":{""""Affected"""":""""No"""",""""Examples"""":[]},""""Geolocation Data"""":{""""Affected"""":""""No"""",""""Examples"""":[]},""""Sensory Data"""":{""""Affected"""":""""No"""",""""Examples"""":[]},""""Professional or Employment-Related Information"""":{""""Affected"""":""""No"""",""""Examples"""":[]},""""Education Information"""":{""""Affected"""":""""No"""",""""Examples"""":[]},""""Inferences Drawn from Personal Information"""":{""""Affected"""":""""No"""",""""Examples"""":[]},""""Sensitive Personal Information"""":{""""Affected"""":""""Yes"""",""""Examples"""":[""""Full Social Security number""""]},""""Customer Records"""":{""""Affected"""":""""No"""",""""Examples"""":[]}}}",BSO,VERIFIED-REASONING,SEC EDGAR: AT&T Services is operating subsidiary of AT&T Inc. | EDGAR-confirmed,,1,Clause (b): AT&T Inc. filing family (7/28),-1.1418,1.6974,-1.1362,1.7708,13.6551,4.7283,12499466.73,3751100.64,-8.9268,66093.0,T,window,1,12.5346,0.6707,0.0657,0.3835,7,4,319.0,0,0,0.0,0,1,1,1,25.0,2014-06-05,2015-04-20,0.836552,1.069076,0.23252399999999995,2015.0,21,21,True,4812.0,48,9,319.0,7.0,Q4 (largest),2015,0.12661574464662229
732717,2014-06-11,AT&T,AT&T,1,INSD,False,76,False,"The Maine Office of the Attorney General reported a data breach involving AT&T on April 20, 2015. The breach occurred on June 11, 2014, affecting 76 residents, including 9 individuals from Maine whose full Social Security Numbers (SSNs) were accessible. The compromised information included names, phone numbers, and the last four digits of SSNs.",2015-04-20 00:00:00,2014-06-11 00:00:00,"{""""Encryption Status"""": """"Unencrypted"""", """"Categories Affected"""": {""""Personal Identifiers"""": {""""Affected"""": """"Yes"""", """"Examples"""": [""""Name"""", """"Phone numbers"""", """"Last four digits of SSN"""", """"Full Social Security Numbers""""]}, """"Protected Classification Characteristics"""": {""""Affected"""": """"No"""", """"Examples"""": []}, """"Commercial Information"""": {""""Affected"""": """"No"""", """"Examples"""": []}, """"Biometric Information"""": {""""Affected"""": """"No"""", """"Examples"""": []}, """"Internet or Network Activity"""": {""""Affected"""": """"No"""", """"Examples"""": []}, """"Geolocation Data"""": {""""Affected"""": """"No"""", """"Examples"""": []}, """"Sensory Data"""": {""""Affected"""": """"No"""", """"Examples"""": []}, """"Professional or Employment-Related Information"""": {""""Affected"""": """"No"""", """"Examples"""": []}, """"Education Information"""": {""""Affected"""": """"No"""", """"Examples"""": []}, """"Inferences Drawn from Personal Information"""": {""""Affected"""": """"No"""", """"Examples"""": []}, """"Sensitive Personal Information"""": {""""Affected"""": """"Yes"""", """"Examples"""": [""""Full Social Security Numbers""""]}, """"Customer Records"""": {""""Affected"""": """"No"""", """"Examples"""": []}}}",BSO,VERIFIED-GATE1,Gate1-A: active registrant; 5907 is pre-2005 AT&T Corp (ticker T -> CIK 732717),,1,"Clause (a): registry match ""AT&T"" [dba] -> AT&T Enterprises, LLC (FRN 0005937974, start 1997-01-01, end none)",0.1821,1.0352,0.185,1.0618,11.9541,4.4762,12655232.18,3953448.33,-7.4779,66093.0,T,window,1,12.5346,0.6707,0.0657,0.3835,8,5,313.0,0,0,0.0,0,1,1,1,19.0,2014-06-11,2015-04-20,0.836552,1.069076,0.23252399999999995,2015.0,21,21,True,4812.0,48,10,313.0,8.0,Q4 (largest),2015,0.12661574464662229
732717,2014-08-11,"AT&T Services, Inc.","AT&T Services, Inc.",1,INSD,False,3,False,"The New Hampshire Department of Justice reported a data breach on October 1, 2014, involving AT&T. An employee accessed accounts of three New Hampshire residents without authorization between August 11, 2014, and August 25, 2014, potentially exposing their social security and driver's license numbers as well as Customer Proprietary Network Information (CPNI).",2014-10-01 00:00:00,2014-08-25 00:00:00,"{""""Encryption Status"""":""""Unencrypted"""",""""Categories Affected"""":{""""Personal Identifiers"""":{""""Affected"""":""""Yes"""",""""Examples"""":[""""Social Security number"""",""""Driver's license number""""]},""""Protected Classification Characteristics"""":{""""Affected"""":""""No"""",""""Examples"""":[]},""""Commercial Information"""":{""""Affected"""":""""No"""",""""Examples"""":[]},""""Biometric Information"""":{""""Affected"""":""""No"""",""""Examples"""":[]},""""Internet or Network Activity"""":{""""Affected"""":""""No"""",""""Examples"""":[]},""""Geolocation Data"""":{""""Affected"""":""""No"""",""""Examples"""":[]},""""Sensory Data"""":{""""Affected"""":""""No"""",""""Examples"""":[]},""""Professional or Employment-Related Information"""":{""""Affected"""":""""No"""",""""Examples"""":[]},""""Education Information"""":{""""Affected"""":""""No"""",""""Examples"""":[]},""""Inferences Drawn from Personal Information"""":{""""Affected"""":""""No"""",""""Examples"""":[]},""""Sensitive Personal Information"""":{""""Affected"""":""""Yes"""",""""Examples"""":[""""Social Security number"""",""""Driver's license number""""]},""""Customer Records"""":{""""Affected"""":""""Yes"""",""""Examples"""":[""""Customer Proprietary Network Information (CPNI)""""]}}}",BSO,VERIFIED-REASONING,SEC EDGAR: AT&T Services is operating subsidiary of AT&T Inc. | EDGAR-confirmed,,1,Clause (b): AT&T Inc. filing family (7/28),-1.6936,0.2376,-1.7137,0.2334,14.8698,7.1004,15889883.32,3650593.04,-7.7694,66093.0,T,window,1,12.5346,0.6707,0.0657,0.3835,10,7,51.0,0,0,0.0,0,0,1,1,88.0,2014-08-11,2014-10-01,0.551202,0.943139,0.391937,2014.0,21,21,True,4812.0,48,12,51.0,10.0,Q4 (largest),2014,0.04647025418966355
732717,2014-10-09,AT&T,AT&T,1,INSD,False,1930,False,"The Massachusetts Office of Consumer Affairs and Business Regulation reported a data breach involving AT&T on October 9, 2014. The breach affected 97 individuals and compromised electronic records, specifically Social Security Numbers (SSN) and driver's licenses.",2014-10-09 00:00:00,2014-10-31 00:00:00,"{""""Encryption Status"""":""""Unencrypted"""",""""Categories Affected"""":{""""Personal Identifiers"""":{""""Affected"""":""""Yes"""",""""Examples"""":[""""Social Security number"""",""""Driver's license number""""]},""""Protected Classification Characteristics"""":{""""Affected"""":""""No"""",""""Examples"""":[]},""""Commercial Information"""":{""""Affected"""":""""No"""",""""Examples"""":[]},""""Biometric Information"""":{""""Affected"""":""""No"""",""""Examples"""":[]},""""Internet or Network Activity"""":{""""Affected"""":""""No"""",""""Examples"""":[]},""""Geolocation Data"""":{""""Affected"""":""""No"""",""""Examples"""":[]},""""Sensory Data"""":{""""Affected"""":""""No"""",""""Examples"""":[]},""""Professional or Employment-Related Information"""":{""""Affected"""":""""No"""",""""Examples"""":[]},""""Education Information"""":{""""Affected"""":""""No"""",""""Examples"""":[]},""""Inferences Drawn from Personal Information"""":{""""Affected"""":""""No"""",""""Examples"""":[]},""""Sensitive Personal Information"""":{""""Affected"""":""""Yes"""",""""Examples"""":[""""Social Security number"""",""""Driver's license number""""]},""""Customer Records"""":{""""Affected"""":""""No"""",""""Examples"""":[]}}}",BSO,VERIFIED-GATE1,Gate1-A: active registrant; 5907 is pre-2005 AT&T Corp (ticker T -> CIK 732717),,1,"Clause (a): registry match ""AT&T"" [dba] -> AT&T Enterprises, LLC (FRN 0005937974, start 1997-01-01, end none)",0.4743,-3.7792,0.4707,-3.8593,9.5094,14.5392,4353524.94,9742774.23,5.0298,66093.0,T,window,1,12.5346,0.6707,0.0657,0.3835,11,8,0.0,0,0,1.0,0,1,1,1,29.0,2014-10-09,2014-10-09,0.592151,0.807564,0.21541299999999997,2014.0,21,21,True,4812.0,48,13,0.0,11.0,Q4 (largest),2014,0.03525045974537633
732717,2017-01-01,"AT&T Services, Inc.","AT&T Services, Inc.",1,INSD,False,45,False,"The Maine Office of the Attorney General reported that AT&T Services experienced a data breach affecting 45 individuals between January 25, 2017, and April 20, 2017. The breach involved names or other personal identifiers in combination with driver's license numbers. The incident was reported on May 19, 2017.",2017-05-19 00:00:00,2017-04-01 00:00:00,"{""""Encryption Status"""":""""Unencrypted"""",""""Categories Affected"""":{""""Personal Identifiers"""":{""""Affected"""":""""Yes"""",""""Examples"""":[""""Name"""",""""Driver's license number""""]},""""Protected Classification Characteristics"""":{""""Affected"""":""""No"""",""""Examples"""":[]},""""Commercial Information"""":{""""Affected"""":""""No"""",""""Examples"""":[]},""""Biometric Information"""":{""""Affected"""":""""No"""",""""Examples"""":[]},""""Internet or Network Activity"""":{""""Affected"""":""""No"""",""""Examples"""":[]},""""Geolocation Data"""":{""""Affected"""":""""No"""",""""Examples"""":[]},""""Sensory Data"""":{""""Affected"""":""""No"""",""""Examples"""":[]},""""Professional or Employment-Related Information"""":{""""Affected"""":""""No"""",""""Examples"""":[]},""""Education Information"""":{""""Affected"""":""""No"""",""""Examples"""":[]},""""Inferences Drawn from Personal Information"""":{""""Affected"""":""""No"""",""""Examples"""":[]},""""Sensitive Personal Information"""":{""""Affected"""":""""Yes"""",""""Examples"""":[""""Driver's license number""""]},""""Customer Records"""":{""""Affected"""":""""No"""",""""Examples"""":[]}}}",BSO,VERIFIED-REASONING,SEC EDGAR: AT&T Services is operating subsidiary of AT&T Inc. | EDGAR-confirmed,,1,Clause (b): AT&T Inc. filing family (7/28),-4.265,-7.6619,-4.2448,-7.7952,16.0836,14.8823,6873437.77,4636534.1,-1.2013,66093.0,T,window,1,12.9087,0.6927,0.0321,0.3063,13,0,138.0,0,0,0.0,0,0,0,0,,2017-01-01,2017-05-19,0.793279,0.615305,-0.17797399999999997,2017.0,21,21,True,4812.0,48,15,138.0,13.0,Q4 (largest),2017,0.017484440162577775
732717,2017-01-25,AT&T,"AT&T | AT&T Services, Inc.",3,INSD,False,14878,True,"On May 19, 2017, the New Hampshire Attorney General's Office reported a data breach involving AT&T. The breach, which occurred between January 25 and April 20, 2017, potentially exposed the driver's license numbers of up to 78 New Hampshire residents due to unauthorized access to online accounts, likely through malware or phishing.",2017-05-19 00:00:00,2017-04-20 00:00:00,"{""""Encryption Status"""":""""Unencrypted"""",""""Categories Affected"""":{""""Personal Identifiers"""":{""""Affected"""":""""Yes"""",""""Examples"""":[""""Driver's license number"""",""""att.com ID"""",""""Password""""]},""""Protected Classification Characteristics"""":{""""Affected"""":""""No"""",""""Examples"""":[]},""""Commercial Information"""":{""""Affected"""":""""No"""",""""Examples"""":[]},""""Biometric Information"""":{""""Affected"""":""""No"""",""""Examples"""":[]},""""Internet or Network Activity"""":{""""Affected"""":""""No"""",""""Examples"""":[]},""""Geolocation Data"""":{""""Affected"""":""""No"""",""""Examples"""":[]},""""Sensory Data"""":{""""Affected"""":""""No"""",""""Examples"""":[]},""""Professional or Employment-Related Information"""":{""""Affected"""":""""No"""",""""Examples"""":[]},""""Education Information"""":{""""Affected"""":""""No"""",""""Examples"""":[]},""""Inferences Drawn from Personal Information"""":{""""Affected"""":""""No"""",""""Examples"""":[]},""""Sensitive Personal Information"""":{""""Affected"""":""""Yes"""",""""Examples"""":[""""Driver's license number""""]},""""Customer Records"""":{""""Affected"""":""""No"""",""""Examples"""":[]}}}",BSO,VERIFIED-GATE1|VERIFIED-REASONING,Gate1-A: active registrant; 5907 is pre-2005 AT&T Corp (ticker T -> CIK 732717),,1,Clause (b): AT&T Inc. filing family (7/28),1.7494,-1.3269,1.7591,-1.4031,13.6603,12.5808,6158590.21,6406908.02,-1.0795,66093.0,T,window,1,12.9087,0.6927,0.0321,0.3063,14,1,114.0,0,0,0.0,0,0,0,0,,2017-01-25,2017-05-19,0.793279,0.615305,-0.17797399999999997,2017.0,21,21,True,4812.0,48,16,114.0,14.0,Q4 (largest),2017,0.017484440162577775
732717,2017-02-01,AT&T Services,AT&T Services,1,HACK,False,11,False,"The Maine Office of the Attorney General reported that AT&T Services experienced a data breach occurring between February 1, 2017, and August 8, 2017, affecting 11 residents. The breach involved unauthorized AT&T messages sent to customer accounts.",2017-09-14 00:00:00,2017-08-01 00:00:00,"{""""Encryption Status"""":""""Unencrypted"""",""""Categories Affected"""":{""""Personal Identifiers"""":{""""Affected"""":""""UNKN"""",""""Examples"""":[]},""""Protected Classification Characteristics"""":{""""Affected"""":""""UNKN"""",""""Examples"""":[]},""""Commercial Information"""":{""""Affected"""":""""UNKN"""",""""Examples"""":[]},""""Biometric Information"""":{""""Affected"""":""""No"""",""""Examples"""":[]},""""Internet or Network Activity"""":{""""Affected"""":""""UNKN"""",""""Examples"""":[]},""""Geolocation Data"""":{""""Affected"""":""""No"""",""""Examples"""":[]},""""Sensory Data"""":{""""Affected"""":""""No"""",""""Examples"""":[]},""""Professional or Employment-Related Information"""":{""""Affected"""":""""No"""",""""Examples"""":[]},""""Education Information"""":{""""Affected"""":""""No"""",""""Examples"""":[]},""""Inferences Drawn from Personal Information"""":{""""Affected"""":""""No"""",""""Examples"""":[]},""""Sensitive Personal Information"""":{""""Affected"""":""""No"""",""""Examples"""":[]},""""Customer Records"""":{""""Affected"""":""""UNKN"""",""""Examples"""":[]}}}",BSO,VERIFIED-REASONING,SEC EDGAR: AT&T Services operating subsidiary | EDGAR-confirmed,,1,Clause (b): AT&T Inc. filing family (7/28),-2.9203,-3.1862,-2.9172,-3.312,13.3747,12.6949,6135660.29,6236770.23,-0.6798,66093.0,T,window,1,12.9087,0.6927,0.0321,0.3063,15,2,225.0,0,0,0.0,0,0,0,0,,2017-02-01,2017-09-14,0.897559,1.584717,0.6871579999999999,2017.0,21,21,True,4812.0,48,19,225.0,15.0,Q4 (largest),2017,0.04495501190822093
732717,2018-08-17,Cricket Wireless LLC,Cricket Wireless LLC,1,HACK,False,1,False,"The Massachusetts Office of Consumer Affairs and Business Regulation reported on August 17, 2018, that Cricket Wireless LLC experienced a data breach affecting 1 resident. The information affected includes undefined records and credit/debit numbers.",2018-08-17 00:00:00,2018-08-17 00:00:00,"{""""Encryption Status"""":""""Unencrypted"""",""""Categories Affected"""":{""""Personal Identifiers"""":{""""Affected"""":""""No"""",""""Examples"""":[]},""""Protected Classification Characteristics"""":{""""Affected"""":""""No"""",""""Examples"""":[]},""""Commercial Information"""":{""""Affected"""":""""No"""",""""Examples"""":[]},""""Biometric Information"""":{""""Affected"""":""""No"""",""""Examples"""":[]},""""Internet or Network Activity"""":{""""Affected"""":""""No"""",""""Examples"""":[]},""""Geolocation Data"""":{""""Affected"""":""""No"""",""""Examples"""":[]},""""Sensory Data"""":{""""Affected"""":""""No"""",""""Examples"""":[]},""""Professional or Employment-Related Information"""":{""""Affected"""":""""No"""",""""Examples"""":[]},""""Education Information"""":{""""Affected"""":""""No"""",""""Examples"""":[]},""""Inferences Drawn from Personal Information"""":{""""Affected"""":""""No"""",""""Examples"""":[]},""""Sensitive Personal Information"""":{""""Affected"""":""""Yes"""",""""Examples"""":[""""CreditDebitNumbers""""]},""""Customer Records"""":{""""Affected"""":""""No"""",""""Examples"""":[]}}}",BSO,ADJUDICATED,AT&T Inc. — Cricket Communications FRN 0004321139; LLC variant; 7/28 adjudication,,1,Clause (a) adjudicated: Cricket Communications FRN 0004321139; LLC variant missed by exact matcher (7/28 record),-2.7751,-1.1855,-2.8028,-1.296,23.1559,15.0192,15888777.68,7440286.87,-8.1367,66093.0,T,window,1,13.0038,0.6802,0.0663,0.307,16,0,0.0,0,0,1.0,0,0,0,0,,2018-08-17,2018-08-17,1.581327,0.797172,-0.7841549999999999,2018.0,21,21,True,4812.0,48,20,0.0,16.0,Q4 (largest),2018,7.437374116570084e-08
732717,2018-08-21,Cricket Wireless LLC,Cricket Wireless LLC,1,HACK,False,1,False,"The Massachusetts Office of Consumer Affairs and Business Regulation reported a data breach involving Cricket Wireless LLC on August 21, 2018. The breach affected 1 resident and involved compromised electronic records, specifically credit/debit numbers.",2018-08-21 00:00:00,2018-08-21 00:00:00,"{""""Encryption Status"""":""""Unencrypted"""",""""Categories Affected"""":{""""Personal Identifiers"""":{""""Affected"""":""""No"""",""""Examples"""":[]},""""Protected Classification Characteristics"""":{""""Affected"""":""""No"""",""""Examples"""":[]},""""Commercial Information"""":{""""Affected"""":""""No"""",""""Examples"""":[]},""""Biometric Information"""":{""""Affected"""":""""No"""",""""Examples"""":[]},""""Internet or Network Activity"""":{""""Affected"""":""""No"""",""""Examples"""":[]},""""Geolocation Data"""":{""""Affected"""":""""No"""",""""Examples"""":[]},""""Sensory Data"""":{""""Affected"""":""""No"""",""""Examples"""":[]},""""Professional or Employment-Related Information"""":{""""Affected"""":""""No"""",""""Examples"""":[]},""""Education Information"""":{""""Affected"""":""""No"""",""""Examples"""":[]},""""Inferences Drawn from Personal Information"""":{""""Affected"""":""""No"""",""""Examples"""":[]},""""Sensitive Personal Information"""":{""""Affected"""":""""Yes"""",""""Examples"""":[""""CreditDebitNumbers""""]},""""Customer Records"""":{""""Affected"""":""""No"""",""""Examples"""":[]}}}",BSO,ADJUDICATED,AT&T Inc. — Cricket Communications FRN 0004321139; LLC variant; 7/28 adjudication,,1,Clause (a) adjudicated: Cricket Communications FRN 0004321139; LLC variant missed by exact matcher (7/28 record),-2.7877,0.7712,-2.8175,0.69,22.543,14.7811,16551825.55,7241095.52,-7.7619,66093.0,T,window,1,13.0038,0.6802,0.0663,0.307,17,1,0.0,0,0,1.0,0,0,0,0,,2018-08-21,2018-08-21,1.523085,0.854521,-0.668564,2018.0,21,21,True,4812.0,48,21,0.0,17.0,Q4 (largest),2018,3.327715880629967e-11
732717,2019-01-01,"AT&T, Inc.","AT&T, Inc.",1,HACK,False,73000000,False,"The Oregon Department of Justice reported a data breach involving AT&T Inc. on April 10, 2024, affecting a total of 51,226,382 individuals.",2024-04-01 00:00:00,2020-01-01 00:00:00,"{""""Encryption Status"""":""""UNKN"""",""""Categories Affected"""":{""""Personal Identifiers"""":{""""Affected"""":""""UNKN"""",""""Examples"""":[]},""""Protected Classification Characteristics"""":{""""Affected"""":""""UNKN"""",""""Examples"""":[]},""""Commercial Information"""":{""""Affected"""":""""UNKN"""",""""Examples"""":[]},""""Biometric Information"""":{""""Affected"""":""""UNKN"""",""""Examples"""":[]},""""Internet or Network Activity"""":{""""Affected"""":""""UNKN"""",""""Examples"""":[]},""""Geolocation Data"""":{""""Affected"""":""""UNKN"""",""""Examples"""":[]},""""Sensory Data"""":{""""Affected"""":""""UNKN"""",""""Examples"""":[]},""""Professional or Employment-Related Information"""":{""""Affected"""":""""UNKN"""",""""Examples"""":[]},""""Education Information"""":{""""Affected"""":""""UNKN"""",""""Examples"""":[]},""""Inferences Drawn from Personal Information"""":{""""Affected"""":""""UNKN"""",""""Examples"""":[]},""""Sensitive Personal Information"""":{""""Affected"""":""""UNKN"""",""""Examples"""":[]},""""Customer Records"""":{""""Affected"""":""""UNKN"""",""""Examples"""":[]}}}",BSO,VERIFIED-GATE1,Gate1-A: active registrant; 5907 is pre-2005 AT&T Corp (ticker T -> CIK 732717),,1,"Clause (a): registry match ""AT&T, Inc."" [dba] -> AT&T Enterprises, LLC (FRN 0005937974, start 1997-01-01, end none)",5.3699,-4.4923,5.7182,-5.0819,27.3335,27.2389,15204968.85,15033553.48,-0.0946,66093.0,T,window,1,13.1841,0.6355,0.0364,0.3312,18,2,1917.0,0,0,0.0,0,0,0,0,,2019-01-01,2024-04-01,0.970348,1.084138,0.11379000000000006,2024.0,21,21,True,4812.0,48,22,788.399999999998,18.0,Q4 (largest),2024,-0.0012423692144327703
732717,2022-06-01,AT&T,AT&T,1,HACK,False,7600000,False,"The Wisconsin Department of Justice reported a data breach involving AT&T on March 30, 2024. The breach occurred in June 2022 and affected approximately 7.6 million current customers and 65 million former customers, potentially compromising various types of personal information, including full names, social security numbers, and AT&T account details.",2024-03-30 00:00:00,2022-06-01 00:00:00,"{""""Encryption Status"""":""""Unencrypted"""",""""Categories Affected"""":{""""Personal Identifiers"""":{""""Affected"""":""""Yes"""",""""Examples"""":[""""Full name"""",""""Email address"""",""""Mailing address"""",""""Phone number"""",""""Social Security number"""",""""Date of birth"""",""""AT&T account number"""",""""AT&T passcode""""]},""""Protected Classification Characteristics"""":{""""Affected"""":""""No"""",""""Examples"""":[]},""""Commercial Information"""":{""""Affected"""":""""No"""",""""Examples"""":[]},""""Biometric Information"""":{""""Affected"""":""""No"""",""""Examples"""":[]},""""Internet or Network Activity"""":{""""Affected"""":""""No"""",""""Examples"""":[]},""""Geolocation Data"""":{""""Affected"""":""""No"""",""""Examples"""":[]},""""Sensory Data"""":{""""Affected"""":""""No"""",""""Examples"""":[]},""""Professional or Employment-Related Information"""":{""""Affected"""":""""No"""",""""Examples"""":[]},""""Education Information"""":{""""Affected"""":""""No"""",""""Examples"""":[]},""""Inferences Drawn from Personal Information"""":{""""Affected"""":""""No"""",""""Examples"""":[]},""""Sensitive Personal Information"""":{""""Affected"""":""""Yes"""",""""Examples"""":[""""Social Security number""""]},""""Customer Records"""":{""""Affected"""":""""Yes"""",""""Examples"""":[""""Phone number"""",""""AT&T account number"""",""""AT&T passcode""""]}}}",BSO,VERIFIED-GATE1,Gate1-A: active registrant; 5907 is pre-2005 AT&T Corp (ticker T -> CIK 732717),,1,"Clause (a): registry match ""AT&T"" [dba] -> AT&T Enterprises, LLC (FRN 0005937974, start 1997-01-01, end none)",-1.1469,4.8176,-1.1109,4.6826,25.2326,27.5182,12214557.37,17845792.54,2.2856,66093.0,T,window,1,13.2206,0.6667,0.0364,0.3048,19,0,668.0,0,0,0.0,0,1,1,1,30.0,2022-06-01,2024-03-30,1.093047,1.078949,-0.014098000000000166,2024.0,21,21,True,4812.0,48,23,668.0,19.0,Q4 (largest),2024,-0.0018435161733048044
732717,2022-08-30,"AT&T Services, Inc.","AT&T Services, Inc.",1,INSD,False,1,False,"The Maryland Office of the Attorney General reported a data breach involving AT&T Services, Inc. on February 24, 2023. The incident, which occurred on or about August 30, 2022, involved a vendor employee improperly retaining and reusing the payment card information of a Maryland resident, with one individual affected.",2023-02-24 00:00:00,2022-08-30 00:00:00,"{""""Encryption Status"""":""""Unencrypted"""",""""Categories Affected"""":{""""Personal Identifiers"""":{""""Affected"""":""""Yes"""",""""Examples"""":[""""Name""""]},""""Protected Classification Characteristics"""":{""""Affected"""":""""No"""",""""Examples"""":[]},""""Commercial Information"""":{""""Affected"""":""""No"""",""""Examples"""":[]},""""Biometric Information"""":{""""Affected"""":""""No"""",""""Examples"""":[]},""""Internet or Network Activity"""":{""""Affected"""":""""No"""",""""Examples"""":[]},""""Geolocation Data"""":{""""Affected"""":""""No"""",""""Examples"""":[]},""""Sensory Data"""":{""""Affected"""":""""No"""",""""Examples"""":[]},""""Professional or Employment-Related Information"""":{""""Affected"""":""""No"""",""""Examples"""":[]},""""Education Information"""":{""""Affected"""":""""No"""",""""Examples"""":[]},""""Inferences Drawn from Personal Information"""":{""""Affected"""":""""No"""",""""Examples"""":[]},""""Sensitive Personal Information"""":{""""Affected"""":""""Yes"""",""""Examples"""":[""""Payment card information""""]},""""Customer Records"""":{""""Affected"""":""""No"""",""""Examples"""":[]}}}",BSO,VERIFIED-REASONING,SEC EDGAR: AT&T Services is operating subsidiary of AT&T Inc. | EDGAR-confirmed,,1,Clause (b): AT&T Inc. filing family (7/28),-3.7023,-6.1771,-3.6051,-5.3229,27.3975,20.7976,19252130.64,9397317.21,-6.5999,66093.0,T,window,1,13.2206,0.6667,0.0364,0.3048,20,1,178.0,0,0,0.0,0,0,0,1,156.0,2022-08-30,2023-02-24,1.786298,0.958318,-0.8279799999999999,2023.0,21,21,True,4812.0,48,24,178.0,20.0,Q4 (largest),2023,1.555821671495039e-08
732717,2023-03-01,"AT&T Services, Inc.","AT&T Services, Inc.",1,INSD,False,8900000,False,Regulatory enforcement for failure to delete customer data; earlier exposures,2023-03-01 00:00:00,2023-03-01 00:00:00,Customer data that should have been deleted,BSO,VERIFIED-REASONING,SEC EDGAR: AT&T Services is operating subsidiary of AT&T Inc. | EDGAR-confirmed,,1,Clause (b): AT&T Inc. filing family (7/28),-1.9661,3.6151,-1.9427,3.8312,26.2635,15.3235,10002259.97,8178866.54,-10.94,66093.0,T,window,1,12.9063,0.7357,-0.0195,0.3434,21,2,0.0,0,0,1.0,0,0,0,0,,2023-03-01,2023-03-01,1.787491,0.998237,-0.7892539999999999,2023.0,21,21,True,4812.0,48,25,0.0,21.0,Q4 (largest),2023,4.13213907535237e-11
732717,2024-03-17,AT&T Inc.,AT&T | AT&T Inc.,4,HACK+INSD,True,295716,True,"The Iowa Attorney General's Office reported on April 9, 2024, that AT&T Inc. experienced a data breach in which a dataset containing personal information of Iowa residents was released online on March 17, 2024. The compromised data may have included full name, email address, mailing address, phone number, social security number, date of birth, AT&T account number, and AT&T passcode; however, the number of individuals affected is unknown. AT&T has begun an investigation and is offering impacted individuals one year of complimentary identity theft protection and credit monitoring services provided by Experian.",2024-04-09 00:00:00,2024-03-26 00:00:00,"{""""Encryption Status"""":""""Unencrypted"""",""""Categories Affected"""":{""""Personal Identifiers"""":{""""Affected"""":""""Yes"""",""""Examples"""":[""""Full name"""",""""Email address"""",""""Mailing address"""",""""Phone number"""",""""Social Security number"""",""""Date of birth"""",""""AT&T account number"""",""""AT&T passcode""""]},""""Protected Classification Characteristics"""":{""""Affected"""":""""No"""",""""Examples"""":[]},""""Commercial Information"""":{""""Affected"""":""""No"""",""""Examples"""":[]},""""Biometric Information"""":{""""Affected"""":""""No"""",""""Examples"""":[]},""""Internet or Network Activity"""":{""""Affected"""":""""No"""",""""Examples"""":[]},""""Geolocation Data"""":{""""Affected"""":""""No"""",""""Examples"""":[]},""""Sensory Data"""":{""""Affected"""":""""No"""",""""Examples"""":[]},""""Professional or Employment-Related Information"""":{""""Affected"""":""""No"""",""""Examples"""":[]},""""Education Information"""":{""""Affected"""":""""No"""",""""Examples"""":[]},""""Inferences Drawn from Personal Information"""":{""""Affected"""":""""No"""",""""Examples"""":[]},""""Sensitive Personal Information"""":{""""Affected"""":""""Yes"""",""""Examples"""":[""""Social Security number"""",""""AT&T passcode""""]},""""Customer Records"""":{""""Affected"""":""""No"""",""""Examples"""":[]}}}",BSO,VERIFIED-GATE1,Gate1-A: active registrant; 5907 is pre-2005 AT&T Corp (ticker T -> CIK 732717),,1,"Clause (a): registry match ""AT&T"" [dba] -> AT&T Enterprises, LLC (FRN 0005937974, start 1997-01-01, end none)",-1.4524,2.4048,-1.4834,2.3177,18.3117,14.6894,14995575.73,6800582.9,-3.6223,66093.0,T,window,1,12.9167,0.7066,0.0354,0.3555,22,0,23.0,0,0,0.0,0,0,0,0,,2024-03-17,2024-04-09,0.968437,0.898607,-0.06982999999999995,2024.0,21,21,True,4812.0,48,26,23.0,22.0,Q4 (largest),2024,-0.0007601468045623783
732717,2024-03-26,AT&T Inc.,AT&T Inc.,3,INSD,False,999999,True,"The Montana Department of Justice reported a data breach involving AT&T Inc. on April 9, 2024. The breach occurred on March 26, 2024, affecting 70,747 residents, potentially compromising personal information including full names, email addresses, mailing addresses, phone numbers, social security numbers, dates of birth, AT&T account numbers, and AT&T passcodes. AT&T is providing one year of complimentary credit monitoring and identity theft protection services through Experian’s IdentityWorks.",2024-04-09 00:00:00,2024-03-26 00:00:00,"{""""Encryption Status"""":""""Unencrypted"""",""""Categories Affected"""":{""""Personal Identifiers"""":{""""Affected"""":""""Yes"""",""""Examples"""":[""""Full name"""",""""Email address"""",""""Mailing address"""",""""Phone number"""",""""Social Security number"""",""""Date of birth"""",""""AT&T account number"""",""""AT&T passcode""""]},""""Protected Classification Characteristics"""":{""""Affected"""":""""No"""",""""Examples"""":[]},""""Commercial Information"""":{""""Affected"""":""""No"""",""""Examples"""":[]},""""Biometric Information"""":{""""Affected"""":""""No"""",""""Examples"""":[]},""""Internet or Network Activity"""":{""""Affected"""":""""No"""",""""Examples"""":[]},""""Geolocation Data"""":{""""Affected"""":""""No"""",""""Examples"""":[]},""""Sensory Data"""":{""""Affected"""":""""No"""",""""Examples"""":[]},""""Professional or Employment-Related Information"""":{""""Affected"""":""""No"""",""""Examples"""":[]},""""Education Information"""":{""""Affected"""":""""No"""",""""Examples"""":[]},""""Inferences Drawn from Personal Information"""":{""""Affected"""":""""No"""",""""Examples"""":[]},""""Sensitive Personal Information"""":{""""Affected"""":""""Yes"""",""""Examples"""":[""""Social Security number"""",""""AT&T passcode""""]},""""Customer Records"""":{""""Affected"""":""""No"""",""""Examples"""":[]}}}",BSO,VERIFIED-GATE1,Gate1-A: active registrant; 5907 is pre-2005 AT&T Corp (ticker T -> CIK 732717),,1,"Clause (a): registry match ""AT&T Inc."" [dba] -> AT&T Enterprises, LLC (FRN 0005937974, start 1997-01-01, end none)",2.851,2.1591,2.8728,2.1186,16.3801,17.0974,13901511.42,10913111.36,0.7173,66093.0,T,window,1,12.9167,0.7066,0.0354,0.3555,23,1,14.0,0,0,0.0,0,0,0,0,,2024-03-26,2024-04-09,0.968437,0.898607,-0.06982999999999995,2024.0,21,21,True,4812.0,48,30,14.0,23.0,Q4 (largest),2024,-0.0007601468045623783
732717,2024-04-09,AT&T Inc,AT&T Inc | AT&T Inc.,3,HACK,False,51226382,True,"The Indiana Office of the Attorney General reported on April 9, 2024, that AT&T Inc experienced a data breach affecting approximately 51,226,382 individuals, with 1,437,078 residents specifically identified as affected.",2024-04-09 00:00:00,2024-04-30 00:00:00,"{""""Encryption Status"""":""""UNKN"""",""""Categories Affected"""":{""""Personal Identifiers"""":{""""Affected"""":""""UNKN"""",""""Examples"""":[]},""""Protected Classification Characteristics"""":{""""Affected"""":""""UNKN"""",""""Examples"""":[]},""""Commercial Information"""":{""""Affected"""":""""UNKN"""",""""Examples"""":[]},""""Biometric Information"""":{""""Affected"""":""""UNKN"""",""""Examples"""":[]},""""Internet or Network Activity"""":{""""Affected"""":""""UNKN"""",""""Examples"""":[]},""""Geolocation Data"""":{""""Affected"""":""""UNKN"""",""""Examples"""":[]},""""Sensory Data"""":{""""Affected"""":""""UNKN"""",""""Examples"""":[]},""""Professional or Employment-Related Information"""":{""""Affected"""":""""UNKN"""",""""Examples"""":[]},""""Education Information"""":{""""Affected"""":""""UNKN"""",""""Examples"""":[]},""""Inferences Drawn from Personal Information"""":{""""Affected"""":""""UNKN"""",""""Examples"""":[]},""""Sensitive Personal Information"""":{""""Affected"""":""""UNKN"""",""""Examples"""":[]},""""Customer Records"""":{""""Affected"""":""""UNKN"""",""""Examples"""":[]}}}",BSO,VERIFIED-GATE1,Gate1-A: active registrant; 5907 is pre-2005 AT&T Corp (ticker T -> CIK 732717),"NEAR-DUPLICATE CHAIN CH-07: 2 firm-day events collapsed [2024-04-09, 2024-04-10] (Gate 2 signed; record-count gaps not a distinctness signal)",1,"Clause (a): registry match ""AT&T Inc"" [dba] -> AT&T Enterprises, LLC (FRN 0005937974, start 1997-01-01, end none)",-2.0147,-0.3367,-1.9327,-0.3863,14.4087,16.2377,12539503.67,12376330.18,1.829,66093.0,T,window,1,12.9167,0.7066,0.0354,0.3555,24,2,0.0,0,0,1.0,0,0,0,0,,2024-04-09,2024-04-09,0.968437,0.898607,-0.06982999999999995,2024.0,21,21,True,4812.0,48,33,0.0,24.0,Q4 (largest),2024,-0.0007601468045623783
732717,2024-04-14,AT&T Inc.,AT&T Inc.,2,HACK,False,110000000,True,"The Oregon Department of Justice reported a data breach involving AT&T Inc. on April 10, 2024, affecting a total of 51,226,382 individuals.",2024-04-10 00:00:00,2024-04-25 00:00:00,"{""""Encryption Status"""":""""UNKN"""",""""Categories Affected"""":{""""Personal Identifiers"""":{""""Affected"""":""""UNKN"""",""""Examples"""":[]},""""Protected Classification Characteristics"""":{""""Affected"""":""""UNKN"""",""""Examples"""":[]},""""Commercial Information"""":{""""Affected"""":""""UNKN"""",""""Examples"""":[]},""""Biometric Information"""":{""""Affected"""":""""UNKN"""",""""Examples"""":[]},""""Internet or Network Activity"""":{""""Affected"""":""""UNKN"""",""""Examples"""":[]},""""Geolocation Data"""":{""""Affected"""":""""UNKN"""",""""Examples"""":[]},""""Sensory Data"""":{""""Affected"""":""""UNKN"""",""""Examples"""":[]},""""Professional or Employment-Related Information"""":{""""Affected"""":""""UNKN"""",""""Examples"""":[]},""""Education Information"""":{""""Affected"""":""""UNKN"""",""""Examples"""":[]},""""Inferences Drawn from Personal Information"""":{""""Affected"""":""""UNKN"""",""""Examples"""":[]},""""Sensitive Personal Information"""":{""""Affected"""":""""UNKN"""",""""Examples"""":[]},""""Customer Records"""":{""""Affected"""":""""UNKN"""",""""Examples"""":[]}}}",BSO,VERIFIED-GATE1,Gate1-A: active registrant; 5907 is pre-2005 AT&T Corp (ticker T -> CIK 732717),,1,"Clause (a): registry match ""AT&T Inc."" [dba] -> AT&T Enterprises, LLC (FRN 0005937974, start 1997-01-01, end none)",2.0779,2.4085,2.0448,2.4714,15.3718,14.1687,12138061.91,13685024.09,-1.2031,66093.0,T,window,1,12.9167,0.7066,0.0354,0.3555,25,3,0.0,0,1,1.0,0,0,0,0,,2024-04-14,2024-04-10,0.929917,0.854345,-0.07557199999999997,2024.0,21,21,True,4812.0,48,36,0.0,25.0,Q4 (largest),2024,-0.0026272053218412417
764180,2006-12-01,"Altria Group, Inc.","Altria Group, Inc.",1,PORT,False,17,False,"On January 10, 2007, the New Hampshire Attorney General's Office was notified by Towers Perrin on behalf of Altria Group, Inc. about a data breach involving a stolen laptop containing personal information of approximately 17 New Hampshire residents. The breach was discovered on December 1, 2006, and the laptop was not encrypted, although it was password protected.",2007-01-10 00:00:00,2007-01-05 00:00:00,"{""""Encryption Status"""":""""Unencrypted"""",""""Categories Affected"""":{""""Personal Identifiers"""":{""""Affected"""":""""Yes"""",""""Examples"""":[""""Name"""",""""Social Security number""""]},""""Protected Classification Characteristics"""":{""""Affected"""":""""No"""",""""Examples"""":[]},""""Commercial Information"""":{""""Affected"""":""""No"""",""""Examples"""":[]},""""Biometric Information"""":{""""Affected"""":""""No"""",""""Examples"""":[]},""""Internet or Network Activity"""":{""""Affected"""":""""No"""",""""Examples"""":[]},""""Geolocation Data"""":{""""Affected"""":""""No"""",""""Examples"""":[]},""""Sensory Data"""":{""""Affected"""":""""No"""",""""Examples"""":[]},""""Professional or Employment-Related Information"""":{""""Affected"""":""""No"""",""""Examples"""":[]},""""Education Information"""":{""""Affected"""":""""No"""",""""Examples"""":[]},""""Inferences Drawn from Personal Information"""":{""""Affected"""":""""No"""",""""Examples"""":[]},""""Sensitive Personal Information"""":{""""Affected"""":""""Yes"""",""""Examples"""":[""""Social Security number""""]},""""Customer Records"""":{""""Affected"""":""""No"""",""""Examples"""":[]}}}",BSO,VERIFIED,EDGAR name: ALTRIA GROUP INC,,0,,-0.0271,3.8114,-0.0276,3.9122,14.2723,6.4667,7242708.26,3217885.78,-7.8056,13901.0,MO,window,1,11.5894,0.6309,0.0967,0.2737,0,0,40.0,0,0,0.0,0,0,1,1,63.0,2006-12-01,2007-01-10,0.421406,0.527017,0.10561099999999995,2007.0,21,21,True,2111.0,21,0,40.0,0.0,Q4 (largest),2007,1.1137786131376615e-05
773840,2021-02-16,Honeywell International Inc.,Honeywell International Inc.,1,HACK,False,4,False,"On May 3, 2021, the New Hampshire Attorney General's Office reported a data breach involving Honeywell International Inc. The breach occurred on February 16, 2021, when an unauthorized person gained remote access to Honeywell's computer network, potentially affecting the personal information of four New Hampshire residents, including names, addresses, Social Security Numbers, and medical information.",2021-05-03 00:00:00,2021-04-08 00:00:00,"{""""Encryption Status"""":""""Unencrypted"""",""""Categories Affected"""":{""""Personal Identifiers"""":{""""Affected"""":""""Yes"""",""""Examples"""":[""""Name"""",""""Address"""",""""Social Security Number/tax ID number"""",""""Driver's license/state ID"""",""""Financial account number without any password or security code""""]},""""Protected Classification Characteristics"""":{""""Affected"""":""""No"""",""""Examples"""":[]},""""Commercial Information"""":{""""Affected"""":""""No"""",""""Examples"""":[]},""""Biometric Information"""":{""""Affected"""":""""No"""",""""Examples"""":[]},""""Internet or Network Activity"""":{""""Affected"""":""""No"""",""""Examples"""":[]},""""Geolocation Data"""":{""""Affected"""":""""No"""",""""Examples"""":[]},""""Sensory Data"""":{""""Affected"""":""""No"""",""""Examples"""":[]},""""Professional or Employment-Related Information"""":{""""Affected"""":""""No"""",""""Examples"""":[]},""""Education Information"""":{""""Affected"""":""""No"""",""""Examples"""":[]},""""Inferences Drawn from Personal Information"""":{""""Affected"""":""""No"""",""""Examples"""":[]},""""Sensitive Personal Information"""":{""""Affected"""":""""Yes"""",""""Examples"""":[""""Social Security Number"""",""""Driver's license/state ID"""",""""Financial account number without any password or security code"""",""""Medical information""""]},""""Customer Records"""":{""""Affected"""":""""No"""",""""Examples"""":[]}}}",BSO,VERIFIED,EDGAR name: ALLIED SIGNAL INC,,0,,2.5537,8.7787,2.5387,8.9736,18.955,21.6318,896464.73,640239.57,2.6768,10145.0,HON,window,1,11.0758,0.7244,0.074,0.2228,0,0,76.0,0,0,0.0,1,0,0,1,148.0,2021-02-16,2021-05-03,1.206016,1.461135,0.2551190000000001,2021.0,21,21,True,9997.0,99,0,76.0,0.0,Q3,2021,0.11193897404310271
773840,2023-05-27,"Honeywell International, Inc.","Honeywell International Inc. | Honeywell International, Inc.",3,HACK,False,118379,True,"The Maine Office of the Attorney General reported that Honeywell International Inc. experienced a data breach caused by a hacking incident on May 27, 2023, affecting approximately 118,379 individuals, including 301 residents of Maine. The breach involved unauthorized access to personal information, specifically Social Security numbers, and identity theft protection services were offered for two years through Experian.",2023-09-13 00:00:00,2023-08-28 00:00:00,"{""""Encryption Status"""":""""Unencrypted"""",""""Categories Affected"""":{""""Personal Identifiers"""":{""""Affected"""":""""Yes"""",""""Examples"""":[""""Name"""",""""Social Security Number""""]},""""Protected Classification Characteristics"""":{""""Affected"""":""""No"""",""""Examples"""":[]},""""Commercial Information"""":{""""Affected"""":""""No"""",""""Examples"""":[]},""""Biometric Information"""":{""""Affected"""":""""No"""",""""Examples"""":[]},""""Internet or Network Activity"""":{""""Affected"""":""""No"""",""""Examples"""":[]},""""Geolocation Data"""":{""""Affected"""":""""No"""",""""Examples"""":[]},""""Sensory Data"""":{""""Affected"""":""""No"""",""""Examples"""":[]},""""Professional or Employment-Related Information"""":{""""Affected"""":""""No"""",""""Examples"""":[]},""""Education Information"""":{""""Affected"""":""""No"""",""""Examples"""":[]},""""Inferences Drawn from Personal Information"""":{""""Affected"""":""""No"""",""""Examples"""":[]},""""Sensitive Personal Information"""":{""""Affected"""":""""Yes"""",""""Examples"""":[""""Social Security Number""""]},""""Customer Records"""":{""""Affected"""":""""No"""",""""Examples"""":[]}}}",BSO,VERIFIED,EDGAR name: ALLIED SIGNAL INC,,0,,-0.4491,0.2521,-0.4928,0.1766,19.4128,16.7559,538501.64,838454.63,-2.6569,10145.0,HON,window,1,11.0393,0.7218,0.0797,0.234,1,0,109.0,0,0,0.0,0,1,1,1,19.0,2023-05-27,2023-09-13,0.74054,1.206264,0.465724,2023.0,21,21,True,9997.0,99,1,109.0,1.0,Q3,2023,0.06649489011943155
773840,2023-06-03,Honeywell International Inc.,Honeywell International Inc.,1,HACK,False,1069,False,"The New Hampshire Attorney General's Office reported on September 18, 2023, that Honeywell International Inc. experienced a data breach affecting 1,069 New Hampshire residents due to a vulnerability in the Progress MOVEit Transfer application. The breach was discovered on June 3, 2023, and involved personal information related to a pension plan.",2023-09-18 00:00:00,2023-08-28 00:00:00,"{""""Encryption Status"""":""""Unencrypted"""",""""Categories Affected"""":{""""Personal Identifiers"""":{""""Affected"""":""""Yes"""",""""Examples"""":[""""Personal information related to a pension plan""""]},""""Protected Classification Characteristics"""":{""""Affected"""":""""No"""",""""Examples"""":[]},""""Commercial Information"""":{""""Affected"""":""""No"""",""""Examples"""":[]},""""Biometric Information"""":{""""Affected"""":""""No"""",""""Examples"""":[]},""""Internet or Network Activity"""":{""""Affected"""":""""No"""",""""Examples"""":[]},""""Geolocation Data"""":{""""Affected"""":""""No"""",""""Examples"""":[]},""""Sensory Data"""":{""""Affected"""":""""No"""",""""Examples"""":[]},""""Professional or Employment-Related Information"""":{""""Affected"""":""""No"""",""""Examples"""":[]},""""Education Information"""":{""""Affected"""":""""No"""",""""Examples"""":[]},""""Inferences Drawn from Personal Information"""":{""""Affected"""":""""No"""",""""Examples"""":[]},""""Sensitive Personal Information"""":{""""Affected"""":""""No"""",""""Examples"""":[]},""""Customer Records"""":{""""Affected"""":""""No"""",""""Examples"""":[]}}}",BSO,VERIFIED,EDGAR name: ALLIED SIGNAL INC,,0,,-0.0925,-2.2863,-0.1213,-2.552,21.724,13.6763,587625.81,813619.54,-8.0477,10145.0,HON,window,1,11.0393,0.7218,0.0797,0.234,2,1,107.0,0,0,0.0,0,1,1,1,12.0,2023-06-03,2023-09-18,0.713133,1.167953,0.45482,2023.0,21,21,True,9997.0,99,4,107.0,2.0,Q3,2023,0.07665458042157969
789019,2017-07-05,Microsoft Corporation,Microsoft Corporation,1,HACK,False,0,False,Hackers accessed Microsoft internal bug-tracking database containing details of unfixed vulnerabilities. Discovered internally and reported in 2017.,2017-10-17 00:00:00,2013-01-01 00:00:00,Internal vulnerability reports and software flaw details,BSO,VERIFIED,EDGAR name: MICROSOFT CORP,,0,,3.7374,7.0624,3.8017,7.3223,17.8401,12.3079,9004115.94,8081746.31,-5.5322,10107.0,MSFT,window,1,12.3929,0.6997,0.088,0.3383,0,0,104.0,0,0,0.0,0,0,1,1,76.0,2017-07-05,2017-10-17,0.71457,1.465412,0.7508419999999999,2017.0,21,21,True,7372.0,73,0,104.0,0.0,Q4 (largest),2017,-4.193813448893913e-05
789019,2019-12-05,Microsoft Corporation,Microsoft Corporation,1,DISC,False,250000000,False,Five misconfigured Elasticsearch servers exposed internal customer support database containing ~250 million support records.,2020-01-22 00:00:00,2019-12-05 00:00:00,"Support case logs including emails, IPs, locations, case notes",BSO,VERIFIED,EDGAR name: MICROSOFT CORP,,0,,0.577,4.355,0.5821,4.64,12.2389,12.0375,5468213.54,8742102.78,-0.2014,10107.0,MSFT,window,1,12.5657,0.6429,0.1369,0.4335,1,0,48.0,0,0,0.0,0,0,0,1,99.0,2019-12-05,2020-01-22,0.875923,2.607016,1.7310929999999998,2020.0,21,21,True,7372.0,73,1,48.0,1.0,Q4 (largest),2020,0.7921258933967643
789019,2022-03-01,Microsoft Corporation,Microsoft Corporation,1,HACK,False,0,False,Hacker group Lapsus$ compromised a single Microsoft account and exfiltrated portions of source code for a few products. No customer data accessed.,2022-03-22 00:00:00,2022-03-22 00:00:00,Portions of proprietary source code,BSO,VERIFIED,EDGAR name: MICROSOFT CORP,,0,,-2.95,-5.2328,-2.8163,-5.4647,33.9327,33.2425,16574715.29,6246757.26,-0.6902,10107.0,MSFT,window,1,12.7182,0.5746,0.1836,0.4808,2,0,21.0,0,0,0.0,0,0,0,0,,2022-03-01,2022-03-22,2.386593,2.314673,-0.07191999999999998,2022.0,21,21,True,7372.0,73,2,21.0,2.0,Q4 (largest),2022,-0.07784790534840891
789019,2022-09-24,Microsoft Corporation,Microsoft Corporation,1,DISC,False,35000,False,"Misconfigured Azure endpoint exposed business transaction data (~35,000 records) including customer names, emails, phone numbers.",2022-10-19 00:00:00,2022-09-24 00:00:00,Customer and business contact info,BSO,VERIFIED,EDGAR name: MICROSOFT CORP,,0,,0.9387,-8.4841,0.9216,-8.8896,25.5936,37.7809,5833281.23,5909487.29,12.1873,10107.0,MSFT,window,1,12.8072,0.5435,0.1994,0.4948,3,1,25.0,0,0,0.0,0,0,0,0,,2022-09-24,2022-10-19,1.935178,3.209127,1.273949,2022.0,21,21,True,7372.0,73,3,25.0,3.0,Q4 (largest),2022,0.466021480069883
789019,2023-05-28,"Nuance Communications, Inc.","Nuance Communications Inc | Nuance Communications, Inc.",5,HACK,False,1225054,True,"On September 18, 2023, the Delaware Department of Justice reported a data breach involving Nuance Communications, Inc. The breach occurred between May 28 and May 29, 2023, affecting personal information of approximately 3,072 individuals, including their date of birth, medical record number, and gender. The breach was linked to a vulnerability in the MOVEit Transfer software from Progress Software Corporation.",2023-09-15 00:00:00,2023-09-05 00:00:00,"{""""Encryption Status"""":""""Unencrypted"""",""""Categories Affected"""":{""""Personal Identifiers"""":{""""Affected"""":""""Yes"""",""""Examples"""":[""""Date of birth"""",""""Medical record number"""",""""Gender"""",""""Name"""",""""Health plan subscriber identification number"""",""""Email address"""",""""Phone number"""",""""Relative's name"""",""""Power of attorney's name""""]},""""Protected Classification Characteristics"""":{""""Affected"""":""""Yes"""",""""Examples"""":[""""Gender""""]},""""Commercial Information"""":{""""Affected"""":""""No"""",""""Examples"""":[]},""""Biometric Information"""":{""""Affected"""":""""No"""",""""Examples"""":[]},""""Internet or Network Activity"""":{""""Affected"""":""""No"""",""""Examples"""":[]},""""Geolocation Data"""":{""""Affected"""":""""No"""",""""Examples"""":[]},""""Sensory Data"""":{""""Affected"""":""""No"""",""""Examples"""":[]},""""Professional or Employment-Related Information"""":{""""Affected"""":""""No"""",""""Examples"""":[]},""""Education Information"""":{""""Affected"""":""""No"""",""""Examples"""":[]},""""Inferences Drawn from Personal Information"""":{""""Affected"""":""""No"""",""""Examples"""":[]},""""Sensitive Personal Information"""":{""""Affected"""":""""No"""",""""Examples"""":[]},""""Customer Records"""":{""""Affected"""":""""Yes"""",""""Examples"""":[""""Medical record number"""",""""Health plan subscriber identification number"""",""""Phone number"""",""""Relative's name"""",""""Power of attorney's name""""]}}}",BSO,VERIFIED-GATE1,"Gate1-B: Microsoft subsidiary, parent-mapped",,0,,0.0382,-4.3211,0.0279,-4.814,29.7702,24.7442,10503640.01,8155821.3,-5.026,10107.0,MSFT,window,1,12.8072,0.5435,0.1994,0.4948,4,1,110.0,0,0,0.0,1,0,0,0,,2023-05-28,2023-09-15,0.996022,1.262214,0.266192,2023.0,21,21,True,7372.0,73,4,110.0,4.0,Q4 (largest),2023,-0.11951647757308792
789570,2019-07-07,MGM Resorts International,MGM Resorts International,1,HACK,False,7,False,"The New Hampshire Attorney General reported on September 4, 2019, that MGM Resorts International experienced a data breach on or about July 7, 2019, affecting the personal information of seven New Hampshire residents. The breach involved unauthorized access to MGM's internal system, leading to the exfiltration of names, addresses, and driverâ€™s license numbers, but no financial information was compromised.",2019-09-04 00:00:00,2019-07-24 00:00:00,"{""""Encryption Status"""":""""Unencrypted"""",""""Categories Affected"""":{""""Personal Identifiers"""":{""""Affected"""":""""Yes"""",""""Examples"""":[""""Name"""",""""Address"""",""""Phone number"""",""""Driver's license number"""",""""Military identification number""""]},""""Protected Classification Characteristics"""":{""""Affected"""":""""No"""",""""Examples"""":[]},""""Commercial Information"""":{""""Affected"""":""""No"""",""""Examples"""":[]},""""Biometric Information"""":{""""Affected"""":""""No"""",""""Examples"""":[]},""""Internet or Network Activity"""":{""""Affected"""":""""No"""",""""Examples"""":[]},""""Geolocation Data"""":{""""Affected"""":""""No"""",""""Examples"""":[]},""""Sensory Data"""":{""""Affected"""":""""No"""",""""Examples"""":[]},""""Professional or Employment-Related Information"""":{""""Affected"""":""""No"""",""""Examples"""":[]},""""Education Information"""":{""""Affected"""":""""No"""",""""Examples"""":[]},""""Inferences Drawn from Personal Information"""":{""""Affected"""":""""No"""",""""Examples"""":[]},""""Sensitive Personal Information"""":{""""Affected"""":""""Yes"""",""""Examples"""":[""""Driver's license number"""",""""Military identification number""""]},""""Customer Records"""":{""""Affected"""":""""No"""",""""Examples"""":[]}}}",BSO,VERIFIED,EDGAR name: MGM GRAND INC,,0,,-0.0767,1.1754,-0.1049,0.8822,33.0155,26.5864,1845819.15,1913774.09,-6.4291,11891.0,MGM,window,1,10.316,0.6501,0.0147,0.2067,0,0,59.0,0,0,0.0,0,0,0,0,,2019-07-07,2019-09-04,1.683263,1.358635,-0.3246279999999999,2019.0,21,21,True,7990.0,79,0,59.0,0.0,Q3,2019,-0.20827851204112857
789570,2023-09-08,MGM Resorts International,MGM Resorts International,1,HACK,False,0,False,"The Maine Office of the Attorney General reported a data breach notification from MGM Resorts International on October 5, 2023. The breach occurred from September 8 to September 12, 2023, involving unauthorized access to personal information, including driver's license numbers. The total number of affected individuals is unknown, and identity theft protection services are being offered through Experian.",2023-10-05 00:00:00,2023-09-12 00:00:00,"{""""Encryption Status"""":""""Unencrypted"""",""""Categories Affected"""":{""""Personal Identifiers"""":{""""Affected"""":""""Yes"""",""""Examples"""":[""""Name"""",""""Phone number"""",""""Email address"""",""""Postal address"""",""""Driverâ€™s license number"""",""""Social Security number"""",""""Passport number""""]},""""Protected Classification Characteristics"""":{""""Affected"""":""""Yes"""",""""Examples"""":[""""Gender""""]},""""Commercial Information"""":{""""Affected"""":""""No"""",""""Examples"""":[]},""""Biometric Information"""":{""""Affected"""":""""No"""",""""Examples"""":[]},""""Internet or Network Activity"""":{""""Affected"""":""""No"""",""""Examples"""":[]},""""Geolocation Data"""":{""""Affected"""":""""No"""",""""Examples"""":[]},""""Sensory Data"""":{""""Affected"""":""""No"""",""""Examples"""":[]},""""Professional or Employment-Related Information"""":{""""Affected"""":""""No"""",""""Examples"""":[]},""""Education Information"""":{""""Affected"""":""""No"""",""""Examples"""":[]},""""Inferences Drawn from Personal Information"""":{""""Affected"""":""""No"""",""""Examples"""":[]},""""Sensitive Personal Information"""":{""""Affected"""":""""Yes"""",""""Examples"""":[""""Social Security number"""",""""Driverâ€™s license number"""",""""Passport number""""]},""""Customer Records"""":{""""Affected"""":""""No"""",""""Examples"""":[]}}}",BSO,VERIFIED,EDGAR name: MGM GRAND INC,,0,,-5.5532,-14.6441,-5.4533,-13.2693,29.9245,29.7291,1990659.27,1874387.53,-0.1954,11891.0,MGM,window,1,10.7297,0.8825,0.0315,0.1355,1,0,27.0,0,0,0.0,0,0,0,0,,2023-09-08,2023-10-05,1.483622,2.481054,0.9974319999999999,2023.0,21,21,True,7990.0,79,1,27.0,1.0,Q3,2023,0.03338306576495231
796343,2013-09-11,Adobe Systems Incorporated,Adobe Systems Incorporated,1,HACK,False,2900000,False,"The California Office of the Attorney General reported that Adobe Systems Incorporated experienced a data breach involving unauthorized access to customer order information between September 11 and September 17, 2013. The breach potentially exposed customer names, payment card expiration dates, and encrypted payment card numbers; however, the number of affected individuals is unknown.",2013-10-03 00:00:00,2013-09-17 00:00:00,"{""""Encryption Status"""":""""Unencrypted"""",""""Categories Affected"""":{""""Personal Identifiers"""":{""""Affected"""":""""Yes"""",""""Examples"""":[""""Customer names""""]},""""Protected Classification Characteristics"""":{""""Affected"""":""""No"""",""""Examples"""":[]},""""Commercial Information"""":{""""Affected"""":""""Yes"""",""""Examples"""":[""""Payment card expiration dates""""]},""""Biometric Information"""":{""""Affected"""":""""No"""",""""Examples"""":[]},""""Internet or Network Activity"""":{""""Affected"""":""""No"""",""""Examples"""":[]},""""Geolocation Data"""":{""""Affected"""":""""No"""",""""Examples"""":[]},""""Sensory Data"""":{""""Affected"""":""""No"""",""""Examples"""":[]},""""Professional or Employment-Related Information"""":{""""Affected"""":""""No"""",""""Examples"""":[]},""""Education Information"""":{""""Affected"""":""""No"""",""""Examples"""":[]},""""Inferences Drawn from Personal Information"""":{""""Affected"""":""""No"""",""""Examples"""":[]},""""Sensitive Personal Information"""":{""""Affected"""":""""Yes"""",""""Examples"""":[""""Encrypted payment card numbers""""]},""""Customer Records"""":{""""Affected"""":""""No"""",""""Examples"""":[]}}}",BSO,VERIFIED-GATE1,Gate1-A (ADBE),,0,,7.0757,6.4808,7.0711,6.3812,14.8171,37.1222,761511.64,3192718.74,22.3051,75510.0,ADBE,window,1,9.2078,0.3318,0.0835,0.3311,0,0,22.0,0,0,0.0,0,0,0,1,140.0,2013-09-11,2013-10-03,2.073373,1.440514,-0.6328590000000001,2013.0,21,21,True,7372.0,73,0,22.0,0.0,Q2,2013,1.1473355598923263e-10
796343,2013-09-17,Adobe Systems Incorporated,Adobe Systems Incorporated,1,HACK,False,153000000,False,"On October 2, 2013, the Maine Office of the Attorney General reported a data breach involving Adobe Systems Incorp. Details regarding the breach date and number of residents affected are unknown, but the information compromised included names, payment card expiration dates, encrypted payment card numbers, and other information related to customer orders.",2013-10-02 00:00:00,2013-09-30 00:00:00,"{""""Encryption Status"""":""""Unencrypted"""",""""Categories Affected"""":{""""Personal Identifiers"""":{""""Affected"""":""""Yes"""",""""Examples"""":[""""names""""]},""""Protected Classification Characteristics"""":{""""Affected"""":""""No"""",""""Examples"""":[]},""""Commercial Information"""":{""""Affected"""":""""Yes"""",""""Examples"""":[""""payment card expiration dates"""",""""other info relating to customer orders""""]},""""Biometric Information"""":{""""Affected"""":""""No"""",""""Examples"""":[]},""""Internet or Network Activity"""":{""""Affected"""":""""No"""",""""Examples"""":[]},""""Geolocation Data"""":{""""Affected"""":""""No"""",""""Examples"""":[]},""""Sensory Data"""":{""""Affected"""":""""No"""",""""Examples"""":[]},""""Professional or Employment-Related Information"""":{""""Affected"""":""""No"""",""""Examples"""":[]},""""Education Information"""":{""""Affected"""":""""No"""",""""Examples"""":[]},""""Inferences Drawn from Personal Information"""":{""""Affected"""":""""No"""",""""Examples"""":[]},""""Sensitive Personal Information"""":{""""Affected"""":""""No"""",""""Examples"""":[""""encrypted payment card numbers""""]},""""Customer Records"""":{""""Affected"""":""""No"""",""""Examples"""":[]}}}",BSO,VERIFIED-GATE1,Gate1-A (ADBE),,0,,6.6415,9.0534,6.4545,9.2766,15.1298,37.2379,805583.9,3139450.15,22.1081,75510.0,ADBE,window,1,9.2078,0.3318,0.0835,0.3311,1,1,15.0,0,0,0.0,0,0,0,1,134.0,2013-09-17,2013-10-02,2.112992,1.206599,-0.9063930000000002,2013.0,21,21,True,7372.0,73,1,15.0,1.0,Q2,2013,3.941691417708171e-11
796343,2019-10-19,Adobe Systems Incorporated,Adobe Systems Incorporated,1,HACK,False,7500000,False,An unsecured Elasticsearch database belonging to Adobe Creative Cloud was accessible to anyone without any password or authentication ,2019-10-19 00:00:00,2019-10-19 00:00:00,,BSO,VERIFIED-GATE1,Gate1-A (ADBE),,0,,-0.1173,8.1728,-0.1999,8.5564,22.9121,21.9699,1231221.95,1045472.02,-0.9422,75510.0,ADBE,window,1,9.8399,0.5012,0.138,0.3522,2,0,0.0,0,0,1.0,0,0,0,1,103.0,2019-10-19,2019-10-19,1.530072,1.115211,-0.41486100000000015,2019.0,21,21,True,7372.0,73,2,0.0,2.0,Q2,2019,0.013684701651607956
815097,2020-12-25,Carnival Corporation,Carnival Corporation,1,HACK,False,3,False,"The New Hampshire Attorney General's Office reported a data breach involving Carnival Corporation on January 31, 2022. The breach, detected on December 25, 2020, involved unauthorized access to company systems, affecting the personal information of three New Hampshire residents, including names, addresses, phone numbers, passport numbers, and dates of birth. Carnival notified the affected residents on August 9, 2021, and offered one year of free credit monitoring services.",2022-01-31 00:00:00,2021-06-25 00:00:00,"{""""Encryption Status"""":""""Unencrypted"""",""""Categories Affected"""":{""""Personal Identifiers"""":{""""Affected"""":""""Yes"""",""""Examples"""":[""""Names"""",""""Addresses"""",""""Phone numbers"""",""""Passport numbers"""",""""Dates of birth""""]},""""Protected Classification Characteristics"""":{""""Affected"""":""""No"""",""""Examples"""":[]},""""Commercial Information"""":{""""Affected"""":""""UNKN"""",""""Examples"""":[]},""""Biometric Information"""":{""""Affected"""":""""No"""",""""Examples"""":[]},""""Internet or Network Activity"""":{""""Affected"""":""""No"""",""""Examples"""":[]},""""Geolocation Data"""":{""""Affected"""":""""No"""",""""Examples"""":[]},""""Sensory Data"""":{""""Affected"""":""""No"""",""""Examples"""":[]},""""Professional or Employment-Related Information"""":{""""Affected"""":""""Yes"""",""""Examples"""":[""""Employment information""""]},""""Education Information"""":{""""Affected"""":""""No"""",""""Examples"""":[]},""""Inferences Drawn from Personal Information"""":{""""Affected"""":""""No"""",""""Examples"""":[]},""""Sensitive Personal Information"""":{""""Affected"""":""""Yes"""",""""Examples"""":[""""Passport numbers""""]},""""Customer Records"""":{""""Affected"""":""""Yes"""",""""Examples"""":[""""Names"""",""""Addresses"""",""""Phone numbers""""]}}}",BSO,VERIFIED-GATE1,Gate1-A (CCL),,0,,-2.0498,-5.3868,-2.2945,-6.6273,72.4497,36.4679,20478017.97,6925151.01,-35.9818,75154.0,CCL,window,1,10.8892,0.6165,-0.191,-0.4685,0,0,402.0,0,0,0.0,0,0,1,1,68.0,2020-12-25,2022-01-31,2.660917,4.737721,2.0768039999999997,2022.0,21,21,True,4400.0,44,0,402.0,0.0,Q3,2022,0.2669310058020784
815097,2021-03-19,Carnival Corporation,Carnival Corporation,1,HACK,False,69,False,"On May 25, 2021, the New Hampshire Office of the Attorney General reported a data security event involving Carnival Corporation. The breach, detected on March 19, 2021, involved unauthorized access to email accounts, affecting 69 New Hampshire residents. The compromised information may include names, addresses, phone numbers, passport numbers, dates of birth, health information, and in some cases, Social Security or national identification numbers.",2021-05-25 00:00:00,2021-04-08 00:00:00,"{""""Encryption Status"""":""""Unencrypted"""",""""Categories Affected"""":{""""Personal Identifiers"""":{""""Affected"""":""""Yes"""",""""Examples"""":[""""Names"""",""""Addresses"""",""""Phone numbers"""",""""Passport numbers"""",""""Dates of birth"""",""""Social Security numbers"""",""""National identification numbers""""]},""""Protected Classification Characteristics"""":{""""Affected"""":""""No"""",""""Examples"""":[]},""""Commercial Information"""":{""""Affected"""":""""No"""",""""Examples"""":[]},""""Biometric Information"""":{""""Affected"""":""""No"""",""""Examples"""":[]},""""Internet or Network Activity"""":{""""Affected"""":""""No"""",""""Examples"""":[]},""""Geolocation Data"""":{""""Affected"""":""""No"""",""""Examples"""":[]},""""Sensory Data"""":{""""Affected"""":""""No"""",""""Examples"""":[]},""""Professional or Employment-Related Information"""":{""""Affected"""":""""No"""",""""Examples"""":[]},""""Education Information"""":{""""Affected"""":""""No"""",""""Examples"""":[]},""""Inferences Drawn from Personal Information"""":{""""Affected"""":""""No"""",""""Examples"""":[]},""""Sensitive Personal Information"""":{""""Affected"""":""""Yes"""",""""Examples"""":[""""Passport numbers"""",""""Social Security numbers"""",""""National identification numbers"""",""""Health information""""]},""""Customer Records"""":{""""Affected"""":""""Yes"""",""""Examples"""":[""""Phone numbers""""]}}}",BSO,VERIFIED-GATE1,Gate1-A (CCL),,0,,-8.2952,-5.5244,-8.5366,-7.0138,62.3026,51.9239,23733459.93,15336976.54,-10.3787,75154.0,CCL,window,1,10.8892,0.6165,-0.191,-0.4685,1,1,67.0,0,0,0.0,1,0,0,0,,2021-03-19,2021-05-25,3.18973,2.565357,-0.6243729999999998,2021.0,21,21,True,4400.0,44,1,67.0,1.0,Q3,2021,-0.2824795775984459
823768,2021-01-21,"USA Waste-Management Resources, LLC","USA Waste-Management Resources, LLC",6,HACK,False,277000,True,"The Iowa Attorney General's Office reported that USA Waste-Management Resources, LLC experienced a data breach affecting 1,643 Iowa residents. The breach involved unauthorized access to certain files containing sensitive information such as names, Social Security numbers, dates of birth, and driver's license numbers, discovered between January 21 and 23, 2021. Affected individuals were notified on May 28, 2021, and offered one year of credit monitoring services through Experian.",2021-05-28 00:00:00,2021-01-23 00:00:00,"{""""Encryption Status"""":""""Unencrypted"""",""""Categories Affected"""":{""""Personal Identifiers"""":{""""Affected"""":""""Yes"""",""""Examples"""":[""""Name"""",""""Social Security number"""",""""Driver's license number"""",""""Passport number""""]},""""Protected Classification Characteristics"""":{""""Affected"""":""""No"""",""""Examples"""":[]},""""Commercial Information"""":{""""Affected"""":""""No"""",""""Examples"""":[]},""""Biometric Information"""":{""""Affected"""":""""No"""",""""Examples"""":[]},""""Internet or Network Activity"""":{""""Affected"""":""""No"""",""""Examples"""":[]},""""Geolocation Data"""":{""""Affected"""":""""No"""",""""Examples"""":[]},""""Sensory Data"""":{""""Affected"""":""""No"""",""""Examples"""":[]},""""Professional or Employment-Related Information"""":{""""Affected"""":""""No"""",""""Examples"""":[]},""""Education Information"""":{""""Affected"""":""""No"""",""""Examples"""":[]},""""Inferences Drawn from Personal Information"""":{""""Affected"""":""""No"""",""""Examples"""":[]},""""Sensitive Personal Information"""":{""""Affected"""":""""Yes"""",""""Examples"""":[""""Social Security number"""",""""Driver's license number"""",""""Passport number"""",""""Health insurance information"""",""""Medical history/treatment information""""]},""""Customer Records"""":{""""Affected"""":""""Yes"""",""""Examples"""":[""""Health insurance information""""]}}}",BSO,VERIFIED-GATE1,Gate1-G rescue: Waste Management family (public-record verified: 1/2021 WMR+WM employee-breach litigation),,0,,-0.7019,3.7651,-0.6987,3.8371,17.3302,14.8377,708274.08,630284.46,-2.4925,11955.0,WM,window,1,10.2869,0.746,0.051,0.2909,0,0,127.0,0,0,0.0,1,0,1,1,39.0,2021-01-21,2021-05-28,1.068918,0.684869,-0.3840490000000001,2021.0,21,21,True,4953.0,49,0,127.0,0.0,Q3,2021,-0.1719998481838143
831259,2023-08-08,Freeport-McMoRan Inc.,Freeport-McMoRan Inc.,1,HACK,False,1,False,"The New Hampshire Department of Justice reported a data breach involving Freeport-McMoRan Inc. on September 8, 2023. The breach occurred between August 8 and August 11, 2023, and involved unauthorized access to personal information of certain individuals, including current and former employees. The number of affected individuals is currently unknown.",2023-09-08 00:00:00,2023-08-11 00:00:00,"{""""Encryption Status"""":""""Unencrypted"""",""""Categories Affected"""":{""""Personal Identifiers"""":{""""Affected"""":""""Yes"""",""""Examples"""":[""""Personal information""""]},""""Protected Classification Characteristics"""":{""""Affected"""":""""No"""",""""Examples"""":[]},""""Commercial Information"""":{""""Affected"""":""""No"""",""""Examples"""":[]},""""Biometric Information"""":{""""Affected"""":""""No"""",""""Examples"""":[]},""""Internet or Network Activity"""":{""""Affected"""":""""No"""",""""Examples"""":[]},""""Geolocation Data"""":{""""Affected"""":""""No"""",""""Examples"""":[]},""""Sensory Data"""":{""""Affected"""":""""No"""",""""Examples"""":[]},""""Professional or Employment-Related Information"""":{""""Affected"""":""""No"""",""""Examples"""":[]},""""Education Information"""":{""""Affected"""":""""No"""",""""Examples"""":[]},""""Inferences Drawn from Personal Information"""":{""""Affected"""":""""No"""",""""Examples"""":[]},""""Sensitive Personal Information"""":{""""Affected"""":""""No"""",""""Examples"""":[]},""""Customer Records"""":{""""Affected"""":""""No"""",""""Examples"""":[]}}}",BSO,VERIFIED-GATE1,Gate1-A (FCX),,0,,-3.878,-5.733,-3.8028,-5.7869,35.8912,28.537,3416661.24,1719977.34,-7.3542,81774.0,FCX,window,1,10.8414,0.5132,0.0679,0.4169,0,0,31.0,0,0,0.0,0,0,0,0,,2023-08-08,2023-09-08,1.564838,1.709663,0.14482499999999998,2023.0,21,21,True,1000.0,10,0,31.0,0.0,Q3,2023,-0.12312395246391272
858877,2012-03-26,"Cisco Systems, Inc.","Cisco Systems, Inc.",1,PORT,False,65,False,"On April 9, 2012, the New Hampshire Office of the Attorney General reported a data breach involving Cisco Systems, Inc. The breach occurred on March 26, 2012, when a laptop belonging to Ernst & Young LLP (EY) was stolen, potentially exposing personal information of current and former Cisco employees, including names, addresses, and Social Security numbers. Four individuals affected reside in New Hampshire.",2012-04-09 00:00:00,2012-03-26 00:00:00,"{""""Encryption Status"""":""""Unencrypted"""",""""Categories Affected"""":{""""Personal Identifiers"""":{""""Affected"""":""""Yes"""",""""Examples"""":[""""Name"""",""""Home address"""",""""Social Security number""""]},""""Protected Classification Characteristics"""":{""""Affected"""":""""No"""",""""Examples"""":[]},""""Commercial Information"""":{""""Affected"""":""""Yes"""",""""Examples"""":[""""Stock administration information""""]},""""Biometric Information"""":{""""Affected"""":""""No"""",""""Examples"""":[]},""""Internet or Network Activity"""":{""""Affected"""":""""No"""",""""Examples"""":[]},""""Geolocation Data"""":{""""Affected"""":""""No"""",""""Examples"""":[]},""""Sensory Data"""":{""""Affected"""":""""No"""",""""Examples"""":[]},""""Professional or Employment-Related Information"""":{""""Affected"""":""""No"""",""""Examples"""":[]},""""Education Information"""":{""""Affected"""":""""No"""",""""Examples"""":[]},""""Inferences Drawn from Personal Information"""":{""""Affected"""":""""No"""",""""Examples"""":[]},""""Sensitive Personal Information"""":{""""Affected"""":""""Yes"""",""""Examples"""":[""""Social Security number""""]},""""Customer Records"""":{""""Affected"""":""""No"""",""""Examples"""":[]}}}",BSO,VERIFIED,EDGAR name: CISCO SYSTEMS INC,,0,"NOT treated (8/4): holding link to Tropo LLC is anachronistic — Cisco acquired Tropo 2015, breaches 2012; snapshot-era holding data",1.7527,-5.914,1.7919,-5.7013,14.9823,18.9233,9787879.16,11131345.92,3.941,76076.0,CSCO,window,1,11.3748,0.4574,0.0745,0.248,0,0,14.0,0,0,0.0,0,0,0,1,129.0,2012-03-26,2012-04-09,0.931517,2.653645,1.722128,2012.0,21,21,True,3576.0,35,0,14.0,0.0,Q3,2012,0.46757228941170403
858877,2012-04-13,"Cisco Systems, Inc.","Cisco Systems, Inc.",1,PORT,False,22,False,"On April 13, 2012, the Massachusetts Office of Consumer Affairs and Business Regulation reported a data breach involving Cisco Systems, Inc., affecting 22 residents. The breach involved the exposure of electronic records, specifically Social Security Numbers (SSN).",2012-04-13 00:00:00,2012-04-13 00:00:00,"{""""Encryption Status"""":""""Unencrypted"""",""""Categories Affected"""":{""""Personal Identifiers"""":{""""Affected"""":""""Yes"""",""""Examples"""":[""""Social Security Number""""]},""""Protected Classification Characteristics"""":{""""Affected"""":""""No"""",""""Examples"""":[]},""""Commercial Information"""":{""""Affected"""":""""No"""",""""Examples"""":[]},""""Biometric Information"""":{""""Affected"""":""""No"""",""""Examples"""":[]},""""Internet or Network Activity"""":{""""Affected"""":""""No"""",""""Examples"""":[]},""""Geolocation Data"""":{""""Affected"""":""""No"""",""""Examples"""":[]},""""Sensory Data"""":{""""Affected"""":""""No"""",""""Examples"""":[]},""""Professional or Employment-Related Information"""":{""""Affected"""":""""No"""",""""Examples"""":[]},""""Education Information"""":{""""Affected"""":""""No"""",""""Examples"""":[]},""""Inferences Drawn from Personal Information"""":{""""Affected"""":""""No"""",""""Examples"""":[]},""""Sensitive Personal Information"""":{""""Affected"""":""""Yes"""",""""Examples"""":[""""Social Security Number""""]},""""Customer Records"""":{""""Affected"""":""""No"""",""""Examples"""":[]}}}",BSO,VERIFIED,EDGAR name: CISCO SYSTEMS INC,,0,"NOT treated (8/4): holding link to Tropo LLC is anachronistic — Cisco acquired Tropo 2015, breaches 2012; snapshot-era holding data",-0.2144,-14.5487,-0.2187,-13.4021,18.7612,39.652,10415829.02,36998892.29,20.8908,76076.0,CSCO,window,1,11.3748,0.4574,0.0745,0.248,1,1,0.0,0,0,1.0,0,0,0,1,111.0,2012-04-13,2012-04-13,1.097646,2.612189,1.514543,2012.0,21,21,True,3576.0,35,1,0.0,1.0,Q3,2012,0.7572793683404972
860731,2020-09-21,"Tyler Technologies, Inc.","Tyler Technologies, Inc.",1,HACK,False,2301,False,"The Maine Office of the Attorney General reported a data breach involving Tyler Technologies, Inc. on January 18, 2021. The breach occurred between September 21, 2020, and September 24, 2020, affecting a total of 2,301 individuals, with 955 being residents. The breach was due to an external system breach (hacking), which was discovered on October 19, 2020.",2021-01-18 00:00:00,2020-09-24 00:00:00,"{""""Encryption Status"""":""""Unencrypted"""",""""Categories Affected"""":{""""Personal Identifiers"""":{""""Affected"""":""""UNKN"""",""""Examples"""":[]},""""Protected Classification Characteristics"""":{""""Affected"""":""""UNKN"""",""""Examples"""":[]},""""Commercial Information"""":{""""Affected"""":""""UNKN"""",""""Examples"""":[]},""""Biometric Information"""":{""""Affected"""":""""UNKN"""",""""Examples"""":[]},""""Internet or Network Activity"""":{""""Affected"""":""""UNKN"""",""""Examples"""":[]},""""Geolocation Data"""":{""""Affected"""":""""UNKN"""",""""Examples"""":[]},""""Sensory Data"""":{""""Affected"""":""""UNKN"""",""""Examples"""":[]},""""Professional or Employment-Related Information"""":{""""Affected"""":""""UNKN"""",""""Examples"""":[]},""""Education Information"""":{""""Affected"""":""""UNKN"""",""""Examples"""":[]},""""Inferences Drawn from Personal Information"""":{""""Affected"""":""""UNKN"""",""""Examples"""":[]},""""Sensitive Personal Information"""":{""""Affected"""":""""UNKN"""",""""Examples"""":[]},""""Customer Records"""":{""""Affected"""":""""UNKN"""",""""Examples"""":[]}}}",BSO,VERIFIED,EDGAR name: TYLER CORP /NEW/,,0,,3.6517,15.4136,3.6215,16.4314,22.0987,27.1137,142471.08,70360.49,5.015,76185.0,TYL,window,1,7.6924,0.2622,0.0669,0.2151,0,0,119.0,0,0,0.0,0,0,0,0,,2020-09-21,2021-01-18,1.309427,1.934335,0.624908,2021.0,21,21,True,7373.0,73,0,119.0,0.0,Q1 (smallest),2021,0.041392071987518264
872589,2010-06-18,"Regeneron Pharmaceuticals, Inc.","Regeneron Pharmaceuticals, Inc.",1,HACK,False,9,False,"The New Hampshire Department of Justice reported that Regeneron Pharmaceuticals, Inc. experienced a data breach on June 18, 2010, involving the unauthorized access of payroll data by hackers. Approximately 6 New Hampshire residents were affected, with their names and bank account numbers potentially accessed, although no identity theft was reported. The breach was reported on July 26, 2010.",2010-07-26 00:00:00,2010-06-18 00:00:00,"{""""Encryption Status"""":""""Unencrypted"""",""""Categories Affected"""":{""""Personal Identifiers"""":{""""Affected"""":""""Yes"""",""""Examples"""":[""""Names""""]},""""Protected Classification Characteristics"""":{""""Affected"""":""""No"""",""""Examples"""":[]},""""Commercial Information"""":{""""Affected"""":""""No"""",""""Examples"""":[]},""""Biometric Information"""":{""""Affected"""":""""No"""",""""Examples"""":[]},""""Internet or Network Activity"""":{""""Affected"""":""""No"""",""""Examples"""":[]},""""Geolocation Data"""":{""""Affected"""":""""No"""",""""Examples"""":[]},""""Sensory Data"""":{""""Affected"""":""""No"""",""""Examples"""":[]},""""Professional or Employment-Related Information"""":{""""Affected"""":""""No"""",""""Examples"""":[]},""""Education Information"""":{""""Affected"""":""""No"""",""""Examples"""":[]},""""Inferences Drawn from Personal Information"""":{""""Affected"""":""""No"""",""""Examples"""":[]},""""Sensitive Personal Information"""":{""""Affected"""":""""Yes"""",""""Examples"""":[""""Bank account numbers""""]},""""Customer Records"""":{""""Affected"""":""""No"""",""""Examples"""":[]}}}",BSO,VERIFIED,EDGAR name: REGENERON PHARMACEUTICALS INC,,0,,-4.5969,-5.9843,-4.4412,-6.8949,61.219,48.4108,495219.21,1562136.81,-12.8082,76614.0,REGN,window,1,6.6083,0.4647,-0.0915,-0.1578,0,0,38.0,0,0,0.0,0,0,0,1,150.0,2010-06-18,2010-07-26,3.002688,2.380406,-0.6222820000000002,2010.0,21,21,True,2834.0,28,0,38.0,0.0,Q1 (smallest),2010,-0.4060582925513647
896878,2008-05-26,"Intuit, Inc.","Intuit, Inc.",1,PORT,False,15,False,"The New Hampshire Attorney General reported that Intuit, Inc. experienced a data breach involving the theft of computers from their benefit administration vendor's office in Walnut Creek, California, on May 26, 2008. Approximately 15 New Hampshire residents may be affected by the breach, which involved exposure of names, addresses, Social Security numbers, and birthdates of current and former employees and their dependents. The breach was reported on September 5, 2008.",2008-09-05 00:00:00,2008-05-26 00:00:00,"{""""Encryption Status"""":""""Unencrypted"""",""""Categories Affected"""":{""""Personal Identifiers"""":{""""Affected"""":""""Yes"""",""""Examples"""":[""""Names"""",""""Addresses"""",""""Social Security numbers"""",""""Birthdates""""]},""""Protected Classification Characteristics"""":{""""Affected"""":""""No"""",""""Examples"""":[]},""""Commercial Information"""":{""""Affected"""":""""No"""",""""Examples"""":[]},""""Biometric Information"""":{""""Affected"""":""""No"""",""""Examples"""":[]},""""Internet or Network Activity"""":{""""Affected"""":""""No"""",""""Examples"""":[]},""""Geolocation Data"""":{""""Affected"""":""""No"""",""""Examples"""":[]},""""Sensory Data"""":{""""Affected"""":""""No"""",""""Examples"""":[]},""""Professional or Employment-Related Information"""":{""""Affected"""":""""No"""",""""Examples"""":[]},""""Education Information"""":{""""Affected"""":""""No"""",""""Examples"""":[]},""""Inferences Drawn from Personal Information"""":{""""Affected"""":""""No"""",""""Examples"""":[]},""""Sensitive Personal Information"""":{""""Affected"""":""""Yes"""",""""Examples"""":[""""Social Security numbers""""]},""""Customer Records"""":{""""Affected"""":""""No"""",""""Examples"""":[]}}}",BSO,VERIFIED,EDGAR name: INTUIT INC,,0,,4.47,6.6432,4.5048,5.7658,32.8517,31.3996,1724067.05,546110.94,-1.4521,78975.0,INTU,window,1,8.3552,0.5211,0.1035,0.2914,0,0,102.0,0,0,0.0,0,0,1,1,60.0,2008-05-26,2008-09-05,1.622512,3.651729,2.029217,2008.0,21,21,True,7372.0,73,0,102.0,0.0,Q1 (smallest),2008,0.44254293312174964
896878,2008-09-24,Intuit,Intuit,1,HACK,False,228,False,"The Massachusetts Office of Consumer Affairs and Business Regulation reported that Intuit experienced a data breach on September 24, 2008, affecting 228 residents. The compromised information includes Social Security Numbers (SSN) and account numbers from electronic records.",2008-09-24 00:00:00,2008-09-24 00:00:00,"{""""Encryption Status"""":""""Unencrypted"""",""""Categories Affected"""":{""""Personal Identifiers"""":{""""Affected"""":""""Yes"""",""""Examples"""":[""""Social Security Number""""]},""""Protected Classification Characteristics"""":{""""Affected"""":""""No"""",""""Examples"""":[]},""""Commercial Information"""":{""""Affected"""":""""No"""",""""Examples"""":[]},""""Biometric Information"""":{""""Affected"""":""""No"""",""""Examples"""":[]},""""Internet or Network Activity"""":{""""Affected"""":""""No"""",""""Examples"""":[]},""""Geolocation Data"""":{""""Affected"""":""""No"""",""""Examples"""":[]},""""Sensory Data"""":{""""Affected"""":""""No"""",""""Examples"""":[]},""""Professional or Employment-Related Information"""":{""""Affected"""":""""No"""",""""Examples"""":[]},""""Education Information"""":{""""Affected"""":""""No"""",""""Examples"""":[]},""""Inferences Drawn from Personal Information"""":{""""Affected"""":""""No"""",""""Examples"""":[]},""""Sensitive Personal Information"""":{""""Affected"""":""""Yes"""",""""Examples"""":[""""Social Security Number""""]},""""Customer Records"""":{""""Affected"""":""""Yes"""",""""Examples"""":[""""Account Number""""]}}}",BSO,VERIFIED,EDGAR name: INTUIT INC,,0,,2.0892,4.1214,2.0683,3.9338,33.7569,68.8141,1316876.39,1593792.24,35.0572,78975.0,INTU,window,1,8.4482,0.5543,0.1022,0.29,1,1,0.0,0,0,1.0,0,0,1,1,34.0,2008-09-24,2008-09-24,1.843517,4.562983,2.7194659999999997,2008.0,21,21,True,7372.0,73,1,0.0,1.0,Q1 (smallest),2008,1.653069851728778
896878,2014-02-01,"Intuit, Inc.","Intuit, Inc.",1,INSD,False,967,False,"The Indiana Office of the Attorney General reported that Intuit Inc. experienced a data breach on February 1, 2014, affecting a total of 27,000 individuals, including 618 residents of Indiana. The breach notification was reported on April 7, 2015.",2015-04-07 00:00:00,2014-02-01 00:00:00,"{""""Encryption Status"""":""""UNKN"""",""""Categories Affected"""":{""""Personal Identifiers"""":{""""Affected"""":""""UNKN"""",""""Examples"""":[]},""""Protected Classification Characteristics"""":{""""Affected"""":""""UNKN"""",""""Examples"""":[]},""""Commercial Information"""":{""""Affected"""":""""UNKN"""",""""Examples"""":[]},""""Biometric Information"""":{""""Affected"""":""""UNKN"""",""""Examples"""":[]},""""Internet or Network Activity"""":{""""Affected"""":""""UNKN"""",""""Examples"""":[]},""""Geolocation Data"""":{""""Affected"""":""""UNKN"""",""""Examples"""":[]},""""Sensory Data"""":{""""Affected"""":""""UNKN"""",""""Examples"""":[]},""""Professional or Employment-Related Information"""":{""""Affected"""":""""UNKN"""",""""Examples"""":[]},""""Education Information"""":{""""Affected"""":""""UNKN"""",""""Examples"""":[]},""""Inferences Drawn from Personal Information"""":{""""Affected"""":""""UNKN"""",""""Examples"""":[]},""""Sensitive Personal Information"""":{""""Affected"""":""""UNKN"""",""""Examples"""":[]},""""Customer Records"""":{""""Affected"""":""""UNKN"""",""""Examples"""":[]}}}",BSO,VERIFIED,EDGAR name: INTUIT INC,,0,,-3.814,4.6012,-3.7648,4.539,15.6855,28.1349,519466.98,1115773.61,12.4494,78975.0,INTU,window,1,8.61,0.3564,0.1564,0.3512,2,0,430.0,0,0,0.0,0,1,1,1,10.0,2014-02-01,2015-04-07,1.097775,1.137812,0.0400370000000001,2015.0,21,21,True,7372.0,73,2,430.0,2.0,Q2,2015,-0.23556366136857432
896878,2014-04-01,Intuit Inc.,Intuit Inc.,1,INSD,False,889,False,"The Maine Office of the Attorney General reported that Intuit Inc. experienced a data breach discovered on January 30, 2015, affecting 37 residents. The breach occurred between April 2014 and September 8, 2014, compromising names or personal identifiers in combination with Social Security Numbers (SSN) and financial information including account numbers and security codes.",2015-02-15 00:00:00,2014-09-08 00:00:00,"{""""Encryption Status"""":""""Unencrypted"""",""""Categories Affected"""":{""""Personal Identifiers"""":{""""Affected"""":""""Yes"""",""""Examples"""":[""""Name or other personal identifier"""",""""Social Security Number""""]},""""Protected Classification Characteristics"""":{""""Affected"""":""""No"""",""""Examples"""":[]},""""Commercial Information"""":{""""Affected"""":""""No"""",""""Examples"""":[]},""""Biometric Information"""":{""""Affected"""":""""No"""",""""Examples"""":[]},""""Internet or Network Activity"""":{""""Affected"""":""""No"""",""""Examples"""":[]},""""Geolocation Data"""":{""""Affected"""":""""No"""",""""Examples"""":[]},""""Sensory Data"""":{""""Affected"""":""""No"""",""""Examples"""":[]},""""Professional or Employment-Related Information"""":{""""Affected"""":""""No"""",""""Examples"""":[]},""""Education Information"""":{""""Affected"""":""""No"""",""""Examples"""":[]},""""Inferences Drawn from Personal Information"""":{""""Affected"""":""""No"""",""""Examples"""":[]},""""Sensitive Personal Information"""":{""""Affected"""":""""Yes"""",""""Examples"""":[""""Social Security Number"""",""""Financial account number with security code, access code, password or PIN""""]},""""Customer Records"""":{""""Affected"""":""""Yes"""",""""Examples"""":[""""Financial account number"""",""""Credit or debit card number"""",""""Security code"""",""""Access code"""",""""Password"""",""""PIN""""]}}}",BSO,VERIFIED,EDGAR name: INTUIT INC,,0,,-2.7687,-3.5682,-2.7553,-3.6152,21.0184,19.0868,888978.45,584783.79,-1.9316,78975.0,INTU,window,1,8.61,0.3564,0.1564,0.3512,3,1,320.0,0,0,0.0,0,0,0,1,119.0,2014-04-01,2015-02-15,1.725628,0.929531,-0.7960969999999999,2015.0,21,21,True,7372.0,73,3,320.0,3.0,Q2,2015,0.17316989688462314
896878,2014-04-18,Intuit Inc.,Intuit Inc.,1,INSD,False,91,False,"The Indiana Office of the Attorney General reported that Intuit Inc. experienced a data breach on April 18, 2014, affecting a total of 1,159 individuals, including 91 residents. The breach notification was reported on February 15, 2015.",2015-02-15 00:00:00,2014-04-18 00:00:00,"{""""Encryption Status"""":""""UNKN"""",""""Categories Affected"""":{""""Personal Identifiers"""":{""""Affected"""":""""UNKN"""",""""Examples"""":[]},""""Protected Classification Characteristics"""":{""""Affected"""":""""UNKN"""",""""Examples"""":[]},""""Commercial Information"""":{""""Affected"""":""""UNKN"""",""""Examples"""":[]},""""Biometric Information"""":{""""Affected"""":""""UNKN"""",""""Examples"""":[]},""""Internet or Network Activity"""":{""""Affected"""":""""UNKN"""",""""Examples"""":[]},""""Geolocation Data"""":{""""Affected"""":""""UNKN"""",""""Examples"""":[]},""""Sensory Data"""":{""""Affected"""":""""UNKN"""",""""Examples"""":[]},""""Professional or Employment-Related Information"""":{""""Affected"""":""""UNKN"""",""""Examples"""":[]},""""Education Information"""":{""""Affected"""":""""UNKN"""",""""Examples"""":[]},""""Inferences Drawn from Personal Information"""":{""""Affected"""":""""UNKN"""",""""Examples"""":[]},""""Sensitive Personal Information"""":{""""Affected"""":""""UNKN"""",""""Examples"""":[]},""""Customer Records"""":{""""Affected"""":""""UNKN"""",""""Examples"""":[]}}}",BSO,VERIFIED,EDGAR name: INTUIT INC,,0,,1.4707,3.7652,1.4666,3.8408,16.0573,15.3123,476497.68,678384.92,-0.745,78975.0,INTU,window,1,8.61,0.3564,0.1564,0.3512,4,2,303.0,0,0,0.0,0,0,0,1,102.0,2014-04-18,2015-02-15,1.725628,0.929531,-0.7960969999999999,2015.0,21,21,True,7372.0,73,4,303.0,4.0,Q2,2015,0.17316989688462314
896878,2015-04-07,Intuit,Intuit,1,INSD,False,1385,False,"The Massachusetts Office of Consumer Affairs and Business Regulation reported a data breach involving Intuit on April 7, 2015. The breach affected 1,385 residents and involved electronic records, specifically Social Security Numbers (SSN).",2015-04-07 00:00:00,2015-04-07 00:00:00,"{""""Encryption Status"""":""""Unencrypted"""",""""Categories Affected"""":{""""Personal Identifiers"""":{""""Affected"""":""""Yes"""",""""Examples"""":[""""Social Security number""""]},""""Protected Classification Characteristics"""":{""""Affected"""":""""No"""",""""Examples"""":[]},""""Commercial Information"""":{""""Affected"""":""""No"""",""""Examples"""":[]},""""Biometric Information"""":{""""Affected"""":""""No"""",""""Examples"""":[]},""""Internet or Network Activity"""":{""""Affected"""":""""No"""",""""Examples"""":[]},""""Geolocation Data"""":{""""Affected"""":""""No"""",""""Examples"""":[]},""""Sensory Data"""":{""""Affected"""":""""No"""",""""Examples"""":[]},""""Professional or Employment-Related Information"""":{""""Affected"""":""""No"""",""""Examples"""":[]},""""Education Information"""":{""""Affected"""":""""No"""",""""Examples"""":[]},""""Inferences Drawn from Personal Information"""":{""""Affected"""":""""No"""",""""Examples"""":[]},""""Sensitive Personal Information"""":{""""Affected"""":""""Yes"""",""""Examples"""":[""""Social Security number""""]},""""Customer Records"""":{""""Affected"""":""""No"""",""""Examples"""":[]}}}",BSO,VERIFIED,EDGAR name: INTUIT INC,,0,,-0.4561,3.7689,-0.47,3.7862,16.2808,16.0563,496104.84,430495.5,-0.2245,78975.0,INTU,window,1,8.5566,0.4082,0.1744,0.3353,5,1,0.0,0,0,1.0,0,0,0,0,,2015-04-07,2015-04-07,1.097775,1.137812,0.0400370000000001,2015.0,21,21,True,7372.0,73,5,0.0,5.0,Q1 (smallest),2015,-0.23556366136857432
896878,2015-04-14,Intuit,Intuit,1,INSD,False,134,False,"The Massachusetts Office of Consumer Affairs and Business Regulation reported a data breach involving Intuit on April 14, 2015. The breach affected 134 residents and potentially compromised electronic records, specifically Social Security Numbers (SSNs) and account numbers.",2015-04-14 00:00:00,2015-04-14 00:00:00,"{""""Encryption Status"""":""""Unencrypted"""",""""Categories Affected"""":{""""Personal Identifiers"""":{""""Affected"""":""""Yes"""",""""Examples"""":[""""Social Security number"""",""""Account number""""]},""""Protected Classification Characteristics"""":{""""Affected"""":""""No"""",""""Examples"""":[]},""""Commercial Information"""":{""""Affected"""":""""No"""",""""Examples"""":[]},""""Biometric Information"""":{""""Affected"""":""""No"""",""""Examples"""":[]},""""Internet or Network Activity"""":{""""Affected"""":""""No"""",""""Examples"""":[]},""""Geolocation Data"""":{""""Affected"""":""""No"""",""""Examples"""":[]},""""Sensory Data"""":{""""Affected"""":""""No"""",""""Examples"""":[]},""""Professional or Employment-Related Information"""":{""""Affected"""":""""No"""",""""Examples"""":[]},""""Education Information"""":{""""Affected"""":""""No"""",""""Examples"""":[]},""""Inferences Drawn from Personal Information"""":{""""Affected"""":""""No"""",""""Examples"""":[]},""""Sensitive Personal Information"""":{""""Affected"""":""""Yes"""",""""Examples"""":[""""Social Security number""""]},""""Customer Records"""":{""""Affected"""":""""Yes"""",""""Examples"""":[""""Account number""""]}}}",BSO,VERIFIED,EDGAR name: INTUIT INC,,0,,-0.9809,6.1087,-0.9947,6.2081,16.5703,17.9102,502987.58,458249.86,1.3399,78975.0,INTU,window,1,8.5566,0.4082,0.1744,0.3353,6,2,0.0,0,0,1.0,0,0,0,0,,2015-04-14,2015-04-14,1.114085,1.11496,0.0008749999999999591,2015.0,21,21,True,7372.0,73,6,0.0,6.0,Q1 (smallest),2015,-0.1237559693445418
896878,2015-05-20,Intuit,Intuit,1,INSD,False,34,False,"The Massachusetts Office of Consumer Affairs and Business Regulation reported a data breach involving Intuit on May 20, 2015. The breach affected 34 residents and involved the exposure of credit/debit numbers from electronic records.",2015-05-20 00:00:00,2015-05-20 00:00:00,"{""""Encryption Status"""":""""Unencrypted"""",""""Categories Affected"""":{""""Personal Identifiers"""":{""""Affected"""":""""No"""",""""Examples"""":[]},""""Protected Classification Characteristics"""":{""""Affected"""":""""No"""",""""Examples"""":[]},""""Commercial Information"""":{""""Affected"""":""""No"""",""""Examples"""":[]},""""Biometric Information"""":{""""Affected"""":""""No"""",""""Examples"""":[]},""""Internet or Network Activity"""":{""""Affected"""":""""No"""",""""Examples"""":[]},""""Geolocation Data"""":{""""Affected"""":""""No"""",""""Examples"""":[]},""""Sensory Data"""":{""""Affected"""":""""No"""",""""Examples"""":[]},""""Professional or Employment-Related Information"""":{""""Affected"""":""""No"""",""""Examples"""":[]},""""Education Information"""":{""""Affected"""":""""No"""",""""Examples"""":[]},""""Inferences Drawn from Personal Information"""":{""""Affected"""":""""No"""",""""Examples"""":[]},""""Sensitive Personal Information"""":{""""Affected"""":""""Yes"""",""""Examples"""":[""""Credit card numbers"""",""""Debit card numbers""""]},""""Customer Records"""":{""""Affected"""":""""No"""",""""Examples"""":[]}}}",BSO,VERIFIED,EDGAR name: INTUIT INC,,0,,2.1076,0.6875,2.0781,0.5218,17.653,20.0936,428129.25,687703.06,2.4406,78975.0,INTU,window,1,8.5566,0.4082,0.1744,0.3353,7,2,0.0,0,0,1.0,0,0,0,1,163.0,2015-05-20,2015-05-20,1.137855,1.168078,0.03022299999999989,2015.0,21,21,True,7372.0,73,7,0.0,7.0,Q1 (smallest),2015,0.105571705987628
896878,2015-09-18,Intuit Inc,Intuit Inc,1,INSD,False,280,False,"The Indiana Office of the Attorney General reported that IntuitInc experienced a data breach on September 18, 2015, affecting a total of 280 individuals, including 6 residents of Indiana. The breach was reported on October 27, 2015.",2015-10-27 00:00:00,2015-09-18 00:00:00,"{""""Encryption Status"""":""""UNKN"""",""""Categories Affected"""":{""""Personal Identifiers"""":{""""Affected"""":""""UNKN"""",""""Examples"""":[]},""""Protected Classification Characteristics"""":{""""Affected"""":""""UNKN"""",""""Examples"""":[]},""""Commercial Information"""":{""""Affected"""":""""UNKN"""",""""Examples"""":[]},""""Biometric Information"""":{""""Affected"""":""""UNKN"""",""""Examples"""":[]},""""Internet or Network Activity"""":{""""Affected"""":""""UNKN"""",""""Examples"""":[]},""""Geolocation Data"""":{""""Affected"""":""""UNKN"""",""""Examples"""":[]},""""Sensory Data"""":{""""Affected"""":""""UNKN"""",""""Examples"""":[]},""""Professional or Employment-Related Information"""":{""""Affected"""":""""UNKN"""",""""Examples"""":[]},""""Education Information"""":{""""Affected"""":""""UNKN"""",""""Examples"""":[]},""""Inferences Drawn from Personal Information"""":{""""Affected"""":""""UNKN"""",""""Examples"""":[]},""""Sensitive Personal Information"""":{""""Affected"""":""""UNKN"""",""""Examples"""":[]},""""Customer Records"""":{""""Affected"""":""""UNKN"""",""""Examples"""":[]}}}",BSO,VERIFIED,EDGAR name: INTUIT INC,,0,,5.9417,10.433,5.9172,11.2333,53.8096,18.6753,2058438.4,949708.72,-35.1343,78975.0,INTU,window,1,8.5108,0.5306,0.0735,0.2595,8,3,39.0,0,0,0.0,0,0,1,1,42.0,2015-09-18,2015-10-27,1.13629,1.702403,0.5661130000000001,2015.0,21,21,True,7372.0,73,8,39.0,8.0,Q1 (smallest),2015,0.07511992585597582
896878,2015-10-12,Intuit Inc,Intuit Inc,1,INSD,False,6740,False,"The Indiana Office of the Attorney General reported that Intuit Inc experienced a data breach on October 12, 2015, affecting a total of 6,740 individuals, including 71 residents of Indiana. The breach was reported on November 17, 2015.",2015-11-17 00:00:00,2015-10-12 00:00:00,"{""""Encryption Status"""":""""Unencrypted"""",""""Categories Affected"""":{""""Personal Identifiers"""":{""""Affected"""":""""UNKN"""",""""Examples"""":[]},""""Protected Classification Characteristics"""":{""""Affected"""":""""UNKN"""",""""Examples"""":[]},""""Commercial Information"""":{""""Affected"""":""""UNKN"""",""""Examples"""":[]},""""Biometric Information"""":{""""Affected"""":""""UNKN"""",""""Examples"""":[]},""""Internet or Network Activity"""":{""""Affected"""":""""UNKN"""",""""Examples"""":[]},""""Geolocation Data"""":{""""Affected"""":""""UNKN"""",""""Examples"""":[]},""""Sensory Data"""":{""""Affected"""":""""UNKN"""",""""Examples"""":[]},""""Professional or Employment-Related Information"""":{""""Affected"""":""""UNKN"""",""""Examples"""":[]},""""Education Information"""":{""""Affected"""":""""UNKN"""",""""Examples"""":[]},""""Inferences Drawn from Personal Information"""":{""""Affected"""":""""UNKN"""",""""Examples"""":[]},""""Sensitive Personal Information"""":{""""Affected"""":""""UNKN"""",""""Examples"""":[]},""""Customer Records"""":{""""Affected"""":""""UNKN"""",""""Examples"""":[]}}}",BSO,VERIFIED,EDGAR name: INTUIT INC,,0,,1.0229,6.7558,0.987,6.8433,23.0661,17.8102,1269057.58,328095.38,-5.2559,78975.0,INTU,window,1,8.5108,0.5306,0.0735,0.2595,9,4,36.0,0,0,0.0,0,1,1,1,18.0,2015-10-12,2015-11-17,1.167706,1.430882,0.2631760000000001,2015.0,21,21,True,7372.0,73,9,36.0,9.0,Q1 (smallest),2015,0.18448372324015794
896878,2015-12-01,Intuit,Intuit,1,INSD,False,15,False,"The Maine Office of the Attorney General reported a data breach involving Intuit on December 23, 2015. The breach occurred on or before December 9, 2015, and affected 15 residents, compromising names, Social Security Numbers (SSNs), financial account numbers, and additional security details.",2015-12-23 00:00:00,2015-12-01 00:00:00,"{""""Encryption Status"""":""""Unencrypted"""",""""Categories Affected"""":{""""Personal Identifiers"""":{""""Affected"""":""""Yes"""",""""Examples"""":[""""Name"""",""""Social Security number""""]},""""Protected Classification Characteristics"""":{""""Affected"""":""""No"""",""""Examples"""":[]},""""Commercial Information"""":{""""Affected"""":""""No"""",""""Examples"""":[]},""""Biometric Information"""":{""""Affected"""":""""No"""",""""Examples"""":[]},""""Internet or Network Activity"""":{""""Affected"""":""""No"""",""""Examples"""":[]},""""Geolocation Data"""":{""""Affected"""":""""No"""",""""Examples"""":[]},""""Sensory Data"""":{""""Affected"""":""""No"""",""""Examples"""":[]},""""Professional or Employment-Related Information"""":{""""Affected"""":""""No"""",""""Examples"""":[]},""""Education Information"""":{""""Affected"""":""""No"""",""""Examples"""":[]},""""Inferences Drawn from Personal Information"""":{""""Affected"""":""""No"""",""""Examples"""":[]},""""Sensitive Personal Information"""":{""""Affected"""":""""Yes"""",""""Examples"""":[""""Social Security number"""",""""Financial account number with security access code"""",""""Credit or debit card number with security access code, password or PIN""""]},""""Customer Records"""":{""""Affected"""":""""Yes"""",""""Examples"""":[""""Financial account number"""",""""Credit card number"""",""""Debit card number""""]}}}",BSO,VERIFIED,EDGAR name: INTUIT INC,,0,,-0.2814,3.607,-0.3514,3.1977,24.5795,23.2617,1364190.84,910520.75,-1.3178,78975.0,INTU,window,1,8.5108,0.5306,0.0735,0.2595,10,5,22.0,0,0,0.0,0,0,0,1,160.0,2015-12-01,2015-12-23,1.865148,1.958381,0.0932329999999999,2015.0,21,21,True,7372.0,73,10,22.0,10.0,Q1 (smallest),2015,0.18109635988338613
896878,2015-12-07,Intuit Inc.,Intuit | Intuit Inc.,2,INSD,False,671,True,"The Massachusetts Office of Consumer Affairs and Business Regulation reported on December 7, 2015, that Intuit Inc. experienced a data breach affecting 2 residents. The compromised information included Social Security Numbers (SSN) and Account Numbers from electronic records.",2015-12-07 00:00:00,2015-12-07 00:00:00,"{""""Encryption Status"""":""""Unencrypted"""",""""Categories Affected"""":{""""Personal Identifiers"""":{""""Affected"""":""""Yes"""",""""Examples"""":[""""Social Security Number""""]},""""Protected Classification Characteristics"""":{""""Affected"""":""""No"""",""""Examples"""":[]},""""Commercial Information"""":{""""Affected"""":""""No"""",""""Examples"""":[]},""""Biometric Information"""":{""""Affected"""":""""No"""",""""Examples"""":[]},""""Internet or Network Activity"""":{""""Affected"""":""""No"""",""""Examples"""":[]},""""Geolocation Data"""":{""""Affected"""":""""No"""",""""Examples"""":[]},""""Sensory Data"""":{""""Affected"""":""""No"""",""""Examples"""":[]},""""Professional or Employment-Related Information"""":{""""Affected"""":""""No"""",""""Examples"""":[]},""""Education Information"""":{""""Affected"""":""""No"""",""""Examples"""":[]},""""Inferences Drawn from Personal Information"""":{""""Affected"""":""""No"""",""""Examples"""":[]},""""Sensitive Personal Information"""":{""""Affected"""":""""Yes"""",""""Examples"""":[""""Social Security Number""""]},""""Customer Records"""":{""""Affected"""":""""Yes"""",""""Examples"""":[""""Account Number""""]}}}",BSO,VERIFIED,EDGAR name: INTUIT INC,"NEAR-DUPLICATE CHAIN CH-08: 2 firm-day events collapsed [2015-12-07, 2015-12-08] (Gate 2 signed; record-count gaps not a distinctness signal)",0,,1.4909,5.5756,1.4629,4.9788,27.0225,19.5316,1342935.75,924583.98,-7.4909,78975.0,INTU,window,1,8.5108,0.5306,0.0735,0.2595,11,6,0.0,0,0,1.0,0,0,0,1,154.0,2015-12-07,2015-12-07,1.586188,1.505504,-0.08068399999999998,2015.0,21,21,True,7372.0,73,11,0.0,11.0,Q1 (smallest),2015,0.01434225368298847
896878,2015-12-31,"Intuit, Inc.","Intuit, Inc.",1,INSD,False,10,False,"The Maine Office of the Attorney General reported a data breach involving Intuit on January 15, 2016. The breach occurred on December 31, 2015, affecting 10 individuals, with the compromised information including names or other personal identifiers in combination with Social Security Numbers (SSNs).",2016-01-15 00:00:00,2015-12-31 00:00:00,"{""""Encryption Status"""":""""Unencrypted"""",""""Categories Affected"""":{""""Personal Identifiers"""":{""""Affected"""":""""Yes"""",""""Examples"""":[""""Name"""",""""Social Security number""""]},""""Protected Classification Characteristics"""":{""""Affected"""":""""No"""",""""Examples"""":[]},""""Commercial Information"""":{""""Affected"""":""""No"""",""""Examples"""":[]},""""Biometric Information"""":{""""Affected"""":""""No"""",""""Examples"""":[]},""""Internet or Network Activity"""":{""""Affected"""":""""No"""",""""Examples"""":[]},""""Geolocation Data"""":{""""Affected"""":""""No"""",""""Examples"""":[]},""""Sensory Data"""":{""""Affected"""":""""No"""",""""Examples"""":[]},""""Professional or Employment-Related Information"""":{""""Affected"""":""""No"""",""""Examples"""":[]},""""Education Information"""":{""""Affected"""":""""No"""",""""Examples"""":[]},""""Inferences Drawn from Personal Information"""":{""""Affected"""":""""No"""",""""Examples"""":[]},""""Sensitive Personal Information"""":{""""Affected"""":""""Yes"""",""""Examples"""":[""""Social Security number""""]},""""Customer Records"""":{""""Affected"""":""""No"""",""""Examples"""":[]}}}",BSO,VERIFIED,EDGAR name: INTUIT INC,,0,,2.0554,6.8632,1.9167,6.1653,21.9207,31.6778,1092336.82,650473.9,9.7571,78975.0,INTU,window,1,8.5108,0.5306,0.0735,0.2595,12,7,15.0,0,0,0.0,0,0,0,1,130.0,2015-12-31,2016-01-15,1.298064,2.16442,0.8663559999999997,2016.0,21,21,True,7372.0,73,13,15.0,12.0,Q1 (smallest),2016,0.3289284711848357
896878,2016-01-21,Intuit Inc.,Intuit Inc.,1,INSD,False,1429,False,"The Indiana Office of the Attorney General reported a data breach involving Intuit Inc. on February 9, 2016. The breach occurred on January 21, 2016, affecting a total of 209 individuals, of which 4 are residents of Indiana.",2016-02-09 00:00:00,2016-01-21 00:00:00,"{""""Encryption Status"""":""""UNKN"""",""""Categories Affected"""":{""""Personal Identifiers"""":{""""Affected"""":""""UNKN"""",""""Examples"""":[]},""""Protected Classification Characteristics"""":{""""Affected"""":""""UNKN"""",""""Examples"""":[]},""""Commercial Information"""":{""""Affected"""":""""UNKN"""",""""Examples"""":[]},""""Biometric Information"""":{""""Affected"""":""""UNKN"""",""""Examples"""":[]},""""Internet or Network Activity"""":{""""Affected"""":""""UNKN"""",""""Examples"""":[]},""""Geolocation Data"""":{""""Affected"""":""""UNKN"""",""""Examples"""":[]},""""Sensory Data"""":{""""Affected"""":""""UNKN"""",""""Examples"""":[]},""""Professional or Employment-Related Information"""":{""""Affected"""":""""UNKN"""",""""Examples"""":[]},""""Education Information"""":{""""Affected"""":""""UNKN"""",""""Examples"""":[]},""""Inferences Drawn from Personal Information"""":{""""Affected"""":""""UNKN"""",""""Examples"""":[]},""""Sensitive Personal Information"""":{""""Affected"""":""""UNKN"""",""""Examples"""":[]},""""Customer Records"""":{""""Affected"""":""""UNKN"""",""""Examples"""":[]}}}",BSO,VERIFIED,EDGAR name: INTUIT INC,,0,,-2.077,-0.4593,-2.1114,-0.9167,25.9635,34.3343,939694.23,532271.89,8.3708,78975.0,INTU,window,1,8.5108,0.5306,0.0735,0.2595,13,8,19.0,0,0,0.0,0,0,0,1,109.0,2016-01-21,2016-02-09,1.983745,1.650258,-0.3334870000000001,2016.0,21,21,True,7372.0,73,14,19.0,13.0,Q1 (smallest),2016,-0.21072091787051095
896878,2016-02-04,Intuit,Intuit,1,INSD,False,12952,False,"The Maine Office of the Attorney General reported that Intuit experienced a data breach on February 4, 2016, affecting 2 residents. The breach involved the exposure of names or other personal identifiers in combination with Social Security Numbers (SSN) and Driver's license or non-driver ID card numbers.",2016-03-02 00:00:00,2016-02-04 00:00:00,"{""""Encryption Status"""":""""Unencrypted"""",""""Categories Affected"""":{""""Personal Identifiers"""":{""""Affected"""":""""Yes"""",""""Examples"""":[""""Name or other personal identifier"""",""""Social Security number"""",""""Driver's license or non-driver ID card number""""]},""""Protected Classification Characteristics"""":{""""Affected"""":""""No"""",""""Examples"""":[]},""""Commercial Information"""":{""""Affected"""":""""No"""",""""Examples"""":[]},""""Biometric Information"""":{""""Affected"""":""""No"""",""""Examples"""":[]},""""Internet or Network Activity"""":{""""Affected"""":""""No"""",""""Examples"""":[]},""""Geolocation Data"""":{""""Affected"""":""""No"""",""""Examples"""":[]},""""Sensory Data"""":{""""Affected"""":""""No"""",""""Examples"""":[]},""""Professional or Employment-Related Information"""":{""""Affected"""":""""No"""",""""Examples"""":[]},""""Education Information"""":{""""Affected"""":""""No"""",""""Examples"""":[]},""""Inferences Drawn from Personal Information"""":{""""Affected"""":""""No"""",""""Examples"""":[]},""""Sensitive Personal Information"""":{""""Affected"""":""""Yes"""",""""Examples"""":[""""Social Security number"""",""""Driver's license number""""]},""""Customer Records"""":{""""Affected"""":""""No"""",""""Examples"""":[]}}}",BSO,VERIFIED,EDGAR name: INTUIT INC,,0,,0.1424,-1.2642,0.0269,-1.6986,29.8243,33.7218,698378.62,528530.28,3.8975,78975.0,INTU,window,1,8.5108,0.5306,0.0735,0.2595,14,9,27.0,0,0,0.0,0,0,0,1,95.0,2016-02-04,2016-03-02,2.120288,0.867313,-1.252975,2016.0,21,21,True,7372.0,73,15,27.0,14.0,Q1 (smallest),2016,-0.5889712458842682
896878,2016-02-24,Intuit,Intuit | Intuit Inc.,2,HACK,False,5954,True,"The New Hampshire Attorney General's Office reported on March 16, 2016, that Intuit Inc. experienced unauthorized access to customer information affecting two New Hampshire customers of its TurboTax business between February 24, 2016, and February 29, 2016. The compromised information may include social security numbers, names, addresses, dates of birth, and driver’s license numbers.",2016-03-14 00:00:00,2016-02-29 00:00:00,"{""""Encryption Status"""":""""Unencrypted"""",""""Categories Affected"""":{""""Personal Identifiers"""":{""""Affected"""":""""Yes"""",""""Examples"""":[""""Name or other personal identifier"""",""""Social Security Number"""",""""Driver's license or non-driver ID card number""""]},""""Protected Classification Characteristics"""":{""""Affected"""":""""No"""",""""Examples"""":[]},""""Commercial Information"""":{""""Affected"""":""""No"""",""""Examples"""":[]},""""Biometric Information"""":{""""Affected"""":""""No"""",""""Examples"""":[]},""""Internet or Network Activity"""":{""""Affected"""":""""No"""",""""Examples"""":[]},""""Geolocation Data"""":{""""Affected"""":""""No"""",""""Examples"""":[]},""""Sensory Data"""":{""""Affected"""":""""No"""",""""Examples"""":[]},""""Professional or Employment-Related Information"""":{""""Affected"""":""""No"""",""""Examples"""":[]},""""Education Information"""":{""""Affected"""":""""No"""",""""Examples"""":[]},""""Inferences Drawn from Personal Information"""":{""""Affected"""":""""No"""",""""Examples"""":[]},""""Sensitive Personal Information"""":{""""Affected"""":""""Yes"""",""""Examples"""":[""""Social Security Number"""",""""Driver's license or non-driver ID card number""""]},""""Customer Records"""":{""""Affected"""":""""No"""",""""Examples"""":[]}}}",BSO,VERIFIED,EDGAR name: INTUIT INC,,0,,-2.4059,-0.5662,-2.5813,-0.7498,32.9453,21.9253,567316.25,689269.17,-11.02,78975.0,INTU,window,1,8.5108,0.5306,0.0735,0.2595,15,10,19.0,0,0,0.0,0,0,1,1,75.0,2016-02-24,2016-03-14,2.135911,0.659637,-1.476274,2016.0,21,21,True,7372.0,73,16,19.0,15.0,Q1 (smallest),2016,-0.6181536132728713
896878,2016-02-29,Intuit Inc,Intuit Inc | Intuit Inc.,3,HACK+INSD,True,161272,True,"The Indiana Office of the Attorney General reported a data breach involving Intuit Inc. on March 16, 2016. The breach occurred on February 29, 2016, affecting a total of 1,002 individuals, with 17 residents specifically impacted.",2016-03-16 00:00:00,2016-02-29 00:00:00,"{""""Encryption Status"""":""""UNKN"""",""""Categories Affected"""":{""""Personal Identifiers"""":{""""Affected"""":""""UNKN"""",""""Examples"""":[]},""""Protected Classification Characteristics"""":{""""Affected"""":""""UNKN"""",""""Examples"""":[]},""""Commercial Information"""":{""""Affected"""":""""UNKN"""",""""Examples"""":[]},""""Biometric Information"""":{""""Affected"""":""""UNKN"""",""""Examples"""":[]},""""Internet or Network Activity"""":{""""Affected"""":""""UNKN"""",""""Examples"""":[]},""""Geolocation Data"""":{""""Affected"""":""""UNKN"""",""""Examples"""":[]},""""Sensory Data"""":{""""Affected"""":""""UNKN"""",""""Examples"""":[]},""""Professional or Employment-Related Information"""":{""""Affected"""":""""UNKN"""",""""Examples"""":[]},""""Education Information"""":{""""Affected"""":""""UNKN"""",""""Examples"""":[]},""""Inferences Drawn from Personal Information"""":{""""Affected"""":""""UNKN"""",""""Examples"""":[]},""""Sensitive Personal Information"""":{""""Affected"""":""""UNKN"""",""""Examples"""":[]},""""Customer Records"""":{""""Affected"""":""""UNKN"""",""""Examples"""":[]}}}",BSO,VERIFIED,EDGAR name: INTUIT INC,"CAMPAIGN CH-09: 3 firm-day events collapsed [2016-02-29, 2016-03-01, 2016-03-03] (Gate 2 signed; record-count gaps not a distinctness signal)",0,,0.2471,0.882,0.2403,0.9174,34.103,14.1271,644977.58,560024.89,-19.9759,78975.0,INTU,window,1,8.5108,0.5306,0.0735,0.2595,16,11,16.0,0,0,0.0,0,0,1,1,70.0,2016-02-29,2016-03-16,1.720297,0.737484,-0.9828129999999999,2016.0,21,21,True,7372.0,73,18,16.0,16.0,Q1 (smallest),2016,-0.46758200872323785
896878,2016-03-07,"Intuit, Inc.","Intuit | Intuit Inc | Intuit, Inc.",3,HACK+INSD,True,57,True,"The New Hampshire Attorney General's Office reported on April 1, 2016, that Intuit Inc. experienced unauthorized access to customer information affecting 10 New Hampshire customers of TurboTax between March 7, 2016, and March 9, 2016. The breach involved fraudulent account logins, potentially exposing sensitive information such as social security numbers and tax return details.",2016-04-01 00:00:00,2016-03-09 00:00:00,"{""""Encryption Status"""":""""Unencrypted"""",""""Categories Affected"""":{""""Personal Identifiers"""":{""""Affected"""":""""Yes"""",""""Examples"""":[""""Social security numbers"""",""""Names"""",""""Addresses"""",""""Dates of birth"""",""""Driver's license numbers""""]},""""Protected Classification Characteristics"""":{""""Affected"""":""""No"""",""""Examples"""":[]},""""Commercial Information"""":{""""Affected"""":""""No"""",""""Examples"""":[]},""""Biometric Information"""":{""""Affected"""":""""No"""",""""Examples"""":[]},""""Internet or Network Activity"""":{""""Affected"""":""""No"""",""""Examples"""":[]},""""Geolocation Data"""":{""""Affected"""":""""No"""",""""Examples"""":[]},""""Sensory Data"""":{""""Affected"""":""""No"""",""""Examples"""":[]},""""Professional or Employment-Related Information"""":{""""Affected"""":""""No"""",""""Examples"""":[]},""""Education Information"""":{""""Affected"""":""""No"""",""""Examples"""":[]},""""Inferences Drawn from Personal Information"""":{""""Affected"""":""""No"""",""""Examples"""":[]},""""Sensitive Personal Information"""":{""""Affected"""":""""Yes"""",""""Examples"""":[""""Social security numbers"""",""""Driver's license numbers"""",""""Financial information (e.g., salary, deductions)""""]},""""Customer Records"""":{""""Affected"""":""""Yes"""",""""Examples"""":[""""Names"""",""""Addresses"""",""""Dates of birth"""",""""Driver's license numbers"""",""""Financial information (e.g., salary, deductions)""""]}}}",BSO,VERIFIED,EDGAR name: INTUIT INC,"CAMPAIGN CH-10: 3 firm-day events collapsed [2016-03-07, 2016-03-08, 2016-03-09] (Gate 2 signed; record-count gaps not a distinctness signal)",0,,-0.6985,-0.4628,-0.7082,-0.495,33.9283,11.9448,572181.56,551372.88,-21.9835,78975.0,INTU,window,1,8.5108,0.5306,0.0735,0.2595,17,12,25.0,0,0,0.0,0,0,1,1,63.0,2016-03-07,2016-04-01,1.395749,0.894602,-0.5011469999999999,2016.0,21,21,True,7372.0,73,21,25.0,17.0,Q1 (smallest),2016,-0.16388562821588915
896878,2016-03-17,Intuit,Intuit,1,HACK,False,338,False,"On March 17, 2016, the Massachusetts Office of Consumer Affairs and Business Regulation reported a data breach involving Intuit. The breach affected 11 residents, compromising electronic records including Social Security Numbers (SSN) and Credit/Debit Numbers.",2016-03-17 00:00:00,2016-03-17 00:00:00,"{""""Encryption Status"""":""""Unencrypted"""",""""Categories Affected"""":{""""Personal Identifiers"""":{""""Affected"""":""""Yes"""",""""Examples"""":[""""Social Security Number""""]},""""Protected Classification Characteristics"""":{""""Affected"""":""""No"""",""""Examples"""":[]},""""Commercial Information"""":{""""Affected"""":""""No"""",""""Examples"""":[]},""""Biometric Information"""":{""""Affected"""":""""No"""",""""Examples"""":[]},""""Internet or Network Activity"""":{""""Affected"""":""""No"""",""""Examples"""":[]},""""Geolocation Data"""":{""""Affected"""":""""No"""",""""Examples"""":[]},""""Sensory Data"""":{""""Affected"""":""""No"""",""""Examples"""":[]},""""Professional or Employment-Related Information"""":{""""Affected"""":""""No"""",""""Examples"""":[]},""""Education Information"""":{""""Affected"""":""""No"""",""""Examples"""":[]},""""Inferences Drawn from Personal Information"""":{""""Affected"""":""""No"""",""""Examples"""":[]},""""Sensitive Personal Information"""":{""""Affected"""":""""Yes"""",""""Examples"""":[""""Social Security Number"""",""""Credit/Debit Numbers""""]},""""Customer Records"""":{""""Affected"""":""""Yes"""",""""Examples"""":[""""Credit/Debit Numbers""""]}}}",BSO,VERIFIED,EDGAR name: INTUIT INC,,0,,1.3253,-2.0382,1.3367,-2.1168,25.688,10.8205,546149.9,535680.9,-14.8675,78975.0,INTU,window,1,8.5108,0.5306,0.0735,0.2595,18,13,0.0,0,0,1.0,0,0,1,1,53.0,2016-03-17,2016-03-17,1.747514,0.729845,-1.0176690000000002,2016.0,21,21,True,7372.0,73,24,0.0,18.0,Q1 (smallest),2016,-0.4218879873699808
896878,2016-03-22,Intuit Inc.,"Intuit Inc. | Intuit, Inc.",2,HACK,False,185,True,"The Indiana Office of the Attorney General reported a data breach involving Intuit Inc on April 28, 2016. The breach occurred on March 22, 2016, affecting 3,298 individuals, with 182 residents impacted.",2016-04-28 00:00:00,2016-03-22 00:00:00,"{""""Encryption Status"""":""""Unencrypted"""",""""Categories Affected"""":{""""Personal Identifiers"""":{""""Affected"""":""""UNKN"""",""""Examples"""":[]},""""Protected Classification Characteristics"""":{""""Affected"""":""""UNKN"""",""""Examples"""":[]},""""Commercial Information"""":{""""Affected"""":""""UNKN"""",""""Examples"""":[]},""""Biometric Information"""":{""""Affected"""":""""UNKN"""",""""Examples"""":[]},""""Internet or Network Activity"""":{""""Affected"""":""""UNKN"""",""""Examples"""":[]},""""Geolocation Data"""":{""""Affected"""":""""UNKN"""",""""Examples"""":[]},""""Sensory Data"""":{""""Affected"""":""""UNKN"""",""""Examples"""":[]},""""Professional or Employment-Related Information"""":{""""Affected"""":""""UNKN"""",""""Examples"""":[]},""""Education Information"""":{""""Affected"""":""""UNKN"""",""""Examples"""":[]},""""Inferences Drawn from Personal Information"""":{""""Affected"""":""""UNKN"""",""""Examples"""":[]},""""Sensitive Personal Information"""":{""""Affected"""":""""UNKN"""",""""Examples"""":[]},""""Customer Records"""":{""""Affected"""":""""UNKN"""",""""Examples"""":[]}}}",BSO,VERIFIED,EDGAR name: INTUIT INC,"NEAR-DUPLICATE CHAIN CH-11: 2 firm-day events collapsed [2016-03-22, 2016-03-23] (Gate 2 signed; record-count gaps not a distinctness signal)",0,,0.5085,-2.4031,0.5202,-2.4354,25.1647,11.4068,603747.09,361186.99,-13.7579,78975.0,INTU,window,1,8.5108,0.5306,0.0735,0.2595,19,14,37.0,0,0,0.0,0,0,1,1,48.0,2016-03-22,2016-04-28,0.737484,1.213502,0.47601800000000005,2016.0,21,21,True,7372.0,73,25,37.0,19.0,Q1 (smallest),2016,0.25264960137580283
896878,2016-03-29,Intuit Inc,Intuit Inc | Intuit Inc.,2,HACK,False,903,True,"The Indiana Office of the Attorney General reported a data breach involving Intuit Inc on October 17, 2016. The breach occurred on March 29, 2016, affecting a total of 903 individuals, with 12 residents specifically impacted.",2016-10-17 00:00:00,2016-03-29 00:00:00,"{""""Encryption Status"""":""""UNKN"""",""""Categories Affected"""":{""""Personal Identifiers"""":{""""Affected"""":""""UNKN"""",""""Examples"""":[]},""""Protected Classification Characteristics"""":{""""Affected"""":""""UNKN"""",""""Examples"""":[]},""""Commercial Information"""":{""""Affected"""":""""UNKN"""",""""Examples"""":[]},""""Biometric Information"""":{""""Affected"""":""""UNKN"""",""""Examples"""":[]},""""Internet or Network Activity"""":{""""Affected"""":""""UNKN"""",""""Examples"""":[]},""""Geolocation Data"""":{""""Affected"""":""""UNKN"""",""""Examples"""":[]},""""Sensory Data"""":{""""Affected"""":""""UNKN"""",""""Examples"""":[]},""""Professional or Employment-Related Information"""":{""""Affected"""":""""UNKN"""",""""Examples"""":[]},""""Education Information"""":{""""Affected"""":""""UNKN"""",""""Examples"""":[]},""""Inferences Drawn from Personal Information"""":{""""Affected"""":""""UNKN"""",""""Examples"""":[]},""""Sensitive Personal Information"""":{""""Affected"""":""""UNKN"""",""""Examples"""":[]},""""Customer Records"""":{""""Affected"""":""""UNKN"""",""""Examples"""":[]}}}",BSO,VERIFIED,EDGAR name: INTUIT INC,"NEAR-DUPLICATE CHAIN CH-12: 2 firm-day events collapsed [2016-03-29, 2016-04-01] (Gate 2 signed; record-count gaps not a distinctness signal)",0,,1.3192,-1.9936,1.3346,-2.0889,21.2983,14.0929,641115.15,356215.81,-7.2054,78975.0,INTU,window,1,8.5108,0.5306,0.0735,0.2595,20,15,202.0,0,0,0.0,0,0,1,1,41.0,2016-03-29,2016-10-17,1.012084,1.199592,0.187508,2016.0,21,21,True,7372.0,73,27,202.0,20.0,Q1 (smallest),2016,-0.020158713206272827
896878,2016-04-06,Intuit,Intuit,1,HACK,False,1930,False,"The Montana Department of Justice reported a data breach involving Intuit, which occurred from April 6, 2016, to April 27, 2016, affecting 8 residents. Unauthorized access to TurboTax accounts may have resulted in the compromise of personal information, including names and social security numbers.",2016-05-09 00:00:00,2016-04-27 00:00:00,"{""""Encryption Status"""":""""Unencrypted"""",""""Categories Affected"""":{""""Personal Identifiers"""":{""""Affected"""":""""Yes"""",""""Examples"""":[""""Name"""",""""Social Security number"""",""""Address(es)"""",""""Date of birth"""",""""Driver's license number""""]},""""Protected Classification Characteristics"""":{""""Affected"""":""""No"""",""""Examples"""":[]},""""Commercial Information"""":{""""Affected"""":""""Yes"""",""""Examples"""":[""""Financial information (e.g., salary, deductions)""""]},""""Biometric Information"""":{""""Affected"""":""""No"""",""""Examples"""":[]},""""Internet or Network Activity"""":{""""Affected"""":""""No"""",""""Examples"""":[]},""""Geolocation Data"""":{""""Affected"""":""""No"""",""""Examples"""":[]},""""Sensory Data"""":{""""Affected"""":""""No"""",""""Examples"""":[]},""""Professional or Employment-Related Information"""":{""""Affected"""":""""No"""",""""Examples"""":[]},""""Education Information"""":{""""Affected"""":""""No"""",""""Examples"""":[]},""""Inferences Drawn from Personal Information"""":{""""Affected"""":""""No"""",""""Examples"""":[]},""""Sensitive Personal Information"""":{""""Affected"""":""""Yes"""",""""Examples"""":[""""Social Security number"""",""""Driver's license number"""",""""Financial information""""]},""""Customer Records"""":{""""Affected"""":""""No"""",""""Examples"""":[]}}}",BSO,VERIFIED,EDGAR name: INTUIT INC,,0,,-2.6186,-1.7591,-2.6442,-1.8258,19.5546,15.0473,716604.86,310740.26,-4.5073,78975.0,INTU,window,1,8.5108,0.5306,0.0735,0.2595,21,16,33.0,0,0,0.0,0,0,1,1,33.0,2016-04-06,2016-05-09,0.934596,1.263074,0.32847800000000005,2016.0,21,21,True,7372.0,73,29,33.0,21.0,Q1 (smallest),2016,0.1704076047915113
896878,2016-04-14,Intuit Inc.,Intuit Inc.,1,HACK,False,13,False,"The Massachusetts Office of Consumer Affairs and Business Regulation reported a data breach involving Intuit Inc. on April 14, 2016. The breach affected 13 residents and involved the compromise of electronic records, specifically Social Security Numbers (SSN) and Driver's Licenses.",2016-04-14 00:00:00,2016-04-14 00:00:00,"{""""Encryption Status"""":""""Unencrypted"""",""""Categories Affected"""":{""""Personal Identifiers"""":{""""Affected"""":""""Yes"""",""""Examples"""":[""""Social Security number"""",""""Driver's license number""""]},""""Protected Classification Characteristics"""":{""""Affected"""":""""No"""",""""Examples"""":[]},""""Commercial Information"""":{""""Affected"""":""""No"""",""""Examples"""":[]},""""Biometric Information"""":{""""Affected"""":""""No"""",""""Examples"""":[]},""""Internet or Network Activity"""":{""""Affected"""":""""No"""",""""Examples"""":[]},""""Geolocation Data"""":{""""Affected"""":""""No"""",""""Examples"""":[]},""""Sensory Data"""":{""""Affected"""":""""No"""",""""Examples"""":[]},""""Professional or Employment-Related Information"""":{""""Affected"""":""""No"""",""""Examples"""":[]},""""Education Information"""":{""""Affected"""":""""No"""",""""Examples"""":[]},""""Inferences Drawn from Personal Information"""":{""""Affected"""":""""No"""",""""Examples"""":[]},""""Sensitive Personal Information"""":{""""Affected"""":""""Yes"""",""""Examples"""":[""""Social Security number"""",""""Driver's license number""""]},""""Customer Records"""":{""""Affected"""":""""No"""",""""Examples"""":[]}}}",BSO,VERIFIED,EDGAR name: INTUIT INC,,0,,-1.5855,2.6707,-1.5928,2.5691,12.5142,14.2892,519739.93,345522.5,1.775,78975.0,INTU,window,1,8.5108,0.5306,0.0735,0.2595,22,15,0.0,0,0,1.0,0,1,1,1,25.0,2016-04-14,2016-04-14,0.867313,1.067716,0.2004030000000001,2016.0,21,21,True,7372.0,73,30,0.0,22.0,Q1 (smallest),2016,0.08855923545988298
896878,2016-04-29,Intuit,Intuit | Intuit Inc.,2,HACK,False,2402,True,"The Massachusetts Office of Consumer Affairs and Business Regulation reported a data breach involving Intuit on April 29, 2016, affecting 107 residents. The breach involved the exposure of electronic records, specifically Social Security Numbers (SSN) and driver's licenses information.",2016-04-29 00:00:00,2016-04-29 00:00:00,"{""""Encryption Status"""":""""Unencrypted"""",""""Categories Affected"""":{""""Personal Identifiers"""":{""""Affected"""":""""Yes"""",""""Examples"""":[""""Social Security number"""",""""Driver's license number""""]},""""Protected Classification Characteristics"""":{""""Affected"""":""""No"""",""""Examples"""":[]},""""Commercial Information"""":{""""Affected"""":""""No"""",""""Examples"""":[]},""""Biometric Information"""":{""""Affected"""":""""No"""",""""Examples"""":[]},""""Internet or Network Activity"""":{""""Affected"""":""""No"""",""""Examples"""":[]},""""Geolocation Data"""":{""""Affected"""":""""No"""",""""Examples"""":[]},""""Sensory Data"""":{""""Affected"""":""""No"""",""""Examples"""":[]},""""Professional or Employment-Related Information"""":{""""Affected"""":""""No"""",""""Examples"""":[]},""""Education Information"""":{""""Affected"""":""""No"""",""""Examples"""":[]},""""Inferences Drawn from Personal Information"""":{""""Affected"""":""""No"""",""""Examples"""":[]},""""Sensitive Personal Information"""":{""""Affected"""":""""Yes"""",""""Examples"""":[""""Social Security number"""",""""Driver's license number""""]},""""Customer Records"""":{""""Affected"""":""""No"""",""""Examples"""":[]}}}",BSO,VERIFIED,EDGAR name: INTUIT INC,"NEAR-DUPLICATE CHAIN CH-13: 2 firm-day events collapsed [2016-04-29, 2016-05-02] (Gate 2 signed; record-count gaps not a distinctness signal)",0,,0.8942,3.9436,0.8722,3.8962,12.8213,20.1868,339268.07,983117.21,7.3655,78975.0,INTU,window,1,8.5108,0.5306,0.0735,0.2595,23,16,0.0,0,0,1.0,0,1,1,1,10.0,2016-04-29,2016-04-29,0.729845,1.214603,0.48475800000000013,2016.0,21,21,True,7372.0,73,31,0.0,23.0,Q1 (smallest),2016,0.20914503633457637
896878,2016-05-17,Intuit,Intuit,1,HACK,False,630,False,"The Montana Department of Justice reported a data breach involving Intuit on June 10, 2016. The breach occurred on May 17, 2016, potentially affecting 3 residents, and involved unauthorized access to TurboTax accounts, which may have exposed sensitive personal information.",2016-06-10 00:00:00,2016-05-17 00:00:00,"{""""Encryption Status"""":""""Unencrypted"""",""""Categories Affected"""":{""""Personal Identifiers"""":{""""Affected"""":""""Yes"""",""""Examples"""":[""""Name"""",""""Social Security number"""",""""Address(es)"""",""""Date of birth"""",""""Driver’s license number"""",""""Username"""",""""Password""""]},""""Protected Classification Characteristics"""":{""""Affected"""":""""No"""",""""Examples"""":[]},""""Commercial Information"""":{""""Affected"""":""""No"""",""""Examples"""":[]},""""Biometric Information"""":{""""Affected"""":""""No"""",""""Examples"""":[]},""""Internet or Network Activity"""":{""""Affected"""":""""No"""",""""Examples"""":[]},""""Geolocation Data"""":{""""Affected"""":""""No"""",""""Examples"""":[]},""""Sensory Data"""":{""""Affected"""":""""No"""",""""Examples"""":[]},""""Professional or Employment-Related Information"""":{""""Affected"""":""""No"""",""""Examples"""":[]},""""Education Information"""":{""""Affected"""":""""No"""",""""Examples"""":[]},""""Inferences Drawn from Personal Information"""":{""""Affected"""":""""No"""",""""Examples"""":[]},""""Sensitive Personal Information"""":{""""Affected"""":""""Yes"""",""""Examples"""":[""""Social Security number"""",""""Driver’s license number"""",""""Financial information (e.g., salary, deductions)""""]},""""Customer Records"""":{""""Affected"""":""""Yes"""",""""Examples"""":[""""Financial information (e.g., salary, deductions)""""]}}}",BSO,VERIFIED,EDGAR name: INTUIT INC,,0,,2.8935,4.7167,2.8884,4.6861,14.7295,18.8977,330105.13,901188.24,4.1682,78975.0,INTU,window,1,8.5108,0.5306,0.0735,0.2595,24,17,24.0,0,0,0.0,0,0,0,0,,2016-05-17,2016-06-10,1.213502,1.481851,0.26834899999999995,2016.0,21,21,True,7372.0,73,33,24.0,24.0,Q1 (smallest),2016,0.09378739210958997
896878,2016-05-27,Intuit,Intuit,1,HACK,False,28,False,"The Massachusetts Office of Consumer Affairs and Business Regulation reported a data breach involving Intuit on May 27, 2016, affecting 28 residents. The breach involved compromised electronic records that included Social Security Numbers (SSN) and driver's licenses.",2016-05-27 00:00:00,2016-05-27 00:00:00,"{""""Encryption Status"""":""""Unencrypted"""",""""Categories Affected"""":{""""Personal Identifiers"""":{""""Affected"""":""""Yes"""",""""Examples"""":[""""Social Security Number"""",""""Driver's license number""""]},""""Protected Classification Characteristics"""":{""""Affected"""":""""No"""",""""Examples"""":[]},""""Commercial Information"""":{""""Affected"""":""""No"""",""""Examples"""":[]},""""Biometric Information"""":{""""Affected"""":""""No"""",""""Examples"""":[]},""""Internet or Network Activity"""":{""""Affected"""":""""No"""",""""Examples"""":[]},""""Geolocation Data"""":{""""Affected"""":""""No"""",""""Examples"""":[]},""""Sensory Data"""":{""""Affected"""":""""No"""",""""Examples"""":[]},""""Professional or Employment-Related Information"""":{""""Affected"""":""""No"""",""""Examples"""":[]},""""Education Information"""":{""""Affected"""":""""No"""",""""Examples"""":[]},""""Inferences Drawn from Personal Information"""":{""""Affected"""":""""No"""",""""Examples"""":[]},""""Sensitive Personal Information"""":{""""Affected"""":""""Yes"""",""""Examples"""":[""""Social Security Number"""",""""Driver's license number""""]},""""Customer Records"""":{""""Affected"""":""""No"""",""""Examples"""":[]}}}",BSO,VERIFIED,EDGAR name: INTUIT INC,,0,,-0.1921,5.4693,-0.2112,5.7272,19.5227,19.9962,853673.4,885018.62,0.4735,78975.0,INTU,window,1,8.5108,0.5306,0.0735,0.2595,25,17,0.0,0,0,1.0,0,0,0,0,,2016-05-27,2016-05-27,1.085051,1.488418,0.40336700000000003,2016.0,21,21,True,7372.0,73,34,0.0,25.0,Q1 (smallest),2016,0.18196986368985124
896878,2016-06-01,"Intuit, Inc.","Intuit, Inc.",1,HACK,False,13,False,"The Maine Office of the Attorney General reported a data breach involving Intuit on July 11, 2016. The breach occurred on or before June 16, 2016, affecting 6 residents and potentially compromising names or other personal identifiers in combination with Social Security Numbers (SSNs) and driver's license numbers or non-driver identification card numbers.",2016-07-11 00:00:00,2016-06-01 00:00:00,"{""""Encryption Status"""":""""Unencrypted"""",""""Categories Affected"""":{""""Personal Identifiers"""":{""""Affected"""":""""Yes"""",""""Examples"""":[""""Name or other personal identifier"""",""""Social Security number"""",""""Driver's license number"""",""""Non-driver identification card number""""]},""""Protected Classification Characteristics"""":{""""Affected"""":""""No"""",""""Examples"""":[]},""""Commercial Information"""":{""""Affected"""":""""No"""",""""Examples"""":[]},""""Biometric Information"""":{""""Affected"""":""""No"""",""""Examples"""":[]},""""Internet or Network Activity"""":{""""Affected"""":""""No"""",""""Examples"""":[]},""""Geolocation Data"""":{""""Affected"""":""""No"""",""""Examples"""":[]},""""Sensory Data"""":{""""Affected"""":""""No"""",""""Examples"""":[]},""""Professional or Employment-Related Information"""":{""""Affected"""":""""No"""",""""Examples"""":[]},""""Education Information"""":{""""Affected"""":""""No"""",""""Examples"""":[]},""""Inferences Drawn from Personal Information"""":{""""Affected"""":""""No"""",""""Examples"""":[]},""""Sensitive Personal Information"""":{""""Affected"""":""""Yes"""",""""Examples"""":[""""Social Security number"""",""""Driver's license number"""",""""Non-driver identification card number""""]},""""Customer Records"""":{""""Affected"""":""""No"""",""""Examples"""":[]}}}",BSO,VERIFIED,EDGAR name: INTUIT INC,,0,,-0.8508,5.6231,-0.8707,5.9085,20.0887,22.7849,903765.34,813842.29,2.6962,78975.0,INTU,window,1,8.5108,0.5306,0.0735,0.2595,26,18,40.0,0,0,0.0,0,0,0,0,,2016-06-01,2016-07-11,1.494702,0.772912,-0.7217899999999999,2016.0,21,21,True,7372.0,73,35,40.0,26.0,Q1 (smallest),2016,-0.3437413610412585
896878,2016-06-09,Intuit Inc,Intuit Inc,1,HACK,False,550,False,"The Indiana Office of the Attorney General reported a data breach involving Intuit Inc on June 21, 2016. The breach occurred on June 9, 2016, affecting a total of 550 individuals, with 4 residents specifically impacted.",2016-06-21 00:00:00,2016-06-09 00:00:00,"{""""Encryption Status"""":""""UNKN"""",""""Categories Affected"""":{""""Personal Identifiers"""":{""""Affected"""":""""UNKN"""",""""Examples"""":[]},""""Protected Classification Characteristics"""":{""""Affected"""":""""UNKN"""",""""Examples"""":[]},""""Commercial Information"""":{""""Affected"""":""""UNKN"""",""""Examples"""":[]},""""Biometric Information"""":{""""Affected"""":""""UNKN"""",""""Examples"""":[]},""""Internet or Network Activity"""":{""""Affected"""":""""UNKN"""",""""Examples"""":[]},""""Geolocation Data"""":{""""Affected"""":""""UNKN"""",""""Examples"""":[]},""""Sensory Data"""":{""""Affected"""":""""UNKN"""",""""Examples"""":[]},""""Professional or Employment-Related Information"""":{""""Affected"""":""""UNKN"""",""""Examples"""":[]},""""Education Information"""":{""""Affected"""":""""UNKN"""",""""Examples"""":[]},""""Inferences Drawn from Personal Information"""":{""""Affected"""":""""UNKN"""",""""Examples"""":[]},""""Sensitive Personal Information"""":{""""Affected"""":""""UNKN"""",""""Examples"""":[]},""""Customer Records"""":{""""Affected"""":""""UNKN"""",""""Examples"""":[]}}}",BSO,VERIFIED,EDGAR name: INTUIT INC,,0,,1.4853,3.9486,1.4626,4.0401,18.8266,23.5844,896292.15,850888.15,4.7578,78975.0,INTU,window,1,8.5108,0.5306,0.0735,0.2595,27,19,12.0,0,0,0.0,0,0,0,0,,2016-06-09,2016-06-21,1.263074,1.073489,-0.18958500000000011,2016.0,21,21,True,7372.0,73,36,12.0,27.0,Q1 (smallest),2016,-0.09724608673293944
896878,2016-08-03,Intuit Inc.,Intuit Inc.,1,HACK,False,313,False,"The Indiana Office of the Attorney General reported a data breach involving Intuit Inc on August 19, 2016. The breach occurred on August 3, 2016, affecting a total of 313 individuals, including 1 Indiana resident.",2016-08-19 00:00:00,2016-08-03 00:00:00,"{""""Encryption Status"""":""""UNKN"""",""""Categories Affected"""":{""""Personal Identifiers"""":{""""Affected"""":""""UNKN"""",""""Examples"""":[]},""""Protected Classification Characteristics"""":{""""Affected"""":""""UNKN"""",""""Examples"""":[]},""""Commercial Information"""":{""""Affected"""":""""UNKN"""",""""Examples"""":[]},""""Biometric Information"""":{""""Affected"""":""""UNKN"""",""""Examples"""":[]},""""Internet or Network Activity"""":{""""Affected"""":""""UNKN"""",""""Examples"""":[]},""""Geolocation Data"""":{""""Affected"""":""""UNKN"""",""""Examples"""":[]},""""Sensory Data"""":{""""Affected"""":""""UNKN"""",""""Examples"""":[]},""""Professional or Employment-Related Information"""":{""""Affected"""":""""UNKN"""",""""Examples"""":[]},""""Education Information"""":{""""Affected"""":""""UNKN"""",""""Examples"""":[]},""""Inferences Drawn from Personal Information"""":{""""Affected"""":""""UNKN"""",""""Examples"""":[]},""""Sensitive Personal Information"""":{""""Affected"""":""""UNKN"""",""""Examples"""":[]},""""Customer Records"""":{""""Affected"""":""""UNKN"""",""""Examples"""":[]}}}",BSO,VERIFIED,EDGAR name: INTUIT INC,,0,,2.1061,0.3581,2.1428,0.2539,20.1208,15.2996,973284.2,727307.06,-4.8212,78975.0,INTU,window,1,8.3547,0.7268,0.2304,0.3153,28,20,16.0,0,0,0.0,0,0,0,0,,2016-08-03,2016-08-19,0.763814,1.012493,0.2486790000000001,2016.0,21,21,True,7372.0,73,37,16.0,28.0,Q1 (smallest),2016,0.12334170123916754
896878,2016-08-22,Intuit Inc.,Intuit Inc.,1,HACK,False,19,False,"The Maine Office of the Attorney General reported a data breach involving Intuit on September 15, 2016. The breach occurred on August 22, 2016, affecting 1 resident, with the information compromised including personal identifiers such as name, Social Security Number (SSN), and driver's license number.",2016-09-15 00:00:00,2016-08-22 00:00:00,"{""""Encryption Status"""":""""Unencrypted"""",""""Categories Affected"""":{""""Personal Identifiers"""":{""""Affected"""":""""Yes"""",""""Examples"""":[""""Name"""",""""Social Security Number"""",""""Driver's license number""""]},""""Protected Classification Characteristics"""":{""""Affected"""":""""No"""",""""Examples"""":[]},""""Commercial Information"""":{""""Affected"""":""""No"""",""""Examples"""":[]},""""Biometric Information"""":{""""Affected"""":""""No"""",""""Examples"""":[]},""""Internet or Network Activity"""":{""""Affected"""":""""No"""",""""Examples"""":[]},""""Geolocation Data"""":{""""Affected"""":""""No"""",""""Examples"""":[]},""""Sensory Data"""":{""""Affected"""":""""No"""",""""Examples"""":[]},""""Professional or Employment-Related Information"""":{""""Affected"""":""""No"""",""""Examples"""":[]},""""Education Information"""":{""""Affected"""":""""No"""",""""Examples"""":[]},""""Inferences Drawn from Personal Information"""":{""""Affected"""":""""No"""",""""Examples"""":[]},""""Sensitive Personal Information"""":{""""Affected"""":""""Yes"""",""""Examples"""":[""""Social Security Number"""",""""Driver's license number""""]},""""Customer Records"""":{""""Affected"""":""""No"""",""""Examples"""":[]}}}",BSO,VERIFIED,EDGAR name: INTUIT INC,,0,,-1.6624,-1.9277,-1.7132,-1.9781,11.497,19.803,702314.37,805858.44,8.306,78975.0,INTU,window,1,8.3547,0.7268,0.2304,0.3153,29,21,24.0,0,0,0.0,0,0,0,0,,2016-08-22,2016-09-15,0.999311,0.672999,-0.32631199999999994,2016.0,21,21,True,7372.0,73,38,24.0,29.0,Q1 (smallest),2016,-0.04051474175086511
896878,2016-09-12,Intuit Inc,Intuit Inc,1,HACK,False,311,False,"The Indiana Office of the Attorney General reported that IntuitInc experienced a data breach on September 12, 2016, affecting a total of 311 individuals, including 3 residents of Indiana. The breach was reported on September 23, 2016.",2016-09-23 00:00:00,2016-09-12 00:00:00,"{""""Encryption Status"""":""""UNKN"""",""""Categories Affected"""":{""""Personal Identifiers"""":{""""Affected"""":""""UNKN"""",""""Examples"""":[]},""""Protected Classification Characteristics"""":{""""Affected"""":""""UNKN"""",""""Examples"""":[]},""""Commercial Information"""":{""""Affected"""":""""UNKN"""",""""Examples"""":[]},""""Biometric Information"""":{""""Affected"""":""""UNKN"""",""""Examples"""":[]},""""Internet or Network Activity"""":{""""Affected"""":""""UNKN"""",""""Examples"""":[]},""""Geolocation Data"""":{""""Affected"""":""""UNKN"""",""""Examples"""":[]},""""Sensory Data"""":{""""Affected"""":""""UNKN"""",""""Examples"""":[]},""""Professional or Employment-Related Information"""":{""""Affected"""":""""UNKN"""",""""Examples"""":[]},""""Education Information"""":{""""Affected"""":""""UNKN"""",""""Examples"""":[]},""""Inferences Drawn from Personal Information"""":{""""Affected"""":""""UNKN"""",""""Examples"""":[]},""""Sensitive Personal Information"""":{""""Affected"""":""""UNKN"""",""""Examples"""":[]},""""Customer Records"""":{""""Affected"""":""""UNKN"""",""""Examples"""":[]}}}",BSO,VERIFIED,EDGAR name: INTUIT INC,,0,,-0.6487,-0.405,-0.679,-0.4618,15.4462,15.7847,692094.88,566827.18,0.3385,78975.0,INTU,window,1,8.3547,0.7268,0.2304,0.3153,30,22,11.0,0,0,0.0,0,0,0,0,,2016-09-12,2016-09-23,1.228376,0.714428,-0.513948,2016.0,21,21,True,7372.0,73,39,11.0,30.0,Q1 (smallest),2016,-0.14128438150669598
896878,2016-09-26,Intuit Inc.,Intuit Inc.,1,HACK,False,131,False,"The Massachusetts Office of Consumer Affairs and Business Regulation reported on September 26, 2016, a data breach involving Intuit Inc., affecting 3 residents. The compromised information includes electronic records containing Social Security Numbers (SSN) and driver's licenses.",2016-09-26 00:00:00,2016-09-26 00:00:00,"{""""Encryption Status"""":""""Unencrypted"""",""""Categories Affected"""":{""""Personal Identifiers"""":{""""Affected"""":""""Yes"""",""""Examples"""":[""""Social Security number"""",""""Driver's license number""""]},""""Protected Classification Characteristics"""":{""""Affected"""":""""No"""",""""Examples"""":[]},""""Commercial Information"""":{""""Affected"""":""""No"""",""""Examples"""":[]},""""Biometric Information"""":{""""Affected"""":""""No"""",""""Examples"""":[]},""""Internet or Network Activity"""":{""""Affected"""":""""No"""",""""Examples"""":[]},""""Geolocation Data"""":{""""Affected"""":""""No"""",""""Examples"""":[]},""""Sensory Data"""":{""""Affected"""":""""No"""",""""Examples"""":[]},""""Professional or Employment-Related Information"""":{""""Affected"""":""""No"""",""""Examples"""":[]},""""Education Information"""":{""""Affected"""":""""No"""",""""Examples"""":[]},""""Inferences Drawn from Personal Information"""":{""""Affected"""":""""No"""",""""Examples"""":[]},""""Sensitive Personal Information"""":{""""Affected"""":""""Yes"""",""""Examples"""":[""""Social Security number"""",""""Driver's license number""""]},""""Customer Records"""":{""""Affected"""":""""No"""",""""Examples"""":[]}}}",BSO,VERIFIED,EDGAR name: INTUIT INC,,0,,-0.5738,0.396,-0.5739,0.3418,17.9864,11.548,759554.14,528348.7,-6.4384,78975.0,INTU,window,1,8.3547,0.7268,0.2304,0.3153,31,22,0.0,0,0,1.0,0,0,0,0,,2016-09-26,2016-09-26,1.228758,0.709517,-0.5192410000000001,2016.0,21,21,True,7372.0,73,40,0.0,31.0,Q1 (smallest),2016,-0.15761841671693055
896878,2016-10-18,Intuit,Intuit,1,HACK,False,10,False,"The Massachusetts Office of Consumer Affairs and Business Regulation reported that Intuit experienced a data breach on October 18, 2016, affecting 15 residents. The breached information included Social Security Numbers (SSNs) and driver's licenses contained in electronic records.",2016-10-18 00:00:00,2016-10-18 00:00:00,"{""""Encryption Status"""":""""Unencrypted"""",""""Categories Affected"""":{""""Personal Identifiers"""":{""""Affected"""":""""Yes"""",""""Examples"""":[""""Social Security number"""",""""Driver's license number""""]},""""Protected Classification Characteristics"""":{""""Affected"""":""""No"""",""""Examples"""":[]},""""Commercial Information"""":{""""Affected"""":""""No"""",""""Examples"""":[]},""""Biometric Information"""":{""""Affected"""":""""No"""",""""Examples"""":[]},""""Internet or Network Activity"""":{""""Affected"""":""""No"""",""""Examples"""":[]},""""Geolocation Data"""":{""""Affected"""":""""No"""",""""Examples"""":[]},""""Sensory Data"""":{""""Affected"""":""""No"""",""""Examples"""":[]},""""Professional or Employment-Related Information"""":{""""Affected"""":""""No"""",""""Examples"""":[]},""""Education Information"""":{""""Affected"""":""""No"""",""""Examples"""":[]},""""Inferences Drawn from Personal Information"""":{""""Affected"""":""""No"""",""""Examples"""":[]},""""Sensitive Personal Information"""":{""""Affected"""":""""Yes"""",""""Examples"""":[""""Social Security number"""",""""Driver's license number""""]},""""Customer Records"""":{""""Affected"""":""""No"""",""""Examples"""":[]}}}",BSO,VERIFIED,EDGAR name: INTUIT INC,,0,,0.5704,2.4267,0.5614,2.4083,15.2352,17.5867,533582.0,587654.27,2.3515,78975.0,INTU,window,1,8.3547,0.7268,0.2304,0.3153,32,22,0.0,0,0,1.0,0,0,0,0,,2016-10-18,2016-10-18,1.034493,1.189515,0.155022,2016.0,21,21,True,7372.0,73,41,0.0,32.0,Q1 (smallest),2016,0.0028109464699241915
896878,2016-10-23,Intuit Inc.,Intuit Inc.,1,HACK,False,245,False,"The Indiana Office of the Attorney General reported a data breach involving Intuit Inc. on November 18, 2016. The breach occurred on October 23, 2016, affecting a total of 245 individuals, with 11 residents impacted.",2016-11-18 00:00:00,2016-10-23 00:00:00,"{""""Encryption Status"""":""""UNKN"""",""""Categories Affected"""":{""""Personal Identifiers"""":{""""Affected"""":""""UNKN"""",""""Examples"""":[]},""""Protected Classification Characteristics"""":{""""Affected"""":""""UNKN"""",""""Examples"""":[]},""""Commercial Information"""":{""""Affected"""":""""UNKN"""",""""Examples"""":[]},""""Biometric Information"""":{""""Affected"""":""""UNKN"""",""""Examples"""":[]},""""Internet or Network Activity"""":{""""Affected"""":""""UNKN"""",""""Examples"""":[]},""""Geolocation Data"""":{""""Affected"""":""""UNKN"""",""""Examples"""":[]},""""Sensory Data"""":{""""Affected"""":""""UNKN"""",""""Examples"""":[]},""""Professional or Employment-Related Information"""":{""""Affected"""":""""UNKN"""",""""Examples"""":[]},""""Education Information"""":{""""Affected"""":""""UNKN"""",""""Examples"""":[]},""""Inferences Drawn from Personal Information"""":{""""Affected"""":""""UNKN"""",""""Examples"""":[]},""""Sensitive Personal Information"""":{""""Affected"""":""""UNKN"""",""""Examples"""":[]},""""Customer Records"""":{""""Affected"""":""""UNKN"""",""""Examples"""":[]}}}",BSO,VERIFIED,EDGAR name: INTUIT INC,,0,,1.1707,1.6438,1.1509,1.5772,14.5646,18.7296,632167.1,859604.92,4.165,78975.0,INTU,window,1,8.3547,0.7268,0.2304,0.3153,33,23,26.0,0,0,0.0,0,0,0,0,,2016-10-23,2016-11-18,0.963921,0.89342,-0.07050100000000004,2016.0,21,21,True,7372.0,73,42,26.0,33.0,Q1 (smallest),2016,0.06679366614680404
896878,2016-10-30,Intuit Inc,Intuit Inc,1,HACK,False,91,False,"The Indiana Office of the Attorney General reported a data breach involving Intuit Inc on November 10, 2016. The breach occurred on October 30, 2016, affecting a total of 28 individuals, including 1 resident of Indiana.",2016-11-10 00:00:00,2016-10-30 00:00:00,"{""""Encryption Status"""":""""UNKN"""",""""Categories Affected"""":{""""Personal Identifiers"""":{""""Affected"""":""""UNKN"""",""""Examples"""":[]},""""Protected Classification Characteristics"""":{""""Affected"""":""""UNKN"""",""""Examples"""":[]},""""Commercial Information"""":{""""Affected"""":""""UNKN"""",""""Examples"""":[]},""""Biometric Information"""":{""""Affected"""":""""UNKN"""",""""Examples"""":[]},""""Internet or Network Activity"""":{""""Affected"""":""""UNKN"""",""""Examples"""":[]},""""Geolocation Data"""":{""""Affected"""":""""UNKN"""",""""Examples"""":[]},""""Sensory Data"""":{""""Affected"""":""""UNKN"""",""""Examples"""":[]},""""Professional or Employment-Related Information"""":{""""Affected"""":""""UNKN"""",""""Examples"""":[]},""""Education Information"""":{""""Affected"""":""""UNKN"""",""""Examples"""":[]},""""Inferences Drawn from Personal Information"""":{""""Affected"""":""""UNKN"""",""""Examples"""":[]},""""Sensitive Personal Information"""":{""""Affected"""":""""UNKN"""",""""Examples"""":[]},""""Customer Records"""":{""""Affected"""":""""UNKN"""",""""Examples"""":[]}}}",BSO,VERIFIED,EDGAR name: INTUIT INC,,0,,-0.3747,1.4656,-0.3946,1.4233,11.9884,18.1033,469979.92,884176.49,6.1149,78975.0,INTU,window,1,8.3547,0.7268,0.2304,0.3153,34,24,11.0,0,0,0.0,0,0,0,0,,2016-10-30,2016-11-10,0.776631,1.104423,0.327792,2016.0,21,21,True,7372.0,73,43,11.0,34.0,Q1 (smallest),2016,0.18208698084999375
896878,2016-11-22,Intuit Inc,Intuit Inc,1,HACK,False,14,False,"The Indiana Office of the Attorney General reported a data breach involving Intuit Inc on December 12, 2016. The breach occurred on November 22, 2016, affecting a total of 524 individuals, with 14 residents specifically impacted.",2016-12-12 00:00:00,2016-11-22 00:00:00,"{""""Encryption Status"""":""""UNKN"""",""""Categories Affected"""":{""""Personal Identifiers"""":{""""Affected"""":""""UNKN"""",""""Examples"""":[]},""""Protected Classification Characteristics"""":{""""Affected"""":""""UNKN"""",""""Examples"""":[]},""""Commercial Information"""":{""""Affected"""":""""UNKN"""",""""Examples"""":[]},""""Biometric Information"""":{""""Affected"""":""""UNKN"""",""""Examples"""":[]},""""Internet or Network Activity"""":{""""Affected"""":""""UNKN"""",""""Examples"""":[]},""""Geolocation Data"""":{""""Affected"""":""""UNKN"""",""""Examples"""":[]},""""Sensory Data"""":{""""Affected"""":""""UNKN"""",""""Examples"""":[]},""""Professional or Employment-Related Information"""":{""""Affected"""":""""UNKN"""",""""Examples"""":[]},""""Education Information"""":{""""Affected"""":""""UNKN"""",""""Examples"""":[]},""""Inferences Drawn from Personal Information"""":{""""Affected"""":""""UNKN"""",""""Examples"""":[]},""""Sensitive Personal Information"""":{""""Affected"""":""""UNKN"""",""""Examples"""":[]},""""Customer Records"""":{""""Affected"""":""""UNKN"""",""""Examples"""":[]}}}",BSO,VERIFIED,EDGAR name: INTUIT INC,,0,,-1.8154,-2.3916,-1.8255,-2.5205,17.0229,14.157,859819.66,398400.8,-2.8659,78975.0,INTU,window,1,8.3547,0.7268,0.2304,0.3153,35,25,20.0,0,0,0.0,0,0,0,0,,2016-11-22,2016-12-12,1.184988,0.577651,-0.6073369999999999,2016.0,21,21,True,7372.0,73,44,20.0,35.0,Q1 (smallest),2016,-0.31029385456730185
896878,2016-12-05,"Intuit, Inc.","Intuit, Inc.",1,HACK,False,80,False,"The Massachusetts Office of Consumer Affairs and Business Regulation reported a data breach involving Intuit, Inc. on December 5, 2016. The breach affected 6 residents and compromised electronic records, including Social Security Numbers (SSN), account numbers, and drivers' licenses.",2016-12-05 00:00:00,2016-12-05 00:00:00,"{""""Encryption Status"""":""""Unencrypted"""",""""Categories Affected"""":{""""Personal Identifiers"""":{""""Affected"""":""""Yes"""",""""Examples"""":[""""Social Security number"""",""""Account number"""",""""Driver's license number""""]},""""Protected Classification Characteristics"""":{""""Affected"""":""""No"""",""""Examples"""":[]},""""Commercial Information"""":{""""Affected"""":""""No"""",""""Examples"""":[]},""""Biometric Information"""":{""""Affected"""":""""No"""",""""Examples"""":[]},""""Internet or Network Activity"""":{""""Affected"""":""""No"""",""""Examples"""":[]},""""Geolocation Data"""":{""""Affected"""":""""No"""",""""Examples"""":[]},""""Sensory Data"""":{""""Affected"""":""""No"""",""""Examples"""":[]},""""Professional or Employment-Related Information"""":{""""Affected"""":""""No"""",""""Examples"""":[]},""""Education Information"""":{""""Affected"""":""""No"""",""""Examples"""":[]},""""Inferences Drawn from Personal Information"""":{""""Affected"""":""""No"""",""""Examples"""":[]},""""Sensitive Personal Information"""":{""""Affected"""":""""Yes"""",""""Examples"""":[""""Social Security number"""",""""Driver's license number""""]},""""Customer Records"""":{""""Affected"""":""""No"""",""""Examples"""":[]}}}",BSO,VERIFIED,EDGAR name: INTUIT INC,,0,,-0.5118,-0.8046,-0.5494,-0.8755,18.0064,12.7325,811997.21,288363.75,-5.2739,78975.0,INTU,window,1,8.3547,0.7268,0.2304,0.3153,36,25,0.0,0,0,1.0,0,0,0,0,,2016-12-05,2016-12-05,1.137263,0.658006,-0.47925699999999993,2016.0,21,21,True,7372.0,73,45,0.0,36.0,Q1 (smallest),2016,-0.21115665730298083
896878,2016-12-13,"Intuit, Inc.","Intuit, Inc.",1,HACK,False,12,False,"The Massachusetts Office of Consumer Affairs and Business Regulation reported on December 13, 2016, that Intuit, Inc. experienced a data breach affecting 12 residents. The compromised electronic records included Social Security Numbers (SSN), account numbers, and driver's licenses.",2016-12-13 00:00:00,2016-12-13 00:00:00,"{""""Encryption Status"""":""""Unencrypted"""",""""Categories Affected"""":{""""Personal Identifiers"""":{""""Affected"""":""""Yes"""",""""Examples"""":[""""Social Security Number"""",""""Account Number"""",""""Driver's License Number""""]},""""Protected Classification Characteristics"""":{""""Affected"""":""""No"""",""""Examples"""":[]},""""Commercial Information"""":{""""Affected"""":""""No"""",""""Examples"""":[]},""""Biometric Information"""":{""""Affected"""":""""No"""",""""Examples"""":[]},""""Internet or Network Activity"""":{""""Affected"""":""""No"""",""""Examples"""":[]},""""Geolocation Data"""":{""""Affected"""":""""No"""",""""Examples"""":[]},""""Sensory Data"""":{""""Affected"""":""""No"""",""""Examples"""":[]},""""Professional or Employment-Related Information"""":{""""Affected"""":""""No"""",""""Examples"""":[]},""""Education Information"""":{""""Affected"""":""""No"""",""""Examples"""":[]},""""Inferences Drawn from Personal Information"""":{""""Affected"""":""""No"""",""""Examples"""":[]},""""Sensitive Personal Information"""":{""""Affected"""":""""Yes"""",""""Examples"""":[""""Social Security Number"""",""""Driver's License Number""""]},""""Customer Records"""":{""""Affected"""":""""No"""",""""Examples"""":[]}}}",BSO,VERIFIED,EDGAR name: INTUIT INC,,0,,1.5309,0.4465,1.5432,0.4133,18.2576,10.218,832936.72,288071.19,-8.0396,78975.0,INTU,window,1,8.3547,0.7268,0.2304,0.3153,37,25,0.0,0,0,1.0,0,0,0,0,,2016-12-13,2016-12-13,1.185298,0.598235,-0.587063,2016.0,21,21,True,7372.0,73,46,0.0,37.0,Q1 (smallest),2016,-0.3232184935366924
896878,2017-01-01,Intuit Inc.,Intuit Inc.,1,HACK,False,177,False,"The Maryland Office of the Attorney General reported that Intuit Inc. experienced unauthorized access to customer information between January 16, 2017 and April 17, 2017, affecting 177 Maryland customers of the TurboTax service. The breach was caused by fraudulent account log-ins with credentials obtained from non-Intuit sources, potentially compromising names, Social Security numbers, addresses, dates of birth, driver's license numbers, financial information, and information of other individuals. Intuit is offering one year of free identity protection and credit monitoring services to those affected.",2017-06-13 00:00:00,2017-04-17 00:00:00,"{""""Encryption Status"""":""""Unencrypted"""",""""Categories Affected"""":{""""Personal Identifiers"""":{""""Affected"""":""""Yes"""",""""Examples"""":[""""name"""",""""Social Security number"""",""""address"""",""""date of birth"""",""""driver's license number""""]},""""Protected Classification Characteristics"""":{""""Affected"""":""""No"""",""""Examples"""":[]},""""Commercial Information"""":{""""Affected"""":""""No"""",""""Examples"""":[]},""""Biometric Information"""":{""""Affected"""":""""No"""",""""Examples"""":[]},""""Internet or Network Activity"""":{""""Affected"""":""""No"""",""""Examples"""":[]},""""Geolocation Data"""":{""""Affected"""":""""No"""",""""Examples"""":[]},""""Sensory Data"""":{""""Affected"""":""""No"""",""""Examples"""":[]},""""Professional or Employment-Related Information"""":{""""Affected"""":""""No"""",""""Examples"""":[]},""""Education Information"""":{""""Affected"""":""""No"""",""""Examples"""":[]},""""Inferences Drawn from Personal Information"""":{""""Affected"""":""""No"""",""""Examples"""":[]},""""Sensitive Personal Information"""":{""""Affected"""":""""Yes"""",""""Examples"""":[""""Social Security number"""",""""driver's license number"""",""""financial information (e.g., salary and deductions)""""]},""""Customer Records"""":{""""Affected"""":""""No"""",""""Examples"""":[]}}}",BSO,VERIFIED,EDGAR name: INTUIT INC,,0,,0.6533,-0.6733,0.6596,-0.739,13.4071,10.7018,400201.32,244084.72,-2.7053,78975.0,INTU,window,1,8.3547,0.7268,0.2304,0.3153,38,25,163.0,0,0,0.0,0,0,0,0,,2017-01-01,2017-06-13,1.545817,0.84358,-0.702237,2017.0,21,21,True,7372.0,73,47,163.0,38.0,Q1 (smallest),2017,-2.314703984040989e-11
896878,2017-01-12,Intuit Inc.,Intuit Inc.,1,HACK,False,597,False,"The Indiana Office of the Attorney General reported a data breach involving IntuitInc on January 26, 2017. The breach occurred on January 12, 2017, affecting a total of 597 individuals, with 8 residents specifically impacted.",2017-01-26 00:00:00,2017-01-12 00:00:00,"{""""Encryption Status"""":""""UNKN"""",""""Categories Affected"""":{""""Personal Identifiers"""":{""""Affected"""":""""UNKN"""",""""Examples"""":[]},""""Protected Classification Characteristics"""":{""""Affected"""":""""UNKN"""",""""Examples"""":[]},""""Commercial Information"""":{""""Affected"""":""""UNKN"""",""""Examples"""":[]},""""Biometric Information"""":{""""Affected"""":""""UNKN"""",""""Examples"""":[]},""""Internet or Network Activity"""":{""""Affected"""":""""UNKN"""",""""Examples"""":[]},""""Geolocation Data"""":{""""Affected"""":""""UNKN"""",""""Examples"""":[]},""""Sensory Data"""":{""""Affected"""":""""UNKN"""",""""Examples"""":[]},""""Professional or Employment-Related Information"""":{""""Affected"""":""""UNKN"""",""""Examples"""":[]},""""Education Information"""":{""""Affected"""":""""UNKN"""",""""Examples"""":[]},""""Inferences Drawn from Personal Information"""":{""""Affected"""":""""UNKN"""",""""Examples"""":[]},""""Sensitive Personal Information"""":{""""Affected"""":""""UNKN"""",""""Examples"""":[]},""""Customer Records"""":{""""Affected"""":""""UNKN"""",""""Examples"""":[]}}}",BSO,VERIFIED,EDGAR name: INTUIT INC,,0,,0.8534,4.0639,0.8473,4.0683,12.2818,11.3633,263681.43,522728.12,-0.9185,78975.0,INTU,window,1,8.3547,0.7268,0.2304,0.3153,39,26,14.0,0,0,0.0,0,0,0,0,,2017-01-12,2017-01-26,0.577651,1.449972,0.872321,2017.0,21,21,True,7372.0,73,48,14.0,39.0,Q1 (smallest),2017,0.19379718026280046
896878,2017-01-27,Intuit,Intuit | Intuit Inc.,2,HACK,False,5869,True,"The Massachusetts Office of Consumer Affairs and Business Regulation reported a data breach involving Intuit on January 27, 2017. This breach affected 3 residents and involved the exposure of electronic records, including Social Security Numbers (SSN), account numbers, and driver's licenses.",2017-01-27 00:00:00,2017-01-27 00:00:00,"{""""Encryption Status"""":""""Unencrypted"""",""""Categories Affected"""":{""""Personal Identifiers"""":{""""Affected"""":""""Yes"""",""""Examples"""":[""""Social Security number"""",""""Account number"""",""""Driver's license number""""]},""""Protected Classification Characteristics"""":{""""Affected"""":""""No"""",""""Examples"""":[]},""""Commercial Information"""":{""""Affected"""":""""No"""",""""Examples"""":[]},""""Biometric Information"""":{""""Affected"""":""""No"""",""""Examples"""":[]},""""Internet or Network Activity"""":{""""Affected"""":""""No"""",""""Examples"""":[]},""""Geolocation Data"""":{""""Affected"""":""""No"""",""""Examples"""":[]},""""Sensory Data"""":{""""Affected"""":""""No"""",""""Examples"""":[]},""""Professional or Employment-Related Information"""":{""""Affected"""":""""No"""",""""Examples"""":[]},""""Education Information"""":{""""Affected"""":""""No"""",""""Examples"""":[]},""""Inferences Drawn from Personal Information"""":{""""Affected"""":""""No"""",""""Examples"""":[]},""""Sensitive Personal Information"""":{""""Affected"""":""""Yes"""",""""Examples"""":[""""Social Security number"""",""""Driver's license number""""]},""""Customer Records"""":{""""Affected"""":""""No"""",""""Examples"""":[]}}}",BSO,VERIFIED,EDGAR name: INTUIT INC,"NEAR-DUPLICATE CHAIN CH-14: 2 firm-day events collapsed [2017-01-27, 2017-01-30] (Gate 2 signed; record-count gaps not a distinctness signal)",0,,-0.1587,2.9495,-0.1569,2.8568,11.1815,22.797,280793.89,744081.87,11.6155,78975.0,INTU,window,1,8.3547,0.7268,0.2304,0.3153,40,26,0.0,0,0,1.0,0,0,0,1,175.0,2017-01-27,2017-01-27,0.598235,1.455447,0.857212,2017.0,21,21,True,7372.0,73,49,0.0,40.0,Q1 (smallest),2017,0.24015185990416466
896878,2017-02-13,"Intuit, Inc.","Intuit, Inc.",1,HACK,False,14,False,"The Maine Office of the Attorney General reported a data breach involving Intuit on February 21, 2017. The breach occurred on February 13, 2017, affecting 1 resident and compromising their name or other personal identifier in combination with their Social Security Number (SSN) and driver's license number or non-driver identification card number.",2017-02-21 00:00:00,2017-02-13 00:00:00,"{""""Encryption Status"""":""""Unencrypted"""",""""Categories Affected"""":{""""Personal Identifiers"""":{""""Affected"""":""""Yes"""",""""Examples"""":[""""Name or other personal identifier"""",""""Social Security Number"""",""""Driver's license number"""",""""Non-driver identification card number""""]},""""Protected Classification Characteristics"""":{""""Affected"""":""""No"""",""""Examples"""":[]},""""Commercial Information"""":{""""Affected"""":""""No"""",""""Examples"""":[]},""""Biometric Information"""":{""""Affected"""":""""No"""",""""Examples"""":[]},""""Internet or Network Activity"""":{""""Affected"""":""""No"""",""""Examples"""":[]},""""Geolocation Data"""":{""""Affected"""":""""No"""",""""Examples"""":[]},""""Sensory Data"""":{""""Affected"""":""""No"""",""""Examples"""":[]},""""Professional or Employment-Related Information"""":{""""Affected"""":""""No"""",""""Examples"""":[]},""""Education Information"""":{""""Affected"""":""""No"""",""""Examples"""":[]},""""Inferences Drawn from Personal Information"""":{""""Affected"""":""""No"""",""""Examples"""":[]},""""Sensitive Personal Information"""":{""""Affected"""":""""Yes"""",""""Examples"""":[""""Social Security Number"""",""""Driver's license number"""",""""Non-driver identification card number""""]},""""Customer Records"""":{""""Affected"""":""""No"""",""""Examples"""":[]}}}",BSO,VERIFIED,EDGAR name: INTUIT INC,,0,,-0.0014,-0.7014,-0.0016,-0.92,10.9655,22.7902,467816.5,593111.59,11.8247,78975.0,INTU,window,1,8.3547,0.7268,0.2304,0.3153,41,26,8.0,0,0,0.0,0,0,0,1,158.0,2017-02-13,2017-02-21,0.722072,0.610922,-0.11115000000000008,2017.0,21,21,True,7372.0,73,51,8.0,41.0,Q1 (smallest),2017,0.054087184573454516
896878,2017-02-20,Intuit Inc.,Intuit Inc.,1,HACK,False,5123,False,"The Indiana Office of the Attorney General reported a data breach involving Intuit Inc. on March 10, 2017, which occurred on February 20, 2017. The incident affected a total of 5,123 individuals, with 19 residents specifically affected.",2017-03-10 00:00:00,2017-02-20 00:00:00,"{""""Encryption Status"""":""""UNKN"""",""""Categories Affected"""":{""""Personal Identifiers"""":{""""Affected"""":""""UNKN"""",""""Examples"""":[]},""""Protected Classification Characteristics"""":{""""Affected"""":""""UNKN"""",""""Examples"""":[]},""""Commercial Information"""":{""""Affected"""":""""UNKN"""",""""Examples"""":[]},""""Biometric Information"""":{""""Affected"""":""""UNKN"""",""""Examples"""":[]},""""Internet or Network Activity"""":{""""Affected"""":""""UNKN"""",""""Examples"""":[]},""""Geolocation Data"""":{""""Affected"""":""""UNKN"""",""""Examples"""":[]},""""Sensory Data"""":{""""Affected"""":""""UNKN"""",""""Examples"""":[]},""""Professional or Employment-Related Information"""":{""""Affected"""":""""UNKN"""",""""Examples"""":[]},""""Education Information"""":{""""Affected"""":""""UNKN"""",""""Examples"""":[]},""""Inferences Drawn from Personal Information"""":{""""Affected"""":""""UNKN"""",""""Examples"""":[]},""""Sensitive Personal Information"""":{""""Affected"""":""""UNKN"""",""""Examples"""":[]},""""Customer Records"""":{""""Affected"""":""""UNKN"""",""""Examples"""":[]}}}",BSO,VERIFIED,EDGAR name: INTUIT INC,,0,,4.6518,-3.1139,4.5625,-3.289,10.3206,23.9689,512111.22,547678.42,13.6483,78975.0,INTU,window,1,8.3547,0.7268,0.2304,0.3153,42,27,18.0,0,0,0.0,0,0,0,1,151.0,2017-02-20,2017-03-10,1.449972,0.790064,-0.659908,2017.0,21,21,True,7372.0,73,52,18.0,42.0,Q1 (smallest),2017,-0.08529477452369416
896878,2017-02-28,Intuit Inc.,"Intuit | Intuit Inc. | Intuit, Inc.",4,HACK,False,3309,True,"On March 17, 2017, the New Hampshire Attorney General reported a data breach involving Intuit Inc. The breach, which occurred between February 28, 2017, and March 6, 2017, affected 10 New Hampshire customers of Intuit's TurboTax business due to unauthorized access using stolen login credentials. The compromised information included names, Social Security numbers, addresses, dates of birth, driver’s license numbers, and financial information.",2017-03-17 00:00:00,2017-03-31 00:00:00,"{""""Encryption Status"""":""""Unencrypted"""",""""Categories Affected"""":{""""Personal Identifiers"""":{""""Affected"""":""""Yes"""",""""Examples"""":[""""Name"""",""""Social Security number"""",""""Address(es)"""",""""Date of birth"""",""""Driver's license number"""",""""Username""""]},""""Protected Classification Characteristics"""":{""""Affected"""":""""No"""",""""Examples"""":[]},""""Commercial Information"""":{""""Affected"""":""""Yes"""",""""Examples"""":[""""Financial information (e.g., salary and deductions)""""]},""""Biometric Information"""":{""""Affected"""":""""No"""",""""Examples"""":[]},""""Internet or Network Activity"""":{""""Affected"""":""""No"""",""""Examples"""":[]},""""Geolocation Data"""":{""""Affected"""":""""No"""",""""Examples"""":[]},""""Sensory Data"""":{""""Affected"""":""""No"""",""""Examples"""":[]},""""Professional or Employment-Related Information"""":{""""Affected"""":""""No"""",""""Examples"""":[]},""""Education Information"""":{""""Affected"""":""""No"""",""""Examples"""":[]},""""Inferences Drawn from Personal Information"""":{""""Affected"""":""""No"""",""""Examples"""":[]},""""Sensitive Personal Information"""":{""""Affected"""":""""Yes"""",""""Examples"""":[""""Social Security number"""",""""Driver's license number""""]},""""Customer Records"""":{""""Affected"""":""""No"""",""""Examples"""":[]}}}",BSO,VERIFIED,EDGAR name: INTUIT INC,"CAMPAIGN CH-15: 2 firm-day events collapsed [2017-02-28, 2017-03-02] (Gate 2 signed; record-count gaps not a distinctness signal)",0,,0.0996,-5.068,0.1012,-4.959,21.6263,10.6802,674518.37,691319.07,-10.9461,78975.0,INTU,window,1,8.3547,0.7268,0.2304,0.3153,43,27,17.0,0,0,0.0,0,0,0,1,143.0,2017-02-28,2017-03-17,1.448029,0.686827,-0.761202,2017.0,21,21,True,7372.0,73,53,17.0,43.0,Q1 (smallest),2017,-0.11329481468075087
896878,2017-03-12,Intuit Inc.,Intuit Inc.,1,HACK,False,1048,False,"On March 29, 2017, the Indiana Office of the Attorney General reported a data breach involving IntuitInc, which occurred on March 12, 2017. The breach affected a total of 1,048 individuals, including 27 residents of Indiana.",2017-03-29 00:00:00,2017-03-12 00:00:00,"{""""Encryption Status"""":""""UNKN"""",""""Categories Affected"""":{""""Personal Identifiers"""":{""""Affected"""":""""UNKN"""",""""Examples"""":[]},""""Protected Classification Characteristics"""":{""""Affected"""":""""UNKN"""",""""Examples"""":[]},""""Commercial Information"""":{""""Affected"""":""""UNKN"""",""""Examples"""":[]},""""Biometric Information"""":{""""Affected"""":""""UNKN"""",""""Examples"""":[]},""""Internet or Network Activity"""":{""""Affected"""":""""UNKN"""",""""Examples"""":[]},""""Geolocation Data"""":{""""Affected"""":""""UNKN"""",""""Examples"""":[]},""""Sensory Data"""":{""""Affected"""":""""UNKN"""",""""Examples"""":[]},""""Professional or Employment-Related Information"""":{""""Affected"""":""""UNKN"""",""""Examples"""":[]},""""Education Information"""":{""""Affected"""":""""UNKN"""",""""Examples"""":[]},""""Inferences Drawn from Personal Information"""":{""""Affected"""":""""UNKN"""",""""Examples"""":[]},""""Sensitive Personal Information"""":{""""Affected"""":""""UNKN"""",""""Examples"""":[]},""""Customer Records"""":{""""Affected"""":""""UNKN"""",""""Examples"""":[]}}}",BSO,VERIFIED,EDGAR name: INTUIT INC,,0,,-1.6219,-5.9185,-1.6121,-5.8628,20.9273,11.8614,663495.33,998468.08,-9.0659,78975.0,INTU,window,1,8.3547,0.7268,0.2304,0.3153,44,26,17.0,0,0,0.0,0,0,0,1,131.0,2017-03-12,2017-03-29,1.514951,1.93653,0.42157900000000015,2017.0,21,21,True,7372.0,73,57,17.0,44.0,Q1 (smallest),2017,0.056641643601230696
896878,2017-04-02,"Intuit, Inc.","Intuit | Intuit, Inc.",2,HACK,False,92,True,"The Indiana Office of the Attorney General reported that IntuitInc experienced a data breach on April 2, 2017, affecting a total of 845 individuals, including 11 residents. The breach was reported on April 17, 2017.",2017-04-17 00:00:00,2017-04-02 00:00:00,"{""""Encryption Status"""":""""UNKN"""",""""Categories Affected"""":{""""Personal Identifiers"""":{""""Affected"""":""""UNKN"""",""""Examples"""":[]},""""Protected Classification Characteristics"""":{""""Affected"""":""""UNKN"""",""""Examples"""":[]},""""Commercial Information"""":{""""Affected"""":""""UNKN"""",""""Examples"""":[]},""""Biometric Information"""":{""""Affected"""":""""UNKN"""",""""Examples"""":[]},""""Internet or Network Activity"""":{""""Affected"""":""""UNKN"""",""""Examples"""":[]},""""Geolocation Data"""":{""""Affected"""":""""UNKN"""",""""Examples"""":[]},""""Sensory Data"""":{""""Affected"""":""""UNKN"""",""""Examples"""":[]},""""Professional or Employment-Related Information"""":{""""Affected"""":""""UNKN"""",""""Examples"""":[]},""""Education Information"""":{""""Affected"""":""""UNKN"""",""""Examples"""":[]},""""Inferences Drawn from Personal Information"""":{""""Affected"""":""""UNKN"""",""""Examples"""":[]},""""Sensitive Personal Information"""":{""""Affected"""":""""UNKN"""",""""Examples"""":[]},""""Customer Records"""":{""""Affected"""":""""UNKN"""",""""Examples"""":[]}}}",BSO,VERIFIED,EDGAR name: INTUIT INC,"NEAR-DUPLICATE CHAIN CH-16: 2 firm-day events collapsed [2017-04-02, 2017-04-04] (Gate 2 signed; record-count gaps not a distinctness signal)",0,,2.7305,8.5286,2.7524,8.6252,21.9667,31.7505,882401.49,1067058.52,9.7838,78975.0,INTU,window,1,8.3547,0.7268,0.2304,0.3153,45,24,15.0,0,0,0.0,0,0,0,1,110.0,2017-04-02,2017-04-17,0.766906,1.974977,1.208071,2017.0,21,21,True,7372.0,73,58,15.0,45.0,Q1 (smallest),2017,2.220446049250313e-16
896878,2017-04-17,Intuit Inc,Intuit Inc | Intuit Inc.,2,HACK,False,14592,True,"The Indiana Office of the Attorney General reported that Intuit Inc experienced a data breach on April 17, 2017, affecting a total of 744 individuals, including 2 residents of Indiana. The report was made on May 5, 2017.",2017-05-05 00:00:00,2017-04-17 00:00:00,"{""""Encryption Status"""":""""UNKN"""",""""Categories Affected"""":{""""Personal Identifiers"""":{""""Affected"""":""""UNKN"""",""""Examples"""":[]},""""Protected Classification Characteristics"""":{""""Affected"""":""""UNKN"""",""""Examples"""":[]},""""Commercial Information"""":{""""Affected"""":""""UNKN"""",""""Examples"""":[]},""""Biometric Information"""":{""""Affected"""":""""UNKN"""",""""Examples"""":[]},""""Internet or Network Activity"""":{""""Affected"""":""""UNKN"""",""""Examples"""":[]},""""Geolocation Data"""":{""""Affected"""":""""UNKN"""",""""Examples"""":[]},""""Sensory Data"""":{""""Affected"""":""""UNKN"""",""""Examples"""":[]},""""Professional or Employment-Related Information"""":{""""Affected"""":""""UNKN"""",""""Examples"""":[]},""""Education Information"""":{""""Affected"""":""""UNKN"""",""""Examples"""":[]},""""Inferences Drawn from Personal Information"""":{""""Affected"""":""""UNKN"""",""""Examples"""":[]},""""Sensitive Personal Information"""":{""""Affected"""":""""UNKN"""",""""Examples"""":[]},""""Customer Records"""":{""""Affected"""":""""UNKN"""",""""Examples"""":[]}}}",BSO,VERIFIED,EDGAR name: INTUIT INC,"NEAR-DUPLICATE CHAIN CH-17: 2 firm-day events collapsed [2017-04-17, 2017-04-19] (Gate 2 signed; record-count gaps not a distinctness signal)",0,,-1.2974,14.5257,-1.3088,15.4335,11.0165,30.8596,970524.96,1032724.16,19.8431,78975.0,INTU,window,1,8.3547,0.7268,0.2304,0.3153,46,23,18.0,0,0,0.0,0,0,0,1,95.0,2017-04-17,2017-05-05,2.001585,1.627891,-0.37369399999999997,2017.0,21,21,True,7372.0,73,60,18.0,46.0,Q1 (smallest),2017,6.661338147750939e-16
896878,2017-04-30,Intuit Inc,Intuit Inc,1,HACK,False,298,False,"The Indiana Office of the Attorney General reported that Intuit Inc experienced a data breach on April 30, 2017, affecting a total of 298 individuals, with 1 resident specifically noted. The breach was reported on May 17, 2017.",2017-05-17 00:00:00,2017-04-30 00:00:00,"{""""Encryption Status"""":""""UNKN"""",""""Categories Affected"""":{""""Personal Identifiers"""":{""""Affected"""":""""UNKN"""",""""Examples"""":[]},""""Protected Classification Characteristics"""":{""""Affected"""":""""UNKN"""",""""Examples"""":[]},""""Commercial Information"""":{""""Affected"""":""""UNKN"""",""""Examples"""":[]},""""Biometric Information"""":{""""Affected"""":""""UNKN"""",""""Examples"""":[]},""""Internet or Network Activity"""":{""""Affected"""":""""UNKN"""",""""Examples"""":[]},""""Geolocation Data"""":{""""Affected"""":""""UNKN"""",""""Examples"""":[]},""""Sensory Data"""":{""""Affected"""":""""UNKN"""",""""Examples"""":[]},""""Professional or Employment-Related Information"""":{""""Affected"""":""""UNKN"""",""""Examples"""":[]},""""Education Information"""":{""""Affected"""":""""UNKN"""",""""Examples"""":[]},""""Inferences Drawn from Personal Information"""":{""""Affected"""":""""UNKN"""",""""Examples"""":[]},""""Sensitive Personal Information"""":{""""Affected"""":""""UNKN"""",""""Examples"""":[]},""""Customer Records"""":{""""Affected"""":""""UNKN"""",""""Examples"""":[]}}}",BSO,VERIFIED,EDGAR name: INTUIT INC,,0,,0.3777,8.935,0.3806,9.282,29.4705,24.874,1098842.02,1107343.19,-4.5965,78975.0,INTU,window,1,8.3547,0.7268,0.2304,0.3153,47,23,17.0,0,0,0.0,0,0,1,1,82.0,2017-04-30,2017-05-17,1.924728,1.538672,-0.38605599999999995,2017.0,21,21,True,7372.0,73,62,17.0,47.0,Q1 (smallest),2017,-1.2558102424620188e-07
896878,2017-06-01,Intuit Inc.,Intuit Inc.,1,HACK,False,15,False,"The Maine Office of the Attorney General reported that Intuit Inc. experienced a data breach on or before June 22, 2017, affecting 1 resident. The compromised information included a name or other personal identifier in combination with Social Security Number (SSN) and Driver's license number or non-driver identification number. The breach was reported on July 21, 2017.",2017-07-21 00:00:00,2017-06-01 00:00:00,"{""""Encryption Status"""":""""Unencrypted"""",""""Categories Affected"""":{""""Personal Identifiers"""":{""""Affected"""":""""Yes"""",""""Examples"""":[""""Name or other personal identifier"""",""""Social Security Number"""",""""Driver's license number"""",""""Non-driver identification number""""]},""""Protected Classification Characteristics"""":{""""Affected"""":""""No"""",""""Examples"""":[]},""""Commercial Information"""":{""""Affected"""":""""No"""",""""Examples"""":[]},""""Biometric Information"""":{""""Affected"""":""""No"""",""""Examples"""":[]},""""Internet or Network Activity"""":{""""Affected"""":""""No"""",""""Examples"""":[]},""""Geolocation Data"""":{""""Affected"""":""""No"""",""""Examples"""":[]},""""Sensory Data"""":{""""Affected"""":""""No"""",""""Examples"""":[]},""""Professional or Employment-Related Information"""":{""""Affected"""":""""No"""",""""Examples"""":[]},""""Education Information"""":{""""Affected"""":""""No"""",""""Examples"""":[]},""""Inferences Drawn from Personal Information"""":{""""Affected"""":""""No"""",""""Examples"""":[]},""""Sensitive Personal Information"""":{""""Affected"""":""""Yes"""",""""Examples"""":[""""Social Security Number"""",""""Driver's license number"""",""""Non-driver identification number""""]},""""Customer Records"""":{""""Affected"""":""""No"""",""""Examples"""":[]}}}",BSO,VERIFIED,EDGAR name: INTUIT INC,,0,,0.383,-7.8548,0.3821,-7.805,34.5446,13.4986,1216602.64,331492.81,-21.046,78975.0,INTU,window,1,8.3547,0.7268,0.2304,0.3153,48,22,50.0,0,0,0.0,0,0,1,1,50.0,2017-06-01,2017-07-21,0.809663,1.153572,0.343909,2017.0,21,21,True,7372.0,73,63,50.0,48.0,Q1 (smallest),2017,-4.440892098500626e-16
896878,2017-06-14,"Intuit, Inc.","Intuit, Inc.",1,HACK,False,168,False,"On June 14, 2017, the Massachusetts Office of Consumer Affairs and Business Regulation reported a data breach involving Intuit, Inc., which affected 280 residents. The breach involved the exposure of electronic records, specifically Social Security Numbers (SSN) and account numbers.",2017-06-14 00:00:00,2017-06-14 00:00:00,"{""""Encryption Status"""":""""Unencrypted"""",""""Categories Affected"""":{""""Personal Identifiers"""":{""""Affected"""":""""Yes"""",""""Examples"""":[""""Social Security Number""""]},""""Protected Classification Characteristics"""":{""""Affected"""":""""No"""",""""Examples"""":[]},""""Commercial Information"""":{""""Affected"""":""""No"""",""""Examples"""":[]},""""Biometric Information"""":{""""Affected"""":""""No"""",""""Examples"""":[]},""""Internet or Network Activity"""":{""""Affected"""":""""No"""",""""Examples"""":[]},""""Geolocation Data"""":{""""Affected"""":""""No"""",""""Examples"""":[]},""""Sensory Data"""":{""""Affected"""":""""No"""",""""Examples"""":[]},""""Professional or Employment-Related Information"""":{""""Affected"""":""""No"""",""""Examples"""":[]},""""Education Information"""":{""""Affected"""":""""No"""",""""Examples"""":[]},""""Inferences Drawn from Personal Information"""":{""""Affected"""":""""No"""",""""Examples"""":[]},""""Sensitive Personal Information"""":{""""Affected"""":""""Yes"""",""""Examples"""":[""""Social Security Number""""]},""""Customer Records"""":{""""Affected"""":""""Yes"""",""""Examples"""":[""""Account number""""]}}}",BSO,VERIFIED,EDGAR name: INTUIT INC,,0,,0.8048,-3.5551,0.8043,-3.6062,23.3645,12.5659,955317.88,350732.26,-10.7986,78975.0,INTU,window,1,8.3547,0.7268,0.2304,0.3153,49,21,0.0,0,0,1.0,0,0,1,1,37.0,2017-06-14,2017-06-14,1.542845,0.844198,-0.698647,2017.0,21,21,True,7372.0,73,64,0.0,49.0,Q1 (smallest),2017,-3.248290525448283e-12
896878,2017-07-30,"Intuit, Inc.","Intuit Inc. | Intuit, Inc.",2,HACK,False,213487,True,"The Indiana Office of the Attorney General reported that IntuitInc experienced a data breach on July 30, 2017, affecting a total of 396 individuals, including 1 resident. The breach was reported on August 15, 2017.",2017-08-15 00:00:00,2017-07-30 00:00:00,"{""""Encryption Status"""":""""UNKN"""",""""Categories Affected"""":{""""Personal Identifiers"""":{""""Affected"""":""""UNKN"""",""""Examples"""":[]},""""Protected Classification Characteristics"""":{""""Affected"""":""""UNKN"""",""""Examples"""":[]},""""Commercial Information"""":{""""Affected"""":""""UNKN"""",""""Examples"""":[]},""""Biometric Information"""":{""""Affected"""":""""UNKN"""",""""Examples"""":[]},""""Internet or Network Activity"""":{""""Affected"""":""""UNKN"""",""""Examples"""":[]},""""Geolocation Data"""":{""""Affected"""":""""UNKN"""",""""Examples"""":[]},""""Sensory Data"""":{""""Affected"""":""""UNKN"""",""""Examples"""":[]},""""Professional or Employment-Related Information"""":{""""Affected"""":""""UNKN"""",""""Examples"""":[]},""""Education Information"""":{""""Affected"""":""""UNKN"""",""""Examples"""":[]},""""Inferences Drawn from Personal Information"""":{""""Affected"""":""""UNKN"""",""""Examples"""":[]},""""Sensitive Personal Information"""":{""""Affected"""":""""UNKN"""",""""Examples"""":[]},""""Customer Records"""":{""""Affected"""":""""UNKN"""",""""Examples"""":[]}}}",BSO,VERIFIED,EDGAR name: INTUIT INC,"NEAR-DUPLICATE CHAIN CH-18: 2 firm-day events collapsed [2017-07-30, 2017-08-01] (Gate 2 signed; record-count gaps not a distinctness signal)",0,,0.5763,3.7955,0.5696,3.8039,12.4694,17.5706,336078.54,503880.84,5.1012,78975.0,INTU,window,1,8.3547,0.7268,0.2304,0.3153,50,22,16.0,0,0,0.0,0,1,1,1,23.0,2017-07-30,2017-08-15,0.598276,0.821557,0.22328099999999995,2017.0,21,21,True,7372.0,73,65,16.0,50.0,Q1 (smallest),2017,6.661338147750939e-16
896878,2017-08-08,Intuit Inc.,Intuit Inc.,1,HACK,False,18,False,"The Massachusetts Office of Consumer Affairs and Business Regulation reported on August 8, 2017, that Intuit Inc. experienced a data breach affecting 3 residents. The breach involved the exposure of electronic records, specifically Social Security Numbers (SSN), account numbers, and driver's licenses.",2017-08-08 00:00:00,2017-08-08 00:00:00,"{""""Encryption Status"""":""""Unencrypted"""",""""Categories Affected"""":{""""Personal Identifiers"""":{""""Affected"""":""""Yes"""",""""Examples"""":[""""Social Security number"""",""""Account number"""",""""Driver's license number""""]},""""Protected Classification Characteristics"""":{""""Affected"""":""""No"""",""""Examples"""":[]},""""Commercial Information"""":{""""Affected"""":""""No"""",""""Examples"""":[]},""""Biometric Information"""":{""""Affected"""":""""No"""",""""Examples"""":[]},""""Internet or Network Activity"""":{""""Affected"""":""""No"""",""""Examples"""":[]},""""Geolocation Data"""":{""""Affected"""":""""No"""",""""Examples"""":[]},""""Sensory Data"""":{""""Affected"""":""""No"""",""""Examples"""":[]},""""Professional or Employment-Related Information"""":{""""Affected"""":""""No"""",""""Examples"""":[]},""""Education Information"""":{""""Affected"""":""""No"""",""""Examples"""":[]},""""Inferences Drawn from Personal Information"""":{""""Affected"""":""""No"""",""""Examples"""":[]},""""Sensitive Personal Information"""":{""""Affected"""":""""Yes"""",""""Examples"""":[""""Social Security number"""",""""Driver's license number""""]},""""Customer Records"""":{""""Affected"""":""""No"""",""""Examples"""":[]}}}",BSO,VERIFIED,EDGAR name: INTUIT INC,,0,,1.5073,4.4415,1.4872,4.4995,10.6419,17.9101,349905.5,517177.28,7.2682,78975.0,INTU,window,1,8.3109,0.6672,0.2387,0.315,51,22,0.0,0,0,1.0,0,1,1,1,14.0,2017-08-08,2017-08-08,0.612949,1.052086,0.4391370000000001,2017.0,21,21,True,7372.0,73,67,0.0,51.0,Q1 (smallest),2017,2.220446049250313e-15
896878,2017-08-16,Intuit Inc.,Intuit Inc.,1,HACK,False,294,False,"The Massachusetts Office of Consumer Affairs and Business Regulation reported a data breach involving Intuit Inc. on August 16, 2017. The breach affected 294 residents and involved exposure of Social Security Numbers (SSN), account numbers, and driver's licenses.",2017-08-16 00:00:00,2017-08-16 00:00:00,"{""""Encryption Status"""":""""Unencrypted"""",""""Categories Affected"""":{""""Personal Identifiers"""":{""""Affected"""":""""Yes"""",""""Examples"""":[""""Social Security number"""",""""Account number"""",""""Driver's license number""""]},""""Protected Classification Characteristics"""":{""""Affected"""":""""No"""",""""Examples"""":[]},""""Commercial Information"""":{""""Affected"""":""""No"""",""""Examples"""":[]},""""Biometric Information"""":{""""Affected"""":""""No"""",""""Examples"""":[]},""""Internet or Network Activity"""":{""""Affected"""":""""No"""",""""Examples"""":[]},""""Geolocation Data"""":{""""Affected"""":""""No"""",""""Examples"""":[]},""""Sensory Data"""":{""""Affected"""":""""No"""",""""Examples"""":[]},""""Professional or Employment-Related Information"""":{""""Affected"""":""""No"""",""""Examples"""":[]},""""Education Information"""":{""""Affected"""":""""No"""",""""Examples"""":[]},""""Inferences Drawn from Personal Information"""":{""""Affected"""":""""No"""",""""Examples"""":[]},""""Sensitive Personal Information"""":{""""Affected"""":""""Yes"""",""""Examples"""":[""""Social Security number"""",""""Driver's license number"""",""""Account number""""]},""""Customer Records"""":{""""Affected"""":""""No"""",""""Examples"""":[]}}}",BSO,VERIFIED,EDGAR name: INTUIT INC,,0,,-0.8305,0.7597,-0.8798,0.6675,11.3956,15.7615,249526.98,450663.84,4.3659,78975.0,INTU,window,1,8.3109,0.6672,0.2387,0.315,52,23,0.0,0,0,1.0,0,1,1,1,6.0,2017-08-16,2017-08-16,0.600438,0.773349,0.17291099999999993,2017.0,21,21,True,7372.0,73,68,0.0,52.0,Q1 (smallest),2017,0.0
896878,2017-08-25,Intuit Inc.,Intuit Inc.,1,HACK,False,150,False,"The Massachusetts Office of Consumer Affairs and Business Regulation reported a data breach involving Intuit Inc. on August 25, 2017. The breach affected 150 individuals and involved the compromise of electronic records containing Social Security Numbers (SSN) and account numbers.",2017-08-25 00:00:00,2017-08-25 00:00:00,"{""""Encryption Status"""":""""Unencrypted"""",""""Categories Affected"""":{""""Personal Identifiers"""":{""""Affected"""":""""Yes"""",""""Examples"""":[""""Social Security Number""""]},""""Protected Classification Characteristics"""":{""""Affected"""":""""No"""",""""Examples"""":[]},""""Commercial Information"""":{""""Affected"""":""""No"""",""""Examples"""":[]},""""Biometric Information"""":{""""Affected"""":""""No"""",""""Examples"""":[]},""""Internet or Network Activity"""":{""""Affected"""":""""No"""",""""Examples"""":[]},""""Geolocation Data"""":{""""Affected"""":""""No"""",""""Examples"""":[]},""""Sensory Data"""":{""""Affected"""":""""No"""",""""Examples"""":[]},""""Professional or Employment-Related Information"""":{""""Affected"""":""""No"""",""""Examples"""":[]},""""Education Information"""":{""""Affected"""":""""No"""",""""Examples"""":[]},""""Inferences Drawn from Personal Information"""":{""""Affected"""":""""No"""",""""Examples"""":[]},""""Sensitive Personal Information"""":{""""Affected"""":""""Yes"""",""""Examples"""":[""""Social Security Number""""]},""""Customer Records"""":{""""Affected"""":""""Yes"""",""""Examples"""":[""""Account number""""]}}}",BSO,VERIFIED,EDGAR name: INTUIT INC,,0,,3.0308,1.7512,3.106,1.7878,15.6537,10.1877,453229.87,333741.42,-5.466,78975.0,INTU,window,1,8.3109,0.6672,0.2387,0.315,53,23,0.0,0,0,1.0,0,0,1,1,55.0,2017-08-25,2017-08-25,0.941253,0.660703,-0.28054999999999997,2017.0,21,21,True,7372.0,73,69,0.0,53.0,Q1 (smallest),2017,0.0
896878,2017-09-01,Intuit Inc,Intuit Inc,1,HACK,False,58,False,"The Massachusetts Office of Consumer Affairs and Business Regulation reported a data breach involving Intuit Inc on September 1, 2017. The breach affected 58 residents, compromising electronic records that included Social Security Numbers and driver's licenses.",2017-09-01 00:00:00,2017-09-01 00:00:00,"{""""Encryption Status"""":""""Unencrypted"""",""""Categories Affected"""":{""""Personal Identifiers"""":{""""Affected"""":""""Yes"""",""""Examples"""":[""""Social Security number"""",""""Driver's license number""""]},""""Protected Classification Characteristics"""":{""""Affected"""":""""No"""",""""Examples"""":[]},""""Commercial Information"""":{""""Affected"""":""""No"""",""""Examples"""":[]},""""Biometric Information"""":{""""Affected"""":""""No"""",""""Examples"""":[]},""""Internet or Network Activity"""":{""""Affected"""":""""No"""",""""Examples"""":[]},""""Geolocation Data"""":{""""Affected"""":""""No"""",""""Examples"""":[]},""""Sensory Data"""":{""""Affected"""":""""No"""",""""Examples"""":[]},""""Professional or Employment-Related Information"""":{""""Affected"""":""""No"""",""""Examples"""":[]},""""Education Information"""":{""""Affected"""":""""No"""",""""Examples"""":[]},""""Inferences Drawn from Personal Information"""":{""""Affected"""":""""No"""",""""Examples"""":[]},""""Sensitive Personal Information"""":{""""Affected"""":""""Yes"""",""""Examples"""":[""""Social Security number"""",""""Driver's license number""""]},""""Customer Records"""":{""""Affected"""":""""No"""",""""Examples"""":[]}}}",BSO,VERIFIED,EDGAR name: INTUIT INC,,0,,0.1057,-1.1948,0.1107,-1.2861,16.5281,10.7109,506671.87,369192.52,-5.8172,78975.0,INTU,window,1,8.3109,0.6672,0.2387,0.315,54,24,0.0,0,0,1.0,0,0,1,1,48.0,2017-09-01,2017-09-01,1.153572,0.704769,-0.44880300000000006,2017.0,21,21,True,7372.0,73,70,0.0,54.0,Q1 (smallest),2017,-0.16843248096937258
896878,2017-10-17,Intuit,Intuit,1,HACK,False,21,False,"On October 17, 2017, the Massachusetts Office of Consumer Affairs and Business Regulation reported a data breach involving Intuit that affected 43 residents. The breach compromised electronic records, including Social Security Numbers (SSN), account numbers, and drivers' licenses.",2017-10-17 00:00:00,2017-10-17 00:00:00,"{""""Encryption Status"""":""""Unencrypted"""",""""Categories Affected"""":{""""Personal Identifiers"""":{""""Affected"""":""""Yes"""",""""Examples"""":[""""Social Security Number"""",""""Account Number"""",""""Driver's License Number""""]},""""Protected Classification Characteristics"""":{""""Affected"""":""""No"""",""""Examples"""":[]},""""Commercial Information"""":{""""Affected"""":""""No"""",""""Examples"""":[]},""""Biometric Information"""":{""""Affected"""":""""No"""",""""Examples"""":[]},""""Internet or Network Activity"""":{""""Affected"""":""""No"""",""""Examples"""":[]},""""Geolocation Data"""":{""""Affected"""":""""No"""",""""Examples"""":[]},""""Sensory Data"""":{""""Affected"""":""""No"""",""""Examples"""":[]},""""Professional or Employment-Related Information"""":{""""Affected"""":""""No"""",""""Examples"""":[]},""""Education Information"""":{""""Affected"""":""""No"""",""""Examples"""":[]},""""Inferences Drawn from Personal Information"""":{""""Affected"""":""""No"""",""""Examples"""":[]},""""Sensitive Personal Information"""":{""""Affected"""":""""Yes"""",""""Examples"""":[""""Social Security Number"""",""""Driver's License Number""""]},""""Customer Records"""":{""""Affected"""":""""No"""",""""Examples"""":[]}}}",BSO,VERIFIED,EDGAR name: INTUIT INC,,0,,2.4322,4.0638,2.4569,4.0944,10.9856,11.3586,388972.51,241056.43,0.373,78975.0,INTU,window,1,8.3109,0.6672,0.2387,0.315,55,23,0.0,0,0,1.0,0,1,1,1,2.0,2017-10-17,2017-10-17,0.688294,1.169355,0.48106099999999996,2017.0,21,21,True,7372.0,73,71,0.0,55.0,Q1 (smallest),2017,2.4424906541753444e-15
896878,2018-02-06,Intuit Inc.,Intuit Inc.,1,HACK,False,107,False,"On March 5, 2018, the New Hampshire Attorney General's Office reported that Intuit Inc. experienced unauthorized access to a customer's account due to fraudulent log-ins. The incident affected 1 New Hampshire customer, potentially exposing sensitive information such as Social Security number, address, and financial details.",2018-03-05 00:00:00,2018-02-06 00:00:00,"{""""Encryption Status"""":""""Unencrypted"""",""""Categories Affected"""":{""""Personal Identifiers"""":{""""Affected"""":""""Yes"""",""""Examples"""":[""""Name"""",""""Social Security number"""",""""Address"""",""""Date of birth"""",""""Driver's license number""""]},""""Protected Classification Characteristics"""":{""""Affected"""":""""No"""",""""Examples"""":[]},""""Commercial Information"""":{""""Affected"""":""""Yes"""",""""Examples"""":[""""Financial information (e.g., salary and deductions)""""]},""""Biometric Information"""":{""""Affected"""":""""No"""",""""Examples"""":[]},""""Internet or Network Activity"""":{""""Affected"""":""""No"""",""""Examples"""":[]},""""Geolocation Data"""":{""""Affected"""":""""No"""",""""Examples"""":[]},""""Sensory Data"""":{""""Affected"""":""""No"""",""""Examples"""":[]},""""Professional or Employment-Related Information"""":{""""Affected"""":""""No"""",""""Examples"""":[]},""""Education Information"""":{""""Affected"""":""""No"""",""""Examples"""":[]},""""Inferences Drawn from Personal Information"""":{""""Affected"""":""""No"""",""""Examples"""":[]},""""Sensitive Personal Information"""":{""""Affected"""":""""Yes"""",""""Examples"""":[""""Social Security number"""",""""Driver's license number"""",""""Financial information""""]},""""Customer Records"""":{""""Affected"""":""""No"""",""""Examples"""":[]}}}",BSO,VERIFIED,EDGAR name: INTUIT INC,,0,,0.8106,9.0171,0.6902,9.3352,18.7939,30.8298,321292.4,499013.54,12.0359,78975.0,INTU,window,1,8.3109,0.6672,0.2387,0.315,56,15,27.0,0,0,0.0,0,0,0,1,105.0,2018-02-06,2018-03-05,2.067097,1.446262,-0.620835,2018.0,21,21,True,7372.0,73,72,27.0,56.0,Q1 (smallest),2018,-0.23181061254979896
896878,2018-03-14,Intuit Inc.,Intuit Inc.,1,HACK,False,154,False,"The Massachusetts Office of Consumer Affairs and Business Regulation reported a data breach involving Intuit Inc. on March 14, 2018. The breach affected 67 residents, potentially exposing electronic records including Social Security Numbers (SSN), account numbers, and driver's licenses.",2018-03-14 00:00:00,2018-03-14 00:00:00,"{""""Encryption Status"""":""""Unencrypted"""",""""Categories Affected"""":{""""Personal Identifiers"""":{""""Affected"""":""""Yes"""",""""Examples"""":[""""Social Security Number"""",""""Account Number"""",""""Driver's License Number""""]},""""Protected Classification Characteristics"""":{""""Affected"""":""""No"""",""""Examples"""":[]},""""Commercial Information"""":{""""Affected"""":""""No"""",""""Examples"""":[]},""""Biometric Information"""":{""""Affected"""":""""No"""",""""Examples"""":[]},""""Internet or Network Activity"""":{""""Affected"""":""""No"""",""""Examples"""":[]},""""Geolocation Data"""":{""""Affected"""":""""No"""",""""Examples"""":[]},""""Sensory Data"""":{""""Affected"""":""""No"""",""""Examples"""":[]},""""Professional or Employment-Related Information"""":{""""Affected"""":""""No"""",""""Examples"""":[]},""""Education Information"""":{""""Affected"""":""""No"""",""""Examples"""":[]},""""Inferences Drawn from Personal Information"""":{""""Affected"""":""""No"""",""""Examples"""":[]},""""Sensitive Personal Information"""":{""""Affected"""":""""Yes"""",""""Examples"""":[""""Social Security Number"""",""""Driver's License Number""""]},""""Customer Records"""":{""""Affected"""":""""No"""",""""Examples"""":[]}}}",BSO,VERIFIED,EDGAR name: INTUIT INC,,0,,1.0024,7.5901,0.9748,7.4107,32.0535,22.9791,455785.28,462391.08,-9.0744,78975.0,INTU,window,1,8.3109,0.6672,0.2387,0.315,57,12,0.0,0,0,1.0,0,0,1,1,69.0,2018-03-14,2018-03-14,2.000919,1.652829,-0.34809,2018.0,21,21,True,7372.0,73,73,0.0,57.0,Q1 (smallest),2018,-0.29059439635119255
896878,2018-04-26,Intuit,Intuit,1,HACK,False,91,False,"The Massachusetts Office of Consumer Affairs and Business Regulation reported a data breach involving Intuit on April 26, 2018. The breach affected 1 resident and involved compromised electronic records, specifically Social Security Numbers (SSN) and account numbers.",2018-04-26 00:00:00,2018-04-26 00:00:00,"{""""Encryption Status"""":""""Unencrypted"""",""""Categories Affected"""":{""""Personal Identifiers"""":{""""Affected"""":""""Yes"""",""""Examples"""":[""""Social Security number"""",""""Account number""""]},""""Protected Classification Characteristics"""":{""""Affected"""":""""No"""",""""Examples"""":[]},""""Commercial Information"""":{""""Affected"""":""""No"""",""""Examples"""":[]},""""Biometric Information"""":{""""Affected"""":""""No"""",""""Examples"""":[]},""""Internet or Network Activity"""":{""""Affected"""":""""No"""",""""Examples"""":[]},""""Geolocation Data"""":{""""Affected"""":""""No"""",""""Examples"""":[]},""""Sensory Data"""":{""""Affected"""":""""No"""",""""Examples"""":[]},""""Professional or Employment-Related Information"""":{""""Affected"""":""""No"""",""""Examples"""":[]},""""Education Information"""":{""""Affected"""":""""No"""",""""Examples"""":[]},""""Inferences Drawn from Personal Information"""":{""""Affected"""":""""No"""",""""Examples"""":[]},""""Sensitive Personal Information"""":{""""Affected"""":""""Yes"""",""""Examples"""":[""""Social Security number""""]},""""Customer Records"""":{""""Affected"""":""""No"""",""""Examples"""":[]}}}",BSO,VERIFIED,EDGAR name: INTUIT INC,,0,,5.9768,10.5185,6.0005,11.4284,24.8495,22.3973,454726.59,408542.32,-2.4522,78975.0,INTU,window,1,8.3109,0.6672,0.2387,0.315,58,11,0.0,0,0,1.0,0,1,1,1,26.0,2018-04-26,2018-04-26,1.652829,1.024662,-0.6281670000000001,2018.0,21,21,True,7372.0,73,74,0.0,58.0,Q1 (smallest),2018,-0.38269183212906066
896878,2018-05-16,Intuit,Intuit,1,HACK,False,182,False,"The Massachusetts Office of Consumer Affairs and Business Regulation reported on May 16, 2018, that Intuit experienced a data breach affecting 5 residents. The information compromised included Social Security Numbers (SSNs), account numbers, and driver's licenses.",2018-05-16 00:00:00,2018-05-16 00:00:00,"{""""Encryption Status"""":""""Unencrypted"""",""""Categories Affected"""":{""""Personal Identifiers"""":{""""Affected"""":""""Yes"""",""""Examples"""":[""""Social Security number"""",""""Account number"""",""""Driver's license number""""]},""""Protected Classification Characteristics"""":{""""Affected"""":""""No"""",""""Examples"""":[]},""""Commercial Information"""":{""""Affected"""":""""No"""",""""Examples"""":[]},""""Biometric Information"""":{""""Affected"""":""""No"""",""""Examples"""":[]},""""Internet or Network Activity"""":{""""Affected"""":""""No"""",""""Examples"""":[]},""""Geolocation Data"""":{""""Affected"""":""""No"""",""""Examples"""":[]},""""Sensory Data"""":{""""Affected"""":""""No"""",""""Examples"""":[]},""""Professional or Employment-Related Information"""":{""""Affected"""":""""No"""",""""Examples"""":[]},""""Education Information"""":{""""Affected"""":""""No"""",""""Examples"""":[]},""""Inferences Drawn from Personal Information"""":{""""Affected"""":""""No"""",""""Examples"""":[]},""""Sensitive Personal Information"""":{""""Affected"""":""""Yes"""",""""Examples"""":[""""Social Security number"""",""""Driver's license number""""]},""""Customer Records"""":{""""Affected"""":""""Yes"""",""""Examples"""":[""""Account number""""]}}}",BSO,VERIFIED,EDGAR name: INTUIT INC,,0,,2.5268,6.9462,2.5351,7.0248,24.3709,15.0827,405122.51,505454.85,-9.2882,78975.0,INTU,window,1,8.3109,0.6672,0.2387,0.315,59,11,0.0,0,0,1.0,0,1,1,1,6.0,2018-05-16,2018-05-16,1.534526,1.068184,-0.46634200000000003,2018.0,21,21,True,7372.0,73,75,0.0,59.0,Q1 (smallest),2018,-0.3362473675067381
896878,2018-06-15,Intuit Inc,Intuit Inc,1,HACK,False,15,False,"On June 15, 2018, the Massachusetts Office of Consumer Affairs and Business Regulation reported a data breach involving Intuit Inc, affecting 2 residents. The compromised information includes Social Security Numbers (SSN), Account Numbers, and Driver's Licenses.",2018-06-15 00:00:00,2018-06-15 00:00:00,"{""""Encryption Status"""":""""Unencrypted"""",""""Categories Affected"""":{""""Personal Identifiers"""":{""""Affected"""":""""Yes"""",""""Examples"""":[""""Social Security Number"""",""""Account Number"""",""""Driver's License Number""""]},""""Protected Classification Characteristics"""":{""""Affected"""":""""No"""",""""Examples"""":[]},""""Commercial Information"""":{""""Affected"""":""""No"""",""""Examples"""":[]},""""Biometric Information"""":{""""Affected"""":""""No"""",""""Examples"""":[]},""""Internet or Network Activity"""":{""""Affected"""":""""No"""",""""Examples"""":[]},""""Geolocation Data"""":{""""Affected"""":""""No"""",""""Examples"""":[]},""""Sensory Data"""":{""""Affected"""":""""No"""",""""Examples"""":[]},""""Professional or Employment-Related Information"""":{""""Affected"""":""""No"""",""""Examples"""":[]},""""Education Information"""":{""""Affected"""":""""No"""",""""Examples"""":[]},""""Inferences Drawn from Personal Information"""":{""""Affected"""":""""No"""",""""Examples"""":[]},""""Sensitive Personal Information"""":{""""Affected"""":""""Yes"""",""""Examples"""":[""""Social Security Number"""",""""Driver's License Number""""]},""""Customer Records"""":{""""Affected"""":""""Yes"""",""""Examples"""":[""""Account Number""""]}}}",BSO,VERIFIED,EDGAR name: INTUIT INC,,0,,-0.6149,-2.9602,-0.6473,-3.185,15.3015,20.804,478930.64,444060.63,5.5025,78975.0,INTU,window,1,8.3109,0.6672,0.2387,0.315,60,10,0.0,0,0,1.0,0,0,1,1,69.0,2018-06-15,2018-06-15,1.085031,1.237052,0.15202099999999996,2018.0,21,21,True,7372.0,73,76,0.0,60.0,Q1 (smallest),2018,0.0990044964722685
896878,2019-01-29,"Intuit, Inc.","Intuit Inc. | Intuit, Inc.",2,HACK,False,1078,True,"The Indiana Office of the Attorney General reported a data breach involving Intuit Inc. on February 26, 2019. The breach occurred on January 29, 2019, affecting a total of 25 individuals, all of whom were residents.",2019-02-26 00:00:00,2019-01-29 00:00:00,"{""""Encryption Status"""":""""Unencrypted"""",""""Categories Affected"""":{""""Personal Identifiers"""":{""""Affected"""":""""UNKN"""",""""Examples"""":[]},""""Protected Classification Characteristics"""":{""""Affected"""":""""UNKN"""",""""Examples"""":[]},""""Commercial Information"""":{""""Affected"""":""""UNKN"""",""""Examples"""":[]},""""Biometric Information"""":{""""Affected"""":""""UNKN"""",""""Examples"""":[]},""""Internet or Network Activity"""":{""""Affected"""":""""UNKN"""",""""Examples"""":[]},""""Geolocation Data"""":{""""Affected"""":""""UNKN"""",""""Examples"""":[]},""""Sensory Data"""":{""""Affected"""":""""UNKN"""",""""Examples"""":[]},""""Professional or Employment-Related Information"""":{""""Affected"""":""""UNKN"""",""""Examples"""":[]},""""Education Information"""":{""""Affected"""":""""UNKN"""",""""Examples"""":[]},""""Inferences Drawn from Personal Information"""":{""""Affected"""":""""UNKN"""",""""Examples"""":[]},""""Sensitive Personal Information"""":{""""Affected"""":""""UNKN"""",""""Examples"""":[]},""""Customer Records"""":{""""Affected"""":""""UNKN"""",""""Examples"""":[]}}}",BSO,VERIFIED,EDGAR name: INTUIT INC,"NEAR-DUPLICATE CHAIN CH-19: 2 firm-day events collapsed [2019-01-29, 2019-01-30] (Gate 2 signed; record-count gaps not a distinctness signal)",0,,2.8417,12.7048,2.8853,13.9354,32.1651,29.0406,557953.77,649876.67,-3.1245,78975.0,INTU,window,1,8.5522,0.5454,0.2339,0.307,61,5,28.0,0,0,0.0,0,0,0,0,,2019-01-29,2019-02-26,1.263924,1.143806,-0.12011799999999995,2019.0,21,21,True,7372.0,73,77,28.0,61.0,Q1 (smallest),2019,-0.1150805995526798
896878,2019-02-21,"Intuit, Inc.","Intuit Inc. | Intuit, Inc.",2,HACK,False,56,True,"The Indiana Office of the Attorney General reported on March 12, 2019, that Intuit Inc. experienced a data breach on February 21, 2019, affecting a total of 6 individuals.",2019-03-12 00:00:00,2019-02-21 00:00:00,"{""""Encryption Status"""":""""Unencrypted"""",""""Categories Affected"""":{""""Personal Identifiers"""":{""""Affected"""":""""UNKN"""",""""Examples"""":[]},""""Protected Classification Characteristics"""":{""""Affected"""":""""UNKN"""",""""Examples"""":[]},""""Commercial Information"""":{""""Affected"""":""""UNKN"""",""""Examples"""":[]},""""Biometric Information"""":{""""Affected"""":""""No"""",""""Examples"""":[]},""""Internet or Network Activity"""":{""""Affected"""":""""No"""",""""Examples"""":[]},""""Geolocation Data"""":{""""Affected"""":""""No"""",""""Examples"""":[]},""""Sensory Data"""":{""""Affected"""":""""No"""",""""Examples"""":[]},""""Professional or Employment-Related Information"""":{""""Affected"""":""""No"""",""""Examples"""":[]},""""Education Information"""":{""""Affected"""":""""No"""",""""Examples"""":[]},""""Inferences Drawn from Personal Information"""":{""""Affected"""":""""No"""",""""Examples"""":[]},""""Sensitive Personal Information"""":{""""Affected"""":""""No"""",""""Examples"""":[]},""""Customer Records"""":{""""Affected"""":""""No"""",""""Examples"""":[]}}}",BSO,VERIFIED,EDGAR name: INTUIT INC,"NEAR-DUPLICATE CHAIN CH-20: 2 firm-day events collapsed [2019-02-21, 2019-02-22] (Gate 2 signed; record-count gaps not a distinctness signal)",0,,4.8208,8.1468,4.6963,8.3448,19.2305,28.9995,437096.33,717283.69,9.769,78975.0,INTU,window,1,8.5522,0.5454,0.2339,0.307,62,5,19.0,0,0,0.0,0,0,0,0,,2019-02-21,2019-03-12,1.755346,1.196826,-0.5585200000000001,2019.0,21,21,True,7372.0,73,79,19.0,62.0,Q1 (smallest),2019,-0.2202303133315986
896878,2019-03-21,Intuit Inc.,Intuit Inc.,2,HACK,False,24149,True,"The Montana Department of Justice reported a data breach involving Intuit on July 26, 2019. The breach occurred on March 21, 2019, and was discovered by Intuit on June 28, 2019, affecting 12 residents. The unauthorized access involved the compromise of personal tax information, including Social Security numbers and financial details.",2019-07-26 00:00:00,2019-06-28 00:00:00,"{""""Encryption Status"""":""""Unencrypted"""",""""Categories Affected"""":{""""Personal Identifiers"""":{""""Affected"""":""""Yes"""",""""Examples"""":[""""Name"""",""""Social Security number"""",""""Address(es)"""",""""Date of birth"""",""""Driver's license number""""]},""""Protected Classification Characteristics"""":{""""Affected"""":""""No"""",""""Examples"""":[]},""""Commercial Information"""":{""""Affected"""":""""No"""",""""Examples"""":[]},""""Biometric Information"""":{""""Affected"""":""""No"""",""""Examples"""":[]},""""Internet or Network Activity"""":{""""Affected"""":""""No"""",""""Examples"""":[]},""""Geolocation Data"""":{""""Affected"""":""""No"""",""""Examples"""":[]},""""Sensory Data"""":{""""Affected"""":""""No"""",""""Examples"""":[]},""""Professional or Employment-Related Information"""":{""""Affected"""":""""No"""",""""Examples"""":[]},""""Education Information"""":{""""Affected"""":""""No"""",""""Examples"""":[]},""""Inferences Drawn from Personal Information"""":{""""Affected"""":""""No"""",""""Examples"""":[]},""""Sensitive Personal Information"""":{""""Affected"""":""""Yes"""",""""Examples"""":[""""Social Security number"""",""""Driver's license number"""",""""Financial information (e.g., salary and deductions)""""]},""""Customer Records"""":{""""Affected"""":""""No"""",""""Examples"""":[]}}}",BSO,VERIFIED,EDGAR name: INTUIT INC,,0,,1.6577,-6.4911,1.6165,-6.8168,23.8337,19.0103,661440.94,367456.47,-4.8234,78975.0,INTU,window,1,8.5522,0.5454,0.2339,0.307,63,5,127.0,0,0,0.0,0,0,0,0,,2019-03-21,2019-07-26,1.046074,1.852742,0.8066680000000002,2019.0,21,21,True,7372.0,73,81,127.0,63.0,Q1 (smallest),2019,0.2632049404770209
896878,2019-03-26,"Intuit, Inc.","Intuit, Inc.",1,HACK,False,490,False,"The Massachusetts Office of Consumer Affairs and Business Regulation reported a data breach involving Intuit, Inc. on March 26, 2019. The breach affected 2 individuals and compromised electronic records that included Social Security Numbers (SSNs), account numbers, and driver's licenses.",2019-03-26 00:00:00,2019-03-26 00:00:00,"{""""Encryption Status"""":""""Unencrypted"""",""""Categories Affected"""":{""""Personal Identifiers"""":{""""Affected"""":""""Yes"""",""""Examples"""":[""""Social Security number"""",""""Account number"""",""""Driver's license number""""]},""""Protected Classification Characteristics"""":{""""Affected"""":""""No"""",""""Examples"""":[]},""""Commercial Information"""":{""""Affected"""":""""No"""",""""Examples"""":[]},""""Biometric Information"""":{""""Affected"""":""""No"""",""""Examples"""":[]},""""Internet or Network Activity"""":{""""Affected"""":""""No"""",""""Examples"""":[]},""""Geolocation Data"""":{""""Affected"""":""""No"""",""""Examples"""":[]},""""Sensory Data"""":{""""Affected"""":""""No"""",""""Examples"""":[]},""""Professional or Employment-Related Information"""":{""""Affected"""":""""No"""",""""Examples"""":[]},""""Education Information"""":{""""Affected"""":""""No"""",""""Examples"""":[]},""""Inferences Drawn from Personal Information"""":{""""Affected"""":""""No"""",""""Examples"""":[]},""""Sensitive Personal Information"""":{""""Affected"""":""""Yes"""",""""Examples"""":[""""Social Security number"""",""""Driver's license number""""]},""""Customer Records"""":{""""Affected"""":""""No"""",""""Examples"""":[]}}}",BSO,VERIFIED,EDGAR name: INTUIT INC,,0,,3.1402,-6.5002,3.2429,-6.7134,26.2435,15.5747,658527.64,383654.88,-10.6688,78975.0,INTU,window,1,8.5522,0.5454,0.2339,0.307,64,6,0.0,0,0,1.0,0,0,0,0,,2019-03-26,2019-03-26,1.633849,1.460236,-0.17361300000000002,2019.0,21,21,True,7372.0,73,83,0.0,64.0,Q1 (smallest),2019,-0.22113527478737272
896878,2019-04-07,Intuit Inc.,Intuit Inc.,1,HACK,False,15,False,"The Indiana Office of the Attorney General reported a data breach involving Intuit Inc. on April 16, 2019. The breach occurred on April 7, 2019, affecting a total of 15 individuals.",2019-04-16 00:00:00,2019-04-07 00:00:00,"{""""Encryption Status"""":""""Unencrypted"""",""""Categories Affected"""":{""""Personal Identifiers"""":{""""Affected"""":""""UNKN"""",""""Examples"""":[]},""""Protected Classification Characteristics"""":{""""Affected"""":""""UNKN"""",""""Examples"""":[]},""""Commercial Information"""":{""""Affected"""":""""UNKN"""",""""Examples"""":[]},""""Biometric Information"""":{""""Affected"""":""""UNKN"""",""""Examples"""":[]},""""Internet or Network Activity"""":{""""Affected"""":""""UNKN"""",""""Examples"""":[]},""""Geolocation Data"""":{""""Affected"""":""""UNKN"""",""""Examples"""":[]},""""Sensory Data"""":{""""Affected"""":""""UNKN"""",""""Examples"""":[]},""""Professional or Employment-Related Information"""":{""""Affected"""":""""UNKN"""",""""Examples"""":[]},""""Education Information"""":{""""Affected"""":""""UNKN"""",""""Examples"""":[]},""""Inferences Drawn from Personal Information"""":{""""Affected"""":""""UNKN"""",""""Examples"""":[]},""""Sensitive Personal Information"""":{""""Affected"""":""""UNKN"""",""""Examples"""":[]},""""Customer Records"""":{""""Affected"""":""""UNKN"""",""""Examples"""":[]}}}",BSO,VERIFIED,EDGAR name: INTUIT INC,,0,,-0.6121,-4.8884,-0.6108,-4.9636,18.3138,22.7298,489812.65,959048.23,4.416,78975.0,INTU,window,1,8.5522,0.5454,0.2339,0.307,65,7,9.0,0,0,0.0,0,0,0,0,,2019-04-07,2019-04-16,1.22965,1.691849,0.462199,2019.0,21,21,True,7372.0,73,84,9.0,65.0,Q1 (smallest),2019,0.08028318522889188
896878,2019-04-16,Intuit,Intuit,1,HACK,False,11,False,"The Massachusetts Office of Consumer Affairs and Business Regulation reported that Intuit experienced a data breach on April 16, 2019, affecting 11 residents. The breach involved compromised electronic records, specifically Social Security Numbers (SSN), account numbers, and driver's licenses.",2019-04-16 00:00:00,2019-04-16 00:00:00,"{""""Encryption Status"""":""""Unencrypted"""",""""Categories Affected"""":{""""Personal Identifiers"""":{""""Affected"""":""""Yes"""",""""Examples"""":[""""Social Security number"""",""""Account number"""",""""Driver's license number""""]},""""Protected Classification Characteristics"""":{""""Affected"""":""""No"""",""""Examples"""":[]},""""Commercial Information"""":{""""Affected"""":""""No"""",""""Examples"""":[]},""""Biometric Information"""":{""""Affected"""":""""No"""",""""Examples"""":[]},""""Internet or Network Activity"""":{""""Affected"""":""""No"""",""""Examples"""":[]},""""Geolocation Data"""":{""""Affected"""":""""No"""",""""Examples"""":[]},""""Sensory Data"""":{""""Affected"""":""""No"""",""""Examples"""":[]},""""Professional or Employment-Related Information"""":{""""Affected"""":""""No"""",""""Examples"""":[]},""""Education Information"""":{""""Affected"""":""""No"""",""""Examples"""":[]},""""Inferences Drawn from Personal Information"""":{""""Affected"""":""""No"""",""""Examples"""":[]},""""Sensitive Personal Information"""":{""""Affected"""":""""Yes"""",""""Examples"""":[""""Social Security number"""",""""Driver's license number""""]},""""Customer Records"""":{""""Affected"""":""""No"""",""""Examples"""":[]}}}",BSO,VERIFIED,EDGAR name: INTUIT INC,,0,,0.6253,-0.5144,0.6005,-0.9851,17.6852,27.1588,510358.53,940979.14,9.4736,78975.0,INTU,window,1,8.5522,0.5454,0.2339,0.307,66,8,0.0,0,0,1.0,0,0,0,0,,2019-04-16,2019-04-16,1.22965,1.691849,0.462199,2019.0,21,21,True,7372.0,73,85,0.0,66.0,Q1 (smallest),2019,0.08028318522889188
896878,2019-09-20,Intuit Inc,Intuit Inc,1,HACK,False,10,False,"The Indiana Office of the Attorney General reported a data breach involving Intuit Inc on February 21, 2020. The breach occurred on September 20, 2019, affecting a total of 10 individuals.",2020-02-21 00:00:00,2019-09-20 00:00:00,"{""""Encryption Status"""":""""Unencrypted"""",""""Categories Affected"""":{""""Personal Identifiers"""":{""""Affected"""":""""UNKN"""",""""Examples"""":[]},""""Protected Classification Characteristics"""":{""""Affected"""":""""UNKN"""",""""Examples"""":[]},""""Commercial Information"""":{""""Affected"""":""""UNKN"""",""""Examples"""":[]},""""Biometric Information"""":{""""Affected"""":""""UNKN"""",""""Examples"""":[]},""""Internet or Network Activity"""":{""""Affected"""":""""UNKN"""",""""Examples"""":[]},""""Geolocation Data"""":{""""Affected"""":""""UNKN"""",""""Examples"""":[]},""""Sensory Data"""":{""""Affected"""":""""UNKN"""",""""Examples"""":[]},""""Professional or Employment-Related Information"""":{""""Affected"""":""""UNKN"""",""""Examples"""":[]},""""Education Information"""":{""""Affected"""":""""UNKN"""",""""Examples"""":[]},""""Inferences Drawn from Personal Information"""":{""""Affected"""":""""UNKN"""",""""Examples"""":[]},""""Sensitive Personal Information"""":{""""Affected"""":""""UNKN"""",""""Examples"""":[]},""""Customer Records"""":{""""Affected"""":""""UNKN"""",""""Examples"""":[]}}}",BSO,VERIFIED,EDGAR name: INTUIT INC,,0,,-0.8637,-6.4801,-0.8877,-6.5491,26.3383,20.937,538768.25,234784.51,-5.4013,78975.0,INTU,window,1,8.7456,0.4033,0.2478,0.3066,67,6,154.0,0,0,0.0,0,0,0,0,,2019-09-20,2020-02-21,1.234696,7.662595,6.427899,2020.0,21,21,True,7372.0,73,86,154.0,67.0,Q2,2020,4.377654078496988
896878,2020-03-31,Intuit,Intuit,1,HACK,False,33,False,"The Massachusetts Office of Consumer Affairs and Business Regulation reported a data breach involving Intuit on March 31, 2020. Three residents were affected, with potentially compromised information including Social Security Numbers (SSN), account numbers, and driver's licenses.",2020-03-31 00:00:00,2020-03-31 00:00:00,"{""""Encryption Status"""":""""Unencrypted"""",""""Categories Affected"""":{""""Personal Identifiers"""":{""""Affected"""":""""Yes"""",""""Examples"""":[""""Social Security Number"""",""""Account Number"""",""""Driver's License Number""""]},""""Protected Classification Characteristics"""":{""""Affected"""":""""No"""",""""Examples"""":[]},""""Commercial Information"""":{""""Affected"""":""""No"""",""""Examples"""":[]},""""Biometric Information"""":{""""Affected"""":""""No"""",""""Examples"""":[]},""""Internet or Network Activity"""":{""""Affected"""":""""No"""",""""Examples"""":[]},""""Geolocation Data"""":{""""Affected"""":""""No"""",""""Examples"""":[]},""""Sensory Data"""":{""""Affected"""":""""No"""",""""Examples"""":[]},""""Professional or Employment-Related Information"""":{""""Affected"""":""""No"""",""""Examples"""":[]},""""Education Information"""":{""""Affected"""":""""No"""",""""Examples"""":[]},""""Inferences Drawn from Personal Information"""":{""""Affected"""":""""No"""",""""Examples"""":[]},""""Sensitive Personal Information"""":{""""Affected"""":""""Yes"""",""""Examples"""":[""""Social Security Number"""",""""Driver's License Number""""]},""""Customer Records"""":{""""Affected"""":""""No"""",""""Examples"""":[]}}}",BSO,VERIFIED,EDGAR name: INTUIT INC,,0,,-0.0066,8.3937,-0.4064,8.3679,108.1971,60.8325,686700.5,345159.46,-47.3646,78975.0,INTU,window,1,8.7456,0.4033,0.2478,0.3066,68,3,0.0,0,0,1.0,0,0,0,0,,2020-03-31,2020-03-31,7.354529,2.942067,-4.412462,2020.0,21,21,True,7372.0,73,87,0.0,68.0,Q2,2020,-1.4906002756690278
896878,2020-04-12,Intuit Inc.,Intuit Inc.,1,HACK,False,35,False,"The Maine Attorney General's Office reported a data breach involving Intuit Inc. on May 13, 2020, which occurred on April 12, 2020. The breach affected 1 individual, compromising their driver's license number and financial account information. Identity theft protection services were offered for 1 year through Experian IdentityWorks Service, which includes identity theft restoration and continuous credit monitoring.",2020-05-13 00:00:00,2020-04-12 00:00:00,"{""""Encryption Status"""":""""Unencrypted"""",""""Categories Affected"""":{""""Personal Identifiers"""":{""""Affected"""":""""Yes"""",""""Examples"""":[""""Driver's license number or non-driver identification card number""""]},""""Protected Classification Characteristics"""":{""""Affected"""":""""No"""",""""Examples"""":[]},""""Commercial Information"""":{""""Affected"""":""""No"""",""""Examples"""":[]},""""Biometric Information"""":{""""Affected"""":""""No"""",""""Examples"""":[]},""""Internet or Network Activity"""":{""""Affected"""":""""No"""",""""Examples"""":[]},""""Geolocation Data"""":{""""Affected"""":""""No"""",""""Examples"""":[]},""""Sensory Data"""":{""""Affected"""":""""No"""",""""Examples"""":[]},""""Professional or Employment-Related Information"""":{""""Affected"""":""""No"""",""""Examples"""":[]},""""Education Information"""":{""""Affected"""":""""No"""",""""Examples"""":[]},""""Inferences Drawn from Personal Information"""":{""""Affected"""":""""No"""",""""Examples"""":[]},""""Sensitive Personal Information"""":{""""Affected"""":""""Yes"""",""""Examples"""":[""""Driver's license number or non-driver identification card number"""",""""Financial account number or credit or debit card number in combination with the security code, access code, password, or PIN for the account""""]},""""Customer Records"""":{""""Affected"""":""""Yes"""",""""Examples"""":[""""Financial account number or credit or debit card number""""]}}}",BSO,VERIFIED,EDGAR name: INTUIT INC,,0,,3.7204,3.5103,3.7074,3.2739,112.9081,46.2682,675003.13,242542.24,-66.6399,78975.0,INTU,window,1,8.7456,0.4033,0.2478,0.3066,69,3,31.0,0,0,0.0,0,0,0,0,,2020-04-12,2020-05-13,2.942067,1.933078,-1.0089890000000001,2020.0,21,21,True,7372.0,73,88,31.0,69.0,Q2,2020,-1.6119991617842058
896878,2022-02-06,Intuit Inc,Intuit Inc,1,PHYS,False,36,False,"The Indiana Office of the Attorney General reported that Intuit Inc experienced a data breach on February 6, 2022, affecting a total of 1 individual. The breach was reported on April 14, 2022.",2022-04-14 00:00:00,2022-02-06 00:00:00,"{""""Encryption Status"""":""""UNKN"""",""""Categories Affected"""":{""""Personal Identifiers"""":{""""Affected"""":""""UNKN"""",""""Examples"""":[]},""""Protected Classification Characteristics"""":{""""Affected"""":""""UNKN"""",""""Examples"""":[]},""""Commercial Information"""":{""""Affected"""":""""UNKN"""",""""Examples"""":[]},""""Biometric Information"""":{""""Affected"""":""""UNKN"""",""""Examples"""":[]},""""Internet or Network Activity"""":{""""Affected"""":""""UNKN"""",""""Examples"""":[]},""""Geolocation Data"""":{""""Affected"""":""""UNKN"""",""""Examples"""":[]},""""Sensory Data"""":{""""Affected"""":""""UNKN"""",""""Examples"""":[]},""""Professional or Employment-Related Information"""":{""""Affected"""":""""UNKN"""",""""Examples"""":[]},""""Education Information"""":{""""Affected"""":""""UNKN"""",""""Examples"""":[]},""""Inferences Drawn from Personal Information"""":{""""Affected"""":""""UNKN"""",""""Examples"""":[]},""""Sensitive Personal Information"""":{""""Affected"""":""""UNKN"""",""""Examples"""":[]},""""Customer Records"""":{""""Affected"""":""""UNKN"""",""""Examples"""":[]}}}",BSO,VERIFIED,EDGAR name: INTUIT INC,,0,,-1.0675,-12.8883,-1.2654,-13.3583,35.3064,51.1722,605036.13,530701.76,15.8658,78975.0,INTU,window,1,9.6496,0.3639,0.1329,0.2995,70,0,67.0,0,0,0.0,0,0,0,1,107.0,2022-02-06,2022-04-14,2.738821,4.327514,1.5886929999999997,2022.0,21,21,True,7372.0,73,89,67.0,70.0,Q2,2022,0.78400850636694
896878,2022-04-15,Intuit Inc.,Intuit Inc.,1,PHYS,False,8480,False,"The Massachusetts Office of Consumer Affairs and Business Regulation reported a data breach involving Intuit Inc. on April 15, 2022. The breach affected 1 resident and involved the compromise of electronic records, specifically driver’s licenses.",2022-04-15 00:00:00,2022-04-15 00:00:00,"{""""Encryption Status"""":""""Unencrypted"""",""""Categories Affected"""":{""""Personal Identifiers"""":{""""Affected"""":""""Yes"""",""""Examples"""":[""""DriversLicenses""""]},""""Protected Classification Characteristics"""":{""""Affected"""":""""No"""",""""Examples"""":[]},""""Commercial Information"""":{""""Affected"""":""""No"""",""""Examples"""":[]},""""Biometric Information"""":{""""Affected"""":""""No"""",""""Examples"""":[]},""""Internet or Network Activity"""":{""""Affected"""":""""No"""",""""Examples"""":[]},""""Geolocation Data"""":{""""Affected"""":""""No"""",""""Examples"""":[]},""""Sensory Data"""":{""""Affected"""":""""No"""",""""Examples"""":[]},""""Professional or Employment-Related Information"""":{""""Affected"""":""""No"""",""""Examples"""":[]},""""Education Information"""":{""""Affected"""":""""No"""",""""Examples"""":[]},""""Inferences Drawn from Personal Information"""":{""""Affected"""":""""No"""",""""Examples"""":[]},""""Sensitive Personal Information"""":{""""Affected"""":""""Yes"""",""""Examples"""":[""""Driver's license number""""]},""""Customer Records"""":{""""Affected"""":""""No"""",""""Examples"""":[]}}}",BSO,VERIFIED,EDGAR name: INTUIT INC,,0,,-1.5335,-1.5753,-1.6254,-3.3413,46.1176,66.5768,451625.89,629782.22,20.4592,78975.0,INTU,window,1,9.6496,0.3639,0.1329,0.2995,71,1,0.0,0,0,1.0,0,0,1,1,39.0,2022-04-15,2022-04-15,2.738821,4.327514,1.5886929999999997,2022.0,21,21,True,7372.0,73,90,0.0,71.0,Q2,2022,0.78400850636694
896878,2023-01-01,Intuit Inc.,Intuit Inc.,1,HACK,False,12,False,"On September 15, 2023, the Maine Office of the Attorney General reported that Intuit Inc. experienced an account takeover (ATO) incident affecting one individual. The breach occurred between January 2, 2023, and July 26, 2023, resulting in unauthorized access to a TurboTax account, potentially exposing personal information, including driver's license numbers.",2023-09-15 00:00:00,2023-07-26 00:00:00,"{""""Encryption Status"""":""""Unencrypted"""",""""Categories Affected"""":{""""Personal Identifiers"""":{""""Affected"""":""""Yes"""",""""Examples"""":[""""Name"""",""""Social Security number"""",""""Address(es)"""",""""Date of birth"""",""""Driver's license number""""]},""""Protected Classification Characteristics"""":{""""Affected"""":""""No"""",""""Examples"""":[]},""""Commercial Information"""":{""""Affected"""":""""No"""",""""Examples"""":[]},""""Biometric Information"""":{""""Affected"""":""""No"""",""""Examples"""":[]},""""Internet or Network Activity"""":{""""Affected"""":""""No"""",""""Examples"""":[]},""""Geolocation Data"""":{""""Affected"""":""""No"""",""""Examples"""":[]},""""Sensory Data"""":{""""Affected"""":""""No"""",""""Examples"""":[]},""""Professional or Employment-Related Information"""":{""""Affected"""":""""No"""",""""Examples"""":[]},""""Education Information"""":{""""Affected"""":""""No"""",""""Examples"""":[]},""""Inferences Drawn from Personal Information"""":{""""Affected"""":""""No"""",""""Examples"""":[]},""""Sensitive Personal Information"""":{""""Affected"""":""""Yes"""",""""Examples"""":[""""Social Security number"""",""""Driver's license number"""",""""Financial information (e.g., salary and deductions)""""]},""""Customer Records"""":{""""Affected"""":""""No"""",""""Examples"""":[]}}}",BSO,VERIFIED,EDGAR name: INTUIT INC,,0,,-0.058,0.7101,-0.1836,-0.0578,45.796,35.7888,921841.52,303279.29,-10.0072,78975.0,INTU,window,1,10.2304,0.4072,0.0745,0.2771,72,2,257.0,0,0,0.0,0,0,1,1,53.0,2023-01-01,2023-09-15,1.476174,1.494948,0.018773999999999846,2023.0,21,21,True,7372.0,73,91,257.0,72.0,Q2,2023,-0.033235470714380044
896878,2023-06-04,Intuit Inc,Intuit Inc,1,HACK,False,134,False,"The Indiana Office of the Attorney General reported a data breach involving Intuit Inc on March 15, 2024. The breach occurred on June 4, 2023, affecting a total of 4 individuals.",2024-03-15 00:00:00,2023-06-04 00:00:00,"{""""Encryption Status"""":""""UNKN"""",""""Categories Affected"""":{""""Personal Identifiers"""":{""""Affected"""":""""UNKN"""",""""Examples"""":[]},""""Protected Classification Characteristics"""":{""""Affected"""":""""UNKN"""",""""Examples"""":[]},""""Commercial Information"""":{""""Affected"""":""""UNKN"""",""""Examples"""":[]},""""Biometric Information"""":{""""Affected"""":""""UNKN"""",""""Examples"""":[]},""""Internet or Network Activity"""":{""""Affected"""":""""UNKN"""",""""Examples"""":[]},""""Geolocation Data"""":{""""Affected"""":""""UNKN"""",""""Examples"""":[]},""""Sensory Data"""":{""""Affected"""":""""UNKN"""",""""Examples"""":[]},""""Professional or Employment-Related Information"""":{""""Affected"""":""""UNKN"""",""""Examples"""":[]},""""Education Information"""":{""""Affected"""":""""UNKN"""",""""Examples"""":[]},""""Inferences Drawn from Personal Information"""":{""""Affected"""":""""UNKN"""",""""Examples"""":[]},""""Sensitive Personal Information"""":{""""Affected"""":""""UNKN"""",""""Examples"""":[]},""""Customer Records"""":{""""Affected"""":""""UNKN"""",""""Examples"""":[]}}}",BSO,VERIFIED,EDGAR name: INTUIT INC,,0,,2.4458,8.9628,2.2075,9.5101,40.1592,30.2376,1405137.26,425692.03,-9.9216,78975.0,INTU,window,1,10.2304,0.4072,0.0745,0.2771,73,1,285.0,0,0,0.0,0,0,1,1,71.0,2023-06-04,2024-03-15,1.756125,1.172627,-0.5834979999999999,2024.0,21,21,True,7372.0,73,92,285.0,73.0,Q2,2024,0.0044233797237756
896878,2023-12-01,Intuit Inc.,Intuit Inc.,1,HACK,False,294,False,"On March 15, 2024, the Maine Office of the Attorney General reported a data breach involving Intuit Inc. The breach, which occurred between December 23, 2023, and February 21, 2024, involved unauthorized access to a TurboTax account, potentially compromising the individual's Social Security number. Affected individuals were provided with a 12-month membership to Experian IdentityWorks for identity theft protection.",2024-03-15 00:00:00,2024-02-21 00:00:00,"{""""Encryption Status"""":""""Unencrypted"""",""""Categories Affected"""":{""""Personal Identifiers"""":{""""Affected"""":""""Yes"""",""""Examples"""":[""""Name"""",""""Social Security number"""",""""Address(es)"""",""""Date of birth"""",""""Driver's license number""""]},""""Protected Classification Characteristics"""":{""""Affected"""":""""No"""",""""Examples"""":[]},""""Commercial Information"""":{""""Affected"""":""""No"""",""""Examples"""":[]},""""Biometric Information"""":{""""Affected"""":""""No"""",""""Examples"""":[]},""""Internet or Network Activity"""":{""""Affected"""":""""No"""",""""Examples"""":[]},""""Geolocation Data"""":{""""Affected"""":""""No"""",""""Examples"""":[]},""""Sensory Data"""":{""""Affected"""":""""No"""",""""Examples"""":[]},""""Professional or Employment-Related Information"""":{""""Affected"""":""""No"""",""""Examples"""":[]},""""Education Information"""":{""""Affected"""":""""No"""",""""Examples"""":[]},""""Inferences Drawn from Personal Information"""":{""""Affected"""":""""No"""",""""Examples"""":[]},""""Sensitive Personal Information"""":{""""Affected"""":""""Yes"""",""""Examples"""":[""""Social Security number"""",""""Driver's license number""""]},""""Customer Records"""":{""""Affected"""":""""Yes"""",""""Examples"""":[""""Financial information (e.g., salary and deductions)""""]}}}",BSO,VERIFIED,EDGAR name: INTUIT INC,,0,,-0.6509,1.3426,-0.6602,1.2205,26.4513,16.9399,471222.17,671251.02,-9.5114,78975.0,INTU,window,1,10.2321,0.3784,0.0858,0.275,74,2,105.0,0,0,0.0,0,0,0,1,153.0,2023-12-01,2024-03-15,1.756125,1.172627,-0.5834979999999999,2024.0,21,21,True,7372.0,73,93,105.0,74.0,Q3,2024,0.0044233797237756
896878,2024-01-29,Intuit Inc.,Intuit Inc.,1,HACK,False,829,False,"On November 8, 2024, the New Hampshire Department of Justice reported a potential data breach involving Intuit Inc., which may have affected one New Hampshire customer account through unauthorized access. The unauthorized access was believed to have occurred between January 29, 2024, and February 20, 2024, using legitimate log-in credentials obtained from non-Intuit sources. Intuit has notified the affected customer and offered one year of free identity protection and credit monitoring services.",2024-11-08 00:00:00,2024-02-20 00:00:00,"{""""Encryption Status"""":""""Unencrypted"""",""""Categories Affected"""":{""""Personal Identifiers"""":{""""Affected"""":""""Yes"""",""""Examples"""":[""""Username"""",""""Password"""",""""Information contained in a prior year’s tax return"""",""""Information contained in current tax return in progress""""]},""""Protected Classification Characteristics"""":{""""Affected"""":""""No"""",""""Examples"""":[]},""""Commercial Information"""":{""""Affected"""":""""No"""",""""Examples"""":[]},""""Biometric Information"""":{""""Affected"""":""""No"""",""""Examples"""":[]},""""Internet or Network Activity"""":{""""Affected"""":""""No"""",""""Examples"""":[]},""""Geolocation Data"""":{""""Affected"""":""""No"""",""""Examples"""":[]},""""Sensory Data"""":{""""Affected"""":""""No"""",""""Examples"""":[]},""""Professional or Employment-Related Information"""":{""""Affected"""":""""No"""",""""Examples"""":[]},""""Education Information"""":{""""Affected"""":""""No"""",""""Examples"""":[]},""""Inferences Drawn from Personal Information"""":{""""Affected"""":""""No"""",""""Examples"""":[]},""""Sensitive Personal Information"""":{""""Affected"""":""""No"""",""""Examples"""":[]},""""Customer Records"""":{""""Affected"""":""""No"""",""""Examples"""":[]}}}",BSO,VERIFIED,EDGAR name: INTUIT INC,,0,,-0.6831,-2.0288,-0.7146,-2.4269,19.3518,25.1063,321994.05,296335.63,5.7545,78975.0,INTU,window,1,10.2321,0.3784,0.0858,0.275,75,2,284.0,0,0,0.0,0,0,0,1,94.0,2024-01-29,2024-11-08,1.088207,2.463686,1.3754790000000001,2024.0,21,21,True,7372.0,73,94,284.0,75.0,Q3,2024,0.08286620245559462
908937,2012-03-19,Sirius XM Radio Inc.,Sirius XM Radio Inc.,1,INSD,False,7,False,"The New Hampshire Attorney General's Office reported a data breach involving Sirius XM Radio Inc. on April 6, 2012. The breach, which occurred on March 19, 2012, involved unauthorized recording of credit card information by three employees of a contractor, affecting 234 individuals, including one New Hampshire resident.",2012-04-06 00:00:00,2012-03-19 00:00:00,"{""""Encryption Status"""":""""Unencrypted"""",""""Categories Affected"""":{""""Personal Identifiers"""":{""""Affected"""":""""Yes"""",""""Examples"""":[""""Name""""]},""""Protected Classification Characteristics"""":{""""Affected"""":""""No"""",""""Examples"""":[]},""""Commercial Information"""":{""""Affected"""":""""No"""",""""Examples"""":[]},""""Biometric Information"""":{""""Affected"""":""""No"""",""""Examples"""":[]},""""Internet or Network Activity"""":{""""Affected"""":""""No"""",""""Examples"""":[]},""""Geolocation Data"""":{""""Affected"""":""""No"""",""""Examples"""":[]},""""Sensory Data"""":{""""Affected"""":""""No"""",""""Examples"""":[]},""""Professional or Employment-Related Information"""":{""""Affected"""":""""No"""",""""Examples"""":[]},""""Education Information"""":{""""Affected"""":""""No"""",""""Examples"""":[]},""""Inferences Drawn from Personal Information"""":{""""Affected"""":""""No"""",""""Examples"""":[]},""""Sensitive Personal Information"""":{""""Affected"""":""""Yes"""",""""Examples"""":[""""Credit card information""""]},""""Customer Records"""":{""""Affected"""":""""No"""",""""Examples"""":[]}}}",BSO,VERIFIED-GATE1,Gate1-A (SIRI continuous registrant),,0,,-1.531,-0.6696,-1.5227,-1.2085,29.1583,35.0752,28643950.08,35499350.2,5.9169,80924.0,SIRI,window,1,8.9221,0.9061,0.057,0.3131,0,0,18.0,0,0,0.0,0,0,0,0,,2012-03-19,2012-04-06,1.457278,1.843427,0.38614899999999985,2012.0,21,21,True,4832.0,48,0,18.0,0.0,Q2,2012,0.10053503828849442
908937,2012-04-12,Sirius XM Satellite Radio,Sirius XM Satellite Radio,1,HACK,False,1528,False,"On April 12, 2012, the Massachusetts Office of Consumer Affairs and Business Regulation reported a data breach involving Sirius XM Satellite Radio, affecting 2 residents. The breach compromised electronic records, specifically Credit/Debit Numbers.",2012-04-12 00:00:00,2012-04-12 00:00:00,"{""""Encryption Status"""":""""Unencrypted"""",""""Categories Affected"""":{""""Personal Identifiers"""":{""""Affected"""":""""No"""",""""Examples"""":[]},""""Protected Classification Characteristics"""":{""""Affected"""":""""No"""",""""Examples"""":[]},""""Commercial Information"""":{""""Affected"""":""""No"""",""""Examples"""":[]},""""Biometric Information"""":{""""Affected"""":""""No"""",""""Examples"""":[]},""""Internet or Network Activity"""":{""""Affected"""":""""No"""",""""Examples"""":[]},""""Geolocation Data"""":{""""Affected"""":""""No"""",""""Examples"""":[]},""""Sensory Data"""":{""""Affected"""":""""No"""",""""Examples"""":[]},""""Professional or Employment-Related Information"""":{""""Affected"""":""""No"""",""""Examples"""":[]},""""Education Information"""":{""""Affected"""":""""No"""",""""Examples"""":[]},""""Inferences Drawn from Personal Information"""":{""""Affected"""":""""No"""",""""Examples"""":[]},""""Sensitive Personal Information"""":{""""Affected"""":""""Yes"""",""""Examples"""":[""""Credit card numbers"""",""""Debit card numbers""""]},""""Customer Records"""":{""""Affected"""":""""Yes"""",""""Examples"""":[""""Credit card numbers"""",""""Debit card numbers""""]}}}",BSO,VERIFIED-GATE1,Gate1-A (SIRI continuous registrant),,0,,-1.3862,-7.7983,-1.4738,-7.9424,32.0866,28.5918,32827097.33,37000821.54,-3.4948,80924.0,SIRI,window,1,8.9221,0.9061,0.057,0.3131,1,1,0.0,0,0,1.0,0,0,0,0,,2012-04-12,2012-04-12,1.810247,2.291556,0.481309,2012.0,21,21,True,4832.0,48,1,0.0,1.0,Q2,2012,0.07683009096176674
908937,2016-02-01,Sirius XM Radio Inc.,Sirius XM Radio Inc.,2,HACK,False,76,True,"On March 17, 2016, the New Hampshire Department of Justice received a notice from Sirius XM Radio Inc. regarding a security breach affecting one New Hampshire resident. The breach involved unauthorized access to the customer's online account credentials, potentially exposing their account number, street address, email address, nickname of the radio, and method of payment, but not payment card or bank account data. A total of 165 individuals were affected.",2016-03-17 00:00:00,2016-02-01 00:00:00,"{""""Encryption Status"""":""""Unencrypted"""",""""Categories Affected"""":{""""Personal Identifiers"""":{""""Affected"""":""""Yes"""",""""Examples"""":[""""Sirius XM customer account number"""",""""Street address"""",""""Email address"""",""""Nickname of the customer's radio"""",""""User name"""",""""Password""""]},""""Protected Classification Characteristics"""":{""""Affected"""":""""No"""",""""Examples"""":[]},""""Commercial Information"""":{""""Affected"""":""""Yes"""",""""Examples"""":[""""Method of payment for SiriusXM services (credit card or check)""""]},""""Biometric Information"""":{""""Affected"""":""""No"""",""""Examples"""":[]},""""Internet or Network Activity"""":{""""Affected"""":""""No"""",""""Examples"""":[]},""""Geolocation Data"""":{""""Affected"""":""""No"""",""""Examples"""":[]},""""Sensory Data"""":{""""Affected"""":""""No"""",""""Examples"""":[]},""""Professional or Employment-Related Information"""":{""""Affected"""":""""No"""",""""Examples"""":[]},""""Education Information"""":{""""Affected"""":""""No"""",""""Examples"""":[]},""""Inferences Drawn from Personal Information"""":{""""Affected"""":""""No"""",""""Examples"""":[]},""""Sensitive Personal Information"""":{""""Affected"""":""""No"""",""""Examples"""":[]},""""Customer Records"""":{""""Affected"""":""""No"""",""""Examples"""":[]}}}",BSO,VERIFIED-GATE1,Gate1-A (SIRI continuous registrant),,0,,-4.7278,1.126,-4.4891,0.9811,23.4533,28.0894,9948598.61,8680228.26,4.6361,80924.0,SIRI,window,1,8.993,1.0207,0.0633,0.343,2,0,45.0,0,0,0.0,0,1,1,1,21.0,2016-02-01,2016-03-17,1.337945,1.144166,-0.19377899999999992,2016.0,21,21,True,4832.0,48,2,45.0,2.0,Q2,2016,-0.22267319136043207
908937,2016-04-05,Sirius XM Radio Inc.,Sirius XM Radio Inc.,1,HACK,False,3,False,"The Massachusetts Office of Consumer Affairs and Business Regulation reported a data breach involving Sirius XM Radio Inc. on April 5, 2016. The breach affected 2 residents, compromising electronic records that included credit and debit numbers.",2016-04-05 00:00:00,2016-04-05 00:00:00,"{""""Encryption Status"""":""""Unencrypted"""",""""Categories Affected"""":{""""Personal Identifiers"""":{""""Affected"""":""""No"""",""""Examples"""":[]},""""Protected Classification Characteristics"""":{""""Affected"""":""""No"""",""""Examples"""":[]},""""Commercial Information"""":{""""Affected"""":""""No"""",""""Examples"""":[]},""""Biometric Information"""":{""""Affected"""":""""No"""",""""Examples"""":[]},""""Internet or Network Activity"""":{""""Affected"""":""""No"""",""""Examples"""":[]},""""Geolocation Data"""":{""""Affected"""":""""No"""",""""Examples"""":[]},""""Sensory Data"""":{""""Affected"""":""""No"""",""""Examples"""":[]},""""Professional or Employment-Related Information"""":{""""Affected"""":""""No"""",""""Examples"""":[]},""""Education Information"""":{""""Affected"""":""""No"""",""""Examples"""":[]},""""Inferences Drawn from Personal Information"""":{""""Affected"""":""""No"""",""""Examples"""":[]},""""Sensitive Personal Information"""":{""""Affected"""":""""Yes"""",""""Examples"""":[""""CreditDebitNumbers""""]},""""Customer Records"""":{""""Affected"""":""""No"""",""""Examples"""":[]}}}",BSO,VERIFIED-GATE1,Gate1-A (SIRI continuous registrant),,0,,-1.1948,-0.1881,-1.2317,-0.2853,16.6936,18.1194,11270405.78,15478321.98,1.4258,80924.0,SIRI,window,1,8.993,1.0207,0.0633,0.343,3,1,0.0,0,0,1.0,0,0,0,0,,2016-04-05,2016-04-05,1.002018,0.987755,-0.014263000000000026,2016.0,21,21,True,4832.0,48,4,0.0,3.0,Q2,2016,-0.060821936679915645
908937,2016-08-20,Sirius XM Radio Inc.,Sirius XM Radio Inc.,1,HACK,False,3,False,"The Indiana Office of the Attorney General reported a data breach involving SiriusXM Radio Inc on September 14, 2016. The breach occurred on August 20, 2016, affecting a total of 37 individuals, of which 3 were residents of Indiana.",2016-09-14 00:00:00,2016-08-20 00:00:00,"{""""Encryption Status"""":""""UNKN"""",""""Categories Affected"""":{""""Personal Identifiers"""":{""""Affected"""":""""UNKN"""",""""Examples"""":[]},""""Protected Classification Characteristics"""":{""""Affected"""":""""UNKN"""",""""Examples"""":[]},""""Commercial Information"""":{""""Affected"""":""""UNKN"""",""""Examples"""":[]},""""Biometric Information"""":{""""Affected"""":""""UNKN"""",""""Examples"""":[]},""""Internet or Network Activity"""":{""""Affected"""":""""UNKN"""",""""Examples"""":[]},""""Geolocation Data"""":{""""Affected"""":""""UNKN"""",""""Examples"""":[]},""""Sensory Data"""":{""""Affected"""":""""UNKN"""",""""Examples"""":[]},""""Professional or Employment-Related Information"""":{""""Affected"""":""""UNKN"""",""""Examples"""":[]},""""Education Information"""":{""""Affected"""":""""UNKN"""",""""Examples"""":[]},""""Inferences Drawn from Personal Information"""":{""""Affected"""":""""UNKN"""",""""Examples"""":[]},""""Sensitive Personal Information"""":{""""Affected"""":""""UNKN"""",""""Examples"""":[]},""""Customer Records"""":{""""Affected"""":""""UNKN"""",""""Examples"""":[]}}}",BSO,VERIFIED-GATE1,Gate1-A (SIRI continuous registrant),,0,,0.0885,0.6979,0.0804,0.6875,19.8403,14.7996,22322874.9,7740929.52,-5.0407,80924.0,SIRI,window,1,8.993,1.0207,0.0633,0.343,4,2,25.0,0,0,0.0,0,0,0,0,,2016-08-20,2016-09-14,0.630113,0.59177,-0.038343000000000016,2016.0,21,21,True,4832.0,48,5,25.0,4.0,Q2,2016,-0.013183871561375127
908937,2016-09-26,Sirius XM Radio Inc,Sirius XM Radio Inc,1,HACK,False,251,False,"The Indiana Office of the Attorney General reported that SiriusXM Radio Inc experienced a data breach on September 26, 2016, affecting a total of 251 individuals, including 6 residents of Indiana. The breach was reported on October 3, 2016.",2016-10-03 00:00:00,2016-09-26 00:00:00,"{""""Encryption Status"""":""""Unencrypted"""",""""Categories Affected"""":{""""Personal Identifiers"""":{""""Affected"""":""""UNKN"""",""""Examples"""":[]},""""Protected Classification Characteristics"""":{""""Affected"""":""""UNKN"""",""""Examples"""":[]},""""Commercial Information"""":{""""Affected"""":""""UNKN"""",""""Examples"""":[]},""""Biometric Information"""":{""""Affected"""":""""UNKN"""",""""Examples"""":[]},""""Internet or Network Activity"""":{""""Affected"""":""""UNKN"""",""""Examples"""":[]},""""Geolocation Data"""":{""""Affected"""":""""UNKN"""",""""Examples"""":[]},""""Sensory Data"""":{""""Affected"""":""""UNKN"""",""""Examples"""":[]},""""Professional or Employment-Related Information"""":{""""Affected"""":""""UNKN"""",""""Examples"""":[]},""""Education Information"""":{""""Affected"""":""""UNKN"""",""""Examples"""":[]},""""Inferences Drawn from Personal Information"""":{""""Affected"""":""""UNKN"""",""""Examples"""":[]},""""Sensitive Personal Information"""":{""""Affected"""":""""UNKN"""",""""Examples"""":[]},""""Customer Records"""":{""""Affected"""":""""UNKN"""",""""Examples"""":[]}}}",BSO,VERIFIED-GATE1,Gate1-A (SIRI continuous registrant),,0,,-0.2639,2.4037,-0.2574,2.3299,14.1419,9.2757,8255983.43,9697940.25,-4.8662,80924.0,SIRI,window,1,8.993,1.0207,0.0633,0.343,5,3,7.0,0,0,1.0,0,0,0,0,,2016-09-26,2016-10-03,0.931982,1.046936,0.11495400000000011,2016.0,21,21,True,4832.0,48,6,7.0,5.0,Q2,2016,-0.003701609851969323
908937,2016-10-04,"Sirius XM Radio, Inc.","Sirius XM Radio, Inc.",1,HACK,False,9,False,"On October 4, 2016, the Massachusetts Office of Consumer Affairs and Business Regulation reported a data breach involving Sirius XM Radio, Inc. This incident affected 9 residents and compromised electronic records specifically containing account numbers.",2016-10-04 00:00:00,2016-10-04 00:00:00,"{""""Encryption Status"""":""""Unencrypted"""",""""Categories Affected"""":{""""Personal Identifiers"""":{""""Affected"""":""""No"""",""""Examples"""":[]},""""Protected Classification Characteristics"""":{""""Affected"""":""""No"""",""""Examples"""":[]},""""Commercial Information"""":{""""Affected"""":""""No"""",""""Examples"""":[]},""""Biometric Information"""":{""""Affected"""":""""No"""",""""Examples"""":[]},""""Internet or Network Activity"""":{""""Affected"""":""""No"""",""""Examples"""":[]},""""Geolocation Data"""":{""""Affected"""":""""No"""",""""Examples"""":[]},""""Sensory Data"""":{""""Affected"""":""""No"""",""""Examples"""":[]},""""Professional or Employment-Related Information"""":{""""Affected"""":""""No"""",""""Examples"""":[]},""""Education Information"""":{""""Affected"""":""""No"""",""""Examples"""":[]},""""Inferences Drawn from Personal Information"""":{""""Affected"""":""""No"""",""""Examples"""":[]},""""Sensitive Personal Information"""":{""""Affected"""":""""No"""",""""Examples"""":[]},""""Customer Records"""":{""""Affected"""":""""Yes"""",""""Examples"""":[""""AccountNumber""""]}}}",BSO,VERIFIED-GATE1,Gate1-A (SIRI continuous registrant),,0,,-1.4218,8.2066,-1.3935,8.4997,13.2643,14.2853,10399151.7,17779069.96,1.021,80924.0,SIRI,window,1,8.993,1.0207,0.0633,0.343,6,4,0.0,0,0,1.0,0,0,0,0,,2016-10-04,2016-10-04,0.930981,1.067395,0.13641400000000015,2016.0,21,21,True,4832.0,48,7,0.0,6.0,Q2,2016,0.013922885940236718
908937,2016-10-31,Sirius XM Radio Inc.,Sirius XM Radio Inc | Sirius XM Radio Inc.,4,HACK,False,352,True,"The New Hampshire Department of Justice reported that Sirius XM Radio Inc. experienced a data breach affecting two New Hampshire residents on November 10, 2016. The breach, discovered on October 31, 2016, involved unauthorized access to customer account information but did not compromise payment card or bank account data. A total of 352 individuals' names may have been accessed, and affected residents were notified by November 11, 2016.",2016-11-10 00:00:00,2016-10-31 00:00:00,"{
  """"Encryption Status"""": """"Unencrypted"""",
  """"Categories Affected"""": {
    """"Personal Identifiers"""": {
      """"Affected"""": """"Yes"""",
      """"Examples"""": [""""Customer account number"""", """"Street address"""", """"Email address"""", """"Nickname of radio""""]
    },
    """"Protected Classification Characteristics"""": {
      """"Affected"""": """"No"""",
      """"Examples"""": []
    },
    """"Commercial Information"""": {
      """"Affected"""": """"Yes"""",
      """"Examples"""": [""""Method of payment for services (credit card or check)""""]
    },
    """"Biometric Information"""": {
      """"Affected"""": """"No"""",
      """"Examples"""": []
    },
    """"Internet or Network Activity"""": {
      """"Affected"""": """"No"""",
      """"Examples"""": []
    },
    """"Geolocation Data"""": {
      """"Affected"""": """"No"""",
      """"Examples"""": []
    },
    """"Sensory Data"""": {
      """"Affected"""": """"No"""",
      """"Examples"""": []
    },
    """"Professional or Employment-Related Information"""": {
      """"Affected"""": """"No"""",
      """"Examples"""": []
    },
    """"Education Information"""": {
      """"Affected"""": """"No"""",
      """"Examples"""": []
    },
    """"Inferences Drawn from Personal Information"""": {
      """"Affected"""": """"No"""",
      """"Examples"""": []
    },
    """"Sensitive Personal Information"""": {
      """"Affected"""": """"No"""",
      """"Examples"""": []
    },
    """"Customer Records"""": {
      """"Affected"""": """"No"""",
      """"Examples"""": []
    }
  }
}",BSO,VERIFIED-GATE1,Gate1-A (SIRI continuous registrant),,0,,2.6217,3.3302,2.6532,3.2549,13.1908,18.1875,16777412.76,18779105.49,4.9967,80924.0,SIRI,window,1,8.993,1.0207,0.0633,0.343,7,5,10.0,0,0,0.0,0,0,0,0,,2016-10-31,2016-11-10,0.944744,1.715137,0.7703929999999999,2016.0,21,21,True,4832.0,48,8,10.0,7.0,Q2,2016,0.37545113171736544
908937,2016-11-15,Sirius XM Radio Inc.,Sirius XM Radio Inc.,1,HACK,False,3,False,"The Massachusetts Office of Consumer Affairs and Business Regulation reported a data breach involving Sirius XM Radio Inc. on November 15, 2016. The breach affected 3 residents, with electronic records specifically including account numbers being compromised.",2016-11-15 00:00:00,2016-11-15 00:00:00,"{""""Encryption Status"""":""""Unencrypted"""",""""Categories Affected"""":{""""Personal Identifiers"""":{""""Affected"""":""""No"""",""""Examples"""":[]},""""Protected Classification Characteristics"""":{""""Affected"""":""""No"""",""""Examples"""":[]},""""Commercial Information"""":{""""Affected"""":""""No"""",""""Examples"""":[]},""""Biometric Information"""":{""""Affected"""":""""No"""",""""Examples"""":[]},""""Internet or Network Activity"""":{""""Affected"""":""""No"""",""""Examples"""":[]},""""Geolocation Data"""":{""""Affected"""":""""No"""",""""Examples"""":[]},""""Sensory Data"""":{""""Affected"""":""""No"""",""""Examples"""":[]},""""Professional or Employment-Related Information"""":{""""Affected"""":""""No"""",""""Examples"""":[]},""""Education Information"""":{""""Affected"""":""""No"""",""""Examples"""":[]},""""Inferences Drawn from Personal Information"""":{""""Affected"""":""""No"""",""""Examples"""":[]},""""Sensitive Personal Information"""":{""""Affected"""":""""No"""",""""Examples"""":[]},""""Customer Records"""":{""""Affected"""":""""Yes"""",""""Examples"""":[""""Account number""""]}}}",BSO,VERIFIED-GATE1,Gate1-A (SIRI continuous registrant),,0,,0.7494,-4.0301,0.73,-4.4048,17.1039,27.4804,17271572.21,19255746.09,10.3765,80924.0,SIRI,window,1,8.993,1.0207,0.0633,0.343,8,6,0.0,0,0,1.0,0,0,0,0,,2016-11-15,2016-11-15,1.067395,1.686232,0.6188369999999999,2016.0,21,21,True,4832.0,48,12,0.0,8.0,Q2,2016,0.27321203899994284
908937,2016-12-04,Sirius XM Radio Inc,Sirius XM Radio Inc,1,HACK,False,5,False,"The Indiana Office of the Attorney General reported a data breach involving Sirius XM Radio Inc. on December 16, 2016. The breach occurred on December 4, 2016, affecting a total of 171 individuals, of which 5 are residents of Indiana.",2016-12-16 00:00:00,2016-12-04 00:00:00,"{""""Encryption Status"""":""""UNKN"""",""""Categories Affected"""":{""""Personal Identifiers"""":{""""Affected"""":""""UNKN"""",""""Examples"""":[]},""""Protected Classification Characteristics"""":{""""Affected"""":""""UNKN"""",""""Examples"""":[]},""""Commercial Information"""":{""""Affected"""":""""UNKN"""",""""Examples"""":[]},""""Biometric Information"""":{""""Affected"""":""""UNKN"""",""""Examples"""":[]},""""Internet or Network Activity"""":{""""Affected"""":""""UNKN"""",""""Examples"""":[]},""""Geolocation Data"""":{""""Affected"""":""""UNKN"""",""""Examples"""":[]},""""Sensory Data"""":{""""Affected"""":""""UNKN"""",""""Examples"""":[]},""""Professional or Employment-Related Information"""":{""""Affected"""":""""UNKN"""",""""Examples"""":[]},""""Education Information"""":{""""Affected"""":""""UNKN"""",""""Examples"""":[]},""""Inferences Drawn from Personal Information"""":{""""Affected"""":""""UNKN"""",""""Examples"""":[]},""""Sensitive Personal Information"""":{""""Affected"""":""""UNKN"""",""""Examples"""":[]},""""Customer Records"""":{""""Affected"""":""""UNKN"""",""""Examples"""":[]}}}",BSO,VERIFIED-GATE1,Gate1-A (SIRI continuous registrant),,0,,0.5263,3.1785,0.4933,3.1958,26.4539,15.5956,23976981.71,9266924.31,-10.8583,80924.0,SIRI,window,1,8.993,1.0207,0.0633,0.343,9,7,12.0,0,0,0.0,0,0,0,0,,2016-12-04,2016-12-16,1.793937,0.964905,-0.8290319999999999,2016.0,21,21,True,4832.0,48,13,12.0,9.0,Q2,2016,-0.33337432384030286
908937,2016-12-19,"Sirius XM Radio, Inc.","Sirius XM Radio, Inc.",1,HACK,False,381,False,"The Massachusetts Office of Consumer Affairs and Business Regulation reported on December 19, 2016, that Sirius XM Radio, Inc. experienced a data breach affecting 5 individuals. The breach compromised electronic records, specifically account numbers.",2016-12-19 00:00:00,2016-12-19 00:00:00,"{""""Encryption Status"""": """"Unencrypted"""", """"Categories Affected"""": {""""Personal Identifiers"""": {""""Affected"""": """"No"""", """"Examples"""": []}, """"Protected Classification Characteristics"""": {""""Affected"""": """"No"""", """"Examples"""": []}, """"Commercial Information"""": {""""Affected"""": """"No"""", """"Examples"""": []}, """"Biometric Information"""": {""""Affected"""": """"No"""", """"Examples"""": []}, """"Internet or Network Activity"""": {""""Affected"""": """"No"""", """"Examples"""": []}, """"Geolocation Data"""": {""""Affected"""": """"No"""", """"Examples"""": []}, """"Sensory Data"""": {""""Affected"""": """"No"""", """"Examples"""": []}, """"Professional or Employment-Related Information"""": {""""Affected"""": """"No"""", """"Examples"""": []}, """"Education Information"""": {""""Affected"""": """"No"""", """"Examples"""": []}, """"Inferences Drawn from Personal Information"""": {""""Affected"""": """"No"""", """"Examples"""": []}, """"Sensitive Personal Information"""": {""""Affected"""": """"No"""", """"Examples"""": []}, """"Customer Records"""": {""""Affected"""": """"Yes"""", """"Examples"""": [""""Account number""""]}}}",BSO,VERIFIED-GATE1,Gate1-A (SIRI continuous registrant),,0,,-0.4415,3.3739,-0.4424,3.3919,26.4218,15.3393,20945340.22,8373863.57,-11.0825,80924.0,SIRI,window,1,8.993,1.0207,0.0633,0.343,10,8,0.0,0,0,1.0,0,0,0,0,,2016-12-19,2016-12-19,1.853512,1.012143,-0.841369,2016.0,21,21,True,4832.0,48,14,0.0,10.0,Q2,2016,-0.33126367379547483
908937,2017-01-06,Sirius XM Radio Inc.,Sirius XM Radio Inc.,1,HACK,False,49887,False,"The Maryland Office of the Attorney General reported a data breach involving Sirius XM Radio Inc. on January 25, 2017. The breach, which occurred on January 6, 2017, involved the credentials of eight Maryland residents being accessed, including their customer account numbers and personal information, while no payment card or bank account data was accessed. An outside hacker gained access through validated usernames and passwords.",2017-01-25 00:00:00,2017-01-06 00:00:00,"{""""Encryption Status"""":""""Unencrypted"""",""""Categories Affected"""":{""""Personal Identifiers"""":{""""Affected"""":""""Yes"""",""""Examples"""":[""""Customer account number"""",""""Street address"""",""""Email address"""",""""Nickname of the customers' radio"""",""""Username"""",""""Password""""]},""""Protected Classification Characteristics"""":{""""Affected"""":""""No"""",""""Examples"""":[]},""""Commercial Information"""":{""""Affected"""":""""No"""",""""Examples"""":[]},""""Biometric Information"""":{""""Affected"""":""""No"""",""""Examples"""":[]},""""Internet or Network Activity"""":{""""Affected"""":""""No"""",""""Examples"""":[]},""""Geolocation Data"""":{""""Affected"""":""""No"""",""""Examples"""":[]},""""Sensory Data"""":{""""Affected"""":""""No"""",""""Examples"""":[]},""""Professional or Employment-Related Information"""":{""""Affected"""":""""No"""",""""Examples"""":[]},""""Education Information"""":{""""Affected"""":""""No"""",""""Examples"""":[]},""""Inferences Drawn from Personal Information"""":{""""Affected"""":""""No"""",""""Examples"""":[]},""""Sensitive Personal Information"""":{""""Affected"""":""""No"""",""""Examples"""":[]},""""Customer Records"""":{""""Affected"""":""""Yes"""",""""Examples"""":[""""Method of payment (credit card or check)""""]}}}",BSO,VERIFIED-GATE1,Gate1-A (SIRI continuous registrant),,0,,-0.9421,4.3057,-0.9653,4.4537,25.1795,13.5629,15542381.22,5955102.67,-11.6166,80924.0,SIRI,window,1,8.9876,1.099,0.0932,0.3508,11,9,19.0,0,0,0.0,0,0,0,0,,2017-01-06,2017-01-25,0.946283,1.236459,0.290176,2017.0,21,21,True,4832.0,48,15,19.0,11.0,Q2,2017,0.07939122929427955
908937,2017-01-25,"Sirius XM Radio, Inc.","Sirius XM Radio, Inc.",1,HACK,False,10,False,"The Massachusetts Office of Consumer Affairs and Business Regulation reported a data breach involving Sirius XM Radio, Inc. on January 25, 2017. The breach affected 10 residents and involved the exposure of electronic records, specifically account numbers.",2017-01-25 00:00:00,2017-01-25 00:00:00,"{""""Encryption Status"""":""""Unencrypted"""",""""Categories Affected"""":{""""Personal Identifiers"""":{""""Affected"""":""""No"""",""""Examples"""":[]},""""Protected Classification Characteristics"""":{""""Affected"""":""""No"""",""""Examples"""":[]},""""Commercial Information"""":{""""Affected"""":""""No"""",""""Examples"""":[]},""""Biometric Information"""":{""""Affected"""":""""No"""",""""Examples"""":[]},""""Internet or Network Activity"""":{""""Affected"""":""""No"""",""""Examples"""":[]},""""Geolocation Data"""":{""""Affected"""":""""No"""",""""Examples"""":[]},""""Sensory Data"""":{""""Affected"""":""""No"""",""""Examples"""":[]},""""Professional or Employment-Related Information"""":{""""Affected"""":""""No"""",""""Examples"""":[]},""""Education Information"""":{""""Affected"""":""""No"""",""""Examples"""":[]},""""Inferences Drawn from Personal Information"""":{""""Affected"""":""""No"""",""""Examples"""":[]},""""Sensitive Personal Information"""":{""""Affected"""":""""No"""",""""Examples"""":[]},""""Customer Records"""":{""""Affected"""":""""Yes"""",""""Examples"""":[""""Account number""""]}}}",BSO,VERIFIED-GATE1,Gate1-A (SIRI continuous registrant),,0,,3.0664,8.2521,3.0904,8.6575,14.036,17.9224,8126682.29,7738750.78,3.8864,80924.0,SIRI,window,1,8.9876,1.099,0.0932,0.3508,12,10,0.0,0,0,1.0,0,0,0,0,,2017-01-25,2017-01-25,0.946283,1.236459,0.290176,2017.0,21,21,True,4832.0,48,16,0.0,12.0,Q2,2017,0.07939122929427955
908937,2017-08-06,Sirius XM Radio Inc.,Sirius XM Radio Inc.,1,HACK,False,76,False,"The Maryland Office of the Attorney General reported on August 31, 2017, that Sirius XM Radio Inc. experienced a data breach affecting four Maryland residents and potentially exposing their online account credentials. The breach was identified on August 18, 2017, when it was discovered that an outside hacker validated usernames and passwords to gain access to customer information, although no payment card or bank account data was accessed.",2017-08-31 00:00:00,2017-08-09 00:00:00,"{""""Encryption Status"""":""""Unencrypted"""",""""Categories Affected"""":{""""Personal Identifiers"""":{""""Affected"""":""""Yes"""",""""Examples"""":[""""Sirius XM customer account number"""",""""Street address"""",""""Email address"""",""""Nickname of the customers' radio"""",""""Username"""",""""Password""""]},""""Protected Classification Characteristics"""":{""""Affected"""":""""No"""",""""Examples"""":[]},""""Commercial Information"""":{""""Affected"""":""""No"""",""""Examples"""":[]},""""Biometric Information"""":{""""Affected"""":""""No"""",""""Examples"""":[]},""""Internet or Network Activity"""":{""""Affected"""":""""No"""",""""Examples"""":[]},""""Geolocation Data"""":{""""Affected"""":""""No"""",""""Examples"""":[]},""""Sensory Data"""":{""""Affected"""":""""No"""",""""Examples"""":[]},""""Professional or Employment-Related Information"""":{""""Affected"""":""""No"""",""""Examples"""":[]},""""Education Information"""":{""""Affected"""":""""No"""",""""Examples"""":[]},""""Inferences Drawn from Personal Information"""":{""""Affected"""":""""No"""",""""Examples"""":[]},""""Sensitive Personal Information"""":{""""Affected"""":""""No"""",""""Examples"""":[]},""""Customer Records"""":{""""Affected"""":""""No"""",""""Examples"""":[]}}}",BSO,VERIFIED-GATE1,Gate1-A (SIRI continuous registrant),,0,,2.0428,-2.9054,2.0442,-3.0809,30.272,18.6746,12094937.65,4198352.19,-11.5974,80924.0,SIRI,window,1,8.9876,1.099,0.0932,0.3508,13,9,25.0,0,0,0.0,0,0,0,1,158.0,2017-08-06,2017-08-31,2.119064,1.301159,-0.8179049999999999,2017.0,21,21,True,4832.0,48,17,25.0,13.0,Q2,2017,1.6000534230897756e-12
908937,2017-09-18,Sirius XM Radio Inc.,Sirius XM Radio Inc.,1,HACK,False,279,False,"The Massachusetts Office of Consumer Affairs and Business Regulation reported on September 18, 2017, a data breach involving Sirius XM Radio Inc. that affected 1 resident. The breach involved compromised electronic records, specifically credit/debit numbers.",2017-09-18 00:00:00,2017-09-18 00:00:00,"{""""Encryption Status"""":""""Unencrypted"""",""""Categories Affected"""":{""""Personal Identifiers"""":{""""Affected"""":""""No"""",""""Examples"""":[]},""""Protected Classification Characteristics"""":{""""Affected"""":""""No"""",""""Examples"""":[]},""""Commercial Information"""":{""""Affected"""":""""No"""",""""Examples"""":[]},""""Biometric Information"""":{""""Affected"""":""""No"""",""""Examples"""":[]},""""Internet or Network Activity"""":{""""Affected"""":""""No"""",""""Examples"""":[]},""""Geolocation Data"""":{""""Affected"""":""""No"""",""""Examples"""":[]},""""Sensory Data"""":{""""Affected"""":""""No"""",""""Examples"""":[]},""""Professional or Employment-Related Information"""":{""""Affected"""":""""No"""",""""Examples"""":[]},""""Education Information"""":{""""Affected"""":""""No"""",""""Examples"""":[]},""""Inferences Drawn from Personal Information"""":{""""Affected"""":""""No"""",""""Examples"""":[]},""""Sensitive Personal Information"""":{""""Affected"""":""""Yes"""",""""Examples"""":[""""CreditDebitNumbers""""]},""""Customer Records"""":{""""Affected"""":""""No"""",""""Examples"""":[]}}}",BSO,VERIFIED-GATE1,Gate1-A (SIRI continuous registrant),,0,,-0.2437,-2.6389,-0.2528,-2.8309,20.2112,16.0367,5251182.58,4558311.61,-4.1745,80924.0,SIRI,window,1,8.9876,1.099,0.0932,0.3508,14,9,0.0,0,0,1.0,0,0,0,1,115.0,2017-09-18,2017-09-18,1.205995,1.054202,-0.15179299999999984,2017.0,21,21,True,4832.0,48,18,0.0,14.0,Q2,2017,0.005728616127278929
920522,2013-08-13,"Essex Property Trust, Inc.","Essex Property Trust, Inc.",1,HACK,False,1,False,"The New Hampshire Office of the Attorney General reported on April 1, 2015, that Essex Property Trust, Inc. experienced a cyber-intrusion affecting its computer networks. The breach potentially involved the personal information of one New Hampshire resident, specifically their name and Social Security number, although there is no evidence that this information was accessed or misused. Essex provided credit-monitoring services to affected individuals as a precaution.",2015-04-01 00:00:00,2014-09-25 00:00:00,"{""""Encryption Status"""":""""Unencrypted"""",""""Categories Affected"""":{""""Personal Identifiers"""":{""""Affected"""":""""Yes"""",""""Examples"""":[""""First and last name"""",""""Social Security number""""]},""""Protected Classification Characteristics"""":{""""Affected"""":""""No"""",""""Examples"""":[]},""""Commercial Information"""":{""""Affected"""":""""No"""",""""Examples"""":[]},""""Biometric Information"""":{""""Affected"""":""""No"""",""""Examples"""":[]},""""Internet or Network Activity"""":{""""Affected"""":""""No"""",""""Examples"""":[]},""""Geolocation Data"""":{""""Affected"""":""""No"""",""""Examples"""":[]},""""Sensory Data"""":{""""Affected"""":""""No"""",""""Examples"""":[]},""""Professional or Employment-Related Information"""":{""""Affected"""":""""No"""",""""Examples"""":[]},""""Education Information"""":{""""Affected"""":""""No"""",""""Examples"""":[]},""""Inferences Drawn from Personal Information"""":{""""Affected"""":""""No"""",""""Examples"""":[]},""""Sensitive Personal Information"""":{""""Affected"""":""""Yes"""",""""Examples"""":[""""Social Security number""""]},""""Customer Records"""":{""""Affected"""":""""No"""",""""Examples"""":[]}}}",BSO,VERIFIED,EDGAR name: ESSEX PORTFOLIO LP,,0,,-4.0424,-4.7938,-3.9734,-4.997,18.8131,22.5259,98217.03,71779.18,3.7128,80681.0,ESS,window,1,8.4862,0.6112,0.0258,0.3748,0,0,596.0,0,0,0.0,0,0,0,1,171.0,2013-08-13,2015-04-01,1.538812,1.255667,-0.283145,2015.0,21,21,True,6798.0,67,0,596.0,0.0,Q1 (smallest),2015,-0.08344155274120357
924613,2013-07-22,Nokia Inc.,Nokia Inc.,1,HACK,False,10,False,"The Massachusetts Office of Consumer Affairs and Business Regulation reported a data breach involving Nokia Inc. on July 22, 2013. The breach affected 9 residents and involved unauthorized access to electronic records containing Social Security Numbers (SSN).",2013-07-22 00:00:00,2013-07-22 00:00:00,"{""""Encryption Status"""":""""Unencrypted"""",""""Categories Affected"""":{""""Personal Identifiers"""":{""""Affected"""":""""Yes"""",""""Examples"""":[""""Social Security Number""""]},""""Protected Classification Characteristics"""":{""""Affected"""":""""No"""",""""Examples"""":[]},""""Commercial Information"""":{""""Affected"""":""""No"""",""""Examples"""":[]},""""Biometric Information"""":{""""Affected"""":""""No"""",""""Examples"""":[]},""""Internet or Network Activity"""":{""""Affected"""":""""No"""",""""Examples"""":[]},""""Geolocation Data"""":{""""Affected"""":""""No"""",""""Examples"""":[]},""""Sensory Data"""":{""""Affected"""":""""No"""",""""Examples"""":[]},""""Professional or Employment-Related Information"""":{""""Affected"""":""""No"""",""""Examples"""":[]},""""Education Information"""":{""""Affected"""":""""No"""",""""Examples"""":[]},""""Inferences Drawn from Personal Information"""":{""""Affected"""":""""No"""",""""Examples"""":[]},""""Sensitive Personal Information"""":{""""Affected"""":""""Yes"""",""""Examples"""":[""""Social Security Number""""]},""""Customer Records"""":{""""Affected"""":""""No"""",""""Examples"""":[]}}}",BSO,VERIFIED,EDGAR name: NOKIA CORP,,0,,-0.9216,30.9469,-0.947,29.7304,33.2416,21.0391,23354624.4,5570541.27,-12.2025,87128.0,NOK,window,1,10.5838,0.6846,-0.1037,0.0231,0,0,0.0,0,0,1.0,0,0,0,0,,2013-07-22,2013-07-22,2.215585,1.363423,-0.8521619999999999,2013.0,21,21,True,3663.0,36,0,0.0,0.0,Q3,2013,-0.6816944975405008
926480,2008-07-29,The Walt Disney Company,The Walt Disney Company,1,HACK,False,7642177,False,"The Massachusetts Office of Consumer Affairs and Business Regulation reported on July 29, 2008, that The Walt Disney Company experienced a data breach affecting 33,366 residents. The breach involved electronic records containing Social Security Numbers (SSN) and account numbers.",2008-07-29 00:00:00,2008-07-29 00:00:00,"{""""Encryption Status"""":""""Unencrypted"""",""""Categories Affected"""":{""""Personal Identifiers"""":{""""Affected"""":""""Yes"""",""""Examples"""":[""""Social Security Number""""]},""""Protected Classification Characteristics"""":{""""Affected"""":""""No"""",""""Examples"""":[]},""""Commercial Information"""":{""""Affected"""":""""No"""",""""Examples"""":[]},""""Biometric Information"""":{""""Affected"""":""""No"""",""""Examples"""":[]},""""Internet or Network Activity"""":{""""Affected"""":""""No"""",""""Examples"""":[]},""""Geolocation Data"""":{""""Affected"""":""""No"""",""""Examples"""":[]},""""Sensory Data"""":{""""Affected"""":""""No"""",""""Examples"""":[]},""""Professional or Employment-Related Information"""":{""""Affected"""":""""No"""",""""Examples"""":[]},""""Education Information"""":{""""Affected"""":""""No"""",""""Examples"""":[]},""""Inferences Drawn from Personal Information"""":{""""Affected"""":""""No"""",""""Examples"""":[]},""""Sensitive Personal Information"""":{""""Affected"""":""""Yes"""",""""Examples"""":[""""Social Security Number""""]},""""Customer Records"""":{""""Affected"""":""""Yes"""",""""Examples"""":[""""Account Number""""]}}}",BSO,VERIFIED-GATE1,Gate1-B: pre-2019-reorg registrant,,0,,-0.3944,8.6438,-0.5094,8.6158,24.9463,30.1665,4306536.29,4712793.25,5.2202,26403.0,DIS,window,1,11.0174,0.474,0.0769,0.235,0,0,0.0,0,0,1.0,0,0,0,0,,2008-07-29,2008-07-29,1.529867,1.617044,0.08717699999999984,2008.0,21,21,True,4833.0,48,0,0.0,0.0,Q3,2008,0.03081045656746051
943452,2022-03-15,Wabtec Corporation,Wabtec Corporation,2,HACK,False,1774,True,"The Maryland Office of the Attorney General reported that Wabtec Corporation experienced a data breach involving malware encryption on June 26, 2022, affecting 1,774 Maryland residents. The compromised information includes names, Social Security numbers, financial account information, payment card numbers, driver's licenses/state ID numbers, passport numbers, medical treatment/diagnosis information, health insurance information, and/or account usernames and passwords.",2022-12-30 00:00:00,2022-06-26 00:00:00,"{
  """"Encryption Status"""": """"Unencrypted"""",
  """"Categories Affected"""": {
    """"Personal Identifiers"""": {
      """"Affected"""": """"Yes"""",
      """"Examples"""": [""""Name"""", """"Social Security number""""]
    },
    """"Protected Classification Characteristics"""": {
      """"Affected"""": """"No"""",
      """"Examples"""": []
    },
    """"Commercial Information"""": {
      """"Affected"""": """"No"""",
      """"Examples"""": []
    },
    """"Biometric Information"""": {
      """"Affected"""": """"No"""",
      """"Examples"""": []
    },
    """"Internet or Network Activity"""": {
      """"Affected"""": """"No"""",
      """"Examples"""": []
    },
    """"Geolocation Data"""": {
      """"Affected"""": """"No"""",
      """"Examples"""": []
    },
    """"Sensory Data"""": {
      """"Affected"""": """"No"""",
      """"Examples"""": []
    },
    """"Professional or Employment-Related Information"""": {
      """"Affected"""": """"No"""",
      """"Examples"""": []
    },
    """"Education Information"""": {
      """"Affected"""": """"No"""",
      """"Examples"""": []
    },
    """"Inferences Drawn from Personal Information"""": {
      """"Affected"""": """"No"""",
      """"Examples"""": []
    },
    """"Sensitive Personal Information"""": {
      """"Affected"""": """"Yes"""",
      """"Examples"""": [""""Social Security number""""]
    },
    """"Customer Records"""": {
      """"Affected"""": """"No"""",
      """"Examples"""": []
    }
  }
}",BSO,VERIFIED,EDGAR name: WABTEC CORP,,0,,-0.7748,1.4117,-0.8924,1.0898,42.1697,26.8727,460977.77,472902.77,-15.297,81677.0,WAB,window,1,9.823,0.4452,0.0302,0.184,0,0,290.0,0,0,0.0,0,1,1,1,22.0,2022-03-15,2022-12-30,1.555949,1.062317,-0.49363200000000007,2022.0,21,21,True,3743.0,37,0,290.0,0.0,Q2,2022,-0.3190981801097883
1000228,2023-09-27,"Henry Schein, Inc.","Henry Schein, Inc.",3,HACK,False,166432,True,"The Maine Office of the Attorney General reported a data breach involving Henry Schein, Inc. on December 6, 2023. The breach occurred on September 27, 2023, and was discovered on October 14, 2023, following an external system breach involving hacking, affecting approximately 29,112 individuals. Identity theft protection services were offered for 24 months through Experian's IdentityWorks.",2023-12-06 00:00:00,2023-12-05 00:00:00,"{""""Encryption Status"""":""""Unencrypted"""",""""Categories Affected"""":{""""Personal Identifiers"""":{""""Affected"""":""""Yes"""",""""Examples"""":[""""Name"""",""""Address"""",""""Phone number"""",""""Email address"""",""""Photograph"""",""""Date of birth"""",""""Government-issued identification numbers (e.g., Social Security number, driver's license or state identification number, passport number)"""",""""Username""""]},""""Protected Classification Characteristics"""":{""""Affected"""":""""Yes"""",""""Examples"""":[""""Demographic and background information""""]},""""Commercial Information"""":{""""Affected"""":""""Yes"""",""""Examples"""":[""""Financial information (e.g., bank account information, credit card number, loans)""""]},""""Biometric Information"""":{""""Affected"""":""""No"""",""""Examples"""":[]},""""Internet or Network Activity"""":{""""Affected"""":""""Yes"""",""""Examples"""":[""""IP address""""]},""""Geolocation Data"""":{""""Affected"""":""""No"""",""""Examples"""":[]},""""Sensory Data"""":{""""Affected"""":""""No"""",""""Examples"""":[]},""""Professional or Employment-Related Information"""":{""""Affected"""":""""Yes"""",""""Examples"""":[""""Details of employment at the Company (e.g., job title, compensation)""""]},""""Education Information"""":{""""Affected"""":""""No"""",""""Examples"""":[]},""""Inferences Drawn from Personal Information"""":{""""Affected"""":""""No"""",""""Examples"""":[]},""""Sensitive Personal Information"""":{""""Affected"""":""""Yes"""",""""Examples"""":[""""Social Security number"""",""""Driver's license number"""",""""State identification card number"""",""""Passport number"""",""""Financial account numbers"""",""""Credit card number"""",""""Medical history"""",""""Treatment information"""",""""Insurance information"""",""""Health insurance policy or ID number""""]},""""Customer Records"""":{""""Affected"""":""""Yes"""",""""Examples"""":[""""Photograph"""",""""Telephone number"""",""""Bank account number"""",""""Credit card number"""",""""Health insurance information""""]}}}",BSO,VERIFIED,EDGAR name: HENRY SCHEIN INC,,0,,0.1318,-17.7406,0.103,-16.6683,15.157,17.861,551984.31,311200.57,2.704,82581.0,HSIC,window,1,9.0603,0.4573,0.0625,0.0848,0,0,70.0,0,0,0.0,1,0,1,1,50.0,2023-09-27,2023-12-06,1.986545,1.144558,-0.841987,2023.0,21,21,True,5047.0,50,0,70.0,0.0,Q2,2023,-0.03587358589727674
1001250,2023-05-01,The EstÃ©e Lauder Companies Inc.,The EstÃ©e Lauder Companies Inc.,1,HACK,False,3,False,"The Maine Office of the Attorney General reported a data breach involving The EstÃ©e Lauder Companies Inc. on October 19, 2023. The breach occurred between May 30 and June 1, 2023, due to an external system breach affecting files transferred through Progress Software's MOVEit Transfer, compromising the driver's license number and Social Security number of 3 individuals, including 1 resident of Maine.",2023-10-19 00:00:00,2023-06-01 00:00:00,"{""""Encryption Status"""":""""Unencrypted"""",""""Categories Affected"""":{""""Personal Identifiers"""":{""""Affected"""":""""Yes"""",""""Examples"""":[""""Name"""",""""Address"""",""""Driver's license number"""",""""Social Security number""""]},""""Protected Classification Characteristics"""":{""""Affected"""":""""No"""",""""Examples"""":[]},""""Commercial Information"""":{""""Affected"""":""""No"""",""""Examples"""":[]},""""Biometric Information"""":{""""Affected"""":""""No"""",""""Examples"""":[]},""""Internet or Network Activity"""":{""""Affected"""":""""No"""",""""Examples"""":[]},""""Geolocation Data"""":{""""Affected"""":""""No"""",""""Examples"""":[]},""""Sensory Data"""":{""""Affected"""":""""No"""",""""Examples"""":[]},""""Professional or Employment-Related Information"""":{""""Affected"""":""""No"""",""""Examples"""":[]},""""Education Information"""":{""""Affected"""":""""No"""",""""Examples"""":[]},""""Inferences Drawn from Personal Information"""":{""""Affected"""":""""No"""",""""Examples"""":[]},""""Sensitive Personal Information"""":{""""Affected"""":""""Yes"""",""""Examples"""":[""""Social Security number"""",""""Driver's license number""""]},""""Customer Records"""":{""""Affected"""":""""No"""",""""Examples"""":[]}}}",BSO,VERIFIED-GATE1,Gate1-G rescue: text-encoding artifact defeated matching; legacy 1001250 was correct (ticker EL -> CIK 1001250),,0,,-15.7736,-31.3343,-15.9384,-29.8583,20.4049,62.5212,340733.42,2833491.21,42.1163,82642.0,EL,window,1,9.948,0.6924,0.1143,0.2369,0,0,171.0,0,0,0.0,0,0,0,1,115.0,2023-05-01,2023-10-19,1.679343,5.861021,4.181678,2023.0,21,21,True,2844.0,28,0,171.0,0.0,Q2,2023,1.484264989600888
1001250,2023-05-30,The EstÃ©e Lauder Companies Inc.,The EstÃ©e Lauder Companies Inc.,1,HACK,False,1453,False,"The Washington State Office of the Attorney General reported a data breach involving The EstÃ©e Lauder Companies Inc. on October 18, 2023. The breach was discovered on May 31, 2023, and involved unauthorized access via the MOVEit Transfer solution, affecting approximately 1,453 Washington residents whose personal information, including names, email addresses, postal addresses, and dates of birth, was compromised.",2023-10-18 00:00:00,2023-06-01 00:00:00,"{""""Encryption Status"""":""""Unencrypted"""",""""Categories Affected"""":{""""Personal Identifiers"""":{""""Affected"""":""""Yes"""",""""Examples"""":[""""Name"""",""""E-mail address"""",""""Postal address""""]},""""Protected Classification Characteristics"""":{""""Affected"""":""""No"""",""""Examples"""":[]},""""Commercial Information"""":{""""Affected"""":""""No"""",""""Examples"""":[]},""""Biometric Information"""":{""""Affected"""":""""No"""",""""Examples"""":[]},""""Internet or Network Activity"""":{""""Affected"""":""""No"""",""""Examples"""":[]},""""Geolocation Data"""":{""""Affected"""":""""No"""",""""Examples"""":[]},""""Sensory Data"""":{""""Affected"""":""""No"""",""""Examples"""":[]},""""Professional or Employment-Related Information"""":{""""Affected"""":""""No"""",""""Examples"""":[]},""""Education Information"""":{""""Affected"""":""""No"""",""""Examples"""":[]},""""Inferences Drawn from Personal Information"""":{""""Affected"""":""""No"""",""""Examples"""":[]},""""Sensitive Personal Information"""":{""""Affected"""":""""Yes"""",""""Examples"""":[""""Full Date of Birth""""]},""""Customer Records"""":{""""Affected"""":""""No"""",""""Examples"""":[]}}}",BSO,VERIFIED-GATE1,Gate1-G rescue: text-encoding artifact defeated matching; legacy 1001250 was correct (ticker EL -> CIK 1001250),,0,,-7.1673,-7.3148,-7.2684,-8.1899,57.0672,38.016,2659010.28,1059140.96,-19.0512,82642.0,EL,window,1,9.948,0.6924,0.1143,0.2369,1,1,141.0,0,0,0.0,0,0,1,1,86.0,2023-05-30,2023-10-18,1.696834,5.869464,4.17263,2023.0,21,21,True,2844.0,28,1,141.0,1.0,Q2,2023,1.4810526564044353
1001250,2023-07-11,The EstÃ©e Lauder Companies Inc.,The EstÃ©e Lauder Companies Inc.,1,HACK,False,150511,False,"The Washington State Office of the Attorney General reported that The EstÃ©e Lauder Companies Inc. experienced a cyberattack on July 11, 2023, affecting approximately 150,535 Washington residents. The breach involved unauthorized access to personal information, including names, dates of birth, email addresses, and passwords, with the notification made on August 31, 2023.",2023-08-31 00:00:00,2023-08-20 00:00:00,"{""""Encryption Status"""":""""Unencrypted"""",""""Categories Affected"""":{""""Personal Identifiers"""":{""""Affected"""":""""Yes"""",""""Examples"""":[""""Names"""",""""Corporate email addresses"""",""""Work phone numbers"""",""""Employee ID numbers""""]},""""Protected Classification Characteristics"""":{""""Affected"""":""""Yes"""",""""Examples"""":[""""Demographic information""""]},""""Commercial Information"""":{""""Affected"""":""""Yes"""",""""Examples"""":[""""Products purchased and recommended"""",""""Date and location of purchase or services""""]},""""Biometric Information"""":{""""Affected"""":""""No"""",""""Examples"""":[]},""""Internet or Network Activity"""":{""""Affected"""":""""No"""",""""Examples"""":[]},""""Geolocation Data"""":{""""Affected"""":""""No"""",""""Examples"""":[]},""""Sensory Data"""":{""""Affected"""":""""No"""",""""Examples"""":[]},""""Professional or Employment-Related Information"""":{""""Affected"""":""""Yes"""",""""Examples"""":[""""Work locations"""",""""Roles (employee or consultant)"""",""""Managers and direct reports"""",""""Dates of last password change or login""""]},""""Education Information"""":{""""Affected"""":""""No"""",""""Examples"""":[]},""""Inferences Drawn from Personal Information"""":{""""Affected"""":""""No"""",""""Examples"""":[]},""""Sensitive Personal Information"""":{""""Affected"""":""""Yes"""",""""Examples"""":[""""Clear-text Company system passwords"""",""""Hashed Company system passwords""""]},""""Customer Records"""":{""""Affected"""":""""No"""",""""Examples"""":[]}}}",BSO,VERIFIED-GATE1,Gate1-G rescue: text-encoding artifact defeated matching; legacy 1001250 was correct (ticker EL -> CIK 1001250),,0,,-5.9843,-24.3455,-6.0335,-21.8317,33.1627,28.3819,1026344.14,1092296.76,-4.7808,82642.0,EL,window,1,10.0611,0.7259,0.043,0.1604,2,2,51.0,0,0,0.0,0,0,1,1,44.0,2023-07-11,2023-08-31,1.848096,1.651838,-0.19625800000000004,2023.0,21,21,True,2844.0,28,2,51.0,2.0,Q2,2023,-0.010029771397328524
1041061,2023-01-13,"Yum! Brands, Inc.","Yum! Brands, Inc.",2,HACK,False,300000,True,"On April 7, 2023, the Washington State Office of the Attorney General reported a data breach incident involving Yum! Brands, Inc., which occurred on January 13, 2023, due to a ransomware cyberattack. Approximately 1,220 individuals were affected, with exposed personal information including names, Social Security numbers, driver's license numbers, and medical information.",2023-04-07 00:00:00,2023-01-14 00:00:00,"{""""Encryption Status"""":""""Unencrypted"""",""""Categories Affected"""":{""""Personal Identifiers"""":{""""Affected"""":""""Yes"""",""""Examples"""":[""""Name"""",""""Social Security Number"""",""""Driver's License or Washington ID Card Number"""",""""Full Date of Birth""""]},""""Protected Classification Characteristics"""":{""""Affected"""":""""No"""",""""Examples"""":[]},""""Commercial Information"""":{""""Affected"""":""""No"""",""""Examples"""":[]},""""Biometric Information"""":{""""Affected"""":""""No"""",""""Examples"""":[]},""""Internet or Network Activity"""":{""""Affected"""":""""No"""",""""Examples"""":[]},""""Geolocation Data"""":{""""Affected"""":""""No"""",""""Examples"""":[]},""""Sensory Data"""":{""""Affected"""":""""No"""",""""Examples"""":[]},""""Professional or Employment-Related Information"""":{""""Affected"""":""""No"""",""""Examples"""":[]},""""Education Information"""":{""""Affected"""":""""No"""",""""Examples"""":[]},""""Inferences Drawn from Personal Information"""":{""""Affected"""":""""No"""",""""Examples"""":[]},""""Sensitive Personal Information"""":{""""Affected"""":""""Yes"""",""""Examples"""":[""""Social Security Number"""",""""Driver's License or Washington ID Card Number"""",""""Health Insurance Policy or ID Number"""",""""Medical Information""""]},""""Customer Records"""":{""""Affected"""":""""No"""",""""Examples"""":[]}}}",BSO,VERIFIED,EDGAR name: TRICON GLOBAL RESTAURANTS INC,,0,,-2.8294,-1.0275,-2.8192,-1.0093,15.3796,16.0848,724180.17,550026.99,0.7052,85348.0,YUM,window,1,8.6735,2.5183,0.2267,0.3534,0,0,84.0,0,0,0.0,1,0,0,1,167.0,2023-01-13,2023-04-07,0.916497,1.150035,0.2335379999999999,2023.0,21,21,True,5812.0,58,0,84.0,0.0,Q2,2023,0.04280954181169094
1048911,2011-05-01,"FedEx Ground Package System, Inc.","FedEx Ground Package System, Inc.",1,HACK,False,2,False,"The New Hampshire Department of Justice reported that FedEx Ground Package System, Inc. experienced a potential data breach involving personal information from May 3 to June 6, 2011, due to a vulnerability in a human resources database. Approximately 2 New Hampshire residents were affected, with personal data potentially including Social Security numbers and bank account information. The breach was discovered on June 7, 2011, prompting immediate security measures by FedEx.",2011-06-24 00:00:00,2011-06,"{""""Encryption Status"""":""""Unencrypted"""",""""Categories Affected"""":{""""Personal Identifiers"""":{""""Affected"""":""""Yes"""",""""Examples"""":[""""Name"""",""""Address"""",""""Social Security number""""]},""""Protected Classification Characteristics"""":{""""Affected"""":""""No"""",""""Examples"""":[]},""""Commercial Information"""":{""""Affected"""":""""No"""",""""Examples"""":[]},""""Biometric Information"""":{""""Affected"""":""""No"""",""""Examples"""":[]},""""Internet or Network Activity"""":{""""Affected"""":""""No"""",""""Examples"""":[]},""""Geolocation Data"""":{""""Affected"""":""""No"""",""""Examples"""":[]},""""Sensory Data"""":{""""Affected"""":""""No"""",""""Examples"""":[]},""""Professional or Employment-Related Information"""":{""""Affected"""":""""No"""",""""Examples"""":[]},""""Education Information"""":{""""Affected"""":""""No"""",""""Examples"""":[]},""""Inferences Drawn from Personal Information"""":{""""Affected"""":""""No"""",""""Examples"""":[]},""""Sensitive Personal Information"""":{""""Affected"""":""""Yes"""",""""Examples"""":[""""Social Security number"""",""""Bank account information""""]},""""Customer Records"""":{""""Affected"""":""""Yes"""",""""Examples"""":[""""Bank account information""""]}}}",BSO,VERIFIED-GATE1,"Gate1-C: wholly owned subsidiary, parent-mapped (ticker FDX -> CIK 1048911)",,0,,0.9574,-2.8248,0.8921,-2.7479,19.1861,18.9708,751291.98,559643.06,-0.2153,60628.0,FDX,window,1,10.1227,0.4454,0.0475,0.1129,0,0,54.0,0,0,0.0,0,0,0,0,,2011-05-01,2011-06-24,1.264498,1.287127,0.02262900000000001,2011.0,21,21,True,4513.0,45,0,54.0,0.0,Q2,2011,0.055829821136908375
1051470,2013-10-31,Crown Castle,Crown Castle,1,HACK,False,1,False,"The Maine Office of the Attorney General reported that Crown Castle experienced a data breach on October 31, 2013, affecting 1 resident. The breach involved unauthorized access to employee names, Social Security Numbers (SSNs), and compensation information.",2013-11-15 00:00:00,2013-10-31 00:00:00,"{""""Encryption Status"""":""""Unencrypted"""",""""Categories Affected"""":{""""Personal Identifiers"""":{""""Affected"""":""""Yes"""",""""Examples"""":[""""employee names"""",""""Social Security Numbers""""]},""""Protected Classification Characteristics"""":{""""Affected"""":""""No"""",""""Examples"""":[]},""""Commercial Information"""":{""""Affected"""":""""No"""",""""Examples"""":[]},""""Biometric Information"""":{""""Affected"""":""""No"""",""""Examples"""":[]},""""Internet or Network Activity"""":{""""Affected"""":""""No"""",""""Examples"""":[]},""""Geolocation Data"""":{""""Affected"""":""""No"""",""""Examples"""":[]},""""Sensory Data"""":{""""Affected"""":""""No"""",""""Examples"""":[]},""""Professional or Employment-Related Information"""":{""""Affected"""":""""Yes"""",""""Examples"""":[""""compensation information""""]},""""Education Information"""":{""""Affected"""":""""No"""",""""Examples"""":[]},""""Inferences Drawn from Personal Information"""":{""""Affected"""":""""No"""",""""Examples"""":[]},""""Sensitive Personal Information"""":{""""Affected"""":""""Yes"""",""""Examples"""":[""""Social Security Numbers""""]},""""Customer Records"""":{""""Affected"""":""""No"""",""""Examples"""":[]}}}",BSO,VERIFIED,EDGAR name: CROWN CASTLE INC.,,0,,-0.2506,-3.8218,-0.2576,-3.8032,22.3337,12.0288,5418826.35,1053537.65,-10.3049,86339.0,CCI,window,1,9.6859,0.8166,0.0117,0.6143,0,0,15.0,0,0,0.0,0,0,0,1,113.0,2013-10-31,2013-11-15,1.505323,0.907124,-0.5981989999999999,2013.0,21,21,True,7359.0,73,0,15.0,0.0,Q2,2013,1.053179765619916e-11
1051470,2013-11-19,Crown Castle,Crown Castle,1,HACK,False,33,False,"The Massachusetts Office of Consumer Affairs and Business Regulation reported that Crown Castle experienced a data breach on November 19, 2013. The breach affected 33 individuals and involved unauthorized access to electronic records containing Social Security Numbers (SSN).",2013-11-19 00:00:00,2013-11-19 00:00:00,"{""""Encryption Status"""":""""Unencrypted"""",""""Categories Affected"""":{""""Personal Identifiers"""":{""""Affected"""":""""Yes"""",""""Examples"""":[""""Social Security Number""""]},""""Protected Classification Characteristics"""":{""""Affected"""":""""No"""",""""Examples"""":[]},""""Commercial Information"""":{""""Affected"""":""""No"""",""""Examples"""":[]},""""Biometric Information"""":{""""Affected"""":""""No"""",""""Examples"""":[]},""""Internet or Network Activity"""":{""""Affected"""":""""No"""",""""Examples"""":[]},""""Geolocation Data"""":{""""Affected"""":""""No"""",""""Examples"""":[]},""""Sensory Data"""":{""""Affected"""":""""No"""",""""Examples"""":[]},""""Professional or Employment-Related Information"""":{""""Affected"""":""""No"""",""""Examples"""":[]},""""Education Information"""":{""""Affected"""":""""No"""",""""Examples"""":[]},""""Inferences Drawn from Personal Information"""":{""""Affected"""":""""No"""",""""Examples"""":[]},""""Sensitive Personal Information"""":{""""Affected"""":""""Yes"""",""""Examples"""":[""""Social Security Number""""]},""""Customer Records"""":{""""Affected"""":""""No"""",""""Examples"""":[]}}}",BSO,VERIFIED,EDGAR name: CROWN CASTLE INC.,,0,,-2.8958,-9.459,-2.883,-9.3512,21.1349,13.9154,5351678.36,1477436.75,-7.2195,86339.0,CCI,window,1,9.6859,0.8166,0.0117,0.6143,1,1,0.0,0,0,1.0,0,0,0,1,94.0,2013-11-19,2013-11-19,1.500635,0.912772,-0.5878629999999999,2013.0,21,21,True,7359.0,73,1,0.0,1.0,Q2,2013,7.676149221680362e-05
1058290,2020-04-09,Cognizant Technology Solutions Corporation,Cognizant Technology Solutions Corporation,1,HACK,False,135,False,"The New Hampshire Office of the Attorney General reported a data breach involving Cognizant Technology Solutions Corporation on July 1, 2020. The breach, a ransomware attack, occurred between April 9 and 11, 2020, affecting personal information of approximately 135 individuals, including names, Social Security numbers, and corporate credit card details.",2020-07-01 00:00:00,2020-04-11 00:00:00,"{""""Encryption Status"""":""""Unencrypted"""",""""Categories Affected"""":{""""Personal Identifiers"""":{""""Affected"""":""""Yes"""",""""Examples"""":[""""Name"""",""""Social Security number"""",""""Corporate credit cardholder name""""]},""""Protected Classification Characteristics"""":{""""Affected"""":""""No"""",""""Examples"""":[]},""""Commercial Information"""":{""""Affected"""":""""No"""",""""Examples"""":[]},""""Biometric Information"""":{""""Affected"""":""""No"""",""""Examples"""":[]},""""Internet or Network Activity"""":{""""Affected"""":""""No"""",""""Examples"""":[]},""""Geolocation Data"""":{""""Affected"""":""""No"""",""""Examples"""":[]},""""Sensory Data"""":{""""Affected"""":""""No"""",""""Examples"""":[]},""""Professional or Employment-Related Information"""":{""""Affected"""":""""No"""",""""Examples"""":[]},""""Education Information"""":{""""Affected"""":""""No"""",""""Examples"""":[]},""""Inferences Drawn from Personal Information"""":{""""Affected"""":""""No"""",""""Examples"""":[]},""""Sensitive Personal Information"""":{""""Affected"""":""""Yes"""",""""Examples"""":[""""Social Security number"""",""""Corporate credit card number"""",""""Corporate credit card expiration date""""]},""""Customer Records"""":{""""Affected"""":""""Yes"""",""""Examples"""":[""""Corporate credit card number"""",""""Corporate credit card expiration date""""]}}}",BSO,VERIFIED,EDGAR name: COGNIZANT TECHNOLOGY SOLUTIONS CORP,,0,,0.5043,-7.1071,0.2274,-8.557,112.3361,46.17,1263955.6,1162060.18,-66.1661,86158.0,CTSH,window,1,9.693,0.3198,0.1137,0.1978,0,0,83.0,0,0,0.0,0,0,0,1,111.0,2020-04-09,2020-07-01,2.595345,2.084183,-0.5111620000000001,2020.0,21,21,True,7370.0,73,0,83.0,0.0,Q2,2020,-0.47768225257384467
1060391,2013-08-10,Republic Services,Republic Services,2,PORT,False,25416,True,"On August 26, 2013, the New Hampshire Department of Justice reported that Republic Services experienced a data incident on August 10, 2013, when an unencrypted, password protected laptop was stolen, potentially affecting 82,160 individuals, including 154 New Hampshire residents. The compromised data included names and social security numbers.",2013-08-26 00:00:00,2013-08-10 00:00:00,"{""""Encryption Status"""":""""Unencrypted"""",""""Categories Affected"""":{""""Personal Identifiers"""":{""""Affected"""":""""Yes"""",""""Examples"""":[""""Name"""",""""Social Security number""""]},""""Protected Classification Characteristics"""":{""""Affected"""":""""No"""",""""Examples"""":[]},""""Commercial Information"""":{""""Affected"""":""""No"""",""""Examples"""":[]},""""Biometric Information"""":{""""Affected"""":""""No"""",""""Examples"""":[]},""""Internet or Network Activity"""":{""""Affected"""":""""No"""",""""Examples"""":[]},""""Geolocation Data"""":{""""Affected"""":""""No"""",""""Examples"""":[]},""""Sensory Data"""":{""""Affected"""":""""No"""",""""Examples"""":[]},""""Professional or Employment-Related Information"""":{""""Affected"""":""""No"""",""""Examples"""":[]},""""Education Information"""":{""""Affected"""":""""No"""",""""Examples"""":[]},""""Inferences Drawn from Personal Information"""":{""""Affected"""":""""No"""",""""Examples"""":[]},""""Sensitive Personal Information"""":{""""Affected"""":""""Yes"""",""""Examples"""":[""""Social Security number""""]},""""Customer Records"""":{""""Affected"""":""""No"""",""""Examples"""":[]}}}",BSO,VERIFIED,EDGAR name: REPUBLIC SERVICES INC,"NEAR-DUPLICATE CHAIN CH-23: 2 firm-day events collapsed [2013-08-10, 2013-08-11] (Gate 2 signed; record-count gaps not a distinctness signal)",0,,-2.1004,-3.5113,-2.0789,-3.5755,14.8507,16.0866,489666.27,849108.76,1.2359,86228.0,RSG,window,1,9.8841,0.6072,0.0291,0.2823,0,0,16.0,0,0,0.0,0,1,1,1,16.0,2013-08-10,2013-08-26,1.109891,0.82081,-0.2890809999999999,2013.0,21,21,True,4953.0,49,0,16.0,0.0,Q2,2013,0.0
1060391,2013-08-26,Republic Services,Republic Services,1,PORT,False,1117,False,"The Massachusetts Office of Consumer Affairs and Business Regulation reported a data breach involving Republic Services on August 26, 2013. The breach affected 1,117 residents and involved the compromise of electronic records, specifically Social Security Numbers (SSNs).",2013-08-26 00:00:00,2013-08-26 00:00:00,"{""""Encryption Status"""":""""Unencrypted"""",""""Categories Affected"""":{""""Personal Identifiers"""":{""""Affected"""":""""Yes"""",""""Examples"""":[""""Social Security number""""]},""""Protected Classification Characteristics"""":{""""Affected"""":""""No"""",""""Examples"""":[]},""""Commercial Information"""":{""""Affected"""":""""No"""",""""Examples"""":[]},""""Biometric Information"""":{""""Affected"""":""""No"""",""""Examples"""":[]},""""Internet or Network Activity"""":{""""Affected"""":""""No"""",""""Examples"""":[]},""""Geolocation Data"""":{""""Affected"""":""""No"""",""""Examples"""":[]},""""Sensory Data"""":{""""Affected"""":""""No"""",""""Examples"""":[]},""""Professional or Employment-Related Information"""":{""""Affected"""":""""No"""",""""Examples"""":[]},""""Education Information"""":{""""Affected"""":""""No"""",""""Examples"""":[]},""""Inferences Drawn from Personal Information"""":{""""Affected"""":""""No"""",""""Examples"""":[]},""""Sensitive Personal Information"""":{""""Affected"""":""""Yes"""",""""Examples"""":[""""Social Security number""""]},""""Customer Records"""":{""""Affected"""":""""No"""",""""Examples"""":[]}}}",BSO,VERIFIED,EDGAR name: REPUBLIC SERVICES INC,,0,,-3.5176,-2.909,-3.4238,-2.9215,16.2901,14.5893,773671.64,1013648.41,-1.7008,86228.0,RSG,window,1,9.8841,0.6072,0.0291,0.2823,1,1,0.0,0,0,1.0,0,0,1,1,45.0,2013-08-26,2013-08-26,1.109891,0.82081,-0.2890809999999999,2013.0,21,21,True,4953.0,49,2,0.0,1.0,Q2,2013,0.0
1060391,2019-02-01,"Republic Services, Inc.","Republic Services, Inc | Republic Services, Inc.",2,HACK,False,3,True,"The Maryland Office of the Attorney General reported a data breach involving Republic Services, Inc. on September 19, 2021. The breach, which affected four Maryland residents, stemmed from unauthorized access to Flowers Sanitation, Inc.'s systems through its website payment portal, potentially exposing customers' names and payment card numbers along with expiration dates.",2021-09-19 00:00:00,2021-07-07 00:00:00,"{""""Encryption Status"""":""""Unencrypted"""",""""Categories Affected"""":{""""Personal Identifiers"""":{""""Affected"""":""""Yes"""",""""Examples"""":[""""Name""""]},""""Protected Classification Characteristics"""":{""""Affected"""":""""No"""",""""Examples"""":[]},""""Commercial Information"""":{""""Affected"""":""""No"""",""""Examples"""":[]},""""Biometric Information"""":{""""Affected"""":""""No"""",""""Examples"""":[]},""""Internet or Network Activity"""":{""""Affected"""":""""No"""",""""Examples"""":[]},""""Geolocation Data"""":{""""Affected"""":""""No"""",""""Examples"""":[]},""""Sensory Data"""":{""""Affected"""":""""No"""",""""Examples"""":[]},""""Professional or Employment-Related Information"""":{""""Affected"""":""""No"""",""""Examples"""":[]},""""Education Information"""":{""""Affected"""":""""No"""",""""Examples"""":[]},""""Inferences Drawn from Personal Information"""":{""""Affected"""":""""No"""",""""Examples"""":[]},""""Sensitive Personal Information"""":{""""Affected"""":""""Yes"""",""""Examples"""":[""""Payment card number"""",""""Expiration date""""]},""""Customer Records"""":{""""Affected"""":""""No"""",""""Examples"""":[]}}}",BSO,VERIFIED,EDGAR name: REPUBLIC SERVICES INC,"NEAR-DUPLICATE CHAIN CH-24: 2 firm-day events collapsed [2019-02-01, 2019-02-02] (Gate 2 signed; record-count gaps not a distinctness signal)",0,,-0.197,-1.757,-0.2126,-1.8361,19.1844,11.1533,364297.37,460701.88,-8.0311,86228.0,RSG,window,1,9.9812,0.6332,0.048,0.2792,2,0,961.0,0,0,0.0,0,0,1,1,89.0,2019-02-01,2021-09-19,0.818133,1.144628,0.326495,2021.0,21,21,True,4953.0,49,3,788.399999999998,2.0,Q2,2021,0.04878530050790353
1060391,2021-09-20,"Republic Services, Inc.","Republic Services, Inc.",1,HACK,False,1,False,"The Massachusetts Office of Consumer Affairs and Business Regulation reported a data breach involving Republic Services, Inc on September 20, 2021. The breach affected 1 resident and involved the compromise of credit/debit numbers from electronic records.",2021-09-20 00:00:00,2021-09-20 00:00:00,"{""""Encryption Status"""":""""Unencrypted"""",""""Categories Affected"""":{""""Personal Identifiers"""":{""""Affected"""":""""No"""",""""Examples"""":[]},""""Protected Classification Characteristics"""":{""""Affected"""":""""No"""",""""Examples"""":[]},""""Commercial Information"""":{""""Affected"""":""""No"""",""""Examples"""":[]},""""Biometric Information"""":{""""Affected"""":""""No"""",""""Examples"""":[]},""""Internet or Network Activity"""":{""""Affected"""":""""No"""",""""Examples"""":[]},""""Geolocation Data"""":{""""Affected"""":""""No"""",""""Examples"""":[]},""""Sensory Data"""":{""""Affected"""":""""No"""",""""Examples"""":[]},""""Professional or Employment-Related Information"""":{""""Affected"""":""""No"""",""""Examples"""":[]},""""Education Information"""":{""""Affected"""":""""No"""",""""Examples"""":[]},""""Inferences Drawn from Personal Information"""":{""""Affected"""":""""No"""",""""Examples"""":[]},""""Sensitive Personal Information"""":{""""Affected"""":""""Yes"""",""""Examples"""":[""""CreditDebitNumbers""""]},""""Customer Records"""":{""""Affected"""":""""No"""",""""Examples"""":[]}}}",BSO,VERIFIED,EDGAR name: REPUBLIC SERVICES INC,,0,,-0.8522,3.591,-0.8387,3.6898,13.2576,15.3832,399626.12,304278.37,2.1256,86228.0,RSG,window,1,10.0619,0.6378,0.0413,0.2979,3,0,0.0,0,0,1.0,0,0,0,0,,2021-09-20,2021-09-20,0.818133,1.144628,0.326495,2021.0,21,21,True,4953.0,49,5,0.0,3.0,Q2,2021,0.04878530050790353
1060391,2022-04-09,"Republic Services, Inc.","Republic Services, Inc.",1,HACK,False,1,False,"The Indiana Office of the Attorney General reported that Republic Services, Inc experienced a data breach on April 9, 2022, affecting a total of 1 individual. The breach was reported on June 3, 2022.",2022-06-03 00:00:00,2022-04-09 00:00:00,"{""""Encryption Status"""":""""UNKN"""",""""Categories Affected"""":{""""Personal Identifiers"""":{""""Affected"""":""""UNKN"""",""""Examples"""":[]},""""Protected Classification Characteristics"""":{""""Affected"""":""""UNKN"""",""""Examples"""":[]},""""Commercial Information"""":{""""Affected"""":""""UNKN"""",""""Examples"""":[]},""""Biometric Information"""":{""""Affected"""":""""UNKN"""",""""Examples"""":[]},""""Internet or Network Activity"""":{""""Affected"""":""""UNKN"""",""""Examples"""":[]},""""Geolocation Data"""":{""""Affected"""":""""UNKN"""",""""Examples"""":[]},""""Sensory Data"""":{""""Affected"""":""""UNKN"""",""""Examples"""":[]},""""Professional or Employment-Related Information"""":{""""Affected"""":""""UNKN"""",""""Examples"""":[]},""""Education Information"""":{""""Affected"""":""""UNKN"""",""""Examples"""":[]},""""Inferences Drawn from Personal Information"""":{""""Affected"""":""""UNKN"""",""""Examples"""":[]},""""Sensitive Personal Information"""":{""""Affected"""":""""UNKN"""",""""Examples"""":[]},""""Customer Records"""":{""""Affected"""":""""UNKN"""",""""Examples"""":[]}}}",BSO,VERIFIED,EDGAR name: REPUBLIC SERVICES INC,,0,,-0.1365,8.8671,-0.1195,8.3249,21.3886,28.1328,491672.81,474219.37,6.7442,86228.0,RSG,window,1,10.1248,0.6402,0.0517,0.2958,4,1,55.0,0,0,0.0,0,0,0,0,,2022-04-09,2022-06-03,1.957671,1.565745,-0.391926,2022.0,21,21,True,4953.0,49,6,55.0,4.0,Q2,2022,-0.1464455091104946
1091667,2008-07-14,"Charter Communications, Inc.","Charter Communications, Inc.",1,PORT,False,15,False,"The New Hampshire Department of Justice reported a data breach involving Charter Communications on August 5, 2008. The breach, which occurred on July 14, 2008, involved the theft of twelve laptops, one of which contained the personal information of fifteen employees, including names, social security numbers, and driver's license numbers. Affected individuals were to be notified starting August 6, 2008.",2008-08-05 00:00:00,2008-07-14 00:00:00,"{""""Encryption Status"""":""""Unencrypted"""",""""Categories Affected"""":{""""Personal Identifiers"""":{""""Affected"""":""""Yes"""",""""Examples"""":[""""Names"""",""""Social Security numbers"""",""""Driver's license numbers""""]},""""Protected Classification Characteristics"""":{""""Affected"""":""""No"""",""""Examples"""":[]},""""Commercial Information"""":{""""Affected"""":""""No"""",""""Examples"""":[]},""""Biometric Information"""":{""""Affected"""":""""No"""",""""Examples"""":[]},""""Internet or Network Activity"""":{""""Affected"""":""""No"""",""""Examples"""":[]},""""Geolocation Data"""":{""""Affected"""":""""No"""",""""Examples"""":[]},""""Sensory Data"""":{""""Affected"""":""""No"""",""""Examples"""":[]},""""Professional or Employment-Related Information"""":{""""Affected"""":""""No"""",""""Examples"""":[]},""""Education Information"""":{""""Affected"""":""""No"""",""""Examples"""":[]},""""Inferences Drawn from Personal Information"""":{""""Affected"""":""""No"""",""""Examples"""":[]},""""Sensitive Personal Information"""":{""""Affected"""":""""Yes"""",""""Examples"""":[""""Social Security numbers"""",""""Driver's license numbers""""]},""""Customer Records"""":{""""Affected"""":""""No"""",""""Examples"""":[]}}}",BSO,VERIFIED-GATE1,Gate1-C: traded registrant via ticker (ticker CHTR -> CIK 1091667),,1,Clause (b): parent brand of Charter Communications Operating LLC (7/28),-0.5438,1.2061,-0.8338,-1.5701,63.5681,80.5843,2502447.57,1474927.36,17.0162,87378.0,CHTR,window,1,9.5933,1.5242,-0.1102,0.3487,0,0,22.0,0,0,0.0,0,0,1,1,78.0,2008-07-14,2008-08-05,5.106724,2.484302,-2.622422,2008.0,21,21,True,4841.0,48,0,22.0,0.0,Q2,2008,-0.12135128866173872
1091667,2008-08-11,Charter Communications,Charter Communications,1,PORT,False,472,False,"The Massachusetts Office of Consumer Affairs and Business Regulation reported a data breach involving Charter Communications on August 11, 2008. The breach affected 472 residents, compromising electronic records specifically including Social Security Numbers (SSNs) and Driver's Licenses.",2008-08-11 00:00:00,2008-08-11 00:00:00,"{""""Encryption Status"""":""""Unencrypted"""",""""Categories Affected"""":{""""Personal Identifiers"""":{""""Affected"""":""""Yes"""",""""Examples"""":[""""Social Security number"""",""""Driver's license number""""]},""""Protected Classification Characteristics"""":{""""Affected"""":""""No"""",""""Examples"""":[]},""""Commercial Information"""":{""""Affected"""":""""No"""",""""Examples"""":[]},""""Biometric Information"""":{""""Affected"""":""""No"""",""""Examples"""":[]},""""Internet or Network Activity"""":{""""Affected"""":""""No"""",""""Examples"""":[]},""""Geolocation Data"""":{""""Affected"""":""""No"""",""""Examples"""":[]},""""Sensory Data"""":{""""Affected"""":""""No"""",""""Examples"""":[]},""""Professional or Employment-Related Information"""":{""""Affected"""":""""No"""",""""Examples"""":[]},""""Education Information"""":{""""Affected"""":""""No"""",""""Examples"""":[]},""""Inferences Drawn from Personal Information"""":{""""Affected"""":""""No"""",""""Examples"""":[]},""""Sensitive Personal Information"""":{""""Affected"""":""""Yes"""",""""Examples"""":[""""Social Security number"""",""""Driver's license number""""]},""""Customer Records"""":{""""Affected"""":""""No"""",""""Examples"""":[]}}}",BSO,VERIFIED-GATE1,Gate1-C: traded registrant via ticker (ticker CHTR -> CIK 1091667),,1,Clause (b): parent brand of Charter Communications Operating LLC (7/28),3.8205,-13.1825,3.7436,-13.4408,76.027,39.9177,1552551.84,841253.39,-36.1093,87378.0,CHTR,window,1,9.5933,1.5242,-0.1102,0.3487,1,1,0.0,0,0,1.0,0,0,1,1,50.0,2008-08-11,2008-08-11,4.975893,3.105163,-1.87073,2008.0,21,21,True,4841.0,48,1,0.0,1.0,Q2,2008,-0.3550211326208892
1091667,2013-04-26,"Charter Communications, Inc.","Charter Communications, Inc.",1,PHYS,False,2,False,"The Massachusetts Office of Consumer Affairs and Business Regulation reported a data breach involving Charter Communications, Inc. on April 26, 2013. The breach affected 2 residents and involved the compromise of paper records containing credit/debit numbers.",2013-04-26 00:00:00,2013-04-26 00:00:00,"{""""Encryption Status"""":""""Unencrypted"""",""""Categories Affected"""":{""""Personal Identifiers"""":{""""Affected"""":""""No"""",""""Examples"""":[]},""""Protected Classification Characteristics"""":{""""Affected"""":""""No"""",""""Examples"""":[]},""""Commercial Information"""":{""""Affected"""":""""No"""",""""Examples"""":[]},""""Biometric Information"""":{""""Affected"""":""""No"""",""""Examples"""":[]},""""Internet or Network Activity"""":{""""Affected"""":""""No"""",""""Examples"""":[]},""""Geolocation Data"""":{""""Affected"""":""""No"""",""""Examples"""":[]},""""Sensory Data"""":{""""Affected"""":""""No"""",""""Examples"""":[]},""""Professional or Employment-Related Information"""":{""""Affected"""":""""No"""",""""Examples"""":[]},""""Education Information"""":{""""Affected"""":""""No"""",""""Examples"""":[]},""""Inferences Drawn from Personal Information"""":{""""Affected"""":""""No"""",""""Examples"""":[]},""""Sensitive Personal Information"""":{""""Affected"""":""""Yes"""",""""Examples"""":[""""CreditDebitNumbers""""]},""""Customer Records"""":{""""Affected"""":""""No"""",""""Examples"""":[]}}}",BSO,VERIFIED-GATE1,Gate1-C: traded registrant via ticker (ticker CHTR -> CIK 1091667),,1,Clause (b): parent brand of Charter Communications Operating LLC (7/28),1.6068,7.5148,1.6334,7.8303,37.0449,21.5436,1201115.15,357469.59,-15.5013,12308.0,CHTR,window,1,9.655,0.9904,-0.0195,0.3497,2,0,0.0,0,0,1.0,0,1,1,1,6.0,2013-04-26,2013-04-26,1.301219,1.366795,0.06557600000000008,2013.0,21,21,True,4841.0,48,2,0.0,2.0,Q2,2013,-0.3060823188052264
1091667,2014-01-21,"Charter Communications, Inc.","Charter Communications, Inc.",1,PHYS,False,30,False,"The Massachusetts Office of Consumer Affairs and Business Regulation reported a data breach involving Charter Communications, Inc. on January 21, 2014. The breach compromised the electronic records of 1 resident, specifically affecting their Social Security Number (SSN).",2014-01-21 00:00:00,2014-01-21 00:00:00,"{""""Encryption Status"""":""""Unencrypted"""",""""Categories Affected"""":{""""Personal Identifiers"""":{""""Affected"""":""""Yes"""",""""Examples"""":[""""Social Security Number""""]},""""Protected Classification Characteristics"""":{""""Affected"""":""""No"""",""""Examples"""":[]},""""Commercial Information"""":{""""Affected"""":""""No"""",""""Examples"""":[]},""""Biometric Information"""":{""""Affected"""":""""No"""",""""Examples"""":[]},""""Internet or Network Activity"""":{""""Affected"""":""""No"""",""""Examples"""":[]},""""Geolocation Data"""":{""""Affected"""":""""No"""",""""Examples"""":[]},""""Sensory Data"""":{""""Affected"""":""""No"""",""""Examples"""":[]},""""Professional or Employment-Related Information"""":{""""Affected"""":""""No"""",""""Examples"""":[]},""""Education Information"""":{""""Affected"""":""""No"""",""""Examples"""":[]},""""Inferences Drawn from Personal Information"""":{""""Affected"""":""""No"""",""""Examples"""":[]},""""Sensitive Personal Information"""":{""""Affected"""":""""Yes"""",""""Examples"""":[""""Social Security Number""""]},""""Customer Records"""":{""""Affected"""":""""No"""",""""Examples"""":[]}}}",BSO,VERIFIED-GATE1,Gate1-C: traded registrant via ticker (ticker CHTR -> CIK 1091667),,1,Clause (b): parent brand of Charter Communications Operating LLC (7/28),4.2337,-7.3331,4.1399,-7.7358,18.1389,30.3605,459180.07,1937652.16,12.2216,12308.0,CHTR,window,1,9.7582,0.9913,-0.0098,0.3501,3,1,0.0,0,0,1.0,0,1,1,1,1.0,2014-01-21,2014-01-21,1.096482,2.026805,0.930323,2014.0,21,21,True,4841.0,48,3,0.0,3.0,Q2,2014,0.023259744102613444
1091667,2014-09-30,Charter Communication,Charter Communication,1,HACK,False,1,False,"The Massachusetts Office of Consumer Affairs and Business Regulation reported a data breach involving Charter Communication on September 30, 2014. One resident was affected, with compromised information including Social Security Number (SSN) and Account Number.",2014-09-30 00:00:00,2014-09-30 00:00:00,"{""""Encryption Status"""":""""Unencrypted"""",""""Categories Affected"""":{""""Personal Identifiers"""":{""""Affected"""":""""Yes"""",""""Examples"""":[""""Social Security Number""""]},""""Protected Classification Characteristics"""":{""""Affected"""":""""No"""",""""Examples"""":[]},""""Commercial Information"""":{""""Affected"""":""""No"""",""""Examples"""":[]},""""Biometric Information"""":{""""Affected"""":""""No"""",""""Examples"""":[]},""""Internet or Network Activity"""":{""""Affected"""":""""No"""",""""Examples"""":[]},""""Geolocation Data"""":{""""Affected"""":""""No"""",""""Examples"""":[]},""""Sensory Data"""":{""""Affected"""":""""No"""",""""Examples"""":[]},""""Professional or Employment-Related Information"""":{""""Affected"""":""""No"""",""""Examples"""":[]},""""Education Information"""":{""""Affected"""":""""No"""",""""Examples"""":[]},""""Inferences Drawn from Personal Information"""":{""""Affected"""":""""No"""",""""Examples"""":[]},""""Sensitive Personal Information"""":{""""Affected"""":""""Yes"""",""""Examples"""":[""""Social Security Number""""]},""""Customer Records"""":{""""Affected"""":""""Yes"""",""""Examples"""":[""""Account Number""""]}}}",BSO,VERIFIED-GATE1,Gate1-C: traded registrant via ticker (ticker CHTR -> CIK 1091667),,1,Clause (b): parent brand of Charter Communications Operating LLC (7/28),-0.0797,-7.9306,-0.151,-8.3599,14.417,31.1265,395188.57,414715.57,16.7095,12308.0,CHTR,window,1,9.7582,0.9913,-0.0098,0.3501,4,1,0.0,0,0,1.0,0,0,0,1,164.0,2014-09-30,2014-09-30,0.919847,2.000178,1.0803310000000002,2014.0,21,21,True,4841.0,48,4,0.0,4.0,Q2,2014,0.2974274587612322
1091667,2022-12-21,Charter Communications,Charter Communications,1,HACK,False,13365,False,"The Oregon Department of Justice reported a data breach involving Charter Communications on February 10, 2023. The breach occurred between December 21, 2022, and December 27, 2022, with a total of 13,365 individuals affected. Notification letters were sent on January 7, 2023, following the discovery of the breach on December 25, 2022.",2023-02-10 00:00:00,2022-12-27 00:00:00,"{""""Encryption Status"""":""""UNKN"""",""""Categories Affected"""":{""""Personal Identifiers"""":{""""Affected"""":""""UNKN"""",""""Examples"""":[]},""""Protected Classification Characteristics"""":{""""Affected"""":""""UNKN"""",""""Examples"""":[]},""""Commercial Information"""":{""""Affected"""":""""UNKN"""",""""Examples"""":[]},""""Biometric Information"""":{""""Affected"""":""""UNKN"""",""""Examples"""":[]},""""Internet or Network Activity"""":{""""Affected"""":""""UNKN"""",""""Examples"""":[]},""""Geolocation Data"""":{""""Affected"""":""""UNKN"""",""""Examples"""":[]},""""Sensory Data"""":{""""Affected"""":""""UNKN"""",""""Examples"""":[]},""""Professional or Employment-Related Information"""":{""""Affected"""":""""UNKN"""",""""Examples"""":[]},""""Education Information"""":{""""Affected"""":""""UNKN"""",""""Examples"""":[]},""""Inferences Drawn from Personal Information"""":{""""Affected"""":""""UNKN"""",""""Examples"""":[]},""""Sensitive Personal Information"""":{""""Affected"""":""""UNKN"""",""""Examples"""":[]},""""Customer Records"""":{""""Affected"""":""""UNKN"""",""""Examples"""":[]}}}",BSO,VERIFIED-GATE1,Gate1-C: traded registrant via ticker (ticker CHTR -> CIK 1091667),,1,Clause (b): parent brand of Charter Communications Operating LLC (7/28),8.4836,19.1859,8.8155,22.3291,61.5803,23.3802,1089042.45,330675.09,-38.2001,12308.0,CHTR,window,1,11.867,0.8726,0.0327,0.3909,5,0,51.0,0,0,0.0,0,0,1,1,65.0,2022-12-21,2023-02-10,1.981319,1.936953,-0.04436600000000013,2023.0,21,21,True,4841.0,48,5,51.0,5.0,Q4 (largest),2023,3.6420466642539395e-10
1091667,2023-01-01,"Charter Communications, Inc.","Charter Communications, Inc.",1,HACK,False,550000,False,Third-party vendor compromise led to customer data leaks,2023-01-01 00:00:00,2023-01-01 00:00:00,"Names, addresses, account numbers, contact info",BSO,VERIFIED-GATE1,Gate1-C: traded registrant via ticker (ticker CHTR -> CIK 1091667),,1,Clause (b): parent brand of Charter Communications Operating LLC (7/28),6.5556,9.0761,6.8051,9.8257,60.8684,29.6734,1071637.24,435360.83,-31.195,12308.0,CHTR,window,1,11.8812,0.9132,0.035,0.3914,6,1,0.0,0,0,1.0,0,0,1,1,54.0,2023-01-01,2023-01-01,4.407235,1.9591,-2.4481349999999997,2022.0,21,21,True,4841.0,48,6,0.0,6.0,Q4 (largest),2022,-0.18142862769245793
1091667,2023-09-01,"Charter Communications, Inc.","Charter Communications, Inc.",1,HACK,False,1,False,"The California Office of the Attorney General reported a data breach involving Charter Communications, Inc. on September 1, 2023. The breach involved suspected unauthorized activity on a limited number of Spectrum.net accounts, although the specific breach date is not available.",2023-09-01 00:00:00,2023-09-01 00:00:00,"{""""Encryption Status"""":""""Unencrypted"""",""""Categories Affected"""":{""""Personal Identifiers"""":{""""Affected"""":""""Yes"""",""""Examples"""":[""""Username"""",""""Name"""",""""Address"""",""""Phone number"""",""""Email address"""",""""Spectrum account number""""]},""""Protected Classification Characteristics"""":{""""Affected"""":""""No"""",""""Examples"""":[]},""""Commercial Information"""":{""""Affected"""":""""Yes"""",""""Examples"""":[""""Billing statements"""",""""Information about services subscribed""""]},""""Biometric Information"""":{""""Affected"""":""""No"""",""""Examples"""":[]},""""Internet or Network Activity"""":{""""Affected"""":""""No"""",""""Examples"""":[]},""""Geolocation Data"""":{""""Affected"""":""""No"""",""""Examples"""":[]},""""Sensory Data"""":{""""Affected"""":""""No"""",""""Examples"""":[]},""""Professional or Employment-Related Information"""":{""""Affected"""":""""No"""",""""Examples"""":[]},""""Education Information"""":{""""Affected"""":""""No"""",""""Examples"""":[]},""""Inferences Drawn from Personal Information"""":{""""Affected"""":""""No"""",""""Examples"""":[]},""""Sensitive Personal Information"""":{""""Affected"""":""""No"""",""""Examples"""":[]},""""Customer Records"""":{""""Affected"""":""""Yes"""",""""Examples"""":[""""Phone number"""",""""Billing statements"""",""""Spectrum account number""""]}}}",BSO,VERIFIED-GATE1,Gate1-C: traded registrant via ticker (ticker CHTR -> CIK 1091667),,1,Clause (b): parent brand of Charter Communications Operating LLC (7/28),0.3001,7.5042,0.0934,7.184,24.0141,30.4772,376863.83,458193.12,6.4631,12308.0,CHTR,window,1,11.8812,0.9132,0.035,0.3914,7,2,0.0,0,0,1.0,0,0,1,1,54.0,2023-09-01,2023-09-01,1.055223,1.502777,0.447554,2023.0,21,21,True,4841.0,48,7,0.0,7.0,Q4 (largest),2023,-0.052735559792285835
1108524,2008-02-07,Salesforce.com,Salesforce.com | salesforce.com,2,PORT,False,13,True,"The New Hampshire Attorney General reported on February 7, 2008, that salesforce.com experienced a theft of an unencrypted external storage device potentially compromising personal information of approximately 6 current and former employees, including names, Social Security numbers, and dates of birth. No misuse of the information has been indicated as of the report.",2008-02-07 00:00:00,2008-02-07 00:00:00,"{""""Encryption Status"""":""""Unencrypted"""",""""Categories Affected"""":{""""Personal Identifiers"""":{""""Affected"""":""""Yes"""",""""Examples"""":[""""Name"""",""""Social Security number""""]},""""Protected Classification Characteristics"""":{""""Affected"""":""""No"""",""""Examples"""":[]},""""Commercial Information"""":{""""Affected"""":""""No"""",""""Examples"""":[]},""""Biometric Information"""":{""""Affected"""":""""No"""",""""Examples"""":[]},""""Internet or Network Activity"""":{""""Affected"""":""""No"""",""""Examples"""":[]},""""Geolocation Data"""":{""""Affected"""":""""No"""",""""Examples"""":[]},""""Sensory Data"""":{""""Affected"""":""""No"""",""""Examples"""":[]},""""Professional or Employment-Related Information"""":{""""Affected"""":""""No"""",""""Examples"""":[]},""""Education Information"""":{""""Affected"""":""""No"""",""""Examples"""":[]},""""Inferences Drawn from Personal Information"""":{""""Affected"""":""""No"""",""""Examples"""":[]},""""Sensitive Personal Information"""":{""""Affected"""":""""Yes"""",""""Examples"""":[""""Social Security number""""]},""""Customer Records"""":{""""Affected"""":""""No"""",""""Examples"""":[]}}}",BSO,VERIFIED,EDGAR name: SALESFORCE COM INC,,0,,12.7479,23.1406,13.2856,23.1683,51.728,77.5825,641847.25,1742842.91,25.8545,90215.0,CRM,window,1,6.9936,0.5769,0.0168,0.0598,0,0,0.0,0,0,1.0,0,1,1,1,29.0,2008-02-07,2008-02-07,3.047268,4.296569,1.249301,2008.0,21,21,True,7372.0,73,0,0.0,0.0,Q1 (smallest),2008,0.6285636293354409
1123360,2012-06-22,"Global Payments, Inc.","Global Payments, Inc.",1,HACK,False,1500000,False,"On June 22, 2012, the New Hampshire Department of Justice reported a data breach involving Global Payments, Inc. The breach involved potential unauthorized access to personal information from a subset of merchant applicants, but it is unclear what specific information was taken or viewed. The number of individuals affected is unknown.",2012-06-22 00:00:00,2012-06-22 00:00:00,"{""""Encryption Status"""":""""Unencrypted"""",""""Categories Affected"""":{""""Personal Identifiers"""":{""""Affected"""":""""Yes"""",""""Examples"""":[""""Name"""",""""Social Security number"""",""""Business bank account number""""]},""""Protected Classification Characteristics"""":{""""Affected"""":""""No"""",""""Examples"""":[]},""""Commercial Information"""":{""""Affected"""":""""No"""",""""Examples"""":[]},""""Biometric Information"""":{""""Affected"""":""""No"""",""""Examples"""":[]},""""Internet or Network Activity"""":{""""Affected"""":""""No"""",""""Examples"""":[]},""""Geolocation Data"""":{""""Affected"""":""""No"""",""""Examples"""":[]},""""Sensory Data"""":{""""Affected"""":""""No"""",""""Examples"""":[]},""""Professional or Employment-Related Information"""":{""""Affected"""":""""No"""",""""Examples"""":[]},""""Education Information"""":{""""Affected"""":""""No"""",""""Examples"""":[]},""""Inferences Drawn from Personal Information"""":{""""Affected"""":""""No"""",""""Examples"""":[]},""""Sensitive Personal Information"""":{""""Affected"""":""""Yes"""",""""Examples"""":[""""Social Security number"""",""""Business bank account number""""]},""""Customer Records"""":{""""Affected"""":""""No"""",""""Examples"""":[]}}}",BSO,VERIFIED,EDGAR name: GLOBAL PAYMENTS INC,,0,,3.1154,0.722,3.1992,0.5213,24.7788,21.9265,302651.57,480400.34,-2.8523,88873.0,GPN,window,1,7.8966,0.4623,0.07,0.2297,0,0,0.0,0,0,1.0,0,1,1,1,26.0,2012-06-22,2012-06-22,1.575311,1.656902,0.08159100000000019,2012.0,21,21,True,7374.0,73,0,0.0,0.0,Q1 (smallest),2012,0.04105951223470772
1123360,2012-07-25,Global Payments Inc.,Global Payments Inc.,1,HACK,False,2,False,"The Massachusetts Office of Consumer Affairs and Business Regulation reported on July 25, 2012, that Global Payments Inc. experienced a data breach affecting electronic records, specifically compromising credit and debit numbers.",2012-07-25 00:00:00,2012-07-25 00:00:00,"{""""Encryption Status"""":""""Unencrypted"""",""""Categories Affected"""":{""""Personal Identifiers"""":{""""Affected"""":""""No"""",""""Examples"""":[]},""""Protected Classification Characteristics"""":{""""Affected"""":""""No"""",""""Examples"""":[]},""""Commercial Information"""":{""""Affected"""":""""No"""",""""Examples"""":[]},""""Biometric Information"""":{""""Affected"""":""""No"""",""""Examples"""":[]},""""Internet or Network Activity"""":{""""Affected"""":""""No"""",""""Examples"""":[]},""""Geolocation Data"""":{""""Affected"""":""""No"""",""""Examples"""":[]},""""Sensory Data"""":{""""Affected"""":""""No"""",""""Examples"""":[]},""""Professional or Employment-Related Information"""":{""""Affected"""":""""No"""",""""Examples"""":[]},""""Education Information"""":{""""Affected"""":""""No"""",""""Examples"""":[]},""""Inferences Drawn from Personal Information"""":{""""Affected"""":""""No"""",""""Examples"""":[]},""""Sensitive Personal Information"""":{""""Affected"""":""""Yes"""",""""Examples"""":[""""Credit card numbers"""",""""Debit card numbers""""]},""""Customer Records"""":{""""Affected"""":""""Yes"""",""""Examples"""":[""""Credit card numbers"""",""""Debit card numbers""""]}}}",BSO,VERIFIED,EDGAR name: GLOBAL PAYMENTS INC,,0,,-1.7767,-6.9492,-1.9213,-7.4198,24.2574,24.2907,427903.68,481384.22,0.0333,88873.0,GPN,window,1,7.8966,0.4623,0.07,0.2297,1,1,0.0,0,0,1.0,0,0,0,0,,2012-07-25,2012-07-25,1.472553,1.118084,-0.3544689999999999,2012.0,21,21,True,7374.0,73,1,0.0,1.0,Q1 (smallest),2012,-0.05280006421120276
1136893,2007-09-24,"Fidelity National Information Services, Inc.","Fidelity National Information Services, Inc.",1,PORT,False,22,False,"The New Hampshire Department of Justice reported a data breach involving Fidelity National Information Services, Inc. on September 27, 2007. The breach occurred due to the theft of a laptop containing nonpublic information of 37 New Hampshire residents, including personal details of employees from FIS and Fidelity National Financial, Inc.",2007-09-27 00:00:00,2007-09-24 00:00:00,"{""""Encryption Status"""":""""Unencrypted"""",""""Categories Affected"""":{""""Personal Identifiers"""":{""""Affected"""":""""Yes"""",""""Examples"""":[""""Name"""",""""Social Security number"""",""""Employee number"""",""""Address"""",""""Email address"""",""""Date of birth""""]},""""Protected Classification Characteristics"""":{""""Affected"""":""""No"""",""""Examples"""":[]},""""Commercial Information"""":{""""Affected"""":""""No"""",""""Examples"""":[]},""""Biometric Information"""":{""""Affected"""":""""No"""",""""Examples"""":[]},""""Internet or Network Activity"""":{""""Affected"""":""""No"""",""""Examples"""":[]},""""Geolocation Data"""":{""""Affected"""":""""No"""",""""Examples"""":[]},""""Sensory Data"""":{""""Affected"""":""""No"""",""""Examples"""":[]},""""Professional or Employment-Related Information"""":{""""Affected"""":""""Yes"""",""""Examples"""":[""""Employee number"""",""""Certain payroll information""""]},""""Education Information"""":{""""Affected"""":""""No"""",""""Examples"""":[]},""""Inferences Drawn from Personal Information"""":{""""Affected"""":""""No"""",""""Examples"""":[]},""""Sensitive Personal Information"""":{""""Affected"""":""""Yes"""",""""Examples"""":[""""Social Security number""""]},""""Customer Records"""":{""""Affected"""":""""No"""",""""Examples"""":[]}}}",BSO,VERIFIED-GATE1,Gate1-A (FIS; Certegy renamed 2006 - legitimately FIS despite sink history),,0,,-3.5291,-2.9817,-3.5401,-3.07,28.0088,19.9491,1432980.86,840051.88,-8.0597,89003.0,FIS,window,1,8.9399,0.5864,0.034,0.2409,0,0,3.0,0,0,1.0,0,0,1,1,53.0,2007-09-24,2007-09-27,1.837087,1.420074,-0.41701299999999986,2007.0,21,21,True,7374.0,73,0,3.0,0.0,Q2,2007,-0.0385380488473579
1136893,2023-05-01,"Fidelity National Information Services, Inc.","Fidelity National Information Services, Inc.",1,HACK,False,6,False,"The California Office of the Attorney General reported a data breach involving Fidelity National Information Services, Inc. on October 4, 2023. The breach occurred due to a vulnerability in Progress Software's MOVEit Transfer software, affecting personal information of individuals associated with H&R Block's Emerald Card, with some personal details such as Social Security numbers and addresses potentially compromised. The attack dates are noted as May 27 and May 31, 2023.",2023-10-04 00:00:00,2023-05-01 00:00:00,"{""""Encryption Status"""":""""Unencrypted"""",""""Categories Affected"""":{""""Personal Identifiers"""":{""""Affected"""":""""Yes"""",""""Examples"""":[""""Names"""",""""Address"""",""""Social Security Number"""",""""Date of birth"""",""""Driver’s license number"""",""""Email address"""",""""Phone number"""",""""Card number"""",""""Card Account number"""",""""Card expiration date"""",""""Other Card information""""]},""""Protected Classification Characteristics"""":{""""Affected"""":""""No"""",""""Examples"""":[]},""""Commercial Information"""":{""""Affected"""":""""No"""",""""Examples"""":[]},""""Biometric Information"""":{""""Affected"""":""""No"""",""""Examples"""":[]},""""Internet or Network Activity"""":{""""Affected"""":""""No"""",""""Examples"""":[]},""""Geolocation Data"""":{""""Affected"""":""""No"""",""""Examples"""":[]},""""Sensory Data"""":{""""Affected"""":""""No"""",""""Examples"""":[]},""""Professional or Employment-Related Information"""":{""""Affected"""":""""No"""",""""Examples"""":[]},""""Education Information"""":{""""Affected"""":""""No"""",""""Examples"""":[]},""""Inferences Drawn from Personal Information"""":{""""Affected"""":""""No"""",""""Examples"""":[]},""""Sensitive Personal Information"""":{""""Affected"""":""""Yes"""",""""Examples"""":[""""Social Security Number"""",""""Driver’s license number""""]},""""Customer Records"""":{""""Affected"""":""""Yes"""",""""Examples"""":[""""Phone number"""",""""Card number"""",""""Card Account number"""",""""Card expiration date"""",""""Other Card information""""]}}}",BSO,VERIFIED-GATE1,Gate1-A (FIS; Certegy renamed 2006 - legitimately FIS despite sink history),,0,,-3.8992,-9.5124,-4.1382,-10.0632,32.3092,38.525,1317690.29,2562541.38,6.2158,89003.0,FIS,window,1,11.0553,0.5669,-0.2642,0.3705,1,0,156.0,0,0,0.0,0,1,1,1,25.0,2023-05-01,2023-10-04,1.165202,2.195533,1.030331,2023.0,21,21,True,7374.0,73,1,156.0,1.0,Q3,2023,0.46425043448720427
1136893,2023-05-27,"Fidelity National Information Services, Inc.","Fidelity National Information Services, Inc.",8,HACK,False,793626,True,"The Oregon Department of Justice reported that Fidelity National Information Services, Inc. experienced a data breach affecting 793,626 individuals. The breach occurred between May 27, 2023, and May 31, 2023, with the incident discovered on July 12, 2023, and notifications sent on September 27, 2023.",2023-08-11 00:00:00,2023-05-31 00:00:00,"{""""Encryption Status"""":""""Unencrypted"""",""""Categories Affected"""":{""""Personal Identifiers"""":{""""Affected"""":""""UNKN"""",""""Examples"""":[]},""""Protected Classification Characteristics"""":{""""Affected"""":""""UNKN"""",""""Examples"""":[]},""""Commercial Information"""":{""""Affected"""":""""UNKN"""",""""Examples"""":[]},""""Biometric Information"""":{""""Affected"""":""""UNKN"""",""""Examples"""":[]},""""Internet or Network Activity"""":{""""Affected"""":""""UNKN"""",""""Examples"""":[]},""""Geolocation Data"""":{""""Affected"""":""""UNKN"""",""""Examples"""":[]},""""Sensory Data"""":{""""Affected"""":""""UNKN"""",""""Examples"""":[]},""""Professional or Employment-Related Information"""":{""""Affected"""":""""UNKN"""",""""Examples"""":[]},""""Education Information"""":{""""Affected"""":""""UNKN"""",""""Examples"""":[]},""""Inferences Drawn from Personal Information"""":{""""Affected"""":""""UNKN"""",""""Examples"""":[]},""""Sensitive Personal Information"""":{""""Affected"""":""""UNKN"""",""""Examples"""":[]},""""Customer Records"""":{""""Affected"""":""""UNKN"""",""""Examples"""":[]}}}",BSO,VERIFIED-GATE1,Gate1-A (FIS; Certegy renamed 2006 - legitimately FIS despite sink history),"CAMPAIGN CH-25: 3 firm-day events collapsed [2023-05-27, 2023-05-29, 2023-05-31] (Gate 2 signed; record-count gaps not a distinctness signal)",0,,-0.3514,3.9513,-0.3813,3.9723,37.192,15.1994,1412968.46,3352605.57,-21.9926,89003.0,FIS,window,1,11.0553,0.5669,-0.2642,0.3705,2,1,76.0,0,0,0.0,0,0,1,1,87.0,2023-05-27,2023-08-11,1.68177,1.125168,-0.556602,2023.0,21,21,True,7374.0,73,2,76.0,2.0,Q3,2023,-0.2075411892699175
1136893,2023-06-21,"Fidelity National Information Services, Inc.","Fidelity National Information Services, Inc.",1,HACK,False,167,False,"The Massachusetts Office of Consumer Affairs and Business Regulation reported that Fidelity National Information Services, Inc. experienced a data breach on June 21, 2023, affecting 167 residents. The compromised information included electronic records containing Social Security Numbers (SSN).",2023-06-21 00:00:00,2023-06-21 00:00:00,"{""""Encryption Status"""":""""Unencrypted"""",""""Categories Affected"""":{""""Personal Identifiers"""":{""""Affected"""":""""Yes"""",""""Examples"""":[""""Social Security Number""""]},""""Protected Classification Characteristics"""":{""""Affected"""":""""No"""",""""Examples"""":[]},""""Commercial Information"""":{""""Affected"""":""""No"""",""""Examples"""":[]},""""Biometric Information"""":{""""Affected"""":""""No"""",""""Examples"""":[]},""""Internet or Network Activity"""":{""""Affected"""":""""No"""",""""Examples"""":[]},""""Geolocation Data"""":{""""Affected"""":""""No"""",""""Examples"""":[]},""""Sensory Data"""":{""""Affected"""":""""No"""",""""Examples"""":[]},""""Professional or Employment-Related Information"""":{""""Affected"""":""""No"""",""""Examples"""":[]},""""Education Information"""":{""""Affected"""":""""No"""",""""Examples"""":[]},""""Inferences Drawn from Personal Information"""":{""""Affected"""":""""No"""",""""Examples"""":[]},""""Sensitive Personal Information"""":{""""Affected"""":""""Yes"""",""""Examples"""":[""""Social Security Number""""]},""""Customer Records"""":{""""Affected"""":""""No"""",""""Examples"""":[]}}}",BSO,VERIFIED-GATE1,Gate1-A (FIS; Certegy renamed 2006 - legitimately FIS despite sink history),,0,,-2.6484,2.406,-2.6344,1.9715,24.3383,30.7463,2908190.38,3633480.43,6.408,89003.0,FIS,window,1,11.0553,0.5669,-0.2642,0.3705,3,2,0.0,0,0,1.0,0,0,1,1,62.0,2023-06-21,2023-06-21,1.654814,1.843118,0.18830400000000003,2023.0,21,21,True,7374.0,73,10,0.0,3.0,Q3,2023,0.1464076602633586
1136893,2023-06-26,"Fidelity National Information Services, Inc.","Fidelity National Information Services, Inc.",1,HACK,False,3,False,"The Massachusetts Office of Consumer Affairs and Business Regulation reported a data breach involving Fidelity National Information Services, Inc. on June 26, 2023, affecting 301 residents. The breach involved the compromise of electronic records, specifically credit/debit numbers.",2023-06-26 00:00:00,2023-06-26 00:00:00,"{""""Encryption Status"""":""""Unencrypted"""",""""Categories Affected"""":{""""Personal Identifiers"""":{""""Affected"""":""""No"""",""""Examples"""":[]},""""Protected Classification Characteristics"""":{""""Affected"""":""""No"""",""""Examples"""":[]},""""Commercial Information"""":{""""Affected"""":""""No"""",""""Examples"""":[]},""""Biometric Information"""":{""""Affected"""":""""No"""",""""Examples"""":[]},""""Internet or Network Activity"""":{""""Affected"""":""""No"""",""""Examples"""":[]},""""Geolocation Data"""":{""""Affected"""":""""No"""",""""Examples"""":[]},""""Sensory Data"""":{""""Affected"""":""""No"""",""""Examples"""":[]},""""Professional or Employment-Related Information"""":{""""Affected"""":""""No"""",""""Examples"""":[]},""""Education Information"""":{""""Affected"""":""""No"""",""""Examples"""":[]},""""Inferences Drawn from Personal Information"""":{""""Affected"""":""""No"""",""""Examples"""":[]},""""Sensitive Personal Information"""":{""""Affected"""":""""Yes"""",""""Examples"""":[""""Credit card numbers"""",""""Debit card numbers""""]},""""Customer Records"""":{""""Affected"""":""""No"""",""""Examples"""":[]}}}",BSO,VERIFIED-GATE1,Gate1-A (FIS; Certegy renamed 2006 - legitimately FIS despite sink history),,0,,6.9869,5.6068,7.1881,5.4181,25.0554,29.0092,3055495.39,3425333.93,3.9538,89003.0,FIS,window,1,11.0553,0.5669,-0.2642,0.3705,4,3,0.0,0,0,1.0,0,0,1,1,57.0,2023-06-26,2023-06-26,1.630098,1.842211,0.212113,2023.0,21,21,True,7374.0,73,11,0.0,4.0,Q3,2023,0.18899167509221204
1136893,2023-07-17,"Fidelity National Information Services, Inc.","Fidelity National Information Services, Inc.",1,HACK,False,5,False,"The Massachusetts Office of Consumer Affairs and Business Regulation reported a data breach involving Fidelity National Information Services, Inc. on July 17, 2023. The breach affected 5 residents and involved the compromise of electronic records containing Social Security Numbers (SSN) and account numbers.",2023-07-17 00:00:00,2023-07-17 00:00:00,"{""""Encryption Status"""":""""Unencrypted"""",""""Categories Affected"""":{""""Personal Identifiers"""":{""""Affected"""":""""Yes"""",""""Examples"""":[""""Social Security number""""]},""""Protected Classification Characteristics"""":{""""Affected"""":""""No"""",""""Examples"""":[]},""""Commercial Information"""":{""""Affected"""":""""No"""",""""Examples"""":[]},""""Biometric Information"""":{""""Affected"""":""""No"""",""""Examples"""":[]},""""Internet or Network Activity"""":{""""Affected"""":""""No"""",""""Examples"""":[]},""""Geolocation Data"""":{""""Affected"""":""""No"""",""""Examples"""":[]},""""Sensory Data"""":{""""Affected"""":""""No"""",""""Examples"""":[]},""""Professional or Employment-Related Information"""":{""""Affected"""":""""No"""",""""Examples"""":[]},""""Education Information"""":{""""Affected"""":""""No"""",""""Examples"""":[]},""""Inferences Drawn from Personal Information"""":{""""Affected"""":""""No"""",""""Examples"""":[]},""""Sensitive Personal Information"""":{""""Affected"""":""""Yes"""",""""Examples"""":[""""Social Security number""""]},""""Customer Records"""":{""""Affected"""":""""Yes"""",""""Examples"""":[""""Account number""""]}}}",BSO,VERIFIED-GATE1,Gate1-A (FIS; Certegy renamed 2006 - legitimately FIS despite sink history),,0,,3.4284,-3.6166,3.4617,-3.7359,27.5813,25.1819,3563330.78,1221134.57,-2.3994,89003.0,FIS,window,1,11.0553,0.5669,-0.2642,0.3705,5,4,0.0,0,0,1.0,0,0,1,1,36.0,2023-07-17,2023-07-17,1.871946,1.433636,-0.4383100000000002,2023.0,21,21,True,7374.0,73,12,0.0,5.0,Q3,2023,-0.044017475857419
1136893,2023-07-21,"Fidelity National Information Services, Inc.","Fidelity National Information Services, Inc.",1,HACK,False,338,False,"On July 21, 2023, the Massachusetts Office of Consumer Affairs and Business Regulation reported that Fidelity National Information Services, Inc. experienced a data breach affecting 338 residents. The breach compromised electronic records containing Social Security Numbers (SSN).",2023-07-21 00:00:00,2023-07-21 00:00:00,"{""""Encryption Status"""": """"Unencrypted"""", """"Categories Affected"""": {""""Personal Identifiers"""": {""""Affected"""": """"Yes"""", """"Examples"""": [""""Social Security Number""""]}, """"Protected Classification Characteristics"""": {""""Affected"""": """"No"""", """"Examples"""": []}, """"Commercial Information"""": {""""Affected"""": """"No"""", """"Examples"""": []}, """"Biometric Information"""": {""""Affected"""": """"No"""", """"Examples"""": []}, """"Internet or Network Activity"""": {""""Affected"""": """"No"""", """"Examples"""": []}, """"Geolocation Data"""": {""""Affected"""": """"No"""", """"Examples"""": []}, """"Sensory Data"""": {""""Affected"""": """"No"""", """"Examples"""": []}, """"Professional or Employment-Related Information"""": {""""Affected"""": """"No"""", """"Examples"""": []}, """"Education Information"""": {""""Affected"""": """"No"""", """"Examples"""": []}, """"Inferences Drawn from Personal Information"""": {""""Affected"""": """"No"""", """"Examples"""": []}, """"Sensitive Personal Information"""": {""""Affected"""": """"Yes"""", """"Examples"""": [""""Social Security Number""""]}, """"Customer Records"""": {""""Affected"""": """"No"""", """"Examples"""": []}}}",BSO,VERIFIED-GATE1,Gate1-A (FIS; Certegy renamed 2006 - legitimately FIS despite sink history),,0,,-3.4531,-6.875,-3.4531,-6.8019,28.9015,22.6773,3300168.1,1215263.26,-6.2242,89003.0,FIS,window,1,11.0553,0.5669,-0.2642,0.3705,6,5,0.0,0,0,1.0,0,0,1,1,32.0,2023-07-21,2023-07-21,1.890001,1.412547,-0.47745400000000005,2023.0,21,21,True,7374.0,73,13,0.0,6.0,Q3,2023,-0.23114048981864999
1136893,2023-09-08,"Fidelity National Information Services, Inc.","Fidelity National Information Services, Inc.",1,HACK,False,10,False,"The Massachusetts Office of Consumer Affairs and Business Regulation reported on September 8, 2023, that Fidelity National Information Services, Inc. experienced a data breach affecting 10 residents. The breach involved compromised electronic records, specifically Social Security Numbers (SSN) and account numbers.",2023-09-08 00:00:00,2023-09-08 00:00:00,"{""""Encryption Status"""":""""Unencrypted"""",""""Categories Affected"""":{""""Personal Identifiers"""":{""""Affected"""":""""Yes"""",""""Examples"""":[""""Social Security number"""",""""Account number""""]},""""Protected Classification Characteristics"""":{""""Affected"""":""""No"""",""""Examples"""":[]},""""Commercial Information"""":{""""Affected"""":""""No"""",""""Examples"""":[]},""""Biometric Information"""":{""""Affected"""":""""No"""",""""Examples"""":[]},""""Internet or Network Activity"""":{""""Affected"""":""""No"""",""""Examples"""":[]},""""Geolocation Data"""":{""""Affected"""":""""No"""",""""Examples"""":[]},""""Sensory Data"""":{""""Affected"""":""""No"""",""""Examples"""":[]},""""Professional or Employment-Related Information"""":{""""Affected"""":""""No"""",""""Examples"""":[]},""""Education Information"""":{""""Affected"""":""""No"""",""""Examples"""":[]},""""Inferences Drawn from Personal Information"""":{""""Affected"""":""""No"""",""""Examples"""":[]},""""Sensitive Personal Information"""":{""""Affected"""":""""Yes"""",""""Examples"""":[""""Social Security number""""]},""""Customer Records"""":{""""Affected"""":""""No"""",""""Examples"""":[]}}}",BSO,VERIFIED-GATE1,Gate1-A (FIS; Certegy renamed 2006 - legitimately FIS despite sink history),,0,,4.4355,-1.7322,4.5072,-1.8263,21.8027,18.5168,1187145.03,1777618.18,-3.2859,89003.0,FIS,window,1,11.0553,0.5669,-0.2642,0.3705,7,6,0.0,0,0,1.0,0,0,0,1,146.0,2023-09-08,2023-09-08,1.340524,1.258533,-0.08199100000000015,2023.0,21,21,True,7374.0,73,14,0.0,7.0,Q3,2023,-0.0006547990672287618
1136893,2023-09-19,"Fidelity National Information Services, Inc.","Fidelity National Information Services, Inc.",2,HACK,False,383,True,"The Massachusetts Office of Consumer Affairs and Business Regulation reported a data breach involving Fidelity National Information Services, Inc. on September 19, 2023. The breach affected 2 residents and involved compromised Social Security Numbers (SSNs) from electronic records.",2023-09-19 00:00:00,2023-09-19 00:00:00,"{""""Encryption Status"""":""""Unencrypted"""",""""Categories Affected"""":{""""Personal Identifiers"""":{""""Affected"""":""""Yes"""",""""Examples"""":[""""Social Security number""""]},""""Protected Classification Characteristics"""":{""""Affected"""":""""No"""",""""Examples"""":[]},""""Commercial Information"""":{""""Affected"""":""""No"""",""""Examples"""":[]},""""Biometric Information"""":{""""Affected"""":""""No"""",""""Examples"""":[]},""""Internet or Network Activity"""":{""""Affected"""":""""No"""",""""Examples"""":[]},""""Geolocation Data"""":{""""Affected"""":""""No"""",""""Examples"""":[]},""""Sensory Data"""":{""""Affected"""":""""No"""",""""Examples"""":[]},""""Professional or Employment-Related Information"""":{""""Affected"""":""""No"""",""""Examples"""":[]},""""Education Information"""":{""""Affected"""":""""No"""",""""Examples"""":[]},""""Inferences Drawn from Personal Information"""":{""""Affected"""":""""No"""",""""Examples"""":[]},""""Sensitive Personal Information"""":{""""Affected"""":""""Yes"""",""""Examples"""":[""""Social Security number""""]},""""Customer Records"""":{""""Affected"""":""""No"""",""""Examples"""":[]}}}",BSO,VERIFIED-GATE1,Gate1-A (FIS; Certegy renamed 2006 - legitimately FIS despite sink history),,0,,1.1472,-8.4979,1.0892,-7.9079,17.1338,22.9277,1473614.05,1815630.55,5.7939,89003.0,FIS,window,1,11.0553,0.5669,-0.2642,0.3705,8,7,0.0,0,0,1.0,0,0,0,1,135.0,2023-09-19,2023-09-19,1.006252,1.537121,0.530869,2023.0,21,21,True,7374.0,73,15,0.0,8.0,Q3,2023,0.2274196457737152
1136893,2023-10-04,"Fidelity National Information Services, Inc.","Fidelity National Information Services, Inc.",2,HACK,False,1117,True,"On October 4, 2023, the Massachusetts Office of Consumer Affairs and Business Regulation reported a data breach involving Fidelity National Information Services, Inc. The breach affected 10,070 residents and involved electronic records containing Social Security Numbers (SSN), account numbers, driver's licenses, and credit/debit numbers.",2023-10-04 00:00:00,2023-10-04 00:00:00,"{""""Encryption Status"""":""""Unencrypted"""",""""Categories Affected"""":{""""Personal Identifiers"""":{""""Affected"""":""""Yes"""",""""Examples"""":[""""Social Security Number"""",""""Driver's Licenses"""",""""Account Number""""]},""""Protected Classification Characteristics"""":{""""Affected"""":""""No"""",""""Examples"""":[]},""""Commercial Information"""":{""""Affected"""":""""No"""",""""Examples"""":[]},""""Biometric Information"""":{""""Affected"""":""""No"""",""""Examples"""":[]},""""Internet or Network Activity"""":{""""Affected"""":""""No"""",""""Examples"""":[]},""""Geolocation Data"""":{""""Affected"""":""""No"""",""""Examples"""":[]},""""Sensory Data"""":{""""Affected"""":""""No"""",""""Examples"""":[]},""""Professional or Employment-Related Information"""":{""""Affected"""":""""No"""",""""Examples"""":[]},""""Education Information"""":{""""Affected"""":""""No"""",""""Examples"""":[]},""""Inferences Drawn from Personal Information"""":{""""Affected"""":""""No"""",""""Examples"""":[]},""""Sensitive Personal Information"""":{""""Affected"""":""""Yes"""",""""Examples"""":[""""Social Security Number"""",""""Driver's Licenses"""",""""Credit/Debit Numbers""""]},""""Customer Records"""":{""""Affected"""":""""Yes"""",""""Examples"""":[""""Account Number"""",""""Credit/Debit Numbers""""]}}}",BSO,VERIFIED-GATE1,Gate1-A (FIS; Certegy renamed 2006 - legitimately FIS despite sink history),"NEAR-DUPLICATE CHAIN CH-26: 2 firm-day events collapsed [2023-10-04, 2023-10-06] (Gate 2 signed; record-count gaps not a distinctness signal)",0,,-4.5547,-4.2424,-4.6425,-4.8868,19.3085,32.2523,1814926.95,1752377.6,12.9438,89003.0,FIS,window,1,11.0553,0.5669,-0.2642,0.3705,9,8,0.0,0,0,1.0,0,0,0,1,120.0,2023-10-04,2023-10-04,1.165202,2.195533,1.030331,2023.0,21,21,True,7374.0,73,17,0.0,9.0,Q3,2023,0.46425043448720427
1136893,2023-11-09,"Fidelity National Information Services, Inc.","Fidelity National Information Services, Inc.",1,HACK,False,168,False,"The Massachusetts Office of Consumer Affairs and Business Regulation reported a data breach involving Fidelity National Information Services, Inc. on November 9, 2023. The breach affected 168 residents and involved compromised electronic records, specifically account numbers.",2023-11-09 00:00:00,2023-11-09 00:00:00,"{""""Encryption Status"""":""""Unencrypted"""",""""Categories Affected"""":{""""Personal Identifiers"""":{""""Affected"""":""""Yes"""",""""Examples"""":[""""AccountNumber""""]},""""Protected Classification Characteristics"""":{""""Affected"""":""""No"""",""""Examples"""":[]},""""Commercial Information"""":{""""Affected"""":""""No"""",""""Examples"""":[]},""""Biometric Information"""":{""""Affected"""":""""No"""",""""Examples"""":[]},""""Internet or Network Activity"""":{""""Affected"""":""""No"""",""""Examples"""":[]},""""Geolocation Data"""":{""""Affected"""":""""No"""",""""Examples"""":[]},""""Sensory Data"""":{""""Affected"""":""""No"""",""""Examples"""":[]},""""Professional or Employment-Related Information"""":{""""Affected"""":""""No"""",""""Examples"""":[]},""""Education Information"""":{""""Affected"""":""""No"""",""""Examples"""":[]},""""Inferences Drawn from Personal Information"""":{""""Affected"""":""""No"""",""""Examples"""":[]},""""Sensitive Personal Information"""":{""""Affected"""":""""No"""",""""Examples"""":[]},""""Customer Records"""":{""""Affected"""":""""No"""",""""Examples"""":[]}}}",BSO,VERIFIED-GATE1,Gate1-A (FIS; Certegy renamed 2006 - legitimately FIS despite sink history),,0,,-1.1121,3.949,-1.1855,4.1475,32.111,21.3558,1825144.07,2942889.59,-10.7552,89003.0,FIS,window,1,11.0553,0.5669,-0.2642,0.3705,10,9,0.0,0,0,1.0,0,0,1,1,84.0,2023-11-09,2023-11-09,2.091672,1.423874,-0.6677979999999999,2023.0,21,21,True,7374.0,73,19,0.0,10.0,Q3,2023,-0.30972788571338605
1136893,2023-11-20,"Fidelity National Information Services, Inc.","Fidelity National Information Services, Inc.",1,HACK,False,13,False,"On November 20, 2023, the Massachusetts Office of Consumer Affairs and Business Regulation reported a data breach involving Fidelity National Information Services, Inc. The breach affected 1,417 residents and compromised electronic records, specifically account numbers.",2023-11-20 00:00:00,2023-11-20 00:00:00,"{""""Encryption Status"""":""""Unencrypted"""",""""Categories Affected"""":{""""Personal Identifiers"""":{""""Affected"""":""""Yes"""",""""Examples"""":[""""AccountNumber""""]},""""Protected Classification Characteristics"""":{""""Affected"""":""""No"""",""""Examples"""":[]},""""Commercial Information"""":{""""Affected"""":""""No"""",""""Examples"""":[]},""""Biometric Information"""":{""""Affected"""":""""No"""",""""Examples"""":[]},""""Internet or Network Activity"""":{""""Affected"""":""""No"""",""""Examples"""":[]},""""Geolocation Data"""":{""""Affected"""":""""No"""",""""Examples"""":[]},""""Sensory Data"""":{""""Affected"""":""""No"""",""""Examples"""":[]},""""Professional or Employment-Related Information"""":{""""Affected"""":""""No"""",""""Examples"""":[]},""""Education Information"""":{""""Affected"""":""""No"""",""""Examples"""":[]},""""Inferences Drawn from Personal Information"""":{""""Affected"""":""""No"""",""""Examples"""":[]},""""Sensitive Personal Information"""":{""""Affected"""":""""No"""",""""Examples"""":[]},""""Customer Records"""":{""""Affected"""":""""Yes"""",""""Examples"""":[""""AccountNumber""""]}}}",BSO,VERIFIED-GATE1,Gate1-A (FIS; Certegy renamed 2006 - legitimately FIS despite sink history),,0,,3.1848,6.6581,3.2117,6.9778,32.8598,22.8292,1770747.12,2808610.5,-10.0306,89003.0,FIS,window,1,11.0553,0.5669,-0.2642,0.3705,11,10,0.0,0,0,1.0,0,0,1,1,73.0,2023-11-20,2023-11-20,2.175179,1.356153,-0.819026,2023.0,21,21,True,7374.0,73,20,0.0,11.0,Q3,2023,-0.6039791533424013
1137789,2017-07-08,Seagate Technology LLC,Seagate Technology LLC,1,HACK,False,3,False,"The Massachusetts Office of Consumer Affairs and Business Regulation reported on July 8, 2017, that Seagate Technology LLC experienced a data breach affecting 3 residents. The breach involved electronic records, specifically compromising credit and debit numbers.",2017-07-08 00:00:00,2017-07-08 00:00:00,"{""""Encryption Status"""":""""Unencrypted"""",""""Categories Affected"""":{""""Personal Identifiers"""":{""""Affected"""":""""No"""",""""Examples"""":[]},""""Protected Classification Characteristics"""":{""""Affected"""":""""No"""",""""Examples"""":[]},""""Commercial Information"""":{""""Affected"""":""""No"""",""""Examples"""":[]},""""Biometric Information"""":{""""Affected"""":""""No"""",""""Examples"""":[]},""""Internet or Network Activity"""":{""""Affected"""":""""No"""",""""Examples"""":[]},""""Geolocation Data"""":{""""Affected"""":""""No"""",""""Examples"""":[]},""""Sensory Data"""":{""""Affected"""":""""No"""",""""Examples"""":[]},""""Professional or Employment-Related Information"""":{""""Affected"""":""""No"""",""""Examples"""":[]},""""Education Information"""":{""""Affected"""":""""No"""",""""Examples"""":[]},""""Inferences Drawn from Personal Information"""":{""""Affected"""":""""No"""",""""Examples"""":[]},""""Sensitive Personal Information"""":{""""Affected"""":""""Yes"""",""""Examples"""":[""""Credit card numbers"""",""""Debit card numbers""""]},""""Customer Records"""":{""""Affected"""":""""No"""",""""Examples"""":[]}}}",BSO,VERIFIED-GATE1,Gate1-A (STX),,0,,3.7863,-16.0094,3.7646,-16.4901,33.856,62.348,1834873.56,6939855.77,28.492,89641.0,STX,window,1,9.1343,0.8528,0.0833,0.1839,0,0,0.0,0,0,1.0,0,1,1,1,17.0,2017-07-08,2017-07-08,2.169781,4.205728,2.0359469999999997,2017.0,21,21,True,3572.0,35,0,0.0,0.0,Q2,2017,-8.111111782227454e-11
1140859,2024-02-21,"Cencora, Inc.","Cencora, Inc.",31,HACK,False,388562,True,"The Vermont Office of the Attorney General reported a data breach involving Grifols USA and Grifols Shared Services North America on May 22, 2024. The breach occurred on February 21, 2024, involving the exfiltration of personal information, including names, addresses, birth dates, health diagnoses, and medications, affecting an unknown number of individuals. The company launched an investigation and offered credit monitoring services to affected individuals.",2024-05-15 00:00:00,2024-04-10 00:00:00,"{
  """"Encryption Status"""": """"Unencrypted"""",
  """"Categories Affected"""": {
    """"Personal Identifiers"""": {
      """"Affected"""": """"Yes"""",
      """"Examples"""": [""""First name"""", """"Last name"""", """"Address"""", """"Date of birth""""]
    },
    """"Protected Classification Characteristics"""": {
      """"Affected"""": """"UNKN"""",
      """"Examples"""": []
    },
    """"Commercial Information"""": {
      """"Affected"""": """"No"""",
      """"Examples"""": []
    },
    """"Biometric Information"""": {
      """"Affected"""": """"No"""",
      """"Examples"""": []
    },
    """"Internet or Network Activity"""": {
      """"Affected"""": """"No"""",
      """"Examples"""": []
    },
    """"Geolocation Data"""": {
      """"Affected"""": """"No"""",
      """"Examples"""": []
    },
    """"Sensory Data"""": {
      """"Affected"""": """"No"""",
      """"Examples"""": []
    },
    """"Professional or Employment-Related Information"""": {
      """"Affected"""": """"No"""",
      """"Examples"""": []
    },
    """"Education Information"""": {
      """"Affected"""": """"No"""",
      """"Examples"""": []
    },
    """"Inferences Drawn from Personal Information"""": {
      """"Affected"""": """"No"""",
      """"Examples"""": []
    },
    """"Sensitive Personal Information"""": {
      """"Affected"""": """"Yes"""",
      """"Examples"""": [""""Health diagnosis"""", """"Medications and prescriptions""""]
    },
    """"Customer Records"""": {
      """"Affected"""": """"No"""",
      """"Examples"""": []
    }
  }
}",BSO,VERIFIED,EDGAR name: AMERISOURCE BERGEN CORP,,0,,-0.1198,0.6173,-0.1175,0.6341,21.9852,10.183,612660.24,331788.18,-11.8022,81540.0,COR,window,1,11.0439,0.9893,0.0279,0.0134,0,0,84.0,0,0,0.0,1,1,1,1,20.0,2024-02-21,2024-05-15,1.225932,1.068809,-0.15712300000000012,2024.0,21,21,True,5122.0,51,0,84.0,0.0,Q3,2024,-4.86634732510538e-10
1140859,2024-04-10,"Cencora, Inc.","Cencora, Inc.",25,HACK,False,161272,True,"On May 24, 2024, the Montana Department of Justice reported a data breach incident involving the GlaxoSmithKline Group of Companies and the GlaxoSmithKline Patient Access Programs Foundation, facilitated by its Lash Group affiliate. The breach, which occurred on April 10, 2024, potentially affected personal information of 5,145 individuals, including names, addresses, dates of birth, health diagnoses, medications, and prescriptions.",2024-05-15 00:00:00,2024-04-10 00:00:00,"{
  """"Encryption Status"""": """"Unencrypted"""",
  """"Categories Affected"""": {
    """"Personal Identifiers"""": {
      """"Affected"""": """"Yes"""",
      """"Examples"""": [""""First name"""", """"Last name"""", """"Address"""", """"Date of birth""""]
    },
    """"Protected Classification Characteristics"""": {
      """"Affected"""": """"No"""",
      """"Examples"""": []
    },
    """"Commercial Information"""": {
      """"Affected"""": """"No"""",
      """"Examples"""": []
    },
    """"Biometric Information"""": {
      """"Affected"""": """"No"""",
      """"Examples"""": []
    },
    """"Internet or Network Activity"""": {
      """"Affected"""": """"No"""",
      """"Examples"""": []
    },
    """"Geolocation Data"""": {
      """"Affected"""": """"No"""",
      """"Examples"""": []
    },
    """"Sensory Data"""": {
      """"Affected"""": """"No"""",
      """"Examples"""": []
    },
    """"Professional or Employment-Related Information"""": {
      """"Affected"""": """"No"""",
      """"Examples"""": []
    },
    """"Education Information"""": {
      """"Affected"""": """"No"""",
      """"Examples"""": []
    },
    """"Inferences Drawn from Personal Information"""": {
      """"Affected"""": """"No"""",
      """"Examples"""": []
    },
    """"Sensitive Personal Information"""": {
      """"Affected"""": """"Yes"""",
      """"Examples"""": [""""Health diagnosis"""", """"Medications and prescriptions""""]
    },
    """"Customer Records"""": {
      """"Affected"""": """"No"""",
      """"Examples"""": []
    }
  }
}",BSO,VERIFIED,EDGAR name: AMERISOURCE BERGEN CORP,,0,,4.0609,-10.8403,3.987,-10.5175,11.6316,18.4972,348527.42,671171.45,6.8656,81540.0,COR,window,1,11.0439,0.9893,0.0279,0.0134,1,1,35.0,0,0,0.0,1,1,1,1,23.0,2024-04-10,2024-05-15,1.225932,1.068809,-0.15712300000000012,2024.0,21,21,True,5122.0,51,31,35.0,1.0,Q3,2024,-4.86634732510538e-10
1140859,2024-05-08,"Cencora, Inc.","Cencora, Inc.",1,HACK,False,11,False,"The Montana Department of Justice reported a data breach involving CareDx, Inc. and its Lash Group on June 20, 2024. The breach, confirmed on May 8, 2024, potentially affected the personal information of 11 individuals, including names, addresses, dates of birth, and Social Security Numbers.",2024-06-20 00:00:00,2024-05-08 00:00:00,"{""""Encryption Status"""":""""Unencrypted"""",""""Categories Affected"""":{""""Personal Identifiers"""":{""""Affected"""":""""Yes"""",""""Examples"""":[""""First name"""",""""Last name"""",""""Address"""",""""Date of birth"""",""""Social Security Number""""]},""""Protected Classification Characteristics"""":{""""Affected"""":""""No"""",""""Examples"""":[]},""""Commercial Information"""":{""""Affected"""":""""No"""",""""Examples"""":[]},""""Biometric Information"""":{""""Affected"""":""""No"""",""""Examples"""":[]},""""Internet or Network Activity"""":{""""Affected"""":""""No"""",""""Examples"""":[]},""""Geolocation Data"""":{""""Affected"""":""""No"""",""""Examples"""":[]},""""Sensory Data"""":{""""Affected"""":""""No"""",""""Examples"""":[]},""""Professional or Employment-Related Information"""":{""""Affected"""":""""No"""",""""Examples"""":[]},""""Education Information"""":{""""Affected"""":""""No"""",""""Examples"""":[]},""""Inferences Drawn from Personal Information"""":{""""Affected"""":""""No"""",""""Examples"""":[]},""""Sensitive Personal Information"""":{""""Affected"""":""""Yes"""",""""Examples"""":[""""Social Security Number""""]},""""Customer Records"""":{""""Affected"""":""""No"""",""""Examples"""":[]}}}",BSO,VERIFIED,EDGAR name: AMERISOURCE BERGEN CORP,,0,,-4.2254,0.7305,-4.233,0.6352,18.1233,17.7375,633353.25,705607.7,-0.3858,81540.0,COR,window,1,11.0439,0.9893,0.0279,0.0134,2,2,43.0,0,0,0.0,0,0,0,1,99.0,2024-05-08,2024-06-20,1.144137,1.043307,-0.10082999999999998,2024.0,21,21,True,5122.0,51,56,43.0,2.0,Q3,2024,-5.2963121444093986e-08
1166691,2008-01-29,Comcast,Comcast,1,PHYS,False,7,False,"On January 29, 2008, the Massachusetts Office of Consumer Affairs and Business Regulation reported a data breach involving Comcast, affecting 7 residents. The breach compromised paper records containing credit and debit numbers.",2008-01-29 00:00:00,2008-01-29 00:00:00,"{""""Encryption Status"""":""""Unencrypted"""",""""Categories Affected"""":{""""Personal Identifiers"""":{""""Affected"""":""""No"""",""""Examples"""":[]},""""Protected Classification Characteristics"""":{""""Affected"""":""""No"""",""""Examples"""":[]},""""Commercial Information"""":{""""Affected"""":""""No"""",""""Examples"""":[]},""""Biometric Information"""":{""""Affected"""":""""No"""",""""Examples"""":[]},""""Internet or Network Activity"""":{""""Affected"""":""""No"""",""""Examples"""":[]},""""Geolocation Data"""":{""""Affected"""":""""No"""",""""Examples"""":[]},""""Sensory Data"""":{""""Affected"""":""""No"""",""""Examples"""":[]},""""Professional or Employment-Related Information"""":{""""Affected"""":""""No"""",""""Examples"""":[]},""""Education Information"""":{""""Affected"""":""""No"""",""""Examples"""":[]},""""Inferences Drawn from Personal Information"""":{""""Affected"""":""""No"""",""""Examples"""":[]},""""Sensitive Personal Information"""":{""""Affected"""":""""Yes"""",""""Examples"""":[""""CreditDebitNumbers""""]},""""Customer Records"""":{""""Affected"""":""""No"""",""""Examples"""":[]}}}",BSO,VERIFIED-GATE1,Gate1-A: 2002 AT&T-Comcast merger entity IS Comcast Corp; 22301 pre-2002,,1,Clause (b): parent brand of Comcast Telephony filers (7/28),-0.446,12.6734,-0.5532,12.4872,34.2067,43.5118,7775614.66,10587222.85,9.3051,89525.0,CMCSA,window,1,11.6388,0.6333,0.0228,0.3828,0,0,0.0,0,0,1.0,0,1,1,1,15.0,2008-01-29,2008-01-29,2.07228,2.722937,0.6506569999999998,2008.0,21,21,True,4841.0,48,0,0.0,0.0,Q4 (largest),2008,0.07686092571358305
1166691,2009-05-11,"Comcast Cable Communications, Inc.","Comcast Cable Communications, Inc.",1,PHYS,False,2,False,"The Massachusetts Office of Consumer Affairs and Business Regulation reported on May 11, 2009, that Comcast Cable Communications, Inc. experienced a data breach affecting 1 resident. The breach involved the compromise of paper records specifically related to account numbers.",2009-05-11 00:00:00,2009-05-11 00:00:00,"{""""Encryption Status"""":""""Unencrypted"""",""""Categories Affected"""":{""""Personal Identifiers"""":{""""Affected"""":""""Yes"""",""""Examples"""":[""""AccountNumber""""]},""""Protected Classification Characteristics"""":{""""Affected"""":""""No"""",""""Examples"""":[]},""""Commercial Information"""":{""""Affected"""":""""No"""",""""Examples"""":[]},""""Biometric Information"""":{""""Affected"""":""""No"""",""""Examples"""":[]},""""Internet or Network Activity"""":{""""Affected"""":""""No"""",""""Examples"""":[]},""""Geolocation Data"""":{""""Affected"""":""""No"""",""""Examples"""":[]},""""Sensory Data"""":{""""Affected"""":""""No"""",""""Examples"""":[]},""""Professional or Employment-Related Information"""":{""""Affected"""":""""No"""",""""Examples"""":[]},""""Education Information"""":{""""Affected"""":""""No"""",""""Examples"""":[]},""""Inferences Drawn from Personal Information"""":{""""Affected"""":""""No"""",""""Examples"""":[]},""""Sensitive Personal Information"""":{""""Affected"""":""""No"""",""""Examples"""":[]},""""Customer Records"""":{""""Affected"""":""""No"""",""""Examples"""":[]}}}",BSO,VERIFIED,EDGAR name: COMCAST CABLE COMMUNICATIONS INC | EQUITY-PARENT: Comcast Cable Communications registrant has no equity; parent = Comcast Corp (Gate 1 verdict A class),,1,Clause (b): parent brand of Comcast Telephony filers (7/28),-1.6193,-9.5908,-1.6509,-9.1493,46.5838,36.8327,5081469.91,5956806.53,-9.7511,89525.0,CMCSA,window,1,11.6353,0.6395,0.0225,0.3882,1,0,0.0,0,0,1.0,0,0,0,0,,2009-05-11,2009-05-11,3.005471,2.42457,-0.5809009999999999,2009.0,21,21,True,4841.0,48,1,0.0,1.0,Q4 (largest),2009,-0.6880757033205556
1166691,2009-06-22,"Comcast Cable Communications, Inc.","Comcast Cable Communications, Inc.",1,PHYS,False,2,False,"The Massachusetts Office of Consumer Affairs and Business Regulation reported on June 22, 2009, that Comcast Cable Communications, Inc. experienced a data breach affecting 1 resident. The type of information compromised includes undefined records and specifically an account number.",2009-06-22 00:00:00,2009-06-22 00:00:00,"{""""Encryption Status"""":""""Unencrypted"""",""""Categories Affected"""":{""""Personal Identifiers"""":{""""Affected"""":""""Yes"""",""""Examples"""":[""""AccountNumber""""]},""""Protected Classification Characteristics"""":{""""Affected"""":""""No"""",""""Examples"""":[]},""""Commercial Information"""":{""""Affected"""":""""No"""",""""Examples"""":[]},""""Biometric Information"""":{""""Affected"""":""""No"""",""""Examples"""":[]},""""Internet or Network Activity"""":{""""Affected"""":""""No"""",""""Examples"""":[]},""""Geolocation Data"""":{""""Affected"""":""""No"""",""""Examples"""":[]},""""Sensory Data"""":{""""Affected"""":""""No"""",""""Examples"""":[]},""""Professional or Employment-Related Information"""":{""""Affected"""":""""No"""",""""Examples"""":[]},""""Education Information"""":{""""Affected"""":""""No"""",""""Examples"""":[]},""""Inferences Drawn from Personal Information"""":{""""Affected"""":""""No"""",""""Examples"""":[]},""""Sensitive Personal Information"""":{""""Affected"""":""""No"""",""""Examples"""":[]},""""Customer Records"""":{""""Affected"""":""""No"""",""""Examples"""":[]}}}",BSO,VERIFIED,EDGAR name: COMCAST CABLE COMMUNICATIONS INC | EQUITY-PARENT: Comcast Cable Communications registrant has no equity; parent = Comcast Corp (Gate 1 verdict A class),,1,Clause (b): parent brand of Comcast Telephony filers (7/28),2.7524,1.3985,2.7914,1.2077,36.2085,32.7786,5632000.67,5656208.11,-3.4299,89525.0,CMCSA,window,1,11.6353,0.6395,0.0225,0.3882,2,1,0.0,0,0,1.0,0,0,0,0,,2009-06-22,2009-06-22,2.46509,2.019038,-0.4460519999999999,2009.0,21,21,True,4841.0,48,2,0.0,2.0,Q4 (largest),2009,-0.34623920921884066
1166691,2012-08-24,NBC Sports Group,NBC Sports Group,1,HACK,False,1,False,"The Maine Office of the Attorney General reported that NBC Sports Group experienced a data breach on August 24, 2012, affecting 1 resident in Northern California. The compromised information included the individual's name and Social Security Number (SSN).",2013-10-14 00:00:00,2012-08-24 00:00:00,"{""""Encryption Status"""":""""Unencrypted"""",""""Categories Affected"""":{""""Personal Identifiers"""":{""""Affected"""":""""Yes"""",""""Examples"""":[""""Name"""",""""Social Security Number""""]},""""Protected Classification Characteristics"""":{""""Affected"""":""""No"""",""""Examples"""":[]},""""Commercial Information"""":{""""Affected"""":""""No"""",""""Examples"""":[]},""""Biometric Information"""":{""""Affected"""":""""No"""",""""Examples"""":[]},""""Internet or Network Activity"""":{""""Affected"""":""""No"""",""""Examples"""":[]},""""Geolocation Data"""":{""""Affected"""":""""No"""",""""Examples"""":[]},""""Sensory Data"""":{""""Affected"""":""""No"""",""""Examples"""":[]},""""Professional or Employment-Related Information"""":{""""Affected"""":""""No"""",""""Examples"""":[]},""""Education Information"""":{""""Affected"""":""""No"""",""""Examples"""":[]},""""Inferences Drawn from Personal Information"""":{""""Affected"""":""""No"""",""""Examples"""":[]},""""Sensitive Personal Information"""":{""""Affected"""":""""Yes"""",""""Examples"""":[""""Social Security Number""""]},""""Customer Records"""":{""""Affected"""":""""No"""",""""Examples"""":[]}}}",BSO,VERIFIED-GATE1,Gate1-E: identity=Comcast equity; treatment classification independent (clause rules at Stage 4),,0,No registry match; not a carrier (7/28),-1.6535,2.96,-1.6454,3.0031,17.0683,15.8277,4315541.81,3840348.22,-1.2406,89525.0,CMCSA,window,1,11.9692,0.5966,0.0264,0.3315,3,0,416.0,0,0,0.0,0,1,1,1,21.0,2012-08-24,2013-10-14,1.079518,1.128832,0.04931400000000008,2013.0,21,21,True,4841.0,48,3,416.0,3.0,Q4 (largest),2013,5.150102566631176e-12
1166691,2013-08-24,NBC Sports Group,NBC Sports Group,1,PORT,False,3,False,"On October 14, 2013, the New Hampshire Department of Justice reported a data breach incident involving NBC Sports Group. The incident involved the theft of two laptops from a locked vehicle in Northern California on August 24, 2013, potentially affecting the personal information of approximately 6 New Hampshire residents.",2013-10-14 00:00:00,2013-08-24 00:00:00,"{""""Encryption Status"""":""""Unencrypted"""",""""Categories Affected"""":{""""Personal Identifiers"""":{""""Affected"""":""""Yes"""",""""Examples"""":[""""Name"""",""""Social Security Number"""",""""Driver's License Number"""",""""Date of Birth""""]},""""Protected Classification Characteristics"""":{""""Affected"""":""""No"""",""""Examples"""":[]},""""Commercial Information"""":{""""Affected"""":""""No"""",""""Examples"""":[]},""""Biometric Information"""":{""""Affected"""":""""No"""",""""Examples"""":[]},""""Internet or Network Activity"""":{""""Affected"""":""""No"""",""""Examples"""":[]},""""Geolocation Data"""":{""""Affected"""":""""No"""",""""Examples"""":[]},""""Sensory Data"""":{""""Affected"""":""""No"""",""""Examples"""":[]},""""Professional or Employment-Related Information"""":{""""Affected"""":""""No"""",""""Examples"""":[]},""""Education Information"""":{""""Affected"""":""""No"""",""""Examples"""":[]},""""Inferences Drawn from Personal Information"""":{""""Affected"""":""""No"""",""""Examples"""":[]},""""Sensitive Personal Information"""":{""""Affected"""":""""Yes"""",""""Examples"""":[""""Social Security Number"""",""""Driver's License Number""""]},""""Customer Records"""":{""""Affected"""":""""No"""",""""Examples"""":[]}}}",BSO,VERIFIED-GATE1,Gate1-E: identity=Comcast equity; treatment classification independent (clause rules at Stage 4),,0,No registry match; not a carrier (7/28),1.567,5.5701,1.5532,5.7292,23.4194,15.5554,4076512.05,1884120.63,-7.864,89525.0,CMCSA,window,1,12.0135,0.5951,0.0376,0.3193,4,1,51.0,0,0,0.0,0,0,0,1,174.0,2013-08-24,2013-10-14,1.079518,1.128832,0.04931400000000008,2013.0,21,21,True,4841.0,48,4,51.0,4.0,Q4 (largest),2013,5.150102566631176e-12
1166691,2013-10-15,NBC Sports Group,NBC Sports Group,1,PORT,False,15,False,"On October 15, 2013, the Massachusetts Office of Consumer Affairs and Business Regulation reported a data breach involving NBC Sports Group, affecting 15 residents. The breach compromised undefined records, including Social Security Numbers (SSN) and Drivers Licenses.",2013-10-15 00:00:00,2013-10-15 00:00:00,"{""""Encryption Status"""":""""Unencrypted"""",""""Categories Affected"""":{""""Personal Identifiers"""":{""""Affected"""":""""Yes"""",""""Examples"""":[""""Social Security number"""",""""Driver's license number""""]},""""Protected Classification Characteristics"""":{""""Affected"""":""""No"""",""""Examples"""":[]},""""Commercial Information"""":{""""Affected"""":""""No"""",""""Examples"""":[]},""""Biometric Information"""":{""""Affected"""":""""No"""",""""Examples"""":[]},""""Internet or Network Activity"""":{""""Affected"""":""""No"""",""""Examples"""":[]},""""Geolocation Data"""":{""""Affected"""":""""No"""",""""Examples"""":[]},""""Sensory Data"""":{""""Affected"""":""""No"""",""""Examples"""":[]},""""Professional or Employment-Related Information"""":{""""Affected"""":""""No"""",""""Examples"""":[]},""""Education Information"""":{""""Affected"""":""""No"""",""""Examples"""":[]},""""Inferences Drawn from Personal Information"""":{""""Affected"""":""""No"""",""""Examples"""":[]},""""Sensitive Personal Information"""":{""""Affected"""":""""Yes"""",""""Examples"""":[""""Social Security number"""",""""Driver's license number""""]},""""Customer Records"""":{""""Affected"""":""""No"""",""""Examples"""":[]}}}",BSO,VERIFIED-GATE1,Gate1-E: identity=Comcast equity; treatment classification independent (clause rules at Stage 4),,0,No registry match; not a carrier (7/28),-0.6877,2.58,-0.7056,2.5174,17.9834,18.0148,2323729.37,2530839.17,0.0314,89525.0,CMCSA,window,1,12.0135,0.5951,0.0376,0.3193,5,1,0.0,0,0,1.0,0,0,0,1,122.0,2013-10-15,2013-10-15,1.110404,1.129077,0.01867300000000016,2013.0,21,21,True,4841.0,48,5,0.0,5.0,Q4 (largest),2013,1.4305667761504992e-11
1166691,2014-09-29,Comcast,Comcast,1,PHYS,False,1,False,"The Massachusetts Office of Consumer Affairs and Business Regulation reported on September 29, 2014, that Comcast experienced a data breach affecting 1 resident. The breach involved the compromise of electronic records, specifically Social Security Numbers (SSN).",2014-09-29 00:00:00,2014-09-29 00:00:00,"{""""Encryption Status"""":""""Unencrypted"""",""""Categories Affected"""":{""""Personal Identifiers"""":{""""Affected"""":""""Yes"""",""""Examples"""":[""""Social Security Number""""]},""""Protected Classification Characteristics"""":{""""Affected"""":""""No"""",""""Examples"""":[]},""""Commercial Information"""":{""""Affected"""":""""No"""",""""Examples"""":[]},""""Biometric Information"""":{""""Affected"""":""""No"""",""""Examples"""":[]},""""Internet or Network Activity"""":{""""Affected"""":""""No"""",""""Examples"""":[]},""""Geolocation Data"""":{""""Affected"""":""""No"""",""""Examples"""":[]},""""Sensory Data"""":{""""Affected"""":""""No"""",""""Examples"""":[]},""""Professional or Employment-Related Information"""":{""""Affected"""":""""No"""",""""Examples"""":[]},""""Education Information"""":{""""Affected"""":""""No"""",""""Examples"""":[]},""""Inferences Drawn from Personal Information"""":{""""Affected"""":""""No"""",""""Examples"""":[]},""""Sensitive Personal Information"""":{""""Affected"""":""""Yes"""",""""Examples"""":[""""Social Security Number""""]},""""Customer Records"""":{""""Affected"""":""""No"""",""""Examples"""":[]}}}",BSO,VERIFIED-GATE1,Gate1-A: 2002 AT&T-Comcast merger entity IS Comcast Corp; 22301 pre-2002,,1,Clause (b): parent brand of Comcast Telephony filers (7/28),-0.021,-3.954,-0.0352,-4.249,11.7637,26.6643,3872433.88,9025696.86,14.9006,89525.0,CMCSA,window,1,11.9755,0.6725,0.0429,0.3326,6,1,0.0,0,0,1.0,0,0,1,1,85.0,2014-09-29,2014-09-29,0.634168,1.736801,1.102633,2014.0,21,21,True,4841.0,48,6,0.0,6.0,Q4 (largest),2014,0.684385667388584
1166691,2022-01-04,NBCUniversal,NBCUniversal,1,DISC,False,145,False,"The Maryland Office of the Attorney General reported that a cybersecurity incident involving NBCUniversal's third-party vendor, FleetMaster BVBA, resulted in the unauthorized disclosure of personal information belonging to NBCUniversal employees. The breach occurred due to a misconfiguration from January 4, 2022, to January 11, 2022, affecting one Maryland resident and potentially exposing their name, Social Security number, and driver's license number.",2022-04-21 00:00:00,2022-01-11 00:00:00,"{""""Encryption Status"""":""""Unencrypted"""",""""Categories Affected"""":{""""Personal Identifiers"""":{""""Affected"""":""""Yes"""",""""Examples"""":[""""Name"""",""""Social Security number"""",""""Driver's license number""""]},""""Protected Classification Characteristics"""":{""""Affected"""":""""No"""",""""Examples"""":[]},""""Commercial Information"""":{""""Affected"""":""""No"""",""""Examples"""":[]},""""Biometric Information"""":{""""Affected"""":""""No"""",""""Examples"""":[]},""""Internet or Network Activity"""":{""""Affected"""":""""No"""",""""Examples"""":[]},""""Geolocation Data"""":{""""Affected"""":""""No"""",""""Examples"""":[]},""""Sensory Data"""":{""""Affected"""":""""No"""",""""Examples"""":[]},""""Professional or Employment-Related Information"""":{""""Affected"""":""""No"""",""""Examples"""":[]},""""Education Information"""":{""""Affected"""":""""No"""",""""Examples"""":[]},""""Inferences Drawn from Personal Information"""":{""""Affected"""":""""No"""",""""Examples"""":[]},""""Sensitive Personal Information"""":{""""Affected"""":""""Yes"""",""""Examples"""":[""""Social Security number"""",""""Driver's license number""""]},""""Customer Records"""":{""""Affected"""":""""No"""",""""Examples"""":[]}}}",BSO,VERIFIED,"EDGAR name: NBCUNIVERSAL, LLC | EQUITY-PARENT: NBCUniversal Media LLC registrant has no equity; parent = Comcast Corp (Gate 1 verdict E class)",,1,"Clause (a) DOCUMENTED: direct registry filer NBCUniversal, LLC FRN 20940540 (8/4 adjudication comment — identity and treatment both recorded)",3.2237,1.9512,3.2251,1.8362,31.0562,20.748,9546502.24,8639144.13,-10.3082,89525.0,CMCSA,window,1,12.5278,0.6448,0.0513,0.2977,7,0,107.0,0,0,0.0,0,0,0,0,,2022-01-04,2022-04-21,0.994817,2.453155,1.4583380000000004,2022.0,21,21,True,4841.0,48,7,107.0,7.0,Q4 (largest),2022,0.5876549743336772
1166691,2023-10-16,Comcast Cable Communications LLC,Comcast Cable Communications LLC,8,HACK,False,36000000,True,"The Maine Office of the Attorney General reported a data breach involving Comcast Cable Communications LLC, which occurred from October 16 to October 19, 2023, due to unauthorized access following a vulnerability in a software product used by Xfinity's provider, Citrix. The breach affected approximately 35,879,455 individuals, potentially exposing usernames, hashed passwords, names, contact information, last four digits of social security numbers, dates of birth, and secret questions and answers. The breach was discovered on December 6, 2023, and notifications were sent on December 18, 2023.",2023-12-18 00:00:00,2023-10-19 00:00:00,"{""""Encryption Status"""":""""Unencrypted"""",""""Categories Affected"""":{""""Personal Identifiers"""":{""""Affected"""":""""Yes"""",""""Examples"""":[""""Name"""",""""Username"""",""""Last four digits of Social Security number"""",""""Date of birth"""",""""Driver's license number""""]},""""Protected Classification Characteristics"""":{""""Affected"""":""""No"""",""""Examples"""":[]},""""Commercial Information"""":{""""Affected"""":""""No"""",""""Examples"""":[]},""""Biometric Information"""":{""""Affected"""":""""No"""",""""Examples"""":[]},""""Internet or Network Activity"""":{""""Affected"""":""""No"""",""""Examples"""":[]},""""Geolocation Data"""":{""""Affected"""":""""No"""",""""Examples"""":[]},""""Sensory Data"""":{""""Affected"""":""""No"""",""""Examples"""":[]},""""Professional or Employment-Related Information"""":{""""Affected"""":""""No"""",""""Examples"""":[]},""""Education Information"""":{""""Affected"""":""""No"""",""""Examples"""":[]},""""Inferences Drawn from Personal Information"""":{""""Affected"""":""""No"""",""""Examples"""":[]},""""Sensitive Personal Information"""":{""""Affected"""":""""Yes"""",""""Examples"""":[""""Last four digits of Social Security number"""",""""Driver's license number""""]},""""Customer Records"""":{""""Affected"""":""""Yes"""",""""Examples"""":[""""Secret questions and answers""""]}}}",BSO,VERIFIED,EDGAR name: COMCAST CABLE COMMUNICATIONS INC | EQUITY-PARENT: Comcast Cable Communications registrant has no equity; parent = Comcast Corp (Gate 1 verdict A class),,1,Clause (b): parent brand of Comcast Telephony filers (7/28),0.6643,-9.1027,0.6446,-9.6257,14.2413,36.5525,6307465.16,7843474.84,22.3112,89525.0,CMCSA,window,1,12.4579,0.6811,0.0209,0.3046,8,0,63.0,0,0,0.0,0,0,1,1,51.0,2023-10-16,2023-12-18,1.307657,1.16917,-0.13848700000000003,2023.0,21,21,True,4841.0,48,8,63.0,8.0,Q4 (largest),2023,3.765210365713756e-12
1166691,2024-01-26,Comcast Cable Communications LLC,Comcast Cable Communications LLC,1,HACK,False,24,False,"The Massachusetts Office of Consumer Affairs and Business Regulation reported a data breach involving Comcast Cable Communications LLC on January 26, 2024. The breach affected 30 residents and compromised Social Security Numbers (SSN) and driver's licenses.",2024-01-26 00:00:00,2024-01-26 00:00:00,"{""""Encryption Status"""":""""Unencrypted"""",""""Categories Affected"""":{""""Personal Identifiers"""":{""""Affected"""":""""Yes"""",""""Examples"""":[""""Social Security number"""",""""Driver's license number""""]},""""Protected Classification Characteristics"""":{""""Affected"""":""""No"""",""""Examples"""":[]},""""Commercial Information"""":{""""Affected"""":""""No"""",""""Examples"""":[]},""""Biometric Information"""":{""""Affected"""":""""No"""",""""Examples"""":[]},""""Internet or Network Activity"""":{""""Affected"""":""""No"""",""""Examples"""":[]},""""Geolocation Data"""":{""""Affected"""":""""No"""",""""Examples"""":[]},""""Sensory Data"""":{""""Affected"""":""""No"""",""""Examples"""":[]},""""Professional or Employment-Related Information"""":{""""Affected"""":""""No"""",""""Examples"""":[]},""""Education Information"""":{""""Affected"""":""""No"""",""""Examples"""":[]},""""Inferences Drawn from Personal Information"""":{""""Affected"""":""""No"""",""""Examples"""":[]},""""Sensitive Personal Information"""":{""""Affected"""":""""Yes"""",""""Examples"""":[""""Social Security number"""",""""Driver's license number""""]},""""Customer Records"""":{""""Affected"""":""""No"""",""""Examples"""":[]}}}",BSO,VERIFIED,EDGAR name: COMCAST CABLE COMMUNICATIONS INC | EQUITY-PARENT: Comcast Cable Communications registrant has no equity; parent = Comcast Corp (Gate 1 verdict A class),,1,Clause (b): parent brand of Comcast Telephony filers (7/28),-1.4293,-8.2549,-1.503,-8.5856,17.3065,27.2534,4443642.57,6557064.86,9.9469,89525.0,CMCSA,window,1,12.4868,0.6848,0.0581,0.3097,9,1,0.0,0,0,1.0,0,0,1,1,80.0,2024-01-26,2024-01-26,0.92509,1.677459,0.7523690000000001,2024.0,21,21,True,4841.0,48,16,0.0,9.0,Q4 (largest),2024,-7.296385717836529e-13
1166691,2024-02-14,Comcast Cable Communications LLC,Comcast Cable Communications LLC,2,HACK,False,5,True,"The Maine Office of the Attorney General reported that Comcast Cable Communications LLC experienced a data breach at Financial Business and Consumer Solutions (FBCS), occurring between February 14 and February 26, 2024, affecting 237,703 individuals in total. The breach involved unauthorized access and data downloads, including names, addresses, Social Security numbers, and Comcast account details, with the discovery date reported as July 17, 2024. Comcast is offering 12 months of complimentary identity theft protection services through CyEx Identity Defense Complete.",2024-10-03 00:00:00,2024-02-26 00:00:00,"{
  """"Encryption Status"""": """"Unencrypted"""",
  """"Categories Affected"""": {
    """"Personal Identifiers"""": {
      """"Affected"""": """"Yes"""",
      """"Examples"""": [""""Name"""", """"Address"""", """"Social Security number"""", """"Date of birth"""", """"Comcast account number"""", """"ID numbers used internally at FBCS""""]
    },
    """"Protected Classification Characteristics"""": {
      """"Affected"""": """"No"""",
      """"Examples"""": []
    },
    """"Commercial Information"""": {
      """"Affected"""": """"No"""",
      """"Examples"""": []
    },
    """"Biometric Information"""": {
      """"Affected"""": """"No"""",
      """"Examples"""": []
    },
    """"Internet or Network Activity"""": {
      """"Affected"""": """"No"""",
      """"Examples"""": []
    },
    """"Geolocation Data"""": {
      """"Affected"""": """"No"""",
      """"Examples"""": []
    },
    """"Sensory Data"""": {
      """"Affected"""": """"No"""",
      """"Examples"""": []
    },
    """"Professional or Employment-Related Information"""": {
      """"Affected"""": """"No"""",
      """"Examples"""": []
    },
    """"Education Information"""": {
      """"Affected"""": """"No"""",
      """"Examples"""": []
    },
    """"Inferences Drawn from Personal Information"""": {
      """"Affected"""": """"No"""",
      """"Examples"""": []
    },
    """"Sensitive Personal Information"""": {
      """"Affected"""": """"Yes"""",
      """"Examples"""": [""""Social Security number""""]
    },
    """"Customer Records"""": {
      """"Affected"""": """"Yes"""",
      """"Examples"""": [""""Name"""", """"Address"""", """"Comcast account number"""", """"ID numbers used internally at FBCS""""]
    }
  }
}",BSO,VERIFIED,EDGAR name: COMCAST CABLE COMMUNICATIONS INC | EQUITY-PARENT: Comcast Cable Communications registrant has no equity; parent = Comcast Corp (Gate 1 verdict A class),,1,Clause (b): parent brand of Comcast Telephony filers (7/28),-2.5634,-2.723,-2.5875,-2.933,27.8073,16.8955,6920708.6,6959481.25,-10.9118,89525.0,CMCSA,window,1,12.4868,0.6848,0.0581,0.3097,10,2,232.0,0,0,0.0,0,0,1,1,61.0,2024-02-14,2024-10-03,1.310238,1.95827,0.6480319999999999,2024.0,21,21,True,4841.0,48,17,232.0,10.0,Q4 (largest),2024,-0.0004536373086516665
1166691,2024-10-04,Comcast Cable Communications LLC,Comcast Cable Communications LLC,1,HACK,False,3,False,"The Texas Attorney General reported on October 4, 2024, that Comcast Cable Communications LLC experienced a data breach affecting 1,867 individuals. The breach involved the exposure of names, addresses, Social Security Numbers, and dates of birth, with notification provided to consumers via U.S. Mail.",2024-10-04 00:00:00,2024-10-04 00:00:00,"{""""Encryption Status"""":""""Unencrypted"""",""""Categories Affected"""":{""""Personal Identifiers"""":{""""Affected"""":""""Yes"""",""""Examples"""":[""""Name of individual"""",""""Address"""",""""Social Security Number""""]},""""Protected Classification Characteristics"""":{""""Affected"""":""""No"""",""""Examples"""":[]},""""Commercial Information"""":{""""Affected"""":""""No"""",""""Examples"""":[]},""""Biometric Information"""":{""""Affected"""":""""No"""",""""Examples"""":[]},""""Internet or Network Activity"""":{""""Affected"""":""""No"""",""""Examples"""":[]},""""Geolocation Data"""":{""""Affected"""":""""No"""",""""Examples"""":[]},""""Sensory Data"""":{""""Affected"""":""""No"""",""""Examples"""":[]},""""Professional or Employment-Related Information"""":{""""Affected"""":""""No"""",""""Examples"""":[]},""""Education Information"""":{""""Affected"""":""""No"""",""""Examples"""":[]},""""Inferences Drawn from Personal Information"""":{""""Affected"""":""""No"""",""""Examples"""":[]},""""Sensitive Personal Information"""":{""""Affected"""":""""Yes"""",""""Examples"""":[""""Social Security Number""""]},""""Customer Records"""":{""""Affected"""":""""No"""",""""Examples"""":[]}}}",BSO,VERIFIED,EDGAR name: COMCAST CABLE COMMUNICATIONS INC | EQUITY-PARENT: Comcast Cable Communications registrant has no equity; parent = Comcast Corp (Gate 1 verdict A class),,1,Clause (b): parent brand of Comcast Telephony filers (7/28),-0.8945,2.0194,-0.9226,1.7461,19.1543,21.6532,9139056.46,5872100.74,2.4989,89525.0,CMCSA,window,1,12.4868,0.6848,0.0581,0.3097,11,3,0.0,0,0,1.0,0,0,0,1,166.0,2024-10-04,2024-10-04,1.329004,1.955943,0.6269389999999999,2024.0,21,21,True,4841.0,48,19,0.0,11.0,Q4 (largest),2024,-1.7871504276456562e-10
1283699,2014-01-02,"T-Mobile USA, Inc.","T-Mobile USA, Inc.",1,HACK,False,131,False,"The Massachusetts Office of Consumer Affairs and Business Regulation reported a data breach involving T-Mobile USA, Inc. on January 2, 2014. The breach affected 233 residents and involved electronic records that included Social Security Numbers (SSN) and driver's licenses.",2014-01-02 00:00:00,2014-01-02 00:00:00,"{""""Encryption Status"""":""""Unencrypted"""",""""Categories Affected"""":{""""Personal Identifiers"""":{""""Affected"""":""""Yes"""",""""Examples"""":[""""Social Security number"""",""""Driver's license number""""]},""""Protected Classification Characteristics"""":{""""Affected"""":""""No"""",""""Examples"""":[]},""""Commercial Information"""":{""""Affected"""":""""No"""",""""Examples"""":[]},""""Biometric Information"""":{""""Affected"""":""""No"""",""""Examples"""":[]},""""Internet or Network Activity"""":{""""Affected"""":""""No"""",""""Examples"""":[]},""""Geolocation Data"""":{""""Affected"""":""""No"""",""""Examples"""":[]},""""Sensory Data"""":{""""Affected"""":""""No"""",""""Examples"""":[]},""""Professional or Employment-Related Information"""":{""""Affected"""":""""No"""",""""Examples"""":[]},""""Education Information"""":{""""Affected"""":""""No"""",""""Examples"""":[]},""""Inferences Drawn from Personal Information"""":{""""Affected"""":""""No"""",""""Examples"""":[]},""""Sensitive Personal Information"""":{""""Affected"""":""""Yes"""",""""Examples"""":[""""Social Security number"""",""""Driver's license number""""]},""""Customer Records"""":{""""Affected"""":""""No"""",""""Examples"""":[]}}}",BSO,VERIFIED-GATE1,Gate1-C: TMUS public parent,,1,"Clause (a) adjudicated 8/4: active open registry record ""T-Mobile USA, Inc.- CONSOLIDATED"" (499ID 822060, dba T-Mobile, start 1997, no end) — the ""- CONSOLIDATED"" suffix defeats exact matching for USA/US name variants (Cricket precedent, family-wide)",-1.1724,-6.4981,-1.2814,-7.0236,47.6455,29.0691,4548008.78,1821542.58,-18.5764,91937.0,TMUS,window,1,10.8188,0.7148,0.0007,0.1959,8,2,0.0,0,0,1.0,0,0,1,1,48.0,2014-01-02,2014-01-02,3.167567,2.70402,-0.46354700000000015,2014.0,21,21,True,4812.0,48,8,0.0,8.0,Q3,2014,
1283699,2015-09-14,"T-Mobile USA, Inc.","T-Mobile USA | T-Mobile USA Inc. | T-Mobile USA, Inc.",9,HACK,False,15100000,True,"The California Office of the Attorney General reported on October 1, 2015, that T-Mobile USA, Inc. experienced a data breach on September 14, 2015, involving unauthorized access to Experian servers. The breach potentially exposed personal information of customers, including names, addresses, social security numbers, and dates of birth, but no banking or payment information was compromised.",2015-10-01 00:00:00,2015-09-14 00:00:00,"{""""Encryption Status"""":""""Unencrypted"""",""""Categories Affected"""":{""""Personal Identifiers"""":{""""Affected"""":""""Yes"""",""""Examples"""":[""""Name"""",""""Address"""",""""Social Security number"""",""""Date of birth"""",""""Identification number (such as driver's license, military ID, or passport number)""""]},""""Protected Classification Characteristics"""":{""""Affected"""":""""No"""",""""Examples"""":[]},""""Commercial Information"""":{""""Affected"""":""""Yes"""",""""Examples"""":[""""Information used in T-Mobile's own credit assessment""""]},""""Biometric Information"""":{""""Affected"""":""""No"""",""""Examples"""":[]},""""Internet or Network Activity"""":{""""Affected"""":""""No"""",""""Examples"""":[]},""""Geolocation Data"""":{""""Affected"""":""""No"""",""""Examples"""":[]},""""Sensory Data"""":{""""Affected"""":""""No"""",""""Examples"""":[]},""""Professional or Employment-Related Information"""":{""""Affected"""":""""No"""",""""Examples"""":[]},""""Education Information"""":{""""Affected"""":""""No"""",""""Examples"""":[]},""""Inferences Drawn from Personal Information"""":{""""Affected"""":""""No"""",""""Examples"""":[]},""""Sensitive Personal Information"""":{""""Affected"""":""""Yes"""",""""Examples"""":[""""Social Security number"""",""""Identification number (such as driver's license, military ID, or passport number)""""]},""""Customer Records"""":{""""Affected"""":""""No"""",""""Examples"""":[]}}}",BSO,VERIFIED-GATE1,Gate1-C: TMUS public parent,"CAMPAIGN CH-28: 2 firm-day events collapsed [2015-09-14, 2015-09-15] (Gate 2 signed; record-count gaps not a distinctness signal)",1,"Clause (a) adjudicated 8/4: active open registry record ""T-Mobile USA, Inc.- CONSOLIDATED"" (499ID 822060, dba T-Mobile, start 1997, no end) — the ""- CONSOLIDATED"" suffix defeats exact matching for USA/US name variants (Cricket precedent, family-wide)",6.9588,0.1446,7.1295,-0.1696,25.6028,30.2287,1580695.85,1170947.15,4.6259,91937.0,TMUS,window,1,10.9447,0.7235,0.0044,0.179,9,0,17.0,0,0,0.0,0,0,0,1,158.0,2015-09-14,2015-10-01,1.605209,2.117585,0.5123759999999999,2015.0,21,21,True,4812.0,48,9,17.0,9.0,Q3,2015,-0.00021338264786074923
1283699,2015-10-01,T-Mobile USA Inc.,T-Mobile USA Inc.,1,HACK,False,287115,False,"The Massachusetts Office of Consumer Affairs and Business Regulation reported on October 1, 2015, that T-Mobile USA Inc. experienced a data breach affecting 287,115 residents. The breach involved electronic records compromised, including Social Security Numbers (SSN) and Driver's Licenses.",2015-10-01 00:00:00,2015-10-01 00:00:00,"{""""Encryption Status"""":""""Unencrypted"""",""""Categories Affected"""":{""""Personal Identifiers"""":{""""Affected"""":""""Yes"""",""""Examples"""":[""""Social Security number"""",""""Driver's license number""""]},""""Protected Classification Characteristics"""":{""""Affected"""":""""No"""",""""Examples"""":[]},""""Commercial Information"""":{""""Affected"""":""""No"""",""""Examples"""":[]},""""Biometric Information"""":{""""Affected"""":""""No"""",""""Examples"""":[]},""""Internet or Network Activity"""":{""""Affected"""":""""No"""",""""Examples"""":[]},""""Geolocation Data"""":{""""Affected"""":""""No"""",""""Examples"""":[]},""""Sensory Data"""":{""""Affected"""":""""No"""",""""Examples"""":[]},""""Professional or Employment-Related Information"""":{""""Affected"""":""""No"""",""""Examples"""":[]},""""Education Information"""":{""""Affected"""":""""No"""",""""Examples"""":[]},""""Inferences Drawn from Personal Information"""":{""""Affected"""":""""No"""",""""Examples"""":[]},""""Sensitive Personal Information"""":{""""Affected"""":""""Yes"""",""""Examples"""":[""""Social Security number"""",""""Driver's license number""""]},""""Customer Records"""":{""""Affected"""":""""No"""",""""Examples"""":[]}}}",BSO,VERIFIED-GATE1,Gate1-C: TMUS public parent,,1,"Clause (a) adjudicated 8/4: active open registry record ""T-Mobile USA, Inc.- CONSOLIDATED"" (499ID 822060, dba T-Mobile, start 1997, no end) — the ""- CONSOLIDATED"" suffix defeats exact matching for USA/US name variants (Cricket precedent, family-wide)",-5.7008,-9.7058,-5.8328,-10.2152,31.9654,32.0848,1606828.36,2556545.35,0.1194,91937.0,TMUS,window,1,10.9447,0.7235,0.0044,0.179,10,1,0.0,0,0,1.0,0,0,0,1,141.0,2015-10-01,2015-10-01,1.605209,2.117585,0.5123759999999999,2015.0,21,21,True,4812.0,48,18,0.0,10.0,Q3,2015,-0.00021338264786074923
1283699,2015-11-04,T-Mobile USA Inc,T-Mobile USA Inc,1,PHYS,False,3,False,"The Massachusetts Office of Consumer Affairs and Business Regulation reported a data breach involving T-Mobile USA Inc on November 4, 2015. The breach affected 3 residents and compromised electronic records, specifically credit and debit numbers.",2015-11-04 00:00:00,2015-11-04 00:00:00,"{""""Encryption Status"""":""""Unencrypted"""",""""Categories Affected"""":{""""Personal Identifiers"""":{""""Affected"""":""""No"""",""""Examples"""":[]},""""Protected Classification Characteristics"""":{""""Affected"""":""""No"""",""""Examples"""":[]},""""Commercial Information"""":{""""Affected"""":""""No"""",""""Examples"""":[]},""""Biometric Information"""":{""""Affected"""":""""No"""",""""Examples"""":[]},""""Internet or Network Activity"""":{""""Affected"""":""""No"""",""""Examples"""":[]},""""Geolocation Data"""":{""""Affected"""":""""No"""",""""Examples"""":[]},""""Sensory Data"""":{""""Affected"""":""""No"""",""""Examples"""":[]},""""Professional or Employment-Related Information"""":{""""Affected"""":""""No"""",""""Examples"""":[]},""""Education Information"""":{""""Affected"""":""""No"""",""""Examples"""":[]},""""Inferences Drawn from Personal Information"""":{""""Affected"""":""""No"""",""""Examples"""":[]},""""Sensitive Personal Information"""":{""""Affected"""":""""Yes"""",""""Examples"""":[""""CreditDebitNumbers""""]},""""Customer Records"""":{""""Affected"""":""""No"""",""""Examples"""":[]}}}",BSO,VERIFIED-GATE1,Gate1-C: TMUS public parent,,1,"Clause (a) adjudicated 8/4: active open registry record ""T-Mobile USA, Inc.- CONSOLIDATED"" (499ID 822060, dba T-Mobile, start 1997, no end) — the ""- CONSOLIDATED"" suffix defeats exact matching for USA/US name variants (Cricket precedent, family-wide)",-1.4416,5.9601,-1.5083,5.3168,33.2824,33.2924,2297289.71,1953216.44,0.01,91937.0,TMUS,window,1,10.9447,0.7235,0.0044,0.179,11,2,0.0,0,0,1.0,0,0,0,1,107.0,2015-11-04,2015-11-04,1.81676,2.143001,0.326241,2015.0,21,21,True,4812.0,48,19,0.0,11.0,Q3,2015,0.06225524188691023
1283699,2017-04-01,T-Mobile,T-Mobile,2,INSD,False,1,True,"The New Hampshire Attorney General's Office reported on June 9, 2017, that T-Mobile experienced a data breach involving the misuse of personal credit card information by a former employee. One New Hampshire resident was affected, and T-Mobile is providing two years of free credit monitoring to the individual.",2017-06-09 00:00:00,2017-04-01 00:00:00,"{""""Encryption Status"""":""""Unencrypted"""",""""Categories Affected"""":{""""Personal Identifiers"""":{""""Affected"""":""""Yes"""",""""Examples"""":[""""Credit card number""""]},""""Protected Classification Characteristics"""":{""""Affected"""":""""No"""",""""Examples"""":[]},""""Commercial Information"""":{""""Affected"""":""""No"""",""""Examples"""":[]},""""Biometric Information"""":{""""Affected"""":""""No"""",""""Examples"""":[]},""""Internet or Network Activity"""":{""""Affected"""":""""No"""",""""Examples"""":[]},""""Geolocation Data"""":{""""Affected"""":""""No"""",""""Examples"""":[]},""""Sensory Data"""":{""""Affected"""":""""No"""",""""Examples"""":[]},""""Professional or Employment-Related Information"""":{""""Affected"""":""""No"""",""""Examples"""":[]},""""Education Information"""":{""""Affected"""":""""No"""",""""Examples"""":[]},""""Inferences Drawn from Personal Information"""":{""""Affected"""":""""No"""",""""Examples"""":[]},""""Sensitive Personal Information"""":{""""Affected"""":""""Yes"""",""""Examples"""":[""""Credit card number""""]},""""Customer Records"""":{""""Affected"""":""""No"""",""""Examples"""":[]}}}",BSO,VERIFIED-GATE1,Gate1-C: TMUS public parent,,1,"Clause (a) adjudicated 8/4: active open registry record ""T-Mobile USA, Inc.- CONSOLIDATED"" (499ID 822060, dba T-Mobile, start 1997, no end) — the ""- CONSOLIDATED"" suffix defeats exact matching for USA/US name variants (Cricket precedent, family-wide)",-1.9449,-0.5372,-1.9346,-0.6834,17.0843,14.6938,1113762.85,1460060.67,-2.3905,91937.0,TMUS,window,1,11.0958,0.7232,0.0222,0.2501,12,0,69.0,0,0,0.0,0,0,0,0,,2017-04-01,2017-06-09,1.147568,1.126411,-0.02115699999999987,2017.0,21,21,True,4812.0,48,20,69.0,12.0,Q3,2017,-4.565436917403076e-11
1283699,2017-08-24,"T-Mobile USA, Inc.","T-Mobile USA, Inc.",1,INSD,False,1,False,"The New Hampshire Office of the Attorney General reported a data breach involving T-Mobile on September 14, 2017. The breach occurred on or about August 24, 2017, when a T-Mobile employee misused a customer's payment card information, affecting one New Hampshire resident. T-Mobile has since separated the employee responsible for the misuse.",2017-09-14 00:00:00,2017-08-24 00:00:00,"{""""Encryption Status"""":""""Unencrypted"""",""""Categories Affected"""":{""""Personal Identifiers"""":{""""Affected"""":""""Yes"""",""""Examples"""":[""""Credit card number""""]},""""Protected Classification Characteristics"""":{""""Affected"""":""""No"""",""""Examples"""":[]},""""Commercial Information"""":{""""Affected"""":""""No"""",""""Examples"""":[]},""""Biometric Information"""":{""""Affected"""":""""No"""",""""Examples"""":[]},""""Internet or Network Activity"""":{""""Affected"""":""""No"""",""""Examples"""":[]},""""Geolocation Data"""":{""""Affected"""":""""No"""",""""Examples"""":[]},""""Sensory Data"""":{""""Affected"""":""""No"""",""""Examples"""":[]},""""Professional or Employment-Related Information"""":{""""Affected"""":""""No"""",""""Examples"""":[]},""""Education Information"""":{""""Affected"""":""""No"""",""""Examples"""":[]},""""Inferences Drawn from Personal Information"""":{""""Affected"""":""""No"""",""""Examples"""":[]},""""Sensitive Personal Information"""":{""""Affected"""":""""Yes"""",""""Examples"""":[""""Credit card number""""]},""""Customer Records"""":{""""Affected"""":""""No"""",""""Examples"""":[]}}}",BSO,VERIFIED-GATE1,Gate1-C: TMUS public parent,,1,"Clause (a) adjudicated 8/4: active open registry record ""T-Mobile USA, Inc.- CONSOLIDATED"" (499ID 822060, dba T-Mobile, start 1997, no end) — the ""- CONSOLIDATED"" suffix defeats exact matching for USA/US name variants (Cricket precedent, family-wide)",-0.2218,-7.0612,-0.2324,-7.4482,18.3986,26.8314,2375729.45,2483409.46,8.4328,91937.0,TMUS,window,1,11.0958,0.7232,0.0222,0.2501,13,1,21.0,0,0,0.0,0,0,0,1,120.0,2017-08-24,2017-09-14,1.069805,0.803074,-0.26673099999999994,2017.0,21,21,True,4812.0,48,22,21.0,13.0,Q3,2017,-0.021870126180262517
1283699,2017-09-16,"T-Mobile USA, Inc.","T-Mobile USA, Inc.",1,INSD,False,12,False,"The Maryland Office of the Attorney General reported that T-Mobile experienced a data breach where a former employee misused the personal information of one Maryland resident between September 16, 2017, and September 21, 2017. Affected information included the customer's payment card information, and the company has since separated the employee responsible. Notification to the affected individual is expected within the next seven days.",2017-10-02 00:00:00,2017-09-21 00:00:00,"{""""Encryption Status"""":""""Unencrypted"""",""""Categories Affected"""":{""""Personal Identifiers"""":{""""Affected"""":""""Yes"""",""""Examples"""":[""""Payment card information""""]},""""Protected Classification Characteristics"""":{""""Affected"""":""""No"""",""""Examples"""":[]},""""Commercial Information"""":{""""Affected"""":""""No"""",""""Examples"""":[]},""""Biometric Information"""":{""""Affected"""":""""No"""",""""Examples"""":[]},""""Internet or Network Activity"""":{""""Affected"""":""""No"""",""""Examples"""":[]},""""Geolocation Data"""":{""""Affected"""":""""No"""",""""Examples"""":[]},""""Sensory Data"""":{""""Affected"""":""""No"""",""""Examples"""":[]},""""Professional or Employment-Related Information"""":{""""Affected"""":""""No"""",""""Examples"""":[]},""""Education Information"""":{""""Affected"""":""""No"""",""""Examples"""":[]},""""Inferences Drawn from Personal Information"""":{""""Affected"""":""""No"""",""""Examples"""":[]},""""Sensitive Personal Information"""":{""""Affected"""":""""Yes"""",""""Examples"""":[""""Credit card number""""]},""""Customer Records"""":{""""Affected"""":""""No"""",""""Examples"""":[]}}}",BSO,VERIFIED-GATE1,Gate1-C: TMUS public parent,,1,"Clause (a) adjudicated 8/4: active open registry record ""T-Mobile USA, Inc.- CONSOLIDATED"" (499ID 822060, dba T-Mobile, start 1997, no end) — the ""- CONSOLIDATED"" suffix defeats exact matching for USA/US name variants (Cricket precedent, family-wide)",4.3923,-0.1198,4.2812,-0.4597,16.5554,26.349,971642.17,2142411.73,9.7936,91937.0,TMUS,window,1,11.0958,0.7232,0.0222,0.2501,14,2,16.0,0,0,0.0,0,0,0,1,97.0,2017-09-16,2017-10-02,1.716155,2.02647,0.3103150000000001,2017.0,21,21,True,4812.0,48,23,16.0,14.0,Q3,2017,-0.0016686541350159345
1283699,2018-08-20,T-Mobile USA Inc.,T-Mobile USA Inc.,1,HACK,False,2,False,"The Wisconsin Department of Justice reported that T-Mobile USA Inc. experienced a data breach on August 20, 2018, potentially affecting an unknown number of individuals, including Wisconsin residents. The compromised information includes names, phone numbers, email addresses, account numbers, account types, and billing zip codes, while Social Security numbers, financial data, and passwords were not involved.",2018-08-23 00:00:00,2018-08-20 00:00:00,"{
  """"Encryption Status"""": """"Unencrypted"""",
  """"Categories Affected"""": {
    """"Personal Identifiers"""": {
      """"Affected"""": """"Yes"""",
      """"Examples"""": [""""Name"""", """"Phone number"""", """"Email address"""", """"Account number"""", """"Billing zip code""""]
    },
    """"Protected Classification Characteristics"""": {
      """"Affected"""": """"No"""",
      """"Examples"""": []
    },
    """"Commercial Information"""": {
      """"Affected"""": """"Yes"""",
      """"Examples"""": [""""Account type""""]
    },
    """"Biometric Information"""": {
      """"Affected"""": """"No"""",
      """"Examples"""": []
    },
    """"Internet or Network Activity"""": {
      """"Affected"""": """"No"""",
      """"Examples"""": []
    },
    """"Geolocation Data"""": {
      """"Affected"""": """"No"""",
      """"Examples"""": []
    },
    """"Sensory Data"""": {
      """"Affected"""": """"No"""",
      """"Examples"""": []
    },
    """"Professional or Employment-Related Information"""": {
      """"Affected"""": """"No"""",
      """"Examples"""": []
    },
    """"Education Information"""": {
      """"Affected"""": """"No"""",
      """"Examples"""": []
    },
    """"Inferences Drawn from Personal Information"""": {
      """"Affected"""": """"No"""",
      """"Examples"""": []
    },
    """"Sensitive Personal Information"""": {
      """"Affected"""": """"No"""",
      """"Examples"""": []
    },
    """"Customer Records"""": {
      """"Affected"""": """"No"""",
      """"Examples"""": []
    }
  }
}",BSO,VERIFIED-GATE1,Gate1-C: TMUS public parent,,1,"Clause (a) adjudicated 8/4: active open registry record ""T-Mobile USA, Inc.- CONSOLIDATED"" (499ID 822060, dba T-Mobile, start 1997, no end) — the ""- CONSOLIDATED"" suffix defeats exact matching for USA/US name variants (Cricket precedent, family-wide)",-1.9004,3.924,-1.9273,3.9174,31.3109,17.0403,2471743.81,901565.96,-14.2706,91937.0,TMUS,window,1,11.1643,0.6803,0.0643,0.2666,15,2,3.0,0,0,1.0,0,0,1,1,74.0,2018-08-20,2018-08-23,2.1058,1.179596,-0.9262039999999998,2018.0,21,21,True,4812.0,48,24,3.0,15.0,Q3,2018,-0.24791544279638345
1283699,2019-11-26,T-Mobile USA,T-Mobile USA | T-Mobile USA Inc,3,HACK,False,1027,True,"The Montana Department of Justice reported a data breach involving T-Mobile USA on March 10, 2020. The breach occurred between November 26, 2019 and December 25, 2019, involving unauthorized access to T-Mobile employee email accounts, potentially affecting one individual. The compromised information may include names, addresses, Social Security numbers, financial account information, and billing data.",2020-03-02 00:00:00,2019-12-25 00:00:00,"{
  """"Encryption Status"""": """"Unencrypted"""",
  """"Categories Affected"""": {
    """"Personal Identifiers"""": {
      """"Affected"""": """"Yes"""",
      """"Examples"""": [""""Names"""", """"Addresses"""", """"Social Security numbers"""", """"Government identification numbers"""", """"Phone numbers"""", """"Account information""""]
    },
    """"Protected Classification Characteristics"""": {
      """"Affected"""": """"No"""",
      """"Examples"""": []
    },
    """"Commercial Information"""": {
      """"Affected"""": """"Yes"""",
      """"Examples"""": [""""Billing information"""", """"Rate plans and features""""]
    },
    """"Biometric Information"""": {
      """"Affected"""": """"No"""",
      """"Examples"""": []
    },
    """"Internet or Network Activity"""": {
      """"Affected"""": """"No"""",
      """"Examples"""": []
    },
    """"Geolocation Data"""": {
      """"Affected"""": """"No"""",
      """"Examples"""": []
    },
    """"Sensory Data"""": {
      """"Affected"""": """"No"""",
      """"Examples"""": []
    },
    """"Professional or Employment-Related Information"""": {
      """"Affected"""": """"No"""",
      """"Examples"""": []
    },
    """"Education Information"""": {
      """"Affected"""": """"No"""",
      """"Examples"""": []
    },
    """"Inferences Drawn from Personal Information"""": {
      """"Affected"""": """"No"""",
      """"Examples"""": []
    },
    """"Sensitive Personal Information"""": {
      """"Affected"""": """"Yes"""",
      """"Examples"""": [""""Social Security numbers"""", """"Government identification numbers"""", """"Financial account information""""]
    },
    """"Customer Records"""": {
      """"Affected"""": """"No"""",
      """"Examples"""": []
    }
  }
}",BSO,VERIFIED-GATE1,Gate1-C: TMUS public parent,,1,"Clause (a) adjudicated 8/4: active open registry record ""T-Mobile USA, Inc.- CONSOLIDATED"" (499ID 822060, dba T-Mobile, start 1997, no end) — the ""- CONSOLIDATED"" suffix defeats exact matching for USA/US name variants (Cricket precedent, family-wide)",1.0159,-2.6967,1.0101,-2.8518,17.5672,15.2069,1074112.31,1243356.18,-2.3603,91937.0,TMUS,window,1,11.1909,0.6589,0.0399,0.2737,16,0,97.0,0,0,0.0,0,0,1,1,85.0,2019-11-26,2020-03-02,2.880671,6.096709,3.2160379999999997,2020.0,21,21,True,4812.0,48,25,97.0,16.0,Q3,2020,3.1419836566235517
1283699,2020-04-02,Sprint,Sprint,1,HACK,False,3,False,"On April 2, 2020, the Massachusetts Office of Consumer Affairs and Business Regulation reported a data breach involving Sprint, affecting 3 residents. The breach potentially compromised electronic records, specifically drivers' licenses.",2020-04-02 00:00:00,2020-04-02 00:00:00,"{""""Encryption Status"""":""""Unencrypted"""",""""Categories Affected"""":{""""Personal Identifiers"""":{""""Affected"""":""""Yes"""",""""Examples"""":[""""DriversLicenses""""]},""""Protected Classification Characteristics"""":{""""Affected"""":""""No"""",""""Examples"""":[]},""""Commercial Information"""":{""""Affected"""":""""No"""",""""Examples"""":[]},""""Biometric Information"""":{""""Affected"""":""""No"""",""""Examples"""":[]},""""Internet or Network Activity"""":{""""Affected"""":""""No"""",""""Examples"""":[]},""""Geolocation Data"""":{""""Affected"""":""""No"""",""""Examples"""":[]},""""Sensory Data"""":{""""Affected"""":""""No"""",""""Examples"""":[]},""""Professional or Employment-Related Information"""":{""""Affected"""":""""No"""",""""Examples"""":[]},""""Education Information"""":{""""Affected"""":""""No"""",""""Examples"""":[]},""""Inferences Drawn from Personal Information"""":{""""Affected"""":""""No"""",""""Examples"""":[]},""""Sensitive Personal Information"""":{""""Affected"""":""""Yes"""",""""Examples"""":[""""Driver's license number""""]},""""Customer Records"""":{""""Affected"""":""""No"""",""""Examples"""":[]}}}",BSO,VERIFIED-GATE1,Gate1-F: TMUS post-merger,,1,"Clause (a) adjudicated 8/4: Sprint Spectrum LLC dba Sprint (499ID 811754, coverage 1997-2024-12-31, replacement 822060) covers all Sprint-family breach dates; dba/suffix variants defeat exact matching",-11.3431,-1.4651,-11.952,-2.2922,85.4586,35.3274,1834651.86,4211455.4,-50.1312,91937.0,TMUS,window,1,11.3728,0.6688,0.0399,0.288,17,1,0.0,0,0,1.0,0,1,1,1,14.0,2020-04-02,2020-04-02,6.216022,2.97363,-3.2423919999999997,2020.0,21,21,True,4812.0,48,28,0.0,17.0,Q3,2020,-2.989373552665591
1283699,2020-04-15,Sprint,Sprint,1,HACK,False,6,False,"The Massachusetts Office of Consumer Affairs and Business Regulation reported a data breach involving Sprint on April 15, 2020, affecting 6 residents. The breach involved the compromise of electronic records, including account numbers, driver's licenses, and credit/debit numbers.",2020-04-15 00:00:00,2020-04-15 00:00:00,"{""""Encryption Status"""":""""Unencrypted"""",""""Categories Affected"""":{""""Personal Identifiers"""":{""""Affected"""":""""Yes"""",""""Examples"""":[""""AccountNumber"""",""""DriversLicenses""""]},""""Protected Classification Characteristics"""":{""""Affected"""":""""No"""",""""Examples"""":[]},""""Commercial Information"""":{""""Affected"""":""""No"""",""""Examples"""":[]},""""Biometric Information"""":{""""Affected"""":""""No"""",""""Examples"""":[]},""""Internet or Network Activity"""":{""""Affected"""":""""No"""",""""Examples"""":[]},""""Geolocation Data"""":{""""Affected"""":""""No"""",""""Examples"""":[]},""""Sensory Data"""":{""""Affected"""":""""No"""",""""Examples"""":[]},""""Professional or Employment-Related Information"""":{""""Affected"""":""""No"""",""""Examples"""":[]},""""Education Information"""":{""""Affected"""":""""No"""",""""Examples"""":[]},""""Inferences Drawn from Personal Information"""":{""""Affected"""":""""No"""",""""Examples"""":[]},""""Sensitive Personal Information"""":{""""Affected"""":""""Yes"""",""""Examples"""":[""""Driver's license number"""",""""CreditDebitNumbers""""]},""""Customer Records"""":{""""Affected"""":""""Yes"""",""""Examples"""":[""""AccountNumber"""",""""CreditDebitNumbers""""]}}}",BSO,VERIFIED-GATE1,Gate1-F: TMUS post-merger,,1,"Clause (a) adjudicated 8/4: Sprint Spectrum LLC dba Sprint (499ID 811754, coverage 1997-2024-12-31, replacement 822060) covers all Sprint-family breach dates; dba/suffix variants defeat exact matching",2.145,3.3105,2.1414,2.7235,85.1686,47.5096,3673189.18,1587375.0,-37.659,91937.0,TMUS,window,1,11.3728,0.6688,0.0399,0.288,18,2,0.0,0,0,1.0,0,1,1,1,1.0,2020-04-15,2020-04-15,5.687194,3.163056,-2.5241379999999998,2020.0,21,21,True,4812.0,48,29,0.0,18.0,Q3,2020,-2.696190762042513
1283699,2020-08-27,"T-Mobile US, Inc.","T-Mobile US, Inc.",2,HACK+PORT,True,7,True,"The New Hampshire Department of Justice reported on December 8, 2020, that T-Mobile experienced a data breach affecting the personal information of seven New Hampshire residents. The breach occurred between August 27, 2020, and September 6, 2020, involving unauthorized access to customer account information, including names, phone numbers, account numbers, personal identification numbers (PINs), and the number of lines subscribed to.",2020-12-08 00:00:00,2020-09-06 00:00:00,"{""""Encryption Status"""":""""Unencrypted"""",""""Categories Affected"""":{""""Personal Identifiers"""":{""""Affected"""":""""Yes"""",""""Examples"""":[""""Full name"""",""""Phone number"""",""""Account number"""",""""Customer account personal identification number (PIN)""""]},""""Protected Classification Characteristics"""":{""""Affected"""":""""No"""",""""Examples"""":[]},""""Commercial Information"""":{""""Affected"""":""""Yes"""",""""Examples"""":[""""Number of lines subscribed to""""]},""""Biometric Information"""":{""""Affected"""":""""No"""",""""Examples"""":[]},""""Internet or Network Activity"""":{""""Affected"""":""""No"""",""""Examples"""":[]},""""Geolocation Data"""":{""""Affected"""":""""No"""",""""Examples"""":[]},""""Sensory Data"""":{""""Affected"""":""""No"""",""""Examples"""":[]},""""Professional or Employment-Related Information"""":{""""Affected"""":""""No"""",""""Examples"""":[]},""""Education Information"""":{""""Affected"""":""""No"""",""""Examples"""":[]},""""Inferences Drawn from Personal Information"""":{""""Affected"""":""""No"""",""""Examples"""":[]},""""Sensitive Personal Information"""":{""""Affected"""":""""No"""",""""Examples"""":[]},""""Customer Records"""":{""""Affected"""":""""No"""",""""Examples"""":[]}}}",BSO,VERIFIED-GATE1,Gate1-C: TMUS public parent,,1,"Clause (a) adjudicated 8/4: active open registry record ""T-Mobile USA, Inc.- CONSOLIDATED"" (499ID 822060, dba T-Mobile, start 1997, no end) — the ""- CONSOLIDATED"" suffix defeats exact matching for USA/US name variants (Cricket precedent, family-wide)",-0.4537,-0.1464,-0.4581,-0.2721,23.4908,27.3018,2310892.01,1381356.02,3.811,91937.0,TMUS,window,1,11.3728,0.6688,0.0399,0.288,19,3,103.0,0,0,0.0,0,0,1,1,77.0,2020-08-27,2020-12-08,1.61847,1.354239,-0.2642310000000001,2020.0,21,21,True,4812.0,48,30,103.0,19.0,Q3,2020,-0.43703857251712264
1283699,2020-08-31,T-Mobile,T-Mobile,1,PORT,False,6,False,"The Indiana Office of the Attorney General reported a data breach involving T-Mobile on October 9, 2020. The breach occurred on August 31, 2020, affecting 2 residents. The total number of individuals affected is unknown.",2020-10-09 00:00:00,2020-08-31 00:00:00,"{""""Encryption Status"""":""""UNKN"""",""""Categories Affected"""":{""""Personal Identifiers"""":{""""Affected"""":""""UNKN"""",""""Examples"""":[]},""""Protected Classification Characteristics"""":{""""Affected"""":""""UNKN"""",""""Examples"""":[]},""""Commercial Information"""":{""""Affected"""":""""UNKN"""",""""Examples"""":[]},""""Biometric Information"""":{""""Affected"""":""""UNKN"""",""""Examples"""":[]},""""Internet or Network Activity"""":{""""Affected"""":""""UNKN"""",""""Examples"""":[]},""""Geolocation Data"""":{""""Affected"""":""""UNKN"""",""""Examples"""":[]},""""Sensory Data"""":{""""Affected"""":""""UNKN"""",""""Examples"""":[]},""""Professional or Employment-Related Information"""":{""""Affected"""":""""UNKN"""",""""Examples"""":[]},""""Education Information"""":{""""Affected"""":""""UNKN"""",""""Examples"""":[]},""""Inferences Drawn from Personal Information"""":{""""Affected"""":""""UNKN"""",""""Examples"""":[]},""""Sensitive Personal Information"""":{""""Affected"""":""""UNKN"""",""""Examples"""":[]},""""Customer Records"""":{""""Affected"""":""""UNKN"""",""""Examples"""":[]}}}",BSO,VERIFIED-GATE1,Gate1-C: TMUS public parent,,1,"Clause (a) adjudicated 8/4: active open registry record ""T-Mobile USA, Inc.- CONSOLIDATED"" (499ID 822060, dba T-Mobile, start 1997, no end) — the ""- CONSOLIDATED"" suffix defeats exact matching for USA/US name variants (Cricket precedent, family-wide)",0.9676,3.4673,0.9297,3.4174,23.6338,27.5028,2339850.28,1289948.21,3.869,91937.0,TMUS,window,1,11.3728,0.6688,0.0399,0.288,20,4,39.0,0,0,0.0,0,0,1,1,73.0,2020-08-31,2020-10-09,1.802361,1.848906,0.046544999999999837,2020.0,21,21,True,4812.0,48,32,39.0,20.0,Q3,2020,0.10161853435505508
1283699,2021-01-18,T-Mobile,"T-Mobile | T-Mobile US, Inc.",2,PORT,False,118290,True,"The Maryland Office of the Attorney General reported a data breach involving T-Mobile USA, Inc. on February 9, 2021. The breach occurred starting on January 18, 2021, affecting 421 customers, including 11 individuals in Maryland, and potentially compromising full names, addresses, email addresses, social security numbers, account numbers, driver's license numbers, personal identification numbers (PINs), security questions and answers, dates of birth, plan information, and the number of lines subscribed.",2021-02-09 00:00:00,2021-01-18 00:00:00,"{""""Encryption Status"""":""""Unencrypted"""",""""Categories Affected"""":{""""Personal Identifiers"""":{""""Affected"""":""""Yes"""",""""Examples"""":[""""Full name"""",""""Address"""",""""Email address"""",""""Social Security number"""",""""Account number"""",""""Driver's license number"""",""""Customer account personal identification number (PIN)"""",""""Account security questions and answers"""",""""Date of birth""""]},""""Protected Classification Characteristics"""":{""""Affected"""":""""No"""",""""Examples"""":[]},""""Commercial Information"""":{""""Affected"""":""""Yes"""",""""Examples"""":[""""Plan information"""",""""Number of lines subscribed""""]},""""Biometric Information"""":{""""Affected"""":""""No"""",""""Examples"""":[]},""""Internet or Network Activity"""":{""""Affected"""":""""No"""",""""Examples"""":[]},""""Geolocation Data"""":{""""Affected"""":""""No"""",""""Examples"""":[]},""""Sensory Data"""":{""""Affected"""":""""No"""",""""Examples"""":[]},""""Professional or Employment-Related Information"""":{""""Affected"""":""""No"""",""""Examples"""":[]},""""Education Information"""":{""""Affected"""":""""No"""",""""Examples"""":[]},""""Inferences Drawn from Personal Information"""":{""""Affected"""":""""No"""",""""Examples"""":[]},""""Sensitive Personal Information"""":{""""Affected"""":""""Yes"""",""""Examples"""":[""""Social Security number"""",""""Driver's license number"""",""""Customer account personal identification number (PIN)"""",""""Account security questions and answers"""",""""Date of birth""""]},""""Customer Records"""":{""""Affected"""":""""No"""",""""Examples"""":[]}}}",BSO,VERIFIED-GATE1,Gate1-C: TMUS public parent,,1,"Clause (a) adjudicated 8/4: active open registry record ""T-Mobile USA, Inc.- CONSOLIDATED"" (499ID 822060, dba T-Mobile, start 1997, no end) — the ""- CONSOLIDATED"" suffix defeats exact matching for USA/US name variants (Cricket precedent, family-wide)",1.4741,-7.7084,1.4718,-7.9639,21.3324,35.353,1665399.78,1940520.6,14.0206,91937.0,TMUS,window,1,12.2069,0.6735,0.0153,0.3447,21,4,22.0,0,0,0.0,0,0,1,1,51.0,2021-01-18,2021-02-09,2.335868,1.854078,-0.48179000000000016,2021.0,21,21,True,4812.0,48,33,22.0,21.0,Q4 (largest),2021,-0.08854165264557912
1283699,2021-02-12,"T-Mobile USA, Inc.","T-Mobile USA, Inc.",1,INSD,False,2,False,"On March 16, 2021, the New Hampshire Office of the Attorney General reported a data breach involving T-Mobile USA, Inc. The breach occurred on February 12, 2021, when a T-Mobile representative accessed the personal information of one New Hampshire resident without authorization, including full name, address, email address, account number, last four digits of SSN, date of birth, and driver's license details. T-Mobile has offered two years of free credit monitoring to the affected individual.",2021-03-16 00:00:00,2021-02-12 00:00:00,"{""""Encryption Status"""":""""Unencrypted"""",""""Categories Affected"""":{""""Personal Identifiers"""":{""""Affected"""":""""Yes"""",""""Examples"""":[""""Full name"""",""""Address"""",""""Email address"""",""""Account number"""",""""Last 4 of SSN"""",""""Date of birth"""",""""Driver's license number/state and expiration date""""]},""""Protected Classification Characteristics"""":{""""Affected"""":""""No"""",""""Examples"""":[]},""""Commercial Information"""":{""""Affected"""":""""No"""",""""Examples"""":[]},""""Biometric Information"""":{""""Affected"""":""""No"""",""""Examples"""":[]},""""Internet or Network Activity"""":{""""Affected"""":""""No"""",""""Examples"""":[]},""""Geolocation Data"""":{""""Affected"""":""""No"""",""""Examples"""":[]},""""Sensory Data"""":{""""Affected"""":""""No"""",""""Examples"""":[]},""""Professional or Employment-Related Information"""":{""""Affected"""":""""No"""",""""Examples"""":[]},""""Education Information"""":{""""Affected"""":""""No"""",""""Examples"""":[]},""""Inferences Drawn from Personal Information"""":{""""Affected"""":""""No"""",""""Examples"""":[]},""""Sensitive Personal Information"""":{""""Affected"""":""""Yes"""",""""Examples"""":[""""Last 4 of SSN"""",""""Driver's license number/state and expiration date""""]},""""Customer Records"""":{""""Affected"""":""""No"""",""""Examples"""":[]}}}",BSO,VERIFIED-GATE1,Gate1-C: TMUS public parent,,1,"Clause (a) adjudicated 8/4: active open registry record ""T-Mobile USA, Inc.- CONSOLIDATED"" (499ID 822060, dba T-Mobile, start 1997, no end) — the ""- CONSOLIDATED"" suffix defeats exact matching for USA/US name variants (Cricket precedent, family-wide)",-4.0591,0.36,-3.9857,0.1403,34.6223,30.0895,1773286.78,1896051.41,-4.5328,91937.0,TMUS,window,1,12.2069,0.6735,0.0153,0.3447,22,5,32.0,0,0,0.0,0,1,1,1,26.0,2021-02-12,2021-03-16,1.82673,1.182856,-0.6438740000000001,2021.0,21,21,True,4812.0,48,35,32.0,22.0,Q4 (largest),2021,-0.2974657530531619
1283699,2021-02-20,T-Mobile,T-Mobile,1,PORT,False,1,False,"The Indiana Office of the Attorney General reported a data breach involving T-Mobile on March 31, 2021. The breach occurred on February 20, 2021, affecting a total of 65 individuals, including 1 resident.",2021-03-31 00:00:00,2021-02-20 00:00:00,"{""""Encryption Status"""":""""UNKN"""",""""Categories Affected"""":{""""Personal Identifiers"""":{""""Affected"""":""""UNKN"""",""""Examples"""":[]},""""Protected Classification Characteristics"""":{""""Affected"""":""""UNKN"""",""""Examples"""":[]},""""Commercial Information"""":{""""Affected"""":""""UNKN"""",""""Examples"""":[]},""""Biometric Information"""":{""""Affected"""":""""UNKN"""",""""Examples"""":[]},""""Internet or Network Activity"""":{""""Affected"""":""""UNKN"""",""""Examples"""":[]},""""Geolocation Data"""":{""""Affected"""":""""UNKN"""",""""Examples"""":[]},""""Sensory Data"""":{""""Affected"""":""""UNKN"""",""""Examples"""":[]},""""Professional or Employment-Related Information"""":{""""Affected"""":""""UNKN"""",""""Examples"""":[]},""""Education Information"""":{""""Affected"""":""""UNKN"""",""""Examples"""":[]},""""Inferences Drawn from Personal Information"""":{""""Affected"""":""""UNKN"""",""""Examples"""":[]},""""Sensitive Personal Information"""":{""""Affected"""":""""UNKN"""",""""Examples"""":[]},""""Customer Records"""":{""""Affected"""":""""UNKN"""",""""Examples"""":[]}}}",BSO,VERIFIED-GATE1,Gate1-C: TMUS public parent,,1,"Clause (a) adjudicated 8/4: active open registry record ""T-Mobile USA, Inc.- CONSOLIDATED"" (499ID 822060, dba T-Mobile, start 1997, no end) — the ""- CONSOLIDATED"" suffix defeats exact matching for USA/US name variants (Cricket precedent, family-wide)",0.2722,4.2088,0.2508,4.1463,34.7339,29.2045,1793150.42,1956237.47,-5.5294,91937.0,TMUS,window,1,12.2069,0.6735,0.0153,0.3447,23,6,39.0,0,0,0.0,0,1,1,1,18.0,2021-02-20,2021-03-31,1.835055,1.575515,-0.2595400000000001,2021.0,21,21,True,4812.0,48,36,39.0,23.0,Q4 (largest),2021,-0.20760210012132507
1283699,2021-03-01,"T-Mobile USA, Inc.","T-Mobile USA, Inc.",1,HACK,False,76600000,False,"The California Office of the Attorney General reported on August 25, 2021, that T-Mobile USA experienced a data breach on July 22, 2021, involving the unauthorized access of personal customer information. The breach potentially affected data such as names, drivers’ licenses, Social Security numbers, and dates of birth among others, although specific number of individuals impacted is unknown.",2021-08-16 00:00:00,2021-08-01 00:00:00,"{""""Encryption Status"""":""""Unencrypted"""",""""Categories Affected"""":{""""Personal Identifiers"""":{""""Affected"""":""""Yes"""",""""Examples"""":[""""names"""",""""drivers’ licenses"""",""""government identification numbers"""",""""Social Security numbers"""",""""dates of birth"""",""""addresses"""",""""phone number(s)""""]},""""Protected Classification Characteristics"""":{""""Affected"""":""""No"""",""""Examples"""":[]},""""Commercial Information"""":{""""Affected"""":""""No"""",""""Examples"""":[]},""""Biometric Information"""":{""""Affected"""":""""No"""",""""Examples"""":[]},""""Internet or Network Activity"""":{""""Affected"""":""""No"""",""""Examples"""":[]},""""Geolocation Data"""":{""""Affected"""":""""No"""",""""Examples"""":[]},""""Sensory Data"""":{""""Affected"""":""""No"""",""""Examples"""":[]},""""Professional or Employment-Related Information"""":{""""Affected"""":""""No"""",""""Examples"""":[]},""""Education Information"""":{""""Affected"""":""""No"""",""""Examples"""":[]},""""Inferences Drawn from Personal Information"""":{""""Affected"""":""""No"""",""""Examples"""":[]},""""Sensitive Personal Information"""":{""""Affected"""":""""Yes"""",""""Examples"""":[""""Social Security numbers"""",""""drivers’ licenses"""",""""government identification numbers""""]},""""Customer Records"""":{""""Affected"""":""""Yes"""",""""Examples"""":[""""addresses"""",""""phone number(s)""""]}}}",BSO,VERIFIED-GATE1,Gate1-C: TMUS public parent,,1,"Clause (a) adjudicated 8/4: active open registry record ""T-Mobile USA, Inc.- CONSOLIDATED"" (499ID 822060, dba T-Mobile, start 1997, no end) — the ""- CONSOLIDATED"" suffix defeats exact matching for USA/US name variants (Cricket precedent, family-wide)",6.3901,2.1371,6.3954,2.0399,32.4316,27.9359,2190813.33,1648877.35,-4.4957,91937.0,TMUS,window,1,12.2069,0.6735,0.0153,0.3447,24,7,168.0,0,0,0.0,0,1,1,1,9.0,2021-03-01,2021-08-16,0.918924,0.88303,-0.03589399999999998,2021.0,21,21,True,4812.0,48,37,168.0,24.0,Q4 (largest),2021,0.07707337937757397
1283699,2021-03-31,T-Mobile,T-Mobile,1,HACK,False,621,False,"The Massachusetts Office of Consumer Affairs and Business Regulation reported a data breach involving T-Mobile on March 31, 2021. The breach affected 1 resident and compromised electronic records, specifically drivers' licenses.",2021-03-31 00:00:00,2021-03-31 00:00:00,"{""""Encryption Status"""":""""Unencrypted"""",""""Categories Affected"""":{""""Personal Identifiers"""":{""""Affected"""":""""Yes"""",""""Examples"""":[""""DriversLicenses""""]},""""Protected Classification Characteristics"""":{""""Affected"""":""""No"""",""""Examples"""":[]},""""Commercial Information"""":{""""Affected"""":""""No"""",""""Examples"""":[]},""""Biometric Information"""":{""""Affected"""":""""No"""",""""Examples"""":[]},""""Internet or Network Activity"""":{""""Affected"""":""""No"""",""""Examples"""":[]},""""Geolocation Data"""":{""""Affected"""":""""No"""",""""Examples"""":[]},""""Sensory Data"""":{""""Affected"""":""""No"""",""""Examples"""":[]},""""Professional or Employment-Related Information"""":{""""Affected"""":""""No"""",""""Examples"""":[]},""""Education Information"""":{""""Affected"""":""""No"""",""""Examples"""":[]},""""Inferences Drawn from Personal Information"""":{""""Affected"""":""""No"""",""""Examples"""":[]},""""Sensitive Personal Information"""":{""""Affected"""":""""Yes"""",""""Examples"""":[""""Driver's license number""""]},""""Customer Records"""":{""""Affected"""":""""No"""",""""Examples"""":[]}}}",BSO,VERIFIED-GATE1,Gate1-C: TMUS public parent,,1,"Clause (a) adjudicated 8/4: active open registry record ""T-Mobile USA, Inc.- CONSOLIDATED"" (499ID 822060, dba T-Mobile, start 1997, no end) — the ""- CONSOLIDATED"" suffix defeats exact matching for USA/US name variants (Cricket precedent, family-wide)",0.9016,7.8036,0.8863,8.034,27.5252,18.2097,1891892.02,773046.27,-9.3155,91937.0,TMUS,window,1,12.2069,0.6735,0.0153,0.3447,25,8,0.0,0,0,1.0,0,1,1,1,12.0,2021-03-31,2021-03-31,1.835055,1.575515,-0.2595400000000001,2021.0,21,21,True,4812.0,48,38,0.0,25.0,Q4 (largest),2021,-0.20760210012132507
1283699,2021-08-13,"T-Mobile USA, Inc.","T-Mobile USA, Inc.",1,HACK,False,213487,False,"The Wisconsin Department of Justice reported that T-Mobile USA, Inc. experienced a data breach on August 13, 2021, affecting approximately 53.7 million individuals, including current, former, and prospective customers. Compromised information includes names, drivers' licenses, government identification numbers, Social Security numbers, dates of birth, phone numbers, IMEI and IMSI information, addresses, and T-Mobile account PINs.",2021-08-16 00:00:00,2021-08-13 00:00:00,"{""""Encryption Status"""":""""Unencrypted"""",""""Categories Affected"""":{""""Personal Identifiers"""":{""""Affected"""":""""Yes"""",""""Examples"""":[""""Names"""",""""Drivers' licenses"""",""""Government identification numbers"""",""""Social Security numbers"""",""""Dates of birth"""",""""Phone numbers"""",""""IMEI information"""",""""IMSI information"""",""""Addresses"""",""""T-Mobile account PINs""""]},""""Protected Classification Characteristics"""":{""""Affected"""":""""No"""",""""Examples"""":[]},""""Commercial Information"""":{""""Affected"""":""""No"""",""""Examples"""":[]},""""Biometric Information"""":{""""Affected"""":""""No"""",""""Examples"""":[]},""""Internet or Network Activity"""":{""""Affected"""":""""No"""",""""Examples"""":[]},""""Geolocation Data"""":{""""Affected"""":""""No"""",""""Examples"""":[]},""""Sensory Data"""":{""""Affected"""":""""No"""",""""Examples"""":[]},""""Professional or Employment-Related Information"""":{""""Affected"""":""""No"""",""""Examples"""":[]},""""Education Information"""":{""""Affected"""":""""No"""",""""Examples"""":[]},""""Inferences Drawn from Personal Information"""":{""""Affected"""":""""No"""",""""Examples"""":[]},""""Sensitive Personal Information"""":{""""Affected"""":""""Yes"""",""""Examples"""":[""""Social Security numbers"""",""""Drivers' licenses"""",""""Government identification numbers"""",""""T-Mobile account PINs""""]},""""Customer Records"""":{""""Affected"""":""""Yes"""",""""Examples"""":[""""Phone numbers"""",""""Addresses""""]}}}",BSO,VERIFIED-GATE1,Gate1-C: TMUS public parent,,1,"Clause (a) adjudicated 8/4: active open registry record ""T-Mobile USA, Inc.- CONSOLIDATED"" (499ID 822060, dba T-Mobile, start 1997, no end) — the ""- CONSOLIDATED"" suffix defeats exact matching for USA/US name variants (Cricket precedent, family-wide)",-0.9129,-12.2988,-0.9369,-11.721,13.4957,15.5878,1486063.39,1682109.66,2.0921,91937.0,TMUS,window,1,12.2069,0.6735,0.0153,0.3447,26,7,3.0,0,0,1.0,0,0,1,1,34.0,2021-08-13,2021-08-16,0.918924,0.88303,-0.03589399999999998,2021.0,21,21,True,4812.0,48,39,3.0,26.0,Q4 (largest),2021,0.07707337937757397
1283699,2021-08-17,T-Mobile USA,"T-Mobile USA | T-Mobile USA, Inc.",4,HACK,False,116079,True,"The Maryland Office of the Attorney General reported on August 19, 2021, that T-Mobile USA experienced a data breach on August 17, 2021, involving unauthorized access to unencrypted personal information. The breach affected personal information such as names, driver's license numbers, phone numbers, addresses, government identification numbers, Social Security numbers, dates of birth, and T-Mobile account PINs, although no Maryland residents were reported affected.",2021-08-19 00:00:00,2021-08-17 00:00:00,"{""""Encryption Status"""":""""Unencrypted"""",""""Categories Affected"""":{""""Personal Identifiers"""":{""""Affected"""":""""Yes"""",""""Examples"""":[""""Names"""",""""Drivers' license numbers"""",""""Phone numbers"""",""""Addresses"""",""""Government identification numbers"""",""""Social Security numbers"""",""""Dates of birth"""",""""T-Mobile account PINs""""]},""""Protected Classification Characteristics"""":{""""Affected"""":""""No"""",""""Examples"""":[]},""""Commercial Information"""":{""""Affected"""":""""No"""",""""Examples"""":[]},""""Biometric Information"""":{""""Affected"""":""""No"""",""""Examples"""":[]},""""Internet or Network Activity"""":{""""Affected"""":""""No"""",""""Examples"""":[]},""""Geolocation Data"""":{""""Affected"""":""""No"""",""""Examples"""":[]},""""Sensory Data"""":{""""Affected"""":""""No"""",""""Examples"""":[]},""""Professional or Employment-Related Information"""":{""""Affected"""":""""No"""",""""Examples"""":[]},""""Education Information"""":{""""Affected"""":""""No"""",""""Examples"""":[]},""""Inferences Drawn from Personal Information"""":{""""Affected"""":""""No"""",""""Examples"""":[]},""""Sensitive Personal Information"""":{""""Affected"""":""""Yes"""",""""Examples"""":[""""Social Security numbers"""",""""Drivers' license numbers"""",""""Government identification numbers"""",""""T-Mobile account PINs""""]},""""Customer Records"""":{""""Affected"""":""""Yes"""",""""Examples"""":[""""Phone numbers"""",""""Addresses""""]}}}",BSO,VERIFIED-GATE1,Gate1-C: TMUS public parent,"CAMPAIGN CH-29: 2 firm-day events collapsed [2021-08-17, 2021-08-18] (Gate 2 signed; record-count gaps not a distinctness signal)",1,"Clause (a) adjudicated 8/4: active open registry record ""T-Mobile USA, Inc.- CONSOLIDATED"" (499ID 822060, dba T-Mobile, start 1997, no end) — the ""- CONSOLIDATED"" suffix defeats exact matching for USA/US name variants (Cricket precedent, family-wide)",0.809,-7.238,0.8252,-6.9494,15.6572,14.1491,1548521.71,2033443.25,-1.5081,91937.0,TMUS,window,1,12.2069,0.6735,0.0153,0.3447,27,8,2.0,0,0,1.0,0,1,1,1,30.0,2021-08-17,2021-08-19,0.905025,1.207818,0.3027930000000001,2021.0,21,21,True,4812.0,48,40,2.0,27.0,Q4 (largest),2021,0.11124653882181934
1283699,2021-08-26,T-Mobile USA,T-Mobile USA,1,HACK,False,383,False,"On August 26, 2021, the Massachusetts Office of Consumer Affairs and Business Regulation reported a data breach involving T-Mobile USA, affecting 1,044,774 residents. The breach involved the exposure of electronic records, including Social Security Numbers (SSN) and driver's licenses.",2021-08-26 00:00:00,2021-08-26 00:00:00,"{""""Encryption Status"""":""""Unencrypted"""",""""Categories Affected"""":{""""Personal Identifiers"""":{""""Affected"""":""""Yes"""",""""Examples"""":[""""Social Security number"""",""""Driver's license number""""]},""""Protected Classification Characteristics"""":{""""Affected"""":""""No"""",""""Examples"""":[]},""""Commercial Information"""":{""""Affected"""":""""No"""",""""Examples"""":[]},""""Biometric Information"""":{""""Affected"""":""""No"""",""""Examples"""":[]},""""Internet or Network Activity"""":{""""Affected"""":""""No"""",""""Examples"""":[]},""""Geolocation Data"""":{""""Affected"""":""""No"""",""""Examples"""":[]},""""Sensory Data"""":{""""Affected"""":""""No"""",""""Examples"""":[]},""""Professional or Employment-Related Information"""":{""""Affected"""":""""No"""",""""Examples"""":[]},""""Education Information"""":{""""Affected"""":""""No"""",""""Examples"""":[]},""""Inferences Drawn from Personal Information"""":{""""Affected"""":""""No"""",""""Examples"""":[]},""""Sensitive Personal Information"""":{""""Affected"""":""""Yes"""",""""Examples"""":[""""Social Security number"""",""""Driver's license number""""]},""""Customer Records"""":{""""Affected"""":""""No"""",""""Examples"""":[]}}}",BSO,VERIFIED-GATE1,Gate1-C: TMUS public parent,,1,"Clause (a) adjudicated 8/4: active open registry record ""T-Mobile USA, Inc.- CONSOLIDATED"" (499ID 822060, dba T-Mobile, start 1997, no end) — the ""- CONSOLIDATED"" suffix defeats exact matching for USA/US name variants (Cricket precedent, family-wide)",-3.9341,-12.2246,-3.9221,-11.3809,16.097,19.2286,1405176.39,2146944.33,3.1316,91937.0,TMUS,window,1,12.2069,0.6735,0.0153,0.3447,28,9,0.0,0,0,1.0,0,1,1,1,21.0,2021-08-26,2021-08-26,0.858204,1.236142,0.3779380000000001,2021.0,21,21,True,4812.0,48,44,0.0,28.0,Q4 (largest),2021,0.15355908275956454
1283699,2022-03-08,T-Mobile,T-Mobile,1,PHYS,False,1,False,"On March 8, 2022, the Massachusetts Office of Consumer Affairs and Business Regulation reported a data breach involving T-Mobile that affected 1 resident. The breach involved compromised paper records, specifically credit/debit numbers.",2022-03-08 00:00:00,2022-03-08 00:00:00,"{""""Encryption Status"""":""""Unencrypted"""",""""Categories Affected"""":{""""Personal Identifiers"""":{""""Affected"""":""""No"""",""""Examples"""":[]},""""Protected Classification Characteristics"""":{""""Affected"""":""""No"""",""""Examples"""":[]},""""Commercial Information"""":{""""Affected"""":""""No"""",""""Examples"""":[]},""""Biometric Information"""":{""""Affected"""":""""No"""",""""Examples"""":[]},""""Internet or Network Activity"""":{""""Affected"""":""""No"""",""""Examples"""":[]},""""Geolocation Data"""":{""""Affected"""":""""No"""",""""Examples"""":[]},""""Sensory Data"""":{""""Affected"""":""""No"""",""""Examples"""":[]},""""Professional or Employment-Related Information"""":{""""Affected"""":""""No"""",""""Examples"""":[]},""""Education Information"""":{""""Affected"""":""""No"""",""""Examples"""":[]},""""Inferences Drawn from Personal Information"""":{""""Affected"""":""""No"""",""""Examples"""":[]},""""Sensitive Personal Information"""":{""""Affected"""":""""Yes"""",""""Examples"""":[""""CreditDebitNumbers""""]},""""Customer Records"""":{""""Affected"""":""""No"""",""""Examples"""":[]}}}",BSO,VERIFIED-GATE1,Gate1-C: TMUS public parent,,1,"Clause (a) adjudicated 8/4: active open registry record ""T-Mobile USA, Inc.- CONSOLIDATED"" (499ID 822060, dba T-Mobile, start 1997, no end) — the ""- CONSOLIDATED"" suffix defeats exact matching for USA/US name variants (Cricket precedent, family-wide)",2.0237,2.3183,2.0528,2.438,38.082,19.7132,2452509.61,1293650.09,-18.3688,91937.0,TMUS,window,1,12.2384,0.6655,0.0146,0.3293,29,4,0.0,0,0,1.0,0,0,1,1,45.0,2022-03-08,2022-03-08,2.518811,1.136456,-1.382355,2022.0,21,21,True,4812.0,48,45,0.0,29.0,Q4 (largest),2022,-0.8835063108955914
1283699,2022-11-25,T-Mobile USA,T-Mobile | T-Mobile USA,3,HACK,False,37000000,True,"The Wisconsin Department of Justice reported a data breach affecting T-Mobile on January 19, 2023. The breach occurred on November 25, 2022, affecting a total of 37 million individuals, with specific details about residents affected remaining unknown. The compromised information included names, billing addresses, email addresses, phone numbers, birth dates, T-Mobile account numbers, and types of service customers receive.",2023-01-19 00:00:00,2023-01-05 00:00:00,"{""""Encryption Status"""":""""Unencrypted"""",""""Categories Affected"""":{""""Personal Identifiers"""":{""""Affected"""":""""Yes"""",""""Examples"""":[""""Names"""",""""Billing addresses"""",""""E-mail addresses"""",""""Phone numbers"""",""""Birth dates"""",""""T-Mobile account numbers""""]},""""Protected Classification Characteristics"""":{""""Affected"""":""""No"""",""""Examples"""":[]},""""Commercial Information"""":{""""Affected"""":""""Yes"""",""""Examples"""":[""""Type of service customers receive""""]},""""Biometric Information"""":{""""Affected"""":""""No"""",""""Examples"""":[]},""""Internet or Network Activity"""":{""""Affected"""":""""No"""",""""Examples"""":[]},""""Geolocation Data"""":{""""Affected"""":""""No"""",""""Examples"""":[]},""""Sensory Data"""":{""""Affected"""":""""No"""",""""Examples"""":[]},""""Professional or Employment-Related Information"""":{""""Affected"""":""""No"""",""""Examples"""":[]},""""Education Information"""":{""""Affected"""":""""No"""",""""Examples"""":[]},""""Inferences Drawn from Personal Information"""":{""""Affected"""":""""No"""",""""Examples"""":[]},""""Sensitive Personal Information"""":{""""Affected"""":""""No"""",""""Examples"""":[]},""""Customer Records"""":{""""Affected"""":""""No"""",""""Examples"""":[]}}}",BSO,VERIFIED-GATE1,Gate1-C: TMUS public parent,,1,"Clause (a) adjudicated 8/4: active open registry record ""T-Mobile USA, Inc.- CONSOLIDATED"" (499ID 822060, dba T-Mobile, start 1997, no end) — the ""- CONSOLIDATED"" suffix defeats exact matching for USA/US name variants (Cricket precedent, family-wide)",0.2339,1.7845,0.2648,1.7122,27.6507,19.8227,2118928.11,3024442.05,-7.828,91937.0,TMUS,window,1,12.2384,0.6655,0.0146,0.3293,30,1,55.0,0,0,0.0,0,0,1,1,70.0,2022-11-25,2023-01-19,1.284869,1.305846,0.020977000000000023,2023.0,21,21,True,4812.0,48,46,55.0,30.0,Q4 (largest),2023,-0.015260558308847205
1283699,2023-02-01,"T-Mobile USA, Inc.","T-Mobile USA, Inc. | T-Mobile, USA",3,HACK,False,836,True,"The Maryland Office of the Attorney General reported on April 28, 2023, that T-Mobile USA, Inc. experienced unauthorized access to customer accounts between late February and March 2023, affecting 16 Maryland residents out of a total of 836 impacted customers. The compromised information included names, contact information, T-Mobile account PINs, social security numbers, government IDs, dates of birth, and other internal codes.",2023-04-28 00:00:00,2023-03-01 00:00:00,"{""""Encryption Status"""":""""Unencrypted"""",""""Categories Affected"""":{""""Personal Identifiers"""":{""""Affected"""":""""Yes"""",""""Examples"""":[""""Full name"""",""""Contact information"""",""""Account number"""",""""Associated phone numbers"""",""""T-Mobile account PIN"""",""""Social Security number"""",""""Driver's license number or Non-Driver Identification Card Number"""",""""Date of birth""""]},""""Protected Classification Characteristics"""":{""""Affected"""":""""No"""",""""Examples"""":[]},""""Commercial Information"""":{""""Affected"""":""""Yes"""",""""Examples"""":[""""Balance due"""",""""Internal codes that T-Mobile uses to service customer accounts (for example, rate plan and feature codes)"""",""""Number of lines""""]},""""Biometric Information"""":{""""Affected"""":""""No"""",""""Examples"""":[]},""""Internet or Network Activity"""":{""""Affected"""":""""No"""",""""Examples"""":[]},""""Geolocation Data"""":{""""Affected"""":""""No"""",""""Examples"""":[]},""""Sensory Data"""":{""""Affected"""":""""No"""",""""Examples"""":[]},""""Professional or Employment-Related Information"""":{""""Affected"""":""""No"""",""""Examples"""":[]},""""Education Information"""":{""""Affected"""":""""No"""",""""Examples"""":[]},""""Inferences Drawn from Personal Information"""":{""""Affected"""":""""No"""",""""Examples"""":[]},""""Sensitive Personal Information"""":{""""Affected"""":""""Yes"""",""""Examples"""":[""""Social Security number"""",""""Driver's license number or Non-Driver Identification Card Number"""",""""T-Mobile account PIN""""]},""""Customer Records"""":{""""Affected"""":""""No"""",""""Examples"""":[]}}}",BSO,VERIFIED-GATE1,Gate1-C: TMUS public parent,,1,"Clause (a) adjudicated 8/4: active open registry record ""T-Mobile USA, Inc.- CONSOLIDATED"" (499ID 822060, dba T-Mobile, start 1997, no end) — the ""- CONSOLIDATED"" suffix defeats exact matching for USA/US name variants (Cricket precedent, family-wide)",-4.4918,-1.4896,-4.4681,-1.4895,18.7983,19.3351,1787357.47,1209971.91,0.5368,91937.0,TMUS,window,1,12.2612,0.6704,0.0123,0.3366,31,2,86.0,0,0,0.0,0,1,1,1,2.0,2023-02-01,2023-04-28,0.846341,1.79418,0.9478390000000001,2023.0,21,21,True,4812.0,48,49,86.0,31.0,Q4 (largest),2023,-0.014758262155115887
1283699,2023-02-24,T-Mobile,T-Mobile,1,HACK,False,1,False,"The Indiana Office of the Attorney General reported that T-Mobile experienced a data breach on February 24, 2023, affecting a total of 836 individuals, of which 7 were residents of Indiana. The report was made on April 28, 2023.",2023-04-28 00:00:00,2023-02-24 00:00:00,"{""""Encryption Status"""":""""UNKN"""",""""Categories Affected"""":{""""Personal Identifiers"""":{""""Affected"""":""""UNKN"""",""""Examples"""":[]},""""Protected Classification Characteristics"""":{""""Affected"""":""""UNKN"""",""""Examples"""":[]},""""Commercial Information"""":{""""Affected"""":""""UNKN"""",""""Examples"""":[]},""""Biometric Information"""":{""""Affected"""":""""UNKN"""",""""Examples"""":[]},""""Internet or Network Activity"""":{""""Affected"""":""""UNKN"""",""""Examples"""":[]},""""Geolocation Data"""":{""""Affected"""":""""UNKN"""",""""Examples"""":[]},""""Sensory Data"""":{""""Affected"""":""""UNKN"""",""""Examples"""":[]},""""Professional or Employment-Related Information"""":{""""Affected"""":""""UNKN"""",""""Examples"""":[]},""""Education Information"""":{""""Affected"""":""""UNKN"""",""""Examples"""":[]},""""Inferences Drawn from Personal Information"""":{""""Affected"""":""""UNKN"""",""""Examples"""":[]},""""Sensitive Personal Information"""":{""""Affected"""":""""UNKN"""",""""Examples"""":[]},""""Customer Records"""":{""""Affected"""":""""UNKN"""",""""Examples"""":[]}}}",BSO,VERIFIED-GATE1,Gate1-C: TMUS public parent,,1,"Clause (a) adjudicated 8/4: active open registry record ""T-Mobile USA, Inc.- CONSOLIDATED"" (499ID 822060, dba T-Mobile, start 1997, no end) — the ""- CONSOLIDATED"" suffix defeats exact matching for USA/US name variants (Cricket precedent, family-wide)",-2.9098,2.4228,-2.8872,2.4686,20.0492,17.9822,1173905.38,1383016.42,-2.067,91937.0,TMUS,window,1,12.2612,0.6704,0.0123,0.3366,32,3,63.0,0,0,0.0,0,1,1,1,14.0,2023-02-24,2023-04-28,0.846341,1.79418,0.9478390000000001,2023.0,21,21,True,4812.0,48,52,63.0,32.0,Q4 (largest),2023,-0.014758262155115887
1283699,2023-04-28,T-Mobile USA,T-Mobile USA,1,HACK,False,17,False,"The Massachusetts Office of Consumer Affairs and Business Regulation reported on April 28, 2023, that T-Mobile USA experienced a data breach affecting 17 residents. The breach involved electronic records, specifically Social Security Numbers (SSN) and Drivers Licenses.",2023-04-28 00:00:00,2023-04-28 00:00:00,"{""""Encryption Status"""":""""Unencrypted"""",""""Categories Affected"""":{""""Personal Identifiers"""":{""""Affected"""":""""Yes"""",""""Examples"""":[""""Social Security number"""",""""Driver's license number""""]},""""Protected Classification Characteristics"""":{""""Affected"""":""""No"""",""""Examples"""":[]},""""Commercial Information"""":{""""Affected"""":""""No"""",""""Examples"""":[]},""""Biometric Information"""":{""""Affected"""":""""No"""",""""Examples"""":[]},""""Internet or Network Activity"""":{""""Affected"""":""""No"""",""""Examples"""":[]},""""Geolocation Data"""":{""""Affected"""":""""No"""",""""Examples"""":[]},""""Sensory Data"""":{""""Affected"""":""""No"""",""""Examples"""":[]},""""Professional or Employment-Related Information"""":{""""Affected"""":""""No"""",""""Examples"""":[]},""""Education Information"""":{""""Affected"""":""""No"""",""""Examples"""":[]},""""Inferences Drawn from Personal Information"""":{""""Affected"""":""""No"""",""""Examples"""":[]},""""Sensitive Personal Information"""":{""""Affected"""":""""Yes"""",""""Examples"""":[""""Social Security number"""",""""Driver's license number""""]},""""Customer Records"""":{""""Affected"""":""""No"""",""""Examples"""":[]}}}",BSO,VERIFIED-GATE1,Gate1-C: TMUS public parent,,1,"Clause (a) adjudicated 8/4: active open registry record ""T-Mobile USA, Inc.- CONSOLIDATED"" (499ID 822060, dba T-Mobile, start 1997, no end) — the ""- CONSOLIDATED"" suffix defeats exact matching for USA/US name variants (Cricket precedent, family-wide)",-4.4127,-18.131,-4.4106,-17.8027,14.675,23.9287,1255696.62,2224693.46,9.2537,91937.0,TMUS,window,1,12.2612,0.6704,0.0123,0.3366,33,3,0.0,0,0,1.0,0,0,1,1,54.0,2023-04-28,2023-04-28,0.846341,1.79418,0.9478390000000001,2023.0,21,21,True,4812.0,48,53,0.0,33.0,Q4 (largest),2023,-0.014758262155115887
1326160,2014-03-24,Duke Energy Corporation,Duke Energy Corporation,1,HACK,False,30,False,"The Indiana Office of the Attorney General reported a data breach involving Duke Energy Corporation on April 10, 2014. The breach occurred on March 24, 2014, affecting a total of 30 individuals, including 1 resident.",2014-04-10 00:00:00,2014-03-24 00:00:00,"{""""Encryption Status"""":""""UNKN"""",""""Categories Affected"""":{""""Personal Identifiers"""":{""""Affected"""":""""UNKN"""",""""Examples"""":[]},""""Protected Classification Characteristics"""":{""""Affected"""":""""UNKN"""",""""Examples"""":[]},""""Commercial Information"""":{""""Affected"""":""""UNKN"""",""""Examples"""":[]},""""Biometric Information"""":{""""Affected"""":""""UNKN"""",""""Examples"""":[]},""""Internet or Network Activity"""":{""""Affected"""":""""UNKN"""",""""Examples"""":[]},""""Geolocation Data"""":{""""Affected"""":""""UNKN"""",""""Examples"""":[]},""""Sensory Data"""":{""""Affected"""":""""UNKN"""",""""Examples"""":[]},""""Professional or Employment-Related Information"""":{""""Affected"""":""""UNKN"""",""""Examples"""":[]},""""Education Information"""":{""""Affected"""":""""UNKN"""",""""Examples"""":[]},""""Inferences Drawn from Personal Information"""":{""""Affected"""":""""UNKN"""",""""Examples"""":[]},""""Sensitive Personal Information"""":{""""Affected"""":""""UNKN"""",""""Examples"""":[]},""""Customer Records"""":{""""Affected"""":""""UNKN"""",""""Examples"""":[]}}}",BSO,VERIFIED-GATE1,Gate1-A (DUK 2006 holdco; 30371 is Carolinas utility sub),,0,,2.8898,6.036,2.9268,6.1662,11.088,12.1699,804564.19,868353.01,1.0819,27959.0,DUK,window,1,11.6508,0.6392,0.0232,0.3644,0,0,17.0,0,0,0.0,0,0,1,1,43.0,2014-03-24,2014-04-10,0.850974,0.881168,0.030193999999999943,2014.0,21,21,True,4931.0,49,0,17.0,0.0,Q4 (largest),2014,-0.005352546010357395
1326160,2017-11-10,Duke Energy,Duke Energy,1,HACK,False,90990,False,"The Indiana Attorney General's Office reported a data breach involving Duke Energy. Specific details regarding the breach date, total number of affected individuals, and residents affected are unknown.",2017-11-10 00:00:00,2017-11-10 00:00:00,"{""""Encryption Status"""":""""UNKN"""",""""Categories Affected"""":{""""Personal Identifiers"""":{""""Affected"""":""""UNKN"""",""""Examples"""":[]},""""Protected Classification Characteristics"""":{""""Affected"""":""""UNKN"""",""""Examples"""":[]},""""Commercial Information"""":{""""Affected"""":""""UNKN"""",""""Examples"""":[]},""""Biometric Information"""":{""""Affected"""":""""UNKN"""",""""Examples"""":[]},""""Internet or Network Activity"""":{""""Affected"""":""""UNKN"""",""""Examples"""":[]},""""Geolocation Data"""":{""""Affected"""":""""UNKN"""",""""Examples"""":[]},""""Sensory Data"""":{""""Affected"""":""""UNKN"""",""""Examples"""":[]},""""Professional or Employment-Related Information"""":{""""Affected"""":""""UNKN"""",""""Examples"""":[]},""""Education Information"""":{""""Affected"""":""""UNKN"""",""""Examples"""":[]},""""Inferences Drawn from Personal Information"""":{""""Affected"""":""""UNKN"""",""""Examples"""":[]},""""Sensitive Personal Information"""":{""""Affected"""":""""UNKN"""",""""Examples"""":[]},""""Customer Records"""":{""""Affected"""":""""UNKN"""",""""Examples"""":[]}}}",BSO,VERIFIED-GATE1,Gate1-A (DUK 2006 holdco; 30371 is Carolinas utility sub),,0,,-0.3214,-9.7801,-0.3398,-9.73,9.2636,9.1527,460161.86,706379.16,-0.1109,27959.0,DUK,window,1,11.7963,0.6909,0.0162,0.3962,1,0,0.0,0,0,1.0,0,0,1,1,34.0,2017-11-10,2017-11-10,0.500346,0.560482,0.06013600000000008,2017.0,21,21,True,4931.0,49,1,0.0,1.0,Q4 (largest),2017,0.008093033755056545
1326160,2021-05-28,Duke Energy Corporation,Duke Energy Corporation,1,HACK,False,1,False,"The Indiana Office of the Attorney General reported a data breach involving Duke Energy Corporation on August 6, 2021. The breach occurred on May 28, 2021, affecting a total of 58 individuals, including 17 residents.",2021-08-06 00:00:00,2021-05-28 00:00:00,"{""""Encryption Status"""":""""UNKN"""",""""Categories Affected"""":{""""Personal Identifiers"""":{""""Affected"""":""""UNKN"""",""""Examples"""":[]},""""Protected Classification Characteristics"""":{""""Affected"""":""""UNKN"""",""""Examples"""":[]},""""Commercial Information"""":{""""Affected"""":""""UNKN"""",""""Examples"""":[]},""""Biometric Information"""":{""""Affected"""":""""UNKN"""",""""Examples"""":[]},""""Internet or Network Activity"""":{""""Affected"""":""""UNKN"""",""""Examples"""":[]},""""Geolocation Data"""":{""""Affected"""":""""UNKN"""",""""Examples"""":[]},""""Sensory Data"""":{""""Affected"""":""""UNKN"""",""""Examples"""":[]},""""Professional or Employment-Related Information"""":{""""Affected"""":""""UNKN"""",""""Examples"""":[]},""""Education Information"""":{""""Affected"""":""""UNKN"""",""""Examples"""":[]},""""Inferences Drawn from Personal Information"""":{""""Affected"""":""""UNKN"""",""""Examples"""":[]},""""Sensitive Personal Information"""":{""""Affected"""":""""UNKN"""",""""Examples"""":[]},""""Customer Records"""":{""""Affected"""":""""UNKN"""",""""Examples"""":[]}}}",BSO,VERIFIED-GATE1,Gate1-A (DUK 2006 holdco; 30371 is Carolinas utility sub),,0,,0.9158,-1.5499,0.926,-1.6719,18.0919,16.2797,1232385.49,922802.32,-1.8122,27959.0,DUK,window,1,11.9977,0.6971,0.0085,0.4338,2,0,70.0,0,0,0.0,0,0,0,1,122.0,2021-05-28,2021-08-06,0.717687,1.021694,0.30400700000000014,2021.0,21,21,True,4931.0,49,2,70.0,2.0,Q4 (largest),2021,-0.01811579197439106
1341439,2013-07-10,Oracle Corporation,Oracle Corporation,2,DISC,False,472,True,"The California Office of the Attorney General reported a data breach involving Fidelity Investments on July 31, 2013. The breach occurred on July 10, 2013, when an unauthorized individual accessed a report that included personal information of Oracle Corporation employees, such as names and Social Security numbers. The total number of individuals affected is unknown.",2013-07-31 00:00:00,2013-07-10 00:00:00,"{""""Encryption Status"""":""""Unencrypted"""",""""Categories Affected"""":{""""Personal Identifiers"""":{""""Affected"""":""""Yes"""",""""Examples"""":[""""Name"""",""""Social Security number""""]},""""Protected Classification Characteristics"""":{""""Affected"""":""""No"""",""""Examples"""":[]},""""Commercial Information"""":{""""Affected"""":""""Yes"""",""""Examples"""":[""""Compensation"""",""""Information related to the administration of the 401(k) savings and investment plan""""]},""""Biometric Information"""":{""""Affected"""":""""No"""",""""Examples"""":[]},""""Internet or Network Activity"""":{""""Affected"""":""""No"""",""""Examples"""":[]},""""Geolocation Data"""":{""""Affected"""":""""No"""",""""Examples"""":[]},""""Sensory Data"""":{""""Affected"""":""""No"""",""""Examples"""":[]},""""Professional or Employment-Related Information"""":{""""Affected"""":""""No"""",""""Examples"""":[]},""""Education Information"""":{""""Affected"""":""""No"""",""""Examples"""":[]},""""Inferences Drawn from Personal Information"""":{""""Affected"""":""""No"""",""""Examples"""":[]},""""Sensitive Personal Information"""":{""""Affected"""":""""Yes"""",""""Examples"""":[""""Social Security number""""]},""""Customer Records"""":{""""Affected"""":""""No"""",""""Examples"""":[]}}}",BSO,VERIFIED-GATE1,Gate1-A (ORCL 2005 holdco),,0,,0.5545,2.7034,0.5073,2.6355,35.652,14.821,26511321.74,29201508.32,-20.831,10104.0,ORCL,window,1,11.3122,0.4482,0.1335,0.4646,0,0,21.0,0,0,0.0,0,0,0,0,,2013-07-10,2013-07-31,1.190734,1.072648,-0.11808599999999991,2013.0,21,21,True,7372.0,73,0,21.0,0.0,Q3,2013,2.4424906541753444e-15
1373715,2024-05-14,ServiceNow Inc.,ServiceNow Inc.,1,HACK,False,105,False,"Critical vulnerabilities CVE-2024-4879, CVE-2024-5178, CVE-2024-5217 in Vancouver and Washington DC releases actively exploited. Authentication bypass and arbitrary data access vulnerabilities allowing unauthenticated remote code execution and data theft from 105+ organizations.",2024-05-14 00:00:00,2024-08-19 00:00:00,"Email addresses, hashed passwords, sensitive organizational data",BSO,VERIFIED,EDGAR name: SERVICE-NOW.COM,,0,,4.4702,3.3791,4.4985,2.205,30.9462,52.1985,529106.67,1140622.53,21.2523,13447.0,NOW,window,1,9.7635,0.5613,0.0996,0.1401,0,0,0.0,0,0,1.0,0,0,1,1,71.0,2024-05-14,2024-05-14,2.078659,3.310901,1.2322419999999998,2024.0,21,21,True,7372.0,73,0,0.0,0.0,Q2,2024,-5.277911441226024e-11
1428439,2023-12-01,Roku Inc.,Roku Inc.,1,HACK,False,15363,False,"The Maine Office of the Attorney General reported a data breach involving Roku Inc. on March 8, 2024. The breach, occurring between December 28, 2023, and February 21, 2024, involved unauthorized individuals accessing approximately 15,363 user accounts using credentials believed to have been obtained from third-party sources. Detailed types of information compromised are not specified, but sensitive personal information such as social security numbers was not accessed.",2024-03-08 00:00:00,2024-02-01 00:00:00,"{""""Encryption Status"""":""""Unencrypted"""",""""Categories Affected"""":{""""Personal Identifiers"""":{""""Affected"""":""""Yes"""",""""Examples"""":[""""Usernames"""",""""Passwords"""",""""Sign-in email addresses""""]},""""Protected Classification Characteristics"""":{""""Affected"""":""""No"""",""""Examples"""":[]},""""Commercial Information"""":{""""Affected"""":""""No"""",""""Examples"""":[]},""""Biometric Information"""":{""""Affected"""":""""No"""",""""Examples"""":[]},""""Internet or Network Activity"""":{""""Affected"""":""""No"""",""""Examples"""":[]},""""Geolocation Data"""":{""""Affected"""":""""No"""",""""Examples"""":[]},""""Sensory Data"""":{""""Affected"""":""""No"""",""""Examples"""":[]},""""Professional or Employment-Related Information"""":{""""Affected"""":""""No"""",""""Examples"""":[]},""""Education Information"""":{""""Affected"""":""""No"""",""""Examples"""":[]},""""Inferences Drawn from Personal Information"""":{""""Affected"""":""""No"""",""""Examples"""":[]},""""Sensitive Personal Information"""":{""""Affected"""":""""No"""",""""Examples"""":[]},""""Customer Records"""":{""""Affected"""":""""No"""",""""Examples"""":[]}}}",BSO,VERIFIED-GATE1,Gate1-A (ROKU),,0,,-1.8063,-24.342,-1.8932,-23.2779,102.6942,42.4223,7822748.0,1741386.04,-60.2719,16932.0,ROKU,window,1,8.3922,0.4002,-0.1129,-0.142,0,0,98.0,0,0,0.0,0,0,0,0,,2023-12-01,2024-03-08,6.842332,1.807225,-5.035107,2024.0,21,21,True,4841.0,48,0,98.0,0.0,Q1 (smallest),2024,-0.6225779830319715
1428439,2023-12-28,Roku Inc,"Roku Inc | Roku, Inc.",2,HACK,False,591000,True,"The California Office of the Attorney General reported a data breach involving Roku, Inc. on March 8, 2024. The breach likely occurred between December 28, 2023, and February 21, 2024, involving unauthorized access to user accounts through compromised login information obtained from third-party sources. The number of individuals affected remains unknown, and no sensitive personal information was reported as compromised.",2023-12-28 00:00:00,2024-02-21 00:00:00,"{""""Encryption Status"""":""""Unencrypted"""",""""Categories Affected"""":{""""Personal Identifiers"""":{""""Affected"""":""""Yes"""",""""Examples"""":[""""Usernames"""",""""Email addresses"""",""""Passwords""""]},""""Protected Classification Characteristics"""":{""""Affected"""":""""No"""",""""Examples"""":[]},""""Commercial Information"""":{""""Affected"""":""""No"""",""""Examples"""":[]},""""Biometric Information"""":{""""Affected"""":""""No"""",""""Examples"""":[]},""""Internet or Network Activity"""":{""""Affected"""":""""No"""",""""Examples"""":[]},""""Geolocation Data"""":{""""Affected"""":""""No"""",""""Examples"""":[]},""""Sensory Data"""":{""""Affected"""":""""No"""",""""Examples"""":[]},""""Professional or Employment-Related Information"""":{""""Affected"""":""""No"""",""""Examples"""":[]},""""Education Information"""":{""""Affected"""":""""No"""",""""Examples"""":[]},""""Inferences Drawn from Personal Information"""":{""""Affected"""":""""No"""",""""Examples"""":[]},""""Sensitive Personal Information"""":{""""Affected"""":""""No"""",""""Examples"""":[]},""""Customer Records"""":{""""Affected"""":""""No"""",""""Examples"""":[]}}}",BSO,VERIFIED-GATE1,Gate1-A (ROKU),,0,,-3.0759,1.7386,-3.0859,0.7171,48.8134,38.467,2952593.24,988812.82,-10.3464,16932.0,ROKU,window,1,8.3922,0.4002,-0.1129,-0.142,1,1,0.0,0,0,1.0,0,0,0,1,162.0,2023-12-28,2023-12-28,3.180291,2.708811,-0.4714800000000001,2023.0,21,21,True,4841.0,48,1,0.0,1.0,Q1 (smallest),2023,-0.018737023867678282
1428439,2024-02-29,"Roku, Inc.","Roku, Inc.",1,HACK,False,9,False,"The Massachusetts Office of Consumer Affairs and Business Regulation reported on February 29, 2024, that Roku, Inc. experienced a data breach affecting 9 residents. The compromised information included Social Security Numbers (SSNs).",2024-02-29 00:00:00,2024-02-29 00:00:00,"{""""Encryption Status"""":""""Unencrypted"""",""""Categories Affected"""":{""""Personal Identifiers"""":{""""Affected"""":""""Yes"""",""""Examples"""":[""""Social Security number""""]},""""Protected Classification Characteristics"""":{""""Affected"""":""""No"""",""""Examples"""":[]},""""Commercial Information"""":{""""Affected"""":""""No"""",""""Examples"""":[]},""""Biometric Information"""":{""""Affected"""":""""No"""",""""Examples"""":[]},""""Internet or Network Activity"""":{""""Affected"""":""""No"""",""""Examples"""":[]},""""Geolocation Data"""":{""""Affected"""":""""No"""",""""Examples"""":[]},""""Sensory Data"""":{""""Affected"""":""""No"""",""""Examples"""":[]},""""Professional or Employment-Related Information"""":{""""Affected"""":""""No"""",""""Examples"""":[]},""""Education Information"""":{""""Affected"""":""""No"""",""""Examples"""":[]},""""Inferences Drawn from Personal Information"""":{""""Affected"""":""""No"""",""""Examples"""":[]},""""Sensitive Personal Information"""":{""""Affected"""":""""Yes"""",""""Examples"""":[""""Social Security number""""]},""""Customer Records"""":{""""Affected"""":""""No"""",""""Examples"""":[]}}}",BSO,VERIFIED-GATE1,Gate1-A (ROKU),,0,,-2.8675,-6.8546,-2.8716,-6.9696,90.2233,16.3645,7400333.83,1097103.01,-73.8588,16932.0,ROKU,window,1,8.3574,0.4541,-0.1665,-0.105,2,2,0.0,0,0,1.0,0,0,0,1,99.0,2024-02-29,2024-02-29,6.960192,1.37473,-5.585462,2024.0,21,21,True,4841.0,48,3,0.0,2.0,Q1 (smallest),2024,-0.6798075767421157
1447669,2022-08-04,Twilio,Twilio,1,HACK,False,125,False,Social engineering attack on vendor leading to small scale data exposure / incident,2022-08-04 00:00:00,2022-08-04 00:00:00,Limited customer data and internal access logs (company said small number),BSO,VERIFIED,EDGAR name: TWILIO INC,,1,"Clause (a): registry match ""Twilio"" [Legal_Name] -> Twilio Inc (FRN 0020237343, start 2010-10-07, end none)",-13.4803,-18.6258,-14.023,-18.17,73.6856,64.2342,644543.3,3129788.45,-9.4514,16140.0,TWLO,window,1,9.4726,0.1513,-0.0731,-0.2286,0,0,0.0,0,0,1.0,0,0,0,1,127.0,2022-08-04,2022-08-04,4.665992,2.857931,-1.808061,2022.0,21,21,True,7370.0,73,0,0.0,0.0,Q2,2022,-0.24569425272406775
1447669,2024-04-01,Twilio,Twilio,1,HACK,False,33000000,False,Credential stuffing incidents reported impacting some Twilio customers and phone number exposures,2024-04-01 00:00:00,2024-04-01 00:00:00,Phone numbers and account data in some incidents,BSO,VERIFIED,EDGAR name: TWILIO INC,,1,"Clause (a): registry match ""Twilio"" [Legal_Name] -> Twilio Inc (FRN 0020237343, start 2010-10-07, end none)",1.2105,3.0955,1.1385,2.5138,32.632,25.511,1292410.0,490515.25,-7.121,16140.0,TWLO,window,1,9.3596,0.1617,-0.0875,-0.0164,1,0,0.0,0,0,1.0,0,1,1,1,3.0,2024-04-01,2024-04-01,2.243537,1.56989,-0.6736469999999999,2024.0,21,21,True,7370.0,73,1,0.0,1.0,Q2,2024,-0.32070603953350085
1501585,2022-03-01,"Huntington Ingalls Industries, Inc.","Huntington Ingalls Industries, Inc.",1,HACK,False,43643,False,"The Maine Office of the Attorney General reported that Huntington Ingalls Industries, Inc. experienced a data breach discovered on April 22, 2022, involving unauthorized access from March to May 2022, affecting 43,643 individuals. Personal information potentially accessed includes driver's license numbers and social security numbers, and identity theft protection services were offered through Experian for 12 months.",2023-04-18 00:00:00,2022-05,"{""""Encryption Status"""":""""Unencrypted"""",""""Categories Affected"""":{""""Personal Identifiers"""":{""""Affected"""":""""Yes"""",""""Examples"""":[""""Name"""",""""Social Security number"""",""""Phone number"""",""""Driver's license number"""",""""State identification"""",""""Tax identification number (TIN)"""",""""Military identification"""",""""Passport number""""]},""""Protected Classification Characteristics"""":{""""Affected"""":""""No"""",""""Examples"""":[]},""""Commercial Information"""":{""""Affected"""":""""No"""",""""Examples"""":[]},""""Biometric Information"""":{""""Affected"""":""""No"""",""""Examples"""":[]},""""Internet or Network Activity"""":{""""Affected"""":""""No"""",""""Examples"""":[]},""""Geolocation Data"""":{""""Affected"""":""""No"""",""""Examples"""":[]},""""Sensory Data"""":{""""Affected"""":""""No"""",""""Examples"""":[]},""""Professional or Employment-Related Information"""":{""""Affected"""":""""No"""",""""Examples"""":[]},""""Education Information"""":{""""Affected"""":""""No"""",""""Examples"""":[]},""""Inferences Drawn from Personal Information"""":{""""Affected"""":""""No"""",""""Examples"""":[]},""""Sensitive Personal Information"""":{""""Affected"""":""""Yes"""",""""Examples"""":[""""Social Security number"""",""""Driver's license number"""",""""State identification"""",""""Tax identification number (TIN)"""",""""Military identification"""",""""Passport number"""",""""Credit card number"""",""""Debit card number"""",""""Financial account information"""",""""Routing number"""",""""Health insurance information"""",""""Medical information""""]},""""Customer Records"""":{""""Affected"""":""""Yes"""",""""Examples"""":[""""Phone number"""",""""Credit card number"""",""""Debit card number"""",""""Financial account information"""",""""Routing number"""",""""Health insurance information""""]}}}",BSO,VERIFIED,"EDGAR name: HUNTINGTON INGALLS INDUSTRIES, INC.",,0,,7.517,3.1122,7.3272,2.8597,27.5343,33.0601,222259.01,262296.16,5.5258,12623.0,HII,window,1,9.2712,0.7358,0.0512,0.0818,0,0,413.0,0,0,0.0,1,1,1,1,3.0,2022-03-01,2023-04-18,1.459703,1.518912,0.05920900000000007,2023.0,21,21,True,3730.0,37,0,413.0,0.0,Q2,2023,0.0005797062318406709
1510295,2018-11-28,Marathon Petroleum Company LP,Marathon Petroleum Company LP,2,DISC+HACK,True,1287,True,"On April 15, 2019, the New Hampshire Office of the Attorney General reported a data breach involving Marathon Petroleum Company LP (MPC). The breach occurred between November 28, 2018, and March 8, 2019, when MPC mistakenly posted a confidential IRS form containing Social Security numbers and names of two former employees on its employee benefits website. The affected individuals were notified on April 8, 2019.",2019-04-08 00:00:00,2019-03-08 00:00:00,"{""""Encryption Status"""":""""Unencrypted"""",""""Categories Affected"""":{""""Personal Identifiers"""":{""""Affected"""":""""Yes"""",""""Examples"""":[""""Driver's license number or non-driver identification card number""""]},""""Protected Classification Characteristics"""":{""""Affected"""":""""No"""",""""Examples"""":[]},""""Commercial Information"""":{""""Affected"""":""""No"""",""""Examples"""":[]},""""Biometric Information"""":{""""Affected"""":""""No"""",""""Examples"""":[]},""""Internet or Network Activity"""":{""""Affected"""":""""No"""",""""Examples"""":[]},""""Geolocation Data"""":{""""Affected"""":""""No"""",""""Examples"""":[]},""""Sensory Data"""":{""""Affected"""":""""No"""",""""Examples"""":[]},""""Professional or Employment-Related Information"""":{""""Affected"""":""""No"""",""""Examples"""":[]},""""Education Information"""":{""""Affected"""":""""No"""",""""Examples"""":[]},""""Inferences Drawn from Personal Information"""":{""""Affected"""":""""No"""",""""Examples"""":[]},""""Sensitive Personal Information"""":{""""Affected"""":""""Yes"""",""""Examples"""":[""""Driver's license number or non-driver identification card number""""]},""""Customer Records"""":{""""Affected"""":""""No"""",""""Examples"""":[]}}}",BSO,VERIFIED,EDGAR name: MARATHON PETROLEUM CORP,,0,,-0.7587,5.0728,-0.7299,4.6679,41.5998,38.7688,2224323.18,3074221.6,-2.831,12872.0,MPC,window,1,10.8005,0.555,0.07,0.0818,0,0,131.0,0,0,0.0,0,0,1,1,63.0,2018-11-28,2019-04-08,1.648182,2.361706,0.7135239999999998,2019.0,21,21,True,2911.0,29,0,131.0,0.0,Q3,2019,0.05601329175897973
1535527,2022-04-01,"CrowdStrike Holdings, Inc.","CrowdStrike Holdings, Inc.",1,HACK,False,0,False,"CrowdStrike's own internal systems were targeted by a cyberattack, leading to unauthorized access to certain internal tools. No customer data was compromised.",2022-05-15 00:00:00,2022-04-01 00:00:00,Internal tools and systems,BSO,VERIFIED,"EDGAR name: CROWDSTRIKE HOLDINGS, INC.",,0,,-2.3818,-26.7536,-2.493,-23.3901,81.2432,57.2776,3944911.71,1762315.0,-23.9656,18726.0,CRWD,window,1,8.1938,0.7132,-0.0649,-0.0399,0,0,44.0,0,0,0.0,0,1,1,1,7.0,2022-04-01,2022-05-15,5.125684,4.804096,-0.3215879999999993,2022.0,21,21,True,7370.0,73,0,44.0,0.0,Q1 (smallest),2022,1.0584297382111134
1535527,2024-07-19,CrowdStrike Holdings Inc.,CrowdStrike Holdings Inc.,1,DISC,False,8500000,False,Faulty Falcon Sensor content update (Channel File 291) contained logic error causing system crashes and blue screen of death (BSOD) on 8.5+ million Windows devices globally. Not a cyberattack but operational incident due to software defect in content validation process.,2024-07-19 00:00:00,2024-07-29 00:00:00,System availability and operations,BSO,VERIFIED,"EDGAR name: CROWDSTRIKE HOLDINGS, INC.",,0,,-26.4131,-20.6563,-24.2783,-21.2694,36.2628,78.059,9890860.26,12644878.51,41.7962,18726.0,CRWD,window,1,8.8018,0.6484,0.0134,0.0509,1,0,0.0,0,0,1.0,0,0,0,0,,2024-07-19,2024-07-19,1.441901,3.208394,1.766493,2024.0,21,21,True,7370.0,73,1,0.0,1.0,Q2,2024,0.4971407962996639
1543151,2019-10-28,"Uber Technologies, Inc.","Uber Technologies, Inc.",1,HACK,False,65,False,"The Massachusetts Office of Consumer Affairs and Business Regulation reported a data breach involving Uber Technologies, Inc. on October 28, 2019. The breach affected 65 residents and involved the exposure of electronic records, specifically drivers' licenses.",2019-10-28 00:00:00,2019-10-28 00:00:00,"{""""Encryption Status"""":""""Unencrypted"""",""""Categories Affected"""":{""""Personal Identifiers"""":{""""Affected"""":""""Yes"""",""""Examples"""":[""""DriversLicenses""""]},""""Protected Classification Characteristics"""":{""""Affected"""":""""No"""",""""Examples"""":[]},""""Commercial Information"""":{""""Affected"""":""""No"""",""""Examples"""":[]},""""Biometric Information"""":{""""Affected"""":""""No"""",""""Examples"""":[]},""""Internet or Network Activity"""":{""""Affected"""":""""No"""",""""Examples"""":[]},""""Geolocation Data"""":{""""Affected"""":""""No"""",""""Examples"""":[]},""""Sensory Data"""":{""""Affected"""":""""No"""",""""Examples"""":[]},""""Professional or Employment-Related Information"""":{""""Affected"""":""""No"""",""""Examples"""":[]},""""Education Information"""":{""""Affected"""":""""No"""",""""Examples"""":[]},""""Inferences Drawn from Personal Information"""":{""""Affected"""":""""No"""",""""Examples"""":[]},""""Sensitive Personal Information"""":{""""Affected"""":""""Yes"""",""""Examples"""":[""""Driver's license number""""]},""""Customer Records"""":{""""Affected"""":""""No"""",""""Examples"""":[]}}}",BSO,VERIFIED,"EDGAR name: UBER TECHNOLOGIES, INC",,0,,-6.5439,-18.2167,-6.7844,-18.4205,40.3595,53.278,2862251.52,26078457.27,12.9185,18576.0,UBER,window,1,10.0853,0.7169,0.0416,-0.2303,11,1,0.0,0,0,1.0,0,0,1,1,59.0,2019-10-28,2019-10-28,2.672297,3.10448,0.4321830000000002,2019.0,21,21,True,4100.0,41,21,0.0,11.0,Q2,2019,
1543151,2023-01-23,"Uber Technologies, Inc.","Uber Technologies Inc | Uber Technologies, Inc.",4,HACK,False,1429,True,"The Maine Office of the Attorney General reported that Genova Burns LLC experienced a data breach involving Uber Technologies, Inc. The breach occurred between January 23, 2023, and January 31, 2023, and impacted the personal data of 10 individuals, including Social Security numbers. The breach was reported on March 31, 2023, and identity theft protection services through Kroll were offered to those affected.",2023-03-30 00:00:00,2023-01-31 00:00:00,"{
  """"Encryption Status"""": """"Unencrypted"""",
  """"Categories Affected"""": {
    """"Personal Identifiers"""": {
      """"Affected"""": """"Yes"""",
      """"Examples"""": [""""Name"""", """"Social Security number"""", """"Tax Identification number""""]
    },
    """"Protected Classification Characteristics"""": {
      """"Affected"""": """"No"""",
      """"Examples"""": []
    },
    """"Commercial Information"""": {
      """"Affected"""": """"No"""",
      """"Examples"""": []
    },
    """"Biometric Information"""": {
      """"Affected"""": """"No"""",
      """"Examples"""": []
    },
    """"Internet or Network Activity"""": {
      """"Affected"""": """"No"""",
      """"Examples"""": []
    },
    """"Geolocation Data"""": {
      """"Affected"""": """"No"""",
      """"Examples"""": []
    },
    """"Sensory Data"""": {
      """"Affected"""": """"No"""",
      """"Examples"""": []
    },
    """"Professional or Employment-Related Information"""": {
      """"Affected"""": """"No"""",
      """"Examples"""": []
    },
    """"Education Information"""": {
      """"Affected"""": """"No"""",
      """"Examples"""": []
    },
    """"Inferences Drawn from Personal Information"""": {
      """"Affected"""": """"No"""",
      """"Examples"""": []
    },
    """"Sensitive Personal Information"""": {
      """"Affected"""": """"Yes"""",
      """"Examples"""": [""""Social Security number"""", """"Tax Identification number""""]
    },
    """"Customer Records"""": {
      """"Affected"""": """"No"""",
      """"Examples"""": []
    }
  }
}",BSO,VERIFIED,"EDGAR name: UBER TECHNOLOGIES, INC",,0,,-3.5494,12.2579,-3.5735,12.0183,35.9942,47.2378,5493825.46,20472199.18,11.2436,18576.0,UBER,window,1,10.3769,0.7352,-0.2847,-0.0236,12,0,66.0,0,0,0.0,0,0,0,1,158.0,2023-01-23,2023-03-30,2.552432,3.222101,0.6696689999999998,2023.0,21,21,True,4100.0,41,22,66.0,12.0,Q3,2023,-0.21820224097330643
1543151,2023-03-31,"Uber Technologies, Inc.","Uber Technologies, Inc.",1,HACK,False,131,False,"On March 31, 2023, the Massachusetts Office of Consumer Affairs and Business Regulation reported a data breach involving Uber Technologies, Inc., affecting 131 residents. The breach involved the compromise of Social Security Numbers (SSNs) as part of electronic records.",2023-03-31 00:00:00,2023-03-31 00:00:00,"{""""Encryption Status"""":""""Unencrypted"""",""""Categories Affected"""":{""""Personal Identifiers"""":{""""Affected"""":""""Yes"""",""""Examples"""":[""""Social Security number""""]},""""Protected Classification Characteristics"""":{""""Affected"""":""""No"""",""""Examples"""":[]},""""Commercial Information"""":{""""Affected"""":""""No"""",""""Examples"""":[]},""""Biometric Information"""":{""""Affected"""":""""No"""",""""Examples"""":[]},""""Internet or Network Activity"""":{""""Affected"""":""""No"""",""""Examples"""":[]},""""Geolocation Data"""":{""""Affected"""":""""No"""",""""Examples"""":[]},""""Sensory Data"""":{""""Affected"""":""""No"""",""""Examples"""":[]},""""Professional or Employment-Related Information"""":{""""Affected"""":""""No"""",""""Examples"""":[]},""""Education Information"""":{""""Affected"""":""""No"""",""""Examples"""":[]},""""Inferences Drawn from Personal Information"""":{""""Affected"""":""""No"""",""""Examples"""":[]},""""Sensitive Personal Information"""":{""""Affected"""":""""Yes"""",""""Examples"""":[""""Social Security number""""]},""""Customer Records"""":{""""Affected"""":""""No"""",""""Examples"""":[]}}}",BSO,VERIFIED,"EDGAR name: UBER TECHNOLOGIES, INC",,0,,0.5498,19.4285,0.5363,20.4219,37.0894,30.1444,5438264.87,7011560.37,-6.945,18576.0,UBER,window,1,10.3769,0.7352,-0.2847,-0.0236,13,1,0.0,0,0,1.0,0,0,0,1,91.0,2023-03-31,2023-03-31,2.558932,3.243418,0.6844860000000001,2023.0,21,21,True,4100.0,41,26,0.0,13.0,Q3,2023,-0.17126114901153278
1543151,2024-08-23,"Uber Technologies, Inc.","Uber Technologies, Inc.",1,HACK,False,191,False,"The Massachusetts Office of Consumer Affairs and Business Regulation reported a data breach involving Uber Technologies, Inc. on August 23, 2024. The breach affected 1 resident and involved the exposure of drivers' licenses.",2024-08-23 00:00:00,2024-08-23 00:00:00,"{""""Encryption Status"""":""""Unencrypted"""",""""Categories Affected"""":{""""Personal Identifiers"""":{""""Affected"""":""""Yes"""",""""Examples"""":[""""DriversLicenses""""]},""""Protected Classification Characteristics"""":{""""Affected"""":""""No"""",""""Examples"""":[]},""""Commercial Information"""":{""""Affected"""":""""No"""",""""Examples"""":[]},""""Biometric Information"""":{""""Affected"""":""""No"""",""""Examples"""":[]},""""Internet or Network Activity"""":{""""Affected"""":""""No"""",""""Examples"""":[]},""""Geolocation Data"""":{""""Affected"""":""""No"""",""""Examples"""":[]},""""Sensory Data"""":{""""Affected"""":""""No"""",""""Examples"""":[]},""""Professional or Employment-Related Information"""":{""""Affected"""":""""No"""",""""Examples"""":[]},""""Education Information"""":{""""Affected"""":""""No"""",""""Examples"""":[]},""""Inferences Drawn from Personal Information"""":{""""Affected"""":""""No"""",""""Examples"""":[]},""""Sensitive Personal Information"""":{""""Affected"""":""""Yes"""",""""Examples"""":[""""Driver's license number""""]},""""Customer Records"""":{""""Affected"""":""""No"""",""""Examples"""":[]}}}",BSO,VERIFIED,"EDGAR name: UBER TECHNOLOGIES, INC",,0,,-1.7735,-0.4078,-1.8189,-0.8821,52.6124,34.0236,9304781.0,5314779.75,-18.5888,18576.0,UBER,window,1,10.5636,0.6723,0.0488,0.0544,14,0,0.0,0,0,1.0,0,0,0,1,168.0,2024-08-23,2024-08-23,3.199273,2.152566,-1.0467069999999996,2024.0,21,21,True,4100.0,41,27,0.0,14.0,Q3,2024,-0.1990447252478127
1553023,2017-10-18,"CyrusOne, Inc.","CyrusOne, Inc.",1,HACK,False,11,False,"The Indiana Office of the Attorney General reported a data breach involving CyrusOne, Inc. on January 8, 2018. The breach occurred on October 18, 2017, affecting a total of 402 individuals, including 10 residents.",2018-01-08 00:00:00,2017-10-18 00:00:00,"{""""Encryption Status"""":""""UNKN"""",""""Categories Affected"""":{""""Personal Identifiers"""":{""""Affected"""":""""UNKN"""",""""Examples"""":[]},""""Protected Classification Characteristics"""":{""""Affected"""":""""UNKN"""",""""Examples"""":[]},""""Commercial Information"""":{""""Affected"""":""""UNKN"""",""""Examples"""":[]},""""Biometric Information"""":{""""Affected"""":""""UNKN"""",""""Examples"""":[]},""""Internet or Network Activity"""":{""""Affected"""":""""UNKN"""",""""Examples"""":[]},""""Geolocation Data"""":{""""Affected"""":""""UNKN"""",""""Examples"""":[]},""""Sensory Data"""":{""""Affected"""":""""UNKN"""",""""Examples"""":[]},""""Professional or Employment-Related Information"""":{""""Affected"""":""""UNKN"""",""""Examples"""":[]},""""Education Information"""":{""""Affected"""":""""UNKN"""",""""Examples"""":[]},""""Inferences Drawn from Personal Information"""":{""""Affected"""":""""UNKN"""",""""Examples"""":[]},""""Sensitive Personal Information"""":{""""Affected"""":""""UNKN"""",""""Examples"""":[]},""""Customer Records"""":{""""Affected"""":""""UNKN"""",""""Examples"""":[]}}}",BSO,VERIFIED-GATE1,"Gate1-C: CYRUSONE INC. via EDGAR names (CONE delisted 2022, ticker-file fallback documented)",,0,,-0.8009,-3.7356,-0.8264,-4.0812,20.685,25.1583,542620.16,338691.64,4.4733,13752.0,CONE,window,1,7.9559,0.5926,0.007,0.1332,0,0,82.0,0,0,0.0,0,0,0,1,127.0,2017-10-18,2018-01-08,1.818536,2.062273,0.24373699999999987,2018.0,21,21,True,6798.0,67,0,82.0,0.0,Q1 (smallest),2018,0.02871333113569552
1564408,2022-03-01,Snap Inc.,Snap Inc.,1,HACK,False,24149,False,"The Maryland Office of the Attorney General reported on September 8, 2022, that Snap Inc. experienced a data breach involving its vendor Elevate. An unauthorized party accessed Elevate's systems in March 2022, potentially affecting personal information for 2 Maryland residents, including names, addresses, phone numbers, Social Security numbers, and health information.",2022-09-08 00:00:00,2022-06-01 00:00:00,"{""""Encryption Status"""":""""Unencrypted"""",""""Categories Affected"""":{""""Personal Identifiers"""":{""""Affected"""":""""Yes"""",""""Examples"""":[""""Name"""",""""Address"""",""""Phone number"""",""""Employee ID"""",""""Social Security number"""",""""Government ID number""""]},""""Protected Classification Characteristics"""":{""""Affected"""":""""No"""",""""Examples"""":[]},""""Commercial Information"""":{""""Affected"""":""""No"""",""""Examples"""":[]},""""Biometric Information"""":{""""Affected"""":""""No"""",""""Examples"""":[]},""""Internet or Network Activity"""":{""""Affected"""":""""No"""",""""Examples"""":[]},""""Geolocation Data"""":{""""Affected"""":""""No"""",""""Examples"""":[]},""""Sensory Data"""":{""""Affected"""":""""No"""",""""Examples"""":[]},""""Professional or Employment-Related Information"""":{""""Affected"""":""""Yes"""",""""Examples"""":[""""Employee ID""""]},""""Education Information"""":{""""Affected"""":""""No"""",""""Examples"""":[]},""""Inferences Drawn from Personal Information"""":{""""Affected"""":""""No"""",""""Examples"""":[]},""""Sensitive Personal Information"""":{""""Affected"""":""""Yes"""",""""Examples"""":[""""Social Security number"""",""""Government ID number"""",""""Health information""""]},""""Customer Records"""":{""""Affected"""":""""No"""",""""Examples"""":[]}}}",BSO,VERIFIED-GATE1,Gate1-A (SNAP),,0,,-18.7434,-13.8957,-16.9715,-15.8143,206.5448,84.8579,58812052.54,6516291.56,-121.6869,16595.0,SNAP,window,1,8.9275,0.4971,-0.0647,-0.1416,0,0,191.0,0,0,0.0,1,0,0,1,142.0,2022-03-01,2022-09-08,4.438017,3.547514,-0.8905030000000003,2022.0,21,21,True,7370.0,73,0,191.0,0.0,Q2,2022,3.2219737988725683e-10
1590895,2023-08-23,"Caesars Entertainment, Inc.","Caesars Entertainment, Inc.",2,HACK,False,271637,True,"The Delaware Department of Justice reported a data breach involving Caesars Entertainment, Inc. on October 6, 2023. The breach occurred between August 23, 2023, and September 6, 2023, affecting approximately 154,611 residents. The breach involved unauthorized access to the company's loyalty program database, although passwords, bank account information, and payment card numbers were not compromised.",2023-10-06 00:00:00,2023-09-06 00:00:00,"{""""Encryption Status"""":""""UNKN"""",""""Categories Affected"""":{""""Personal Identifiers"""":{""""Affected"""":""""UNKN"""",""""Examples"""":[]},""""Protected Classification Characteristics"""":{""""Affected"""":""""UNKN"""",""""Examples"""":[]},""""Commercial Information"""":{""""Affected"""":""""UNKN"""",""""Examples"""":[]},""""Biometric Information"""":{""""Affected"""":""""UNKN"""",""""Examples"""":[]},""""Internet or Network Activity"""":{""""Affected"""":""""UNKN"""",""""Examples"""":[]},""""Geolocation Data"""":{""""Affected"""":""""UNKN"""",""""Examples"""":[]},""""Sensory Data"""":{""""Affected"""":""""UNKN"""",""""Examples"""":[]},""""Professional or Employment-Related Information"""":{""""Affected"""":""""UNKN"""",""""Examples"""":[]},""""Education Information"""":{""""Affected"""":""""UNKN"""",""""Examples"""":[]},""""Inferences Drawn from Personal Information"""":{""""Affected"""":""""UNKN"""",""""Examples"""":[]},""""Sensitive Personal Information"""":{""""Affected"""":""""UNKN"""",""""Examples"""":[]},""""Customer Records"""":{""""Affected"""":""""UNKN"""",""""Examples"""":[]}}}",BSO,VERIFIED-GATE1,Gate1-B: CZR Eldorado-merger entity,,0,,1.524,-12.8032,1.5017,-12.2108,37.2249,38.0683,816944.46,551197.79,0.8434,14882.0,CZR,window,1,10.4201,0.8881,-0.0268,0.2833,0,0,44.0,0,0,0.0,0,0,0,1,160.0,2023-08-23,2023-10-06,2.250789,3.342896,1.092107,2023.0,21,21,True,7990.0,79,0,44.0,0.0,Q3,2023,-0.03588504005990334
1609711,2019-10-16,GoDaddy.com LLC,GoDaddy.com LLC,2,HACK,False,12952,True,"The California Office of the Attorney General reported on May 17, 2023, that GoDaddy.com LLC experienced a data breach that occurred on October 16, 2019. The breach involved unauthorized remote access to a virtual private server (VPS) due to malware that captured Secure Shell (SSH) passwords.",2023-05-17 00:00:00,2019-10-16 00:00:00,"{""""Encryption Status"""":""""Unencrypted"""",""""Categories Affected"""":{""""Personal Identifiers"""":{""""Affected"""":""""Yes"""",""""Examples"""":[""""SSH passwords""""]},""""Protected Classification Characteristics"""":{""""Affected"""":""""No"""",""""Examples"""":[]},""""Commercial Information"""":{""""Affected"""":""""No"""",""""Examples"""":[]},""""Biometric Information"""":{""""Affected"""":""""No"""",""""Examples"""":[]},""""Internet or Network Activity"""":{""""Affected"""":""""No"""",""""Examples"""":[]},""""Geolocation Data"""":{""""Affected"""":""""No"""",""""Examples"""":[]},""""Sensory Data"""":{""""Affected"""":""""No"""",""""Examples"""":[]},""""Professional or Employment-Related Information"""":{""""Affected"""":""""No"""",""""Examples"""":[]},""""Education Information"""":{""""Affected"""":""""No"""",""""Examples"""":[]},""""Inferences Drawn from Personal Information"""":{""""Affected"""":""""No"""",""""Examples"""":[]},""""Sensitive Personal Information"""":{""""Affected"""":""""No"""",""""Examples"""":[]},""""Customer Records"""":{""""Affected"""":""""No"""",""""Examples"""":[]}}}",BSO,VERIFIED-GATE1,Gate1-G rescue: GoDaddy Inc post-4/2015 IPO (Form 499 relevant),"NEAR-DUPLICATE CHAIN CH-30: 2 firm-day events collapsed [2019-10-16, 2019-10-19] (Gate 2 signed; record-count gaps not a distinctness signal)",1,"Clause (a): registry match ""GoDaddy.com LLC"" [Legal_Name] -> GoDaddy.com LLC (FRN 0025730607, start 2017-04-01, end none)",-0.8707,1.025,-0.9006,-0.5652,26.4002,60.898,707784.47,1024268.3,34.4978,15315.0,GDDY,window,1,8.7133,0.8645,0.0127,0.1565,0,0,1309.0,0,0,0.0,0,0,1,1,51.0,2019-10-16,2023-05-17,1.78188,1.531331,-0.2505489999999999,2023.0,21,21,True,7370.0,73,0,788.399999999998,0.0,Q2,2023,0.11720064773341421
1609711,2021-09-06,"GoDaddy.com, LLC","GoDaddy | GoDaddy.com, LLC",5,HACK,False,1200000,True,"The California Office of the Attorney General reported a data breach involving GoDaddy.com, LLC on November 23, 2021. The breach occurred on or about September 6, 2021, affecting an unknown number of individuals and involving unauthorized access to customer authentication information, including email addresses, user credentials, and the SSL certificate private key.",2021-11-07 00:00:00,2021-11-07 00:00:00,"{""""Encryption Status"""":""""Unencrypted"""",""""Categories Affected"""":{""""Personal Identifiers"""":{""""Affected"""":""""Yes"""",""""Examples"""":[""""Customer number"""",""""Email address""""]},""""Protected Classification Characteristics"""":{""""Affected"""":""""No"""",""""Examples"""":[]},""""Commercial Information"""":{""""Affected"""":""""No"""",""""Examples"""":[]},""""Biometric Information"""":{""""Affected"""":""""No"""",""""Examples"""":[]},""""Internet or Network Activity"""":{""""Affected"""":""""No"""",""""Examples"""":[]},""""Geolocation Data"""":{""""Affected"""":""""No"""",""""Examples"""":[]},""""Sensory Data"""":{""""Affected"""":""""No"""",""""Examples"""":[]},""""Professional or Employment-Related Information"""":{""""Affected"""":""""No"""",""""Examples"""":[]},""""Education Information"""":{""""Affected"""":""""No"""",""""Examples"""":[]},""""Inferences Drawn from Personal Information"""":{""""Affected"""":""""No"""",""""Examples"""":[]},""""Sensitive Personal Information"""":{""""Affected"""":""""No"""",""""Examples"""":[]},""""Customer Records"""":{""""Affected"""":""""Yes"""",""""Examples"""":[""""WordPress Admin login"""",""""sFTP username and password"""",""""Database username and password"""",""""Private key of SSL certificate""""]}}}}",BSO,VERIFIED-GATE1,Gate1-G rescue: GoDaddy Inc post-4/2015 IPO (Form 499 relevant),,1,"Clause (a): registry match ""GoDaddy.com, LLC"" [Legal_Name] -> GoDaddy.com LLC (FRN 0025730607, start 2017-04-01, end none)",1.2135,-7.0434,1.1911,-6.8783,43.1141,17.905,983395.99,450249.28,-25.2091,15315.0,GDDY,window,1,8.7692,1.0018,-0.077,0.1527,1,0,62.0,0,0,0.0,0,0,0,1,91.0,2021-09-06,2021-11-07,1.094774,2.308983,1.214209,2021.0,21,21,True,7370.0,73,2,62.0,1.0,Q2,2021,-4.214850690686944e-12
1609711,2022-03-14,"GoDaddy.com, LLC","GoDaddy.com, LLC",1,INSD,False,2,False,"On June 1, 2022, the Maryland Office of the Attorney General reported a data breach involving GoDaddy.com, LLC, affecting 2 Maryland consumers. The breach involved certain employees of two third-party companies sending customers' credit card information outside of GoDaddy's corporate environment without authorization. The exposed information included name, credit card number, CVV, expiration date, and billing information.",2022-06-01 00:00:00,2022-05-04 00:00:00,"{""""Encryption Status"""":""""Unencrypted"""",""""Categories Affected"""":{""""Personal Identifiers"""":{""""Affected"""":""""Yes"""",""""Examples"""":[""""Name""""]},""""Protected Classification Characteristics"""":{""""Affected"""":""""No"""",""""Examples"""":[]},""""Commercial Information"""":{""""Affected"""":""""No"""",""""Examples"""":[]},""""Biometric Information"""":{""""Affected"""":""""No"""",""""Examples"""":[]},""""Internet or Network Activity"""":{""""Affected"""":""""No"""",""""Examples"""":[]},""""Geolocation Data"""":{""""Affected"""":""""No"""",""""Examples"""":[]},""""Sensory Data"""":{""""Affected"""":""""No"""",""""Examples"""":[]},""""Professional or Employment-Related Information"""":{""""Affected"""":""""No"""",""""Examples"""":[]},""""Education Information"""":{""""Affected"""":""""No"""",""""Examples"""":[]},""""Inferences Drawn from Personal Information"""":{""""Affected"""":""""No"""",""""Examples"""":[]},""""Sensitive Personal Information"""":{""""Affected"""":""""Yes"""",""""Examples"""":[""""Credit card number"""",""""CVV"""",""""Expiration date""""]},""""Customer Records"""":{""""Affected"""":""""Yes"""",""""Examples"""":[""""Billing information""""]}}}",BSO,VERIFIED-GATE1,Gate1-G rescue: GoDaddy Inc post-4/2015 IPO (Form 499 relevant),,1,"Clause (a): registry match ""GoDaddy.com, LLC"" [Legal_Name] -> GoDaddy.com LLC (FRN 0025730607, start 2017-04-01, end none)",-1.513,10.3659,-1.7158,10.4016,47.6166,32.2336,925142.89,653667.8,-15.383,15315.0,GDDY,window,1,8.9115,0.9888,0.0327,0.1688,2,1,79.0,0,0,0.0,0,0,0,1,116.0,2022-03-14,2022-06-01,3.434254,2.363712,-1.070542,2022.0,21,21,True,7370.0,73,7,79.0,2.0,Q2,2022,0.022476474695831694
1632127,2019-03-01,"Cable One, Inc.","Cable One, Inc.",2,HACK,False,4,True,"The Maine Office of the Attorney General reported a data breach involving Cable One, Inc. on August 8, 2019. The breach occurred around March and May 2019, affecting approximately 7,375 individuals, with compromised information including driver's license numbers. Identity theft protection services were offered for one year through Experian.",2019-08-08 00:00:00,2019-05-01 00:00:00,"{""""Encryption Status"""":""""Unencrypted"""",""""Categories Affected"""":{""""Personal Identifiers"""":{""""Affected"""":""""Yes"""",""""Examples"""":[""""Email accounts of employees"""",""""Personal information about employees and their dependents and beneficiaries""""]},""""Protected Classification Characteristics"""":{""""Affected"""":""""No"""",""""Examples"""":[]},""""Commercial Information"""":{""""Affected"""":""""No"""",""""Examples"""":[]},""""Biometric Information"""":{""""Affected"""":""""No"""",""""Examples"""":[]},""""Internet or Network Activity"""":{""""Affected"""":""""No"""",""""Examples"""":[]},""""Geolocation Data"""":{""""Affected"""":""""No"""",""""Examples"""":[]},""""Sensory Data"""":{""""Affected"""":""""No"""",""""Examples"""":[]},""""Professional or Employment-Related Information"""":{""""Affected"""":""""Yes"""",""""Examples"""":[""""Employee email accounts""""]},""""Education Information"""":{""""Affected"""":""""No"""",""""Examples"""":[]},""""Inferences Drawn from Personal Information"""":{""""Affected"""":""""No"""",""""Examples"""":[]},""""Sensitive Personal Information"""":{""""Affected"""":""""No"""",""""Examples"""":[]},""""Customer Records"""":{""""Affected"""":""""No"""",""""Examples"""":[]}}}",BSO,VERIFIED,"EDGAR name: CABLE ONE, INC.",,1,"Clause (a): registry match ""Cable One, Inc."" [Legal_Name] -> Cable One Inc. (FRN 0003474327, start 2006-08-01, end none)",-1.3921,2.9841,-1.3755,3.1045,17.0617,13.7166,14757.43,13254.62,-3.3451,15395.0,CABO,window,1,7.7421,0.6634,0.0715,0.4538,0,0,160.0,0,0,0.0,0,0,0,1,122.0,2019-03-01,2019-08-08,0.773305,0.947079,0.17377399999999998,2019.0,21,21,True,4841.0,48,0,160.0,0.0,Q1 (smallest),2019,0.159176271115834
1632127,2019-08-08,"Cable One, Inc.","Cable One, Inc.",2,HACK,False,13,True,"The Massachusetts Office of Consumer Affairs and Business Regulation reported a data breach involving Cable One, Inc. on August 8, 2019. The breach affected 1 resident and involved the exposure of electronic records containing Social Security Numbers (SSN).",2019-08-08 00:00:00,2019-08-08 00:00:00,"{""""Encryption Status"""":""""Unencrypted"""",""""Categories Affected"""":{""""Personal Identifiers"""":{""""Affected"""":""""Yes"""",""""Examples"""":[""""Social Security Number""""]},""""Protected Classification Characteristics"""":{""""Affected"""":""""No"""",""""Examples"""":[]},""""Commercial Information"""":{""""Affected"""":""""No"""",""""Examples"""":[]},""""Biometric Information"""":{""""Affected"""":""""No"""",""""Examples"""":[]},""""Internet or Network Activity"""":{""""Affected"""":""""No"""",""""Examples"""":[]},""""Geolocation Data"""":{""""Affected"""":""""No"""",""""Examples"""":[]},""""Sensory Data"""":{""""Affected"""":""""No"""",""""Examples"""":[]},""""Professional or Employment-Related Information"""":{""""Affected"""":""""No"""",""""Examples"""":[]},""""Education Information"""":{""""Affected"""":""""No"""",""""Examples"""":[]},""""Inferences Drawn from Personal Information"""":{""""Affected"""":""""No"""",""""Examples"""":[]},""""Sensitive Personal Information"""":{""""Affected"""":""""Yes"""",""""Examples"""":[""""Social Security Number""""]},""""Customer Records"""":{""""Affected"""":""""No"""",""""Examples"""":[]}}}",BSO,VERIFIED,"EDGAR name: CABLE ONE, INC.",,1,"Clause (a): registry match ""Cable One, Inc."" [Legal_Name] -> Cable One Inc. (FRN 0003474327, start 2006-08-01, end none)",4.8445,0.0418,4.8527,-0.0315,18.7735,19.8644,19193.74,22641.94,1.0909,15395.0,CABO,window,1,7.7421,0.6634,0.0715,0.4538,1,1,0.0,0,0,1.0,0,0,1,1,39.0,2019-08-08,2019-08-08,0.773305,0.947079,0.17377399999999998,2019.0,21,21,True,4841.0,48,2,0.0,1.0,Q1 (smallest),2019,0.159176271115834
1640147,2024-03-01,Snowflake Inc.,Snowflake Inc.,1,HACK,False,165,False,Compromised credentials at Snowflake led to access to customers' stored data (impacted multiple companies),2024-03-01 00:00:00,2024-03-31 00:00:00,"Varied per customer (account datasets, logs)",BSO,VERIFIED,"EDGAR name: SNOWFLAKE COMPUTING, INC.",,0,,-15.1865,-19.9373,-14.4903,-18.5012,74.3833,34.1776,7585801.51,4079033.62,-40.2057,19654.0,SNOW,window,1,9.0147,0.3688,-0.1017,-0.3448,0,0,0.0,0,0,1.0,0,0,0,1,123.0,2024-03-01,2024-03-01,3.338777,1.673425,-1.665352,2024.0,21,21,True,7370.0,73,0,0.0,0.0,Q2,2024,4.439870693317971e-11
1640147,2024-04-14,Snowflake Inc.,Snowflake Inc.,1,HACK,False,500000000,False,"UNC5537 (ShinyHunters) conducted large-scale credential stuffing campaign using stolen credentials from infostealer malware. Targeted 165+ Snowflake customer accounts lacking MFA. Used custom tools including FROSTBITE/rapeflake for automated data exfiltration. Major victims include AT&T, Ticketmaster, Santander Bank.",2024-05-23 00:00:00,2024-06-30 00:00:00,"Customer databases containing PII, financial records, call/text metadata, payment information",BSO,VERIFIED,"EDGAR name: SNOWFLAKE COMPUTING, INC.",,0,,-5.2493,-7.8051,-5.1136,-8.3469,31.8615,31.1336,2959739.88,1097417.34,-0.7279,19654.0,SNOW,window,1,9.0147,0.3688,-0.1017,-0.3448,1,1,39.0,0,0,0.0,0,0,1,1,79.0,2024-04-14,2024-05-23,1.73565,2.53068,0.7950299999999999,2024.0,21,21,True,7370.0,73,1,39.0,1.0,Q2,2024,0.014849957446316786
1660134,2023-09-23,"Okta, Inc.","Okta, Inc | Okta, Inc.",5,INSD,False,4961,True,"On November 1, 2023, the New Hampshire Attorney General's Office was notified by Okta, Inc. about a data security incident involving its third-party vendor, Rightway Healthcare, Inc. The incident, which involved a targeted SIM swap attack, allowed unauthorized access to an eligibility census file containing personal information of 16 New Hampshire residents. The unauthorized access occurred on September 23, 2023.",2023-11-01 00:00:00,2023-10-12 00:00:00,"{""""Encryption Status"""":""""Unencrypted"""",""""Categories Affected"""":{""""Personal Identifiers"""":{""""Affected"""":""""Yes"""",""""Examples"""":[""""Full name"""",""""Date of birth"""",""""Social Security number"""",""""Current address and previous addresses"""",""""Telephone number"""",""""Email address""""]},""""Protected Classification Characteristics"""":{""""Affected"""":""""No"""",""""Examples"""":[]},""""Commercial Information"""":{""""Affected"""":""""No"""",""""Examples"""":[]},""""Biometric Information"""":{""""Affected"""":""""No"""",""""Examples"""":[]},""""Internet or Network Activity"""":{""""Affected"""":""""No"""",""""Examples"""":[]},""""Geolocation Data"""":{""""Affected"""":""""No"""",""""Examples"""":[]},""""Sensory Data"""":{""""Affected"""":""""No"""",""""Examples"""":[]},""""Professional or Employment-Related Information"""":{""""Affected"""":""""No"""",""""Examples"""":[]},""""Education Information"""":{""""Affected"""":""""No"""",""""Examples"""":[]},""""Inferences Drawn from Personal Information"""":{""""Affected"""":""""No"""",""""Examples"""":[]},""""Sensitive Personal Information"""":{""""Affected"""":""""Yes"""",""""Examples"""":[""""Social Security number""""]},""""Customer Records"""":{""""Affected"""":""""Yes"""",""""Examples"""":[""""Telephone number"""",""""Current address and previous addresses""""]}}}",BSO,VERIFIED,"EDGAR name: OKTA, INC.",,0,,1.2443,-13.4875,1.2366,-14.2477,49.1331,60.469,2130340.62,2800664.81,11.3359,16649.0,OKTA,window,1,9.1385,0.4127,-0.0876,-0.3614,0,0,39.0,0,0,0.0,0,0,0,0,,2023-09-23,2023-11-01,4.243714,3.138683,-1.1050309999999999,2023.0,21,21,True,7370.0,73,0,39.0,0.0,Q2,2023,-0.020823545140327138
1660134,2023-11-02,Okta Inc,Okta Inc,1,INSD,False,106,False,"The Massachusetts Office of Consumer Affairs and Business Regulation reported a data breach involving Okta Inc on November 2, 2023. The breach affected 106 residents and involved compromised electronic records, specifically Social Security Numbers (SSN).",2023-11-02 00:00:00,2023-11-02 00:00:00,"{""""Encryption Status"""":""""Unencrypted"""",""""Categories Affected"""":{""""Personal Identifiers"""":{""""Affected"""":""""Yes"""",""""Examples"""":[""""Social Security Number""""]},""""Protected Classification Characteristics"""":{""""Affected"""":""""No"""",""""Examples"""":[]},""""Commercial Information"""":{""""Affected"""":""""No"""",""""Examples"""":[]},""""Biometric Information"""":{""""Affected"""":""""No"""",""""Examples"""":[]},""""Internet or Network Activity"""":{""""Affected"""":""""No"""",""""Examples"""":[]},""""Geolocation Data"""":{""""Affected"""":""""No"""",""""Examples"""":[]},""""Sensory Data"""":{""""Affected"""":""""No"""",""""Examples"""":[]},""""Professional or Employment-Related Information"""":{""""Affected"""":""""No"""",""""Examples"""":[]},""""Education Information"""":{""""Affected"""":""""No"""",""""Examples"""":[]},""""Inferences Drawn from Personal Information"""":{""""Affected"""":""""No"""",""""Examples"""":[]},""""Sensitive Personal Information"""":{""""Affected"""":""""Yes"""",""""Examples"""":[""""Social Security Number""""]},""""Customer Records"""":{""""Affected"""":""""No"""",""""Examples"""":[]}}}",BSO,VERIFIED,"EDGAR name: OKTA, INC.",,0,,-5.9362,8.5658,-5.9925,8.5573,57.8506,51.2655,2483645.23,2218709.65,-6.5851,16649.0,OKTA,window,1,9.1385,0.4127,-0.0876,-0.3614,1,1,0.0,0,0,1.0,0,0,0,0,,2023-11-02,2023-11-02,4.225359,3.114808,-1.110551,2023.0,21,21,True,7370.0,73,5,0.0,1.0,Q2,2023,-0.021503718054296517
1660134,2023-11-07,"Okta, Inc.","Okta, Inc.",1,INSD,False,313,False,"The Texas Attorney General's Office reported a data breach involving Okta, Inc. on November 7, 2023. The breach affected 313 individuals, compromising their names, Social Security numbers, and health insurance information, with notifications sent via U.S. Mail.",2023-11-07 00:00:00,2023-11-07 00:00:00,"{""""Encryption Status"""":""""Unencrypted"""",""""Categories Affected"""":{""""Personal Identifiers"""":{""""Affected"""":""""Yes"""",""""Examples"""":[""""Name of individual"""",""""Social Security Number""""]},""""Protected Classification Characteristics"""":{""""Affected"""":""""No"""",""""Examples"""":[]},""""Commercial Information"""":{""""Affected"""":""""No"""",""""Examples"""":[]},""""Biometric Information"""":{""""Affected"""":""""No"""",""""Examples"""":[]},""""Internet or Network Activity"""":{""""Affected"""":""""No"""",""""Examples"""":[]},""""Geolocation Data"""":{""""Affected"""":""""No"""",""""Examples"""":[]},""""Sensory Data"""":{""""Affected"""":""""No"""",""""Examples"""":[]},""""Professional or Employment-Related Information"""":{""""Affected"""":""""No"""",""""Examples"""":[]},""""Education Information"""":{""""Affected"""":""""No"""",""""Examples"""":[]},""""Inferences Drawn from Personal Information"""":{""""Affected"""":""""No"""",""""Examples"""":[]},""""Sensitive Personal Information"""":{""""Affected"""":""""Yes"""",""""Examples"""":[""""Social Security Number"""",""""Health Insurance Information""""]},""""Customer Records"""":{""""Affected"""":""""No"""",""""Examples"""":[]}}}",BSO,VERIFIED,"EDGAR name: OKTA, INC.",,0,,0.6089,15.882,0.569,17.1685,58.9676,49.4701,2434666.14,2160642.85,-9.4975,16649.0,OKTA,window,1,9.1385,0.4127,-0.0876,-0.3614,2,2,0.0,0,0,1.0,1,0,0,0,,2023-11-07,2023-11-07,4.2744,3.226622,-1.047778,2023.0,21,21,True,7370.0,73,6,0.0,2.0,Q2,2023,-6.869127489039784e-11
1713683,2018-09-01,"Zscaler, Inc.","Zscaler, Inc.",1,HACK,False,0,False,Zscaler experienced a breach where an attacker gained unauthorized access to a limited number of internal systems. No customer data was affected.,2018-10-10 00:00:00,2018-09-01 00:00:00,Internal systems,BSO,VERIFIED,"EDGAR name: ZSCALER, INC.",,0,,5.7903,-9.4939,5.1858,-10.3111,56.5456,60.8271,581653.97,1104989.4,4.2815,17341.0,ZS,window,1,6.1043,0.4635,-0.0751,-0.0978,0,0,39.0,0,0,0.0,0,0,1,1,39.0,2018-09-01,2018-10-10,4.011679,3.312358,-0.6993209999999999,2018.0,21,21,True,7370.0,73,0,39.0,0.0,Q1 (smallest),2018,
1808065,2020-12-29,Aon Corporation PLC,Aon Corporation PLC,1,HACK,False,233,False,"On May 31, 2022, the New Hampshire Attorney General's Office reported a data breach involving Aon Corporation PLC, which may have affected approximately 233 New Hampshire residents. The breach was identified on February 25, 2022, and involved unauthorized access to Aon's systems due to a 'Zero Day' vulnerability. Compromised data included names, driver's license numbers, and Social Security numbers.",2022-05-31 00:00:00,2022-02-26 00:00:00,"{""""Encryption Status"""":""""Unencrypted"""",""""Categories Affected"""":{""""Personal Identifiers"""":{""""Affected"""":""""Yes"""",""""Examples"""":[""""Name"""",""""Driver's license number"""",""""Social Security number""""]},""""Protected Classification Characteristics"""":{""""Affected"""":""""No"""",""""Examples"""":[]},""""Commercial Information"""":{""""Affected"""":""""No"""",""""Examples"""":[]},""""Biometric Information"""":{""""Affected"""":""""No"""",""""Examples"""":[]},""""Internet or Network Activity"""":{""""Affected"""":""""No"""",""""Examples"""":[]},""""Geolocation Data"""":{""""Affected"""":""""No"""",""""Examples"""":[]},""""Sensory Data"""":{""""Affected"""":""""No"""",""""Examples"""":[]},""""Professional or Employment-Related Information"""":{""""Affected"""":""""No"""",""""Examples"""":[]},""""Education Information"""":{""""Affected"""":""""No"""",""""Examples"""":[]},""""Inferences Drawn from Personal Information"""":{""""Affected"""":""""No"""",""""Examples"""":[]},""""Sensitive Personal Information"""":{""""Affected"""":""""Yes"""",""""Examples"""":[""""Driver's license number"""",""""Social Security number"""",""""Benefit enrollment information"""",""""Medical information""""]},""""Customer Records"""":{""""Affected"""":""""No"""",""""Examples"""":[]}}}",BSO,VERIFIED-GATE1,Gate1-B: Ireland redomiciliation entity,,0,,-0.6595,4.4785,-0.7274,4.4577,23.5733,20.6185,610559.66,387763.13,-2.9548,61735.0,AON,window,1,10.2889,0.8827,0.0521,0.2891,0,0,518.0,0,0,0.0,1,0,0,0,,2020-12-29,2022-05-31,2.764097,1.644253,-1.119844,2022.0,21,21,True,6411.0,64,0,518.0,0.0,Q3,2022,-0.41740601214385253
1808065,2022-02-25,Aon PLC,Aon PLC,1,HACK,False,34,False,"The New Hampshire Office of the Attorney General reported a data breach involving Aon PLC on June 13, 2022. The breach was identified on February 25, 2022, and involved unauthorized access to personal data of Danaherâ€™s current and former employees, including Social Security numbers and email addresses. Approximately 34 individuals in New Hampshire were affected.",2022-06-13 00:00:00,2022-02-26 00:00:00,"{""""Encryption Status"""":""""Unencrypted"""",""""Categories Affected"""":{""""Personal Identifiers"""":{""""Affected"""":""""Yes"""",""""Examples"""":[""""Name"""",""""Social Security number"""",""""Email address""""]},""""Protected Classification Characteristics"""":{""""Affected"""":""""No"""",""""Examples"""":[]},""""Commercial Information"""":{""""Affected"""":""""No"""",""""Examples"""":[]},""""Biometric Information"""":{""""Affected"""":""""No"""",""""Examples"""":[]},""""Internet or Network Activity"""":{""""Affected"""":""""No"""",""""Examples"""":[]},""""Geolocation Data"""":{""""Affected"""":""""No"""",""""Examples"""":[]},""""Sensory Data"""":{""""Affected"""":""""No"""",""""Examples"""":[]},""""Professional or Employment-Related Information"""":{""""Affected"""":""""No"""",""""Examples"""":[]},""""Education Information"""":{""""Affected"""":""""No"""",""""Examples"""":[]},""""Inferences Drawn from Personal Information"""":{""""Affected"""":""""No"""",""""Examples"""":[]},""""Sensitive Personal Information"""":{""""Affected"""":""""Yes"""",""""Examples"""":[""""Social Security number""""]},""""Customer Records"""":{""""Affected"""":""""No"""",""""Examples"""":[]}}}",BSO,VERIFIED-GATE1,Gate1-B: Ireland redomiciliation entity,,0,,1.3267,10.9867,1.3796,11.94,30.6938,29.152,382603.45,478426.88,-1.5418,61735.0,AON,window,1,10.3709,0.9637,0.0393,0.3159,1,0,108.0,0,0,0.0,0,0,0,0,,2022-02-25,2022-06-13,2.147261,1.493867,-0.6533939999999998,2022.0,21,21,True,6411.0,64,1,108.0,1.0,Q3,2022,-0.28603205624358274
